file_id,region,condition,candidate_id,fit_scope,seed_source,provenance_status,start_label,optimizer_backend,optimization_config_hash,optimizer_status,optimizer_success,optimizer_cost,optimizer_nfev,gki,eps,gl_a,zth,zs,P_gap_eff,gamma_t_eff,gamma_s_eff,volume_ratio_wa_wo,n_sweeps_scored,n_failures,mean_trace_rmse_mV,mean_trace_objective_loss,mean_weighted_pass_fraction,mean_feature_loss,mean_binary_penalty,objective_trace,objective_feature,objective_binary,objective_prior,objective_hidden,objective_fail,scalar_objective,accepted_by_trace,accepted_by_feature_contract,eligible_by_contract,hybrid_stage,optuna_trial_number,optuna_objective_names,optuna_objective_values,pareto_front,hybrid_parent_trial_number,ensemble_rank,accepted_all6,holdout_mean_rmse_mV,holdout_mean_pass_fraction
3_VH_1_CONTROL,VH,CONTROL,3_VH_1_CONTROL__hybrid_post_003,all6,hybrid_scipy_post,generic_seed,post_trial_296,hybrid,1710e98be83bf964,3,True,7568917.745549451,10,105.9057953188279,8.603226378073835e-05,2.986655977236547e-05,86.89799732197592,0.7101783607057217,7.885460464515124e-07,6.80425455581875e-05,1.770215558745882e-05,0.09977656423922446,6,0,6.069001623400218,2508.8779697057794,0.28571428571428575,0.7142857142857143,0.25,2508.8779697057794,0.7142857142857143,0.25,1.5156276237797852e-06,0.0,0.0,2509.842255420065,True,False,False,scipy_post,,,,,296.0,1,False,5.89377443743098,0.28571428571428575
3_VH_1_CONTROL,VH,CONTROL,3_VH_1_CONTROL__hybrid_optuna_003,all6,hybrid_optuna,generic_seed,trial_296,hybrid,1710e98be83bf964,1,True,1.301468212359669,1,106.25584524716348,8.605801245958502e-05,2.9871158918223547e-05,86.89799732197592,0.7101783607057217,7.890708030279166e-07,6.794523298716073e-05,1.770215558745882e-05,0.09973824746657467,6,0,6.069284965331188,2509.1011653972478,0.28571428571428575,0.7142857142857143,0.25,2509.1011653972478,0.7142857142857143,0.25,845.906581493194,0.0,0.0,2510.0654511115335,True,False,False,optuna_seeded,296.0,"[""scalar""]",[1.301468212359669],False,,2,False,6.069284965331188,0.28571428571428575
3_VH_1_CONTROL,VH,CONTROL,3_VH_1_CONTROL__hybrid_optuna_007,all6,hybrid_optuna,generic_seed,trial_288,hybrid,1710e98be83bf964,1,True,1.3065106347966744,1,96.22405844736592,9.25991070602519e-05,5.2218482546671255e-05,91.4668440442522,0.6763728849327205,5.640738411896837e-07,8.340549692211841e-05,1.9175290543554204e-05,0.08827608687008273,6,0,6.160048569197284,2571.7625607614514,0.28571428571428575,0.7142857142857143,0.25,2571.7625607614514,0.7142857142857143,0.25,935.9006011027099,0.0,0.0,2572.726846475737,True,False,False,optuna_seeded,288.0,"[""scalar""]",[1.3065106347966744],False,,3,False,6.160048569197284,0.28571428571428575
3_VH_1_CONTROL,VH,CONTROL,3_VH_1_CONTROL__hybrid_optuna_008,all6,hybrid_optuna,generic_seed,trial_297,hybrid,1710e98be83bf964,1,True,1.308933144835703,1,88.89510220513482,8.991817580994266e-05,2.522865262586521e-05,93.36092451462046,0.531149484326747,8.128733792278819e-07,6.710580096663135e-05,1.8724395571682163e-05,0.09966296551390237,6,0,6.203653749899801,2586.8885350562873,0.28571428571428575,0.7142857142857143,0.25,2586.8885350562873,0.7142857142857143,0.25,974.9970771789241,0.0,0.0,2587.852820770573,True,False,False,optuna_seeded,297.0,"[""scalar""]",[1.308933144835703],False,,4,False,6.203653749899801,0.28571428571428575
3_VH_1_CONTROL,VH,CONTROL,3_VH_1_CONTROL__hybrid_optuna_009,all6,hybrid_optuna,generic_seed,trial_284,hybrid,1710e98be83bf964,1,True,1.309232457119786,1,105.1978645600323,8.50351392999041e-05,4.5498751037134654e-05,103.15911530723166,1.0511008322214594,1.1731359666195113e-06,5.834771071269552e-05,1.8133897868073928e-05,0.09229432709188239,6,0,6.209041371013291,2577.825028720325,0.28571428571428575,0.7142857142857143,0.25,2577.825028720325,0.7142857142857143,0.25,1187.9198231308976,0.0,0.0,2578.789314434611,True,False,False,optuna_seeded,284.0,"[""scalar""]",[1.309232457119786],False,,5,False,6.209041371013291,0.28571428571428575
3_VH_1_CONTROL,VH,CONTROL,3_VH_1_CONTROL__hybrid_optuna_012,all6,hybrid_optuna,generic_seed,trial_286,hybrid,1710e98be83bf964,1,True,1.3137922707237233,1,101.99485102707888,9.316950682866225e-05,4.4196593311698344e-05,93.08960362735961,0.7460333008776556,7.6001299133933e-07,7.12782278749065e-05,1.8048673395587824e-05,0.09068781277598999,6,0,6.2911180158841615,2641.2058128157514,0.28571428571428575,0.7142857142857143,0.25,2641.2058128157514,0.7142857142857143,0.25,969.0030147312217,0.0,0.0,2642.170098530037,True,False,False,optuna_seeded,286.0,"[""scalar""]",[1.3137922707237233],False,,6,False,6.2911180158841615,0.28571428571428575
3_VH_1_CONTROL,VH,CONTROL,3_VH_1_CONTROL__hybrid_optuna_014,all6,hybrid_optuna,generic_seed,trial_281,hybrid,1710e98be83bf964,1,True,1.3161549272830317,1,126.91913679487494,7.874999343221338e-05,4.16349158074643e-05,99.80798036789703,1.094340838349048,1.4007163516213485e-06,7.527888413880197e-05,2.138041164242305e-05,0.0958200916375115,6,0,6.333645833951718,2623.4009076640195,0.28571428571428575,0.7142857142857143,0.25,2623.4009076640195,0.7142857142857143,0.25,1112.5513246890616,0.0,0.0,2624.3651933783053,True,False,False,optuna_seeded,281.0,"[""scalar""]",[1.3161549272830317],False,,7,False,6.333645833951718,0.28571428571428575
3_VH_1_CONTROL,VH,CONTROL,3_VH_1_CONTROL__hybrid_optuna_015,all6,hybrid_optuna,generic_seed,trial_298,hybrid,1710e98be83bf964,1,True,1.3163983838014082,1,87.14989793477294,9.272223136738395e-05,2.701814789813708e-05,87.88879835354517,0.6513317885371747,8.768967868944497e-07,6.562728233493932e-05,1.7957209353023403e-05,0.10170487416389482,6,0,6.338028051282492,2663.601809831771,0.28571428571428575,0.7142857142857143,0.25,2663.601809831771,0.7142857142857143,0.25,864.9404993924654,0.0,0.0,2664.5660955460567,True,False,False,optuna_seeded,298.0,"[""scalar""]",[1.3163983838014082],False,,8,False,6.338028051282492,0.28571428571428575
3_VH_1_CONTROL,VH,CONTROL,3_VH_1_CONTROL__hybrid_optuna_016,all6,hybrid_optuna,generic_seed,trial_285,hybrid,1710e98be83bf964,1,True,1.3170724958716318,1,98.04874541128672,8.968554418098928e-05,5.581583662622285e-05,91.98653841041221,0.7665402504374463,1.2250394400061578e-06,5.565642300508856e-05,1.982959033114697e-05,0.08902260326197538,6,0,6.350162068546517,2663.599203139985,0.28571428571428575,0.7142857142857143,0.25,2663.599203139985,0.7142857142857143,0.25,945.5998277792138,0.0,0.0,2664.563488854271,True,False,False,optuna_seeded,285.0,"[""scalar""]",[1.3170724958716318],False,,9,False,6.350162068546517,0.28571428571428575
3_VH_1_CONTROL,VH,CONTROL,3_VH_1_CONTROL__hybrid_optuna_017,all6,hybrid_optuna,generic_seed,trial_282,hybrid,1710e98be83bf964,1,True,1.3171448455267933,1,124.69204790602625,7.843621625533522e-05,4.585569107455573e-05,97.8285819254975,0.7115406766160196,1.3522162798989648e-06,7.88877445367568e-05,1.988433301191293e-05,0.1061577299700939,6,0,6.351464362339424,2630.8594784354973,0.28571428571428575,0.7142857142857143,0.25,2630.8594784354973,0.7142857142857143,0.25,1068.7839185893147,0.0,0.0,2631.823764149783,True,False,False,optuna_seeded,282.0,"[""scalar""]",[1.3171448455267933],False,,10,False,6.351464362339424,0.28571428571428575
3_VH_1_CONTROL,VH,CONTROL,3_VH_1_CONTROL__hybrid_optuna_021,all6,hybrid_optuna,generic_seed,trial_291,hybrid,1710e98be83bf964,1,True,1.3211435101964737,1,78.84721041928965,0.00010245002641270457,3.4813908218582155e-05,83.75807198382773,0.692611657646701,5.843534440519974e-07,7.419888887353044e-05,1.9419503976370434e-05,0.06689271345809582,6,0,6.423440326393673,2735.746397052046,0.28571428571428575,0.7142857142857143,0.25,2735.746397052046,0.7142857142857143,0.25,786.6394592542168,0.0,0.0,2736.710682766332,True,False,False,optuna_seeded,291.0,"[""scalar""]",[1.3211435101964737],False,,11,False,6.423440326393673,0.28571428571428575
3_VH_1_CONTROL,VH,CONTROL,3_VH_1_CONTROL__hybrid_optuna_022,all6,hybrid_optuna,generic_seed,trial_289,hybrid,1710e98be83bf964,1,True,1.3238206440092681,1,98.33725799727712,0.00010097060303382031,4.627531023864135e-05,91.66794716815329,0.724410560729139,5.61690746849815e-07,8.81990945605724e-05,2.6291325923239684e-05,0.08190705161689074,6,0,6.471628735023972,2756.159179795964,0.28571428571428575,0.7142857142857143,0.25,2756.159179795964,0.7142857142857143,0.25,940.067732707453,0.0,0.0,2757.12346551025,True,False,False,optuna_seeded,289.0,"[""scalar""]",[1.3238206440092681],False,,12,False,6.471628735023972,0.28571428571428575
3_VH_1_CONTROL,VH,CONTROL,3_VH_1_CONTROL__hybrid_optuna_023,all6,hybrid_optuna,generic_seed,trial_287,hybrid,1710e98be83bf964,1,True,1.324035839078932,1,96.98418439390973,9.654012699636585e-05,4.191299045801397e-05,89.91516238170989,0.7378592420950743,7.682446002274019e-07,7.960325319541378e-05,1.713744916717119e-05,0.0816337154457617,6,0,6.475502246277922,2747.6551482950767,0.28571428571428575,0.7142857142857143,0.25,2747.6551482950767,0.7142857142857143,0.25,904.6952182582337,0.0,0.0,2748.6194340093625,True,False,False,optuna_seeded,287.0,"[""scalar""]",[1.324035839078932],False,,13,False,6.475502246277922,0.28571428571428575
3_VH_1_CONTROL,VH,CONTROL,3_VH_1_CONTROL__hybrid_optuna_053,all6,hybrid_optuna,generic_seed,trial_290,hybrid,1710e98be83bf964,1,True,1.341435456467418,1,98.2606000772708,0.00010352427640952681,4.282641911785034e-05,90.24171150364862,0.4736194148319014,7.488279562555235e-07,9.10330925521535e-05,1.901683769649335e-05,0.08038921193783498,6,0,6.788695359270668,2937.3811166877917,0.28571428571428575,0.7142857142857143,0.25,2937.3811166877917,0.7142857142857143,0.25,910.9139555441337,0.0,0.0,2938.3454024020775,True,False,False,optuna_seeded,290.0,"[""scalar""]",[1.341435456467418],False,,14,False,6.788695359270668,0.28571428571428575
3_VH_1_CONTROL,VH,CONTROL,3_VH_1_CONTROL__hybrid_optuna_088,all6,hybrid_optuna,generic_seed,trial_295,hybrid,1710e98be83bf964,1,True,1.3485452131756677,1,102.11105342244156,9.938050613290391e-05,4.898826268057498e-05,89.26915154241779,0.7693959607839439,1.1062510385997374e-06,9.144510279711486e-05,2.6777145956469192e-05,0.06079927554399604,6,0,6.916670980019162,3001.4206986201566,0.28571428571428575,0.7142857142857143,0.25,3001.4206986201566,0.7142857142857143,0.25,891.4095391927927,0.0,0.0,3002.3849843344424,True,False,False,optuna_seeded,295.0,"[""scalar""]",[1.3485452131756677],False,,15,False,6.916670980019162,0.28571428571428575
3_VH_1_CONTROL,VH,CONTROL,3_VH_1_CONTROL__hybrid_optuna_132,all6,hybrid_optuna,generic_seed,trial_292,hybrid,1710e98be83bf964,1,True,1.3808152768278843,1,80.24708007782267,0.00012017047816714188,3.7848780353235956e-05,86.40396792587504,0.7210135113957614,7.412771792417887e-07,0.00011211613294339771,1.773593506813561e-05,0.06681832234505015,6,0,7.4975321257590615,3401.5595705773953,0.28571428571428575,0.7142857142857143,0.25,3401.5595705773953,0.7142857142857143,0.25,836.1631468293764,0.0,0.0,3402.523856291681,True,False,False,optuna_seeded,292.0,"[""scalar""]",[1.3808152768278843],False,,16,False,7.4975321257590615,0.28571428571428575
3_VH_1_CONTROL,VH,CONTROL,3_VH_1_CONTROL__hybrid_optuna_162,all6,hybrid_optuna,generic_seed,trial_293,hybrid,1710e98be83bf964,1,True,1.418221314362318,1,92.86285935013352,0.00015215221821763766,4.558824141829239e-05,85.68156240300841,0.6040270851516095,5.939330341009117e-07,7.431157131620471e-05,2.4099292869248578e-05,0.09195602072576856,6,0,8.170840801378867,3917.935255612358,0.28571428571428575,0.7142857142857143,0.25,3917.935255612358,0.7142857142857143,0.25,821.7236045975291,0.0,0.0,3918.899541326644,True,False,False,optuna_seeded,293.0,"[""scalar""]",[1.418221314362318],False,,17,False,8.170840801378867,0.28571428571428575
3_VH_1_CONTROL,VH,CONTROL,3_VH_1_CONTROL__hybrid_optuna_288,all6,hybrid_optuna,generic_seed,trial_211,hybrid,1710e98be83bf964,1,True,1.8923875684501428,1,167.5834460894913,0.0029551517468546303,0.00014729405003614386,125.03263923681877,2.646940978716159,6.017047669245557e-06,5.951579856958552e-06,4.2817964349609045e-06,0.32764558855643755,6,0,16.705833374959717,13489.316039781661,0.28571428571428575,0.7142857142857143,0.25,13489.316039781661,0.7142857142857143,0.25,1737.8085362651527,0.0,0.0,13490.280325495947,True,False,False,optuna_seeded,211.0,"[""scalar""]",[1.8923875684501428],False,,18,False,16.705833374959717,0.28571428571428575
3_VH_1_CONTROL,VH,CONTROL,3_VH_1_CONTROL__hybrid_optuna_289,all6,hybrid_optuna,generic_seed,trial_159,hybrid,1710e98be83bf964,1,True,1.903483034988626,1,148.34861868837018,0.07453570389747786,0.00010323002342229336,137.22611968241864,21.88821385299974,5.276686642946509e-06,7.50445614511291e-06,1.377545610068184e-07,0.31712472814549986,6,0,16.905551772652412,13785.625689922063,0.28571428571428575,0.7142857142857143,0.25,13785.625689922063,0.7142857142857143,0.25,2098.9553381001406,0.0,0.0,13786.589975636349,True,False,False,optuna_seeded,159.0,"[""scalar""]",[1.903483034988626],False,,19,False,16.905551772652412,0.28571428571428575
3_VH_1_CONTROL,VH,CONTROL,3_VH_1_CONTROL__hybrid_optuna_039,all6,hybrid_optuna,generic_seed,trial_294,hybrid,1710e98be83bf964,1,True,1.3372932155579478,1,78.67505031775877,0.00011282117876613487,3.486655662836171e-05,92.07536159859174,0.3829360255022197,5.620733243847046e-07,6.598918420164634e-05,4.6153292798604444e-05,0.0865180561400065,6,0,6.713251549452507,2917.6941207967834,0.2856652038560806,0.7143347961439194,0.25,2917.6941207967834,0.7143347961439194,0.25,948.0670444726206,0.0,0.0,2918.658455592927,True,False,False,optuna_seeded,294.0,"[""scalar""]",[1.3372932155579478],False,,20,False,6.713251549452507,0.2856652038560806
3_VH_1_CONTROL,VH,CONTROL,3_VH_1_CONTROL__hybrid_optuna_138,all6,hybrid_optuna,generic_seed,trial_299,hybrid,1710e98be83bf964,1,True,1.3837082616530276,1,86.05485976283228,0.00013719322062975424,2.313584350109118e-05,87.90030911014047,0.5533421674907905,4.842952044412731e-07,6.53408628852908e-05,1.773470495861622e-05,0.09970735227309885,6,0,7.476329553226105,3425.873296877331,0.28164338019286717,0.7183566198071328,0.25,3425.873296877331,0.7183566198071328,0.25,865.5674287582779,0.0,0.0,3426.8416534971384,True,False,False,optuna_seeded,299.0,"[""scalar""]",[1.3837082616530276],False,,21,False,7.476329553226105,0.28164338019286717
3_VH_1_CONTROL,VH,CONTROL,3_VH_1_CONTROL__hybrid_optuna_001,all6,hybrid_optuna,generic_seed,trial_280,hybrid,1710e98be83bf964,1,True,1.2952689263929957,1,91.55242052978909,6.673228205696246e-05,4.672541657304252e-05,103.88894864561661,1.3150590460721467,1.2749828296784217e-06,6.319028289089677e-05,2.7331267728681035e-05,0.10601414900410724,6,0,5.861677929494063,2353.933404402751,0.2803798474677854,0.7196201525322147,0.25,2353.933404402751,0.7196201525322147,0.25,1204.791683286553,0.0,0.0,2354.903024555283,True,False,False,optuna_seeded,280.0,"[""scalar""]",[1.2952689263929957],False,,22,False,5.861677929494063,0.2803798474677854
3_VH_1_CONTROL,VH,CONTROL,3_VH_1_CONTROL__hybrid_optuna_002,all6,hybrid_optuna,generic_seed,trial_279,hybrid,1710e98be83bf964,1,True,1.297385256416328,1,93.85847723552082,6.658170774916684e-05,7.159053396751216e-05,104.05897067357348,1.368335067897187,1.1738958308144825e-06,7.17052331279718e-05,2.748308878829329e-05,0.10870156005987779,6,0,5.895084226326385,2368.954710616527,0.2801194228240268,0.7198805771759732,0.25,2368.954710616527,0.7198805771759732,0.25,1208.3451338742811,0.0,0.0,2369.924591193703,True,False,False,optuna_seeded,279.0,"[""scalar""]",[1.297385256416328],False,,23,False,5.895084226326385,0.2801194228240268
3_VH_1_CONTROL,VH,CONTROL,3_VH_1_CONTROL__hybrid_post_002,all6,hybrid_scipy_post,generic_seed,post_trial_279,hybrid,1710e98be83bf964,3,True,6358664.336051174,10,93.1961846866481,6.551904073720307e-05,7.031811802075232e-05,104.05897067357348,1.368335067897187,1.1994613699323038e-06,6.866759360124464e-05,2.748308878829329e-05,0.1084118728278852,6,0,5.85707082909088,2348.013865398244,0.27830469711808586,0.7216953028819142,0.25,2348.013865398244,0.7216953028819142,0.25,0.0003306231920182396,0.0,0.0,2348.985560701126,True,False,False,scipy_post,,,,,279.0,24,False,5.85707082909088,0.27830469711808586
3_VH_1_CONTROL,VH,CONTROL,3_VH_1_CONTROL__hybrid_optuna_010,all6,hybrid_optuna,generic_seed,trial_278,hybrid,1710e98be83bf964,1,True,1.3102134346086796,1,121.20662291183811,6.404421918363645e-05,7.966834484355726e-05,108.19282913515052,1.4270110882138882,2.384634031970921e-06,3.605591097727915e-05,2.0809033393798628e-05,0.13951486178492087,6,0,5.968614569052414,2397.9565491347416,0.27137626367201007,0.72862373632799,0.25,2397.9565491347416,0.72862373632799,0.25,1304.8813311915858,0.0,0.0,2398.9351728710694,True,False,False,optuna_seeded,278.0,"[""scalar""]",[1.3102134346086796],False,,25,False,5.968614569052414,0.27137626367201007
3_VH_1_CONTROL,VH,CONTROL,3_VH_1_CONTROL__hybrid_optuna_005,all6,hybrid_optuna,generic_seed,trial_263,hybrid,1710e98be83bf964,1,True,1.305080657807117,1,92.39132716249247,6.12147316858515e-05,8.768241307090832e-05,104.79740056090029,1.3555571691053125,1.8831133632356466e-06,4.13214123777519e-05,3.126320014813768e-05,0.13165616096969,6,0,5.815046833842298,2316.0244432737804,0.2679774996285663,0.7320225003714338,0.25,2316.0244432737804,0.7320225003714338,0.25,1224.6867644151416,0.0,0.0,2317.006465774152,True,False,False,optuna_seeded,263.0,"[""scalar""]",[1.305080657807117],False,,26,False,5.815046833842298,0.2679774996285663
3_VH_1_CONTROL,VH,CONTROL,3_VH_1_CONTROL__hybrid_post_001,all6,hybrid_scipy_post,generic_seed,post_trial_280,hybrid,1710e98be83bf964,3,True,5550520.864118971,15,84.09320124087654,6.504456671820803e-05,4.915076572287496e-05,103.88894864561661,1.3150590460721467,1.095858255913071e-06,5.482167909239362e-05,7.667344942202398e-08,0.10448311759339272,6,0,5.606562548111669,2231.403262338892,0.2649035817065592,0.7350964182934409,0.25,2231.403262338892,0.7350964182934409,0.25,3.842649651303373,0.0,0.0,2232.3883587571854,True,False,False,scipy_post,,,,,280.0,27,False,5.606562548111669,0.2649035817065592
3_VH_1_CONTROL,VH,CONTROL,3_VH_1_CONTROL__hybrid_post_005,all6,hybrid_scipy_post,generic_seed,post_trial_263,hybrid,1710e98be83bf964,3,True,6058700.287849741,14,90.9893404406222,5.851374445539801e-05,8.474507322867127e-05,104.79740056090029,1.3555571691053125,1.8793624600054066e-06,4.244529198630157e-05,1.0839269140212014e-08,0.1305809568064601,6,0,5.788663578782383,2296.340181063632,0.2645273031862824,0.7354726968137176,0.25,2296.340181063632,0.7354726968137176,0.25,7.053072502951718,0.0,0.0,2297.3256537604457,True,False,False,scipy_post,,,,,263.0,28,False,5.788663578782383,0.2645273031862824
3_VH_1_CONTROL,VH,CONTROL,3_VH_1_CONTROL__hybrid_optuna_004,all6,hybrid_optuna,generic_seed,trial_260,hybrid,1710e98be83bf964,1,True,1.3030896795947933,1,79.94353430572943,6.400355657791306e-05,8.826092566597913e-05,102.30042807994995,1.461005192792684,2.0990371613315547e-06,2.914093043659381e-05,4.3329402044270785e-05,0.1402616879072662,6,0,5.7081050309573955,2273.158864889345,0.26402726656950654,0.7359727334304935,0.25,2273.158864889345,0.7359727334304935,0.25,1167.1449591178311,0.0,0.0,2274.1448376227754,True,False,False,optuna_seeded,260.0,"[""scalar""]",[1.3030896795947933],False,,29,False,5.7081050309573955,0.26402726656950654
3_VH_1_CONTROL,VH,CONTROL,3_VH_1_CONTROL__hybrid_post_004,all6,hybrid_scipy_post,generic_seed,post_trial_260,hybrid,1710e98be83bf964,3,True,6026557.025218109,8,79.94353430572943,6.400355657791306e-05,8.826092566597913e-05,102.30042807994995,1.461005192792684,2.0990371613315547e-06,2.914093043659381e-05,4.3329402044270785e-05,0.1402616879072662,6,0,5.7081050309573955,2273.158864889345,0.26402726656950654,0.7359727334304935,0.25,2273.158864889345,0.7359727334304935,0.25,0.0,0.0,0.0,2274.1448376227754,True,False,False,scipy_post,,,,,260.0,30,False,5.7081050309573955,0.26402726656950654
3_VH_1_CONTROL,VH,CONTROL,3_VH_1_CONTROL__hybrid_optuna_006,all6,hybrid_optuna,generic_seed,trial_264,hybrid,1710e98be83bf964,1,True,1.3058427600392162,1,90.51381123022271,5.68703894410425e-05,9.750918595254605e-05,93.64140904524378,0.9540394574294386,1.6037365644361498e-06,5.02615173612992e-05,3.6756245679172534e-05,0.12055419197233527,6,0,5.739195784947768,2269.0962934626837,0.2630014502356599,0.7369985497643401,0.25,2269.0962934626837,0.7369985497643401,0.25,979.1136308733738,0.0,0.0,2270.083292012448,True,False,False,optuna_seeded,264.0,"[""scalar""]",[1.3058427600392162],False,,31,False,5.739195784947768,0.2630014502356599
3_VH_1_CONTROL,VH,CONTROL,3_VH_1_CONTROL__hybrid_optuna_019,all6,hybrid_optuna,generic_seed,trial_255,hybrid,1710e98be83bf964,1,True,1.3181701580062835,1,125.15509695751545,6.23581632059027e-05,8.200044459806401e-05,103.38625414155524,1.4433169086879174,1.9468534337525315e-06,3.728741867444693e-05,3.5737738211107606e-05,0.19153929821505047,6,0,5.956193517001392,2386.0312703690925,0.26272948182712713,0.7372705181728728,0.25,2386.0312703690925,0.7372705181728728,0.25,1192.0320712513446,0.0,0.0,2387.0185408872653,True,False,False,optuna_seeded,255.0,"[""scalar""]",[1.3181701580062835],False,,32,False,5.956193517001392,0.26272948182712713
3_VH_1_CONTROL,VH,CONTROL,3_VH_1_CONTROL__hybrid_optuna_153,all6,hybrid_optuna,generic_seed,trial_55,hybrid,1710e98be83bf964,1,True,1.4009079660381432,1,37.32220231011878,2.6277632278012857e-05,0.005437786068212408,23.008820510014775,0.1323509790704183,7.238261617915539e-05,3.931225299985498e-05,0.0001780692933601553,0.08159241638267274,6,0,7.4334704215152385,3084.2970181470114,0.2620626129349258,0.7379373870650744,0.25,3084.2970181470114,0.7379373870650744,0.25,62.868020280611205,0.0,0.0,3085.2849555340763,True,False,False,optuna_seeded,55.0,"[""scalar""]",[1.4009079660381432],False,,33,False,7.4334704215152385,0.2620626129349258
3_VH_1_CONTROL,VH,CONTROL,3_VH_1_CONTROL__hybrid_optuna_018,all6,hybrid_optuna,generic_seed,trial_257,hybrid,1710e98be83bf964,1,True,1.3179926421955377,1,90.51469811841199,6.224616945867164e-05,7.645359243794849e-05,97.19434178280024,0.9115251590924607,1.8021230405037513e-06,3.880250229884658e-05,4.0877922092166763e-05,0.19613624510054659,6,0,5.932582510262275,2373.294112713177,0.2615952750412553,0.7384047249587448,0.25,2373.294112713177,0.7384047249587448,0.25,1054.0480296774444,0.0,0.0,2374.282517438136,True,False,False,optuna_seeded,257.0,"[""scalar""]",[1.3179926421955377],False,,34,False,5.932582510262275,0.2615952750412553
3_VH_1_CONTROL,VH,CONTROL,3_VH_1_CONTROL__hybrid_optuna_178,all6,hybrid_optuna,generic_seed,trial_219,hybrid,1710e98be83bf964,1,True,1.4438582634512762,1,325.3194438287757,0.0001424078285838637,0.00026792348996685755,93.57036543391159,12.988936030708764,1.1015330500247426e-05,4.9322571792425224e-06,2.0415738397273333e-08,0.4529754385263632,6,0,8.186374272281213,3911.07973757376,0.26094030723101336,0.7390596927689868,0.25,3911.07973757376,0.7390596927689868,0.25,984.3418518484091,0.0,0.0,3912.068797266529,True,False,False,optuna_seeded,219.0,"[""scalar""]",[1.4438582634512762],False,,35,False,8.186374272281213,0.26094030723101336
3_VH_1_CONTROL,VH,CONTROL,3_VH_1_CONTROL__hybrid_optuna_143,all6,hybrid_optuna,generic_seed,trial_43,hybrid,1710e98be83bf964,1,True,1.3885782810891867,1,70.11270698383149,1.6020300710205484e-05,0.021752011258174705,9.576695266665826,0.07629586141560449,3.8032844505509615e-05,4.609175711162155e-06,0.0796761692702696,0.3905027646519443,6,0,7.168665674647603,2956.389996017761,0.2596809230579024,0.7403190769420979,0.25,2956.389996017761,0.7403190769420979,0.25,20.77223704124701,0.0,0.0,2957.380315094703,True,False,False,optuna_seeded,43.0,"[""scalar""]",[1.3885782810891867],False,,36,False,7.168665674647603,0.2596809230579024
3_VH_1_CONTROL,VH,CONTROL,3_VH_1_CONTROL__hybrid_optuna_011,all6,hybrid_optuna,generic_seed,trial_256,hybrid,1710e98be83bf964,1,True,1.3121172276400341,1,96.01185434346196,6.115193175651902e-05,8.536184485733207e-05,101.01643608873596,1.3597032156894948,2.039637049188065e-06,2.962759062006261e-05,2.9424049781778565e-05,0.18287832512164587,6,0,5.7699767012236896,2293.388817878091,0.2584370335390598,0.7415629664609403,0.25,2293.388817878091,0.7415629664609403,0.25,1138.2086992105524,0.0,0.0,2294.380380844552,True,False,False,optuna_seeded,256.0,"[""scalar""]",[1.3121172276400341],False,,37,False,5.7699767012236896,0.2584370335390598
3_VH_1_CONTROL,VH,CONTROL,3_VH_1_CONTROL__hybrid_optuna_147,all6,hybrid_optuna,generic_seed,trial_142,hybrid,1710e98be83bf964,1,True,1.3958963595708747,1,205.92459631881567,0.00011855891881588695,0.00022167204587266235,133.82922241543477,37.046394317890545,1.0808838555040995e-05,2.998653474155444e-06,2.691670195455891e-08,0.4963025821231086,6,0,7.225552150389479,3222.5515788603493,0.2555232043396521,0.744476795660348,0.25,3222.5515788603493,0.744476795660348,0.25,2001.0686820873536,0.0,0.0,3223.5460556560097,True,False,False,optuna_seeded,142.0,"[""scalar""]",[1.3958963595708747],False,,38,False,7.225552150389479,0.2555232043396521
3_VH_1_CONTROL,VH,CONTROL,3_VH_1_CONTROL__hybrid_optuna_043,all6,hybrid_optuna,generic_seed,trial_115,hybrid,1710e98be83bf964,1,True,1.3389553504002198,1,420.2589949809419,7.949884338200282e-05,2.9594762919878058e-05,137.28811072020272,3.7657039216909443,3.702397409472903e-06,8.737240762035164e-06,7.75524758361589e-06,0.4533211490509301,6,0,6.152924348082437,2529.445021975656,0.2528737800488043,0.7471262199511957,0.25,2529.445021975656,0.7471262199511957,0.25,2099.167884703583,0.0,0.0,2530.442148195607,True,False,False,optuna_seeded,115.0,"[""scalar""]",[1.3389553504002198],False,,39,False,6.152924348082437,0.2528737800488043
3_VH_1_CONTROL,VH,CONTROL,3_VH_1_CONTROL__hybrid_optuna_073,all6,hybrid_optuna,generic_seed,trial_186,hybrid,1710e98be83bf964,1,True,1.3465226699641728,1,294.42276544526607,9.185124687487732e-05,0.0004028584870063006,127.75523943692949,6.8905691613406335,4.7027415682398856e-06,6.07647197199821e-06,3.167030490095905e-08,0.38698546952902346,6,0,6.281095125500038,2627.517203334357,0.25242705923027375,0.7475729407697264,0.25,2627.517203334357,0.7475729407697264,0.25,1822.5197560748322,0.0,0.0,2628.5147762751267,True,False,False,optuna_seeded,186.0,"[""scalar""]",[1.3465226699641728],False,,40,False,6.281095125500038,0.25242705923027375
3_VH_1_CONTROL,VH,CONTROL,3_VH_1_CONTROL__hybrid_optuna_047,all6,hybrid_optuna,generic_seed,trial_117,hybrid,1710e98be83bf964,1,True,1.3397531344956985,1,412.3688912226816,8.08685689390426e-05,3.224465568461692e-05,137.45077516580022,4.50476190729573,6.018421359535758e-06,5.208547316713951e-06,1.2197793306719068e-05,0.44691270120412574,6,0,6.153903930813436,2533.5305953554985,0.25213041721615886,0.7478695827838412,0.25,2533.5305953554985,0.7478695827838412,0.25,2103.827714414764,0.0,0.0,2534.5284649382825,True,False,False,optuna_seeded,117.0,"[""scalar""]",[1.3397531344956985],False,,41,False,6.153903930813436,0.25213041721615886
3_VH_1_CONTROL,VH,CONTROL,3_VH_1_CONTROL__hybrid_optuna_127,all6,hybrid_optuna,generic_seed,trial_199,hybrid,1710e98be83bf964,1,True,1.376344698756664,1,398.6997196334498,9.316435249390259e-05,4.209663100838642e-05,114.23680995560161,4.910938508749229,6.289176191497587e-06,6.637979205625111e-06,5.118069690244687e-08,0.5338647065733917,6,0,6.799145557615787,2915.484937062835,0.25138560999976844,0.7486143900002317,0.25,2915.484937062835,0.7486143900002317,0.25,1460.4922611172565,0.0,0.0,2916.483551452835,True,False,False,optuna_seeded,199.0,"[""scalar""]",[1.376344698756664],False,,42,False,6.799145557615787,0.25138560999976844
3_VH_1_CONTROL,VH,CONTROL,3_VH_1_CONTROL__hybrid_optuna_118,all6,hybrid_optuna,generic_seed,trial_215,hybrid,1710e98be83bf964,1,True,1.3695885029290769,1,192.71077551871656,8.47398793607502e-05,0.0004003082822653723,79.1021495201017,3.3989864762031767,4.697887493783814e-06,1.029832323067232e-05,7.995322479360296e-08,0.47433406902561825,6,0,6.63126375662225,2798.1345434893174,0.24881503910549252,0.7511849608945075,0.25,2798.1345434893174,0.7511849608945075,0.25,703.949127244877,0.0,0.0,2799.135728450212,True,False,False,optuna_seeded,215.0,"[""scalar""]",[1.3695885029290769],False,,43,False,6.63126375662225,0.24881503910549252
3_VH_1_CONTROL,VH,CONTROL,3_VH_1_CONTROL__hybrid_optuna_032,all6,hybrid_optuna,generic_seed,trial_271,hybrid,1710e98be83bf964,1,True,1.3344195604014948,1,67.8277265700246,5.733141522035393e-05,9.304430805068205e-05,107.37070575712634,1.087698870699371,1.988122306826748e-06,4.427288207722026e-05,3.4960948080361245e-05,0.180611193228696,6,0,5.998058863866317,2392.0439644102767,0.24880593203552284,0.7511940679644772,0.25,2392.0439644102767,0.7511940679644772,0.25,1284.8413324839469,0.0,0.0,2393.0451584782413,True,False,False,optuna_seeded,271.0,"[""scalar""]",[1.3344195604014948],False,,44,False,5.998058863866317,0.24880593203552284
3_VH_1_CONTROL,VH,CONTROL,3_VH_1_CONTROL__hybrid_optuna_020,all6,hybrid_optuna,generic_seed,trial_252,hybrid,1710e98be83bf964,1,True,1.3207445410115937,1,127.08626385521576,5.630820019734045e-05,0.0001381897444395282,103.96457909622629,1.3965285637271931,2.1364210127290946e-06,2.7685679631853877e-05,1.8130875043333604e-05,0.20246881796770558,6,0,5.748842946358021,2271.0839228334335,0.24863562267496317,0.7513643773250368,0.25,2271.0839228334335,0.7513643773250368,0.25,1204.9414115977825,0.0,0.0,2272.0852872107585,True,False,False,optuna_seeded,252.0,"[""scalar""]",[1.3207445410115937],False,,45,False,5.748842946358021,0.24863562267496317
3_VH_1_CONTROL,VH,CONTROL,3_VH_1_CONTROL__hybrid_optuna_026,all6,hybrid_optuna,generic_seed,trial_192,hybrid,1710e98be83bf964,1,True,1.3312628129540074,1,486.31278162934234,6.291132222400691e-05,0.00039665658813933276,115.43477879688614,9.959895189095302,1.2587136062079089e-05,2.9064503383060187e-06,1.705562954929112e-08,0.4322307928478982,6,0,5.931355710564105,2375.4376853295025,0.2482569487439984,0.7517430512560016,0.25,2375.4376853295025,0.7517430512560016,0.25,1492.07471509237,0.0,0.0,2376.4394283807587,True,False,False,optuna_seeded,192.0,"[""scalar""]",[1.3312628129540074],False,,46,False,5.931355710564105,0.2482569487439984
3_VH_1_CONTROL,VH,CONTROL,3_VH_1_CONTROL__hybrid_optuna_074,all6,hybrid_optuna,generic_seed,trial_185,hybrid,1710e98be83bf964,1,True,1.346589851103725,1,200.15485507899322,7.173162554387951e-05,0.0009397780355072113,140.72461811073805,24.47631000343999,7.890392316127093e-06,4.477052409793401e-06,1.6296985922078977e-08,0.5447804184694052,6,0,6.201949916311759,2532.2070041978263,0.24796292202470607,0.752037077975294,0.25,2532.2070041978263,0.752037077975294,0.25,2210.896075938828,0.0,0.0,2533.2090412758016,True,False,False,optuna_seeded,185.0,"[""scalar""]",[1.346589851103725],False,,47,False,6.201949916311759,0.24796292202470607
3_VH_1_CONTROL,VH,CONTROL,3_VH_1_CONTROL__hybrid_optuna_121,all6,hybrid_optuna,generic_seed,trial_193,hybrid,1710e98be83bf964,1,True,1.3703506119105722,1,377.0443707962298,8.334222908828293e-05,0.0004104806640621754,116.63686770423135,8.892260184077395,1.3033242015811519e-05,3.5724879935807432e-06,1.8236034499442654e-08,0.49877621691028834,6,0,6.614056385290836,2785.443420277237,0.24709696505002973,0.7529030349499704,0.25,2785.443420277237,0.7529030349499704,0.25,1522.1474455956277,0.0,0.0,2786.446323312187,True,False,False,optuna_seeded,193.0,"[""scalar""]",[1.3703506119105722],False,,48,False,6.614056385290836,0.24709696505002973
3_VH_1_CONTROL,VH,CONTROL,3_VH_1_CONTROL__hybrid_optuna_145,all6,hybrid_optuna,generic_seed,trial_73,hybrid,1710e98be83bf964,1,True,1.3925607883637339,1,113.03479104340069,1.3788564901741477e-05,0.01707705298247186,15.614460258872533,0.04014270960856798,1.4313476159216235e-05,9.324673583522498e-06,5.949292492246509e-06,0.30052560227497005,6,0,7.012600769756173,2870.1701939354934,0.24702814328938685,0.7529718567106132,0.25,2870.1701939354934,0.7529718567106132,0.25,32.843791257818275,0.0,0.0,2871.173165792204,True,False,False,optuna_seeded,73.0,"[""scalar""]",[1.3925607883637339],False,,49,False,7.012600769756173,0.24702814328938685
3_VH_1_CONTROL,VH,CONTROL,3_VH_1_CONTROL__hybrid_optuna_157,all6,hybrid_optuna,generic_seed,trial_163,hybrid,1710e98be83bf964,1,True,1.4087551914927465,1,206.40854222419574,0.00011321076287187762,0.0015802397244138791,131.53823165686723,28.073910596476132,9.101604677924324e-06,4.501814791163603e-06,2.67504048631474e-08,0.5658303540651847,6,0,7.303871776167288,3260.791651716776,0.24701546273876937,0.7529845372612307,0.25,3260.791651716776,0.7529845372612307,0.25,1931.9073946987025,0.0,0.0,3261.7946362540374,True,False,False,optuna_seeded,163.0,"[""scalar""]",[1.4087551914927465],False,,50,False,7.303871776167288,0.24701546273876937
3_VH_1_CONTROL,VH,CONTROL,3_VH_1_CONTROL__hybrid_optuna_025,all6,hybrid_optuna,generic_seed,trial_242,hybrid,1710e98be83bf964,1,True,1.3303159632149038,1,129.50336698830824,5.4093915365104866e-05,0.0001284779478624807,106.38743947537145,2.3942799441833986,3.0603490389729816e-06,2.0179723583682925e-05,1.6923352249389014e-05,0.24840812882667124,6,0,5.891965155071034,2333.18678254479,0.2470154342890426,0.7529845657109574,0.25,2333.18678254479,0.7529845657109574,0.25,1261.6841338702013,0.0,0.0,2334.1897671105007,True,False,False,optuna_seeded,242.0,"[""scalar""]",[1.3303159632149038],False,,51,False,5.891965155071034,0.2470154342890426
3_VH_1_CONTROL,VH,CONTROL,3_VH_1_CONTROL__hybrid_optuna_163,all6,hybrid_optuna,generic_seed,trial_206,hybrid,1710e98be83bf964,1,True,1.4198809263989125,1,341.7293172068807,0.00011974779882260297,2.3283178138735253e-05,128.98375560932269,15.163920210523477,1.0365584692786168e-05,3.848177142248246e-06,3.9845415439954717e-08,0.5978703136433791,6,0,7.503910021611827,3403.9915460695343,0.24700296369063346,0.7529970363093667,0.25,3403.9915460695343,0.7529970363093667,0.25,1860.4218987533775,0.0,0.0,3404.9945431058436,True,False,False,optuna_seeded,206.0,"[""scalar""]",[1.4198809263989125],False,,52,False,7.503910021611827,0.24700296369063346
3_VH_1_CONTROL,VH,CONTROL,3_VH_1_CONTROL__hybrid_optuna_108,all6,hybrid_optuna,generic_seed,trial_208,hybrid,1710e98be83bf964,1,True,1.3576025670085756,1,254.70849750766,7.460175648466302e-05,5.181119969756514e-05,117.51165170169855,22.802975241654053,1.7501053610663327e-05,3.2389956872084374e-06,2.7894674345156464e-08,0.3729196437203174,6,0,6.377544118165349,2630.2401105766025,0.24670543955616597,0.7532945604438342,0.25,2630.2401105766025,0.7532945604438342,0.25,1547.1900914273174,0.0,0.0,2631.2434051370465,True,False,False,optuna_seeded,208.0,"[""scalar""]",[1.3576025670085756],False,,53,False,6.377544118165349,0.24670543955616597
3_VH_1_CONTROL,VH,CONTROL,3_VH_1_CONTROL__hybrid_optuna_034,all6,hybrid_optuna,generic_seed,trial_126,hybrid,1710e98be83bf964,1,True,1.3367148113141958,1,323.524893823782,7.480827043707544e-05,0.00010287655451871825,140.14214780719615,5.379787981063444,7.158886252569879e-06,4.282563691516595e-06,6.876299634190195e-06,0.4452571471892259,6,0,5.996567697298135,2437.8438735250793,0.24642783853570063,0.7535721614642995,0.25,2437.8438735250793,0.7535721614642995,0.25,2185.7754063867096,0.0,0.0,2438.847445686544,True,False,False,optuna_seeded,126.0,"[""scalar""]",[1.3367148113141958],False,,54,False,5.996567697298135,0.24642783853570063
3_VH_1_CONTROL,VH,CONTROL,3_VH_1_CONTROL__hybrid_optuna_028,all6,hybrid_optuna,generic_seed,trial_237,hybrid,1710e98be83bf964,1,True,1.3319965540709013,1,147.5990962513717,5.390249857618239e-05,0.00010021470804950598,112.09013830845898,1.6025031725190877,2.9593141644674753e-06,1.7152745842878738e-05,5.720995554775968e-06,0.3256101525496292,6,0,5.911249288131606,2341.9234320783285,0.2464061841586325,0.7535938158413676,0.25,2341.9234320783285,0.7535938158413676,0.25,1400.2360582638808,0.0,0.0,2342.9270258941697,True,False,False,optuna_seeded,237.0,"[""scalar""]",[1.3319965540709013],False,,55,False,5.911249288131606,0.2464061841586325
3_VH_1_CONTROL,VH,CONTROL,3_VH_1_CONTROL__hybrid_optuna_114,all6,hybrid_optuna,generic_seed,trial_123,hybrid,1710e98be83bf964,1,True,1.3632609275862049,1,339.4113880891476,7.781189343144951e-05,3.3160378619881704e-05,140.96952033219657,3.598305797558052,7.0556032844386575e-06,4.950860841479764e-06,1.0037999885320712e-05,0.6635672971934287,6,0,6.469977126067621,2692.874213991605,0.2461822460842185,0.7538177539157815,0.25,2692.874213991605,0.7538177539157815,0.25,2212.1444075134027,0.0,0.0,2693.8780317455207,True,False,False,optuna_seeded,123.0,"[""scalar""]",[1.3632609275862049],False,,56,False,6.469977126067621,0.2461822460842185
3_VH_1_CONTROL,VH,CONTROL,3_VH_1_CONTROL__hybrid_optuna_061,all6,hybrid_optuna,generic_seed,trial_239,hybrid,1710e98be83bf964,1,True,1.3433134634319028,1,163.2414334042489,5.7478610443460084e-05,0.00010041165930230272,109.73610643082628,2.3852737809916658,3.927477124147264e-06,1.633217246216276e-05,1.0345734282271947e-05,0.30751119881228933,6,0,6.102746802179493,2447.1310608127064,0.24572802557806891,0.7542719744219312,0.25,2447.1310608127064,0.7542719744219312,0.25,1342.1252637688492,0.0,0.0,2448.1353327871284,True,False,False,optuna_seeded,239.0,"[""scalar""]",[1.3433134634319028],False,,57,False,6.102746802179493,0.24572802557806891
3_VH_1_CONTROL,VH,CONTROL,3_VH_1_CONTROL__hybrid_optuna_065,all6,hybrid_optuna,generic_seed,trial_116,hybrid,1710e98be83bf964,1,True,1.3444659217666743,1,407.51505780015117,8.444974805937736e-05,2.560981922890456e-05,135.54392530468317,4.097003743924133,5.489920040258492e-06,4.947099103288832e-06,7.368486458062694e-06,0.4447678624063725,6,0,6.12138482853607,2526.325248010375,0.2456110131519962,0.7543889868480038,0.25,2526.325248010375,0.7543889868480038,0.25,2046.5250817446167,0.0,0.0,2527.329636997223,True,False,False,optuna_seeded,116.0,"[""scalar""]",[1.3444659217666743],False,,58,False,6.12138482853607,0.2456110131519962
3_VH_1_CONTROL,VH,CONTROL,3_VH_1_CONTROL__hybrid_optuna_042,all6,hybrid_optuna,generic_seed,trial_240,hybrid,1710e98be83bf964,1,True,1.338387779748833,1,155.98677484399843,5.343745454881975e-05,0.00011835640139237187,110.62770597974762,1.6874496244042174,3.513295894573509e-06,1.882705994481264e-05,1.3713866329943753e-05,0.27043938284011304,6,0,6.004422246379703,2387.2307331216675,0.24519123393892817,0.754808766061072,0.25,2387.2307331216675,0.754808766061072,0.25,1363.5362306823727,0.0,0.0,2388.2355418877287,True,False,False,optuna_seeded,240.0,"[""scalar""]",[1.338387779748833],False,,59,False,6.004422246379703,0.24519123393892817
3_VH_1_CONTROL,VH,CONTROL,3_VH_1_CONTROL__hybrid_optuna_013,all6,hybrid_optuna,generic_seed,trial_259,hybrid,1710e98be83bf964,1,True,1.3142040644978579,1,89.98366483385087,6.073907251182683e-05,8.59071943608966e-05,102.30012968639653,1.3534402839689963,2.0482754378811164e-06,2.6044011814338604e-05,4.41679071209674e-05,0.14603349732831833,6,0,5.56871067742852,2201.1954675530465,0.24516875091483767,0.7548312490851624,0.25,2201.1954675530465,0.7548312490851624,0.25,1167.1896576746956,0.0,0.0,2202.200298802132,True,False,False,optuna_seeded,259.0,"[""scalar""]",[1.3142040644978579],False,,60,False,5.56871067742852,0.24516875091483767
3_VH_1_CONTROL,VH,CONTROL,3_VH_1_CONTROL__hybrid_optuna_049,all6,hybrid_optuna,generic_seed,trial_236,hybrid,1710e98be83bf964,1,True,1.3402884165473619,1,157.52080171655203,5.317811867596568e-05,8.430124259485079e-05,114.29861271859258,2.5410267272350566,3.3907605279170786e-06,1.7974254918297796e-05,5.437601666567034e-06,0.31196950515096633,6,0,6.035574722017458,2402.1183206843657,0.24502129023138583,0.7549787097686141,0.25,2402.1183206843657,0.7549787097686141,0.25,1456.2134769724819,0.0,0.0,2403.1232993941344,True,False,False,optuna_seeded,236.0,"[""scalar""]",[1.3402884165473619],False,,61,False,6.035574722017458,0.24502129023138583
3_VH_1_CONTROL,VH,CONTROL,3_VH_1_CONTROL__hybrid_optuna_083,all6,hybrid_optuna,generic_seed,trial_200,hybrid,1710e98be83bf964,1,True,1.3480598089636489,1,134.16172202255618,7.40933186055569e-05,0.0003097702272463736,121.64433739820316,30.933568521176483,1.048552994756311e-05,3.5722620399613296e-06,1.720634522694831e-08,0.4731451360976793,6,0,6.170583118923841,2517.2838869458833,0.24475036430989797,0.7552496356901021,0.25,2517.2838869458833,0.7552496356901021,0.25,1656.2967200166393,0.0,0.0,2518.2891365815735,True,False,False,optuna_seeded,200.0,"[""scalar""]",[1.3480598089636489],False,,62,False,6.170583118923841,0.24475036430989797
3_VH_1_CONTROL,VH,CONTROL,3_VH_1_CONTROL__hybrid_optuna_030,all6,hybrid_optuna,generic_seed,trial_149,hybrid,1710e98be83bf964,1,True,1.3329911196633288,1,167.79744943204005,5.144214515955912e-05,0.0004112292631173057,120.58282979909296,9.346756011423183,7.601355105791302e-06,4.250839405000364e-06,7.92451205231617e-08,0.5347939547062933,6,0,5.889021003441095,2323.347299875752,0.24417671386117637,0.7558232861388237,0.25,2323.347299875752,0.7558232861388237,0.25,1624.0067257193875,0.0,0.0,2324.353123161891,True,False,False,optuna_seeded,149.0,"[""scalar""]",[1.3329911196633288],False,,63,False,5.889021003441095,0.24417671386117637
3_VH_1_CONTROL,VH,CONTROL,3_VH_1_CONTROL__hybrid_optuna_040,all6,hybrid_optuna,generic_seed,trial_154,hybrid,1710e98be83bf964,1,True,1.3377291189460694,1,250.3684093749934,3.3643032586646614e-05,0.00039896498138468085,108.38946766072593,9.654589441308207,5.801558533346959e-06,7.310896858109518e-06,7.863594085216589e-08,0.36377295332468074,6,0,5.966319778221238,2322.2383406866898,0.24373309095511062,0.7562669090448896,0.25,2322.2383406866898,0.7562669090448896,0.25,1315.0986169278083,0.0,0.0,2323.2446075957346,True,False,False,optuna_seeded,154.0,"[""scalar""]",[1.3377291189460694],False,,64,False,5.966319778221238,0.24373309095511062
3_VH_1_CONTROL,VH,CONTROL,3_VH_1_CONTROL__hybrid_optuna_093,all6,hybrid_optuna,generic_seed,trial_272,hybrid,1710e98be83bf964,1,True,1.3492781143465096,1,95.38970476015557,6.112441790386668e-05,7.822995583846504e-05,103.50197444874304,1.1245495257396592,1.8582175783849207e-06,5.4937534291583984e-05,3.3076409071788514e-05,0.1834226447115874,6,0,6.163826088723174,2486.1524739961583,0.24315666836033353,0.7568433316396667,0.25,2486.1524739961583,0.7568433316396667,0.25,1194.6250222472895,0.0,0.0,2487.159317327798,True,False,False,optuna_seeded,272.0,"[""scalar""]",[1.3492781143465096],False,,65,False,6.163826088723174,0.24315666836033353
3_VH_1_CONTROL,VH,CONTROL,3_VH_1_CONTROL__hybrid_optuna_029,all6,hybrid_optuna,generic_seed,trial_250,hybrid,1710e98be83bf964,1,True,1.3322234633734165,1,134.36336237159043,4.964841291484238e-05,0.000120985465404093,106.6954325864176,1.5682293352141772,2.7033065480164223e-06,2.590282295542242e-05,9.23905413135242e-06,0.2007062628494825,6,0,5.836018081504773,2295.5867471892325,0.2419997633768487,0.7580002366231513,0.25,2295.5867471892325,0.7580002366231513,0.25,1269.1724886351694,0.0,0.0,2296.5947474258555,True,False,False,optuna_seeded,250.0,"[""scalar""]",[1.3322234633734165],False,,66,False,5.836018081504773,0.2419997633768487
3_VH_1_CONTROL,VH,CONTROL,3_VH_1_CONTROL__hybrid_optuna_050,all6,hybrid_optuna,generic_seed,trial_204,hybrid,1710e98be83bf964,1,True,1.3403403286334243,1,200.46879883531844,7.339979619699388e-05,0.00012136081064606859,124.8145552746759,10.628593927507941,8.981605619445983e-06,3.336858888906907e-06,4.818503536413964e-06,0.470404266159997,6,0,5.9761138673311445,2421.2068302156326,0.2416659973294171,0.7583340026705829,0.25,2421.2068302156326,0.7583340026705829,0.25,1735.822009608903,0.0,0.0,2422.215164218303,True,False,False,optuna_seeded,204.0,"[""scalar""]",[1.3403403286334243],False,,67,False,5.9761138673311445,0.2416659973294171
3_VH_1_CONTROL,VH,CONTROL,3_VH_1_CONTROL__hybrid_optuna_035,all6,hybrid_optuna,generic_seed,trial_222,hybrid,1710e98be83bf964,1,True,1.3367554130377524,1,126.82573263391241,4.701427753386318e-05,0.000131256763980656,115.67330795388686,2.5064561963771452,5.948193898276277e-06,8.021747213417007e-06,3.9397952526197055e-06,0.3563302440615208,6,0,5.909927510388754,2322.731771016993,0.2415738930949561,0.758426106905044,0.25,2322.731771016993,0.758426106905044,0.25,1490.8533179900385,0.0,0.0,2323.7401971238983,True,False,False,optuna_seeded,222.0,"[""scalar""]",[1.3367554130377524],False,,68,False,5.909927510388754,0.2415738930949561
3_VH_1_CONTROL,VH,CONTROL,3_VH_1_CONTROL__hybrid_optuna_112,all6,hybrid_optuna,generic_seed,trial_175,hybrid,1710e98be83bf964,1,True,1.362854359920084,1,213.99594165714709,6.704178139654203e-05,4.079736224834601e-05,110.70787377094356,6.205259108265761,7.232388981579976e-06,8.219875782889769e-06,5.3020500246212825e-08,0.4044954771454112,6,0,6.363825439465043,2608.366838645669,0.24069149782797397,0.7593085021720262,0.25,2608.366838645669,0.7593085021720262,0.25,1372.6792828858681,0.0,0.0,2609.376147147841,True,False,False,optuna_seeded,175.0,"[""scalar""]",[1.362854359920084],False,,69,False,6.363825439465043,0.24069149782797397
3_VH_1_CONTROL,VH,CONTROL,3_VH_1_CONTROL__hybrid_optuna_124,all6,hybrid_optuna,generic_seed,trial_124,hybrid,1710e98be83bf964,1,True,1.373946994090632,1,340.3652776750216,7.458681162241422e-05,6.160544344130976e-05,141.94620175024411,5.200483864175461,6.51660891330884e-06,5.9561838265884425e-06,7.4915445773133145e-06,0.703161683691756,6,0,6.559209164305482,2735.522649253932,0.2404535150374505,0.7595464849625496,0.25,2735.522649253932,0.7595464849625496,0.25,2242.5689310022226,0.0,0.0,2736.532195738894,True,False,False,optuna_seeded,124.0,"[""scalar""]",[1.373946994090632],False,,70,False,6.559209164305482,0.2404535150374505
3_VH_1_CONTROL,VH,CONTROL,3_VH_1_CONTROL__hybrid_optuna_076,all6,hybrid_optuna,generic_seed,trial_144,hybrid,1710e98be83bf964,1,True,1.3466725131276693,1,173.1350439416274,5.385841854081324e-05,0.00014385039997297008,132.42487254488984,30.595460249402773,1.8897339717652418e-05,2.1524148367524786e-06,2.0424097790164564e-08,0.5143530264978343,6,0,6.065136660413685,2411.6480936448934,0.24027952356197987,0.7597204764380203,0.25,2411.6480936448934,0.7597204764380203,0.25,1960.9141864844614,0.0,0.0,2412.6578141213313,True,False,False,optuna_seeded,144.0,"[""scalar""]",[1.3466725131276693],False,,71,False,6.065136660413685,0.24027952356197987
3_VH_1_CONTROL,VH,CONTROL,3_VH_1_CONTROL__hybrid_optuna_123,all6,hybrid_optuna,generic_seed,trial_220,hybrid,1710e98be83bf964,1,True,1.373898390674214,1,214.94170035464347,7.583283774881605e-05,0.00017747273544652928,127.3452757398473,8.260322101937435,4.157942325359707e-06,1.5704053613640658e-05,8.398247290783221e-06,0.38492150821201593,6,0,6.550671170720328,2732.660103709941,0.24002778547691525,0.7599722145230848,0.25,2732.660103709941,0.7599722145230848,0.25,1805.6690917972169,0.0,0.0,2733.670075924464,True,False,False,optuna_seeded,220.0,"[""scalar""]",[1.373898390674214],False,,72,False,6.550671170720328,0.24002778547691525
3_VH_1_CONTROL,VH,CONTROL,3_VH_1_CONTROL__hybrid_optuna_037,all6,hybrid_optuna,generic_seed,trial_141,hybrid,1710e98be83bf964,1,True,1.3371461628183174,1,211.45168396830044,6.451111068788072e-05,0.00018904841566956115,135.72333299961528,10.966885631172447,1.2044619852053252e-05,2.7235009986714094e-06,3.29802745086884e-08,0.45772346845788375,6,0,5.884991550547233,2352.8856800354456,0.23979781221208443,0.7602021877879156,0.25,2352.8856800354456,0.7602021877879156,0.25,2056.549032759328,0.0,0.0,2353.8958822232335,True,False,False,optuna_seeded,141.0,"[""scalar""]",[1.3371461628183174],False,,73,False,5.884991550547233,0.23979781221208443
3_VH_1_CONTROL,VH,CONTROL,3_VH_1_CONTROL__hybrid_optuna_041,all6,hybrid_optuna,generic_seed,trial_243,hybrid,1710e98be83bf964,1,True,1.3382117191731382,1,109.05206849736915,4.676198769895328e-05,9.300452480973783e-05,111.31745068824864,1.7790621353909382,3.061565101540348e-06,1.9974609257235397e-05,2.015096689136885e-05,0.26071842812616297,6,0,5.890553393266512,2313.732512828113,0.23904124711944585,0.7609587528805543,0.25,2313.732512828113,0.7609587528805543,0.25,1380.8655615695943,0.0,0.0,2314.7434715809936,True,False,False,optuna_seeded,243.0,"[""scalar""]",[1.3382117191731382],False,,74,False,5.890553393266512,0.23904124711944585
3_VH_1_CONTROL,VH,CONTROL,3_VH_1_CONTROL__hybrid_optuna_299,all6,hybrid_optuna,generic_seed,trial_15,hybrid,1710e98be83bf964,1,True,2.6557808299355528,1,195.56537907646907,0.0020018553612478522,0.0004501387563637606,147.92993704079947,0.004861583378306444,2.04030273159038e-06,0.00029112945610531725,3.962682247242651e-06,0.052997631169739656,6,0,18.611943874467105,19362.361244494732,0.23809523809523814,0.761904761904762,0.3333333333333333,19362.361244494732,0.761904761904762,0.3333333333333333,2431.3483901391455,0.0,0.0,19363.45648258997,False,False,False,optuna_seeded,15.0,"[""scalar""]",[2.6557808299355528],False,,75,False,18.611943874467105,0.23809523809523814
3_VH_1_CONTROL,VH,CONTROL,3_VH_1_CONTROL__hybrid_optuna_188,all6,hybrid_optuna,generic_seed,trial_121,hybrid,1710e98be83bf964,1,True,1.4563753699634936,1,273.52028899162207,0.00015294146410095065,7.560681223584371e-05,136.9955848788187,7.986030256832681,1.6517905922424776e-06,1.1963466830413822e-05,3.336796198520863e-05,0.5223049079406707,6,0,7.986605938459505,3792.4686474064433,0.2373249599509234,0.7626750400490767,0.25,3792.4686474064433,0.7626750400490767,0.25,2089.1768806576156,0.0,0.0,3793.4813224464924,True,False,False,optuna_seeded,121.0,"[""scalar""]",[1.4563753699634936],False,,76,False,7.986605938459505,0.2373249599509234
3_VH_1_CONTROL,VH,CONTROL,3_VH_1_CONTROL__hybrid_optuna_290,all6,hybrid_optuna,generic_seed,trial_194,hybrid,1710e98be83bf964,1,True,1.905134285042188,1,466.71275035316216,0.005226296919050776,0.0005526736541662362,111.96058154383944,13.447089619205133,1.149082875002233e-05,1.7100204506900538e-06,2.4810628063206436e-08,0.38978985166460894,6,0,16.060545049192452,12391.045579425532,0.2371182176907262,0.7628817823092738,0.25,12391.045579425532,0.7628817823092738,0.25,1401.47308694133,0.0,0.0,12392.058461207842,True,False,False,optuna_seeded,194.0,"[""scalar""]",[1.905134285042188],False,,77,False,16.060545049192452,0.2371182176907262
3_VH_1_CONTROL,VH,CONTROL,3_VH_1_CONTROL__hybrid_optuna_045,all6,hybrid_optuna,generic_seed,trial_127,hybrid,1710e98be83bf964,1,True,1.3392955818381602,1,244.48729083155683,7.173158246919963e-05,3.534397997818556e-05,141.21501026560688,5.471802533204885,6.834800463362271e-06,4.00535397302504e-06,6.732926036884124e-06,0.47190678683348014,6,0,5.874694461987954,2369.2716333019653,0.23707633271672604,0.7629236672832741,0.25,2369.2716333019653,0.7629236672832741,0.25,2220.4855866760286,0.0,0.0,2370.2845569692486,True,False,False,optuna_seeded,127.0,"[""scalar""]",[1.3392955818381602],False,,78,False,5.874694461987954,0.23707633271672604
3_VH_1_CONTROL,VH,CONTROL,3_VH_1_CONTROL__hybrid_optuna_036,all6,hybrid_optuna,generic_seed,trial_213,hybrid,1710e98be83bf964,1,True,1.3370142635084805,1,159.50150318957856,7.047155503241552e-05,0.0003659566409618003,96.12532548973114,3.180699761926625,5.157772176854606e-06,5.743946064116305e-06,5.30156014551951e-06,0.4148667566175246,6,0,5.827698918100704,2342.8801223179994,0.2367467874971141,0.763253212502886,0.25,2342.8801223179994,0.763253212502886,0.25,1030.6245492880603,0.0,0.0,2343.8933755305025,True,False,False,optuna_seeded,213.0,"[""scalar""]",[1.3370142635084805],False,,79,False,5.827698918100704,0.2367467874971141
3_VH_1_CONTROL,VH,CONTROL,3_VH_1_CONTROL__hybrid_optuna_137,all6,hybrid_optuna,generic_seed,trial_167,hybrid,1710e98be83bf964,1,True,1.3836232017878505,1,140.91389604110327,8.302448562663791e-05,0.00020215757082818405,121.45912632311332,5.785280851346315,1.4133531940640904e-05,5.4060727022093434e-06,9.701644137002711e-08,0.31627500759530497,6,0,6.6491472409292305,2796.8207773835147,0.23577386715266235,0.7642261328473378,0.25,2796.8207773835147,0.7642261328473378,0.25,1646.4027613438645,0.0,0.0,2797.835003516362,True,False,False,optuna_seeded,167.0,"[""scalar""]",[1.3836232017878505],False,,80,False,6.6491472409292305,0.23577386715266235
3_VH_1_CONTROL,VH,CONTROL,3_VH_1_CONTROL__hybrid_optuna_033,all6,hybrid_optuna,generic_seed,trial_158,hybrid,1710e98be83bf964,1,True,1.334564758955512,1,145.1279020860541,5.070598153867884e-05,0.0023133559847041477,136.0836758290296,30.28182619767318,5.473467188164206e-06,8.097277822606975e-06,1.0373306683724079e-07,0.3155383311738767,6,0,5.760752717617109,2261.017903913001,0.2354770586898829,0.7645229413101172,0.25,2261.017903913001,0.7645229413101172,0.25,2065.677394048215,0.0,0.0,2262.0324268543113,True,False,False,optuna_seeded,158.0,"[""scalar""]",[1.334564758955512],False,,81,False,5.760752717617109,0.2354770586898829
3_VH_1_CONTROL,VH,CONTROL,3_VH_1_CONTROL__hybrid_optuna_102,all6,hybrid_optuna,generic_seed,trial_225,hybrid,1710e98be83bf964,1,True,1.354095836894111,1,197.69065897030973,9.07888788629338e-05,3.92830544751409e-05,114.83895842083398,27.082708181045074,6.876016316437616e-06,3.5305960012518533e-06,3.1457833457632466e-06,0.37346620428091,6,0,6.108670891533017,2534.308513372751,0.23527476819105672,0.7647252318089434,0.25,2534.308513372751,0.7647252318089434,0.25,1473.3106180459974,0.0,0.0,2535.3232386045597,True,False,False,optuna_seeded,225.0,"[""scalar""]",[1.354095836894111],False,,82,False,6.108670891533017,0.23527476819105672
3_VH_1_CONTROL,VH,CONTROL,3_VH_1_CONTROL__hybrid_optuna_106,all6,hybrid_optuna,generic_seed,trial_241,hybrid,1710e98be83bf964,1,True,1.3565178997616265,1,160.5944930570663,5.146341528914205e-05,9.842186327770197e-05,109.03190293246907,1.6738675851877236,3.723669180820562e-06,2.0295306722360456e-05,1.1899932415626945e-05,0.2877557912525153,6,0,6.14833797539728,2456.3130715048023,0.23505643220488906,0.7649435677951111,0.25,2456.3130715048023,0.7649435677951111,0.25,1324.868989986288,0.0,0.0,2457.3280150725973,True,False,False,optuna_seeded,241.0,"[""scalar""]",[1.3565178997616265],False,,83,False,6.14833797539728,0.23505643220488906
3_VH_1_CONTROL,VH,CONTROL,3_VH_1_CONTROL__hybrid_optuna_155,all6,hybrid_optuna,generic_seed,trial_184,hybrid,1710e98be83bf964,1,True,1.4032475141005418,1,373.2624281313992,0.00012433394133086863,0.0007482817265975262,128.7586740953468,21.254603312884395,5.337179625831487e-06,3.5773577772032404e-06,1.540390705344515e-08,0.3171595748131749,6,0,6.987294966093259,3099.344954934972,0.23493553957130597,0.7650644604286941,0.25,3099.344954934972,0.7650644604286941,0.25,1853.3375896865768,0.0,0.0,3100.3600193954007,True,False,False,optuna_seeded,184.0,"[""scalar""]",[1.4032475141005418],False,,84,False,6.987294966093259,0.23493553957130597
3_VH_1_CONTROL,VH,CONTROL,3_VH_1_CONTROL__hybrid_optuna_066,all6,hybrid_optuna,generic_seed,trial_79,hybrid,1710e98be83bf964,1,True,1.3445641794877092,1,348.1671649753874,8.668828214267814e-05,3.8435807865223455e-05,21.611884411855335,0.025493961345735776,1.0620954657333888e-06,2.846792261912485e-05,1.9721592069323202e-06,0.24855612426378207,6,0,5.92581579621491,2434.7132124686805,0.23464780919089687,0.7653521908091032,0.25,2434.7132124686805,0.7653521908091032,0.25,61.38237159721635,0.0,0.0,2435.7285646594896,True,False,False,optuna_seeded,79.0,"[""scalar""]",[1.3445641794877092],False,,85,False,5.92581579621491,0.23464780919089687
3_VH_1_CONTROL,VH,CONTROL,3_VH_1_CONTROL__hybrid_optuna_044,all6,hybrid_optuna,generic_seed,trial_188,hybrid,1710e98be83bf964,1,True,1.3390804745618516,1,155.22595193327984,6.599284953093273e-05,0.00020285929824543042,99.50375885690941,17.101833474246327,1.0690403235657188e-05,2.9972481764627355e-06,1.4322120899891422e-08,0.421502653084474,6,0,5.821613777270631,2324.6345584129485,0.2343425130642944,0.7656574869357057,0.25,2324.6345584129485,0.7656574869357057,0.25,1113.3960989816987,0.0,0.0,2325.650215899884,True,False,False,optuna_seeded,188.0,"[""scalar""]",[1.3390804745618516],False,,86,False,5.821613777270631,0.2343425130642944
3_VH_1_CONTROL,VH,CONTROL,3_VH_1_CONTROL__hybrid_optuna_128,all6,hybrid_optuna,generic_seed,trial_230,hybrid,1710e98be83bf964,1,True,1.3771028142245287,1,378.3997100674927,7.169154942350353e-05,0.00010540986532863022,107.87908622709513,4.298234676940618,1.469305789559564e-05,5.067992109050802e-06,9.173216624212083e-06,0.34035011706597357,6,0,6.503433996159452,2696.650010376838,0.2341990744509964,0.7658009255490037,0.25,2696.650010376838,0.7658009255490037,0.25,1297.472345663943,0.0,0.0,2697.6658113023873,True,False,False,optuna_seeded,230.0,"[""scalar""]",[1.3771028142245287],False,,87,False,6.503433996159452,0.2341990744509964
3_VH_1_CONTROL,VH,CONTROL,3_VH_1_CONTROL__hybrid_optuna_048,all6,hybrid_optuna,generic_seed,trial_183,hybrid,1710e98be83bf964,1,True,1.3402671903736822,1,209.3279103794045,7.054902036773376e-05,0.0008417861142286215,125.14833650550057,23.72464007274395,8.729934177488789e-06,3.183669119565467e-06,1.5423492498217146e-08,0.4515415742671577,6,0,5.832316103048814,2344.380118688451,0.23375037090680736,0.7662496290931927,0.25,2344.380118688451,0.7662496290931927,0.25,1751.7443667720404,0.0,0.0,2345.3963683175443,True,False,False,optuna_seeded,183.0,"[""scalar""]",[1.3402671903736822],False,,88,False,5.832316103048814,0.23375037090680736
3_VH_1_CONTROL,VH,CONTROL,3_VH_1_CONTROL__hybrid_optuna_146,all6,hybrid_optuna,generic_seed,trial_283,hybrid,1710e98be83bf964,1,True,1.3938938473478726,1,123.91582976751056,8.311877031221752e-05,4.705247690718889e-05,100.77343533031754,0.8537991940824885,1.4495638982731867e-06,0.00014316824955727282,2.4120662077417074e-05,0.10770341305713681,6,0,6.782778667860096,2876.9405958304947,0.23292718975546603,0.767072810244534,0.25,2876.9405958304947,0.767072810244534,0.25,1133.6863949158244,0.0,0.0,2877.957668640739,True,False,False,optuna_seeded,283.0,"[""scalar""]",[1.3938938473478726],False,,89,False,6.782778667860096,0.23292718975546603
3_VH_1_CONTROL,VH,CONTROL,3_VH_1_CONTROL__hybrid_optuna_027,all6,hybrid_optuna,generic_seed,trial_232,hybrid,1710e98be83bf964,1,True,1.3315264025330937,1,188.4672626030583,5.734568290410541e-05,0.0001375529324864731,120.96072867526141,2.9118005753924887,3.902440769918955e-06,9.854651829058546e-06,6.1459233966069055e-06,0.30106091273261576,6,0,5.652057271218632,2228.6117773587175,0.23247677920127466,0.7675232207987254,0.25,2228.6117773587175,0.7675232207987254,0.25,1629.622587654389,0.0,0.0,2229.6293005795164,True,False,False,optuna_seeded,232.0,"[""scalar""]",[1.3315264025330937],False,,90,False,5.652057271218632,0.23247677920127466
3_VH_1_CONTROL,VH,CONTROL,3_VH_1_CONTROL__hybrid_optuna_031,all6,hybrid_optuna,generic_seed,trial_248,hybrid,1710e98be83bf964,1,True,1.3338492737317476,1,133.7376330093081,5.058244199451692e-05,0.00011549946128789387,106.78437858091883,1.8063965650408633,2.1327496145267483e-06,2.1698140106766122e-05,6.654873163632451e-06,0.2729164536592391,6,0,5.691933409321487,2229.418464968498,0.23236924900833503,0.767630750991665,0.25,2229.418464968498,0.767630750991665,0.25,1271.6580375532587,0.0,0.0,2230.43609571949,True,False,False,optuna_seeded,248.0,"[""scalar""]",[1.3338492737317476],False,,91,False,5.691933409321487,0.23236924900833503
3_VH_1_CONTROL,VH,CONTROL,3_VH_1_CONTROL__hybrid_optuna_105,all6,hybrid_optuna,generic_seed,trial_251,hybrid,1710e98be83bf964,1,True,1.3555673218393733,1,112.88667905143147,4.951315976881442e-05,0.00010338140590571044,106.73398142728018,1.596053432587575,2.566916181143679e-06,3.552873406005522e-05,9.407778869155572e-06,0.20858374962620316,6,0,6.061664582833512,2406.0495879490336,0.23119182165137733,0.7688081783486228,0.25,2406.0495879490336,0.7688081783486228,0.25,1270.2313485757497,0.0,0.0,2407.068396127382,True,False,False,optuna_seeded,251.0,"[""scalar""]",[1.3555673218393733],False,,92,False,6.061664582833512,0.23119182165137733
3_VH_1_CONTROL,VH,CONTROL,3_VH_1_CONTROL__hybrid_optuna_129,all6,hybrid_optuna,generic_seed,trial_216,hybrid,1710e98be83bf964,1,True,1.378130269672172,1,406.2229912811711,6.444713888495792e-05,0.0006590893489729271,137.52225575331505,7.2929968279248545,9.941289348611899e-06,6.845468155155049e-06,6.62899157489474e-06,0.4008058183205357,6,0,6.446034514473003,2649.381334490098,0.2299827589096615,0.7700172410903385,0.25,2649.381334490098,0.7700172410903385,0.25,2103.831186101332,0.0,0.0,2650.4013517311887,True,False,False,optuna_seeded,216.0,"[""scalar""]",[1.378130269672172],False,,93,False,6.446034514473003,0.2299827589096615
3_VH_1_CONTROL,VH,CONTROL,3_VH_1_CONTROL__hybrid_optuna_234,all6,hybrid_optuna,generic_seed,trial_96,hybrid,1710e98be83bf964,1,True,1.6410469736323245,1,413.5842879190898,0.0003119714687854993,0.00012366426378067967,17.077312668472253,2.7062082525365887,2.9601400717623616e-07,7.98237512903554e-05,8.429580095347055e-06,0.7517759464364315,6,0,11.168672192424983,6621.060735887059,0.22943481483573017,0.77056518516427,0.25,6621.060735887059,0.77056518516427,0.25,41.807889103292275,0.0,0.0,6622.081301072223,True,False,False,optuna_seeded,96.0,"[""scalar""]",[1.6410469736323245],False,,94,False,11.168672192424983,0.22943481483573017
3_VH_1_CONTROL,VH,CONTROL,3_VH_1_CONTROL__hybrid_optuna_063,all6,hybrid_optuna,generic_seed,trial_182,hybrid,1710e98be83bf964,1,True,1.343433405298246,1,194.275614086522,6.85187633814806e-05,0.0003833504608909969,127.51153643372541,24.766352064092544,8.929065857964495e-06,2.7923941805694753e-06,1.5609860905864723e-08,0.5239241920026676,6,0,5.805205103605274,2325.3088815835004,0.2290779893464915,0.7709220106535085,0.25,2325.3088815835004,0.7709220106535085,0.25,1818.5523527674554,0.0,0.0,2326.329803594154,True,False,False,optuna_seeded,182.0,"[""scalar""]",[1.343433405298246],False,,95,False,5.805205103605274,0.2290779893464915
3_VH_1_CONTROL,VH,CONTROL,3_VH_1_CONTROL__hybrid_optuna_056,all6,hybrid_optuna,generic_seed,trial_169,hybrid,1710e98be83bf964,1,True,1.341969517093223,1,248.7245420492969,4.0259323553237556e-05,0.0003002711044185952,149.7432561113051,4.193982107583855,4.80574404752942e-06,9.144147823926833e-06,2.1442201452883217e-08,0.30718441564867427,6,0,5.773610658578619,2243.8035082225556,0.22878663060558901,0.771213369394411,0.25,2243.8035082225556,0.771213369394411,0.25,2500.6728262383112,0.0,0.0,2244.82472159195,True,False,False,optuna_seeded,169.0,"[""scalar""]",[1.341969517093223],False,,96,False,5.773610658578619,0.22878663060558901
3_VH_1_CONTROL,VH,CONTROL,3_VH_1_CONTROL__hybrid_optuna_060,all6,hybrid_optuna,generic_seed,trial_258,hybrid,1710e98be83bf964,1,True,1.3430130581907342,1,106.17747405596828,4.327364167879566e-05,6.652536231971492e-05,99.23942491591312,0.9829324144263686,1.629583764753537e-06,4.0653829805583e-05,9.138108517644147e-05,0.1989777283581101,6,0,5.783590449442525,2254.2324736442,0.22829752233385045,0.7717024776661496,0.25,2254.2324736442,0.7717024776661496,0.25,1099.319887867627,0.0,0.0,2255.2541761218663,True,False,False,optuna_seeded,258.0,"[""scalar""]",[1.3430130581907342],False,,97,False,5.783590449442525,0.22829752233385045
3_VH_1_CONTROL,VH,CONTROL,3_VH_1_CONTROL__hybrid_optuna_046,all6,hybrid_optuna,generic_seed,trial_136,hybrid,1710e98be83bf964,1,True,1.3394493710548512,1,203.650510043788,6.06962640777121e-05,0.0005625438888352996,121.06857751556404,29.47053017231692,1.0306887799571574e-05,2.838847830657367e-06,1.1346269838780258e-08,0.4401292163248678,6,0,5.7104160596448486,2260.6634958206632,0.2277959655920849,0.7722040344079151,0.25,2260.6634958206632,0.7722040344079151,0.25,1641.5764227885438,0.0,0.0,2261.685699855071,True,False,False,optuna_seeded,136.0,"[""scalar""]",[1.3394493710548512],False,,98,False,5.7104160596448486,0.2277959655920849
3_VH_1_CONTROL,VH,CONTROL,3_VH_1_CONTROL__hybrid_optuna_024,all6,hybrid_optuna,generic_seed,trial_253,hybrid,1710e98be83bf964,1,True,1.3264034251127896,1,127.93307707480656,6.195929140567615e-05,8.253350025907337e-05,102.84563031387147,1.4596471753755489,1.7825010372708796e-06,2.4612987716500607e-05,2.2206625612916422e-05,0.1517080448724842,6,0,5.4635308649519345,2158.525412503159,0.2271260673845401,0.77287393261546,0.25,2158.525412503159,0.77287393261546,0.25,1179.9652268655443,0.0,0.0,2159.548286435774,True,False,False,optuna_seeded,253.0,"[""scalar""]",[1.3264034251127896],False,,99,False,5.4635308649519345,0.2271260673845401
3_VH_1_CONTROL,VH,CONTROL,3_VH_1_CONTROL__hybrid_optuna_159,all6,hybrid_optuna,generic_seed,trial_53,hybrid,1710e98be83bf964,1,True,1.4142488359619179,1,83.26099597744403,2.8124260955282137e-05,0.10306350565421048,40.2803056354523,0.07018358402916329,0.00011875568630627738,2.897601831234303e-06,7.445148856778098e-05,0.22324729682768504,6,0,7.038443775419245,2861.501503406238,0.22677581822804016,0.77322418177196,0.25,2861.501503406238,0.77322418177196,0.25,184.0050659202783,0.0,0.0,2862.52472758801,True,False,False,optuna_seeded,53.0,"[""scalar""]",[1.4142488359619179],False,,100,False,7.038443775419245,0.22677581822804016
3_VH_1_CONTROL,VH,CONTROL,3_VH_1_CONTROL__hybrid_optuna_126,all6,hybrid_optuna,generic_seed,trial_203,hybrid,1710e98be83bf964,1,True,1.3752740523955027,1,172.59924561062059,4.300033182352933e-05,0.00024199109820004133,142.93079885640563,12.12856972174273,1.4319983336082663e-05,4.977765406705977e-06,2.2864746841170462e-08,0.3918550067585566,6,0,6.331269554058914,2531.4902652858436,0.2264631450522149,0.7735368549477851,0.25,2531.4902652858436,0.7735368549477851,0.25,2280.0026831045693,0.0,0.0,2532.5138021407915,True,False,False,optuna_seeded,203.0,"[""scalar""]",[1.3752740523955027],False,,101,False,6.331269554058914,0.2264631450522149
3_VH_1_CONTROL,VH,CONTROL,3_VH_1_CONTROL__hybrid_optuna_125,all6,hybrid_optuna,generic_seed,trial_106,hybrid,1710e98be83bf964,1,True,1.3750949160354848,1,437.62726365003635,8.84572104659712e-05,2.912548668070564e-05,145.1181617893568,1.9679913802142597,3.4989756866283996e-07,9.383170703362956e-05,3.2830788681333988e-06,0.6431495250388669,6,0,6.31108717366541,2606.008217605831,0.22552103805703796,0.7744789619429621,0.25,2606.008217605831,0.7744789619429621,0.25,2346.5567410588274,0.0,0.0,2607.0326965677737,True,False,False,optuna_seeded,106.0,"[""scalar""]",[1.3750949160354848],False,,102,False,6.31108717366541,0.22552103805703796
3_VH_1_CONTROL,VH,CONTROL,3_VH_1_CONTROL__hybrid_optuna_142,all6,hybrid_optuna,generic_seed,trial_105,hybrid,1710e98be83bf964,1,True,1.3881115430689226,1,432.18005911207274,9.51390045212055e-05,3.127576896681635e-05,133.7356143711468,1.6913379693694586,4.320677163763573e-07,6.553444698830687e-05,3.6613906653459534e-06,0.8078987569893579,6,0,6.53032493583807,2743.683125709145,0.22468428669985915,0.775315713300141,0.25,2743.683125709145,0.775315713300141,0.25,1993.6619256183642,0.0,0.0,2744.708441422445,True,False,False,optuna_seeded,105.0,"[""scalar""]",[1.3881115430689226],False,,103,False,6.53032493583807,0.22468428669985915
3_VH_1_CONTROL,VH,CONTROL,3_VH_1_CONTROL__hybrid_optuna_057,all6,hybrid_optuna,generic_seed,trial_265,hybrid,1710e98be83bf964,1,True,1.3420107734383582,1,86.35571732346475,4.3707678492918926e-05,8.869685190683042e-05,95.3018134596972,0.9019660963711361,1.644737180740824e-06,5.038301053911292e-05,3.831762356354608e-05,0.11797192234783738,6,0,5.676075003563374,2206.580249286665,0.223326726759607,0.776673273240393,0.25,2206.580249286665,0.776673273240393,0.25,1014.2464122568961,0.0,0.0,2207.6069225599053,True,False,False,optuna_seeded,265.0,"[""scalar""]",[1.3420107734383582],False,,104,False,5.676075003563374,0.223326726759607
3_VH_1_CONTROL,VH,CONTROL,3_VH_1_CONTROL__hybrid_optuna_064,all6,hybrid_optuna,generic_seed,trial_244,hybrid,1710e98be83bf964,1,True,1.3435973120454385,1,121.52785781007246,4.361798900869919e-05,0.00012332522368333485,111.85393937756407,1.5305630799173624,1.9867037291726366e-06,2.443468564107263e-05,1.91416215888548e-05,0.25743192667278686,6,0,5.700887127546349,2216.589813541291,0.2231186394849142,0.7768813605150858,0.25,2216.589813541291,0.7768813605150858,0.25,1394.205816267557,0.0,0.0,2217.616694901806,True,False,False,optuna_seeded,244.0,"[""scalar""]",[1.3435973120454385],False,,105,False,5.700887127546349,0.2231186394849142
3_VH_1_CONTROL,VH,CONTROL,3_VH_1_CONTROL__hybrid_optuna_144,all6,hybrid_optuna,generic_seed,trial_223,hybrid,1710e98be83bf964,1,True,1.389438717180568,1,122.62887632802273,6.992135061338671e-05,0.00024039810072528265,112.03073826437269,3.8092660661567934,8.072161216712848e-06,8.243790053266868e-06,5.284255889740554e-06,0.42681434927673123,6,0,6.523486593028802,2700.0014708498607,0.22297720465436544,0.7770227953456347,0.25,2700.0014708498607,0.7770227953456347,0.25,1397.8216328015785,0.0,0.0,2701.0284936452063,True,False,False,optuna_seeded,223.0,"[""scalar""]",[1.389438717180568],False,,106,False,6.523486593028802,0.22297720465436544
3_VH_1_CONTROL,VH,CONTROL,3_VH_1_CONTROL__hybrid_optuna_139,all6,hybrid_optuna,generic_seed,trial_156,hybrid,1710e98be83bf964,1,True,1.3839231863288295,1,295.45236604312964,3.956773838679076e-05,0.00042190057473265124,134.9989999488557,16.081950885441742,1.2617078822122875e-05,6.396445774870152e-06,2.0028403546874397e-08,0.3768035866123265,6,0,6.423310717018073,2578.906006103627,0.22292740906106334,0.7770725909389368,0.25,2578.906006103627,0.7770725909389368,0.25,2035.8397809871194,0.0,0.0,2579.933078694566,True,False,False,optuna_seeded,156.0,"[""scalar""]",[1.3839231863288295],False,,107,False,6.423310717018073,0.22292740906106334
3_VH_1_CONTROL,VH,CONTROL,3_VH_1_CONTROL__hybrid_optuna_164,all6,hybrid_optuna,generic_seed,trial_44,hybrid,1710e98be83bf964,1,True,1.4209947795463516,1,52.27082828245348,1.7657421322828273e-05,0.0221819469891095,7.786840593066037,0.07082772431004725,9.778641817013838e-05,3.265180660994295e-06,0.05434130151395603,0.21261647700697744,6,0,7.087322750093956,2868.083567087569,0.22274537323664598,0.7772546267633541,0.25,2868.083567087569,0.7772546267633541,0.25,16.919041888771215,0.0,0.0,2869.1108217143324,True,False,False,optuna_seeded,44.0,"[""scalar""]",[1.4209947795463516],False,,108,False,7.087322750093956,0.22274537323664598
3_VH_1_CONTROL,VH,CONTROL,3_VH_1_CONTROL__hybrid_optuna_078,all6,hybrid_optuna,generic_seed,trial_238,hybrid,1710e98be83bf964,1,True,1.3467882860349427,1,141.41542130805988,3.9737840275754036e-05,7.867629120648123e-05,114.14845363268192,2.9412441155819735,2.5725496720490573e-06,1.596404885275176e-05,4.289388140600094e-06,0.3159509344788326,6,0,5.739282859279501,2225.6568845597953,0.22206076170280745,0.7779392382971926,0.25,2225.6568845597953,0.7779392382971926,0.25,1453.3001518758801,0.0,0.0,2226.6848237980926,True,False,False,optuna_seeded,238.0,"[""scalar""]",[1.3467882860349427],False,,109,False,5.739282859279501,0.22206076170280745
3_VH_1_CONTROL,VH,CONTROL,3_VH_1_CONTROL__hybrid_optuna_052,all6,hybrid_optuna,generic_seed,trial_231,hybrid,1710e98be83bf964,1,True,1.341388034910386,1,148.09663167543778,5.084851299665147e-05,0.00011241442336299353,122.72311692393698,2.131669114506865,5.8952460651747815e-06,6.11250024011558e-06,5.881328065033842e-06,0.33514454444604325,6,0,5.628377102517537,2199.6447786782687,0.221299581896144,0.7787004181038562,0.25,2199.6447786782687,0.7787004181038562,0.25,1677.1227791478625,0.0,0.0,2200.6734790963724,True,False,False,optuna_seeded,231.0,"[""scalar""]",[1.341388034910386],False,,110,False,5.628377102517537,0.221299581896144
3_VH_1_CONTROL,VH,CONTROL,3_VH_1_CONTROL__hybrid_optuna_062,all6,hybrid_optuna,generic_seed,trial_133,hybrid,1710e98be83bf964,1,True,1.3433299511881827,1,218.67431117227937,5.9569514715310025e-05,0.00023293730636316748,127.77723004526167,31.219365202325626,1.0415497457031606e-05,2.6373248277548454e-06,1.4088516810230788e-08,0.43179005408263643,6,0,5.6323344525804915,2222.0881079664637,0.2195775183996224,0.7804224816003776,0.25,2222.0881079664637,0.7804224816003776,0.25,1827.1757176539004,0.0,0.0,2223.118530448064,True,False,False,optuna_seeded,133.0,"[""scalar""]",[1.3433299511881827],False,,111,False,5.6323344525804915,0.2195775183996224
3_VH_1_CONTROL,VH,CONTROL,3_VH_1_CONTROL__hybrid_optuna_130,all6,hybrid_optuna,generic_seed,trial_189,hybrid,1710e98be83bf964,1,True,1.3799931133070185,1,114.50667541340714,4.68612257602449e-05,0.0012145288740761857,90.82031676952124,18.408438390829055,1.0203434001567127e-05,7.610365468229767e-06,1.4660869018718824e-08,0.34223636479736586,6,0,6.280374372798982,2511.555991860831,0.21891657407070272,0.7810834259292974,0.25,2511.555991860831,0.7810834259292974,0.25,929.0120757280552,0.0,0.0,2512.5870752867604,True,False,False,optuna_seeded,189.0,"[""scalar""]",[1.3799931133070185],False,,112,False,6.280374372798982,0.21891657407070272
3_VH_1_CONTROL,VH,CONTROL,3_VH_1_CONTROL__hybrid_optuna_059,all6,hybrid_optuna,generic_seed,trial_166,hybrid,1710e98be83bf964,1,True,1.3428019185276985,1,203.85844867532856,5.546836060675031e-05,0.0001845471482335687,121.17574800304753,40.07228247349528,1.410910894531847e-05,2.6041433091754955e-06,2.027129798814524e-08,0.30623471680945985,6,0,5.607517905599766,2199.1698750447335,0.21872685400562197,0.7812731459943781,0.25,2199.1698750447335,0.7812731459943781,0.25,1644.779804863935,0.0,0.0,2200.201148190728,True,False,False,optuna_seeded,166.0,"[""scalar""]",[1.3428019185276985],False,,113,False,5.607517905599766,0.21872685400562197
3_VH_1_CONTROL,VH,CONTROL,3_VH_1_CONTROL__hybrid_optuna_068,all6,hybrid_optuna,generic_seed,trial_130,hybrid,1710e98be83bf964,1,True,1.3446616277134393,1,202.93178985215792,6.4012142759249e-05,0.00021722907275554791,128.88089612042432,10.111841808824785,8.8022743300232e-06,2.959331529343279e-06,1.1706833273278119e-08,0.42916973770321926,6,0,5.638694123284892,2236.6240539707314,0.2185991569134991,0.781400843086501,0.25,2236.6240539707314,0.781400843086501,0.25,1857.4589152486042,0.0,0.0,2237.655454813818,True,False,False,optuna_seeded,130.0,"[""scalar""]",[1.3446616277134393],False,,114,False,5.638694123284892,0.2185991569134991
3_VH_1_CONTROL,VH,CONTROL,3_VH_1_CONTROL__hybrid_optuna_103,all6,hybrid_optuna,generic_seed,trial_245,hybrid,1710e98be83bf964,1,True,1.3554460586867012,1,100.89728813737166,3.574072649270489e-05,8.238490463776857e-05,105.36738220031381,1.989954059176429,2.9010111130242266e-06,2.004479947243484e-05,1.5025865192822453e-05,0.21965986828814535,6,0,5.828858355718524,2258.9121939232086,0.21837940551988347,0.7816205944801166,0.25,2258.9121939232086,0.7816205944801166,0.25,1238.601801671507,0.0,0.0,2259.9438145176887,True,False,False,optuna_seeded,245.0,"[""scalar""]",[1.3554460586867012],False,,115,False,5.828858355718524,0.21837940551988347
3_VH_1_CONTROL,VH,CONTROL,3_VH_1_CONTROL__hybrid_optuna_148,all6,hybrid_optuna,generic_seed,trial_76,hybrid,1710e98be83bf964,1,True,1.3959959057158007,1,103.61850374783529,2.4531753302003403e-05,4.7765793698327033e-05,22.613169465775297,0.13953752358102145,1.4238199743168449e-05,8.297041001603304e-06,5.102318449271656e-06,0.24329186079885792,6,0,6.556478723341385,2614.1880322019265,0.21825291224760968,0.7817470877523904,0.25,2614.1880322019265,0.7817470877523904,0.25,64.88610187158712,0.0,0.0,2615.219779289679,True,False,False,optuna_seeded,76.0,"[""scalar""]",[1.3959959057158007],False,,116,False,6.556478723341385,0.21825291224760968
3_VH_1_CONTROL,VH,CONTROL,3_VH_1_CONTROL__hybrid_optuna_131,all6,hybrid_optuna,generic_seed,trial_80,hybrid,1710e98be83bf964,1,True,1.3803398252947536,1,375.63701104778727,9.862187549257209e-05,1.0587802278887535e-05,30.090395326957548,0.3305599044167089,5.525454883693912e-07,3.2299406674609295e-05,2.122730928218237e-05,0.6377296538812874,6,0,6.269850974982305,2628.769498179021,0.21798522887092983,0.7820147711290703,0.25,2628.769498179021,0.7820147711290703,0.25,110.95986613639535,0.0,0.0,2629.80151295015,True,False,False,optuna_seeded,80.0,"[""scalar""]",[1.3803398252947536],False,,117,False,6.269850974982305,0.21798522887092983
3_VH_1_CONTROL,VH,CONTROL,3_VH_1_CONTROL__hybrid_optuna_151,all6,hybrid_optuna,generic_seed,trial_107,hybrid,1710e98be83bf964,1,True,1.399084109869499,1,426.41957553221675,9.072478964788778e-05,2.629802151092934e-05,146.01522443830729,1.685940354087164,4.045099792981531e-07,0.00010671157744664224,6.115107121166506e-07,0.6857542677801788,6,0,6.594425240702731,2760.9541582026795,0.2172728479473194,0.7827271520526807,0.25,2760.9541582026795,0.7827271520526807,0.25,2376.783818419377,0.0,0.0,2761.9868853547323,True,False,False,optuna_seeded,107.0,"[""scalar""]",[1.399084109869499],False,,118,False,6.594425240702731,0.2172728479473194
3_VH_1_CONTROL,VH,CONTROL,3_VH_1_CONTROL__hybrid_optuna_173,all6,hybrid_optuna,generic_seed,trial_41,hybrid,1710e98be83bf964,1,True,1.4358700179758874,1,69.99356070848033,1.0441301138990077e-05,0.022875265715055805,20.488419948655277,0.15662094863838213,2.8323044491994727e-05,5.677303940179966e-06,0.08101314488799906,0.5008364540315249,6,0,7.244775180344045,3002.8641430593075,0.21661749204322608,0.783382507956774,0.25,3002.8641430593075,0.783382507956774,0.25,57.456754390668344,0.0,0.0,3003.8975255672644,True,False,False,optuna_seeded,41.0,"[""scalar""]",[1.4358700179758874],False,,119,False,7.244775180344045,0.21661749204322608
3_VH_1_CONTROL,VH,CONTROL,3_VH_1_CONTROL__hybrid_optuna_134,all6,hybrid_optuna,generic_seed,trial_95,hybrid,1710e98be83bf964,1,True,1.3817554763601343,1,416.71591695896063,9.226162704806091e-05,0.00010700324181012469,21.853172249767432,0.0302102090761068,3.107240686232051e-07,8.934528168036349e-05,1.2857441464126007e-05,0.7037660827202553,6,0,6.265008291462515,2587.9136513692815,0.2163005398322276,0.7836994601677726,0.25,2587.9136513692815,0.7836994601677726,0.25,61.55933398500061,0.0,0.0,2588.947350829449,True,False,False,optuna_seeded,95.0,"[""scalar""]",[1.3817554763601343],False,,120,False,6.265008291462515,0.2163005398322276
3_VH_1_CONTROL,VH,CONTROL,3_VH_1_CONTROL__hybrid_optuna_140,all6,hybrid_optuna,generic_seed,trial_165,hybrid,1710e98be83bf964,1,True,1.3863865372976731,1,298.09397812314234,4.684395804280261e-05,0.000670223766067449,138.62753684696406,47.384371975091376,2.2738386058693916e-05,3.60535049013776e-06,6.62232338342007e-08,0.34767573452767153,6,0,6.3438500425927975,2548.2648741210955,0.21604957617970447,0.7839504238202957,0.25,2548.2648741210955,0.7839504238202957,0.25,2145.052462499664,0.0,0.0,2549.298824544916,True,False,False,optuna_seeded,165.0,"[""scalar""]",[1.3863865372976731],False,,121,False,6.3438500425927975,0.21604957617970447
3_VH_1_CONTROL,VH,CONTROL,3_VH_1_CONTROL__hybrid_optuna_067,all6,hybrid_optuna,generic_seed,trial_132,hybrid,1710e98be83bf964,1,True,1.3445931066341679,1,210.1558387132194,5.8378903632152296e-05,0.00021052692087492912,134.5135953956113,23.95633249619013,1.0053788569538112e-05,2.6613865288006684e-06,2.1859528234155942e-08,0.42362089477483916,6,0,5.585843443605346,2197.888866476063,0.21573152912168456,0.7842684708783155,0.25,2197.888866476063,0.7842684708783155,0.25,2022.1345098292259,0.0,0.0,2198.9231349469414,True,False,False,optuna_seeded,132.0,"[""scalar""]",[1.3445931066341679],False,,122,False,5.585843443605346,0.21573152912168456
3_VH_1_CONTROL,VH,CONTROL,3_VH_1_CONTROL__hybrid_optuna_175,all6,hybrid_optuna,generic_seed,trial_209,hybrid,1710e98be83bf964,1,True,1.4365051975271697,1,198.89191055905263,9.828206648981824e-05,0.0005194928459992583,133.3589184918053,47.76030161932957,8.525651538023056e-06,8.554076811744348e-06,1.3872429115586125e-08,0.4756220389429632,6,0,7.226510744060188,3181.8785550229863,0.2149676215872852,0.785032378412715,0.25,3181.8785550229863,0.785032378412715,0.25,1987.9389645944736,0.0,0.0,3182.913587401399,True,False,False,optuna_seeded,209.0,"[""scalar""]",[1.4365051975271697],False,,123,False,7.226510744060188,0.2149676215872852
3_VH_1_CONTROL,VH,CONTROL,3_VH_1_CONTROL__hybrid_optuna_055,all6,hybrid_optuna,generic_seed,trial_233,hybrid,1710e98be83bf964,1,True,1.3419429666180474,1,174.68925394846173,5.356079752014068e-05,0.00014111108484706958,120.29940997022268,2.6673537054909344,3.4744413520346862e-06,9.89547568064987e-06,5.579803667093331e-06,0.293769479381413,6,0,5.51641701917735,2157.7262678059574,0.21452464555847203,0.785475354441528,0.25,2157.7262678059574,0.785475354441528,0.25,1612.0213477965838,0.0,0.0,2158.761743160399,True,False,False,optuna_seeded,233.0,"[""scalar""]",[1.3419429666180474],False,,124,False,5.51641701917735,0.21452464555847203
3_VH_1_CONTROL,VH,CONTROL,3_VH_1_CONTROL__hybrid_optuna_071,all6,hybrid_optuna,generic_seed,trial_129,hybrid,1710e98be83bf964,1,True,1.3456968993294212,1,220.95167949091555,6.394136914328167e-05,0.00021274074876478786,144.6978116325085,6.617959911267902,8.273094791413746e-06,2.8589610310989274e-06,2.254221098156387e-06,0.44411462473009217,6,0,5.583044370329635,2211.6066747928926,0.21447223235555854,0.7855277676444415,0.25,2211.6066747928926,0.7855277676444415,0.25,2330.1370227856096,0.0,0.0,2212.642202560537,True,False,False,optuna_seeded,129.0,"[""scalar""]",[1.3456968993294212],False,,125,False,5.583044370329635,0.21447223235555854
3_VH_1_CONTROL,VH,CONTROL,3_VH_1_CONTROL__hybrid_optuna_089,all6,hybrid_optuna,generic_seed,trial_128,hybrid,1710e98be83bf964,1,True,1.348637079568416,1,221.1533553462678,7.019679584573082e-05,0.00016276836652982763,146.51031518390428,6.367070641954497,7.205743925278808e-06,2.977198580380664e-06,2.345442206446731e-06,0.4598513361670276,6,0,5.63131524890706,2250.235550345537,0.2142137675930874,0.7857862324069127,0.25,2250.235550345537,0.7857862324069127,0.25,2388.813139111634,0.0,0.0,2251.2713365779437,True,False,False,optuna_seeded,128.0,"[""scalar""]",[1.348637079568416],False,,126,False,5.63131524890706,0.2142137675930874
3_VH_1_CONTROL,VH,CONTROL,3_VH_1_CONTROL__hybrid_optuna_070,all6,hybrid_optuna,generic_seed,trial_207,hybrid,1710e98be83bf964,1,True,1.3456709768179649,1,150.34855713492723,4.8849748673593836e-05,0.00011564885267504758,122.92109106455524,2.282807247798758,5.742644996051503e-06,5.813445189854761e-06,4.511070412280125e-06,0.33465682824283166,6,0,5.5629225445592825,2165.22348780359,0.21338027565755066,0.7866197243424495,0.25,2165.22348780359,0.7866197243424495,0.25,1682.7849415239561,0.0,0.0,2166.2601075279326,True,False,False,optuna_seeded,207.0,"[""scalar""]",[1.3456709768179649],False,,127,False,5.5629225445592825,0.21338027565755066
3_VH_1_CONTROL,VH,CONTROL,3_VH_1_CONTROL__hybrid_optuna_180,all6,hybrid_optuna,generic_seed,trial_176,hybrid,1710e98be83bf964,1,True,1.4453162523022516,1,187.52743418204983,0.00010493776658445302,0.0002156376419873162,119.7294794588465,9.107866816579538,1.6749955994856033e-05,5.723621658098933e-06,1.5668426782021873e-08,0.3553309752859772,6,0,7.3502563067956315,3268.167784019352,0.2130313202975057,0.7869686797024945,0.25,3268.167784019352,0.7869686797024945,0.25,1603.2971384369782,0.0,0.0,3269.2047526990546,True,False,False,optuna_seeded,176.0,"[""scalar""]",[1.4453162523022516],False,,128,False,7.3502563067956315,0.2130313202975057
3_VH_1_CONTROL,VH,CONTROL,3_VH_1_CONTROL__hybrid_optuna_122,all6,hybrid_optuna,generic_seed,trial_274,hybrid,1710e98be83bf964,1,True,1.3734221849100343,1,65.39966407922616,4.0059020681650955e-05,9.256874568941358e-05,106.96397868343763,1.1253893508035613,2.3146076503346117e-06,5.127920783528974e-05,4.730703468077093e-05,0.14842920963786713,6,0,6.0521831240804405,2377.9388902580567,0.21281021087221227,0.7871897891277878,0.25,2377.9388902580567,0.7871897891277878,0.25,1275.5648777928911,0.0,0.0,2378.9760800471845,True,False,False,optuna_seeded,274.0,"[""scalar""]",[1.3734221849100343],False,,129,False,6.0521831240804405,0.21281021087221227
3_VH_1_CONTROL,VH,CONTROL,3_VH_1_CONTROL__hybrid_optuna_082,all6,hybrid_optuna,generic_seed,trial_214,hybrid,1710e98be83bf964,1,True,1.347898495067862,1,222.92936186718168,6.939120723083838e-05,0.000340218579489472,96.36117236169557,4.916282848944725,6.939612713627925e-06,3.1415006813710163e-06,2.0451398742191884e-08,0.43206472858108363,6,0,5.592555836719046,2230.8019019912995,0.21279905141652936,0.7872009485834708,0.25,2230.8019019912995,0.7872009485834708,0.25,1042.8910510290798,0.0,0.0,2231.839102939883,True,False,False,optuna_seeded,214.0,"[""scalar""]",[1.347898495067862],False,,130,False,5.592555836719046,0.21279905141652936
3_VH_1_CONTROL,VH,CONTROL,3_VH_1_CONTROL__hybrid_optuna_069,all6,hybrid_optuna,generic_seed,trial_246,hybrid,1710e98be83bf964,1,True,1.3446973819118226,1,110.50347996613986,4.849030186064522e-05,0.00014939628203079487,112.16781807102136,1.1505596641208038,2.7647738606099334e-06,1.4691878994452354e-05,1.5122230524086775e-05,0.24467930754938175,6,0,5.5205379341650485,2146.614825859114,0.2119991699862357,0.7880008300137645,0.25,2146.614825859114,0.7880008300137645,0.25,1401.3446692385337,0.0,0.0,2147.652826689128,True,False,False,optuna_seeded,246.0,"[""scalar""]",[1.3446973819118226],False,,131,False,5.5205379341650485,0.2119991699862357
3_VH_1_CONTROL,VH,CONTROL,3_VH_1_CONTROL__hybrid_optuna_177,all6,hybrid_optuna,generic_seed,trial_37,hybrid,1710e98be83bf964,1,True,1.4407146681679475,1,67.93058792075566,1.3611529436292606e-05,0.11313871343579157,48.1766471618269,0.030927544268014816,3.8023671178167384e-05,5.429703619965187e-06,0.09749424612225581,0.5093933595824577,6,0,7.243966625703332,2997.5733639563077,0.21172792214890446,0.7882720778510958,0.25,2997.5733639563077,0.7882720778510958,0.25,267.7687589240466,0.0,0.0,2998.611636034159,True,False,False,optuna_seeded,37.0,"[""scalar""]",[1.4407146681679475],False,,132,False,7.243966625703332,0.21172792214890446
3_VH_1_CONTROL,VH,CONTROL,3_VH_1_CONTROL__hybrid_optuna_154,all6,hybrid_optuna,generic_seed,trial_145,hybrid,1710e98be83bf964,1,True,1.4028389912626946,1,167.3079812173654,5.0938689991969775e-05,0.00016413360072518808,134.7702885236255,7.04142028669962,1.8821610629555653e-05,3.7587260880371406e-06,1.9769777225310072e-08,0.5248843026063056,6,0,6.558166832482226,2675.2033528154957,0.2115036105418735,0.7884963894581266,0.25,2675.2033528154957,0.7884963894581266,0.25,2028.270657896099,0.0,0.0,2676.2418492049537,True,False,False,optuna_seeded,145.0,"[""scalar""]",[1.4028389912626946],False,,133,False,6.558166832482226,0.2115036105418735
3_VH_1_CONTROL,VH,CONTROL,3_VH_1_CONTROL__hybrid_optuna_072,all6,hybrid_optuna,generic_seed,trial_201,hybrid,1710e98be83bf964,1,True,1.346277023978484,1,219.63201491273264,6.362931442853025e-05,0.00021497753137682482,140.1756000136902,7.740547741649686,8.37768524796792e-06,2.7281779354065996e-06,1.9317343619007446e-07,0.430518162392379,6,0,5.532519187750105,2188.0081997550865,0.21108515311874398,0.7889148468812562,0.25,2188.0081997550865,0.7889148468812562,0.25,2189.9092607297075,0.0,0.0,2189.0471146019677,True,False,False,optuna_seeded,201.0,"[""scalar""]",[1.346277023978484],False,,134,False,5.532519187750105,0.21108515311874398
3_VH_1_CONTROL,VH,CONTROL,3_VH_1_CONTROL__hybrid_optuna_110,all6,hybrid_optuna,generic_seed,trial_177,hybrid,1710e98be83bf964,1,True,1.360001873341719,1,322.57283536566086,8.056478892942432e-05,0.00028015728448355255,132.32701757685632,5.011131120708198,1.1011817856710622e-05,1.4473408381165568e-06,3.637417385761945e-08,0.5756921365325154,6,0,5.765387328123285,2338.999685768396,0.2102974226651301,0.7897025773348699,0.25,2338.999685768396,0.7897025773348699,0.25,1954.4934472404825,0.0,0.0,2340.039388345731,True,False,False,optuna_seeded,177.0,"[""scalar""]",[1.360001873341719],False,,135,False,5.765387328123285,0.2102974226651301
3_VH_1_CONTROL,VH,CONTROL,3_VH_1_CONTROL__hybrid_optuna_202,all6,hybrid_optuna,generic_seed,trial_83,hybrid,1710e98be83bf964,1,True,1.4839134424996767,1,348.1357935537743,0.00016174905553280862,6.296070355640761e-05,32.072894817885185,0.04221025376490187,4.507191397056212e-07,2.913016910727525e-05,3.945833189037695e-06,0.7008750949059226,6,0,7.987333365550861,3801.0931853307775,0.20982730003092662,0.7901726999690736,0.25,3801.0931853307775,0.7901726999690736,0.25,122.26280592948426,0.0,0.0,3802.1333580307464,True,False,False,optuna_seeded,83.0,"[""scalar""]",[1.4839134424996767],False,,136,False,7.987333365550861,0.20982730003092662
3_VH_1_CONTROL,VH,CONTROL,3_VH_1_CONTROL__hybrid_optuna_077,all6,hybrid_optuna,generic_seed,trial_134,hybrid,1710e98be83bf964,1,True,1.3467495142569523,1,208.28782427851107,5.7789576423033124e-05,0.0005210379772487249,124.72622542762241,38.57881993637431,1.0755869401606198e-05,2.196791942006388e-06,1.0379314508487827e-08,0.4397322136795373,6,0,5.504811105052433,2159.4457526379665,0.20907332491262728,0.7909266750873729,0.25,2159.4457526379665,0.7909266750873729,0.25,1742.1080458967417,0.0,0.0,2160.486679313054,True,False,False,optuna_seeded,134.0,"[""scalar""]",[1.3467495142569523],False,,137,False,5.504811105052433,0.20907332491262728
3_VH_1_CONTROL,VH,CONTROL,3_VH_1_CONTROL__hybrid_optuna_075,all6,hybrid_optuna,generic_seed,trial_181,hybrid,1710e98be83bf964,1,True,1.3466107264087337,1,215.25165418269054,5.830638946429529e-05,0.0005483473461629244,124.40933653529342,40.35053234354137,9.50527677089978e-06,2.4205656267578224e-06,1.0876408998000988e-08,0.4451930140267446,6,0,5.496717099027561,2157.864371802781,0.2087624457594642,0.7912375542405359,0.25,2157.864371802781,0.7912375542405359,0.25,1733.2961358660639,0.0,0.0,2158.9056093570216,True,False,False,optuna_seeded,181.0,"[""scalar""]",[1.3466107264087337],False,,138,False,5.496717099027561,0.2087624457594642
3_VH_1_CONTROL,VH,CONTROL,3_VH_1_CONTROL__hybrid_optuna_190,all6,hybrid_optuna,generic_seed,trial_228,hybrid,1710e98be83bf964,1,True,1.4599495996918601,1,499.36923550729443,0.00010802612398911062,1.7702885149858975e-05,137.60622955237585,35.08956904278969,1.8943230198450794e-05,7.2930116325823726e-06,1.6181631063918953e-08,0.26258823954637955,6,0,7.528818568612077,3396.0093041253326,0.20831809856436645,0.7916819014356338,0.25,3396.0093041253326,0.7916819014356338,0.25,2118.529961377528,0.0,0.0,3397.0509860267684,True,False,False,optuna_seeded,228.0,"[""scalar""]",[1.4599495996918601],False,,139,False,7.528818568612077,0.20831809856436645
3_VH_1_CONTROL,VH,CONTROL,3_VH_1_CONTROL__hybrid_optuna_136,all6,hybrid_optuna,generic_seed,trial_190,hybrid,1710e98be83bf964,1,True,1.3831722364268997,1,158.3731692866673,0.00010426733709587625,2.0842216530461917e-05,101.36786478022091,15.680003819570267,3.3978483714388593e-06,4.504428763604595e-06,4.3475499159941454e-08,0.24621813354058253,6,0,6.144648244136111,2589.6028533956396,0.20819711046955092,0.7918028895304493,0.25,2589.6028533956396,0.7918028895304493,0.25,1155.6117166362499,0.0,0.0,2590.64465628517,True,False,False,optuna_seeded,190.0,"[""scalar""]",[1.3831722364268997],False,,140,False,6.144648244136111,0.20819711046955092
3_VH_1_CONTROL,VH,CONTROL,3_VH_1_CONTROL__hybrid_optuna_091,all6,hybrid_optuna,generic_seed,trial_235,hybrid,1710e98be83bf964,1,True,1.3488406308983765,1,118.23857631190117,4.555494510243403e-05,0.0001265877994072817,121.15278283264992,3.0349215921365102,3.847400202226211e-06,9.62057231591913e-06,3.7665469805134324e-06,0.27436658875030007,6,0,5.524248397420799,2140.7123464762867,0.20806205784722345,0.7919379421527767,0.25,2140.7123464762867,0.7919379421527767,0.25,1635.377685270695,0.0,0.0,2141.7542844184395,True,False,False,optuna_seeded,235.0,"[""scalar""]",[1.3488406308983765],False,,141,False,5.524248397420799,0.20806205784722345
3_VH_1_CONTROL,VH,CONTROL,3_VH_1_CONTROL__hybrid_optuna_179,all6,hybrid_optuna,generic_seed,trial_39,hybrid,1710e98be83bf964,1,True,1.4450024271234438,1,67.74302270681615,1.0143589717036042e-05,0.02647276103839784,17.115192687929202,0.23778987052987785,4.5781115285374394e-05,5.231731021436165e-06,0.06579875354875948,0.4720815335544368,6,0,7.2529546758498045,2993.8475785556207,0.20793949931265657,0.7920605006873435,0.25,2993.8475785556207,0.7920605006873435,0.25,43.32172771317093,0.0,0.0,2994.889639056308,True,False,False,optuna_seeded,39.0,"[""scalar""]",[1.4450024271234438],False,,142,False,7.2529546758498045,0.20793949931265657
3_VH_1_CONTROL,VH,CONTROL,3_VH_1_CONTROL__hybrid_optuna_081,all6,hybrid_optuna,generic_seed,trial_226,hybrid,1710e98be83bf964,1,True,1.3475508514521692,1,259.0319957830636,5.7618996530933866e-05,0.0004960519073415079,134.6707665369118,2.190213278861832,9.541496493144136e-06,2.102484781393033e-06,1.0322948383661382e-08,0.5227044751974599,6,0,5.488246852828651,2152.8283710241863,0.20735175148275584,0.7926482485172444,0.25,2152.8283710241863,0.7926482485172444,0.25,2025.136988199892,0.0,0.0,2153.8710192727035,True,False,False,optuna_seeded,226.0,"[""scalar""]",[1.3475508514521692],False,,143,False,5.488246852828651,0.20735175148275584
3_VH_1_CONTROL,VH,CONTROL,3_VH_1_CONTROL__hybrid_optuna_038,all6,hybrid_optuna,generic_seed,trial_266,hybrid,1710e98be83bf964,1,True,1.3371706490962056,1,89.16534935977649,5.877224404632969e-05,7.389787308118097e-05,104.30113686923191,1.4230267385475406,1.0156537510627443e-06,4.1091281505136384e-05,3.0924873730200885e-05,0.12075912251136005,6,0,5.2974753309831515,2078.5829435936926,0.20713353595841397,0.7928664640415861,0.25,2078.5829435936926,0.7928664640415861,0.25,1214.073140315801,0.0,0.0,2079.6258100577343,True,False,False,optuna_seeded,266.0,"[""scalar""]",[1.3371706490962056],False,,144,False,5.2974753309831515,0.20713353595841397
3_VH_1_CONTROL,VH,CONTROL,3_VH_1_CONTROL__hybrid_optuna_080,all6,hybrid_optuna,generic_seed,trial_218,hybrid,1710e98be83bf964,1,True,1.3475409285195954,1,236.25228105810947,5.8856717939127365e-05,0.0009118338953356408,102.10774923956014,18.33387679943725,7.552688210725895e-06,2.649900324087648e-06,3.077205661418179e-08,0.509027222745303,6,0,5.479168623714211,2152.362995281086,0.20685732835341633,0.7931426716465838,0.25,2152.362995281086,0.7931426716465838,0.25,1169.7569402980778,0.0,0.0,2153.4061379527325,True,False,False,optuna_seeded,218.0,"[""scalar""]",[1.3475409285195954],False,,145,False,5.479168623714211,0.20685732835341633
3_VH_1_CONTROL,VH,CONTROL,3_VH_1_CONTROL__hybrid_optuna_117,all6,hybrid_optuna,generic_seed,trial_276,hybrid,1710e98be83bf964,1,True,1.3681539932300815,1,79.07350376834142,3.083930040432333e-05,9.787326522067473e-05,101.11072695035107,1.6341263927184637,1.5789488972179607e-06,4.1082066255801095e-05,6.715235050587209e-05,0.16706906974799013,6,0,5.848775854866607,2258.4998062518043,0.20677799870695224,0.7932220012930479,0.25,2258.4998062518043,0.7932220012930479,0.25,1141.3169283860573,0.0,0.0,2259.5430282530974,True,False,False,optuna_seeded,276.0,"[""scalar""]",[1.3681539932300815],False,,146,False,5.848775854866607,0.20677799870695224
3_VH_1_CONTROL,VH,CONTROL,3_VH_1_CONTROL__hybrid_optuna_092,all6,hybrid_optuna,generic_seed,trial_191,hybrid,1710e98be83bf964,1,True,1.3489227681651952,1,188.11550209111047,6.790468134607975e-05,0.00022326714424471722,136.22367871659304,24.28649914462669,6.78894282997676e-06,3.0487527249946606e-06,1.018670793748035e-08,0.4094744378574095,6,0,5.496826306210848,2183.3614368246895,0.2064564710687409,0.7935435289312592,0.25,2183.3614368246895,0.7935435289312592,0.25,2074.840520777627,0.0,0.0,2184.404980353621,True,False,False,optuna_seeded,191.0,"[""scalar""]",[1.3489227681651952],False,,147,False,5.496826306210848,0.2064564710687409
3_VH_1_CONTROL,VH,CONTROL,3_VH_1_CONTROL__hybrid_optuna_196,all6,hybrid_optuna,generic_seed,trial_92,hybrid,1710e98be83bf964,1,True,1.4695208802412685,1,300.7533607846027,0.00013830243686542709,3.199346950747998e-05,20.78029395805833,2.006987363302808,4.7628293089974006e-07,4.9821926373660205e-05,3.666347250368525e-06,1.6864461630697887,6,0,7.667499271417083,3509.661791638928,0.2064513015041249,0.7935486984958753,0.25,3509.661791638928,0.7935486984958753,0.25,58.81262142970892,0.0,0.0,3510.705340337424,True,False,False,optuna_seeded,92.0,"[""scalar""]",[1.4695208802412685],False,,148,False,7.667499271417083,0.2064513015041249
3_VH_1_CONTROL,VH,CONTROL,3_VH_1_CONTROL__hybrid_optuna_206,all6,hybrid_optuna,generic_seed,trial_119,hybrid,1710e98be83bf964,1,True,1.4855811015194846,1,451.1534839973606,0.000126747247249888,1.0301057404748186e-05,121.90367732612424,2.6130610925346316,2.92806206123247e-06,1.7979718484029797e-05,8.043810325018439e-06,0.8660899088783813,6,0,7.95100474337595,3713.239415941967,0.20614138422362369,0.7938586157763764,0.25,3713.239415941967,0.7938586157763764,0.25,1657.4020524078637,0.0,0.0,3714.2832745577434,True,False,False,optuna_seeded,119.0,"[""scalar""]",[1.4855811015194846],False,,149,False,7.95100474337595,0.20614138422362369
3_VH_1_CONTROL,VH,CONTROL,3_VH_1_CONTROL__hybrid_optuna_079,all6,hybrid_optuna,generic_seed,trial_221,hybrid,1710e98be83bf964,1,True,1.346996010581945,1,148.6488766743216,5.100644968750049e-05,7.370533944087024e-05,120.06121031268329,3.072319944599471,5.4165693494042495e-06,5.7443597476588165e-06,2.8298505571415844e-06,0.30151612380696147,6,0,5.446206573901556,2119.0007076136653,0.20557102130147478,0.7944289786985254,0.25,2119.0007076136653,0.7944289786985254,0.25,1606.756098778251,0.0,0.0,2120.0451365923636,True,False,False,optuna_seeded,221.0,"[""scalar""]",[1.346996010581945],False,,150,False,5.446206573901556,0.20557102130147478
3_VH_1_CONTROL,VH,CONTROL,3_VH_1_CONTROL__hybrid_optuna_107,all6,hybrid_optuna,generic_seed,trial_122,hybrid,1710e98be83bf964,1,True,1.3566328362210147,1,352.5095092223795,7.414142572592738e-05,3.062260102645987e-05,143.041244810121,3.2698917972616686,2.3139052517427057e-06,5.7868281276651964e-06,1.1269519847489144e-05,0.7182523269936314,6,0,5.616672092657375,2254.507456488867,0.20540450225995052,0.7945954977400497,0.25,2254.507456488867,0.7945954977400497,0.25,2278.18366340946,0.0,0.0,2255.552051986607,True,False,False,optuna_seeded,122.0,"[""scalar""]",[1.3566328362210147],False,,151,False,5.616672092657375,0.20540450225995052
3_VH_1_CONTROL,VH,CONTROL,3_VH_1_CONTROL__hybrid_optuna_051,all6,hybrid_optuna,generic_seed,trial_254,hybrid,1710e98be83bf964,1,True,1.3404372470589805,1,158.55662397899567,6.536757675600454e-05,5.498397488707563e-05,104.35152133617248,1.1168987875141738,1.2776426446394903e-06,2.466131266841617e-05,2.1906898979045925e-05,0.1617144289789243,6,0,5.323566294079071,2106.6010322380366,0.20531643594541224,0.794683564054588,0.25,2106.6010322380366,0.794683564054588,0.25,1215.1032811377531,0.0,0.0,2107.645715802091,True,False,False,optuna_seeded,254.0,"[""scalar""]",[1.3404372470589805],False,,152,False,5.323566294079071,0.20531643594541224
3_VH_1_CONTROL,VH,CONTROL,3_VH_1_CONTROL__hybrid_optuna_166,all6,hybrid_optuna,generic_seed,trial_71,hybrid,1710e98be83bf964,1,True,1.4244137804896357,1,45.80988270069991,1.4511963791296002e-05,0.008705148104225359,10.64883845675153,0.06752973628352374,9.940781746542852e-05,1.6177670193357597e-06,5.086837072717299e-06,0.15079030779054747,6,0,6.832329172216212,2700.738989034455,0.20516006241126492,0.7948399375887352,0.25,2700.738989034455,0.7948399375887352,0.25,19.16305608709896,0.0,0.0,2701.7838289720435,True,False,False,optuna_seeded,71.0,"[""scalar""]",[1.4244137804896357],False,,153,False,6.832329172216212,0.20516006241126492
3_VH_1_CONTROL,VH,CONTROL,3_VH_1_CONTROL__hybrid_optuna_183,all6,hybrid_optuna,generic_seed,trial_38,hybrid,1710e98be83bf964,1,True,1.4481113061754518,1,72.70504006233556,1.169665034240639e-05,0.12327989487614013,23.656508070026284,0.18162742445821647,3.9214616558981544e-05,6.579880706151391e-06,0.09708514777812882,0.46544687657921885,6,0,7.25881481627475,3001.1181630242013,0.2051561836175898,0.7948438163824104,0.25,3001.1181630242013,0.7948438163824104,0.25,73.52366267687707,0.0,0.0,3002.163006840584,True,False,False,optuna_seeded,38.0,"[""scalar""]",[1.4481113061754518],False,,154,False,7.25881481627475,0.2051561836175898
3_VH_1_CONTROL,VH,CONTROL,3_VH_1_CONTROL__hybrid_optuna_158,all6,hybrid_optuna,generic_seed,trial_61,hybrid,1710e98be83bf964,1,True,1.4094210275714336,1,55.88488798105928,1.4506692104348238e-05,0.042731134318759315,20.770860744959606,0.14732042192204636,2.3641466027008087e-05,1.5022230861186304e-06,1.5122411156017636e-06,0.33854310529200565,6,0,6.556608810998189,2580.535272122139,0.20483501748402147,0.7951649825159787,0.25,2580.535272122139,0.7951649825159787,0.25,55.22575258410175,0.0,0.0,2581.5804371046547,True,False,False,optuna_seeded,61.0,"[""scalar""]",[1.4094210275714336],False,,155,False,6.556608810998189,0.20483501748402147
3_VH_1_CONTROL,VH,CONTROL,3_VH_1_CONTROL__hybrid_optuna_094,all6,hybrid_optuna,generic_seed,trial_135,hybrid,1710e98be83bf964,1,True,1.3493612436289044,1,196.22994310150096,6.446159770685204e-05,0.0006470656753990399,127.30840269377182,27.796430839226826,9.761493016774341e-06,2.0805195071329905e-06,1.1113126182537897e-08,0.4435239095006439,6,0,5.4719329429803585,2161.7076825815193,0.20463503098111546,0.7953649690188845,0.25,2161.7076825815193,0.7953649690188845,0.25,1813.4987320749865,0.0,0.0,2162.753047550538,True,False,False,optuna_seeded,135.0,"[""scalar""]",[1.3493612436289044],False,,156,False,5.4719329429803585,0.20463503098111546
3_VH_1_CONTROL,VH,CONTROL,3_VH_1_CONTROL__hybrid_optuna_226,all6,hybrid_optuna,generic_seed,trial_88,hybrid,1710e98be83bf964,1,True,1.5991103988492823,1,490.46126937512486,0.00023601215744192082,1.0677733230285036e-05,26.149194492831615,0.005417578999303935,1.0438846920643447e-06,1.3268700780318524e-05,6.47562615031482e-07,1.908133675912888,6,0,9.951519797031214,5437.673100735277,0.2037518120968962,0.7962481879031039,0.25,5437.673100735277,0.7962481879031039,0.25,87.56310689430443,0.0,0.0,5438.71934892318,True,False,False,optuna_seeded,88.0,"[""scalar""]",[1.5991103988492823],False,,157,False,9.951519797031214,0.2037518120968962
3_VH_1_CONTROL,VH,CONTROL,3_VH_1_CONTROL__hybrid_optuna_099,all6,hybrid_optuna,generic_seed,trial_110,hybrid,1710e98be83bf964,1,True,1.352066370535896,1,223.5764563944805,4.5536975219450034e-05,8.695359210581797e-05,138.0065554544223,2.959838673142728,1.4849254580513973e-06,1.181858304686745e-05,1.1279222002551357e-05,0.6372579993746829,6,0,5.4874546712425625,2123.5773188638636,0.20279222231091318,0.797207777689087,0.25,2123.5773188638636,0.797207777689087,0.25,2120.4364014826374,0.0,0.0,2124.6245266415526,True,False,False,optuna_seeded,110.0,"[""scalar""]",[1.352066370535896],False,,158,False,5.4874546712425625,0.20279222231091318
3_VH_1_CONTROL,VH,CONTROL,3_VH_1_CONTROL__hybrid_optuna_058,all6,hybrid_optuna,generic_seed,trial_267,hybrid,1710e98be83bf964,1,True,1.3422143188166888,1,71.99935720083207,5.386970977658397e-05,6.512651385578728e-05,104.20206960050795,1.514216707090805,9.731455275647862e-07,4.440566677245917e-05,6.660824319808776e-05,0.13671555768724042,6,0,5.3064828380507985,2068.5113548171744,0.2025902832972443,0.7974097167027558,0.25,2068.5113548171744,0.7974097167027558,0.25,1211.9604695255448,0.0,0.0,2069.558764533877,True,False,False,optuna_seeded,267.0,"[""scalar""]",[1.3422143188166888],False,,159,False,5.3064828380507985,0.2025902832972443
3_VH_1_CONTROL,VH,CONTROL,3_VH_1_CONTROL__hybrid_optuna_120,all6,hybrid_optuna,generic_seed,trial_247,hybrid,1710e98be83bf964,1,True,1.3701691123223885,1,145.339032411046,2.9341427489629666e-05,7.52773404999739e-05,115.74049264535617,2.4296348061270705,3.2754420467135197e-06,1.2038753243357423e-05,2.8369070500049275e-05,0.2620301715252995,6,0,5.806618014138274,2236.8771065233154,0.20242077735196007,0.7975792226480402,0.25,2236.8771065233154,0.7975792226480402,0.25,1493.3392030712434,0.0,0.0,2237.9246857459634,True,False,False,optuna_seeded,247.0,"[""scalar""]",[1.3701691123223885],False,,160,False,5.806618014138274,0.20242077735196007
3_VH_1_CONTROL,VH,CONTROL,3_VH_1_CONTROL__hybrid_optuna_184,all6,hybrid_optuna,generic_seed,trial_40,hybrid,1710e98be83bf964,1,True,1.4521245480303573,1,68.7233793962914,1.0946333963109423e-05,0.0028344042772362062,17.250142513001723,0.16373622617109668,3.176205855037127e-05,6.538623829870735e-06,0.09596703657330653,0.5995512358680473,6,0,7.265569656680817,3004.0566603703846,0.20151821067413245,0.7984817893258676,0.25,3004.0566603703846,0.7984817893258676,0.25,44.21181696471868,0.0,0.0,3005.1051421597103,True,False,False,optuna_seeded,40.0,"[""scalar""]",[1.4521245480303573],False,,161,False,7.265569656680817,0.20151821067413245
3_VH_1_CONTROL,VH,CONTROL,3_VH_1_CONTROL__hybrid_optuna_185,all6,hybrid_optuna,generic_seed,trial_56,hybrid,1710e98be83bf964,1,True,1.4535167355144878,1,38.379218252999465,2.651142549507143e-05,0.0013660975551135046,12.887069287445762,0.017350784958268493,5.7291813764624876e-05,3.975016211756641e-05,3.4432142747411525e-05,0.07479434329978439,6,0,7.287060732411014,3008.5101583126675,0.20131997184167968,0.7986800281583205,0.25,3008.5101583126675,0.7986800281583205,0.25,23.3709886350895,0.0,0.0,3009.558838340826,True,False,False,optuna_seeded,56.0,"[""scalar""]",[1.4535167355144878],False,,162,False,7.287060732411014,0.20131997184167968
3_VH_1_CONTROL,VH,CONTROL,3_VH_1_CONTROL__hybrid_optuna_168,all6,hybrid_optuna,generic_seed,trial_66,hybrid,1710e98be83bf964,1,True,1.4283641482037057,1,83.60473698365294,3.519616593238243e-05,0.3005022097908259,3.0484178860011077,0.016319032062143288,7.754246606991772e-05,2.2388312381262317e-06,9.501791545000426e-07,0.3805191182295666,6,0,6.832756074710011,2764.1975709224002,0.20123341150240603,0.7987665884975942,0.25,2764.1975709224002,0.7987665884975942,0.25,8.908418896912657,0.0,0.0,2765.246337510898,True,False,False,optuna_seeded,66.0,"[""scalar""]",[1.4283641482037057],False,,163,False,6.832756074710011,0.20123341150240603
3_VH_1_CONTROL,VH,CONTROL,3_VH_1_CONTROL__hybrid_optuna_170,all6,hybrid_optuna,generic_seed,trial_161,hybrid,1710e98be83bf964,1,True,1.4306106855160126,1,258.8955682245969,7.537414608477424e-05,0.0009792437037920091,109.4744468823023,31.586554340142545,1.2331858826053828e-05,7.693889090009791e-06,1.9554127383674332e-07,0.4079120458522855,6,0,6.857704967126016,2908.7588150529023,0.200372923768766,0.7996270762312342,0.25,2908.7588150529023,0.7996270762312342,0.25,1339.6341493898408,0.0,0.0,2909.8084421291337,True,False,False,optuna_seeded,161.0,"[""scalar""]",[1.4306106855160126],False,,164,False,6.857704967126016,0.200372923768766
3_VH_1_CONTROL,VH,CONTROL,3_VH_1_CONTROL__hybrid_optuna_054,all6,hybrid_optuna,generic_seed,trial_270,hybrid,1710e98be83bf964,1,True,1.3416321323001192,1,97.65063489460836,6.013662396908834e-05,0.00012979320492086268,101.57839783281558,0.9161208100597807,1.460994951915889e-06,2.447159626048956e-05,2.7792667902709448e-05,0.1293030020248821,6,0,5.246820654284048,2060.8233283707236,0.1998579040489945,0.8001420959510056,0.25,2060.8233283707236,0.8001420959510056,0.25,1150.6459705443758,0.0,0.0,2061.8734704666745,True,False,False,optuna_seeded,270.0,"[""scalar""]",[1.3416321323001192],False,,165,False,5.246820654284048,0.1998579040489945
3_VH_1_CONTROL,VH,CONTROL,3_VH_1_CONTROL__hybrid_optuna_095,all6,hybrid_optuna,generic_seed,trial_162,hybrid,1710e98be83bf964,1,True,1.349611724871404,1,177.27822092289043,6.013890964806972e-05,0.00200179256059537,124.55633206853436,16.83771896412507,1.80081994915517e-05,1.5612226004523616e-06,1.3310798157109386e-08,0.274844802152113,6,0,5.389372836370053,2110.4750979985524,0.1997978771491545,0.8002021228508456,0.25,2110.4750979985524,0.8002021228508456,0.25,1735.1374568047038,0.0,0.0,2111.5253001214032,True,False,False,optuna_seeded,162.0,"[""scalar""]",[1.349611724871404],False,,166,False,5.389372836370053,0.1997978771491545
3_VH_1_CONTROL,VH,CONTROL,3_VH_1_CONTROL__hybrid_optuna_160,all6,hybrid_optuna,generic_seed,trial_75,hybrid,1710e98be83bf964,1,True,1.4152261197360054,1,82.58907063235701,4.3518355123876356e-05,0.21447281204633595,22.94471028753756,0.024954419142905308,1.854138735056457e-05,9.26946545511517e-06,2.2587297396104084e-06,0.2440791633430431,6,0,6.565953787714899,2656.4023076104527,0.19954909069260005,0.8004509093074,0.25,2656.4023076104527,0.8004509093074,0.25,63.98949812524854,0.0,0.0,2657.45275851976,True,False,False,optuna_seeded,75.0,"[""scalar""]",[1.4152261197360054],False,,167,False,6.565953787714899,0.19954909069260005
3_VH_1_CONTROL,VH,CONTROL,3_VH_1_CONTROL__hybrid_optuna_165,all6,hybrid_optuna,generic_seed,trial_147,hybrid,1710e98be83bf964,1,True,1.4227663546988354,1,131.03383731780028,7.22228740635892e-05,0.000352019985498137,123.14883578214605,31.879719469262596,2.9592039683778752e-05,2.68377581432911e-06,3.9318117206958607e-08,0.4758196943448482,6,0,6.694148393884578,2787.513332679399,0.19913077829475212,0.800869221705248,0.25,2787.513332679399,0.800869221705248,0.25,1695.4281253404129,0.0,0.0,2788.5642019011043,True,False,False,optuna_seeded,147.0,"[""scalar""]",[1.4227663546988354],False,,168,False,6.694148393884578,0.19913077829475212
3_VH_1_CONTROL,VH,CONTROL,3_VH_1_CONTROL__hybrid_optuna_096,all6,hybrid_optuna,generic_seed,trial_131,hybrid,1710e98be83bf964,1,True,1.350691803972172,1,230.0172887548301,6.242509768088378e-05,0.0002096491969845938,141.28605823258397,10.707383786104943,7.092375882026098e-06,2.6075239841083086e-06,5.039292210486226e-08,0.45306445151711977,6,0,5.389719913115435,2122.464531460901,0.1987370800897965,0.8012629199102036,0.25,2122.464531460901,0.8012629199102036,0.25,2227.074414274737,0.0,0.0,2123.5157943808113,True,False,False,optuna_seeded,131.0,"[""scalar""]",[1.350691803972172],False,,169,False,5.389719913115435,0.1987370800897965
3_VH_1_CONTROL,VH,CONTROL,3_VH_1_CONTROL__hybrid_optuna_141,all6,hybrid_optuna,generic_seed,trial_81,hybrid,1710e98be83bf964,1,True,1.386647002588224,1,345.74663520135124,9.820588299726767e-05,1.2025842035903034e-05,27.75644673587014,0.040175391990738114,4.4136908661429805e-07,2.6432893410638354e-05,9.897371994790991e-06,0.7289125273869353,6,0,6.026653315636231,2503.4300225134107,0.19816707050267765,0.8018329294973224,0.25,2503.4300225134107,0.8018329294973224,0.25,95.95391004011408,0.0,0.0,2504.481855442908,True,False,False,optuna_seeded,81.0,"[""scalar""]",[1.386647002588224],False,,170,False,6.026653315636231,0.19816707050267765
3_VH_1_CONTROL,VH,CONTROL,3_VH_1_CONTROL__hybrid_optuna_085,all6,hybrid_optuna,generic_seed,trial_277,hybrid,1710e98be83bf964,1,True,1.348143229694633,1,62.488989730570204,4.8261998311833866e-05,0.00014247092478466476,96.71412325208658,0.9481467816613385,1.9903716882308485e-06,2.45978754392205e-05,3.598641789002612e-05,0.12359903468576167,6,0,5.333067628276765,2065.9377510513555,0.19813830520963174,0.8018616947903684,0.25,2065.9377510513555,0.8018616947903684,0.25,1043.5249766295374,0.0,0.0,2066.9896127461457,True,False,False,optuna_seeded,277.0,"[""scalar""]",[1.348143229694633],False,,171,False,5.333067628276765,0.19813830520963174
3_VH_1_CONTROL,VH,CONTROL,3_VH_1_CONTROL__hybrid_optuna_186,all6,hybrid_optuna,generic_seed,trial_99,hybrid,1710e98be83bf964,1,True,1.454938077259906,1,312.49642669662165,0.00014201758777060203,0.0002913083412112139,26.49883024483348,0.037501826122591904,6.137337576341494e-07,1.6228111636598387e-05,4.6839732865637574e-06,0.3016134599274613,6,0,7.251496386261141,3294.0980179443886,0.19792283308793499,0.8020771669120652,0.25,3294.0980179443886,0.8020771669120652,0.25,84.63968686525065,0.0,0.0,3295.1500951113007,True,False,False,optuna_seeded,99.0,"[""scalar""]",[1.454938077259906],False,,172,False,7.251496386261141,0.19792283308793499
3_VH_1_CONTROL,VH,CONTROL,3_VH_1_CONTROL__hybrid_optuna_152,all6,hybrid_optuna,generic_seed,trial_269,hybrid,1710e98be83bf964,1,True,1.4004188404960773,1,81.06674087326182,3.571462041597812e-05,7.254281627337352e-05,93.45875113051414,0.6205489210430384,2.146017014254521e-06,6.99983604622355e-05,4.886655715961047e-05,0.15935504408033277,6,0,6.268979413854985,2483.6808932858016,0.1978577936069773,0.8021422063930229,0.25,2483.6808932858016,0.8021422063930229,0.25,975.5359715478795,0.0,0.0,2484.7330354921946,True,False,False,optuna_seeded,269.0,"[""scalar""]",[1.4004188404960773],False,,173,False,6.268979413854985,0.1978577936069773
3_VH_1_CONTROL,VH,CONTROL,3_VH_1_CONTROL__hybrid_optuna_169,all6,hybrid_optuna,generic_seed,trial_197,hybrid,1710e98be83bf964,1,True,1.429528107986303,1,305.5796940854476,3.462818380895702e-05,0.0004035345839428266,124.97350433699332,24.985906851264964,2.3989382522937713e-05,4.699342915160707e-06,1.89758719076409e-08,0.43951700963851603,6,0,6.769435621407034,2769.1413459619384,0.19655164875853234,0.8034483512414679,0.25,2769.1413459619384,0.8034483512414679,0.25,1747.4196544497688,0.0,0.0,2770.19479431318,True,False,False,optuna_seeded,197.0,"[""scalar""]",[1.429528107986303],False,,174,False,6.769435621407034,0.19655164875853234
3_VH_1_CONTROL,VH,CONTROL,3_VH_1_CONTROL__hybrid_optuna_097,all6,hybrid_optuna,generic_seed,trial_210,hybrid,1710e98be83bf964,1,True,1.3510040184884324,1,280.4270088112553,5.340866824019307e-05,0.0018206046781871455,56.0187122116186,11.10141465467846,1.2945315194431838e-05,2.128166680374802e-06,7.448853587567874e-06,0.2810360968523647,6,0,5.332563861183748,2075.1895935466346,0.19524952935510909,0.804750470644891,0.25,2075.1895935466346,0.804750470644891,0.25,355.27476129514923,0.0,0.0,2076.2443440172797,True,False,False,optuna_seeded,210.0,"[""scalar""]",[1.3510040184884324],False,,175,False,5.332563861183748,0.19524952935510909
3_VH_1_CONTROL,VH,CONTROL,3_VH_1_CONTROL__hybrid_optuna_119,all6,hybrid_optuna,generic_seed,trial_261,hybrid,1710e98be83bf964,1,True,1.369742555106745,1,78.334295286154,3.350447672043195e-05,8.279716781498597e-05,102.39848833794125,0.7613596363442088,2.0335570288138694e-06,2.833278149953507e-05,5.660037733516614e-05,0.14604018949360792,6,0,5.646590019448176,2170.708650196331,0.19395689041815375,0.8060431095818464,0.25,2170.708650196331,0.8060431095818464,0.25,1169.758344909895,0.0,0.0,2171.7646933059127,True,False,False,optuna_seeded,261.0,"[""scalar""]",[1.369742555106745],False,,176,False,5.646590019448176,0.19395689041815375
3_VH_1_CONTROL,VH,CONTROL,3_VH_1_CONTROL__hybrid_optuna_109,all6,hybrid_optuna,generic_seed,trial_170,hybrid,1710e98be83bf964,1,True,1.3581299885245541,1,244.82805246653228,4.173569920602122e-05,0.00030103197771851926,144.1843402520044,4.438381541866297,4.381271389827823e-06,9.248641114374871e-06,3.1805105390671834e-08,0.19202575681889616,6,0,5.4228196823852635,2090.0571178736323,0.1931377716079605,0.8068622283920397,0.25,2090.0571178736323,0.8068622283920397,0.25,2318.928512315791,0.0,0.0,2091.1139801020245,True,False,False,optuna_seeded,170.0,"[""scalar""]",[1.3581299885245541],False,,177,False,5.4228196823852635,0.1931377716079605
3_VH_1_CONTROL,VH,CONTROL,3_VH_1_CONTROL__hybrid_optuna_086,all6,hybrid_optuna,generic_seed,trial_275,hybrid,1710e98be83bf964,1,True,1.3481940912050256,1,109.85600000723943,5.74858348289749e-05,6.194193054955397e-05,106.43760289284259,0.5922220845672569,1.0502059600375485e-06,2.9230492366712664e-05,2.4046373745829288e-05,0.18620155573065236,6,0,5.237195634225539,2047.9312657533253,0.1927612218075042,0.807238778192496,0.25,2047.9312657533253,0.807238778192496,0.25,1263.497381122791,0.0,0.0,2048.9885045315177,True,False,False,optuna_seeded,275.0,"[""scalar""]",[1.3481940912050256],False,,178,False,5.237195634225539,0.1927612218075042
3_VH_1_CONTROL,VH,CONTROL,3_VH_1_CONTROL__hybrid_optuna_115,all6,hybrid_optuna,generic_seed,trial_164,hybrid,1710e98be83bf964,1,True,1.3647749560034224,1,244.28759164894106,8.105519555986142e-05,0.00041402388956704743,135.1774095226429,8.448601494754593,5.868928963487822e-06,2.173219648060969e-06,1.035706740383625e-08,0.45892022794933757,6,0,5.534582750328873,2235.7454908759387,0.19270186345929288,0.8072981365407071,0.25,2235.7454908759387,0.8072981365407071,0.25,2041.6477310559017,0.0,0.0,2236.8027890124795,True,False,False,optuna_seeded,164.0,"[""scalar""]",[1.3647749560034224],False,,179,False,5.534582750328873,0.19270186345929288
3_VH_1_CONTROL,VH,CONTROL,3_VH_1_CONTROL__hybrid_optuna_176,all6,hybrid_optuna,generic_seed,trial_59,hybrid,1710e98be83bf964,1,True,1.4386238545642316,1,30.082706502254233,9.400067210726281e-05,0.015464761659897693,3.777243645229248,0.12171212769259797,6.947983793692117e-05,3.4194566245797943e-06,6.140216489256817e-06,0.26855706600417784,6,0,6.856133813022498,2806.035968611374,0.19227246838146259,0.8077275316185375,0.25,2806.035968611374,0.8077275316185375,0.25,5.47193869937259,0.0,0.0,2807.0936961429925,True,False,False,optuna_seeded,59.0,"[""scalar""]",[1.4386238545642316],False,,180,False,6.856133813022498,0.19227246838146259
3_VH_1_CONTROL,VH,CONTROL,3_VH_1_CONTROL__hybrid_optuna_187,all6,hybrid_optuna,generic_seed,trial_22,hybrid,1710e98be83bf964,1,True,1.455495973734759,1,129.01370009569325,2.3678489833520675e-05,2.8827574721439824,76.88619849023384,0.0021475825936330124,0.0007642714045689662,4.4197429534413696e-08,0.001677176680352744,5.096841933254056,6,0,7.151125410541911,2889.7904231557145,0.19178877129534708,0.8082112287046531,0.25,2889.7904231557145,0.8082112287046531,0.25,668.9580580699359,0.0,0.0,2890.8486343844193,True,False,False,optuna_seeded,22.0,"[""scalar""]",[1.455495973734759],False,,181,False,7.151125410541911,0.19178877129534708
3_VH_1_CONTROL,VH,CONTROL,3_VH_1_CONTROL__hybrid_optuna_209,all6,hybrid_optuna,generic_seed,trial_140,hybrid,1710e98be83bf964,1,True,1.507444420829299,1,139.7648832574376,5.6123555133913526e-05,0.0004610009247067749,117.03846199027942,23.599140721123867,8.527708803679236e-06,1.7575851235611568e-06,3.119982725098742e-08,0.33010508657427895,6,0,5.062571003498808,1967.0342285058857,0.1904761904761905,0.8095238095238096,0.4166666666666667,1967.0342285058857,0.8095238095238096,0.4166666666666667,1533.5658508087104,0.0,0.0,1968.2604189820763,True,False,False,optuna_seeded,140.0,"[""scalar""]",[1.507444420829299],False,,182,False,5.062571003498808,0.1904761904761905
3_VH_1_CONTROL,VH,CONTROL,3_VH_1_CONTROL__hybrid_optuna_223,all6,hybrid_optuna,generic_seed,trial_212,hybrid,1710e98be83bf964,1,True,1.592313213862639,1,138.18243133561472,4.8889062953105794e-05,0.00011757543398920393,122.63011665378122,3.76415013238002,3.519844433050739e-06,4.47316103444577e-06,4.430146933267456e-06,0.35542605069191674,6,0,5.090209278098929,1964.9164880562664,0.1904761904761905,0.8095238095238096,0.5,1964.9164880562664,0.8095238095238096,0.5,1675.711653796743,0.0,0.0,1966.2260118657903,True,False,False,optuna_seeded,212.0,"[""scalar""]",[1.592313213862639],False,,183,False,5.090209278098929,0.1904761904761905
3_VH_1_CONTROL,VH,CONTROL,3_VH_1_CONTROL__hybrid_optuna_210,all6,hybrid_optuna,generic_seed,trial_174,hybrid,1710e98be83bf964,1,True,1.5091108615245938,1,269.85597593230204,4.92019054140044e-05,0.00010064081090040632,137.04120867538052,27.159559332916317,5.190825458221186e-06,3.820111711980324e-06,2.840194206954958e-07,0.26324676222882054,6,0,5.092566936014118,1968.1798541559149,0.1904761904761905,0.8095238095238096,0.4166666666666667,1968.1798541559149,0.8095238095238096,0.4166666666666667,2095.952037143329,0.0,0.0,1969.4060446321055,True,False,False,optuna_seeded,174.0,"[""scalar""]",[1.5091108615245938],False,,184,False,5.092566936014118,0.1904761904761905
3_VH_1_CONTROL,VH,CONTROL,3_VH_1_CONTROL__hybrid_optuna_211,all6,hybrid_optuna,generic_seed,trial_160,hybrid,1710e98be83bf964,1,True,1.50957119691162,1,125.29824729666123,4.9468917723884545e-05,0.0026594270780161237,69.26761605464007,11.788831866785019,3.2218022746048707e-06,5.067773228116416e-06,8.946005417608954e-08,0.34944727919946594,6,0,5.100852972980586,1970.3464653149483,0.1904761904761905,0.8095238095238096,0.4166666666666667,1970.3464653149483,0.8095238095238096,0.4166666666666667,543.5515709572953,0.0,0.0,1971.572655791139,True,False,False,optuna_seeded,160.0,"[""scalar""]",[1.50957119691162],False,,185,False,5.100852972980586,0.1904761904761905
3_VH_1_CONTROL,VH,CONTROL,3_VH_1_CONTROL__hybrid_optuna_167,all6,hybrid_optuna,generic_seed,trial_139,hybrid,1710e98be83bf964,1,True,1.4263452562889805,1,259.07549670815746,6.449293142166506e-05,0.00034565959725070273,126.3563285999464,49.36954099207997,3.925413871506348e-06,3.169229857206163e-06,1.0751217326648445e-08,0.3789963036272237,6,0,5.102786041773077,2008.7330518608333,0.1904761904761905,0.8095238095238096,0.3333333333333333,2008.7330518608333,0.8095238095238096,0.3333333333333333,1788.503702494988,0.0,0.0,2009.8759090036904,True,False,False,optuna_seeded,139.0,"[""scalar""]",[1.4263452562889805],False,,186,False,5.102786041773077,0.1904761904761905
3_VH_1_CONTROL,VH,CONTROL,3_VH_1_CONTROL__hybrid_optuna_225,all6,hybrid_optuna,generic_seed,trial_138,hybrid,1710e98be83bf964,1,True,1.5967119407465353,1,197.3103668131462,4.0559628041904706e-05,0.0008791564067929336,129.78195113391456,26.088825467918156,1.111136267366891e-05,1.2529771939333177e-06,1.759629856530093e-08,0.4101212173911954,6,0,5.1693863620090665,1977.8783287992774,0.1904761904761905,0.8095238095238096,0.5,1977.8783287992774,0.8095238095238096,0.5,1883.7583879591828,0.0,0.0,1979.1878526088012,True,False,False,optuna_seeded,138.0,"[""scalar""]",[1.5967119407465353],False,,187,False,5.1693863620090665,0.1904761904761905
3_VH_1_CONTROL,VH,CONTROL,3_VH_1_CONTROL__hybrid_optuna_213,all6,hybrid_optuna,generic_seed,trial_195,hybrid,1710e98be83bf964,1,True,1.5134540649286163,1,473.5847954247845,4.5570712360016785e-05,0.0003183031390233839,104.50445681820761,10.044841068685686,4.599053691409163e-06,2.6046982477834465e-06,1.3391938378209482e-08,0.5760543526929158,6,0,5.170744597286519,1991.1729188637673,0.1904761904761905,0.8095238095238096,0.4166666666666667,1991.1729188637673,0.8095238095238096,0.4166666666666667,1227.0076097505216,0.0,0.0,1992.399109339958,True,False,False,optuna_seeded,195.0,"[""scalar""]",[1.5134540649286163],False,,188,False,5.170744597286519,0.1904761904761905
3_VH_1_CONTROL,VH,CONTROL,3_VH_1_CONTROL__hybrid_optuna_084,all6,hybrid_optuna,generic_seed,trial_152,hybrid,1710e98be83bf964,1,True,1.348102496959188,1,252.84796552313284,5.90198627140131e-05,0.00023185305914348668,105.6185662815808,6.4086521157647445,3.866854459595712e-06,3.4522274604457475e-06,7.462882958420973e-08,0.5079671324404783,6,0,5.1944163738368125,2031.7917493736188,0.1904761904761905,0.8095238095238096,0.25,2031.7917493736188,0.8095238095238096,0.25,1249.2059663410666,0.0,0.0,2032.8512731831427,True,False,False,optuna_seeded,152.0,"[""scalar""]",[1.348102496959188],False,,189,False,5.1944163738368125,0.1904761904761905
3_VH_1_CONTROL,VH,CONTROL,3_VH_1_CONTROL__hybrid_optuna_087,all6,hybrid_optuna,generic_seed,trial_268,hybrid,1710e98be83bf964,1,True,1.3485126350805403,1,93.23564861344576,4.5344897375393535e-05,9.895423640606184e-05,106.53948456528728,1.2820339400346563,1.2510731020070969e-06,3.239509325921239e-05,3.376774654999808e-05,0.11669267133739036,6,0,5.201798860021154,2006.0790263993122,0.1904761904761905,0.8095238095238096,0.25,2006.0790263993122,0.8095238095238096,0.25,1266.1275290476858,0.0,0.0,2007.138550208836,True,False,False,optuna_seeded,268.0,"[""scalar""]",[1.3485126350805403],False,,190,False,5.201798860021154,0.1904761904761905
3_VH_1_CONTROL,VH,CONTROL,3_VH_1_CONTROL__hybrid_optuna_090,all6,hybrid_optuna,generic_seed,trial_202,hybrid,1710e98be83bf964,1,True,1.348814643113911,1,260.5879240737623,6.001292783509409e-05,0.00018735589259326294,131.39173106221304,5.9356626398992,6.279309962426451e-06,2.4427569709775778e-06,1.3782246146628154e-08,0.4261663197009003,6,0,5.207235004621826,2039.4197180088113,0.1904761904761905,0.8095238095238096,0.25,2039.4197180088113,0.8095238095238096,0.25,1929.6469195590134,0.0,0.0,2040.4792418183351,True,False,False,optuna_seeded,202.0,"[""scalar""]",[1.348814643113911],False,,191,False,5.207235004621826,0.1904761904761905
3_VH_1_CONTROL,VH,CONTROL,3_VH_1_CONTROL__hybrid_optuna_098,all6,hybrid_optuna,generic_seed,trial_78,hybrid,1710e98be83bf964,1,True,1.3518637925035708,1,161.8597156909101,4.758851724596019e-05,7.132908399345184e-05,20.989805509941306,0.02527668624085576,3.1230855507288643e-06,9.430738352415445e-06,1.6137659830381758e-06,0.24574388926541468,6,0,5.262119693635703,2032.277735208133,0.1904761904761905,0.8095238095238096,0.25,2032.277735208133,0.8095238095238096,0.25,57.51314003289065,0.0,0.0,2033.3372590176568,True,False,False,optuna_seeded,78.0,"[""scalar""]",[1.3518637925035708],False,,192,False,5.262119693635703,0.1904761904761905
3_VH_1_CONTROL,VH,CONTROL,3_VH_1_CONTROL__hybrid_optuna_100,all6,hybrid_optuna,generic_seed,trial_137,hybrid,1710e98be83bf964,1,True,1.3534020812799943,1,188.57636632677765,5.7693506759864775e-05,0.0005898006654100693,122.8223989663363,35.77811295018305,9.589305798307411e-06,2.167149537023503e-06,1.2796847846864587e-08,0.35537378266289427,6,0,5.289808891611323,2066.139967590211,0.1904761904761905,0.8095238095238096,0.25,2066.139967590211,0.8095238095238096,0.25,1689.3271580626767,0.0,0.0,2067.199491399735,True,False,False,optuna_seeded,137.0,"[""scalar""]",[1.3534020812799943],False,,193,False,5.289808891611323,0.1904761904761905
3_VH_1_CONTROL,VH,CONTROL,3_VH_1_CONTROL__hybrid_optuna_214,all6,hybrid_optuna,generic_seed,trial_217,hybrid,1710e98be83bf964,1,True,1.5206484690828301,1,166.66581167017637,3.778488516826263e-05,0.0003390345139061902,131.0125559815805,31.978268525882246,3.0129113449271555e-06,4.247277668435949e-06,1.4492288328083401e-08,0.5637601684988675,6,0,5.300243872062372,2028.39944488092,0.1904761904761905,0.8095238095238096,0.4166666666666667,2028.39944488092,0.8095238095238096,0.4166666666666667,1920.692054959669,0.0,0.0,2029.6256353571107,True,False,False,optuna_seeded,217.0,"[""scalar""]",[1.5206484690828301],False,,194,False,5.300243872062372,0.1904761904761905
3_VH_1_CONTROL,VH,CONTROL,3_VH_1_CONTROL__hybrid_optuna_101,all6,hybrid_optuna,generic_seed,trial_151,hybrid,1710e98be83bf964,1,True,1.3540705355214238,1,220.06307547934912,5.2437918451398336e-05,0.00016371608234434857,131.88124163504096,40.41512772947945,7.885599487713956e-06,2.5212301092152903e-06,1.2876490509966661e-08,0.40878763168797916,6,0,5.301841067957054,2059.546110640385,0.1904761904761905,0.8095238095238096,0.25,2059.546110640385,0.8095238095238096,0.25,1946.5902637933602,0.0,0.0,2060.605634449909,True,False,False,optuna_seeded,151.0,"[""scalar""]",[1.3540705355214238],False,,195,False,5.301841067957054,0.1904761904761905
3_VH_1_CONTROL,VH,CONTROL,3_VH_1_CONTROL__hybrid_optuna_104,all6,hybrid_optuna,generic_seed,trial_153,hybrid,1710e98be83bf964,1,True,1.355473795698513,1,306.0242014381926,4.413023233047936e-05,0.0002443021077129557,119.13963991868866,13.563771805329239,4.153526582394682e-06,3.984913862976348e-06,1.4600004291161725e-07,0.5168845738948523,6,0,5.327099751144662,2052.5457048986077,0.1904761904761905,0.8095238095238096,0.25,2052.5457048986077,0.8095238095238096,0.25,1586.4272905749294,0.0,0.0,2053.6052287081316,True,False,False,optuna_seeded,153.0,"[""scalar""]",[1.355473795698513],False,,196,False,5.327099751144662,0.1904761904761905
3_VH_1_CONTROL,VH,CONTROL,3_VH_1_CONTROL__hybrid_optuna_111,all6,hybrid_optuna,generic_seed,trial_249,hybrid,1710e98be83bf964,1,True,1.3600876487249753,1,133.50996425223528,3.946308974895574e-05,6.0941696192984065e-05,101.94322110195792,1.9221607964462757,1.7498190255131248e-06,1.9330917074611532e-05,5.802820457676175e-06,0.22920934834764756,6,0,5.410149105620985,2078.8907229942474,0.1904761904761905,0.8095238095238096,0.25,2078.8907229942474,0.8095238095238096,0.25,1160.947482593784,0.0,0.0,2079.9502468037713,True,False,False,optuna_seeded,249.0,"[""scalar""]",[1.3600876487249753],False,,197,False,5.410149105620985,0.1904761904761905
3_VH_1_CONTROL,VH,CONTROL,3_VH_1_CONTROL__hybrid_optuna_217,all6,hybrid_optuna,generic_seed,trial_168,hybrid,1710e98be83bf964,1,True,1.531906092794987,1,324.58515440431654,2.9745237696781573e-05,0.00013865572670708682,115.14982074186742,20.270160786862945,6.355628214182077e-06,2.8022620949105555e-06,4.2167757085001446e-08,0.3788373113029664,6,0,5.5028810988811925,2101.9635806634624,0.1904761904761905,0.8095238095238096,0.4166666666666667,2101.9635806634624,0.8095238095238096,0.4166666666666667,1486.1154129338802,0.0,0.0,2103.1897711396527,True,False,False,optuna_seeded,168.0,"[""scalar""]",[1.531906092794987],False,,198,False,5.5028810988811925,0.1904761904761905
3_VH_1_CONTROL,VH,CONTROL,3_VH_1_CONTROL__hybrid_optuna_116,all6,hybrid_optuna,generic_seed,trial_227,hybrid,1710e98be83bf964,1,True,1.3654627102564991,1,153.3854471567803,3.238981343597724e-05,0.00019881751164364128,98.93153851529216,6.186676017165208,5.216052815781059e-06,3.6756783321022674e-06,1.1666046904960529e-07,0.41225127178306176,6,0,5.506900213188412,2106.3011744429064,0.1904761904761905,0.8095238095238096,0.25,2106.3011744429064,0.8095238095238096,0.25,1097.3357697416436,0.0,0.0,2107.36069825243,True,False,False,optuna_seeded,227.0,"[""scalar""]",[1.3654627102564991],False,,199,False,5.506900213188412,0.1904761904761905
3_VH_1_CONTROL,VH,CONTROL,3_VH_1_CONTROL__hybrid_optuna_133,all6,hybrid_optuna,generic_seed,trial_112,hybrid,1710e98be83bf964,1,True,1.3811209749544244,1,418.2997722149678,9.392287352277706e-05,5.375578052434993e-05,140.13694419915805,4.591435968430435,1.5835935783129962e-06,4.246719508504024e-06,7.015950152412084e-06,0.8401212355552955,6,0,5.788748977751069,2386.3929571614112,0.1904761904761905,0.8095238095238096,0.25,2386.3929571614112,0.8095238095238096,0.25,2187.0574796252954,0.0,0.0,2387.452480970935,True,False,False,optuna_seeded,112.0,"[""scalar""]",[1.3811209749544244],False,,200,False,5.788748977751069,0.1904761904761905
3_VH_1_CONTROL,VH,CONTROL,3_VH_1_CONTROL__hybrid_optuna_135,all6,hybrid_optuna,generic_seed,trial_262,hybrid,1710e98be83bf964,1,True,1.3825854122991068,1,89.57335984278069,2.4090532258399015e-05,5.3182936642352654e-05,99.4918914319666,1.3173422380754116,1.2057157328606995e-06,3.2955004976145546e-05,4.3979613139374125e-05,0.17896968055568763,6,0,5.815108849955351,2233.3644376703237,0.1904761904761905,0.8095238095238096,0.25,2233.3644376703237,0.8095238095238096,0.25,1106.3935373355823,0.0,0.0,2234.4239614798475,True,False,False,optuna_seeded,262.0,"[""scalar""]",[1.3825854122991068],False,,201,False,5.815108849955351,0.1904761904761905
3_VH_1_CONTROL,VH,CONTROL,3_VH_1_CONTROL__hybrid_optuna_150,all6,hybrid_optuna,generic_seed,trial_91,hybrid,1710e98be83bf964,1,True,1.3987694532454777,1,361.0003062554282,0.00010864505729166715,3.5871279043643866e-05,20.210461247544345,1.2457488034551858,1.6998482845540187e-07,4.901384360773859e-05,3.704998629213613e-06,1.0659125678965047,6,0,6.106421586990027,2551.3394709859904,0.1904761904761905,0.8095238095238096,0.25,2551.3394709859904,0.8095238095238096,0.25,57.38225882385455,0.0,0.0,2552.398994795514,True,False,False,optuna_seeded,91.0,"[""scalar""]",[1.3987694532454777],False,,202,False,6.106421586990027,0.1904761904761905
3_VH_1_CONTROL,VH,CONTROL,3_VH_1_CONTROL__hybrid_optuna_156,all6,hybrid_optuna,generic_seed,trial_84,hybrid,1710e98be83bf964,1,True,1.403260783725967,1,365.382462493488,0.00011071110635082924,4.214028287995196e-05,19.181367335664028,0.3282805482053444,1.8854036566089663e-07,4.248121228718283e-05,2.292001591116333e-05,1.05735531307592,6,0,6.187265535638834,2601.311849909435,0.1904761904761905,0.8095238095238096,0.25,2601.311849909435,0.8095238095238096,0.25,51.00184264644508,0.0,0.0,2602.3713737189587,True,False,False,optuna_seeded,84.0,"[""scalar""]",[1.403260783725967],False,,203,False,6.187265535638834,0.1904761904761905
3_VH_1_CONTROL,VH,CONTROL,3_VH_1_CONTROL__hybrid_optuna_238,all6,hybrid_optuna,generic_seed,trial_52,hybrid,1710e98be83bf964,1,True,1.6552612463045513,1,56.726510541139874,1.5436431299509476e-05,0.0064540064598491275,12.078931687879503,0.4454949662789179,2.5590116421662323e-05,6.435372430949569e-07,9.619278326804334e-07,0.34896843039903064,6,0,6.22327386205335,2406.867891486855,0.1904761904761905,0.8095238095238096,0.5,2406.867891486855,0.8095238095238096,0.5,25.01824862257523,0.0,0.0,2408.177415296379,True,False,False,optuna_seeded,52.0,"[""scalar""]",[1.6552612463045513],False,,204,False,6.22327386205335,0.1904761904761905
3_VH_1_CONTROL,VH,CONTROL,3_VH_1_CONTROL__hybrid_optuna_161,all6,hybrid_optuna,generic_seed,trial_224,hybrid,1710e98be83bf964,1,True,1.4176381794461452,1,172.6568999619673,4.4075341405893764e-05,0.0001500663641066312,116.4786262364938,5.07815537652043,1.3064897136379888e-05,1.149048688616752e-05,7.001196171083552e-06,0.22620116322572517,6,0,6.446058658602045,2599.923923792731,0.1904761904761905,0.8095238095238096,0.25,2599.923923792731,0.8095238095238096,0.25,1511.60056533779,0.0,0.0,2600.9834476022547,True,False,False,optuna_seeded,224.0,"[""scalar""]",[1.4176381794461452],False,,205,False,6.446058658602045,0.1904761904761905
3_VH_1_CONTROL,VH,CONTROL,3_VH_1_CONTROL__hybrid_optuna_171,all6,hybrid_optuna,generic_seed,trial_47,hybrid,1710e98be83bf964,1,True,1.4315093435016826,1,38.47748724039964,1.5754557935304144e-05,0.016985607160918414,12.94232824839673,0.05850838739362715,8.049098108943343e-05,1.3392715436354725e-06,0.05001362071683547,0.16499160158518347,6,0,6.695739611601714,2622.585653915252,0.1904761904761905,0.8095238095238096,0.25,2622.585653915252,0.8095238095238096,0.25,29.216661840758093,0.0,0.0,2623.6451777247757,True,False,False,optuna_seeded,47.0,"[""scalar""]",[1.4315093435016826],False,,206,False,6.695739611601714,0.1904761904761905
3_VH_1_CONTROL,VH,CONTROL,3_VH_1_CONTROL__hybrid_optuna_172,all6,hybrid_optuna,generic_seed,trial_48,hybrid,1710e98be83bf964,1,True,1.4339086737363556,1,35.229381890997566,1.6156765890385024e-05,0.004558301552034197,41.86592050091521,0.060258162376256044,0.00010449348818847606,1.1415122831408673e-06,1.4726543455899514e-05,0.17456172932181505,6,0,6.7389275558258275,2639.0900376810346,0.1904761904761905,0.8095238095238096,0.25,2639.0900376810346,0.8095238095238096,0.25,199.5369005253039,0.0,0.0,2640.1495614905584,True,False,False,optuna_seeded,48.0,"[""scalar""]",[1.4339086737363556],False,,207,False,6.7389275558258275,0.1904761904761905
3_VH_1_CONTROL,VH,CONTROL,3_VH_1_CONTROL__hybrid_optuna_216,all6,hybrid_optuna,generic_seed,trial_103,hybrid,1710e98be83bf964,1,True,1.528084754353924,1,105.15005531185416,0.00020326068290584738,1.532756536795687e-05,45.059631944484124,0.025470548296864064,1.908263717131872e-06,9.920879966408785e-06,1.841221149766545e-05,0.9953306533528985,6,0,18.14280410200072,24092.176135542017,0.1904761904761905,0.8095238095238096,0.4166666666666667,24092.176135542017,0.8095238095238096,0.4166666666666667,232.1774425691873,0.0,0.0,24093.402326018208,False,False,False,optuna_seeded,103.0,"[""scalar""]",[1.528084754353924],False,,208,False,18.14280410200072,0.1904761904761905
3_VH_1_CONTROL,VH,CONTROL,3_VH_1_CONTROL__hybrid_optuna_296,all6,hybrid_optuna,generic_seed,trial_148,hybrid,1710e98be83bf964,1,True,2.21253779251161,1,289.715688998072,0.010516754163510268,0.00014448701093136294,147.54154990605085,19.603452626130665,2.1679673435364667e-05,1.7085702663963119e-06,2.5767506346340603e-08,0.3319553110624167,6,0,26.880963978161223,40048.43385208431,0.1904761904761905,0.8095238095238096,0.5,40048.43385208431,0.8095238095238096,0.5,2426.8172894907398,0.0,0.0,40049.743375893835,False,False,False,optuna_seeded,148.0,"[""scalar""]",[2.21253779251161],False,,209,False,26.880963978161223,0.1904761904761905
3_VH_1_CONTROL,VH,CONTROL,3_VH_1_CONTROL__hybrid_optuna_300,all6,hybrid_optuna,generic_seed,trial_234,hybrid,1710e98be83bf964,1,True,2.9671122189937176,1,130.19719382316686,0.0007694277032157131,6.094306483054276e-05,118.5524779715348,1.9471452848029802,2.1256206354765547e-06,1.2316081237673203e-05,6.58446969048992e-06,0.3028562860721418,6,0,35.54742080700934,69074.9766495787,0.1904761904761905,0.8095238095238096,0.5833333333333334,69074.9766495787,0.8095238095238096,0.5833333333333334,1564.1983847455836,0.0,0.0,69076.36950672156,False,False,False,optuna_seeded,234.0,"[""scalar""]",[2.9671122189937176],False,,210,False,35.54742080700934,0.1904761904761905
3_VH_1_CONTROL,VH,CONTROL,3_VH_1_CONTROL__hybrid_optuna_294,all6,hybrid_optuna,generic_seed,trial_150,hybrid,1710e98be83bf964,1,True,2.117695289611995,1,168.90209092483224,0.0013663020195516715,0.0004489655943146514,117.96830724900133,10.353231382139807,1.6144816219358564e-05,4.214247082047138e-06,1.9731692869612813e-08,0.5541087505505878,6,0,41.84684157862782,81338.68657132535,0.1904761904761905,0.8095238095238096,0.5,81338.68657132535,0.8095238095238096,0.5,1554.1608941179302,0.0,0.0,81339.99609513488,False,False,False,optuna_seeded,150.0,"[""scalar""]",[2.117695289611995],False,,211,False,41.84684157862782,0.1904761904761905
3_VH_1_CONTROL,VH,CONTROL,3_VH_1_CONTROL__hybrid_optuna_258,all6,hybrid_optuna,generic_seed,trial_23,hybrid,1710e98be83bf964,1,True,1.724477947867495,1,105.95020108755847,1.8847217363563046e-05,18.93378202617219,69.17651336542683,0.0031935504961918683,6.284946321406843e-08,3.3357885804529006e-08,0.012925492080593914,5.242587138553131,6,0,5.963125924172176,2407.479035478285,0.1901401590309594,0.8098598409690406,0.5833333333333334,2407.479035478285,0.8098598409690406,0.5833333333333334,554.8916327200568,0.0,0.0,2408.8722286525876,True,False,False,optuna_seeded,23.0,"[""scalar""]",[1.724477947867495],False,,212,False,5.963125924172176,0.1901401590309594
3_VH_1_CONTROL,VH,CONTROL,3_VH_1_CONTROL__hybrid_optuna_295,all6,hybrid_optuna,generic_seed,trial_11,hybrid,1710e98be83bf964,1,True,2.1948450546651244,1,8.398288972767883,0.09146256802910263,0.5689196370496582,39.54769683520511,0.001277237297431409,1.199666122063665e-08,0.0009639219104777114,5.117854663976652e-07,0.25501204672317196,6,0,14.429733846529507,10827.072284296219,0.1901401590309594,0.8098598409690406,0.5833333333333334,10827.072284296219,0.8098598409690406,0.5833333333333334,189.4446013455037,0.0,0.0,10828.465477470521,True,False,False,optuna_seeded,11.0,"[""scalar""]",[2.1948450546651244],False,,213,False,14.429733846529507,0.1901401590309594
3_VH_1_CONTROL,VH,CONTROL,3_VH_1_CONTROL__hybrid_optuna_215,all6,hybrid_optuna,generic_seed,trial_196,hybrid,1710e98be83bf964,1,True,1.5270927078337924,1,495.6781204874398,6.430114033611433e-05,0.0006828062180283838,107.75236761311979,3.9607322595139127,1.575468530224219e-05,9.664729707750366e-06,3.06248825723685e-08,0.35193158116223416,6,0,6.894144204748213,2906.705004089467,0.18924863687444168,0.8107513631255584,0.3333333333333333,2906.705004089467,0.8107513631255584,0.3333333333333333,1298.9733306361486,0.0,0.0,2907.849088785926,True,False,False,optuna_seeded,196.0,"[""scalar""]",[1.5270927078337924],False,,214,False,6.894144204748213,0.18924863687444168
3_VH_1_CONTROL,VH,CONTROL,3_VH_1_CONTROL__hybrid_optuna_221,all6,hybrid_optuna,generic_seed,trial_273,hybrid,1710e98be83bf964,1,True,1.5901246175609787,1,68.72432191923555,4.612075707556703e-05,5.345602347383457e-05,97.39208631718037,1.3878903470782327,8.294684466548378e-07,3.7009330422721144e-05,0.00011191859973749166,0.0912708981025455,6,0,5.006322171532681,1930.1038818470697,0.18800439196861482,0.8119956080313853,0.5,1930.1038818470697,0.8119956080313853,0.5,1060.4745397003946,0.0,0.0,1931.415877455101,True,False,False,optuna_seeded,273.0,"[""scalar""]",[1.5901246175609787],False,,215,False,5.006322171532681,0.18800439196861482
3_VH_1_CONTROL,VH,CONTROL,3_VH_1_CONTROL__hybrid_optuna_228,all6,hybrid_optuna,generic_seed,trial_173,hybrid,1710e98be83bf964,1,True,1.6006372933652409,1,368.40769031298106,3.71336239808198e-05,0.0003769989028244804,128.70336268447554,14.162113065639991,3.6095856659438447e-06,3.057276312404349e-06,2.3825113350388966e-08,0.48962844849607373,6,0,5.176625746930417,1978.1211851441874,0.18695302590867113,0.813046974091329,0.5,1978.1211851441874,0.813046974091329,0.5,1852.4562360744426,0.0,0.0,1979.4342321182787,True,False,False,optuna_seeded,173.0,"[""scalar""]",[1.6006372933652409],False,,216,False,5.176625746930417,0.18695302590867113
3_VH_1_CONTROL,VH,CONTROL,3_VH_1_CONTROL__hybrid_optuna_212,all6,hybrid_optuna,generic_seed,trial_172,hybrid,1710e98be83bf964,1,True,1.5109060268947754,1,179.24309541594067,6.562971440491542e-05,0.0002663782149302372,139.70443445696844,4.2348782971492005,2.617907305283777e-06,4.76304935074865e-06,1.5665645169460762e-08,0.31136059443555064,6,0,5.0573222670210685,1993.4066527978805,0.1867229879397284,0.8132770120602717,0.4166666666666667,1993.4066527978805,0.8132770120602717,0.4166666666666667,2178.9333651399975,0.0,0.0,1994.6365964766076,True,False,False,optuna_seeded,172.0,"[""scalar""]",[1.5109060268947754],False,,217,False,5.0573222670210685,0.1867229879397284
3_VH_1_CONTROL,VH,CONTROL,3_VH_1_CONTROL__hybrid_optuna_195,all6,hybrid_optuna,generic_seed,trial_42,hybrid,1710e98be83bf964,1,True,1.4690988974094865,1,42.093707192147896,1.0342217972344401e-05,0.023796048153067614,18.32451210044119,0.36368733922196234,4.753317231073014e-06,8.584704189062048e-05,0.04751786312832144,0.49742971465166413,6,0,7.301151201527315,3009.996805382254,0.18652061378647541,0.8134793862135247,0.25,3009.996805382254,0.8134793862135247,0.25,48.31349435875896,0.0,0.0,3011.0602847684677,True,False,False,optuna_seeded,42.0,"[""scalar""]",[1.4690988974094865],False,,218,False,7.301151201527315,0.18652061378647541
3_VH_1_CONTROL,VH,CONTROL,3_VH_1_CONTROL__hybrid_optuna_113,all6,hybrid_optuna,generic_seed,trial_205,hybrid,1710e98be83bf964,1,True,1.3628916325690836,1,188.9459535697864,8.275111684196504e-05,7.998856743243733e-05,126.21633832343697,9.747773585810227,4.490490110513477e-06,1.7647904448840473e-06,5.725741822037987e-06,0.5081095672561512,6,0,5.389169564781682,2174.887094114197,0.18650667658545417,0.8134933234145459,0.25,2174.887094114197,0.8134933234145459,0.25,1775.7162784963245,0.0,0.0,2175.950587437612,True,False,False,optuna_seeded,205.0,"[""scalar""]",[1.3628916325690836],False,,219,False,5.389169564781682,0.18650667658545417
3_VH_1_CONTROL,VH,CONTROL,3_VH_1_CONTROL__hybrid_optuna_235,all6,hybrid_optuna,generic_seed,trial_101,hybrid,1710e98be83bf964,1,True,1.647022042246146,1,143.24633069514206,0.00044681764533645855,2.3695894167403385e-05,22.5881384686554,0.04482967174927949,8.282992409791856e-07,3.497052297065543e-05,5.056872891347524e-05,0.43390634533486144,6,0,28.806042985363415,43895.294613370126,0.18568019570140984,0.8143198042985903,0.5833333333333334,43895.294613370126,0.8143198042985903,0.5833333333333334,63.677727072393594,0.0,0.0,43896.69226650776,False,False,False,optuna_seeded,101.0,"[""scalar""]",[1.647022042246146],False,,220,False,28.806042985363415,0.18568019570140984
3_VH_1_CONTROL,VH,CONTROL,3_VH_1_CONTROL__hybrid_optuna_181,all6,hybrid_optuna,generic_seed,trial_36,hybrid,1710e98be83bf964,1,True,1.4462129466859437,1,9.528920233929334,2.9233447734016457e-05,1.9941002214514516,53.537929447651436,0.03746410032902874,3.9932931547041596e-05,3.629962292467818e-06,0.07226315182335741,0.4627299739825426,6,0,6.87094383003227,2748.7624670345576,0.1855061549825158,0.8144938450174842,0.25,2748.7624670345576,0.8144938450174842,0.25,329.4756418569364,0.0,0.0,2749.826960879575,True,False,False,optuna_seeded,36.0,"[""scalar""]",[1.4462129466859437],False,,221,False,6.87094383003227,0.1855061549825158
3_VH_1_CONTROL,VH,CONTROL,3_VH_1_CONTROL__hybrid_optuna_227,all6,hybrid_optuna,generic_seed,trial_179,hybrid,1710e98be83bf964,1,True,1.599632728804312,1,235.11127287750796,3.990291127915856e-05,0.0005179033525337817,149.19294205145246,33.52422368241412,6.490936177219903e-06,1.897447449583222e-06,7.08249682711029e-08,0.4159692784310099,6,0,5.1196724563650315,1959.0804554455256,0.18479351877152309,0.815206481228477,0.5,1959.0804554455256,0.815206481228477,0.5,2483.011084835334,0.0,0.0,1960.395661926754,True,False,False,optuna_seeded,179.0,"[""scalar""]",[1.599632728804312],False,,222,False,5.1196724563650315,0.18479351877152309
3_VH_1_CONTROL,VH,CONTROL,3_VH_1_CONTROL__hybrid_optuna_200,all6,hybrid_optuna,generic_seed,trial_57,hybrid,1710e98be83bf964,1,True,1.4755533092973963,1,25.66489485849128,5.471268345241544e-05,0.0005473147840015368,30.363566608014757,0.05253516456161367,0.00013936869244907265,0.00019242519541797456,0.00034130528955715047,0.13026726458008095,6,0,7.380450979253669,3042.5378953623117,0.18447174510558542,0.8155282548944146,0.25,3042.5378953623117,0.8155282548944146,0.25,106.33551152166405,0.0,0.0,3043.6034236172063,True,False,False,optuna_seeded,57.0,"[""scalar""]",[1.4755533092973963],False,,223,False,7.380450979253669,0.18447174510558542
3_VH_1_CONTROL,VH,CONTROL,3_VH_1_CONTROL__hybrid_optuna_293,all6,hybrid_optuna,generic_seed,trial_114,hybrid,1710e98be83bf964,1,True,1.9792567050979364,1,157.3759256699149,0.024805086670869878,0.0001256104891454321,137.3298776476082,5.459152475226927,7.823422343067686e-07,7.32754123329117e-06,4.984071760104661e-06,0.5650689425199705,6,0,16.41483170726855,13086.260875666441,0.18267838975031644,0.8173216102496837,0.25,13086.260875666441,0.8173216102496837,0.25,2097.9361505693214,0.0,0.0,13087.32819727669,True,False,False,optuna_seeded,114.0,"[""scalar""]",[1.9792567050979364],False,,224,False,16.41483170726855,0.18267838975031644
3_VH_1_CONTROL,VH,CONTROL,3_VH_1_CONTROL__hybrid_optuna_149,all6,hybrid_optuna,generic_seed,trial_85,hybrid,1710e98be83bf964,1,True,1.3969679294346529,1,313.0991313450049,0.0001065981718767069,4.87443426095876e-05,16.53534868306584,1.3627684901180928,1.3295291834093185e-07,4.38523678973397e-05,2.3968839756675308e-05,1.091633673517212,6,0,5.903543223882996,2448.3567840678065,0.1810066941144025,0.8189933058855976,0.25,2448.3567840678065,0.8189933058855976,0.25,41.723800899317496,0.0,0.0,2449.425777373692,True,False,False,optuna_seeded,85.0,"[""scalar""]",[1.3969679294346529],False,,225,False,5.903543223882996,0.1810066941144025
3_VH_1_CONTROL,VH,CONTROL,3_VH_1_CONTROL__hybrid_optuna_182,all6,hybrid_optuna,generic_seed,trial_67,hybrid,1710e98be83bf964,1,True,1.4464046905525993,1,85.96449861094261,5.563983664950555e-05,0.07500733267940869,2.041894904091123,0.02103421656757614,5.9890504499227595e-05,2.813518226853749e-06,3.865786309281257e-07,0.39099097047374987,6,0,6.7750290564760585,2770.4375510959035,0.17998581258495952,0.8200141874150405,0.25,2770.4375510959035,0.8200141874150405,0.25,7.766522171752139,0.0,0.0,2771.5075652833184,True,False,False,optuna_seeded,67.0,"[""scalar""]",[1.4464046905525993],False,,226,False,6.7750290564760585,0.17998581258495952
3_VH_1_CONTROL,VH,CONTROL,3_VH_1_CONTROL__hybrid_optuna_292,all6,hybrid_optuna,generic_seed,trial_70,hybrid,1710e98be83bf964,1,True,1.9760859856596484,1,141.9187542209979,0.00355256484203854,1.9240314137540666e-05,20.8553505297685,0.08704792613587271,1.196076461200812e-06,3.6403166289204515e-06,9.927984893320742e-08,0.3961478912727998,6,0,35.75966803289858,66733.02695356811,0.17880698194133124,0.8211930180586688,0.5833333333333334,66733.02695356811,0.8211930180586688,0.5833333333333334,59.63320017762793,0.0,0.0,66734.4314799195,False,False,False,optuna_seeded,70.0,"[""scalar""]",[1.9760859856596484],False,,227,False,35.75966803289858,0.17880698194133124
3_VH_1_CONTROL,VH,CONTROL,3_VH_1_CONTROL__hybrid_optuna_198,all6,hybrid_optuna,generic_seed,trial_51,hybrid,1710e98be83bf964,1,True,1.4730239485456573,1,44.93401006196949,1.7844246136584415e-05,0.011871405488685007,5.285720492388081,0.030291939236507744,7.854873281537149e-05,1.3539585634762107e-05,1.0476048363013734e-05,0.18376935777915715,6,0,7.218521095091183,2953.6766683349015,0.1780050011816305,0.8219949988183696,0.25,2953.6766683349015,0.8219949988183696,0.25,8.26572129035465,0.0,0.0,2954.74866333372,True,False,False,optuna_seeded,51.0,"[""scalar""]",[1.4730239485456573],False,,228,False,7.218521095091183,0.1780050011816305
3_VH_1_CONTROL,VH,CONTROL,3_VH_1_CONTROL__hybrid_optuna_174,all6,hybrid_optuna,generic_seed,trial_65,hybrid,1710e98be83bf964,1,True,1.4364893394744476,1,21.213551902307735,0.00017366158404461438,0.1463230518266463,27.683325574368418,0.11725700771680518,2.0889867864878442e-05,0.009820301595350769,3.699292881625187e-05,0.10201113436835363,6,0,6.551877025764882,2584.470598266805,0.1775038286236015,0.8224961713763985,0.25,2584.470598266805,0.8224961713763985,0.25,91.33748280467663,0.0,0.0,2585.5430944381815,True,False,False,optuna_seeded,65.0,"[""scalar""]",[1.4364893394744476],False,,229,False,6.551877025764882,0.1775038286236015
3_VH_1_CONTROL,VH,CONTROL,3_VH_1_CONTROL__hybrid_optuna_229,all6,hybrid_optuna,generic_seed,trial_87,hybrid,1710e98be83bf964,1,True,1.6012871838077622,1,302.9890275727155,6.54124911324289e-05,2.643620389564579e-05,29.520574000694978,3.900456072923203,2.581868638073388e-07,2.4520504672612263e-05,8.930881460320417e-06,0.7895360169701426,6,0,5.00799795717409,1963.9554636331752,0.17693492492413168,0.8230650750758685,0.5,1963.9554636331752,0.8230650750758685,0.5,109.19358955203545,0.0,0.0,1965.278528708251,True,False,False,optuna_seeded,87.0,"[""scalar""]",[1.6012871838077622],False,,230,False,5.00799795717409,0.17693492492413168
3_VH_1_CONTROL,VH,CONTROL,3_VH_1_CONTROL__hybrid_optuna_191,all6,hybrid_optuna,generic_seed,trial_34,hybrid,1710e98be83bf964,1,True,1.460724195256733,1,13.300340894077873,3.544579844265654e-05,1.349383774262257,50.71200620277519,0.008956587134969385,0.00020471475039408475,1.131055153672766e-07,0.02543075205646143,4.6561936027805775,6,0,6.97701509143058,2775.537630497824,0.17688775426718828,0.8231122457328118,0.25,2775.537630497824,0.8231122457328118,0.25,297.94891628010987,0.0,0.0,2776.610742743557,True,False,False,optuna_seeded,34.0,"[""scalar""]",[1.460724195256733],False,,231,False,6.97701509143058,0.17688775426718828
3_VH_1_CONTROL,VH,CONTROL,3_VH_1_CONTROL__hybrid_optuna_197,all6,hybrid_optuna,generic_seed,trial_18,hybrid,1710e98be83bf964,1,True,1.4730049286554996,1,143.27556608468,0.00013285245083971846,16.79127380935923,82.47552596274046,0.0013109989262537426,0.0005985774719405699,2.2883594447666592e-08,0.010781719689187284,7.954049265920949,6,0,7.197454157361373,3021.846043201887,0.17685363564235454,0.8231463643576457,0.25,3021.846043201887,0.8231463643576457,0.25,771.4412097585237,0.0,0.0,3022.9191895662448,True,False,False,optuna_seeded,18.0,"[""scalar""]",[1.4730049286554996],False,,232,False,7.197454157361373,0.17685363564235454
3_VH_1_CONTROL,VH,CONTROL,3_VH_1_CONTROL__hybrid_optuna_199,all6,hybrid_optuna,generic_seed,trial_25,hybrid,1710e98be83bf964,1,True,1.4734363142946312,1,20.670000191019586,2.3338934350649964e-05,1.0067639471623389,104.88006930504844,0.0026131609309382456,0.0004343733916205592,3.1371801029031463e-07,0.0113548378859368,2.5336021615291417,6,0,7.181799775652414,2915.7456502242626,0.17555256213050305,0.8244474378694971,0.25,2915.7456502242626,0.8244474378694971,0.25,1230.6632352514005,0.0,0.0,2916.820097662132,True,False,False,optuna_seeded,25.0,"[""scalar""]",[1.4734363142946312],False,,233,False,7.181799775652414,0.17555256213050305
3_VH_1_CONTROL,VH,CONTROL,3_VH_1_CONTROL__hybrid_optuna_207,all6,hybrid_optuna,generic_seed,trial_21,hybrid,1710e98be83bf964,1,True,1.4862161383481727,1,179.513186197813,9.874833578076234e-05,2.6521626970891505,83.58286783638827,0.0011033907229581182,0.0009533483619608677,9.550942824405349e-08,0.0035560151024046564,9.409517248582171,6,0,7.400231664830366,3080.6121849398382,0.17490784303129212,0.825092156968708,0.25,3080.6121849398382,0.825092156968708,0.25,786.7340787064297,0.0,0.0,3081.687277096807,True,False,False,optuna_seeded,21.0,"[""scalar""]",[1.4862161383481727],False,,234,False,7.400231664830366,0.17490784303129212
3_VH_1_CONTROL,VH,CONTROL,3_VH_1_CONTROL__hybrid_optuna_255,all6,hybrid_optuna,generic_seed,trial_68,hybrid,1710e98be83bf964,1,True,1.7213319334927273,1,91.28510393085779,3.796403028982725e-05,0.2789229661658734,8.41161428104853,3.4894208550195764,9.790117035962435e-06,1.3338510236537076e-05,1.325171076722523e-06,0.7122458352382844,6,0,7.127530189082143,2982.4028884013896,0.17464196590072503,0.8253580340992751,0.5,2982.4028884013896,0.8253580340992751,0.5,16.670485588144462,0.0,0.0,2983.728246435489,True,False,False,optuna_seeded,68.0,"[""scalar""]",[1.7213319334927273],False,,235,False,7.127530189082143,0.17464196590072503
3_VH_1_CONTROL,VH,CONTROL,3_VH_1_CONTROL__hybrid_optuna_193,all6,hybrid_optuna,generic_seed,trial_74,hybrid,1710e98be83bf964,1,True,1.4673331353631762,1,122.67574211267909,1.4016329323969598e-05,0.009665034755643766,16.63757116579615,0.034906278511475354,4.356148700519647e-06,5.8050357973103594e-05,6.325498640523492e-06,0.29153584421045037,6,0,7.0500770064434635,2895.087472344849,0.1743378094392384,0.8256621905607617,0.25,2895.087472344849,0.8256621905607617,0.25,36.940339564439725,0.0,0.0,2896.16313453541,True,False,False,optuna_seeded,74.0,"[""scalar""]",[1.4673331353631762],False,,236,False,7.0500770064434635,0.1743378094392384
3_VH_1_CONTROL,VH,CONTROL,3_VH_1_CONTROL__hybrid_optuna_230,all6,hybrid_optuna,generic_seed,trial_90,hybrid,1710e98be83bf964,1,True,1.6123739863494708,1,356.95487464906995,7.721349292611225e-05,0.00010245679634225693,36.49062082130605,0.5120833669875164,9.870958755416978e-08,5.878955739468471e-05,2.4417404522170837e-05,1.2841450054147574,6,0,5.150623868324861,2024.9379219310567,0.1737717841130215,0.8262282158869786,0.5,2024.9379219310567,0.8262282158869786,0.5,157.8417567924181,0.0,0.0,2026.2641501469436,True,False,False,optuna_seeded,90.0,"[""scalar""]",[1.6123739863494708],False,,237,False,5.150623868324861,0.1737717841130215
3_VH_1_CONTROL,VH,CONTROL,3_VH_1_CONTROL__hybrid_optuna_201,all6,hybrid_optuna,generic_seed,trial_26,hybrid,1710e98be83bf964,1,True,1.476759345333802,1,18.62667173196454,1.9963297799158693e-05,0.8096048197616268,109.86099126785597,0.008755920989342136,0.0004084605485732771,4.3063821003095616e-07,0.022837963912557307,2.604089536536541,6,0,7.206567779605884,2934.3918651725085,0.17360553131096948,0.8263944686890307,0.25,2934.3918651725085,0.8263944686890307,0.25,1349.1910848329683,0.0,0.0,2935.4682596411976,True,False,False,optuna_seeded,26.0,"[""scalar""]",[1.476759345333802],False,,238,False,7.206567779605884,0.17360553131096948
3_VH_1_CONTROL,VH,CONTROL,3_VH_1_CONTROL__hybrid_optuna_242,all6,hybrid_optuna,generic_seed,trial_111,hybrid,1710e98be83bf964,1,True,1.6868482343189193,1,228.80604816842288,4.506281612476291e-05,8.946625097209855e-05,114.1529056906417,2.6755751117092075,6.274702474253623e-07,1.1739210551297447e-05,9.658445115788955e-06,0.637612642145434,6,0,4.974846001441642,1910.9203327323328,0.17286543242783883,0.8271345675721613,0.5833333333333334,1910.9203327323328,0.8271345675721613,0.5833333333333334,1454.0257346084138,0.0,0.0,1912.3308006332381,True,False,False,optuna_seeded,111.0,"[""scalar""]",[1.6868482343189193],False,,239,False,4.974846001441642,0.17286543242783883
3_VH_1_CONTROL,VH,CONTROL,3_VH_1_CONTROL__hybrid_optuna_192,all6,hybrid_optuna,generic_seed,trial_33,hybrid,1710e98be83bf964,1,True,1.4625286263141462,1,11.915153944857705,4.7207713077177896e-05,1.2070082711820567,59.014703697956,0.0069997593650712765,0.00023967279162239434,7.150256699960674e-08,0.02886941711650319,5.563537776284936,6,0,6.92934583841388,2750.679365186274,0.17243503137551375,0.8275649686244865,0.25,2750.679365186274,0.8275649686244865,0.25,399.3195816647932,0.0,0.0,2751.7569301548983,True,False,False,optuna_seeded,33.0,"[""scalar""]",[1.4625286263141462],False,,240,False,6.92934583841388,0.17243503137551375
3_VH_1_CONTROL,VH,CONTROL,3_VH_1_CONTROL__hybrid_optuna_232,all6,hybrid_optuna,generic_seed,trial_86,hybrid,1710e98be83bf964,1,True,1.6221782389989936,1,237.17257941273604,8.90455942992952e-05,0.00017001385414984252,24.559804810909863,1.3076383311806725,7.59379966989834e-08,0.00011567037942662355,1.7929096730805685e-05,0.5939229271872344,6,0,5.296371895948563,2118.1804555922063,0.1720646441092599,0.8279353558907402,0.5,2118.1804555922063,0.8279353558907402,0.5,77.91429755917302,0.0,0.0,2119.508390948097,True,False,False,optuna_seeded,86.0,"[""scalar""]",[1.6221782389989936],False,,241,False,5.296371895948563,0.1720646441092599
3_VH_1_CONTROL,VH,CONTROL,3_VH_1_CONTROL__hybrid_optuna_194,all6,hybrid_optuna,generic_seed,trial_31,hybrid,1710e98be83bf964,1,True,1.468961297691414,1,13.43791221708828,6.893071619318823e-05,0.9459387423895498,78.00432174650742,0.0018846111201650687,0.00038274724043043545,1.4593252416021986e-07,0.00773450096027222,3.7479775635602484,6,0,7.034959398598208,2825.6632847079363,0.17186978000848652,0.8281302199915136,0.25,2825.6632847079363,0.8281302199915136,0.25,685.1278545833409,0.0,0.0,2826.741414927928,True,False,False,optuna_seeded,31.0,"[""scalar""]",[1.468961297691414],False,,242,False,7.034959398598208,0.17186978000848652
3_VH_1_CONTROL,VH,CONTROL,3_VH_1_CONTROL__hybrid_optuna_256,all6,hybrid_optuna,generic_seed,trial_27,hybrid,1710e98be83bf964,1,True,1.7230680954033688,1,6.537864539782329,1.99228240236891e-05,0.06634046012993337,124.97473625541863,0.002750057369663613,2.174690812849888e-07,2.466216740815906e-06,0.0007652852984157207,2.979555092442924,6,0,5.603760015736637,2147.492200370118,0.17158523880422236,0.8284147611957778,0.5833333333333334,2147.492200370118,0.8284147611957778,0.5833333333333334,1741.565244761743,0.0,0.0,2148.9039484646473,True,False,False,optuna_seeded,27.0,"[""scalar""]",[1.7230680954033688],False,,243,False,5.603760015736637,0.17158523880422236
3_VH_1_CONTROL,VH,CONTROL,3_VH_1_CONTROL__hybrid_optuna_189,all6,hybrid_optuna,generic_seed,trial_29,hybrid,1710e98be83bf964,1,True,1.4571859210361158,1,25.645427297637877,5.193864272271209e-05,0.9574808250832181,34.41641895106011,0.00271031415444521,0.0004235133933495016,2.5383896512892724e-08,0.009239527099109192,5.885881279077869,6,0,6.816960378325731,2684.3019672959476,0.1715340999819803,0.8284659000180198,0.25,2684.3019672959476,0.8284659000180198,0.25,145.35525851775213,0.0,0.0,2685.3804331959655,True,False,False,optuna_seeded,29.0,"[""scalar""]",[1.4571859210361158],False,,244,False,6.816960378325731,0.1715340999819803
3_VH_1_CONTROL,VH,CONTROL,3_VH_1_CONTROL__hybrid_pre_07,all6,generic_default,generic_seed,hybrid_pre_start_07,hybrid,1710e98be83bf964,3,True,3.7676481390498086e+26,3,49.34500191628187,0.006638242900674354,0.006580727626669396,12.22386349008796,0.06106089822635842,0.0003015017206904918,1.3891825420719452e-05,3.172630376547701e-05,0.8342039270060569,6,0,9.003784400509208,4387.5062292877155,0.17110243951689544,0.8288975604831047,0.25,4387.5062292877155,0.8288975604831047,0.25,5.899512678020776e-15,0.0,0.0,4388.585126848198,True,False,False,scipy_pre,,,,,,245,False,9.003784400509208,0.17110243951689544
3_VH_1_CONTROL,VH,CONTROL,3_VH_1_CONTROL__hybrid_optuna_220,all6,hybrid_optuna,generic_seed,trial_6,hybrid,1710e98be83bf964,1,True,1.5791078049558385,1,49.34500191628187,0.006638242900674354,0.006580727626669396,12.22386349008796,0.06106089822635842,0.0003015017206904918,1.3891825420719452e-05,3.172630376547701e-05,0.8342039270060569,6,0,9.003784400509208,4387.5062292877155,0.17110243951689544,0.8288975604831047,0.25,4387.5062292877155,0.8288975604831047,0.25,16.411532033794558,0.0,0.0,4388.585126848198,True,False,False,optuna_seeded,6.0,"[""scalar""]",[1.5791078049558385],False,,246,False,9.003784400509208,0.17110243951689544
3_VH_1_CONTROL,VH,CONTROL,3_VH_1_CONTROL__hybrid_optuna_272,all6,hybrid_optuna,generic_seed,trial_77,hybrid,1710e98be83bf964,1,True,1.7875499877556371,1,196.96579766183245,2.592806645214533e-05,7.018428369713988e-05,34.83955622470283,0.14430784965748303,1.5141168881319204e-05,1.688615275789527e-05,2.5562923108601576e-06,0.2049830601987181,6,0,6.74605413734071,2735.9442704234116,0.1705641309855137,0.8294358690144864,0.5833333333333334,2735.9442704234116,0.8294358690144864,0.5833333333333334,142.37619765415556,0.0,0.0,2737.3570396257596,True,False,False,optuna_seeded,77.0,"[""scalar""]",[1.7875499877556371],False,,247,False,6.74605413734071,0.1705641309855137
3_VH_1_CONTROL,VH,CONTROL,3_VH_1_CONTROL__hybrid_optuna_247,all6,hybrid_optuna,generic_seed,trial_143,hybrid,1710e98be83bf964,1,True,1.7007592596818304,1,273.6578878797674,3.463897451777693e-05,0.0007873760864809638,126.83645598072991,20.866299194744105,1.2882435348717497e-05,7.607600369424907e-07,1.575221729990442e-08,0.4396542349122071,6,0,5.173111938061402,1971.084329690458,0.16996918132158081,0.8300308186784192,0.5833333333333334,1971.084329690458,0.8300308186784192,0.5833333333333334,1800.4824171457658,0.0,0.0,1972.4976938424695,True,False,False,optuna_seeded,143.0,"[""scalar""]",[1.7007592596818304],False,,248,False,5.173111938061402,0.16996918132158081
3_VH_1_CONTROL,VH,CONTROL,3_VH_1_CONTROL__hybrid_optuna_231,all6,hybrid_optuna,generic_seed,trial_30,hybrid,1710e98be83bf964,1,True,1.6177147288824143,1,271.6727417142675,0.00023778780371757404,0.0509495902207473,28.18794945166406,0.012884343598705848,1.8991153970455866e-05,2.5371932705597456e-08,0.000524595811284526,6.340888818020529,6,0,9.663386950415486,5196.854747451481,0.16914010169622382,0.8308598983037764,0.25,5196.854747451481,0.8308598983037764,0.25,96.22054812000663,0.0,0.0,5197.935607349785,True,False,False,optuna_seeded,30.0,"[""scalar""]",[1.6177147288824143],False,,249,False,9.663386950415486,0.16914010169622382
3_VH_1_CONTROL,VH,CONTROL,3_VH_1_CONTROL__hybrid_optuna_239,all6,hybrid_optuna,generic_seed,trial_94,hybrid,1710e98be83bf964,1,True,1.6701318308194515,1,179.5343367772275,5.356930437706519e-05,1.5648409604458197e-05,15.55101935316468,1.2047977218265706,1.5070221697666312e-07,7.246677652506672e-06,1.7499368312812946e-06,0.573433811306688,6,0,4.60522855886411,1792.6723643669375,0.16904753356188804,0.830952466438112,0.5833333333333334,1792.6723643669375,0.830952466438112,0.5833333333333334,41.69217543431125,0.0,0.0,1794.0866501667088,True,False,False,optuna_seeded,94.0,"[""scalar""]",[1.6701318308194515],False,,250,False,4.60522855886411,0.16904753356188804
3_VH_1_CONTROL,VH,CONTROL,3_VH_1_CONTROL__hybrid_optuna_203,all6,hybrid_optuna,generic_seed,trial_45,hybrid,1710e98be83bf964,1,True,1.4847437915182689,1,53.100445635033054,1.641297596467407e-05,0.021193100277099964,7.192525954516107,0.08525115953247299,9.237775021120894e-05,7.641403938106775e-05,0.01847841153610839,0.12468255076471266,6,0,7.2681821773733875,2983.7477583150917,0.16904410722469712,0.830955892775303,0.25,2983.7477583150917,0.830955892775303,0.25,14.32228051488057,0.0,0.0,2984.828714207867,True,False,False,optuna_seeded,45.0,"[""scalar""]",[1.4847437915182689],False,,251,False,7.2681821773733875,0.16904410722469712
3_VH_1_CONTROL,VH,CONTROL,3_VH_1_CONTROL__hybrid_optuna_218,all6,hybrid_optuna,generic_seed,trial_13,hybrid,1710e98be83bf964,1,True,1.549294905329988,1,414.912272612742,0.0007424532309130726,0.2083001351428317,113.18786696980439,0.003358709285887497,0.004513462635262759,9.24215430313868e-07,2.882283073893187e-06,0.05091932162786462,6,0,8.422046332524248,3904.586525821094,0.1685965575880257,0.8314034424119745,0.25,3904.586525821094,0.8314034424119745,0.25,1426.9217344266008,0.0,0.0,3905.667929263506,True,False,False,optuna_seeded,13.0,"[""scalar""]",[1.549294905329988],False,,252,False,8.422046332524248,0.1685965575880257
3_VH_1_CONTROL,VH,CONTROL,3_VH_1_CONTROL__hybrid_optuna_278,all6,hybrid_optuna,generic_seed,trial_180,hybrid,1710e98be83bf964,1,True,1.8011264151639708,1,272.67218266887284,5.7241707514165835e-05,9.35887494797745e-05,145.2735897526266,39.97794400766769,1.3520142537660456e-05,1.4537982300925052e-05,2.3986006404933728e-08,0.36804632096683915,6,0,6.954869627710942,2917.4844041722063,0.16858856415330403,0.8314114358466961,0.5833333333333334,2917.4844041722063,0.8314114358466961,0.5833333333333334,2356.8771436434927,0.0,0.0,2918.8991489413866,True,False,False,optuna_seeded,180.0,"[""scalar""]",[1.8011264151639708],False,,253,False,6.954869627710942,0.16858856415330403
3_VH_1_CONTROL,VH,CONTROL,3_VH_1_CONTROL__hybrid_optuna_263,all6,hybrid_optuna,generic_seed,trial_10,hybrid,1710e98be83bf964,1,True,1.7714756678355768,1,408.2378264881975,0.0003320258070519293,11.156918462586772,58.86793381539486,13.822712565067823,0.006755878652094201,1.4672100794788281e-07,1.587965618587023e-07,0.1594860102022415,6,0,6.416851347669038,2523.9983106634268,0.1683494070349254,0.8316505929650747,0.5833333333333334,2523.9983106634268,0.8316505929650747,0.5833333333333334,403.0327609341314,0.0,0.0,2525.4132945897254,True,False,False,optuna_seeded,10.0,"[""scalar""]",[1.7714756678355768],False,,254,False,6.416851347669038,0.1683494070349254
3_VH_1_CONTROL,VH,CONTROL,3_VH_1_CONTROL__hybrid_optuna_205,all6,hybrid_optuna,generic_seed,trial_17,hybrid,1710e98be83bf964,1,True,1.4854616214429355,1,158.89690042475053,0.00012993512445703398,9.08782184786643,86.0534201258388,0.0012074553008247948,0.007762283109618302,6.037911654263679e-08,0.0036627675289386524,7.644501376378685,6,0,7.267974446828393,2984.1208923781337,0.1683147367141974,0.8316852632858027,0.25,2984.1208923781337,0.8316852632858027,0.25,836.6014055333421,0.0,0.0,2985.2025776414193,True,False,False,optuna_seeded,17.0,"[""scalar""]",[1.4854616214429355],False,,255,False,7.267974446828393,0.1683147367141974
3_VH_1_CONTROL,VH,CONTROL,3_VH_1_CONTROL__hybrid_optuna_240,all6,hybrid_optuna,generic_seed,trial_100,hybrid,1710e98be83bf964,1,True,1.670987360126961,1,381.4370741997749,5.868460893729432e-05,3.512273557924149e-05,19.243495906324515,0.020456355112357008,1.253375669751425e-07,5.004117234644644e-06,2.7518452865489195e-05,1.1773157109202654,6,0,4.607015229111433,1802.3733555248507,0.16829126371256306,0.8317087362874371,0.5833333333333334,1802.3733555248507,0.8317087362874371,0.5833333333333334,52.81954848858338,0.0,0.0,1803.7883975944715,True,False,False,optuna_seeded,100.0,"[""scalar""]",[1.670987360126961],False,,256,False,4.607015229111433,0.16829126371256306
3_VH_1_CONTROL,VH,CONTROL,3_VH_1_CONTROL__hybrid_optuna_208,all6,hybrid_optuna,generic_seed,trial_16,hybrid,1710e98be83bf964,1,True,1.4909671246500371,1,166.181080928851,0.00011412417448417595,2.717021048414315,85.13483140310886,0.0011532639937455401,0.0006913477077516173,2.536884044878208e-07,0.0025536924770561764,8.977718529974803,6,0,7.36360608326964,3051.8255455490767,0.16812210219827614,0.831877897801724,0.25,3051.8255455490767,0.831877897801724,0.25,813.9679875630445,0.0,0.0,3052.9074234468785,True,False,False,optuna_seeded,16.0,"[""scalar""]",[1.4909671246500371],False,,257,False,7.36360608326964,0.16812210219827614
3_VH_1_CONTROL,VH,CONTROL,3_VH_1_CONTROL__hybrid_optuna_224,all6,hybrid_optuna,generic_seed,trial_12,hybrid,1710e98be83bf964,1,True,1.5963625742024625,1,293.43692354444994,0.0009641958295232142,0.2618463626432974,112.98365910397084,0.005058363410837149,0.002078819437124155,9.63033328871122e-07,3.120715712043439e-06,0.057496810974834306,6,0,9.25594949484911,4618.053846176378,0.16785684217804364,0.8321431578219566,0.25,4618.053846176378,0.8321431578219566,0.25,1420.6677243081956,0.0,0.0,4619.1359893342,True,False,False,optuna_seeded,12.0,"[""scalar""]",[1.5963625742024625],False,,258,False,9.25594949484911,0.16785684217804364
3_VH_1_CONTROL,VH,CONTROL,3_VH_1_CONTROL__hybrid_pre_01,all6,generic_default,generic_seed,hybrid_pre_start_01,hybrid,1710e98be83bf964,3,True,1.252647662747263e+27,2,44.99999905643634,0.009999999632234744,0.010000000008324145,0.20000002875841824,0.04999999995050516,9.999999946471343e-05,3.316577778942173e-05,6.633155487652554e-05,1.3333333399452598,6,0,10.197121121224301,5496.202369235435,0.1677935665150948,0.8322064334849054,0.25,5496.202369235435,0.8322064334849054,0.25,3.6447838150641387e-16,0.0,0.0,5497.28457566892,True,False,False,scipy_pre,,,,,,259,False,10.197121121224301,0.1677935665150948
3_VH_1_CONTROL,VH,CONTROL,3_VH_1_CONTROL__hybrid_optuna_236,all6,hybrid_optuna,generic_seed,trial_0,hybrid,1710e98be83bf964,1,True,1.6487131624418108,1,44.99999905643634,0.009999999632234744,0.010000000008324145,0.20000002875841824,0.04999999995050516,9.999999946471343e-05,3.316577778942173e-05,6.633155487652554e-05,1.3333333399452598,6,0,10.197121121224301,5496.202369235435,0.1677935665150948,0.8322064334849054,0.25,5496.202369235435,0.8322064334849054,0.25,3.6447838150641387e-16,0.0,0.0,5497.28457566892,True,False,False,optuna_seeded,0.0,"[""scalar""]",[1.6487131624418108],False,,260,False,10.197121121224301,0.1677935665150948
3_VH_1_CONTROL,VH,CONTROL,3_VH_1_CONTROL__hybrid_optuna_248,all6,hybrid_optuna,generic_seed,trial_50,hybrid,1710e98be83bf964,1,True,1.7013601888070577,1,25.86078391510191,7.170637376373298e-05,0.0011557851629494494,39.72657704756811,0.1032057496344462,1.4618298406168873e-05,1.4640598556723013e-06,1.2524581453199227e-05,0.1031358137471109,6,0,5.139856205654344,1985.3704606305957,0.1675207115070727,0.8324792884929274,0.5833333333333334,1985.3704606305957,0.8324792884929274,0.5833333333333334,179.44256061378184,0.0,0.0,1986.786273252422,True,False,False,optuna_seeded,50.0,"[""scalar""]",[1.7013601888070577],False,,261,False,5.139856205654344,0.1675207115070727
3_VH_1_CONTROL,VH,CONTROL,3_VH_1_CONTROL__hybrid_optuna_241,all6,hybrid_optuna,generic_seed,trial_104,hybrid,1710e98be83bf964,1,True,1.675230635140763,1,324.81350795371077,6.819886868357864e-05,6.030896619392917e-05,23.05774113493272,0.013175550535462566,4.8930430997651387e-08,2.068461967695038e-05,1.388370091216818e-05,0.25169304260342373,6,0,4.669499793765601,1846.783913968223,0.1675193534017703,0.8324806465982298,0.5833333333333334,1846.783913968223,0.8324806465982298,0.5833333333333334,71.41260343539662,0.0,0.0,1848.1997279481545,True,False,False,optuna_seeded,104.0,"[""scalar""]",[1.675230635140763],False,,262,False,4.669499793765601,0.1675193534017703
3_VH_1_CONTROL,VH,CONTROL,3_VH_1_CONTROL__hybrid_pre_03,all6,generic_default,generic_seed,hybrid_pre_start_03,hybrid,1710e98be83bf964,3,True,2.3828969752751115e+22,6,53.999995185385316,0.008000006172242178,0.009999995671701666,0.20000044572437245,0.03500001732863121,0.00014000010413080266,2.6532637598541374e-05,9.286422333752794e-05,1.2000000641228445,6,0,9.748961907046775,5063.711108328385,0.16746677824308162,0.8325332217569185,0.25,5063.711108328385,0.8325332217569185,0.25,2.6821929422833944e-13,0.0,0.0,5064.793641550143,True,False,False,scipy_pre,,,,,,263,False,9.748961907046775,0.16746677824308162
3_VH_1_CONTROL,VH,CONTROL,3_VH_1_CONTROL__hybrid_optuna_233,all6,hybrid_optuna,generic_seed,trial_2,hybrid,1710e98be83bf964,1,True,1.6241422165928503,1,53.999995185385316,0.008000006172242178,0.009999995671701666,0.20000044572437245,0.03500001732863121,0.00014000010413080266,2.6532637598541374e-05,9.286422333752794e-05,1.2000000641228445,6,0,9.748961907046775,5063.711108328385,0.16746677824308162,0.8325332217569185,0.25,5063.711108328385,0.8325332217569185,0.25,0.05528578451510611,0.0,0.0,5064.793641550143,True,False,False,optuna_seeded,2.0,"[""scalar""]",[1.6241422165928503],False,,264,False,9.748961907046775,0.16746677824308162
3_VH_1_CONTROL,VH,CONTROL,3_VH_1_CONTROL__hybrid_pre_02,all6,generic_default,generic_seed,hybrid_pre_start_02,hybrid,1710e98be83bf964,3,True,1.1476174230020818e+28,2,36.0,0.011999999999999999,0.010000000000000004,0.2,0.07500000000000002,5.999999999999996e-05,3.979893247655075e-05,5.306524330206771e-05,1.4666666666666668,6,0,11.07567077559019,6388.920578048623,0.16743967912484245,0.8325603208751576,0.25,6388.920578048623,0.8325603208751576,0.25,0.0,0.0,0.0,6390.003138369498,True,False,False,scipy_pre,,,,,,265,False,11.07567077559019,0.16743967912484245
3_VH_1_CONTROL,VH,CONTROL,3_VH_1_CONTROL__hybrid_optuna_246,all6,hybrid_optuna,generic_seed,trial_1,hybrid,1710e98be83bf964,1,True,1.6978753639635014,1,36.0,0.011999999999999999,0.010000000000000004,0.2,0.07500000000000002,5.999999999999996e-05,3.979893247655075e-05,5.306524330206771e-05,1.4666666666666668,6,0,11.07567077559019,6388.920578048623,0.16743967912484245,0.8325603208751576,0.25,6388.920578048623,0.8325603208751576,0.25,0.06672191014368778,0.0,0.0,6390.003138369498,True,False,False,optuna_seeded,1.0,"[""scalar""]",[1.6978753639635014],False,,266,False,11.07567077559019,0.16743967912484245
3_VH_1_CONTROL,VH,CONTROL,3_VH_1_CONTROL__hybrid_optuna_254,all6,hybrid_optuna,generic_seed,trial_32,hybrid,1710e98be83bf964,1,True,1.7208392011252263,1,31.674931846942734,7.523455396989657e-05,5.245261173305118,77.53652460763182,0.0022558875003107254,0.0013000490603205614,1.595267009114992e-08,0.00516767318601519,3.797474617210139,6,0,6.978747601929077,2787.6349547076784,0.1668689989819447,0.8331310010180554,0.5,2787.6349547076784,0.8331310010180554,0.5,682.0888399072338,0.0,0.0,2788.9680857086964,True,False,False,optuna_seeded,32.0,"[""scalar""]",[1.7208392011252263],False,,267,False,6.978747601929077,0.1668689989819447
3_VH_1_CONTROL,VH,CONTROL,3_VH_1_CONTROL__hybrid_pre_04,all6,generic_default,generic_seed,hybrid_pre_start_04,hybrid,1710e98be83bf964,3,True,2.5459653159464614e+26,2,49.500000507375255,0.015000000375246902,0.0079999995388044,0.24000001777217,0.05000000005977746,8.000000769153753e-05,2.6532624504438433e-05,7.959787209409701e-05,1.7333333162850404,6,0,11.356601526401626,6685.563301056448,0.16676137900024976,0.8332386209997503,0.25,6685.563301056448,0.8332386209997503,0.25,3.702902007451101e-15,0.0,0.0,6686.646539677447,True,False,False,scipy_pre,,,,,,268,False,11.356601526401626,0.16676137900024976
3_VH_1_CONTROL,VH,CONTROL,3_VH_1_CONTROL__hybrid_optuna_251,all6,hybrid_optuna,generic_seed,trial_3,hybrid,1710e98be83bf964,1,True,1.7141609280220629,1,49.500000507375255,0.015000000375246902,0.0079999995388044,0.24000001777217,0.05000000005977746,8.000000769153753e-05,2.6532624504438433e-05,7.959787209409701e-05,1.7333333162850404,6,0,11.356601526401626,6685.563301056448,0.16676137900024976,0.8332386209997503,0.25,6685.563301056448,0.8332386209997503,0.25,0.04739347345866161,0.0,0.0,6686.646539677447,True,False,False,optuna_seeded,3.0,"[""scalar""]",[1.7141609280220629],False,,269,False,11.356601526401626,0.16676137900024976
3_VH_1_CONTROL,VH,CONTROL,3_VH_1_CONTROL__hybrid_optuna_204,all6,hybrid_optuna,generic_seed,trial_28,hybrid,1710e98be83bf964,1,True,1.4851788195242337,1,4.602113587625647,1.1138203167476307e-05,4.208005787693489,97.84902141409565,0.02456596258341899,0.003068194656803954,2.7242828565675026e-07,0.08943476465664071,2.134429007810286,6,0,7.231820118666217,2961.535634968808,0.1665889648461116,0.8334110351538885,0.25,2961.535634968808,0.8334110351538885,0.25,1078.9687618974654,0.0,0.0,2962.619046003962,True,False,False,optuna_seeded,28.0,"[""scalar""]",[1.4851788195242337],False,,270,False,7.231820118666217,0.1665889648461116
3_VH_1_CONTROL,VH,CONTROL,3_VH_1_CONTROL__hybrid_optuna_237,all6,hybrid_optuna,generic_seed,trial_19,hybrid,1710e98be83bf964,1,True,1.6517361386487937,1,18.64244475011608,1.123533522752564e-05,14.578444853514226,68.04908036254308,0.012319912029062567,0.009106497391907014,1.1845012047048338e-08,0.03300406858797053,9.609342593896498,6,0,7.22980463962035,2959.7333385958677,0.16658634133011488,0.8334136586698851,0.4166666666666667,2959.7333385958677,0.8334136586698851,0.4166666666666667,536.8047297256675,0.0,0.0,2960.9834189212042,True,False,False,optuna_seeded,19.0,"[""scalar""]",[1.6517361386487937],False,,271,False,7.22980463962035,0.16658634133011488
3_VH_1_CONTROL,VH,CONTROL,3_VH_1_CONTROL__hybrid_pre_06,all6,generic_default,generic_seed,hybrid_pre_start_06,hybrid,1710e98be83bf964,3,True,1.616082260007455e+26,4,32.435848270244875,0.01885279639095644,0.011253934658928424,6.799692954758404e-09,0.10044178455020082,6.607553606842964e-05,3.767241982360702e-05,0.0001954702177581285,1.4709664727978358,6,0,11.300338635370233,6623.476617918823,0.16647897316535565,0.8335210268346445,0.25,6623.476617918823,0.8335210268346445,0.25,5.736383870440014e-14,0.0,0.0,6624.560138945657,True,False,False,scipy_pre,,,,,,272,False,11.300338635370233,0.16647897316535565
3_VH_1_CONTROL,VH,CONTROL,3_VH_1_CONTROL__hybrid_optuna_249,all6,hybrid_optuna,generic_seed,trial_5,hybrid,1710e98be83bf964,1,True,1.7113176176885463,1,32.435848270244875,0.01885279639095644,0.011253934658928424,6.799692954758404e-09,0.10044178455020082,6.607553606842964e-05,3.767241982360702e-05,0.0001954702177581285,1.4709664727978358,6,0,11.300338635370233,6623.476617918823,0.16647897316535565,0.8335210268346445,0.25,6623.476617918823,0.8335210268346445,0.25,0.2683747293198628,0.0,0.0,6624.560138945657,True,False,False,optuna_seeded,5.0,"[""scalar""]",[1.7113176176885463],False,,273,False,11.300338635370233,0.16647897316535565
3_VH_1_CONTROL,VH,CONTROL,3_VH_1_CONTROL__hybrid_pre_05,all6,generic_default,generic_seed,hybrid_pre_start_05,hybrid,1710e98be83bf964,3,True,3.6398847914596255e+24,4,67.77078254300378,0.004441421428050526,0.007672664679480857,1e-10,0.12655223840468913,7.601840028518091e-05,1.9245768972549685e-05,0.00010878474903783316,0.826280467610615,6,0,11.641262523019037,6995.710623196367,0.16645187099233663,0.8335481290076635,0.25,6995.710623196367,0.8335481290076635,0.25,1.1111111111111112e-21,0.0,0.0,6996.794171325375,True,False,False,scipy_pre,,,,,,274,False,11.641262523019037,0.16645187099233663
3_VH_1_CONTROL,VH,CONTROL,3_VH_1_CONTROL__hybrid_optuna_260,all6,hybrid_optuna,generic_seed,trial_4,hybrid,1710e98be83bf964,1,True,1.7302849358420542,1,67.77078254300378,0.004441421428050526,0.007672664679480857,1e-10,0.12655223840468913,7.601840028518091e-05,1.9245768972549685e-05,0.00010878474903783316,0.826280467610615,6,0,11.641262523019037,6995.710623196367,0.16645187099233663,0.8335481290076635,0.25,6995.710623196367,0.8335481290076635,0.25,0.2937757886929195,0.0,0.0,6996.794171325375,True,False,False,optuna_seeded,4.0,"[""scalar""]",[1.7302849358420542],False,,275,False,11.641262523019037,0.16645187099233663
3_VH_1_CONTROL,VH,CONTROL,3_VH_1_CONTROL__hybrid_optuna_253,all6,hybrid_optuna,generic_seed,trial_49,hybrid,1710e98be83bf964,1,True,1.7194690657362075,1,33.889480305298605,0.0019223251821055658,0.0031347032464881133,23.978376535847424,0.05337322453313817,0.00010389852275230264,9.658388274958616e-07,2.0590167910284477e-05,0.17293643217573756,6,0,11.445920757630594,6772.388724628283,0.16641542079882551,0.8335845792011746,0.25,6772.388724628283,0.8335845792011746,0.25,65.28978563624463,0.0,0.0,6773.472309207484,True,False,False,optuna_seeded,49.0,"[""scalar""]",[1.7194690657362075],False,,276,False,11.445920757630594,0.16641542079882551
3_VH_1_CONTROL,VH,CONTROL,3_VH_1_CONTROL__hybrid_optuna_243,all6,hybrid_optuna,generic_seed,trial_146,hybrid,1710e98be83bf964,1,True,1.688653710303528,1,237.84607860608384,3.9981586999733145e-05,0.0002599137541319612,131.12213270059166,12.742573177922173,4.943833213541165e-06,1.1727450381999505e-06,5.114307842098264e-08,0.3800943967779235,6,0,4.889718219449343,1872.4087455060999,0.16633063522143562,0.8336693647785646,0.5833333333333334,1872.4087455060999,0.8336693647785646,0.5833333333333334,1921.228309922689,0.0,0.0,1873.8257482042118,True,False,False,optuna_seeded,146.0,"[""scalar""]",[1.688653710303528],False,,277,False,4.889718219449343,0.16633063522143562
3_VH_1_CONTROL,VH,CONTROL,3_VH_1_CONTROL__hybrid_optuna_266,all6,hybrid_optuna,generic_seed,trial_102,hybrid,1710e98be83bf964,1,True,1.7743312736262573,1,272.5028935382538,4.575938199806478e-05,4.463315144386403e-05,30.790610004504003,0.0947435857152231,3.3659266081710525e-07,2.330744814038495e-05,6.968284776109631e-06,0.536286018196832,6,0,4.9319143592584735,1894.2163127280085,0.16633063522143562,0.8336693647785646,0.6666666666666666,1894.2163127280085,0.8336693647785646,0.6666666666666666,115.1331577075142,0.0,0.0,1895.7166487594538,True,False,False,optuna_seeded,102.0,"[""scalar""]",[1.7743312736262573],False,,278,False,4.9319143592584735,0.16633063522143562
3_VH_1_CONTROL,VH,CONTROL,3_VH_1_CONTROL__hybrid_optuna_244,all6,hybrid_optuna,generic_seed,trial_24,hybrid,1710e98be83bf964,1,True,1.6922565954599489,1,127.94910256776825,3.949202805508494e-05,0.055392681475138913,58.48884574807135,0.009696274337808621,1.5597974011406994e-05,3.132178505620957e-08,0.0008748927802079747,5.561748145703952,6,0,4.954570152264924,1887.294233288824,0.16633063522143562,0.8336693647785646,0.5833333333333334,1887.294233288824,0.8336693647785646,0.5833333333333334,388.3985106312829,0.0,0.0,1888.711235986936,True,False,False,optuna_seeded,24.0,"[""scalar""]",[1.6922565954599489],False,,279,False,4.954570152264924,0.16633063522143562
3_VH_1_CONTROL,VH,CONTROL,3_VH_1_CONTROL__hybrid_optuna_245,all6,hybrid_optuna,generic_seed,trial_113,hybrid,1710e98be83bf964,1,True,1.6938851085719233,1,491.4927345488349,3.540399593241063e-05,0.00029713105193851643,138.75247448667784,14.680133999819635,1.4500916348444065e-06,4.068092904183754e-06,3.1542414667565187e-06,0.3562429997897751,6,0,4.983883388280462,1902.9269110156536,0.16633063522143562,0.8336693647785646,0.5833333333333334,1902.9269110156536,0.8336693647785646,0.5833333333333334,2145.8166594858626,0.0,0.0,1904.3439137137655,True,False,False,optuna_seeded,113.0,"[""scalar""]",[1.6938851085719233],False,,280,False,4.983883388280462,0.16633063522143562
3_VH_1_CONTROL,VH,CONTROL,3_VH_1_CONTROL__hybrid_optuna_268,all6,hybrid_optuna,generic_seed,trial_229,hybrid,1710e98be83bf964,1,True,1.7782388409357401,1,101.12274765839534,3.942928251235855e-05,0.0003015419780280935,130.10926376806836,20.334765948984924,2.7559371692526824e-06,2.824247771298873e-06,5.695462396266784e-08,0.4689547551160544,6,0,5.002250570829162,1912.4573747972352,0.16633063522143562,0.8336693647785646,0.6666666666666666,1912.4573747972352,0.8336693647785646,0.6666666666666666,1891.7753858944113,0.0,0.0,1913.9577108286805,True,False,False,optuna_seeded,229.0,"[""scalar""]",[1.7782388409357401],False,,281,False,5.002250570829162,0.16633063522143562
3_VH_1_CONTROL,VH,CONTROL,3_VH_1_CONTROL__hybrid_optuna_270,all6,hybrid_optuna,generic_seed,trial_155,hybrid,1710e98be83bf964,1,True,1.7858348451435222,1,160.58995061379645,3.392733589175509e-05,0.0003240781555482263,89.50262340964176,8.86482690165995,5.821919296239333e-06,2.028034532683228e-06,3.2644623866037125e-08,0.2852031871646507,6,0,5.138978646569245,1958.132014934112,0.16633063522143562,0.8336693647785646,0.6666666666666666,1958.132014934112,0.8336693647785646,0.6666666666666666,902.6408023777058,0.0,0.0,1959.6323509655574,True,False,False,optuna_seeded,155.0,"[""scalar""]",[1.7858348451435222],False,,282,False,5.138978646569245,0.16633063522143562
3_VH_1_CONTROL,VH,CONTROL,3_VH_1_CONTROL__hybrid_optuna_274,all6,hybrid_optuna,generic_seed,trial_157,hybrid,1710e98be83bf964,1,True,1.789538617393652,1,187.0193919954798,3.150753488184918e-05,0.00011976392380817804,129.53359036031446,10.97774605011896,8.648907469956766e-06,9.401101586523829e-07,4.1978508377421546e-08,0.4253186493941834,6,0,5.205646547071578,1980.6506536756913,0.16633063522143562,0.8336693647785646,0.6666666666666666,1980.6506536756913,0.8336693647785646,0.6666666666666666,1876.1416921283776,0.0,0.0,1982.1509897071367,True,False,False,optuna_seeded,157.0,"[""scalar""]",[1.789538617393652],False,,283,False,5.205646547071578,0.16633063522143562
3_VH_1_CONTROL,VH,CONTROL,3_VH_1_CONTROL__hybrid_optuna_276,all6,hybrid_optuna,generic_seed,trial_54,hybrid,1710e98be83bf964,1,True,1.7953971872398977,1,91.69341914206917,2.89797853785174e-05,0.031440805457758986,38.60399364016541,0.06881967102928219,8.050762046800656e-06,2.2952040459937435e-06,6.930944204872058e-05,0.21190415638187854,6,0,5.311100804304005,2016.7901803734258,0.16633063522143562,0.8336693647785646,0.6666666666666666,2016.7901803734258,0.8336693647785646,0.6666666666666666,169.75577189210853,0.0,0.0,2018.2905164048711,True,False,False,optuna_seeded,54.0,"[""scalar""]",[1.7953971872398977],False,,284,False,5.311100804304005,0.16633063522143562
3_VH_1_CONTROL,VH,CONTROL,3_VH_1_CONTROL__hybrid_optuna_250,all6,hybrid_optuna,generic_seed,trial_198,hybrid,1710e98be83bf964,1,True,1.7135029819467902,1,5.178121142302161,5.365761867593524e-05,0.00017302377298984532,119.12402630324637,17.902200097127263,8.198131976246826e-06,1.2148376667625124e-06,1.0114442809915822e-08,0.2990528733226539,6,0,5.33700510902806,1989.4987805249928,0.16633063522143562,0.8336693647785646,0.5833333333333334,1989.4987805249928,0.8336693647785646,0.5833333333333334,1591.4035894743176,0.0,0.0,1990.9157832231047,True,False,False,optuna_seeded,198.0,"[""scalar""]",[1.7135029819467902],False,,285,False,5.33700510902806,0.16633063522143562
3_VH_1_CONTROL,VH,CONTROL,3_VH_1_CONTROL__hybrid_optuna_252,all6,hybrid_optuna,generic_seed,trial_64,hybrid,1710e98be83bf964,1,True,1.7159915014597282,1,56.12441208587597,2.456581782106672e-05,0.08686642988906126,13.857278606028814,0.4555955236434941,2.1929291466536357e-06,9.362251892320843e-07,0.00011096320964971347,0.938713858550899,6,0,5.3817984602609465,2048.8166781049235,0.16633063522143562,0.8336693647785646,0.5833333333333334,2048.8166781049235,0.8336693647785646,0.5833333333333334,28.882196958856312,0.0,0.0,2050.2336808030354,True,False,False,optuna_seeded,64.0,"[""scalar""]",[1.7159915014597282],False,,286,False,5.3817984602609465,0.16633063522143562
3_VH_1_CONTROL,VH,CONTROL,3_VH_1_CONTROL__hybrid_optuna_259,all6,hybrid_optuna,generic_seed,trial_97,hybrid,1710e98be83bf964,1,True,1.728755941084446,1,485.5591888440159,0.00010926106269132877,1.691935396703e-05,10.450390872971456,0.0285165830823924,4.509416448577699e-08,0.00012874465481523545,2.8722737336012366e-06,0.6426764890040615,6,0,5.611558373505864,2299.196651664123,0.16633063522143562,0.8336693647785646,0.5833333333333334,2299.196651664123,0.8336693647785646,0.5833333333333334,27.083907450236058,0.0,0.0,2300.6136543622347,True,False,False,optuna_seeded,97.0,"[""scalar""]",[1.728755941084446],False,,287,False,5.611558373505864,0.16633063522143562
3_VH_1_CONTROL,VH,CONTROL,3_VH_1_CONTROL__hybrid_optuna_261,all6,hybrid_optuna,generic_seed,trial_171,hybrid,1710e98be83bf964,1,True,1.7494396302571564,1,2.5072538578840144,5.271483687590087e-05,0.00017725419038296998,148.16709674828516,7.722736835316727,8.305356814835578e-06,6.94522269370513e-06,2.0347274678990122e-08,0.2856580132227976,6,0,5.983864778614659,2249.6997925765622,0.16633063522143562,0.8336693647785646,0.5833333333333334,2249.6997925765622,0.8336693647785646,0.5833333333333334,2449.8029666173916,0.0,0.0,2251.116795274674,True,False,False,optuna_seeded,171.0,"[""scalar""]",[1.7494396302571564],False,,288,False,5.983864778614659,0.16633063522143562
3_VH_1_CONTROL,VH,CONTROL,3_VH_1_CONTROL__hybrid_optuna_262,all6,hybrid_optuna,generic_seed,trial_72,hybrid,1710e98be83bf964,1,True,1.7509938831014416,1,57.09378374663094,2.1549343754840677e-05,0.3993703706906393,8.774986753716217,0.2008033361839296,6.643906615076013e-05,6.405743826907113e-07,9.863319353625846e-07,0.10171186587991446,6,0,6.011841329811792,2285.312695582383,0.16633063522143562,0.8336693647785646,0.5833333333333334,2285.312695582383,0.8336693647785646,0.5833333333333334,18.543747770458783,0.0,0.0,2286.729698280495,True,False,False,optuna_seeded,72.0,"[""scalar""]",[1.7509938831014416],False,,289,False,6.011841329811792,0.16633063522143562
3_VH_1_CONTROL,VH,CONTROL,3_VH_1_CONTROL__hybrid_optuna_264,all6,hybrid_optuna,generic_seed,trial_63,hybrid,1710e98be83bf964,1,True,1.7715999284313155,1,37.91710072523909,2.183643241796001e-05,0.012374509728462038,35.6755776488247,0.04450527593277389,0.0001239012428554852,5.393072177769395e-07,4.2038746214160594e-07,0.13711732598310206,6,0,6.38275014574952,2442.1151220546917,0.16633063522143562,0.8336693647785646,0.5833333333333334,2442.1151220546917,0.8336693647785646,0.5833333333333334,149.32711946985918,0.0,0.0,2443.5321247528036,True,False,False,optuna_seeded,63.0,"[""scalar""]",[1.7715999284313155],False,,290,False,6.38275014574952,0.16633063522143562
3_VH_1_CONTROL,VH,CONTROL,3_VH_1_CONTROL__hybrid_optuna_265,all6,hybrid_optuna,generic_seed,trial_58,hybrid,1710e98be83bf964,1,True,1.7728254575715106,1,259.34295954200104,3.989044321539002e-05,0.00686338594747772,43.34868996263971,0.9592786198681788,0.0001331707504044968,9.736079410824475e-06,0.00016304442561832907,0.07500292124731824,6,0,6.4048096702730275,2511.4459214093636,0.16633063522143562,0.8336693647785646,0.5833333333333334,2511.4459214093636,0.8336693647785646,0.5833333333333334,212.77091828406833,0.0,0.0,2512.8629241074755,True,False,False,optuna_seeded,58.0,"[""scalar""]",[1.7728254575715106],False,,291,False,6.4048096702730275,0.16633063522143562
3_VH_1_CONTROL,VH,CONTROL,3_VH_1_CONTROL__hybrid_optuna_267,all6,hybrid_optuna,generic_seed,trial_125,hybrid,1710e98be83bf964,1,True,1.7749503087643546,1,0.5676562983212678,5.114896486643655e-05,6.462290396403349e-05,142.79102590724546,3.3209143854367777,5.398899859715306e-06,5.873892408235968e-06,1.3614539834500176e-05,0.665477236092181,6,0,6.443056991744222,2464.537152974362,0.16633063522143562,0.8336693647785646,0.5833333333333334,2464.537152974362,0.8336693647785646,0.5833333333333334,2270.7430875591863,0.0,0.0,2465.954155672474,True,False,False,optuna_seeded,125.0,"[""scalar""]",[1.7749503087643546],False,,292,False,6.443056991744222,0.16633063522143562
3_VH_1_CONTROL,VH,CONTROL,3_VH_1_CONTROL__hybrid_optuna_269,all6,hybrid_optuna,generic_seed,trial_187,hybrid,1710e98be83bf964,1,True,1.7819053138579415,1,241.38095653059105,8.044973657238241e-05,0.0002866203663883044,120.60457683446988,12.119762691005066,2.142041520991891e-06,0.0030484412780510325,2.4510836288107455e-08,0.4715381581657552,6,0,6.56824708342879,2554.113304242936,0.16633063522143562,0.8336693647785646,0.5833333333333334,2554.113304242936,0.8336693647785646,0.5833333333333334,1629.4287933149408,0.0,0.0,2555.530306941048,True,False,False,optuna_seeded,187.0,"[""scalar""]",[1.7819053138579415],False,,293,False,6.56824708342879,0.16633063522143562
3_VH_1_CONTROL,VH,CONTROL,3_VH_1_CONTROL__hybrid_optuna_271,all6,hybrid_optuna,generic_seed,trial_118,hybrid,1710e98be83bf964,1,True,1.7870014479280099,1,413.76984481672804,7.880706496895017e-05,2.7793992255448193e-05,132.92634353832767,4.443781558358427,3.895891179502481e-06,0.0005778091028126723,1.2173894479844863e-05,0.4731678102682009,6,0,6.659977496690014,2613.164592993405,0.16633063522143562,0.8336693647785646,0.5833333333333334,2613.164592993405,0.8336693647785646,0.5833333333333334,1969.1203357879067,0.0,0.0,2614.581595691517,True,False,False,optuna_seeded,118.0,"[""scalar""]",[1.7870014479280099],False,,294,False,6.659977496690014,0.16633063522143562
3_VH_1_CONTROL,VH,CONTROL,3_VH_1_CONTROL__hybrid_optuna_273,all6,hybrid_optuna,generic_seed,trial_14,hybrid,1710e98be83bf964,1,True,1.7894070114375942,1,8.693853215494054,0.0004501059613337005,0.1902498162983356,94.4310568327679,2.0531998146748323,0.001293714788902718,1.687289601788625e-06,2.504086391799822e-08,0.3363123659439689,6,0,6.703277639862537,2637.509412350893,0.16633063522143562,0.8336693647785646,0.5833333333333334,2637.509412350893,0.8336693647785646,0.5833333333333334,999.304073611141,0.0,0.0,2638.926415049005,True,False,False,optuna_seeded,14.0,"[""scalar""]",[1.7894070114375942],False,,295,False,6.703277639862537,0.16633063522143562
3_VH_1_CONTROL,VH,CONTROL,3_VH_1_CONTROL__hybrid_optuna_275,all6,hybrid_optuna,generic_seed,trial_69,hybrid,1710e98be83bf964,1,True,1.794507496939795,1,209.83465333565326,3.186656063272664e-05,0.038845223510229974,0.029111719270041192,0.016165021811785196,0.00017969334879703875,2.005866561698634e-06,2.586906880966086e-07,0.21998357756898132,6,0,6.795086378902152,2736.259043142532,0.16633063522143562,0.8336693647785646,0.5833333333333334,2736.259043142532,0.8336693647785646,0.5833333333333334,8.976930989259412,0.0,0.0,2737.676045840644,True,False,False,optuna_seeded,69.0,"[""scalar""]",[1.794507496939795],False,,296,False,6.795086378902152,0.16633063522143562
3_VH_1_CONTROL,VH,CONTROL,3_VH_1_CONTROL__hybrid_optuna_277,all6,hybrid_optuna,generic_seed,trial_89,hybrid,1710e98be83bf964,1,True,1.7957202437600421,1,161.48285389619218,0.00012916095440718814,0.00019812916548324694,15.563897162233372,9.732734664444825,3.0342641762174803e-06,0.0004268969457294269,4.4802150188624276e-05,1.0466691138187942,6,0,6.816915821666595,2714.155124864837,0.16633063522143562,0.8336693647785646,0.5833333333333334,2714.155124864837,0.8336693647785646,0.5833333333333334,35.413192778491485,0.0,0.0,2715.572127562949,True,False,False,optuna_seeded,89.0,"[""scalar""]",[1.7957202437600421],False,,297,False,6.816915821666595,0.16633063522143562
3_VH_1_CONTROL,VH,CONTROL,3_VH_1_CONTROL__hybrid_optuna_257,all6,hybrid_optuna,generic_seed,trial_62,hybrid,1710e98be83bf964,1,True,1.7242627351448068,1,49.54767307455186,1.547767479101898e-05,0.04263931755287063,12.340369886546801,0.27546051564774604,0.0002829849658995415,1.5121604551907513e-06,2.1676347510507137e-06,0.31684279328544973,6,0,7.030680666592363,2810.581240014204,0.16633063522143562,0.8336693647785646,0.5,2810.581240014204,0.8336693647785646,0.5,24.296894014591082,0.0,0.0,2811.9149093789824,True,False,False,optuna_seeded,62.0,"[""scalar""]",[1.7242627351448068],False,,298,False,7.030680666592363,0.16633063522143562
3_VH_1_CONTROL,VH,CONTROL,3_VH_1_CONTROL__hybrid_optuna_279,all6,hybrid_optuna,generic_seed,trial_8,hybrid,1710e98be83bf964,1,True,1.808048129199288,1,1.4690139693517672,4.207053950287933e-05,2.3226650368137e-05,129.92642186624028,0.6677615511747083,1.7670169402947916e-06,0.005061576888752304,0.0013303245101522893,1.192617378922354,6,0,7.038817759573028,2835.7270838085733,0.16633063522143562,0.8336693647785646,0.5833333333333334,2835.7270838085733,0.8336693647785646,0.5833333333333334,1884.9623677677987,0.0,0.0,2837.144086506685,True,False,False,optuna_seeded,8.0,"[""scalar""]",[1.808048129199288],False,,299,False,7.038817759573028,0.16633063522143562
3_VH_1_CONTROL,VH,CONTROL,3_VH_1_CONTROL__hybrid_optuna_280,all6,hybrid_optuna,generic_seed,trial_35,hybrid,1710e98be83bf964,1,True,1.8096216450209992,1,3.6452337909326546,3.1704417437352676e-05,0.4411762000336369,31.873030917608382,0.007876790409263704,0.00017973100455531246,4.6287517938345e-08,0.030611532331380437,5.250943399506998,6,0,7.067141044363827,2844.8628174977434,0.16633063522143562,0.8336693647785646,0.5833333333333334,2844.8628174977434,0.8336693647785646,0.5833333333333334,127.04858915619184,0.0,0.0,2846.2798201958553,True,False,False,optuna_seeded,35.0,"[""scalar""]",[1.8096216450209992],False,,300,False,7.067141044363827,0.16633063522143562
3_VH_1_CONTROL,VH,CONTROL,3_VH_1_CONTROL__hybrid_optuna_281,all6,hybrid_optuna,generic_seed,trial_9,hybrid,1710e98be83bf964,1,True,1.8102596244759912,1,2.167640897475782,5.3370327626039544e-05,0.00014309923693515131,45.63633644393066,0.2922905212920093,0.00017718847354806813,1.328944872286916e-08,0.06156997328235192,4.115716865497774,6,0,7.078624674553681,2856.5938281214817,0.16633063522143562,0.8336693647785646,0.5833333333333334,2856.5938281214817,0.8336693647785646,0.5833333333333334,247.96419764334527,0.0,0.0,2858.0108308195936,True,False,False,optuna_seeded,9.0,"[""scalar""]",[1.8102596244759912],False,,301,False,7.078624674553681,0.16633063522143562
3_VH_1_CONTROL,VH,CONTROL,3_VH_1_CONTROL__hybrid_optuna_282,all6,hybrid_optuna,generic_seed,trial_178,hybrid,1710e98be83bf964,1,True,1.811365193482985,1,153.89852172514787,2.861078256499401e-05,0.00014146116116349288,134.7516081290978,16.680336427675048,3.167883737818447e-05,1.1689266492215805e-05,1.2423802691659147e-07,0.48646646809096294,6,0,7.098524916679575,2899.412490122321,0.16633063522143562,0.8336693647785646,0.5833333333333334,2899.412490122321,0.8336693647785646,0.5833333333333334,2026.078015230685,0.0,0.0,2900.8294928204327,True,False,False,optuna_seeded,178.0,"[""scalar""]",[1.811365193482985],False,,302,False,7.098524916679575,0.16633063522143562
3_VH_1_CONTROL,VH,CONTROL,3_VH_1_CONTROL__hybrid_optuna_283,all6,hybrid_optuna,generic_seed,trial_20,hybrid,1710e98be83bf964,1,True,1.8115063388647812,1,0.5546686743490862,0.00018835206414421398,2.3291753689287127,98.5862349581366,46.77754615679882,4.622108288257608e-06,6.46914358196921e-08,0.009873912476684595,3.786960174973117,6,0,7.101065533551903,3102.5708907194935,0.16633063522143562,0.8336693647785646,0.5833333333333334,3102.5708907194935,0.8336693647785646,0.5833333333333334,1096.2187466422283,0.0,0.0,3103.9878934176054,True,False,False,optuna_seeded,20.0,"[""scalar""]",[1.8115063388647812],False,,303,False,7.101065533551903,0.16633063522143562
3_VH_1_CONTROL,VH,CONTROL,3_VH_1_CONTROL__hybrid_optuna_284,all6,hybrid_optuna,generic_seed,trial_98,hybrid,1710e98be83bf964,1,True,1.8134279780065068,1,244.86034272835485,8.357622188549002e-05,8.375737714624372e-05,5.6255742229811325,0.01157610047294452,1.3580365048061262e-06,0.0003134120120418516,1.3446480586505502e-05,0.8811713417831846,6,0,7.13565503810296,2928.068368698656,0.16633063522143562,0.8336693647785646,0.5833333333333334,2928.068368698656,0.8336693647785646,0.5833333333333334,11.828504741957541,0.0,0.0,2929.4853713967677,True,False,False,optuna_seeded,98.0,"[""scalar""]",[1.8134279780065068],False,,304,False,7.13565503810296,0.16633063522143562
3_VH_1_CONTROL,VH,CONTROL,3_VH_1_CONTROL__hybrid_optuna_285,all6,hybrid_optuna,generic_seed,trial_109,hybrid,1710e98be83bf964,1,True,1.8213885394983973,1,268.8681861870291,6.408779885495072e-05,1.997067191732976e-05,143.35761048408685,7.451149930449687,2.731044114111413e-06,6.41214590064488e-05,1.8650129167033738e-06,0.7963420677921003,6,0,7.278945144956988,3082.882100642557,0.16633063522143562,0.8336693647785646,0.5833333333333334,3082.882100642557,0.8336693647785646,0.5833333333333334,2290.3221611190975,0.0,0.0,3084.299103340669,True,False,False,optuna_seeded,109.0,"[""scalar""]",[1.8213885394983973],False,,305,False,7.278945144956988,0.16633063522143562
3_VH_1_CONTROL,VH,CONTROL,3_VH_1_CONTROL__hybrid_optuna_286,all6,hybrid_optuna,generic_seed,trial_120,hybrid,1710e98be83bf964,1,True,1.8335539172267383,1,403.24917674188566,9.329115855180405e-05,1.959990417671406e-05,149.73040179270782,17.587786206107896,5.716408868268123e-06,3.1347655747695513e-05,1.6564152221129693e-05,0.6091632471043756,6,0,7.497921944067133,3294.573484534821,0.16633063522143562,0.8336693647785646,0.5833333333333334,3294.573484534821,0.8336693647785646,0.5833333333333334,2496.664516833347,0.0,0.0,3295.990487232933,True,False,False,optuna_seeded,120.0,"[""scalar""]",[1.8335539172267383],False,,306,False,7.497921944067133,0.16633063522143562
3_VH_1_CONTROL,VH,CONTROL,3_VH_1_CONTROL__hybrid_optuna_287,all6,hybrid_optuna,generic_seed,trial_108,hybrid,1710e98be83bf964,1,True,1.8811906283117468,1,184.03338630987682,0.00017450446378550137,1.3275710820071214e-05,128.88992108714328,5.437270474994738,9.384468203396681e-07,0.00022894072276149395,1.2888466908580819e-06,0.417403908729399,6,0,8.355382743597284,3999.977985619047,0.16633063522143562,0.8336693647785646,0.5833333333333334,3999.977985619047,0.8336693647785646,0.5833333333333334,1854.1941494401783,0.0,0.0,4001.394988317159,True,False,False,optuna_seeded,108.0,"[""scalar""]",[1.8811906283117468],False,,307,False,8.355382743597284,0.16633063522143562
3_VH_1_CONTROL,VH,CONTROL,3_VH_1_CONTROL__hybrid_optuna_222,all6,hybrid_optuna,generic_seed,trial_93,hybrid,1710e98be83bf964,1,True,1.5922331229944087,1,219.58549896682072,0.0002226099988192181,5.018245724674104e-05,32.240080540158885,0.7097497173412805,2.058800238057027e-08,2.8178745410425994e-05,5.72230237537995e-06,0.9056435162884474,6,0,9.154147647885198,4760.632600760787,0.16633063522143562,0.8336693647785646,0.25,4760.632600760787,0.8336693647785646,0.25,128.53977563506865,0.0,0.0,4761.716270125566,True,False,False,optuna_seeded,93.0,"[""scalar""]",[1.5922331229944087],False,,308,False,9.154147647885198,0.16633063522143562
3_VH_1_CONTROL,VH,CONTROL,3_VH_1_CONTROL__hybrid_optuna_291,all6,hybrid_optuna,generic_seed,trial_82,hybrid,1710e98be83bf964,1,True,1.9342141990929544,1,443.5031856304172,0.0002942803246251676,1.1287158203664831e-05,28.006409344103602,0.2374091053932241,6.640908767210855e-07,0.00016300214592268735,9.30740384561474e-06,1.4384241085983875,6,0,9.309807017659017,4776.828556154514,0.16633063522143562,0.8336693647785646,0.5833333333333334,4776.828556154514,0.8336693647785646,0.5833333333333334,96.76571520184991,0.0,0.0,4778.245558852626,True,False,False,optuna_seeded,82.0,"[""scalar""]",[1.9342141990929544],False,,309,False,9.309807017659017,0.16633063522143562
3_VH_1_CONTROL,VH,CONTROL,3_VH_1_CONTROL__hybrid_pre_08,all6,generic_default,generic_seed,hybrid_pre_start_08,hybrid,1710e98be83bf964,3,True,2005717188444460.5,6,89.1166163933788,0.006129499468208065,0.004247585512203627,1.5829344295879097e-07,0.020405520222126914,3.184623877098777e-05,8.312127426876872e-06,0.00024798293240011496,1.098891549664306,6,0,14.646326844408243,10625.527170192361,0.16633063522143562,0.8336693647785646,0.5833333333333334,10625.527170192361,0.8336693647785646,0.5833333333333334,5.918246476855737e-14,0.0,0.0,10626.944172890473,True,False,False,scipy_pre,,,,,,310,False,14.646326844408243,0.16633063522143562
3_VH_1_CONTROL,VH,CONTROL,3_VH_1_CONTROL__hybrid_optuna_298,all6,hybrid_optuna,generic_seed,trial_46,hybrid,1710e98be83bf964,1,True,2.3069867722794073,1,94.7497852425794,0.027772329465770004,0.001307107053686096,7.92441676996936,0.8322580495021841,7.277935895065512e-06,1.8406005185875648e-05,0.045309526675451434,0.2778365408913652,6,0,16.019713335015172,12518.736791163545,0.16633063522143562,0.8336693647785646,0.5833333333333334,12518.736791163545,0.8336693647785646,0.5833333333333334,13.953555144923381,0.0,0.0,12520.153793861657,True,False,False,optuna_seeded,46.0,"[""scalar""]",[2.3069867722794073],False,,311,False,16.019713335015172,0.16633063522143562
3_VH_1_CONTROL,VH,CONTROL,3_VH_1_CONTROL__hybrid_optuna_297,all6,hybrid_optuna,generic_seed,trial_7,hybrid,1710e98be83bf964,1,True,2.2306875228012446,1,89.1166163933788,0.006129499468208065,0.004247585512203627,1.5829344295879097e-07,0.020405520222126914,3.184623877098777e-05,8.312127426876872e-06,0.00024798293240011496,1.098891549664306,6,0,24.67726736708508,38931.46618112574,0.16633063522143562,0.8336693647785646,0.5833333333333334,38931.46618112574,0.8336693647785646,0.5833333333333334,0.8092636754924568,0.0,0.0,38932.883183823855,False,False,False,optuna_seeded,7.0,"[""scalar""]",[2.2306875228012446],False,,312,False,24.67726736708508,0.16633063522143562
3_VH_1_CONTROL,VH,CONTROL,3_VH_1_CONTROL__hybrid_optuna_219,all6,hybrid_optuna,generic_seed,trial_60,hybrid,1710e98be83bf964,1,True,1.549295980046221,1,115.14742568422736,0.0005490825548531123,0.004175625539490631,25.35558454567454,0.07751220225224394,1.1051919159739467e-05,2.4312255426446643e-05,6.200338887844671e-08,0.22346196388807937,6,0,34.078947429402156,54481.41230445516,0.16633063522143562,0.8336693647785646,0.6666666666666666,54481.41230445516,0.8336693647785646,0.6666666666666666,77.76170093507207,0.0,0.0,54482.912640486604,False,False,False,optuna_seeded,60.0,"[""scalar""]",[1.549295980046221],False,,313,False,34.078947429402156,0.16633063522143562
VH_3_MFA,VH,MFA,VH_3_MFA__hybrid_optuna_211,all6,hybrid_optuna,generic_seed,trial_28,hybrid,1710e98be83bf964,1,True,1.5520186872615396,1,242.72121833545896,5.681308424667899e-05,0.0017234144402656034,139.43670950649346,0.7877474603635856,8.771333188344918e-07,3.453947550058565e-08,0.026722019360003776,1.5082606471195095,6,0,7.389195056913349,3389.401329801756,0.35849214923364664,0.6415078507663532,0.5,3389.401329801756,0.6415078507663532,0.5,2166.6664993559402,0.0,0.0,3390.5428376525224,True,True,True,optuna_seeded,28.0,"[""scalar""]",[1.5520186872615396],False,,1,True,7.375060108266482,0.3583151074148276
VH_3_MFA,VH,MFA,VH_3_MFA__hybrid_optuna_216,all6,hybrid_optuna,generic_seed,trial_25,hybrid,1710e98be83bf964,1,True,1.5955036284764323,1,269.5531676616278,3.878486071388191e-05,0.05630230261327334,126.92487956489235,9.2500591426147,1.2909968963860518e-06,2.534560222202759e-07,0.00016773399007067848,0.33923573185805694,6,0,8.081875166104036,3859.4402036120227,0.3534894363071253,0.6465105636928746,0.5,3859.4402036120227,0.6465105636928746,0.5,1795.9068033347178,0.0,0.0,3860.5867141757158,True,True,True,optuna_seeded,25.0,"[""scalar""]",[1.5955036284764323],False,,2,True,8.081875166104036,0.3534894363071253
VH_3_MFA,VH,MFA,VH_3_MFA__hybrid_optuna_205,all6,hybrid_optuna,generic_seed,trial_38,hybrid,1710e98be83bf964,1,True,1.526307164518788,1,20.30683643272204,7.573764265939246e-05,0.013138621338456728,20.715095696528252,0.0461206529332545,4.494890701253204e-08,4.1453620907247666e-08,2.3765384704631483e-07,8.595521810660458,6,0,6.783100259337623,3004.698932528668,0.35053173877774646,0.6494682612222534,0.5,3004.698932528668,0.6494682612222534,0.5,69.24627181922375,0.0,0.0,3005.8484007898905,True,True,True,optuna_seeded,38.0,"[""scalar""]",[1.526307164518788],False,,3,True,6.783100259337623,0.35053173877774646
VH_3_MFA,VH,MFA,VH_3_MFA__hybrid_optuna_220,all6,hybrid_optuna,generic_seed,trial_29,hybrid,1710e98be83bf964,1,True,1.6313075625893656,1,89.09539077244177,2.6223618283821574e-05,0.2850302775394974,128.0717547185405,0.013109092067413999,6.226026668703304e-08,4.286503306848281e-06,0.00021394331225871923,0.3222767715483098,6,0,8.619118910022094,4251.9758382386,0.3475323768563063,0.6524676231436938,0.5,4251.9758382386,0.6524676231436938,0.5,1828.279748933238,0.0,0.0,4253.128305861744,True,True,True,optuna_seeded,29.0,"[""scalar""]",[1.6313075625893656],False,,4,True,8.619118910022094,0.3475323768563063
VH_3_MFA,VH,MFA,VH_3_MFA__hybrid_optuna_204,all6,hybrid_optuna,generic_seed,trial_44,hybrid,1710e98be83bf964,1,True,1.5246721858883763,1,31.75743642004358,7.93447684427556e-05,0.009125498206304065,14.202138521279586,0.002073882074483029,7.694200827839356e-07,6.080611599897858e-08,5.258849490788759e-05,0.27286387686290525,6,0,6.690394181738444,2944.194267122291,0.34701637976375954,0.6529836202362405,0.5,2944.194267122291,0.6529836202362405,0.5,32.45523150481234,0.0,0.0,2945.347250742527,True,True,True,optuna_seeded,44.0,"[""scalar""]",[1.5246721858883763],False,,5,True,6.690394181738444,0.34701637976375954
VH_3_MFA,VH,MFA,VH_3_MFA__hybrid_optuna_213,all6,hybrid_optuna,generic_seed,trial_80,hybrid,1710e98be83bf964,1,True,1.554473051555924,1,3.260835368404915,6.691512932849746e-05,0.000859988190205758,74.82044256413137,0.004829046423436787,6.524118452242499e-07,1.831506014726614e-07,1.4427425920500374e-05,0.505598347493749,6,0,7.210660825552526,3259.2352027807515,0.3461192165303275,0.6538807834696726,0.5,3259.2352027807515,0.6538807834696726,0.5,630.3408735345488,0.0,0.0,3260.389083564221,True,True,True,optuna_seeded,80.0,"[""scalar""]",[1.554473051555924],False,,6,True,7.210660825552526,0.3461192165303275
VH_3_MFA,VH,MFA,VH_3_MFA__hybrid_optuna_215,all6,hybrid_optuna,generic_seed,trial_70,hybrid,1710e98be83bf964,1,True,1.5941301573865334,1,1.195221319570417,5.660594726884707e-05,0.1513399513486302,108.1108977846352,0.008485648901169452,1.138486031005212e-07,1.0016577190481775e-08,3.896405024339072e-06,0.25611095269589873,6,0,7.788027204681882,3691.841586641565,0.33853802065134886,0.6614619793486511,0.5,3691.841586641565,0.6614619793486511,0.5,1313.634767917928,0.0,0.0,3693.0030486209134,True,True,True,optuna_seeded,70.0,"[""scalar""]",[1.5941301573865334],False,,7,True,7.788027204681882,0.33853802065134886
VH_3_MFA,VH,MFA,VH_3_MFA__hybrid_optuna_200,all6,hybrid_optuna,generic_seed,trial_75,hybrid,1710e98be83bf964,1,True,1.5122359622881456,1,3.296407072157828,9.742196606029303e-05,0.003468046921345081,89.41952944789809,0.023517721512934388,3.5158271812448605e-08,6.381257996468411e-08,1.0573676384699437e-05,0.45916984565340074,6,0,6.247278969037182,2679.929214264986,0.3348350915472534,0.6651649084527467,0.5,2679.929214264986,0.6651649084527467,0.5,900.0465404063418,0.0,0.0,2681.094379173439,True,True,True,optuna_seeded,75.0,"[""scalar""]",[1.5122359622881456],False,,8,True,6.247278969037182,0.3348350915472534
VH_3_MFA,VH,MFA,VH_3_MFA__hybrid_optuna_221,all6,hybrid_optuna,generic_seed,trial_236,hybrid,1710e98be83bf964,1,True,1.6540856175813687,1,38.859093492572896,2.3999735448496362e-05,1.3405442365509332e-05,23.737396950751496,0.9154366718514816,2.0442553501108718e-08,8.119206979362878e-07,0.00017701956029182804,2.49586890949723,6,0,8.766755237132235,4362.515064458156,0.33295634003708874,0.6670436599629114,0.5,4362.515064458156,0.6670436599629114,0.5,80.87144389924867,0.0,0.0,4363.682108118119,True,True,True,optuna_seeded,236.0,"[""scalar""]",[1.6540856175813687],False,,9,True,8.766755237132235,0.33295634003708874
VH_3_MFA,VH,MFA,VH_3_MFA__hybrid_optuna_207,all6,hybrid_optuna,generic_seed,trial_59,hybrid,1710e98be83bf964,1,True,1.5300489959600072,1,4.582783438373543,9.360247968052443e-05,0.07418715563523416,39.894964880860925,0.005192480198029465,6.615041185246826e-07,2.1785463411743108e-08,1.9481025694848098e-07,0.1602371802781343,6,0,6.477471331668423,2802.488724886103,0.32981052246601644,0.6701894775339836,0.5,2802.488724886103,0.6701894775339836,0.5,194.86658753566334,0.0,0.0,2803.6589143636365,True,True,True,optuna_seeded,59.0,"[""scalar""]",[1.5300489959600072],False,,10,True,6.477471331668423,0.32981052246601644
VH_3_MFA,VH,MFA,VH_3_MFA__hybrid_optuna_173,all6,hybrid_optuna,generic_seed,trial_114,hybrid,1710e98be83bf964,1,True,1.4260993311688084,1,1.693635062808197,0.00010590746508017393,0.00013009526195592705,130.91992148244688,0.018868766767004552,1.3438501153912441e-08,3.986202674817496e-06,6.480249163724638e-05,0.4480912612907511,6,0,6.09717810777902,2595.7978033096656,0.3292994525966929,0.6707005474033071,0.4166666666666667,2595.7978033096656,0.6707005474033071,0.4166666666666667,1913.3629521548364,0.0,0.0,2596.8851705237353,True,True,True,optuna_seeded,114.0,"[""scalar""]",[1.4260993311688084],False,,11,True,6.09717810777902,0.3292994525966929
VH_3_MFA,VH,MFA,VH_3_MFA__hybrid_optuna_141,all6,hybrid_optuna,generic_seed,trial_259,hybrid,1710e98be83bf964,1,True,1.168551804397762,1,31.111011909260956,0.00011811204233522319,1.7471049999966237e-05,27.43916078415565,2.718260456327654,2.5643224266110156e-08,6.194435299602407e-07,0.00026172753327846556,1.7919751722949164,6,0,5.746617228138345,2381.9872411349006,0.31737137494325723,0.6826286250567427,0.16666666666666666,2381.9872411349006,0.6826286250567427,0.16666666666666666,99.81105236094056,0.0,0.0,2382.8365364266238,True,True,True,optuna_seeded,259.0,"[""scalar""]",[1.168551804397762],False,,12,True,5.746617228138345,0.31737137494325723
VH_3_MFA,VH,MFA,VH_3_MFA__hybrid_optuna_146,all6,hybrid_optuna,generic_seed,trial_139,hybrid,1710e98be83bf964,1,True,1.177833552403548,1,0.6022118375154839,0.00012642914692639128,1.4109554870608922e-05,146.34514203695926,44.609967154709125,2.3755048836688123e-08,2.2895031511170963e-06,0.0012211962343922948,0.368798501790569,6,0,5.874821373328245,2480.629125046664,0.31521207944802127,0.6847879205519787,0.16666666666666666,2480.629125046664,0.6847879205519787,0.16666666666666666,2394.3672425071663,0.0,0.0,2481.4805796338824,True,True,True,optuna_seeded,139.0,"[""scalar""]",[1.177833552403548],False,,13,True,5.874821373328245,0.31521207944802127
VH_3_MFA,VH,MFA,VH_3_MFA__hybrid_optuna_150,all6,hybrid_optuna,generic_seed,trial_21,hybrid,1710e98be83bf964,1,True,1.1907132046425886,1,8.07101507329264,0.00010955841406161424,0.09985013590707931,128.47005121360831,1.469507085962989,1.0410634147116118e-06,1.4017427623695086e-06,0.00015111679190752292,0.43416679317585405,6,0,6.094181851940799,2565.462248544607,0.3145191204652337,0.6854808795347663,0.16666666666666666,2565.462248544607,0.6854808795347663,0.16666666666666666,1835.6564736322305,0.0,0.0,2566.3143960908083,True,True,True,optuna_seeded,21.0,"[""scalar""]",[1.1907132046425886],False,,14,True,6.094181851940799,0.3145191204652337
VH_3_MFA,VH,MFA,VH_3_MFA__hybrid_optuna_222,all6,hybrid_optuna,generic_seed,trial_178,hybrid,1710e98be83bf964,1,True,1.6631793025900756,1,1.594242598185741,0.0004179624631057796,3.660640750417841e-05,146.9403235195477,0.13237333145756458,4.420284119442016e-05,0.00012969211069283832,0.0012747728565489069,0.18788908068313329,6,0,8.550740033670444,4095.0180131636357,0.3118618103916157,0.6881381896083844,0.5,4095.0180131636357,0.6881381896083844,0.5,2398.646529155787,0.0,0.0,4096.206151353244,True,True,True,optuna_seeded,178.0,"[""scalar""]",[1.6631793025900756],False,,15,True,8.550740033670444,0.3118618103916157
VH_3_MFA,VH,MFA,VH_3_MFA__hybrid_optuna_144,all6,hybrid_optuna,generic_seed,trial_83,hybrid,1710e98be83bf964,1,True,1.1703485806226295,1,2.40855084721251,0.00012599390855437773,3.0051540174046132e-05,123.57514724827291,0.06262254519612998,4.5943503577256733e-08,1.5436644334109036e-07,6.356607065156534e-08,0.23410142597324174,6,0,5.673633717304138,2344.1523126962893,0.3115199592276006,0.6884800407723994,0.16666666666666666,2344.1523126962893,0.6884800407723994,0.16666666666666666,1717.1428170535257,0.0,0.0,2345.0074594037283,True,True,True,optuna_seeded,83.0,"[""scalar""]",[1.1703485806226295],False,,16,True,5.673633717304138,0.3115199592276006
VH_3_MFA,VH,MFA,VH_3_MFA__hybrid_optuna_149,all6,hybrid_optuna,generic_seed,trial_71,hybrid,1710e98be83bf964,1,True,1.1890730627807231,1,4.644391352761279,0.00011668487491199463,0.015324534498215274,81.91000502460525,0.002758003280755269,9.206259612586146e-07,2.3197273481834185e-07,1.114576499551928e-05,0.5381161307295714,6,0,5.998250275351247,2501.7499608505236,0.3108297302943463,0.6891702697056538,0.16666666666666666,2501.7499608505236,0.6891702697056538,0.16666666666666666,752.1239125248325,0.0,0.0,2502.605797786896,True,True,True,optuna_seeded,71.0,"[""scalar""]",[1.1890730627807231],False,,17,True,5.998250275351247,0.3108297302943463
VH_3_MFA,VH,MFA,VH_3_MFA__hybrid_optuna_147,all6,hybrid_optuna,generic_seed,trial_18,hybrid,1710e98be83bf964,1,True,1.1795497130636758,1,143.27556608468,0.0001163717193423689,0.12997082779548538,118.4265438149929,0.005922367305325075,3.6147644006925267e-06,9.878579871301905e-07,1.7387798726352742e-05,0.4951429914369816,6,0,5.806969487910106,2403.7657812527273,0.3097263695979969,0.6902736304020033,0.16666666666666666,2403.7657812527273,0.6902736304020033,0.16666666666666666,1560.7939100544882,0.0,0.0,2404.6227215497956,True,True,True,optuna_seeded,18.0,"[""scalar""]",[1.1795497130636758],False,,18,True,5.806969487910106,0.3097263695979969
VH_3_MFA,VH,MFA,VH_3_MFA__hybrid_optuna_219,all6,hybrid_optuna,generic_seed,trial_48,hybrid,1710e98be83bf964,1,True,1.6239488564725257,1,6.119318142394204,6.794933379137801e-05,0.6397726867531836,65.25209874303957,0.0017144630409727706,5.511052676246162e-06,4.9823127809637574e-08,3.890183963259332e-08,5.517598479486697,6,0,7.772739694522245,3601.648294639425,0.3078700154453769,0.692129984554623,0.5,3601.648294639425,0.692129984554623,0.5,494.26062835399614,0.0,0.0,3602.8404246239793,True,True,True,optuna_seeded,48.0,"[""scalar""]",[1.6239488564725257],False,,19,True,7.772739694522245,0.3078700154453769
VH_3_MFA,VH,MFA,VH_3_MFA__hybrid_optuna_137,all6,hybrid_optuna,generic_seed,trial_284,hybrid,1710e98be83bf964,1,True,1.1652674393424332,1,31.179628757723517,0.00013112063851746268,1.3874535519428389e-05,28.21283826843478,0.7692935916479864,2.586585061236003e-08,6.310900937343772e-07,0.00018839572214532165,1.3540980812261754,6,0,5.503233920112322,2242.8145432572296,0.30713444510825144,0.6928655548917485,0.16666666666666666,2242.8145432572296,0.6928655548917485,0.16666666666666666,103.81429386208339,0.0,0.0,2243.674075478788,True,True,True,optuna_seeded,284.0,"[""scalar""]",[1.1652674393424332],False,,20,True,5.503233920112322,0.30713444510825144
VH_3_MFA,VH,MFA,VH_3_MFA__hybrid_optuna_158,all6,hybrid_optuna,generic_seed,trial_19,hybrid,1710e98be83bf964,1,True,1.2146902084676718,1,8.504157054070555,0.00010717709056298712,0.09687753524369125,120.94906226089559,1.3728264232243266,2.760758585368183e-06,1.8913128492468334e-06,7.267000056199341e-05,0.49281931845892113,6,0,6.330912914339039,2672.8951299749892,0.30369384232894153,0.6963061576710584,0.16666666666666666,2672.8951299749892,0.6963061576710584,0.16666666666666666,1626.9832817090441,0.0,0.0,2673.758102799327,True,True,True,optuna_seeded,19.0,"[""scalar""]",[1.2146902084676718],False,,21,True,6.330912914339039,0.30369384232894153
VH_3_MFA,VH,MFA,VH_3_MFA__hybrid_optuna_140,all6,hybrid_optuna,generic_seed,trial_170,hybrid,1710e98be83bf964,1,True,1.167642793880044,1,1.3442783247280456,0.0001406269829957711,5.781053396677099e-05,129.84691468893612,0.04933416430261371,2.617889334125167e-08,1.712331162859193e-06,0.00017839287053589078,0.3504493439650059,6,0,5.481669148216793,2239.353321181999,0.3035610476875557,0.6964389523124442,0.16666666666666666,2239.353321181999,0.6964389523124442,0.16666666666666666,1881.5084338560555,0.0,0.0,2240.216426800978,True,True,True,optuna_seeded,170.0,"[""scalar""]",[1.167642793880044],False,,22,True,5.481669148216793,0.3035610476875557
VH_3_MFA,VH,MFA,VH_3_MFA__hybrid_optuna_139,all6,hybrid_optuna,generic_seed,trial_119,hybrid,1710e98be83bf964,1,True,1.1674600762767369,1,1.249154104713647,0.00014195906299338008,0.0002761315279912299,121.14157555845777,0.07491984116964462,1.9443245991071e-08,5.475243576089298e-06,0.0004180599471283816,0.46970510593849507,6,0,5.473720333315921,2235.931189846112,0.3033021644630367,0.6966978355369632,0.16666666666666666,2235.931189846112,0.6966978355369632,0.16666666666666666,1637.4871845311498,0.0,0.0,2236.7945543483156,True,True,True,optuna_seeded,119.0,"[""scalar""]",[1.1674600762767369],False,,23,True,5.473720333315921,0.3033021644630367
VH_3_MFA,VH,MFA,VH_3_MFA__hybrid_optuna_142,all6,hybrid_optuna,generic_seed,trial_109,hybrid,1710e98be83bf964,1,True,1.1689000958006328,1,1.4163838173128045,0.0001413051221246092,0.00011432744972443978,125.44418858927813,0.15300331071258325,4.2308766242542845e-08,1.3527801990880486e-05,9.558872657768641e-05,0.2969409381746641,6,0,5.489460325369637,2239.3276263074818,0.3027365889421249,0.6972634110578751,0.16666666666666666,2239.3276263074818,0.6972634110578751,0.16666666666666666,1755.0635587471027,0.0,0.0,2240.1915563852062,True,True,True,optuna_seeded,109.0,"[""scalar""]",[1.1689000958006328],False,,24,True,5.489460325369637,0.3027365889421249
VH_3_MFA,VH,MFA,VH_3_MFA__hybrid_optuna_134,all6,hybrid_optuna,generic_seed,trial_248,hybrid,1710e98be83bf964,1,True,1.1613447530079337,1,50.06026624479622,0.0001400442445229954,1.6984819568850985e-05,33.34208725735825,1.1970283342876484,2.2308292543265817e-08,7.58276631955587e-07,7.852270922117397e-05,2.1244843496326236,6,0,5.353177816301275,2157.0422898395004,0.3027206812310262,0.6972793187689739,0.16666666666666666,2157.0422898395004,0.6972793187689739,0.16666666666666666,139.43533650793722,0.0,0.0,2157.9062358249357,True,True,True,optuna_seeded,248.0,"[""scalar""]",[1.1613447530079337],False,,25,True,5.353177816301275,0.3027206812310262
VH_3_MFA,VH,MFA,VH_3_MFA__hybrid_optuna_225,all6,hybrid_optuna,generic_seed,trial_55,hybrid,1710e98be83bf964,1,True,1.7115205098011665,1,38.505027163076356,0.00017301370662617927,0.002488124096912971,70.69496893734794,0.007573935286983195,7.3765220066797e-05,0.0021536560209984936,2.1899993708045757e-06,0.36183907799936327,6,0,9.229233869296243,4662.393492150547,0.30121470515973586,0.6987852948402642,0.5,4662.393492150547,0.6987852948402642,0.5,561.7017597745403,0.0,0.0,4663.5922774453875,True,True,True,optuna_seeded,55.0,"[""scalar""]",[1.7115205098011665],False,,26,True,9.229233869296243,0.30121470515973586
VH_3_MFA,VH,MFA,VH_3_MFA__hybrid_optuna_131,all6,hybrid_optuna,generic_seed,trial_291,hybrid,1710e98be83bf964,1,True,1.157672080817714,1,9.25412249632393,0.00015034085084781408,1.3667489712179492e-05,13.58624658347732,1.3590812612144794,1.540812980943519e-08,8.398577039790601e-07,8.363536451157345e-05,1.887121414383535,6,0,5.210925674525405,2077.286187462741,0.29849045665591944,0.7015095433440806,0.16666666666666666,2077.286187462741,0.7015095433440806,0.16666666666666666,38.26267152024221,0.0,0.0,2078.1543636727515,True,False,False,optuna_seeded,291.0,"[""scalar""]",[1.157672080817714],False,,27,False,5.210925674525405,0.29849045665591944
VH_3_MFA,VH,MFA,VH_3_MFA__hybrid_optuna_136,all6,hybrid_optuna,generic_seed,trial_165,hybrid,1710e98be83bf964,1,True,1.1641186586398735,1,0.8189207775955657,0.00015813752429183513,2.9674805725903834e-05,149.14517885008544,0.24697659009982773,1.7238320816175578e-08,2.7182823080823685e-06,0.00023283123002727007,0.252696230006522,6,0,5.306176453518761,2146.303657097013,0.29733558877783545,0.7026644112221646,0.16666666666666666,2146.303657097013,0.7026644112221646,0.16666666666666666,2480.6199857711217,0.0,0.0,2147.1729881749015,True,False,False,optuna_seeded,165.0,"[""scalar""]",[1.1641186586398735],False,,28,False,5.306176453518761,0.29733558877783545
VH_3_MFA,VH,MFA,VH_3_MFA__hybrid_optuna_138,all6,hybrid_optuna,generic_seed,trial_127,hybrid,1710e98be83bf964,1,True,1.1666518005518123,1,1.213240612092388,0.0001540622775086017,2.3876630207665207e-05,146.91265039759028,0.08972941040842992,5.421015492646949e-08,1.8287469502069915e-05,0.00024264545021185745,0.4076107748935749,6,0,5.349130710793389,2155.2827570624117,0.2971887944922648,0.7028112055077352,0.16666666666666666,2155.2827570624117,0.7028112055077352,0.16666666666666666,2404.73444902582,0.0,0.0,2156.152234934586,True,False,False,optuna_seeded,127.0,"[""scalar""]",[1.1666518005518123],False,,29,False,5.349130710793389,0.2971887944922648
VH_3_MFA,VH,MFA,VH_3_MFA__hybrid_optuna_145,all6,hybrid_optuna,generic_seed,trial_74,hybrid,1710e98be83bf964,1,True,1.173236317147017,1,1.7772075815260988,0.0001520431939251924,0.07972563263456033,93.25727674981282,0.0048724167240174416,2.0191930191230483e-08,6.215813874850407e-06,1.7844125831079226e-06,0.31149210260854054,6,0,5.4525664842516335,2214.2015349418634,0.2963507097558515,0.7036492902441486,0.16666666666666666,2214.2015349418634,0.7036492902441486,0.16666666666666666,978.296992454677,0.0,0.0,2215.0718508987743,True,False,False,optuna_seeded,74.0,"[""scalar""]",[1.173236317147017],False,,30,False,5.4525664842516335,0.2963507097558515
VH_3_MFA,VH,MFA,VH_3_MFA__hybrid_optuna_233,all6,hybrid_optuna,generic_seed,trial_156,hybrid,1710e98be83bf964,1,True,1.737501170301054,1,0.8422312769743706,1.097985436183658e-05,5.05280767468957e-05,132.84338226064324,0.11223200911779485,1.6870354056642432e-08,1.6492470033977164e-06,0.00031888753837588235,0.4603740439174888,6,0,9.597700583466835,5057.549888645015,0.29570441766932554,0.7042955823306745,0.5,5057.549888645015,0.7042955823306745,0.5,1973.1827958982778,0.0,0.0,5058.754184227346,True,False,False,optuna_seeded,156.0,"[""scalar""]",[1.737501170301054],False,,31,False,9.597700583466835,0.29570441766932554
VH_3_MFA,VH,MFA,VH_3_MFA__hybrid_optuna_126,all6,hybrid_optuna,generic_seed,trial_255,hybrid,1710e98be83bf964,1,True,1.1546284485783995,1,33.71949027327278,0.0001568889380354095,1.9223219730538254e-05,22.610378443384977,3.520652751076512,3.765504903611794e-08,4.7250347720545905e-07,0.0001593269187950086,4.29207315132643,6,0,5.104662649550656,2015.6544635943403,0.295630587507748,0.704369412492252,0.16666666666666666,2015.6544635943403,0.704369412492252,0.16666666666666666,73.28827220521279,0.0,0.0,2016.5254996734993,True,False,False,optuna_seeded,255.0,"[""scalar""]",[1.1546284485783995],False,,32,False,5.104662649550656,0.295630587507748
VH_3_MFA,VH,MFA,VH_3_MFA__hybrid_optuna_148,all6,hybrid_optuna,generic_seed,trial_49,hybrid,1710e98be83bf964,1,True,1.1817221269269391,1,1.6088228133696107,0.00015034536645671317,0.020337068276715248,76.51777763063541,0.08286196193203016,3.725340081380813e-07,1.140279400520589e-07,0.00047943394654522895,0.6194844813877307,6,0,5.57843550186865,2251.72779015431,0.29485762317687486,0.7051423768231251,0.16666666666666666,2251.72779015431,0.7051423768231251,0.16666666666666666,656.2284407790347,0.0,0.0,2252.5995991977993,True,False,False,optuna_seeded,49.0,"[""scalar""]",[1.1817221269269391],False,,33,False,5.57843550186865,0.29485762317687486
VH_3_MFA,VH,MFA,VH_3_MFA__hybrid_optuna_159,all6,hybrid_optuna,generic_seed,trial_64,hybrid,1710e98be83bf964,1,True,1.22381544503807,1,17.63235585667783,0.00012928123812813746,2.0022645200039406,27.71543708621283,0.009981084411202679,7.242998044116769e-06,5.536900381391315e-07,9.649190244797469e-05,0.19554955800965232,6,0,6.319159100661344,2661.8578095029225,0.29391561610978245,0.7060843838902174,0.16666666666666666,2661.8578095029225,0.7060843838902174,0.16666666666666666,92.29680354690609,0.0,0.0,2662.7305605534793,True,False,False,optuna_seeded,64.0,"[""scalar""]",[1.22381544503807],False,,34,False,6.319159100661344,0.29391561610978245
VH_3_MFA,VH,MFA,VH_3_MFA__hybrid_optuna_121,all6,hybrid_optuna,generic_seed,trial_272,hybrid,1710e98be83bf964,1,True,1.1527845429763124,1,38.112142216950346,0.00016149475412574005,1.4574164670898055e-05,41.10362204132294,5.8437965978912985,5.120430087263908e-08,2.0826898937902645e-07,0.00019697208010080951,3.2251669838076023,6,0,5.037099791246342,1977.7240997455272,0.2937210009818179,0.706278999018182,0.16666666666666666,1977.7240997455272,0.706278999018182,0.16666666666666666,204.22524170536613,0.0,0.0,1978.597045411212,True,False,False,optuna_seeded,272.0,"[""scalar""]",[1.1527845429763124],False,,35,False,5.037099791246342,0.2937210009818179
VH_3_MFA,VH,MFA,VH_3_MFA__hybrid_optuna_128,all6,hybrid_optuna,generic_seed,trial_205,hybrid,1710e98be83bf964,1,True,1.1549503046404974,1,3.095000221050735,0.00016345702426713002,4.319176063035868e-05,144.82524821537518,0.37514790356156896,2.2318702369574637e-08,2.3936104175829855e-06,0.0022191781104283245,0.2472849280037789,6,0,5.071933239545209,2000.152648913042,0.29349043088979204,0.7065095691102079,0.16666666666666666,2000.152648913042,0.7065095691102079,0.16666666666666666,2337.808996561478,0.0,0.0,2001.025825148819,True,False,False,optuna_seeded,205.0,"[""scalar""]",[1.1549503046404974],False,,36,False,5.071933239545209,0.29349043088979204
VH_3_MFA,VH,MFA,VH_3_MFA__hybrid_optuna_123,all6,hybrid_optuna,generic_seed,trial_16,hybrid,1710e98be83bf964,1,True,1.153886137993218,1,166.181080928851,0.00016241340922997557,0.27814294866559447,102.98220936180937,0.006489562809484306,1.395042105220327e-06,2.4216958782285507e-07,1.650817150674715e-05,0.5023384612333864,6,0,5.038958190037888,1975.426390198815,0.29272265034222017,0.7072773496577799,0.16666666666666666,1975.426390198815,0.7072773496577799,0.16666666666666666,1183.6216227933633,0.0,0.0,1976.3003342151394,True,False,False,optuna_seeded,16.0,"[""scalar""]",[1.153886137993218],False,,37,False,5.038958190037888,0.29272265034222017
VH_3_MFA,VH,MFA,VH_3_MFA__hybrid_optuna_143,all6,hybrid_optuna,generic_seed,trial_81,hybrid,1710e98be83bf964,1,True,1.1694234256954803,1,0.8612711922431029,0.00016512866760958966,0.0017562391107718573,109.07484972472837,0.1749272358978468,1.0593913309074825e-07,3.2024904399193386e-07,6.068053208977816e-07,0.09474205437786627,6,0,5.316208911399269,2128.2753250808305,0.29258818049336804,0.707411819506632,0.16666666666666666,2128.2753250808305,0.707411819506632,0.16666666666666666,1333.81405633804,0.0,0.0,2129.1494035670034,True,False,False,optuna_seeded,81.0,"[""scalar""]",[1.1694234256954803],False,,38,False,5.316208911399269,0.29258818049336804
VH_3_MFA,VH,MFA,VH_3_MFA__hybrid_optuna_127,all6,hybrid_optuna,generic_seed,trial_142,hybrid,1710e98be83bf964,1,True,1.154822411280242,1,2.1676046121503694,0.00016709363161621316,9.7862484536968e-05,136.12117469161672,0.022084365462074318,1.8585741016218665e-08,6.580858518221476e-07,8.311287673769354e-05,0.20000059977550422,6,0,5.049718899447337,1989.3768736865507,0.29238419424461,0.70761580575539,0.16666666666666666,1989.3768736865507,0.70761580575539,0.16666666666666666,2067.2548579201016,0.0,0.0,1990.251156158973,True,False,False,optuna_seeded,142.0,"[""scalar""]",[1.154822411280242],False,,39,False,5.049718899447337,0.29238419424461
VH_3_MFA,VH,MFA,VH_3_MFA__hybrid_optuna_130,all6,hybrid_optuna,generic_seed,trial_157,hybrid,1710e98be83bf964,1,True,1.1551895091011715,1,1.4911436362990123,0.0001705262569582377,1.0349531688723987e-05,141.7941157147477,0.1414790026224621,1.0620645983713794e-08,1.0961507019618974e-06,0.0001050016822999361,0.5992016010044832,6,0,5.043247605091481,1989.2076985557069,0.2916575800705777,0.7083424199294223,0.16666666666666666,1989.2076985557069,0.7083424199294223,0.16666666666666666,2246.023157491456,0.0,0.0,1990.0827076423031,True,False,False,optuna_seeded,157.0,"[""scalar""]",[1.1551895091011715],False,,40,False,5.043247605091481,0.2916575800705777
VH_3_MFA,VH,MFA,VH_3_MFA__hybrid_optuna_119,all6,hybrid_optuna,generic_seed,trial_249,hybrid,1710e98be83bf964,1,True,1.150448063692396,1,24.147476941450122,0.00016843112494101687,1.0951300045164164e-05,36.19343235749773,1.0661743789512628,1.6773343935334022e-08,4.2734868454181745e-07,0.00013603616966901408,1.6615052176224807,6,0,4.94940971695252,1928.6588555016813,0.29118580947163303,0.7088141905283668,0.16666666666666666,1928.6588555016813,0.7088141905283668,0.16666666666666666,162.23049670563876,0.0,0.0,1929.5343363588763,True,False,False,optuna_seeded,249.0,"[""scalar""]",[1.150448063692396],False,,41,False,4.94940971695252,0.29118580947163303
VH_3_MFA,VH,MFA,VH_3_MFA__hybrid_optuna_113,all6,hybrid_optuna,generic_seed,trial_239,hybrid,1710e98be83bf964,1,True,1.149103378601494,1,28.590186326081103,0.00017296983819340786,1.1317060661395251e-05,25.08611178398949,1.1529046587359069,2.4540539171124878e-08,7.398226686867149e-07,0.00022716528668766768,3.1483870465168735,6,0,4.898113392428766,1899.326230375855,0.28968069875565966,0.7103193012443403,0.16666666666666666,1899.326230375855,0.7103193012443403,0.16666666666666666,86.09172966609523,0.0,0.0,1900.2032163437661,True,False,False,optuna_seeded,239.0,"[""scalar""]",[1.149103378601494],False,,42,False,4.898113392428766,0.28968069875565966
VH_3_MFA,VH,MFA,VH_3_MFA__hybrid_optuna_112,all6,hybrid_optuna,generic_seed,trial_279,hybrid,1710e98be83bf964,1,True,1.148731394465851,1,29.269638740690226,0.00017438660150037707,1.8258025612816217e-05,37.7838244304319,7.753165065018739,3.1818703504018005e-08,1.5958041852472918e-06,0.00041767233131063654,2.2935310205225,6,0,4.886096407835896,1892.0059401628296,0.2893850726361434,0.7106149273638566,0.16666666666666666,1892.0059401628296,0.7106149273638566,0.16666666666666666,173.94876126117268,0.0,0.0,1892.8832217568602,True,False,False,optuna_seeded,279.0,"[""scalar""]",[1.148731394465851],False,,43,False,4.886096407835896,0.2893850726361434
VH_3_MFA,VH,MFA,VH_3_MFA__hybrid_optuna_129,all6,hybrid_optuna,generic_seed,trial_77,hybrid,1710e98be83bf964,1,True,1.154970094496496,1,1.996666708349648,0.00017665720638428923,0.0015875906182213082,108.1517072112929,0.039038039059875254,9.088309461473234e-08,2.8908097657286346e-07,3.345012937360822e-07,0.1296545796448307,6,0,4.989200889463925,1946.802246990975,0.288874399362611,0.711125600637389,0.16666666666666666,1946.802246990975,0.711125600637389,0.16666666666666666,1312.1296695198043,0.0,0.0,1947.680039258279,True,False,False,optuna_seeded,77.0,"[""scalar""]",[1.154970094496496],False,,44,False,4.989200889463925,0.288874399362611
VH_3_MFA,VH,MFA,VH_3_MFA__hybrid_optuna_118,all6,hybrid_optuna,generic_seed,trial_228,hybrid,1710e98be83bf964,1,True,1.1503616897341613,1,2.9945847505833214,0.00017967247605650086,8.86248547716711e-05,27.821183795963336,1.2456914085880466,3.3493686332080075e-08,2.1239221215528023e-06,0.0016571874758430226,3.0836864487673603,6,0,4.901792263737716,1901.2124286327905,0.2886267693623785,0.7113732306376215,0.16666666666666666,1901.2124286327905,0.7113732306376215,0.16666666666666666,98.5274830275627,0.0,0.0,1902.090468530095,True,False,False,optuna_seeded,228.0,"[""scalar""]",[1.1503616897341613],False,,45,False,4.901792263737716,0.2886267693623785
VH_3_MFA,VH,MFA,VH_3_MFA__hybrid_optuna_108,all6,hybrid_optuna,generic_seed,trial_295,hybrid,1710e98be83bf964,1,True,1.1468980522868593,1,31.129663380327926,0.00017904903423066935,2.158855286169524e-05,28.87113166504597,1.5584358299969485,1.2822063396619263e-08,1.2234286180454868e-06,0.001216485837325917,5.435842687662571,6,0,4.839111612460864,1865.5652744200113,0.288608148405411,0.711391851594589,0.16666666666666666,1865.5652744200113,0.711391851594589,0.16666666666666666,108.77189734533718,0.0,0.0,1866.4433329382725,True,False,False,optuna_seeded,295.0,"[""scalar""]",[1.1468980522868593],False,,46,False,4.839111612460864,0.288608148405411
VH_3_MFA,VH,MFA,VH_3_MFA__hybrid_optuna_124,all6,hybrid_optuna,generic_seed,trial_68,hybrid,1710e98be83bf964,1,True,1.1542048499057562,1,2.3834873370326433,0.00017795206938384992,0.009487932436533685,80.05302032297737,0.005709942697847169,9.709635165924453e-08,5.7455971672019723e-08,1.2029376032554393e-05,0.29937923440481695,6,0,4.967745640234578,1933.9978471281672,0.2884476856628316,0.7115523143371684,0.16666666666666666,1933.9978471281672,0.7115523143371684,0.16666666666666666,722.3676502703192,0.0,0.0,1934.8760661091712,True,False,False,optuna_seeded,68.0,"[""scalar""]",[1.1542048499057562],False,,47,False,4.967745640234578,0.2884476856628316
VH_3_MFA,VH,MFA,VH_3_MFA__hybrid_optuna_106,all6,hybrid_optuna,generic_seed,trial_136,hybrid,1710e98be83bf964,1,True,1.1465232716996712,1,23.22725956763783,0.00017926516336600547,0.0002946267835497738,149.92941898728517,0.016499831212108386,1.5703478212130136e-08,3.5800993059062843e-06,0.00015115844414382082,0.6084421990186025,6,0,4.825894090517324,1859.0089084049935,0.28824862221795805,0.711751377782042,0.16666666666666666,1859.0089084049935,0.711751377782042,0.16666666666666666,2502.9571561121707,0.0,0.0,1859.8873264494423,True,False,False,optuna_seeded,136.0,"[""scalar""]",[1.1465232716996712],False,,48,False,4.825894090517324,0.28824862221795805
VH_3_MFA,VH,MFA,VH_3_MFA__hybrid_optuna_160,all6,hybrid_optuna,generic_seed,trial_23,hybrid,1710e98be83bf964,1,True,1.268416296085173,1,2.889538395676482,0.00012918371621917444,1.1198969840494069,113.59721492150413,0.009797612965318368,5.833779001188017e-07,8.062122203248556e-08,0.00024313705785254539,1.0517349198862713,6,0,7.014993008328268,3148.713744391674,0.28797220437750853,0.7120277956224915,0.16666666666666666,3148.713744391674,0.7120277956224915,0.16666666666666666,1440.6107693038282,0.0,0.0,3149.592438853963,True,False,False,optuna_seeded,23.0,"[""scalar""]",[1.268416296085173],False,,49,False,7.014993008328268,0.28797220437750853
VH_3_MFA,VH,MFA,VH_3_MFA__hybrid_optuna_116,all6,hybrid_optuna,generic_seed,trial_173,hybrid,1710e98be83bf964,1,True,1.1496598209012536,1,1.695873063329589,0.00018423919937078057,9.678493348990346e-05,147.20502225723715,0.03455709147495425,1.2770651379864446e-08,2.243067281778575e-06,0.0015594544183940202,0.2607143553805972,6,0,4.873443756406515,1891.608404811808,0.2877537211213306,0.7122462788786694,0.16666666666666666,1891.608404811808,0.7122462788786694,0.16666666666666666,2414.8450440958354,0.0,0.0,1892.4873177573534,True,False,False,optuna_seeded,173.0,"[""scalar""]",[1.1496598209012536],False,,50,False,4.873443756406515,0.2877537211213306
VH_3_MFA,VH,MFA,VH_3_MFA__hybrid_optuna_114,all6,hybrid_optuna,generic_seed,trial_72,hybrid,1710e98be83bf964,1,True,1.1495749329005505,1,2.9600771836805078,0.00018343592857438654,0.008119178101686084,95.40555150015344,0.005189306674447476,6.346275597424866e-08,4.3073750692391644e-07,8.789806490258706e-06,0.4717204464225207,6,0,4.864735716384465,1879.2541667490714,0.28735482912080884,0.7126451708791911,0.16666666666666666,1879.2541667490714,0.7126451708791911,0.16666666666666666,1019.8074114619352,0.0,0.0,1880.1334785866172,True,False,False,optuna_seeded,72.0,"[""scalar""]",[1.1495749329005505],False,,51,False,4.864735716384465,0.28735482912080884
VH_3_MFA,VH,MFA,VH_3_MFA__hybrid_optuna_120,all6,hybrid_optuna,generic_seed,trial_287,hybrid,1710e98be83bf964,1,True,1.1518713414027324,1,1.202533080855341,0.00018822678631024646,3.094997686143285e-05,20.6526222028761,0.029244674647378968,3.804197003817455e-08,1.061682940680162e-06,0.0002740657317260934,0.0642635765334184,6,0,4.899497025640694,1904.3924353891089,0.2869896044661951,0.7130103955338049,0.16666666666666666,1904.3924353891089,0.7130103955338049,0.16666666666666666,60.563737372206774,0.0,0.0,1905.2721124513093,True,False,False,optuna_seeded,287.0,"[""scalar""]",[1.1518713414027324],False,,52,False,4.899497025640694,0.2869896044661951
VH_3_MFA,VH,MFA,VH_3_MFA__hybrid_optuna_110,all6,hybrid_optuna,generic_seed,trial_218,hybrid,1710e98be83bf964,1,True,1.147775561204951,1,2.153599533756177,0.00018688885987265053,4.434922071165397e-05,5.674850283625515,2.061581649055887,2.251944507266167e-08,1.335430874499451e-06,0.0005415259379334806,0.2027760358682321,6,0,4.825430265571625,1862.0176660405161,0.2869705646601395,0.7130294353398604,0.16666666666666666,1862.0176660405161,0.7130294353398604,0.16666666666666666,18.54600977859342,0.0,0.0,1862.8973621425228,True,False,False,optuna_seeded,218.0,"[""scalar""]",[1.147775561204951],False,,53,False,4.825430265571625,0.2869705646601395
VH_3_MFA,VH,MFA,VH_3_MFA__hybrid_optuna_109,all6,hybrid_optuna,generic_seed,trial_197,hybrid,1710e98be83bf964,1,True,1.1476194803312347,1,1.9547498812128397,0.00018811209520058555,3.734605159985484e-05,143.59112393756894,0.6135379859754732,1.6437722973461047e-08,2.822972831796116e-06,0.0016253092069122403,0.19632005675083847,6,0,4.819711073809039,1859.8077930579518,0.28680891265815633,0.7131910873418437,0.16666666666666666,1859.8077930579518,0.7131910873418437,0.16666666666666666,2299.315150562653,0.0,0.0,1860.6876508119603,True,False,False,optuna_seeded,197.0,"[""scalar""]",[1.1476194803312347],False,,54,False,4.819711073809039,0.28680891265815633
VH_3_MFA,VH,MFA,VH_3_MFA__hybrid_optuna_122,all6,hybrid_optuna,generic_seed,trial_124,hybrid,1710e98be83bf964,1,True,1.1533606601878812,1,0.8783776555948563,0.00019256718825468616,3.753824949050496e-05,141.3851300344863,0.010882122808229464,3.5083303784459677e-08,1.2012267273770026e-06,0.00010007838650731702,0.4837778934017135,6,0,4.9169710398084705,1917.383192299977,0.2864710642459228,0.7135289357540772,0.16666666666666666,1917.383192299977,0.7135289357540772,0.16666666666666666,2229.569512012372,0.0,0.0,1918.2633879023979,True,False,False,optuna_seeded,124.0,"[""scalar""]",[1.1533606601878812],False,,55,False,4.9169710398084705,0.2864710642459228
VH_3_MFA,VH,MFA,VH_3_MFA__hybrid_optuna_098,all6,hybrid_optuna,generic_seed,trial_256,hybrid,1710e98be83bf964,1,True,1.1419171657432625,1,39.260114505322406,0.00019012161419939893,1.3758168149722654e-05,16.650855100966584,5.0175018131795985,4.183281179057029e-08,3.687354190048637e-07,0.00010134663642917168,2.2937260584990975,6,0,4.699582830435823,1788.3599688033594,0.2858374359476165,0.7141625640523834,0.16666666666666666,1788.3599688033594,0.7141625640523834,0.16666666666666666,48.09228606586518,0.0,0.0,1789.2407980340786,True,False,False,optuna_seeded,256.0,"[""scalar""]",[1.1419171657432625],False,,56,False,4.699582830435823,0.2858374359476165
VH_3_MFA,VH,MFA,VH_3_MFA__hybrid_optuna_097,all6,hybrid_optuna,generic_seed,trial_267,hybrid,1710e98be83bf964,1,True,1.1417527826956546,1,41.071430660066575,0.0001910400092750172,1.0051239449093775e-05,43.278748443290226,0.8587683535781763,2.8196578564337738e-08,9.909299418425907e-07,0.000215751691982361,2.6300736326827736,6,0,4.695065382393915,1785.443041003953,0.2857508496595628,0.7142491503404371,0.16666666666666666,1785.443041003953,0.7142491503404371,0.16666666666666666,222.8548226167553,0.0,0.0,1786.3239568209603,True,False,False,optuna_seeded,267.0,"[""scalar""]",[1.1417527826956546],False,,57,False,4.695065382393915,0.2857508496595628
VH_3_MFA,VH,MFA,VH_3_MFA__hybrid_optuna_251,all6,hybrid_optuna,generic_seed,trial_57,hybrid,1710e98be83bf964,1,True,1.7537528600930465,1,26.087578969930657,0.0007801161978308435,0.014268921451274369,19.500367195304875,0.02938249097094172,2.0377263100423406e-06,1.0194959734903342e-05,8.438796234322511e-07,0.0805354317651844,6,0,3.7104086245319805,1075.6617847039934,0.28571428571428564,0.7142857142857143,0.8333333333333334,1075.6617847039934,0.7142857142857143,0.8333333333333334,49.567574113242145,0.0,0.0,1077.2094037516124,True,False,False,optuna_seeded,57.0,"[""scalar""]",[1.7537528600930465],False,,58,False,3.7104086245319805,0.28571428571428564
VH_3_MFA,VH,MFA,VH_3_MFA__hybrid_optuna_279,all6,hybrid_optuna,generic_seed,trial_137,hybrid,1710e98be83bf964,1,True,1.77521786834152,1,1.4715207000918242,0.0004331456375761216,3.387035799411633e-05,139.96285466218563,0.05138991216564594,1.0195504130327095e-08,0.00040112630351362045,0.0005273006228785139,0.4300328677195014,6,0,4.096778773004499,1413.5818319797625,0.28571428571428564,0.7142857142857143,0.8333333333333334,1413.5818319797625,0.7142857142857143,0.8333333333333334,2185.840727748856,0.0,0.0,1415.1294510273815,True,False,False,optuna_seeded,137.0,"[""scalar""]",[1.77521786834152],False,,59,False,4.096778773004499,0.28571428571428564
VH_3_MFA,VH,MFA,VH_3_MFA__hybrid_optuna_285,all6,hybrid_optuna,generic_seed,trial_50,hybrid,1710e98be83bf964,1,True,1.793577655358807,1,62.04168935692081,0.00044559622972862635,0.1934363915348598,29.10783145225127,0.013516394321984954,1.7617232943924257e-06,3.125211572204581e-05,5.007627758615549e-07,0.2796135199062978,6,0,4.427254939315666,1450.393207367477,0.28571428571428564,0.7142857142857143,0.8333333333333334,1450.393207367477,0.7142857142857143,0.8333333333333334,103.48041386431584,0.0,0.0,1451.9408264150961,True,False,False,optuna_seeded,50.0,"[""scalar""]",[1.793577655358807],False,,60,False,4.427254939315666,0.28571428571428564
VH_3_MFA,VH,MFA,VH_3_MFA__hybrid_optuna_293,all6,hybrid_optuna,generic_seed,trial_56,hybrid,1710e98be83bf964,1,True,1.83045599042965,1,3.909706605733328,0.00039426296867239077,0.0009697130052488072,50.89819656012953,0.004020653796386429,3.611423334372476e-06,2.3225958909973035e-06,4.794635771702994e-06,0.8249809081303713,6,0,5.091064970590838,1751.8809147420188,0.28571428571428564,0.7142857142857143,0.8333333333333334,1751.8809147420188,0.7142857142857143,0.8333333333333334,293.6281037473948,0.0,0.0,1753.4285337896379,True,False,False,optuna_seeded,56.0,"[""scalar""]",[1.83045599042965],False,,61,False,5.091064970590838,0.28571428571428564
VH_3_MFA,VH,MFA,VH_3_MFA__hybrid_optuna_254,all6,hybrid_optuna,generic_seed,trial_238,hybrid,1710e98be83bf964,1,True,1.7549155103809368,1,58.25257956947866,0.00022494660284165955,1.1459268416421261e-05,26.563556395259788,1.3879965843190902,1.2647254481113289e-05,6.50649964268938e-07,0.00024686602771857054,3.5099765162077605,6,0,5.231336329714005,1898.850327585985,0.28571428571428564,0.7142857142857143,0.75,1898.850327585985,0.7142857142857143,0.75,87.97435994859019,0.0,0.0,1900.3146133002708,True,False,False,optuna_seeded,238.0,"[""scalar""]",[1.7549155103809368],False,,62,False,5.231336329714005,0.28571428571428564
VH_3_MFA,VH,MFA,VH_3_MFA__hybrid_optuna_269,all6,hybrid_optuna,generic_seed,trial_24,hybrid,1710e98be83bf964,1,True,1.7647070940264031,1,76.4499320689577,1.338093994016873e-05,0.35865798519462144,136.92573680023645,0.3456938158158576,6.9578749865107825e-06,1.5884196288134262e-06,3.309069147185189e-06,2.042863411890139,6,0,9.907584835332395,5283.294463027861,0.28571428571428564,0.7142857142857143,0.5,5283.294463027861,0.7142857142857143,0.5,2089.6888363581734,0.0,0.0,5284.508748742146,True,False,False,optuna_seeded,24.0,"[""scalar""]",[1.7647070940264031],False,,63,False,9.907584835332395,0.28571428571428564
VH_3_MFA,VH,MFA,VH_3_MFA__hybrid_optuna_117,all6,hybrid_optuna,generic_seed,trial_134,hybrid,1710e98be83bf964,1,True,1.1503102680364623,1,0.8218254735127674,0.00019921537057627681,0.00012101204203042653,143.32390504975848,0.07335217083320231,1.6943387657705955e-08,1.8100978560144215e-06,0.0007322011736166129,0.38244933351503885,6,0,4.844153778805851,1883.4876964727816,0.2854760530083074,0.7145239469916925,0.16666666666666666,1883.4876964727816,0.7145239469916925,0.16666666666666666,2289.6114557617893,0.0,0.0,1884.36888708644,True,False,False,optuna_seeded,134.0,"[""scalar""]",[1.1503102680364623],False,,64,False,4.844153778805851,0.2854760530083074
VH_3_MFA,VH,MFA,VH_3_MFA__hybrid_optuna_096,all6,hybrid_optuna,generic_seed,trial_261,hybrid,1710e98be83bf964,1,True,1.1413351103671014,1,24.757194862960496,0.00019240566703210548,2.052644870638748e-05,30.25004095570022,4.58134028327055,2.5379926668774545e-08,8.922811718078398e-07,0.0001774953274810811,2.2810144129374628,6,0,4.682520554030469,1778.6944046352776,0.28547158707903586,0.7145284129209641,0.16666666666666666,1778.6944046352776,0.7145284129209641,0.16666666666666666,117.56066189401547,0.0,0.0,1779.5755997148653,True,False,False,optuna_seeded,261.0,"[""scalar""]",[1.1413351103671014],False,,65,False,4.682520554030469,0.28547158707903586
VH_3_MFA,VH,MFA,VH_3_MFA__hybrid_optuna_125,all6,hybrid_optuna,generic_seed,trial_62,hybrid,1710e98be83bf964,1,True,1.1543421828324767,1,12.556005932278975,0.00018734480187995598,0.025552055301002796,47.50849194253352,0.002400752401687158,1.3191824678923694e-06,1.084589064456296e-06,1.1306134757085778e-05,0.7648162213969711,6,0,4.901220647701381,1870.4214945949668,0.28461451981759994,0.7153854801824,0.16666666666666666,1870.4214945949668,0.7153854801824,0.16666666666666666,256.9100749925176,0.0,0.0,1871.303546741816,True,False,False,optuna_seeded,62.0,"[""scalar""]",[1.1543421828324767],False,,66,False,4.901220647701381,0.28461451981759994
VH_3_MFA,VH,MFA,VH_3_MFA__hybrid_optuna_100,all6,hybrid_optuna,generic_seed,trial_206,hybrid,1710e98be83bf964,1,True,1.1424840345797203,1,2.4757800616570873,0.0001997110800485471,2.4111550331024675e-05,142.6281334076903,0.2574844446528682,1.564136277956831e-08,4.123347816597739e-06,0.0007867480392581819,0.30963041066461455,6,0,4.684412522448986,1782.9742350333197,0.28442777222300136,0.7155722277769986,0.16666666666666666,1782.9742350333197,0.7155722277769986,0.16666666666666666,2268.70444003508,0.0,0.0,1783.8564739277635,True,False,False,optuna_seeded,206.0,"[""scalar""]",[1.1424840345797203],False,,67,False,4.684412522448986,0.28442777222300136
VH_3_MFA,VH,MFA,VH_3_MFA__hybrid_optuna_099,all6,hybrid_optuna,generic_seed,trial_230,hybrid,1710e98be83bf964,1,True,1.1420915457589615,1,2.526201467554957,0.00020191002025830802,4.2608098858798734e-05,4.958535551119032,0.7010620048740634,1.8649183821007343e-08,1.5232704457894814e-06,1.214880768654013e-07,3.4222982872998,6,0,4.674185614859517,1776.0660915228118,0.2842520995110116,0.7157479004889885,0.16666666666666666,1776.0660915228118,0.7157479004889885,0.16666666666666666,27.50027063788318,0.0,0.0,1776.9485060899676,True,False,False,optuna_seeded,230.0,"[""scalar""]",[1.1420915457589615],False,,68,False,4.674185614859517,0.2842520995110116
VH_3_MFA,VH,MFA,VH_3_MFA__hybrid_optuna_133,all6,hybrid_optuna,generic_seed,trial_32,hybrid,1710e98be83bf964,1,True,1.1584760389479174,1,13.797963771993087,0.00019890195017135503,0.02879436986670627,43.9777082460251,0.002686156924450246,3.069944686576361e-06,1.2544728795633938e-06,1.2069229751862694e-05,0.7376371411770638,6,0,4.968893585723094,1871.7829943588295,0.2842402713700323,0.7157597286299676,0.16666666666666666,1871.7829943588295,0.7157597286299676,0.16666666666666666,220.23919280047656,0.0,0.0,1872.6654207541262,True,False,False,optuna_seeded,32.0,"[""scalar""]",[1.1584760389479174],False,,69,False,4.968893585723094,0.2842402713700323
VH_3_MFA,VH,MFA,VH_3_MFA__hybrid_optuna_091,all6,hybrid_optuna,generic_seed,trial_243,hybrid,1710e98be83bf964,1,True,1.138618712627672,1,35.142189288546724,0.00019936232031743416,1.5583851778323967e-05,33.58085988142932,3.04646798792671,1.7240585581190345e-08,5.980040401470679e-07,0.00011635329398265758,2.884417245842019,6,0,4.609239491785121,1737.8814009110263,0.2841168146937239,0.715883185306276,0.16666666666666666,1737.8814009110263,0.715883185306276,0.16666666666666666,142.3174121404757,0.0,0.0,1738.7639507629992,True,False,False,optuna_seeded,243.0,"[""scalar""]",[1.138618712627672],False,,70,False,4.609239491785121,0.2841168146937239
VH_3_MFA,VH,MFA,VH_3_MFA__hybrid_optuna_101,all6,hybrid_optuna,generic_seed,trial_146,hybrid,1710e98be83bf964,1,True,1.1439197738268616,1,1.354715116004255,0.00020384948318935184,2.337494089121114e-05,146.43591195826303,0.015227704655608,1.0344908295066538e-08,1.1975823336056666e-06,0.0004313869683052463,0.5028957965195426,6,0,4.703875730267869,1801.0604422689712,0.2840733222991312,0.7159266777008688,0.16666666666666666,1801.0604422689712,0.7159266777008688,0.16666666666666666,2392.6381513386495,0.0,0.0,1801.943035613339,True,False,False,optuna_seeded,146.0,"[""scalar""]",[1.1439197738268616],False,,71,False,4.703875730267869,0.2840733222991312
VH_3_MFA,VH,MFA,VH_3_MFA__hybrid_optuna_294,all6,hybrid_optuna,generic_seed,trial_52,hybrid,1710e98be83bf964,1,True,1.8542502399714968,1,18.406140106202518,0.0002625592298509703,0.006382568986003171,46.72065531204745,0.006038146913053802,1.665315437485134e-05,4.1633614193350444e-07,5.626111069981081e-06,1.741403001230789,6,0,5.4889845064475535,2010.704460163465,0.28402667705336726,0.7159733229466329,0.8333333333333334,2010.704460163465,0.7159733229466329,0.8333333333333334,248.09209104886168,0.0,0.0,2012.253766819745,True,False,False,optuna_seeded,52.0,"[""scalar""]",[1.8542502399714968],False,,72,False,5.4889845064475535,0.28402667705336726
VH_3_MFA,VH,MFA,VH_3_MFA__hybrid_optuna_107,all6,hybrid_optuna,generic_seed,trial_115,hybrid,1710e98be83bf964,1,True,1.1466108481645725,1,1.1253444445560383,0.00020477040440652937,0.00048265784853469785,147.16932190874036,0.01376456482791899,3.126863946770933e-08,2.549298063816235e-06,0.00012677773666606377,0.2903086843968201,6,0,4.749201707702478,1823.0543951150696,0.2839003578188986,0.7160996421811014,0.16666666666666666,1823.0543951150696,0.7160996421811014,0.16666666666666666,2411.600053802382,0.0,0.0,1823.9371614239174,True,False,False,optuna_seeded,115.0,"[""scalar""]",[1.1466108481645725],False,,73,False,4.749201707702478,0.2839003578188986
VH_3_MFA,VH,MFA,VH_3_MFA__hybrid_optuna_105,all6,hybrid_optuna,generic_seed,trial_163,hybrid,1710e98be83bf964,1,True,1.1462996827083856,1,1.0031672399171667,0.0002065698375214607,0.00014347986100277454,140.55187635582826,0.028150898332763127,2.1807128896814783e-08,1.8754851321832576e-06,0.0005767484533917404,0.3122916853527221,6,0,4.741594076502033,1823.116275298531,0.2837888770972829,0.7162111229027172,0.16666666666666666,1823.116275298531,0.7162111229027172,0.16666666666666666,2201.5057404845306,0.0,0.0,1823.9991530881005,True,False,False,optuna_seeded,163.0,"[""scalar""]",[1.1462996827083856],False,,74,False,4.741594076502033,0.2837888770972829
VH_3_MFA,VH,MFA,VH_3_MFA__hybrid_optuna_164,all6,hybrid_optuna,generic_seed,trial_61,hybrid,1710e98be83bf964,1,True,1.3121915529789425,1,15.19924435319294,0.00023195823568544717,0.021847312841165853,60.87300907123823,0.002105299664548882,3.802522699830788e-06,7.618768143176733e-07,8.385654502616558e-06,0.41650553728775325,6,0,4.723665989266902,1728.065747266165,0.2835676686469964,0.7164323313530035,0.3333333333333333,1728.065747266165,0.7164323313530035,0.3333333333333333,416.72257625500504,0.0,0.0,1729.1155129308513,True,False,False,optuna_seeded,61.0,"[""scalar""]",[1.3121915529789425],False,,75,False,4.723665989266902,0.2835676686469964
VH_3_MFA,VH,MFA,VH_3_MFA__hybrid_optuna_298,all6,hybrid_optuna,generic_seed,trial_58,hybrid,1710e98be83bf964,1,True,2.1362669992276633,1,7.793281458545078,5.1201191110690275e-05,0.006702163148637154,10.594924585121248,0.0013994330805591228,0.0007626004102879208,3.3324447386582565e-07,1.4638737887297862e-05,3.3252771764509648,6,0,10.556237003694457,5911.738085650231,0.2835239454220288,0.7164760545779713,0.8333333333333334,5911.738085650231,0.7164760545779713,0.8333333333333334,22.327860163844022,0.0,0.0,5913.287895038143,True,False,False,optuna_seeded,58.0,"[""scalar""]",[2.1362669992276633],False,,76,False,10.556237003694457,0.2835239454220288
VH_3_MFA,VH,MFA,VH_3_MFA__hybrid_optuna_255,all6,hybrid_optuna,generic_seed,trial_27,hybrid,1710e98be83bf964,1,True,1.7550713583038795,1,0.5163605694089172,0.0001796049820420383,0.040241900346248215,107.87154670571304,0.02097388322980207,1.0825394017037908e-05,0.00012612699295696912,5.873625086037148e-07,0.7283088328277747,6,0,9.693846126397798,5069.590621854371,0.2834756487182204,0.7165243512817797,0.5,5069.590621854371,0.7165243512817797,0.5,1299.5909808305887,0.0,0.0,5070.807146205653,True,False,False,optuna_seeded,27.0,"[""scalar""]",[1.7550713583038795],False,,77,False,9.693846126397798,0.2834756487182204
VH_3_MFA,VH,MFA,VH_3_MFA__hybrid_optuna_103,all6,hybrid_optuna,generic_seed,trial_179,hybrid,1710e98be83bf964,1,True,1.144387404098357,1,1.0342481270276553,0.00021005631725255766,5.05330842572379e-05,143.95216095013208,0.085099353832034,1.3676379452131858e-08,6.477764946224747e-06,0.0019010113285724897,0.31993642462363386,6,0,4.700626113682954,1802.0969322495512,0.28342515777291827,0.7165748422270818,0.16666666666666666,1802.0969322495512,0.7165748422270818,0.16666666666666666,2310.251491097394,0.0,0.0,1802.980173758445,True,False,False,optuna_seeded,179.0,"[""scalar""]",[1.144387404098357],False,,78,False,4.700626113682954,0.28342515777291827
VH_3_MFA,VH,MFA,VH_3_MFA__hybrid_optuna_088,all6,hybrid_optuna,generic_seed,trial_252,hybrid,1710e98be83bf964,1,True,1.13671748688512,1,41.742160810849626,0.00020420590502447656,1.5551443295863844e-05,29.841861646793383,3.5042067805144863,3.762455085996446e-08,3.119508127274377e-07,0.0002166652810804248,3.6950796123947676,6,0,4.561559122975452,1711.0970830489134,0.2833691310579607,0.7166308689420394,0.16666666666666666,1711.0970830489134,0.7166308689420394,0.16666666666666666,115.30702190307589,0.0,0.0,1711.9803805845222,True,False,False,optuna_seeded,252.0,"[""scalar""]",[1.13671748688512],False,,79,False,4.561559122975452,0.2833691310579607
VH_3_MFA,VH,MFA,VH_3_MFA__hybrid_optuna_090,all6,hybrid_optuna,generic_seed,trial_225,hybrid,1710e98be83bf964,1,True,1.1379446265290079,1,3.764275516888048,0.00020889148206712372,0.00010233824103734001,20.249062838395606,0.8653993338207827,1.3518544969965167e-08,1.3945410970582943e-06,0.001096841551669923,3.9981460796926096,6,0,4.58161621839868,1723.7874208297414,0.283256274493141,0.716743725506859,0.16666666666666666,1723.7874208297414,0.716743725506859,0.16666666666666666,59.78357108338509,0.0,0.0,1724.670831221915,True,False,False,optuna_seeded,225.0,"[""scalar""]",[1.1379446265290079],False,,80,False,4.58161621839868,0.283256274493141
VH_3_MFA,VH,MFA,VH_3_MFA__hybrid_optuna_283,all6,hybrid_optuna,generic_seed,trial_42,hybrid,1710e98be83bf964,1,True,1.7922102490080833,1,3.6019457915143676,0.00047082532233066977,0.003596899938912432,36.30652577852773,0.0041980709288818785,1.8237683137253278e-06,3.9929527607688317e-07,2.687117307430248e-06,0.22372290339563372,6,0,4.354982188952348,1417.3501224568365,0.283066539267047,0.716933460732953,0.8333333333333334,1417.3501224568365,0.716933460732953,0.8333333333333334,154.45439112210695,0.0,0.0,1418.9003892509027,True,False,False,optuna_seeded,42.0,"[""scalar""]",[1.7922102490080833],False,,81,False,4.354982188952348,0.283066539267047
VH_3_MFA,VH,MFA,VH_3_MFA__hybrid_optuna_093,all6,hybrid_optuna,generic_seed,trial_186,hybrid,1710e98be83bf964,1,True,1.1397211660369297,1,1.6810390400207473,0.00021180695252195428,4.526395771827727e-05,144.27856467026078,0.7709520597091397,1.2747635387852393e-08,3.037409486935853e-06,0.0008877689834418432,0.3343466325600822,6,0,4.610016596433964,1746.9180320806906,0.28305753376495724,0.7169424662350427,0.16666666666666666,1746.9180320806906,0.7169424662350427,0.16666666666666666,2321.650629949626,0.0,0.0,1747.8016412135923,True,False,False,optuna_seeded,186.0,"[""scalar""]",[1.1397211660369297],False,,82,False,4.610016596433964,0.28305753376495724
VH_3_MFA,VH,MFA,VH_3_MFA__hybrid_optuna_299,all6,hybrid_optuna,generic_seed,trial_47,hybrid,1710e98be83bf964,1,True,2.140316645711438,1,43.61627373759744,3.2861774864482205e-05,0.056679481857697875,52.60351457432604,0.004546679779825921,0.009053038190066788,1.85112000402205e-07,1.9451686149118735e-05,1.351463891609731,6,0,10.62057564140592,5981.769354735643,0.2830486677000019,0.7169513322999981,0.8333333333333334,5981.769354735643,0.7169513322999981,0.8333333333333334,317.1803744798571,0.0,0.0,5983.319639401276,True,False,False,optuna_seeded,47.0,"[""scalar""]",[2.140316645711438],False,,83,False,10.62057564140592,0.2830486677000019
VH_3_MFA,VH,MFA,VH_3_MFA__hybrid_optuna_132,all6,hybrid_optuna,generic_seed,trial_51,hybrid,1710e98be83bf964,1,True,1.1583861732533733,1,12.635669701956505,0.00019651519592466985,0.0068652436092691395,42.889985745289415,0.002637866269460883,2.7300940502982527e-06,4.1122914774568216e-07,6.377667860518221e-06,0.8175863239363048,6,0,4.944832858786383,1870.4767408126052,0.282993430012537,0.7170065699874629,0.16666666666666666,1870.4767408126052,0.7170065699874629,0.16666666666666666,211.34043081952836,0.0,0.0,1871.3604140492594,True,False,False,optuna_seeded,51.0,"[""scalar""]",[1.1583861732533733],False,,84,False,4.944832858786383,0.282993430012537
VH_3_MFA,VH,MFA,VH_3_MFA__hybrid_optuna_167,all6,hybrid_optuna,generic_seed,trial_97,hybrid,1710e98be83bf964,1,True,1.3680143436692316,1,0.7392327735803664,0.00030675106685272357,8.935121752856254e-05,140.8709959802724,0.034985029981642365,2.8695025162805325e-08,1.4363909308566267e-05,0.00032953240492567687,0.33486143339564967,6,0,4.216789672803684,1539.8113542093379,0.2829184159309733,0.7170815840690268,0.4166666666666667,1539.8113542093379,0.7170815840690268,0.4166666666666667,2210.9299065495416,0.0,0.0,1540.9451024600737,True,False,False,optuna_seeded,97.0,"[""scalar""]",[1.3680143436692316],False,,85,False,4.216789672803684,0.2829184159309733
VH_3_MFA,VH,MFA,VH_3_MFA__hybrid_optuna_086,all6,hybrid_optuna,generic_seed,trial_281,hybrid,1710e98be83bf964,1,True,1.134274626007422,1,37.91592784205283,0.0002101537757377827,1.012271255683531e-05,31.6448525684919,3.9203844337424942,2.139073111881106e-08,6.971544329800761e-07,0.0029901932596787307,2.44310702114814,6,0,4.5092965646720655,1681.8502315541953,0.2829085164743597,0.7170914835256403,0.16666666666666666,1681.8502315541953,0.7170914835256403,0.16666666666666666,128.04890682892366,0.0,0.0,1682.7339897043876,True,False,False,optuna_seeded,281.0,"[""scalar""]",[1.134274626007422],False,,86,False,4.5092965646720655,0.2829085164743597
VH_3_MFA,VH,MFA,VH_3_MFA__hybrid_optuna_095,all6,hybrid_optuna,generic_seed,trial_158,hybrid,1710e98be83bf964,1,True,1.1410625293694479,1,1.0593148158429189,0.00021704521862815865,3.3518558800727424e-05,145.3961335275169,0.07402560783493516,1.0207873952658815e-08,3.937115162140325e-06,0.0001918342913038535,0.3998693967590609,6,0,4.6308083082689695,1765.1641577299881,0.28287126553438385,0.7171287344656162,0.16666666666666666,1765.1641577299881,0.7171287344656162,0.16666666666666666,2358.1676426717186,0.0,0.0,1766.0479531311205,True,False,False,optuna_seeded,158.0,"[""scalar""]",[1.1410625293694479],False,,87,False,4.6308083082689695,0.28287126553438385
VH_3_MFA,VH,MFA,VH_3_MFA__hybrid_optuna_191,all6,hybrid_optuna,generic_seed,trial_122,hybrid,1710e98be83bf964,1,True,1.44693959706714,1,2.1451311732804514,0.00028838203721851603,9.799232490203553e-05,138.9174308219187,0.024137300797181453,1.5852157815821334e-08,3.731335455610347e-05,0.00018354883754952343,0.39229090408117356,6,0,4.135350762550236,1482.4514777194897,0.2828021119634287,0.7171978880365714,0.5,1482.4514777194897,0.7171978880365714,0.5,2150.87583760012,0.0,0.0,1483.6686756075262,True,False,False,optuna_seeded,122.0,"[""scalar""]",[1.44693959706714],False,,88,False,4.135350762550236,0.2828021119634287
VH_3_MFA,VH,MFA,VH_3_MFA__hybrid_optuna_192,all6,hybrid_optuna,generic_seed,trial_160,hybrid,1710e98be83bf964,1,True,1.4492408610675898,1,1.6640848758077147,0.0002857280501577424,8.330410483597486e-05,147.00959172755512,0.09417603778486389,5.0809164054257875e-08,7.732523877938163e-06,0.0003905011022130844,0.6651784906327957,6,0,4.176772675113458,1503.5061694954113,0.2828020653276022,0.7171979346723978,0.5,1503.5061694954113,0.7171979346723978,0.5,2405.798694972631,0.0,0.0,1504.7233674300837,True,False,False,optuna_seeded,160.0,"[""scalar""]",[1.4492408610675898],False,,89,False,4.176772675113458,0.2828020653276022
VH_3_MFA,VH,MFA,VH_3_MFA__hybrid_optuna_104,all6,hybrid_optuna,generic_seed,trial_150,hybrid,1710e98be83bf964,1,True,1.1446651397375505,1,0.7179171453359204,0.00022038704455752475,4.073013254664869e-05,147.22882581400182,0.009180177633708257,1.843227140458991e-08,1.4181191596394855e-06,0.0001494631515248706,0.18261438056195625,6,0,4.6943968098328375,1804.543838023611,0.2828013496976071,0.7171986503023929,0.16666666666666666,1804.543838023611,0.7171986503023929,0.16666666666666666,2417.43136398251,0.0,0.0,1805.4277033405801,True,False,False,optuna_seeded,150.0,"[""scalar""]",[1.1446651397375505],False,,90,False,4.6943968098328375,0.2828013496976071
VH_3_MFA,VH,MFA,VH_3_MFA__hybrid_optuna_085,all6,hybrid_optuna,generic_seed,trial_210,hybrid,1710e98be83bf964,1,True,1.1339372256029188,1,20.977316614940158,0.00021127876978067878,3.0535446842448986e-05,139.9868807063982,0.3743820709043178,1.6358869335206538e-08,2.233029876307399e-06,0.0014242901328642844,0.3075202765996489,6,0,4.501244802156894,1677.7975350092383,0.28279859673913094,0.717201403260869,0.16666666666666666,1677.7975350092383,0.717201403260869,0.16666666666666666,2185.134204367038,0.0,0.0,1678.6814030791659,True,False,False,optuna_seeded,210.0,"[""scalar""]",[1.1339372256029188],False,,91,False,4.501244802156894,0.28279859673913094
VH_3_MFA,VH,MFA,VH_3_MFA__hybrid_optuna_084,all6,hybrid_optuna,generic_seed,trial_271,hybrid,1710e98be83bf964,1,True,1.1335576300697328,1,46.17507822547351,0.00021236251066774795,2.6204596067588807e-05,12.857420979265871,1.465733026033286,2.0211833309600295e-08,8.898010274941584e-07,5.133354339035887e-05,3.872408387947059,6,0,4.494108826516578,1673.0002827884762,0.28278174918118815,0.7172182508188119,0.16666666666666666,1673.0002827884762,0.7172182508188119,0.16666666666666666,35.073224628285466,0.0,0.0,1673.8841677059618,True,False,False,optuna_seeded,271.0,"[""scalar""]",[1.1335576300697328],False,,92,False,4.494108826516578,0.28278174918118815
VH_3_MFA,VH,MFA,VH_3_MFA__hybrid_optuna_102,all6,hybrid_optuna,generic_seed,trial_299,hybrid,1710e98be83bf964,1,True,1.1440670722922994,1,0.8689862903078938,0.0002192529764450766,1.0049884860332265e-05,0.4415182509120825,0.6405189935466509,3.199496810056844e-08,1.0390466584626074e-06,0.002162542646832153,2.4055917450152373,6,0,4.682875781744396,1789.692248536791,0.28275936002683366,0.7172406399731663,0.16666666666666666,1789.692248536791,0.7172406399731663,0.16666666666666666,17.133067718483854,0.0,0.0,1790.576155843431,True,False,False,optuna_seeded,299.0,"[""scalar""]",[1.1440670722922994],False,,93,False,4.682875781744396,0.28275936002683366
VH_3_MFA,VH,MFA,VH_3_MFA__hybrid_optuna_218,all6,hybrid_optuna,generic_seed,trial_187,hybrid,1710e98be83bf964,1,True,1.6170475349584605,1,2.1079505866837542,0.0004458644868817373,5.840095194521218e-05,141.8797066480087,0.6178363348075718,1.0058297529214498e-08,0.0030484412780510325,0.0012032761023230334,0.351885566237475,6,0,5.695251918494812,2198.9499895432896,0.28268868273569575,0.7173113172643042,0.5833333333333334,2198.9499895432896,0.7173113172643042,0.5833333333333334,2247.33983592176,0.0,0.0,2200.2506341938874,True,False,False,optuna_seeded,187.0,"[""scalar""]",[1.6170475349584605],False,,94,False,5.695251918494812,0.28268868273569575
VH_3_MFA,VH,MFA,VH_3_MFA__hybrid_optuna_247,all6,hybrid_optuna,generic_seed,trial_96,hybrid,1710e98be83bf964,1,True,1.751578058164434,1,0.5088181457750571,0.0006575233664648668,6.860787090684694e-05,146.62180316161596,0.10228747725796747,1.0263312787911192e-08,2.572054673325118e-05,0.0008623003265202189,0.38376330050639207,6,0,3.616579554896118,1211.015480095598,0.2826763615520171,0.717323638447983,0.8333333333333334,1211.015480095598,0.717323638447983,0.8333333333333334,2396.220118283295,0.0,0.0,1212.5661370673793,True,False,False,optuna_seeded,96.0,"[""scalar""]",[1.751578058164434],False,,95,False,3.616579554896118,0.2826763615520171
VH_3_MFA,VH,MFA,VH_3_MFA__hybrid_optuna_236,all6,hybrid_optuna,generic_seed,trial_121,hybrid,1710e98be83bf964,1,True,1.7414088787613522,1,1.484509707563225,0.0006667851737172416,2.768845289498507e-05,149.32721237564368,0.027885375116519995,2.6374086579280925e-08,8.971030473010535e-06,0.001748696541829775,0.6708673864189167,6,0,3.4333937050521413,1067.8381480912049,0.28266854929710017,0.7173314507028997,0.8333333333333334,1067.8381480912049,0.7173314507028997,0.8333333333333334,2483.711484330479,0.0,0.0,1069.388812875241,True,False,False,optuna_seeded,121.0,"[""scalar""]",[1.7414088787613522],False,,96,False,3.4333937050521413,0.28266854929710017
VH_3_MFA,VH,MFA,VH_3_MFA__hybrid_optuna_082,all6,hybrid_optuna,generic_seed,trial_247,hybrid,1710e98be83bf964,1,True,1.1325908555444713,1,32.52039051492268,0.0002141711722515297,1.0428477334419547e-05,32.03230746345056,1.34090916669059,3.1998794514087835e-08,3.5187820170391274e-07,0.00015869408508242675,2.1188790926599452,6,0,4.472893413097135,1661.911319298116,0.2825698896275919,0.717430110372408,0.16666666666666666,1661.911319298116,0.717430110372408,0.16666666666666666,129.96877489385898,0.0,0.0,1662.7954160751551,True,False,False,optuna_seeded,247.0,"[""scalar""]",[1.1325908555444713],False,,97,False,4.472893413097135,0.2825698896275919
VH_3_MFA,VH,MFA,VH_3_MFA__hybrid_optuna_115,all6,hybrid_optuna,generic_seed,trial_41,hybrid,1710e98be83bf964,1,True,1.1495821613722177,1,13.707092063800115,0.00020643479655106596,0.00464003552436871,37.329276114890035,0.003999397891586891,2.2409518273893837e-06,3.507600067193392e-07,4.387547608683817e-06,0.26739501173418206,6,0,4.778337525272836,1789.9817572853608,0.2825477011429401,0.7174522988570599,0.16666666666666666,1789.9817572853608,0.7174522988570599,0.16666666666666666,162.27576730947416,0.0,0.0,1790.8658762508846,True,False,False,optuna_seeded,41.0,"[""scalar""]",[1.1495821613722177],False,,98,False,4.778337525272836,0.2825477011429401
VH_3_MFA,VH,MFA,VH_3_MFA__hybrid_optuna_195,all6,hybrid_optuna,generic_seed,trial_138,hybrid,1710e98be83bf964,1,True,1.458395235540209,1,1.184392452819651,0.0002623524849985049,7.335969027086372e-05,142.7849385562364,0.04127480924740781,3.359954929063712e-08,1.1848369525200828e-05,0.000289782807312922,0.32854630634446197,6,0,4.336966099465873,1597.0140795719199,0.28254732554122836,0.7174526744587717,0.5,1597.0140795719199,0.7174526744587717,0.5,2270.9135150902807,0.0,0.0,1598.2315322463787,True,False,False,optuna_seeded,138.0,"[""scalar""]",[1.458395235540209],False,,99,False,4.336966099465873,0.28254732554122836
VH_3_MFA,VH,MFA,VH_3_MFA__hybrid_optuna_288,all6,hybrid_optuna,generic_seed,trial_34,hybrid,1710e98be83bf964,1,True,1.7983564924253248,1,13.300340894077873,0.0018886689115801024,0.0246778162999185,34.897532446407155,0.0027473483860773686,1.035625949733016e-05,1.6782263933286631e-07,3.4458480040290432e-06,1.0053375083631355,6,0,4.455534632705853,1367.3424586244057,0.2825065427250005,0.7174934572749995,0.8333333333333334,1367.3424586244057,0.7174934572749995,0.8333333333333334,142.1927329809927,0.0,0.0,1368.893285415014,True,False,False,optuna_seeded,34.0,"[""scalar""]",[1.7983564924253248],False,,100,False,4.455534632705853,0.2825065427250005
VH_3_MFA,VH,MFA,VH_3_MFA__hybrid_optuna_259,all6,hybrid_optuna,generic_seed,trial_103,hybrid,1710e98be83bf964,1,True,1.7560380565807905,1,1.322910533823254,0.00045247536710163726,1.1256214643675723e-05,141.01503842996956,0.056046774723827394,3.916537978540541e-08,4.99906590507647e-06,0.0014175286931583562,0.5662139770353156,6,0,3.6933876477229988,1239.0698172869281,0.2824834794038207,0.7175165205961793,0.8333333333333334,1239.0698172869281,0.7175165205961793,0.8333333333333334,2216.8964335171136,0.0,0.0,1240.6206671408577,True,False,False,optuna_seeded,103.0,"[""scalar""]",[1.7560380565807905],False,,101,False,3.6933876477229988,0.2824834794038207
VH_3_MFA,VH,MFA,VH_3_MFA__hybrid_optuna_234,all6,hybrid_optuna,generic_seed,trial_22,hybrid,1710e98be83bf964,1,True,1.7385754731262852,1,9.137790882959813,0.0011383316225737912,0.10596687058292105,144.21828271443061,2.9826853983621864,4.745532078012746e-07,1.6218846892622214e-06,4.31219799862837e-05,0.39308084756984385,6,0,3.378843339808698,940.7321169188302,0.282471379085309,0.7175286209146909,0.8333333333333334,940.7321169188302,0.7175286209146909,0.8333333333333334,2312.413352439253,0.0,0.0,942.2829788730783,True,False,False,optuna_seeded,22.0,"[""scalar""]",[1.7385754731262852],False,,102,False,3.378843339808698,0.282471379085309
VH_3_MFA,VH,MFA,VH_3_MFA__hybrid_optuna_226,all6,hybrid_optuna,generic_seed,trial_130,hybrid,1710e98be83bf964,1,True,1.7300700195472252,1,1.0352025502325373,0.011384085613364391,9.006580105096315e-05,138.43099136799395,0.12382412135688739,2.1103677945858506e-08,8.432981647900778e-06,0.00040174123790712385,0.45423429838759777,6,0,3.225437887519804,886.529565705445,0.28245430753720835,0.7175456924627918,0.8333333333333334,886.529565705445,0.7175456924627918,0.8333333333333334,2134.364533091589,0.0,0.0,888.0804447312411,True,False,False,optuna_seeded,130.0,"[""scalar""]",[1.7300700195472252],False,,103,False,3.225437887519804,0.28245430753720835
VH_3_MFA,VH,MFA,VH_3_MFA__hybrid_optuna_080,all6,hybrid_optuna,generic_seed,trial_292,hybrid,1710e98be83bf964,1,True,1.1317744566854733,1,178.11078168726888,0.0002174045418612916,1.3584365780527094e-05,35.999997241338605,0.982553257058194,2.9511415310104624e-08,1.9254791337686227e-06,0.00034255341522255653,3.0177838306458096,6,0,4.455720558659208,1650.810070296796,0.2824322410178162,0.7175677589821837,0.16666666666666666,1650.810070296796,0.7175677589821837,0.16666666666666666,158.39023842642996,0.0,0.0,1651.694304722445,True,False,False,optuna_seeded,292.0,"[""scalar""]",[1.1317744566854733],False,,104,False,4.455720558659208,0.2824322410178162
VH_3_MFA,VH,MFA,VH_3_MFA__hybrid_optuna_258,all6,hybrid_optuna,generic_seed,trial_99,hybrid,1710e98be83bf964,1,True,1.7556496820487704,1,0.6316084364647453,0.000556718542054894,5.190040358162815e-05,135.89915644389262,0.07542033748503356,2.6531961006789382e-08,6.915705825431714e-06,0.00040953565020097644,0.36237776720955767,6,0,3.6854517462994956,1241.7379979717691,0.2824309705234238,0.7175690294765763,0.8333333333333334,1241.7379979717691,0.7175690294765763,0.8333333333333334,2058.756855211182,0.0,0.0,1243.288900334579,True,False,False,optuna_seeded,99.0,"[""scalar""]",[1.7556496820487704],False,,105,False,3.6854517462994956,0.2824309705234238
VH_3_MFA,VH,MFA,VH_3_MFA__hybrid_optuna_206,all6,hybrid_optuna,generic_seed,trial_177,hybrid,1710e98be83bf964,1,True,1.5279169786789073,1,1.2020495686689505,0.00030899133292345654,2.5460886060501294e-05,141.66011399055665,0.07070758861294622,2.1798394191880475e-08,1.078908520560719e-05,2.4645015090588124e-08,0.2837210335850222,6,0,4.085546050688827,1466.232332905008,0.2823911352482497,0.7176088647517503,0.5833333333333334,1466.232332905008,0.7176088647517503,0.5833333333333334,2250.1589439925892,0.0,0.0,1467.533275103093,True,False,False,optuna_seeded,177.0,"[""scalar""]",[1.5279169786789073],False,,106,False,4.085546050688827,0.2823911352482497
VH_3_MFA,VH,MFA,VH_3_MFA__hybrid_optuna_079,all6,hybrid_optuna,generic_seed,trial_276,hybrid,1710e98be83bf964,1,True,1.1315232382251654,1,25.337014558842352,0.00021754209496717482,1.0090221911217954e-05,34.8883555052841,1.5554939493018347,2.3268180229687947e-08,7.496326787550799e-07,0.00036913805600548186,2.682859915873044,6,0,4.449829603573222,1649.0418983302673,0.282356184195569,0.7176438158044309,0.16666666666666666,1649.0418983302673,0.7176438158044309,0.16666666666666666,150.99870980709358,0.0,0.0,1649.9262088127384,True,False,False,optuna_seeded,276.0,"[""scalar""]",[1.1315232382251654],False,,107,False,4.449829603573222,0.282356184195569
VH_3_MFA,VH,MFA,VH_3_MFA__hybrid_optuna_239,all6,hybrid_optuna,generic_seed,trial_107,hybrid,1710e98be83bf964,1,True,1.7449313066187533,1,1.580440379199588,0.0005780439533728509,3.909682353434902e-05,137.2801379744779,0.08779291092022037,3.034123425713205e-08,4.746679300078107e-06,0.00012911563697020725,0.2673577128196551,6,0,3.4903680971651716,1109.7504787734886,0.28231136544597835,0.7176886345540217,0.8333333333333334,1109.7504787734886,0.7176886345540217,0.8333333333333334,2100.525586005051,0.0,0.0,1111.3015007413758,True,False,False,optuna_seeded,107.0,"[""scalar""]",[1.7449313066187533],False,,108,False,3.4903680971651716,0.28231136544597835
VH_3_MFA,VH,MFA,VH_3_MFA__hybrid_optuna_092,all6,hybrid_optuna,generic_seed,trial_169,hybrid,1710e98be83bf964,1,True,1.1391765426294251,1,0.9197717213800353,0.00024030443399156162,1.9197331728191973e-05,149.95505996649132,0.11010179993790183,2.088729475873419e-08,3.7886837849141204e-06,0.0003309957577059229,9.63692107275694,6,0,4.585280666249542,1731.01283377171,0.2822279388288828,0.7177720611711172,0.16666666666666666,1731.01283377171,0.7177720611711172,0.16666666666666666,2508.5197363407556,0.0,0.0,1731.8972724995479,True,False,False,optuna_seeded,169.0,"[""scalar""]",[1.1391765426294251],False,,109,False,4.585280666249542,0.2822279388288828
VH_3_MFA,VH,MFA,VH_3_MFA__hybrid_optuna_089,all6,hybrid_optuna,generic_seed,trial_125,hybrid,1710e98be83bf964,1,True,1.137093573827134,1,1.430634708974677,0.00022335083006726648,5.930418855639029e-05,142.7861818336049,0.2864562256890888,2.499263545693099e-08,1.933911234879085e-06,4.183096726184236e-05,0.7024202099771854,6,0,4.547685228355867,1712.7354104073966,0.28222227219263635,0.7177777278073637,0.16666666666666666,1712.7354104073966,0.7177777278073637,0.16666666666666666,2273.784506181669,0.0,0.0,1713.6198548018706,True,False,False,optuna_seeded,125.0,"[""scalar""]",[1.137093573827134],False,,110,False,4.547685228355867,0.28222227219263635
VH_3_MFA,VH,MFA,VH_3_MFA__hybrid_optuna_094,all6,hybrid_optuna,generic_seed,trial_30,hybrid,1710e98be83bf964,1,True,1.1405129941014664,1,4.690942395354414,0.00021707099373708216,0.03014460554627917,55.79255149689418,0.0030648716188230105,3.218783889199042e-07,2.386380963279841e-07,1.6612461795564324e-06,0.6169003638786552,6,0,4.608078945050548,1718.1340959899273,0.2821580584013419,0.7178419415986581,0.16666666666666666,1718.1340959899273,0.7178419415986581,0.16666666666666666,356.6839220329405,0.0,0.0,1719.0186045981927,True,False,False,optuna_seeded,30.0,"[""scalar""]",[1.1405129941014664],False,,111,False,4.608078945050548,0.2821580584013419
VH_3_MFA,VH,MFA,VH_3_MFA__hybrid_optuna_263,all6,hybrid_optuna,generic_seed,trial_135,hybrid,1710e98be83bf964,1,True,1.7618111098976663,1,2.6283320268948938,0.00036366415142119533,0.00020909885201371683,149.21481434142476,0.024386289795818056,2.4126279091433296e-08,4.4962181062717685e-06,0.0014668352079024222,0.28956065499528183,6,0,3.7904842579501454,1298.235555470016,0.28210468221067503,0.717895317789325,0.8333333333333334,1298.235555470016,0.717895317789325,0.8333333333333334,2478.0279658089726,0.0,0.0,1299.7867841211385,True,False,False,optuna_seeded,135.0,"[""scalar""]",[1.7618111098976663],False,,112,False,3.7904842579501454,0.28210468221067503
VH_3_MFA,VH,MFA,VH_3_MFA__hybrid_optuna_265,all6,hybrid_optuna,generic_seed,trial_153,hybrid,1710e98be83bf964,1,True,1.7628118659770067,1,0.9947092650584467,0.0004057096949150426,2.0312592509729436e-05,146.64062326627544,0.05994177463029467,2.1192712911379844e-08,4.596081703865906e-06,0.000693805769051249,0.22399628386910694,6,0,3.808356494656165,1318.8268608885357,0.2820968281705581,0.7179031718294419,0.8333333333333334,1318.8268608885357,0.7179031718294419,0.8333333333333334,2396.8724843210775,0.0,0.0,1320.3780973936985,True,False,False,optuna_seeded,153.0,"[""scalar""]",[1.7628118659770067],False,,113,False,3.808356494656165,0.2820968281705581
VH_3_MFA,VH,MFA,VH_3_MFA__hybrid_optuna_280,all6,hybrid_optuna,generic_seed,trial_63,hybrid,1710e98be83bf964,1,True,1.7794789769192692,1,7.502885132663923,0.00033516715093704545,0.004669129743351357,45.18547981275899,0.0014681560900093485,1.2900085734608374e-06,1.3066754818638128e-07,6.0216902691798425e-06,0.8781088304191144,6,0,4.107900447883955,1403.0238234995923,0.2820710479631729,0.7179289520368272,0.8333333333333334,1403.0238234995923,0.7179289520368272,0.8333333333333334,235.66235022663224,0.0,0.0,1404.5750857849623,True,False,False,optuna_seeded,63.0,"[""scalar""]",[1.7794789769192692],False,,114,False,4.107900447883955,0.2820710479631729
VH_3_MFA,VH,MFA,VH_3_MFA__hybrid_optuna_241,all6,hybrid_optuna,generic_seed,trial_129,hybrid,1710e98be83bf964,1,True,1.7489614712041037,1,2.151143659293369,0.0004892116132753511,0.0003939628808040205,132.35443692978043,0.03876794076245447,3.51230211401525e-08,2.397428701634436e-06,6.803174772939844e-05,0.5274772646427872,6,0,3.5582127394758545,1156.3787270624002,0.28205034765566595,0.717949652344334,0.8333333333333334,1156.3787270624002,0.717949652344334,0.8333333333333334,1951.2944753936385,0.0,0.0,1157.9300100480777,True,False,False,optuna_seeded,129.0,"[""scalar""]",[1.7489614712041037],False,,115,False,3.5582127394758545,0.28205034765566595
VH_3_MFA,VH,MFA,VH_3_MFA__hybrid_optuna_248,all6,hybrid_optuna,generic_seed,trial_277,hybrid,1710e98be83bf964,1,True,1.7519032340305418,1,41.96513713952389,0.00040053215454470943,1.4357395636582355e-05,30.520021450623585,2.935918103464005,7.805845427317946e-08,1.001764917777936e-06,7.026030816588087e-05,1.985037690593276,6,0,3.610666034892797,1186.9064820552378,0.28202265679683586,0.7179773432031641,0.8333333333333334,1186.9064820552378,0.7179773432031641,0.8333333333333334,117.41110238204432,0.0,0.0,1188.4577927317741,True,False,False,optuna_seeded,277.0,"[""scalar""]",[1.7519032340305418],False,,116,False,3.610666034892797,0.28202265679683586
VH_3_MFA,VH,MFA,VH_3_MFA__hybrid_optuna_242,all6,hybrid_optuna,generic_seed,trial_176,hybrid,1710e98be83bf964,1,True,1.7489879937459465,1,1.424380393151254,0.0005118459097238319,4.253466353133251e-05,145.21797307266885,0.051830494732267564,1.609852465242427e-08,4.5073454982147835e-06,0.0005201046631603698,0.23735989702804983,6,0,3.5581063070423986,1164.2875494184875,0.2820179122008535,0.7179820877991466,0.8333333333333334,1164.2875494184875,0.7179820877991466,0.8333333333333334,2349.9784913745802,0.0,0.0,1165.8388648396199,True,False,False,optuna_seeded,176.0,"[""scalar""]",[1.7489879937459465],False,,117,False,3.5581063070423986,0.2820179122008535
VH_3_MFA,VH,MFA,VH_3_MFA__hybrid_optuna_252,all6,hybrid_optuna,generic_seed,trial_159,hybrid,1710e98be83bf964,1,True,1.754082890963662,1,1.3671136961176762,0.00046436354726125294,0.00011554998435006308,137.29390779210422,0.19690751964972045,2.918494036661199e-08,2.3801378272341085e-06,0.002125911554548,0.3492041301867193,6,0,3.64946664831217,1217.3174583275988,0.28199858949812523,0.7180014105018747,0.8333333333333334,1217.3174583275988,0.7180014105018747,0.8333333333333334,2099.953489707676,0.0,0.0,1218.868793071434,True,False,False,optuna_seeded,159.0,"[""scalar""]",[1.754082890963662],False,,118,False,3.64946664831217,0.28199858949812523
VH_3_MFA,VH,MFA,VH_3_MFA__hybrid_optuna_244,all6,hybrid_optuna,generic_seed,trial_199,hybrid,1710e98be83bf964,1,True,1.7508230746222821,1,3.0475749466972983,0.0004449652442930339,1.36924184086017e-05,134.13451011970426,0.41607652662508177,3.224431552366607e-08,2.038607583139919e-06,0.00040737352778401825,0.3249408297702352,6,0,3.590665053126991,1178.6077978023386,0.28199165055143965,0.7180083494485604,0.8333333333333334,1178.6077978023386,0.7180083494485604,0.8333333333333334,2007.2819733380945,0.0,0.0,1180.1591394851205,True,False,False,optuna_seeded,199.0,"[""scalar""]",[1.7508230746222821],False,,119,False,3.590665053126991,0.28199165055143965
VH_3_MFA,VH,MFA,VH_3_MFA__hybrid_optuna_087,all6,hybrid_optuna,generic_seed,trial_82,hybrid,1710e98be83bf964,1,True,1.13621280523406,1,1.9426313219454159,0.00022423856571024295,0.00032315377551953587,114.30766396340115,0.05832318819347803,6.5480194284531e-08,5.183262641906483e-07,3.4394366365421145e-07,0.23978946362057624,6,0,4.527419573343031,1693.1218803804059,0.2819771710627749,0.7180228289372251,0.16666666666666666,1693.1218803804059,0.7180228289372251,0.16666666666666666,1464.6833596992185,0.0,0.0,1694.0065698760097,True,False,False,optuna_seeded,82.0,"[""scalar""]",[1.13621280523406],False,,120,False,4.527419573343031,0.2819771710627749
VH_3_MFA,VH,MFA,VH_3_MFA__hybrid_optuna_224,all6,hybrid_optuna,generic_seed,trial_20,hybrid,1710e98be83bf964,1,True,1.68186746256395,1,115.69623807831819,0.00012241080808319505,0.0010301332605112499,116.23237233916616,46.77754615679882,4.477733451867274e-06,8.336171322406343e-05,8.337950844259238e-06,0.4761308885845416,6,0,8.348724855748145,3877.916442428062,0.28195058497761366,0.7180494150223863,0.5,3877.916442428062,0.7180494150223863,0.5,1508.0322135735698,0.0,0.0,3879.1344918430846,True,False,False,optuna_seeded,20.0,"[""scalar""]",[1.68186746256395],False,,121,False,8.348724855748145,0.28195058497761366
VH_3_MFA,VH,MFA,VH_3_MFA__hybrid_optuna_193,all6,hybrid_optuna,generic_seed,trial_116,hybrid,1710e98be83bf964,1,True,1.451549782367887,1,0.6441550179299088,0.00032666731920472504,1.1503701902817855e-05,141.73036143426825,0.06568628064968794,4.8069087031610366e-08,1.7851394714873677e-06,0.00023677597648920888,0.3255401311655245,6,0,4.202990545271202,1526.4957458429978,0.28194969236940204,0.7180503076305979,0.5,1526.4957458429978,0.7180503076305979,0.5,2240.4011452627738,0.0,0.0,1527.7137961506285,True,False,False,optuna_seeded,116.0,"[""scalar""]",[1.451549782367887],False,,122,False,4.202990545271202,0.28194969236940204
VH_3_MFA,VH,MFA,VH_3_MFA__hybrid_optuna_245,all6,hybrid_optuna,generic_seed,trial_147,hybrid,1710e98be83bf964,1,True,1.7508424752490876,1,0.9210528118591523,0.000547825371677915,4.8478876734347454e-05,142.9234473648698,0.06377290714638538,2.044019977409386e-08,2.7046523503454428e-06,0.0001777809627295838,0.2658971812640074,6,0,3.5902097707619762,1184.9014540131245,0.2819469564599111,0.718053043540089,0.8333333333333334,1184.9014540131245,0.718053043540089,0.8333333333333334,2276.845110182914,0.0,0.0,1186.4528403899978,True,False,False,optuna_seeded,147.0,"[""scalar""]",[1.7508424752490876],False,,123,False,3.5902097707619762,0.2819469564599111
VH_3_MFA,VH,MFA,VH_3_MFA__hybrid_optuna_274,all6,hybrid_optuna,generic_seed,trial_84,hybrid,1710e98be83bf964,1,True,1.7713120703995975,1,1.4876506271611671,0.00034474947022546804,1.746830485321432e-05,112.8966451848891,0.35751627654091944,6.771627414761329e-08,9.587989460804374e-07,1.1149655248411452e-06,0.18349918545476532,6,0,3.9584912508627688,1384.1345626943232,0.2819374435372231,0.718062556462777,0.8333333333333334,1384.1345626943232,0.718062556462777,0.8333333333333334,1430.0541941270662,0.0,0.0,1385.6859585841194,True,False,False,optuna_seeded,84.0,"[""scalar""]",[1.7713120703995975],False,,124,False,3.9584912508627688,0.2819374435372231
VH_3_MFA,VH,MFA,VH_3_MFA__hybrid_optuna_237,all6,hybrid_optuna,generic_seed,trial_31,hybrid,1710e98be83bf964,1,True,1.7436987469704675,1,5.82279696606003,0.0006354408421465028,0.03257999497645227,49.42047310909,0.0031423833588719832,3.002234883346818e-07,2.997929357111195e-07,1.2582143632617603e-06,0.5124072757538286,6,0,3.461399514846447,1043.1456345106496,0.28193455940989076,0.7180654405901093,0.8333333333333334,1043.1456345106496,0.7180654405901093,0.8333333333333334,281.85245109015557,0.0,0.0,1044.697033284573,True,False,False,optuna_seeded,31.0,"[""scalar""]",[1.7436987469704675],False,,125,False,3.461399514846447,0.28193455940989076
VH_3_MFA,VH,MFA,VH_3_MFA__hybrid_optuna_250,all6,hybrid_optuna,generic_seed,trial_166,hybrid,1710e98be83bf964,1,True,1.7535696770121976,1,17.53098786863353,0.00038983357238939453,1.5355472706627515e-05,149.6332166747602,0.05747419860939324,1.0212755853520272e-08,5.651378016712375e-06,0.0001323024058493718,0.20282814411870545,6,0,3.6390369591374565,1205.907655349035,0.28193237627321693,0.7180676237267831,0.8333333333333334,1205.907655349035,0.7180676237267831,0.8333333333333334,2496.2474979768663,0.0,0.0,1207.459056306095,True,False,False,optuna_seeded,166.0,"[""scalar""]",[1.7535696770121976],False,,126,False,3.6390369591374565,0.28193237627321693
VH_3_MFA,VH,MFA,VH_3_MFA__hybrid_optuna_270,all6,hybrid_optuna,generic_seed,trial_98,hybrid,1710e98be83bf964,1,True,1.7661482891873241,1,1.0021276174715716,0.0003792458925690687,4.225257715991736e-05,149.39485324065015,0.043388126183966924,1.6836210277309342e-08,3.3953534706620013e-06,0.00013686205062049504,0.28640256827514793,6,0,3.865067196473318,1353.2329450418613,0.28191099950563797,0.718089000494362,0.8333333333333334,1353.2329450418613,0.718089000494362,0.8333333333333334,2487.485130472057,0.0,0.0,1354.7843673756888,True,False,False,optuna_seeded,98.0,"[""scalar""]",[1.7661482891873241],False,,127,False,3.865067196473318,0.28191099950563797
VH_3_MFA,VH,MFA,VH_3_MFA__hybrid_optuna_232,all6,hybrid_optuna,generic_seed,trial_108,hybrid,1710e98be83bf964,1,True,1.7366238247307977,1,0.889791544344523,0.001249412772171811,1.6476191632565237e-05,130.57515782375208,0.024229783796198605,2.186389430590436e-08,2.1587149415284097e-06,0.006045788463842375,0.13440078624678362,6,0,3.3335623927001166,987.8218262080369,0.28190741930809765,0.7180925806919024,0.8333333333333334,987.8218262080369,0.7180925806919024,0.8333333333333334,1902.9916924905401,0.0,0.0,989.3732521220621,True,False,False,optuna_seeded,108.0,"[""scalar""]",[1.7366238247307977],False,,128,False,3.3335623927001166,0.28190741930809765
VH_3_MFA,VH,MFA,VH_3_MFA__hybrid_optuna_275,all6,hybrid_optuna,generic_seed,trial_200,hybrid,1710e98be83bf964,1,True,1.7714091687113656,1,1.5829484917692063,0.0003264746080113869,7.851573181771216e-05,138.35679814575673,0.7544325224952736,1.3292144331690251e-08,6.002896748213525e-06,0.0006943543232392461,0.22288939981245143,6,0,3.9596873831631973,1398.0981315331464,0.2819067970199234,0.7180932029800767,0.8333333333333334,1398.0981315331464,0.7180932029800767,0.8333333333333334,2134.6909054244516,0.0,0.0,1399.6495580694598,True,False,False,optuna_seeded,200.0,"[""scalar""]",[1.7714091687113656],False,,129,False,3.9596873831631973,0.2819067970199234
VH_3_MFA,VH,MFA,VH_3_MFA__hybrid_optuna_230,all6,hybrid_optuna,generic_seed,trial_152,hybrid,1710e98be83bf964,1,True,1.734184405364895,1,1.3187561078552537,0.0469790893132101,6.365943955170612e-05,142.92245508395808,0.08552433679445141,1.3099057896619648e-08,3.160244551954421e-06,0.0002462630487478527,0.5098297408783369,6,0,3.289506826686754,933.189306058904,0.28189930722881357,0.7181006927711864,0.8333333333333334,933.189306058904,0.7181006927711864,0.8333333333333334,2276.309630261764,0.0,0.0,934.7407400850085,True,False,False,optuna_seeded,152.0,"[""scalar""]",[1.734184405364895],False,,130,False,3.289506826686754,0.28189930722881357
VH_3_MFA,VH,MFA,VH_3_MFA__hybrid_optuna_257,all6,hybrid_optuna,generic_seed,trial_66,hybrid,1710e98be83bf964,1,True,1.7554507432464517,1,11.16512364684088,0.0005452150768912303,0.04546267207156963,34.91408442874287,0.018120389062297185,1.5183410815732522e-06,8.644378980581159e-08,2.4789019163807144e-05,1.1199869308265773,6,0,3.672290661219664,1134.6292284601866,0.28189873793241865,0.7181012620675814,0.8333333333333334,1134.6292284601866,0.7181012620675814,0.8333333333333334,142.14048810154986,0.0,0.0,1136.1806630555875,True,False,False,optuna_seeded,66.0,"[""scalar""]",[1.7554507432464517],False,,131,False,3.672290661219664,0.28189873793241865
VH_3_MFA,VH,MFA,VH_3_MFA__hybrid_optuna_240,all6,hybrid_optuna,generic_seed,trial_46,hybrid,1710e98be83bf964,1,True,1.7474816580854045,1,20.585748938633046,0.000656268559799018,0.0018303619341649637,40.55139991700282,0.0010247370103928166,2.471243096635763e-06,2.1250122213433702e-08,1.382311763954908e-06,0.9117385222670166,6,0,3.5286663889207954,1043.7311965242136,0.2818886968546399,0.7181113031453602,0.8333333333333334,1043.7311965242136,0.7181113031453602,0.8333333333333334,195.46896539689203,0.0,0.0,1045.2826411606923,True,False,False,optuna_seeded,46.0,"[""scalar""]",[1.7474816580854045],False,,132,False,3.5286663889207954,0.2818886968546399
VH_3_MFA,VH,MFA,VH_3_MFA__hybrid_optuna_268,all6,hybrid_optuna,generic_seed,trial_144,hybrid,1710e98be83bf964,1,True,1.7642786005739048,1,1.0805688428714664,0.00039365952752268724,2.1236880826807398e-05,144.7455215027266,0.011588165864419043,2.893614989980512e-08,1.570944066352555e-06,0.00011353056849692959,0.2999109678584455,6,0,3.8309720729873287,1327.9641096763369,0.2818865145920579,0.7181134854079422,0.8333333333333334,1327.9641096763369,0.7181134854079422,0.8333333333333334,2336.2763984705157,0.0,0.0,1329.515556495078,True,False,False,optuna_seeded,144.0,"[""scalar""]",[1.7642786005739048],False,,133,False,3.8309720729873287,0.2818865145920579
VH_3_MFA,VH,MFA,VH_3_MFA__hybrid_pre_07,all6,legacy_db_verified_median,verified_seed,hybrid_pre_start_07,hybrid,1710e98be83bf964,3,True,1.8295391892314455e+24,2,32.89666777892559,0.0066382428982521575,0.006580727700459173,12.223863266798539,0.06106089792870474,0.00019469654776006987,7.659424474281285e-06,0.0006121496991405707,0.11900075783011424,6,0,7.566620650477733,3204.7971023810474,0.2818853722968206,0.7181146277031795,0.8333333333333334,3204.7971023810474,0.7181146277031795,0.8333333333333334,0.0,0.0,0.0,3206.348550342084,True,False,False,scipy_pre,,,,,,134,False,7.566620650477733,0.2818853722968206
VH_3_MFA,VH,MFA,VH_3_MFA__hybrid_optuna_297,all6,hybrid_optuna,generic_seed,trial_6,hybrid,1710e98be83bf964,1,True,1.9718157749519425,1,32.89666777892559,0.0066382428982521575,0.006580727700459173,12.223863266798539,0.06106089792870474,0.00019469654776006987,7.659424474281285e-06,0.0006121496991405707,0.11900075783011424,6,0,7.566620650477733,3204.7971023810474,0.2818853722968206,0.7181146277031795,0.8333333333333334,3204.7971023810474,0.7181146277031795,0.8333333333333334,16.4115314481825,0.0,0.0,3206.348550342084,True,False,False,optuna_seeded,6.0,"[""scalar""]",[1.9718157749519425],False,,135,False,7.566620650477733,0.2818853722968206
VH_3_MFA,VH,MFA,VH_3_MFA__hybrid_optuna_262,all6,hybrid_optuna,generic_seed,trial_184,hybrid,1710e98be83bf964,1,True,1.7613607118552,1,1.9996819181355014,0.00037307769446988094,3.126095543228485e-05,147.34043470500333,0.044423683236711725,1.0257170537720217e-08,5.11752822039959e-06,0.0002881853082102985,0.2428267947422007,6,0,3.7783790068053524,1297.0680690724873,0.28188256630065306,0.718117433699347,0.8333333333333334,1297.0680690724873,0.718117433699347,0.8333333333333334,2420.2405471000625,0.0,0.0,1298.6195198395199,True,False,False,optuna_seeded,184.0,"[""scalar""]",[1.7613607118552],False,,136,False,3.7783790068053524,0.28188256630065306
VH_3_MFA,VH,MFA,VH_3_MFA__hybrid_optuna_276,all6,hybrid_optuna,generic_seed,trial_43,hybrid,1710e98be83bf964,1,True,1.7717153752070343,1,10.80853663829885,0.0003137734602796216,0.005045132993240703,24.998370917181223,0.01540230027627625,4.812347272286331e-07,1.4634244479369872e-07,5.176796697659542e-06,0.11244131554032176,6,0,3.9645984027748433,1371.6610360190464,0.2818734249471238,0.7181265750528761,0.8333333333333334,1371.6610360190464,0.7181265750528761,0.8333333333333334,78.64340731297052,0.0,0.0,1373.2124959274324,True,False,False,optuna_seeded,43.0,"[""scalar""]",[1.7717153752070343],False,,137,False,3.9645984027748433,0.2818734249471238
VH_3_MFA,VH,MFA,VH_3_MFA__hybrid_optuna_081,all6,hybrid_optuna,generic_seed,trial_194,hybrid,1710e98be83bf964,1,True,1.131817021158612,1,2.717409691227961,0.0002264906767053494,4.015189662322443e-05,144.7423558100462,0.3416069290395146,1.394889484890225e-08,3.806753759840671e-06,0.0005336537186147185,0.2912973760435346,6,0,4.446061788882111,1653.7701468916682,0.28185307822372746,0.7181469217762726,0.16666666666666666,1653.7701468916682,0.7181469217762726,0.16666666666666666,2335.7100163985215,0.0,0.0,1654.6549604801112,True,False,False,optuna_seeded,194.0,"[""scalar""]",[1.131817021158612],False,,138,False,4.446061788882111,0.28185307822372746
VH_3_MFA,VH,MFA,VH_3_MFA__hybrid_optuna_267,all6,hybrid_optuna,generic_seed,trial_195,hybrid,1710e98be83bf964,1,True,1.7636942623886733,1,2.4242196127145776,0.00035360683579736883,5.281684957722077e-05,137.12228655268785,0.43690756822399274,1.5936633079599324e-08,2.7577132474656248e-06,0.0026894514977733545,0.2400058366978724,6,0,3.8198343254771623,1316.9912267107818,0.28185208902672465,0.7181479109732755,0.8333333333333334,1316.9912267107818,0.7181479109732755,0.8333333333333334,2096.7327330744483,0.0,0.0,1318.5427079550884,True,False,False,optuna_seeded,195.0,"[""scalar""]",[1.7636942623886733],False,,139,False,3.8198343254771623,0.28185208902672465
VH_3_MFA,VH,MFA,VH_3_MFA__hybrid_optuna_238,all6,hybrid_optuna,generic_seed,trial_168,hybrid,1710e98be83bf964,1,True,1.7443627096577883,1,1.0789127204177174,0.0006822384555397493,4.001672434851382e-05,140.15957228530604,0.06868019976135066,3.2776020040843765e-08,9.17321655357413e-07,8.072797124394097e-05,0.42506641294686476,6,0,3.471791386444178,1092.4135698303035,0.281847922922444,0.7181520770775559,0.8333333333333334,1092.4135698303035,0.7181520770775559,0.8333333333333334,2190.2571660111225,0.0,0.0,1093.9650552407143,True,False,False,optuna_seeded,168.0,"[""scalar""]",[1.7443627096577883],False,,140,False,3.471791386444178,0.281847922922444
VH_3_MFA,VH,MFA,VH_3_MFA__hybrid_optuna_235,all6,hybrid_optuna,generic_seed,trial_104,hybrid,1710e98be83bf964,1,True,1.739946267235735,1,0.8347365537396468,0.0009353142272705853,0.00015605936681379855,133.65840353127595,0.21168613007862366,2.0000115414348994e-08,1.4098048461505921e-06,0.00028548589766101744,0.4105356353851239,6,0,3.3921405362608503,1040.3110480440675,0.28183931811209,0.7181606818879099,0.8333333333333334,1040.3110480440675,0.7181606818879099,0.8333333333333334,1991.519182229979,0.0,0.0,1041.8625420592887,True,False,False,optuna_seeded,104.0,"[""scalar""]",[1.739946267235735],False,,141,False,3.3921405362608503,0.28183931811209
VH_3_MFA,VH,MFA,VH_3_MFA__hybrid_optuna_253,all6,hybrid_optuna,generic_seed,trial_110,hybrid,1710e98be83bf964,1,True,1.7544564698479364,1,1.608865640816869,0.00043639449245078143,6.09851265451037e-05,144.72128744960767,0.0333767793039453,1.0068324146015907e-08,2.9612341790733002e-06,0.0022554443427969203,0.2187474438097637,6,0,3.653241410223654,1226.4998737520857,0.28183471960893325,0.7181652803910668,0.8333333333333334,1226.4998737520857,0.7181652803910668,0.8333333333333334,2334.6046441562194,0.0,0.0,1228.05137236581,True,False,False,optuna_seeded,110.0,"[""scalar""]",[1.7544564698479364],False,,142,False,3.653241410223654,0.28183471960893325
VH_3_MFA,VH,MFA,VH_3_MFA__hybrid_optuna_231,all6,hybrid_optuna,generic_seed,trial_296,hybrid,1710e98be83bf964,1,True,1.7356890647079068,1,1.0414962565870536,0.0020203204678093506,0.0001279022339154313,23.895430241044814,0.03246880162258524,4.810551762944083e-08,8.228011153727719e-07,0.0002322095481644657,4.270054683160642,6,0,3.31542191960917,941.8112183611696,0.2818343752703803,0.7181656247296196,0.8333333333333334,941.8112183611696,0.7181656247296196,0.8333333333333334,74.28832746453642,0.0,0.0,943.3627173192326,True,False,False,optuna_seeded,296.0,"[""scalar""]",[1.7356890647079068],False,,143,False,3.31542191960917,0.2818343752703803
VH_3_MFA,VH,MFA,VH_3_MFA__hybrid_optuna_256,all6,hybrid_optuna,generic_seed,trial_207,hybrid,1710e98be83bf964,1,True,1.7554504893650793,1,3.7562945284617912,0.00039457456756308173,5.423150087522827e-05,138.9005617887099,0.4693539017927465,1.2411507577598039e-08,2.6094842917072285e-06,0.000539750966606623,0.2705231181257431,6,0,3.6711241865216504,1229.9874465592336,0.2818341876639013,0.7181658123360988,0.8333333333333334,1229.9874465592336,0.7181658123360988,0.8333333333333334,2151.4140870537126,0.0,0.0,1231.538945704903,True,False,False,optuna_seeded,207.0,"[""scalar""]",[1.7554504893650793],False,,144,False,3.6711241865216504,0.2818341876639013
VH_3_MFA,VH,MFA,VH_3_MFA__hybrid_optuna_053,all6,hybrid_optuna,generic_seed,trial_120,hybrid,1710e98be83bf964,1,True,1.1188142689310345,1,1.465846314994148,0.00027757204475103894,2.8016901618740772e-05,149.73040179270782,0.02879624525353514,2.5877060431375216e-08,8.233339431314767e-06,0.00019892378709973174,0.6994073561274768,6,0,4.211661800834961,1529.2097344731776,0.28183360889312997,0.7181663911068701,0.16666666666666666,1529.2097344731776,0.7181663911068701,0.16666666666666666,2498.1262122596245,0.0,0.0,1530.0945675309513,True,False,False,optuna_seeded,120.0,"[""scalar""]",[1.1188142689310345],False,,145,False,4.211661800834961,0.28183360889312997
VH_3_MFA,VH,MFA,VH_3_MFA__hybrid_optuna_264,all6,hybrid_optuna,generic_seed,trial_106,hybrid,1710e98be83bf964,1,True,1.7619809381158589,1,1.1282436202438775,0.00039656193389557657,2.092241952366451e-05,144.4032268448773,0.1202713124922837,1.026225802155351e-08,2.6988023334037114e-06,0.00019488815525668687,0.17305217702872186,6,0,3.788391365493783,1311.1324991148103,0.28181858218935135,0.7181814178106486,0.8333333333333334,1311.1324991148103,0.7181814178106486,0.8333333333333334,2326.4785366337715,0.0,0.0,1312.6840138659543,True,False,False,optuna_seeded,106.0,"[""scalar""]",[1.7619809381158589],False,,146,False,3.788391365493783,0.28181858218935135
VH_3_MFA,VH,MFA,VH_3_MFA__hybrid_optuna_273,all6,hybrid_optuna,generic_seed,trial_191,hybrid,1710e98be83bf964,1,True,1.768324363863032,1,1.3538423235928445,0.00035191705556567564,1.9648939966466945e-05,147.25712583775024,0.06423685508526711,2.4370038498273174e-08,1.457289845719562e-06,0.00022879453026590716,0.3753527257355225,6,0,3.902516967646447,1366.7522426425828,0.28181546767288185,0.7181845323271182,0.8333333333333334,1366.7522426425828,0.7181845323271182,0.8333333333333334,2417.495409402319,0.0,0.0,1368.3037605082432,True,False,False,optuna_seeded,191.0,"[""scalar""]",[1.768324363863032],False,,147,False,3.902516967646447,0.28181546767288185
VH_3_MFA,VH,MFA,VH_3_MFA__hybrid_optuna_228,all6,hybrid_optuna,generic_seed,trial_213,hybrid,1710e98be83bf964,1,True,1.7304202821284873,1,1.9520489799290106,0.006647957264100478,4.9045283208784375e-05,145.4019421902708,0.6107704898540743,1.0045047162094629e-08,1.916569795461739e-06,0.00044962220016634747,0.3401038856399841,6,0,3.2201125256997947,895.7863476321241,0.2818081915215012,0.7181918084784987,0.8333333333333334,895.7863476321241,0.7181918084784987,0.8333333333333334,2356.5759181904223,0.0,0.0,897.337872773936,True,False,False,optuna_seeded,213.0,"[""scalar""]",[1.7304202821284873],False,,148,False,3.2201125256997947,0.2818081915215012
VH_3_MFA,VH,MFA,VH_3_MFA__hybrid_optuna_277,all6,hybrid_optuna,generic_seed,trial_266,hybrid,1710e98be83bf964,1,True,1.7727498292211634,1,34.81355487058603,0.020446552124867547,1.0113584463554624e-05,35.97220940628601,1.8354992892811728,2.1320223516681958e-08,8.321101191352358e-07,0.00034214562949407457,1.9752935686786304,6,0,3.9819870086280957,1351.810272175984,0.28180500459150865,0.7181949954084913,0.8333333333333334,1351.810272175984,0.7181949954084913,0.8333333333333334,157.97206940711519,0.0,0.0,1353.3618005047258,True,False,False,optuna_seeded,266.0,"[""scalar""]",[1.7727498292211634],False,,149,False,3.9819870086280957,0.28180500459150865
VH_3_MFA,VH,MFA,VH_3_MFA__hybrid_optuna_227,all6,hybrid_optuna,generic_seed,trial_232,hybrid,1710e98be83bf964,1,True,1.7304144237741947,1,5.287661836252633,0.003491738547714566,0.0001610827388139473,23.22449670310645,0.5613791026139645,1.5952419761134993e-08,1.1268005696136531e-06,0.0009775988111849782,3.6934837741626905,6,0,3.219888285960834,883.6805810887631,0.2818015921125184,0.7181984078874816,0.8333333333333334,883.6805810887631,0.7181984078874816,0.8333333333333334,71.41850859394019,0.0,0.0,885.232112829984,True,False,False,optuna_seeded,232.0,"[""scalar""]",[1.7304144237741947],False,,150,False,3.219888285960834,0.2818015921125184
VH_3_MFA,VH,MFA,VH_3_MFA__hybrid_optuna_271,all6,hybrid_optuna,generic_seed,trial_174,hybrid,1710e98be83bf964,1,True,1.7676268074306059,1,1.1545849462332838,0.0003584944290929327,7.336841027770953e-05,138.43833215242202,0.04123145084370457,1.0134719962989335e-08,3.1798460298378795e-06,0.0010666175913536587,0.22615358686298828,6,0,3.8895765229677175,1366.8138694021643,0.2817941105120451,0.7182058894879549,0.8333333333333334,1366.8138694021643,0.7182058894879549,0.8333333333333334,2137.2859075050837,0.0,0.0,1368.3654086249855,True,False,False,optuna_seeded,174.0,"[""scalar""]",[1.7676268074306059],False,,151,False,3.8895765229677175,0.2817941105120451
VH_3_MFA,VH,MFA,VH_3_MFA__hybrid_optuna_201,all6,hybrid_optuna,generic_seed,trial_209,hybrid,1710e98be83bf964,1,True,1.5168466139815995,1,4.314358701078439,0.0003262094794078173,8.351114539259611e-05,149.89161582120187,0.21214200366639932,2.5512419288045364e-08,1.396321870386037e-06,0.0009420763492457479,0.21774717437284158,6,0,3.8754460751671416,1341.833824711526,0.281789279083242,0.718210720916758,0.5833333333333334,1341.833824711526,0.718210720916758,0.5833333333333334,2501.798113651481,0.0,0.0,1343.1353687657759,True,False,False,optuna_seeded,209.0,"[""scalar""]",[1.5168466139815995],False,,152,False,3.8754460751671416,0.281789279083242
VH_3_MFA,VH,MFA,VH_3_MFA__hybrid_optuna_300,all6,hybrid_optuna,generic_seed,trial_275,hybrid,1710e98be83bf964,1,True,2.143779401667346,1,94.38409988567814,0.09648459468428115,2.3658037184499806e-05,20.843879769708867,1.0496870451719216,1.7222248300925127e-08,1.2734509223059729e-06,0.0002285953092827385,4.190123067857729,6,0,10.660210355057794,6091.038011292355,0.28178784028030956,0.7182121597196905,0.8333333333333334,6091.038011292355,0.7182121597196905,0.8333333333333334,62.867008191230106,0.0,0.0,6092.589556785408,True,False,False,optuna_seeded,275.0,"[""scalar""]",[2.143779401667346],False,,153,False,10.660210355057794,0.28178784028030956
VH_3_MFA,VH,MFA,VH_3_MFA__hybrid_optuna_071,all6,hybrid_optuna,generic_seed,trial_289,hybrid,1710e98be83bf964,1,True,1.12828242888106,1,42.85240467598336,0.00022520631967334038,0.00011137208188131778,30.869990660707185,11.877616292429444,1.3944019803639959e-08,5.175944120970219e-07,0.0001942077026734167,2.2025042102695016,6,0,4.381225434819382,1611.7790043378493,0.2817856508311278,0.7182143491688722,0.16666666666666666,1611.7790043378493,0.7182143491688722,0.16666666666666666,122.09125436067626,0.0,0.0,1612.663885353685,True,False,False,optuna_seeded,289.0,"[""scalar""]",[1.12828242888106],False,,154,False,4.381225434819382,0.2817856508311278
VH_3_MFA,VH,MFA,VH_3_MFA__hybrid_optuna_266,all6,hybrid_optuna,generic_seed,trial_123,hybrid,1710e98be83bf964,1,True,1.7636665167678656,1,1.1322374205193702,0.00038629385133839947,0.0001958153780481075,145.73399611135102,0.03360340373543246,1.0565095557898604e-08,3.643702624794546e-06,0.0010361805259866438,0.5727124563125217,6,0,3.817992768353578,1327.193095782932,0.28177752591844457,0.7182224740815554,0.8333333333333334,1327.193095782932,0.7182224740815554,0.8333333333333334,2366.329268564277,0.0,0.0,1328.7446515903468,True,False,False,optuna_seeded,123.0,"[""scalar""]",[1.7636665167678656],False,,155,False,3.817992768353578,0.28177752591844457
VH_3_MFA,VH,MFA,VH_3_MFA__hybrid_optuna_180,all6,hybrid_optuna,generic_seed,trial_298,hybrid,1710e98be83bf964,1,True,1.4326249151685966,1,39.52387645393847,0.0003175507008682966,1.3037030535124068e-05,26.733226830305608,1.2680569105960573,2.2959551444077293e-08,1.5849187300271153e-06,0.0008859123418267512,0.22928549281869837,6,0,3.8591509257444367,1329.619058402369,0.2817723584838723,0.7182276415161278,0.5,1329.619058402369,0.7182276415161278,0.5,93.31001603881151,0.0,0.0,1330.8372860438851,True,False,False,optuna_seeded,298.0,"[""scalar""]",[1.4326249151685966],False,,156,False,3.8591509257444367,0.2817723584838723
VH_3_MFA,VH,MFA,VH_3_MFA__hybrid_optuna_249,all6,hybrid_optuna,generic_seed,trial_283,hybrid,1710e98be83bf964,1,True,1.753419313408703,1,1.0977489351569405,0.00048505402713017924,2.0235561078168344e-05,4.125902699474729,1.2171411874409372,1.6607939997032678e-08,9.17902177206103e-07,0.00010899329991759815,1.7682780520337464,6,0,3.633191083151404,1214.64746858542,0.28175796898859723,0.7182420310114028,0.8333333333333334,1214.64746858542,0.7182420310114028,0.8333333333333334,19.165605162670666,0.0,0.0,1216.1990439497647,True,False,False,optuna_seeded,283.0,"[""scalar""]",[1.753419313408703],False,,157,False,3.633191083151404,0.28175796898859723
VH_3_MFA,VH,MFA,VH_3_MFA__hybrid_optuna_186,all6,hybrid_optuna,generic_seed,trial_148,hybrid,1710e98be83bf964,1,True,1.4372642934399928,1,1.4998428016291732,0.00033568883607526404,2.931988649613527e-05,149.71127894682806,0.03233210786776052,2.5905935840380254e-08,9.6799710414804e-07,0.00030932377587515933,0.34123175138243356,6,0,3.9423772310711347,1386.7875055239438,0.28175666384173675,0.7182433361582632,0.5,1386.7875055239438,0.7182433361582632,0.5,2497.831677235168,0.0,0.0,1388.0057488601021,True,False,False,optuna_seeded,148.0,"[""scalar""]",[1.4372642934399928],False,,158,False,3.9423772310711347,0.28175666384173675
VH_3_MFA,VH,MFA,VH_3_MFA__hybrid_optuna_203,all6,hybrid_optuna,generic_seed,trial_112,hybrid,1710e98be83bf964,1,True,1.5218622448181711,1,0.9859762282599279,0.00035037043142064413,0.00042333783014937625,138.06285943106494,0.10536918768891797,2.4428469411410195e-08,8.591964391428863e-07,0.0008084001677446846,0.3531734284481629,6,0,3.965079127994669,1404.7506797424637,0.28175326229264375,0.7182467377073563,0.5833333333333334,1404.7506797424637,0.7182467377073563,0.5833333333333334,2123.517312314014,0.0,0.0,1406.0522598135044,True,False,False,optuna_seeded,112.0,"[""scalar""]",[1.5218622448181711],False,,159,False,3.965079127994669,0.28175326229264375
VH_3_MFA,VH,MFA,VH_3_MFA__hybrid_optuna_202,all6,hybrid_optuna,generic_seed,trial_162,hybrid,1710e98be83bf964,1,True,1.5182513678793175,1,1.2598025721406703,0.00035220798555117365,5.859909245862024e-05,143.6710549529732,0.04396663521508691,1.4613066865001561e-08,1.3141812832145651e-06,0.0008658709898448263,0.27189808347533273,6,0,3.900067144930672,1369.6227788958174,0.2817523623946088,0.7182476376053911,0.5833333333333334,1369.6227788958174,0.7182476376053911,0.5833333333333334,2301.032150242254,0.0,0.0,1370.924359866756,True,False,False,optuna_seeded,162.0,"[""scalar""]",[1.5182513678793175],False,,160,False,3.900067144930672,0.2817523623946088
VH_3_MFA,VH,MFA,VH_3_MFA__hybrid_optuna_246,all6,hybrid_optuna,generic_seed,trial_78,hybrid,1710e98be83bf964,1,True,1.7512882355517123,1,5.055227699018229,0.0005363186782182426,0.01952637749769733,99.15908328281559,0.006204942638716944,4.167424770044477e-07,1.4440283684671273e-08,3.287658005371109e-05,0.38278064482124136,6,0,3.594524881234598,1122.62656209714,0.28174092451687655,0.7182590754831234,0.8333333333333334,1122.62656209714,0.7182590754831234,0.8333333333333334,1099.9775796805266,0.0,0.0,1124.1781545059564,True,False,False,optuna_seeded,78.0,"[""scalar""]",[1.7512882355517123],False,,161,False,3.594524881234598,0.28174092451687655
VH_3_MFA,VH,MFA,VH_3_MFA__hybrid_optuna_260,all6,hybrid_optuna,generic_seed,trial_79,hybrid,1710e98be83bf964,1,True,1.7573370616393875,1,1.2828483230495462,0.0008142125860856978,0.009864430481778366,48.68918882688484,0.001957325066264901,2.2715937948079237e-07,3.970194902408193e-08,5.898752472111858e-05,0.20723214151770017,6,0,3.7033842922497926,1126.6179355667157,0.2817398434856008,0.7182601565143991,0.8333333333333334,1126.6179355667157,0.7182601565143991,0.8333333333333334,272.99271278900505,0.0,0.0,1128.1695290565633,True,False,False,optuna_seeded,79.0,"[""scalar""]",[1.7573370616393875],False,,162,False,3.7033842922497926,0.2817398434856008
VH_3_MFA,VH,MFA,VH_3_MFA__hybrid_optuna_199,all6,hybrid_optuna,generic_seed,trial_216,hybrid,1710e98be83bf964,1,True,1.5112239389351414,1,1.8344428235236745,0.00037789624803363916,0.00010522730574672397,16.12436602294771,0.9609110939619258,1.2957018574604448e-08,7.52134336647933e-07,0.0008843928698938369,0.43435960220599573,6,0,3.773309423960704,1295.1958028106092,0.2817376957293423,0.7182623042706576,0.5833333333333334,1295.1958028106092,0.7182623042706576,0.5833333333333334,42.78790586474501,0.0,0.0,1296.497398448213,True,False,False,optuna_seeded,216.0,"[""scalar""]",[1.5112239389351414],False,,163,False,3.773309423960704,0.2817376957293423
VH_3_MFA,VH,MFA,VH_3_MFA__hybrid_optuna_223,all6,hybrid_optuna,generic_seed,trial_89,hybrid,1710e98be83bf964,1,True,1.6685350507478076,1,1.8820405134618654,0.00045415253341925623,0.00022011630318342137,132.8393601042698,0.01793410289236372,1.3660303022100582e-08,4.2926223404532296e-07,0.012454290232370841,0.23983014467044086,6,0,3.6049039183517766,1194.5024896415155,0.2817373891606245,0.7182626108393756,0.75,1194.5024896415155,0.7182626108393756,0.75,1968.5486785221688,0.0,0.0,1195.970752252355,True,False,False,optuna_seeded,89.0,"[""scalar""]",[1.6685350507478076],False,,164,False,3.6049039183517766,0.2817373891606245
VH_3_MFA,VH,MFA,VH_3_MFA__hybrid_optuna_229,all6,hybrid_optuna,generic_seed,trial_37,hybrid,1710e98be83bf964,1,True,1.7321118188348565,1,25.82675144757773,0.0007767146356304971,0.0006014496429287909,58.08411459891564,0.00970869904566674,2.043346690848705e-07,1.0524474159413989e-08,9.160043365019096e-07,3.3725379700544282,6,0,3.249276483462438,926.9242768200953,0.28173687469083464,0.7182631253091653,0.8333333333333334,926.9242768200953,0.7182631253091653,0.8333333333333334,390.80136792057596,0.0,0.0,928.4758732787378,True,False,False,optuna_seeded,37.0,"[""scalar""]",[1.7321118188348565],False,,165,False,3.249276483462438,0.28173687469083464
VH_3_MFA,VH,MFA,VH_3_MFA__hybrid_pre_03,all6,legacy_db_verified_median,verified_seed,hybrid_pre_start_03,hybrid,1710e98be83bf964,3,True,3.0679026027664877e+24,3,35.999993519853376,0.008000000723545158,0.010000000172904026,0.20000000762969977,0.03499999846990725,9.040583390092242e-05,1.4629080079078327e-05,0.0017917864123085116,0.17118226840357328,6,0,6.2431300482887595,2318.0466293551362,0.2817307872744035,0.7182692127255965,0.8333333333333334,2318.0466293551362,0.7182692127255965,0.8333333333333334,1.530390192397227e-14,0.0,0.0,2319.5982319011955,True,False,False,scipy_pre,,,,,,166,False,6.2431300482887595,0.2817307872744035
VH_3_MFA,VH,MFA,VH_3_MFA__hybrid_optuna_295,all6,hybrid_optuna,generic_seed,trial_2,hybrid,1710e98be83bf964,1,True,1.8984431042971943,1,35.999993519853376,0.008000000723545158,0.010000000172904026,0.20000000762969977,0.03499999846990725,9.040583390092242e-05,1.4629080079078327e-05,0.0017917864123085116,0.17118226840357328,6,0,6.2431300482887595,2318.0466293551362,0.2817307872744035,0.7182692127255965,0.8333333333333334,2318.0466293551362,0.7182692127255965,0.8333333333333334,0.05528576522267857,0.0,0.0,2319.5982319011955,True,False,False,optuna_seeded,2.0,"[""scalar""]",[1.8984431042971943],False,,167,False,6.2431300482887595,0.2817307872744035
VH_3_MFA,VH,MFA,VH_3_MFA__hybrid_optuna_272,all6,hybrid_optuna,generic_seed,trial_54,hybrid,1710e98be83bf964,1,True,1.767704626650342,1,6.580012607622055,0.029406264563540684,0.050352173801554864,40.58682680930701,0.002450656466638663,1.6178901963173455e-07,7.245669860604112e-07,2.5738766272419357e-05,1.1889219862662923,6,0,3.8897994223392636,1285.3243250372086,0.2817286745907284,0.7182713254092715,0.8333333333333334,1285.3243250372086,0.7182713254092715,0.8333333333333334,190.1312867399378,0.0,0.0,1286.875929695951,True,False,False,optuna_seeded,54.0,"[""scalar""]",[1.767704626650342],False,,168,False,3.8897994223392636,0.2817286745907284
VH_3_MFA,VH,MFA,VH_3_MFA__hybrid_optuna_168,all6,hybrid_optuna,generic_seed,trial_65,hybrid,1710e98be83bf964,1,True,1.4083546511796237,1,27.239103906815334,0.001201576766069729,0.6259771570634961,53.29562480625316,0.003838162897850537,2.9644361531501945e-07,2.7965918814295818e-06,2.242112450695264e-06,1.2916735590349244,6,0,3.421488666630401,966.6374741853398,0.2817280525220654,0.7182719474779345,0.5,966.6374741853398,0.7182719474779345,0.5,324.8680342053502,0.0,0.0,967.8557461328177,True,False,False,optuna_seeded,65.0,"[""scalar""]",[1.4083546511796237],False,,169,False,3.421488666630401,0.2817280525220654
VH_3_MFA,VH,MFA,VH_3_MFA__hybrid_optuna_243,all6,hybrid_optuna,generic_seed,trial_264,hybrid,1710e98be83bf964,1,True,1.749719482364009,1,43.87980424702249,0.00041718416164045506,2.3069498235071668e-05,0.5919217825641443,4.55184809297845,2.1990505210498056e-08,2.5380201948771456e-07,0.0001974536782239034,3.0883449874143136,6,0,3.5660556279493387,1161.9789030571374,0.2817280525220654,0.7182719474779345,0.8333333333333334,1161.9789030571374,0.7182719474779345,0.8333333333333334,17.880759729835876,0.0,0.0,1163.5305083379485,True,False,False,optuna_seeded,264.0,"[""scalar""]",[1.749719482364009],False,,170,False,3.5660556279493387,0.2817280525220654
VH_3_MFA,VH,MFA,VH_3_MFA__hybrid_optuna_296,all6,hybrid_optuna,generic_seed,trial_14,hybrid,1710e98be83bf964,1,True,1.9061718563691579,1,157.51683216835795,0.0010252934511082686,1.3739451141026064,66.93903414707466,7.167612317275185,2.4652973288840495e-07,6.617254002900422e-07,3.0705564255532837e-06,0.7483787110276748,6,0,3.6042072099787497,1086.1463846703584,0.2817280525220654,0.7182719474779345,0.5,1086.1463846703584,0.7182719474779345,0.5,510.1349035588243,0.0,0.0,1087.3646566178363,True,False,False,optuna_seeded,14.0,"[""scalar""]",[1.9061718563691579],False,,171,False,3.6042072099787497,0.2817280525220654
VH_3_MFA,VH,MFA,VH_3_MFA__hybrid_optuna_198,all6,hybrid_optuna,generic_seed,trial_67,hybrid,1710e98be83bf964,1,True,1.502381290636077,1,336.92141040026326,0.0038307282405648535,6.442806833146263,70.64952473275821,0.0010538821865364648,4.957103572027008e-06,1.0459711394221858e-06,8.806413209481355e-07,1.560087838189042,6,0,3.6139681768465604,1064.3693703424376,0.2817280525220654,0.7182719474779345,0.5833333333333334,1064.3693703424376,0.7182719474779345,0.5833333333333334,566.5405863863477,0.0,0.0,1065.6709756232488,True,False,False,optuna_seeded,67.0,"[""scalar""]",[1.502381290636077],False,,172,False,3.6139681768465604,0.2817280525220654
VH_3_MFA,VH,MFA,VH_3_MFA__hybrid_optuna_169,all6,hybrid_optuna,generic_seed,trial_13,hybrid,1710e98be83bf964,1,True,1.4211334034091478,1,452.0815601869844,0.0005047014262720068,19.400830954674408,86.13803785592093,0.0012353449893364305,1.1451920857180092e-08,2.4342894227923937e-07,1.2316478479670007e-07,0.05091930632958338,6,0,3.651506206761837,1165.3304044373367,0.2817280525220654,0.7182719474779345,0.5,1165.3304044373367,0.7182719474779345,0.5,850.3517819376372,0.0,0.0,1166.5486763848146,True,False,False,optuna_seeded,13.0,"[""scalar""]",[1.4211334034091478],False,,173,False,3.651506206761837,0.2817280525220654
VH_3_MFA,VH,MFA,VH_3_MFA__hybrid_optuna_170,all6,hybrid_optuna,generic_seed,trial_288,hybrid,1710e98be83bf964,1,True,1.4218997448398687,1,17.768594445917124,0.0003788255253937493,1.8355205247650845e-05,39.6921480084271,8.97256957221625,1.866295752192378e-08,3.971572232663661e-07,0.00012288022024796764,2.568470663225543,6,0,3.665300352514814,1221.7436999036697,0.2817280525220654,0.7182719474779345,0.5,1221.7436999036697,0.7182719474779345,0.5,192.28755736945448,0.0,0.0,1222.9619718511476,True,False,False,optuna_seeded,288.0,"[""scalar""]",[1.4218997448398687],False,,174,False,3.665300352514814,0.2817280525220654
VH_3_MFA,VH,MFA,VH_3_MFA__hybrid_optuna_171,all6,hybrid_optuna,generic_seed,trial_245,hybrid,1710e98be83bf964,1,True,1.4227354249220754,1,38.95773499240752,0.00037164828103527684,1.3314949983951353e-05,38.85042592315076,1.5820715848858726,1.7985752435345077e-08,9.797967531454653e-07,0.0002081891918578872,2.0203273390831162,6,0,3.6803425939945336,1229.5062905681125,0.2817280525220654,0.7182719474779345,0.5,1229.5062905681125,0.7182719474779345,0.5,182.77750549103277,0.0,0.0,1230.7245625155904,True,False,False,optuna_seeded,245.0,"[""scalar""]",[1.4227354249220754],False,,175,False,3.6803425939945336,0.2817280525220654
VH_3_MFA,VH,MFA,VH_3_MFA__hybrid_optuna_172,all6,hybrid_optuna,generic_seed,trial_270,hybrid,1710e98be83bf964,1,True,1.4251589544744931,1,32.62687829068469,0.00036015588330696145,1.9163978254572257e-05,29.08611348165617,3.9160988979065903,2.8393101365497834e-08,1.1597138293606384e-06,0.0001198119413578638,5.055613022621327,6,0,3.7239661259380537,1253.1932893395901,0.2817280525220654,0.7182719474779345,0.5,1253.1932893395901,0.7182719474779345,0.5,109.7059342157161,0.0,0.0,1254.411561287068,True,False,False,optuna_seeded,270.0,"[""scalar""]",[1.4251589544744931],False,,176,False,3.7239661259380537,0.2817280525220654
VH_3_MFA,VH,MFA,VH_3_MFA__hybrid_optuna_174,all6,hybrid_optuna,generic_seed,trial_294,hybrid,1710e98be83bf964,1,True,1.4274115502681317,1,1.3290778804937062,0.0004021096792184867,9.115094023385575e-05,24.713427614993133,0.8050729462360161,1.953141843682891e-08,6.011875913155748e-07,0.0006386579411302558,3.5059079602676895,6,0,3.7645128502235496,1291.1922730024432,0.2817280525220654,0.7182719474779345,0.5,1291.1922730024432,0.7182719474779345,0.5,81.89406247335324,0.0,0.0,1292.4105449499211,True,False,False,optuna_seeded,294.0,"[""scalar""]",[1.4274115502681317],False,,177,False,3.7645128502235496,0.2817280525220654
VH_3_MFA,VH,MFA,VH_3_MFA__hybrid_optuna_176,all6,hybrid_optuna,generic_seed,trial_73,hybrid,1710e98be83bf964,1,True,1.4277720632306314,1,2.7059318501451193,0.00038636923575841904,0.010241341456999273,95.78027827614233,0.011908163766012041,6.873460493273036e-08,2.8402779658343304e-08,1.6077691746138095e-05,0.43076376682763834,6,0,3.7710020835485394,1276.4250797924558,0.2817280525220654,0.7182719474779345,0.5,1276.4250797924558,0.7182719474779345,0.5,1029.1705768540035,0.0,0.0,1277.6433517399337,True,False,False,optuna_seeded,73.0,"[""scalar""]",[1.4277720632306314],False,,178,False,3.7710020835485394,0.2817280525220654
VH_3_MFA,VH,MFA,VH_3_MFA__hybrid_optuna_177,all6,hybrid_optuna,generic_seed,trial_11,hybrid,1710e98be83bf964,1,True,1.4277835750877075,1,452.5376621019462,0.00037559746375079924,8.911133285568093,100.12509213006129,0.0012987588065308292,1.0985549596309317e-08,1.0512580587824823e-07,9.729286764092337e-08,0.057954188178586954,6,0,3.7712092969759112,1263.9931618913072,0.2817280525220654,0.7182719474779345,0.5,1263.9931618913072,0.7182719474779345,0.5,1139.547738771092,0.0,0.0,1265.211433838785,True,False,False,optuna_seeded,11.0,"[""scalar""]",[1.4277835750877075],False,,179,False,3.7712092969759112,0.2817280525220654
VH_3_MFA,VH,MFA,VH_3_MFA__hybrid_optuna_178,all6,hybrid_optuna,generic_seed,trial_262,hybrid,1710e98be83bf964,1,True,1.4282641960918148,1,35.03141626643251,0.00033921866136459104,1.589846008687648e-05,32.22005815542797,6.577772845096801,2.2106036871363298e-08,3.839167226599696e-07,0.00015075451386983578,2.358428119005811,6,0,3.779860475049844,1285.5602586851767,0.2817280525220654,0.7182719474779345,0.5,1285.5602586851767,0.7182719474779345,0.5,132.4010102076236,0.0,0.0,1286.7785306326546,True,False,False,optuna_seeded,262.0,"[""scalar""]",[1.4282641960918148],False,,180,False,3.779860475049844,0.2817280525220654
VH_3_MFA,VH,MFA,VH_3_MFA__hybrid_optuna_179,all6,hybrid_optuna,generic_seed,trial_282,hybrid,1710e98be83bf964,1,True,1.4301300654009186,1,68.10703755862626,0.0003311646046541261,2.8145641383679473e-05,28.11421280332901,0.04423958575877462,1.2503188654376408e-08,1.6386856949569442e-06,0.00030318848659731217,2.9403047613852653,6,0,3.813446122613709,1303.368784062964,0.2817280525220654,0.7182719474779345,0.5,1303.368784062964,0.7182719474779345,0.5,101.60900070772784,0.0,0.0,1304.587056010442,True,False,False,optuna_seeded,282.0,"[""scalar""]",[1.4301300654009186],False,,181,False,3.813446122613709,0.2817280525220654
VH_3_MFA,VH,MFA,VH_3_MFA__hybrid_optuna_181,all6,hybrid_optuna,generic_seed,trial_278,hybrid,1710e98be83bf964,1,True,1.433057180796418,1,35.14301803517525,0.0003163258345914802,2.7776148754715742e-05,26.761085367380225,1.9245635811863104,1.62507449941799e-08,4.4425327602031095e-07,0.00023058927325305965,3.3685989015519877,6,0,3.8661341997327034,1333.551626478282,0.2817280525220654,0.7182719474779345,0.5,1333.551626478282,0.7182719474779345,0.5,95.45732274066879,0.0,0.0,1334.76989842576,True,False,False,optuna_seeded,278.0,"[""scalar""]",[1.433057180796418],False,,182,False,3.8661341997327034,0.2817280525220654
VH_3_MFA,VH,MFA,VH_3_MFA__hybrid_optuna_182,all6,hybrid_optuna,generic_seed,trial_268,hybrid,1710e98be83bf964,1,True,1.4336683580656517,1,53.40755839111833,0.00031267974250351506,2.2780626294575956e-05,33.67712622359647,3.414567083861353,1.9122096838657226e-08,4.2212144281281865e-07,0.006761199059439149,1.5290829062046907,6,0,3.8771353905789083,1339.588298586621,0.2817280525220654,0.7182719474779345,0.5,1339.588298586621,0.7182719474779345,0.5,141.69416258749627,0.0,0.0,1340.806570534099,True,False,False,optuna_seeded,268.0,"[""scalar""]",[1.4336683580656517],False,,183,False,3.8771353905789083,0.2817280525220654
VH_3_MFA,VH,MFA,VH_3_MFA__hybrid_optuna_183,all6,hybrid_optuna,generic_seed,trial_222,hybrid,1710e98be83bf964,1,True,1.433768376338561,1,2.4844337018307274,0.0003392002248080623,7.055068804048989e-05,7.899032954237351,0.7012756116362148,2.8804728393472005e-08,1.5571843140294824e-06,0.0003472079521000218,2.110620447311124,6,0,3.8789357194912744,1345.8664502178217,0.2817280525220654,0.7182719474779345,0.5,1345.8664502178217,0.7182719474779345,0.5,20.170086315122663,0.0,0.0,1347.0847221652996,True,False,False,optuna_seeded,222.0,"[""scalar""]",[1.433768376338561],False,,184,False,3.8789357194912744,0.2817280525220654
VH_3_MFA,VH,MFA,VH_3_MFA__hybrid_optuna_184,all6,hybrid_optuna,generic_seed,trial_273,hybrid,1710e98be83bf964,1,True,1.435404539258051,1,30.445370528014088,0.00030643604154758654,1.929770589875157e-05,9.750514579185953,1.05945179024716,1.476273047276021e-08,5.467697623611087e-07,0.0003134187412961482,2.868213486487029,6,0,3.9083866520420933,1356.925867460831,0.2817280525220654,0.7182719474779345,0.5,1356.925867460831,0.7182719474779345,0.5,27.07718971860354,0.0,0.0,1358.1441394083088,True,False,False,optuna_seeded,273.0,"[""scalar""]",[1.435404539258051],False,,185,False,3.9083866520420933,0.2817280525220654
VH_3_MFA,VH,MFA,VH_3_MFA__hybrid_optuna_185,all6,hybrid_optuna,generic_seed,trial_226,hybrid,1710e98be83bf964,1,True,1.4372032876118574,1,2.270329347335589,0.000322886861007978,5.058593685047596e-05,11.719693778078591,0.5238608332519638,2.2839707065782723e-08,8.751958077425253e-07,0.0006705728729592175,2.9150574129496887,6,0,3.9407641224106094,1381.7111840668883,0.2817280525220654,0.7182719474779345,0.5,1381.7111840668883,0.7182719474779345,0.5,29.43139089125639,0.0,0.0,1382.9294560143662,True,False,False,optuna_seeded,226.0,"[""scalar""]",[1.4372032876118574],False,,186,False,3.9407641224106094,0.2817280525220654
VH_3_MFA,VH,MFA,VH_3_MFA__hybrid_optuna_187,all6,hybrid_optuna,generic_seed,trial_233,hybrid,1710e98be83bf964,1,True,1.4374357849254973,1,2.650902401183737,0.0003235283802493304,6.265217234327338e-05,30.164205823415628,0.6845223141935918,2.6505140308808082e-08,2.3650901497614824e-06,0.0005269026878629865,4.581864782001198,6,0,3.944949074056126,1379.6620032742533,0.2817280525220654,0.7182719474779345,0.5,1379.6620032742533,0.7182719474779345,0.5,113.77777303907064,0.0,0.0,1380.8802752217312,True,False,False,optuna_seeded,233.0,"[""scalar""]",[1.4374357849254973],False,,187,False,3.944949074056126,0.2817280525220654
VH_3_MFA,VH,MFA,VH_3_MFA__hybrid_optuna_188,all6,hybrid_optuna,generic_seed,trial_10,hybrid,1710e98be83bf964,1,True,1.4374605965593255,1,415.4816524351183,0.0003320258070519293,11.156918462586772,93.6125290758548,0.0017237972868813412,2.6152825306749292e-08,8.691786739327765e-08,4.075173392676908e-07,0.054992165131679656,6,0,3.9453956834650348,1357.9170087637115,0.2817280525220654,0.7182719474779345,0.5,1357.9170087637115,0.7182719474779345,0.5,995.6660856135859,0.0,0.0,1359.1352807111894,True,False,False,optuna_seeded,10.0,"[""scalar""]",[1.4374605965593255],False,,188,False,3.9453956834650348,0.2817280525220654
VH_3_MFA,VH,MFA,VH_3_MFA__hybrid_optuna_165,all6,hybrid_optuna,generic_seed,trial_293,hybrid,1710e98be83bf964,1,True,1.354534197150472,1,52.00678651745681,0.00029542515185609214,3.033693184097271e-05,7.233361593155285,0.048064913275292685,1.001183884486406e-08,3.1199692539580405e-07,0.00015017239495293983,2.640703611432424,6,0,3.952720494105673,1381.2044248342625,0.2817280525220654,0.7182719474779345,0.4166666666666667,1381.2044248342625,0.7182719474779345,0.4166666666666667,22.313555963447396,0.0,0.0,1382.339363448407,True,False,False,optuna_seeded,293.0,"[""scalar""]",[1.354534197150472],False,,189,False,3.952720494105673,0.2817280525220654
VH_3_MFA,VH,MFA,VH_3_MFA__hybrid_optuna_166,all6,hybrid_optuna,generic_seed,trial_140,hybrid,1710e98be83bf964,1,True,1.3569846725314196,1,1.692494141149994,0.0003164916674358742,0.0001816064831022806,138.50578884553775,0.022390469568356133,1.3013006268163973e-08,5.925457575298807e-06,0.0001995321980319412,0.7884826112858098,6,0,3.9968290509627296,1416.3654573302447,0.2817280525220654,0.7182719474779345,0.4166666666666667,1416.3654573302447,0.7182719474779345,0.4166666666666667,2138.2837749747628,0.0,0.0,1417.5003959443893,True,False,False,optuna_seeded,140.0,"[""scalar""]",[1.3569846725314196],False,,190,False,3.9968290509627296,0.2817280525220654
VH_3_MFA,VH,MFA,VH_3_MFA__hybrid_optuna_161,all6,hybrid_optuna,generic_seed,trial_182,hybrid,1710e98be83bf964,1,True,1.2740308957390836,1,1.3457858822286881,0.00031951624332822605,7.129143964565966e-05,140.45301616759528,0.03455551580112202,1.2657042903583e-08,1.6526462530207324e-06,0.0004485512655316633,0.28423779100314184,6,0,4.003661068700683,1424.9984752182033,0.2817280525220654,0.7182719474779345,0.3333333333333333,1424.9984752182033,0.7182719474779345,0.3333333333333333,2199.6559561427875,0.0,0.0,1426.0500804990145,True,False,False,optuna_seeded,182.0,"[""scalar""]",[1.2740308957390836],False,,191,False,4.003661068700683,0.2817280525220654
VH_3_MFA,VH,MFA,VH_3_MFA__hybrid_optuna_189,all6,hybrid_optuna,generic_seed,trial_12,hybrid,1710e98be83bf964,1,True,1.4418287199049602,1,490.08929092843437,0.0003235766254967103,17.024047164554204,102.9615201699151,0.0010364659033973273,1.1136278486800117e-08,2.7479059786372113e-08,7.977390235907591e-08,0.05347869606123555,6,0,4.02402190368646,1395.416533176093,0.2817280525220654,0.7182719474779345,0.5,1395.416533176093,0.7182719474779345,0.5,1206.955148761653,0.0,0.0,1396.634805123571,True,False,False,optuna_seeded,12.0,"[""scalar""]",[1.4418287199049602],False,,192,False,4.02402190368646,0.2817280525220654
VH_3_MFA,VH,MFA,VH_3_MFA__hybrid_optuna_151,all6,hybrid_optuna,generic_seed,trial_202,hybrid,1710e98be83bf964,1,True,1.1927855305964756,1,2.826042632587088,0.00029185849059409257,5.371905915411848e-05,144.8373830082307,0.33758785104541034,1.0072099563685636e-08,1.6308080521345322e-06,0.0013921408143332294,0.2477852112079802,6,0,4.041244496133738,1436.4646055459973,0.2817280525220654,0.7182719474779345,0.25,1436.4646055459973,0.7182719474779345,0.25,2339.0851250198098,0.0,0.0,1437.4328774934752,True,False,False,optuna_seeded,202.0,"[""scalar""]",[1.1927855305964756],False,,193,False,4.041244496133738,0.2817280525220654
VH_3_MFA,VH,MFA,VH_3_MFA__hybrid_optuna_152,all6,hybrid_optuna,generic_seed,trial_189,hybrid,1710e98be83bf964,1,True,1.1928759166601441,1,1.7595011082884067,0.0003024120268191212,0.00012565344485164856,146.37591423512848,0.28115533531850123,1.3120009606074e-08,3.617506959335934e-06,0.0007431440746721056,0.30320777165248153,6,0,4.042871445279773,1441.5402482506943,0.2817280525220654,0.7182719474779345,0.25,1441.5402482506943,0.7182719474779345,0.25,2387.248166141387,0.0,0.0,1442.5085201981722,True,False,False,optuna_seeded,189.0,"[""scalar""]",[1.1928759166601441],False,,194,False,4.042871445279773,0.2817280525220654
VH_3_MFA,VH,MFA,VH_3_MFA__hybrid_pre_08,all6,legacy_db_verified_median,verified_seed,hybrid_pre_start_08,hybrid,1710e98be83bf964,3,True,4.871844482285376e+16,6,59.41107527544984,0.006129495288665245,0.004247585340983863,9.999999780526491e-11,0.02040551996277806,2.0564896984561607e-05,4.582991469901954e-06,0.0047847577170786965,0.1567589473200013,6,0,4.04403954831583,1239.5055693620225,0.2817280525220654,0.7182719474779345,0.5,1239.5055693620225,0.7182719474779345,0.5,2.501643434894148e-15,0.0,0.0,1240.7238413095004,True,False,False,scipy_pre,,,,,,195,False,4.04403954831583,0.2817280525220654
VH_3_MFA,VH,MFA,VH_3_MFA__hybrid_optuna_190,all6,hybrid_optuna,generic_seed,trial_7,hybrid,1710e98be83bf964,1,True,1.4429408112732585,1,59.41107527544984,0.006129495288665245,0.004247585340983863,9.999999780526491e-11,0.02040551996277806,2.0564896984561607e-05,4.582991469901954e-06,0.0047847577170786965,0.1567589473200013,6,0,4.04403954831583,1239.5055693620225,0.2817280525220654,0.7182719474779345,0.5,1239.5055693620225,0.7182719474779345,0.5,0.8092637853690072,0.0,0.0,1240.7238413095004,True,False,False,optuna_seeded,7.0,"[""scalar""]",[1.4429408112732585],False,,196,False,4.04403954831583,0.2817280525220654
VH_3_MFA,VH,MFA,VH_3_MFA__hybrid_optuna_153,all6,hybrid_optuna,generic_seed,trial_126,hybrid,1710e98be83bf964,1,True,1.1942571804083293,1,0.7315470255846874,0.0003391031687978734,1.65002431778329e-05,149.39442980399295,0.014666840993772858,1.800220150426769e-08,8.921401695888575e-07,0.0031997053579630595,7.111472708048117,6,0,4.067734192747103,1467.2432657444504,0.2817280525220654,0.7182719474779345,0.25,1467.2432657444504,0.7182719474779345,0.25,2490.760792104031,0.0,0.0,1468.2115376919282,True,False,False,optuna_seeded,126.0,"[""scalar""]",[1.1942571804083293],False,,197,False,4.067734192747103,0.2817280525220654
VH_3_MFA,VH,MFA,VH_3_MFA__hybrid_optuna_154,all6,hybrid_optuna,generic_seed,trial_133,hybrid,1710e98be83bf964,1,True,1.194844905133944,1,1.328304924365784,0.00030141027457536006,4.784608843702594e-05,145.4897269812304,0.030366449577305898,1.082655909946668e-08,1.1441195394569082e-06,0.004540255226369637,0.3248379329062433,6,0,4.078313237808168,1465.6554736707733,0.2817280525220654,0.7182719474779345,0.25,1465.6554736707733,0.7182719474779345,0.25,2360.558270541633,0.0,0.0,1466.6237456182512,True,False,False,optuna_seeded,133.0,"[""scalar""]",[1.194844905133944],False,,198,False,4.078313237808168,0.2817280525220654
VH_3_MFA,VH,MFA,VH_3_MFA__hybrid_optuna_155,all6,hybrid_optuna,generic_seed,trial_100,hybrid,1710e98be83bf964,1,True,1.1954856495465687,1,1.0689084011293033,0.0003088907495983802,0.00011909791464108547,143.9128230510828,0.02787944748274353,1.6888804110952082e-08,1.985741331734809e-06,0.0026963987718252856,0.20839524931007414,6,0,4.089846637235411,1473.5897673703287,0.2817280525220654,0.7182719474779345,0.25,1473.5897673703287,0.7182719474779345,0.25,2307.7882405106934,0.0,0.0,1474.5580393178066,True,False,False,optuna_seeded,100.0,"[""scalar""]",[1.1954856495465687],False,,199,False,4.089846637235411,0.2817280525220654
VH_3_MFA,VH,MFA,VH_3_MFA__hybrid_optuna_031,all6,hybrid_optuna,generic_seed,trial_290,hybrid,1710e98be83bf964,1,True,1.113271203232868,1,36.100777377128175,0.00026772370058837186,2.238808350359987e-05,17.14616478143208,0.04002246081402447,2.252298461332274e-08,1.4575882489909955e-06,0.0004754139906542188,3.7435147885396094,6,0,4.109986603588799,1464.602947800063,0.2817280525220654,0.7182719474779345,0.16666666666666666,1464.602947800063,0.7182719474779345,0.16666666666666666,46.35900027546727,0.0,0.0,1465.4878864142077,True,False,False,optuna_seeded,290.0,"[""scalar""]",[1.113271203232868],False,,200,False,4.109986603588799,0.2817280525220654
VH_3_MFA,VH,MFA,VH_3_MFA__hybrid_optuna_032,all6,hybrid_optuna,generic_seed,trial_193,hybrid,1710e98be83bf964,1,True,1.113341691820195,1,2.5166014878228937,0.0002805181600771243,3.7804400511595215e-05,143.7129627009833,0.4522508588461291,1.544439552249176e-08,2.845422582555873e-06,0.0004963644407255099,0.25757555532589593,6,0,4.1112553981606865,1474.1824224007669,0.2817280525220654,0.7182719474779345,0.16666666666666666,1474.1824224007669,0.7182719474779345,0.16666666666666666,2302.7583294653937,0.0,0.0,1475.0673610149115,True,False,False,optuna_seeded,193.0,"[""scalar""]",[1.113341691820195],False,,201,False,4.1112553981606865,0.2817280525220654
VH_3_MFA,VH,MFA,VH_3_MFA__hybrid_optuna_033,all6,hybrid_optuna,generic_seed,trial_154,hybrid,1710e98be83bf964,1,True,1.1134583775820386,1,1.239792120625969,0.0002960032332996014,7.798607749579504e-05,139.75608151503823,0.1584453663661141,1.012489706324978e-08,2.2536654305157455e-06,0.0003971782773089889,0.306703492128122,6,0,4.113355741873868,1485.310064295861,0.2817280525220654,0.7182719474779345,0.16666666666666666,1485.310064295861,0.7182719474779345,0.16666666666666666,2178.451185660788,0.0,0.0,1486.1950029100055,True,False,False,optuna_seeded,154.0,"[""scalar""]",[1.1134583775820386],False,,202,False,4.113355741873868,0.2817280525220654
VH_3_MFA,VH,MFA,VH_3_MFA__hybrid_optuna_034,all6,hybrid_optuna,generic_seed,trial_201,hybrid,1710e98be83bf964,1,True,1.1134867927126377,1,3.362534522944837,0.0002752988741421165,5.8346193366826206e-05,146.76240319528813,0.3994006364069389,1.2932939503655291e-08,1.5738071162291155e-06,0.0011072051144705782,0.25930895962115746,6,0,4.113867214224656,1473.9700683944338,0.2817280525220654,0.7182719474779345,0.16666666666666666,1473.9700683944338,0.7182719474779345,0.16666666666666666,2400.8514677562475,0.0,0.0,1474.8550070085785,True,False,False,optuna_seeded,201.0,"[""scalar""]",[1.1134867927126377],False,,203,False,4.113867214224656,0.2817280525220654
VH_3_MFA,VH,MFA,VH_3_MFA__hybrid_optuna_035,all6,hybrid_optuna,generic_seed,trial_185,hybrid,1710e98be83bf964,1,True,1.113727470575927,1,2.289979962865671,0.0002806382969178914,4.6750167789080405e-05,147.62764980904367,0.5455285660009261,1.2564852322765115e-08,3.2693720335210316e-06,0.0006876207667711645,0.3413906318711213,6,0,4.118199415763861,1479.0394570143744,0.2817280525220654,0.7182719474779345,0.16666666666666666,1479.0394570143744,0.7182719474779345,0.16666666666666666,2429.5002211338074,0.0,0.0,1479.924395628519,True,False,False,optuna_seeded,185.0,"[""scalar""]",[1.113727470575927],False,,204,False,4.118199415763861,0.2817280525220654
VH_3_MFA,VH,MFA,VH_3_MFA__hybrid_optuna_036,all6,hybrid_optuna,generic_seed,trial_231,hybrid,1710e98be83bf964,1,True,1.1138592597207364,1,2.194794754604103,0.0002825836359143745,0.00014594886747327658,22.08640544901797,0.5566465728963961,1.3853448975774154e-08,1.1723754306291748e-06,0.0009297912772278768,3.9787061051601698,6,0,4.120571620370432,1479.8929595395095,0.2817280525220654,0.7182719474779345,0.16666666666666666,1479.8929595395095,0.7182719474779345,0.16666666666666666,67.83281705072876,0.0,0.0,1480.7778981536542,True,False,False,optuna_seeded,231.0,"[""scalar""]",[1.1138592597207364],False,,205,False,4.120571620370432,0.2817280525220654
VH_3_MFA,VH,MFA,VH_3_MFA__hybrid_optuna_037,all6,hybrid_optuna,generic_seed,trial_265,hybrid,1710e98be83bf964,1,True,1.1139799222613251,1,36.27673478474522,0.00026367985847526923,1.646103150720482e-05,36.695173829447334,7.1794004947924055,3.448083131119323e-08,4.92871648090551e-07,0.00013047518612691167,2.5232261215578027,6,0,4.12274354610103,1472.3023762401715,0.2817280525220654,0.7182719474779345,0.16666666666666666,1472.3023762401715,0.7182719474779345,0.16666666666666666,165.84845667153118,0.0,0.0,1473.1873148543161,True,False,False,optuna_seeded,265.0,"[""scalar""]",[1.1139799222613251],False,,206,False,4.12274354610103,0.2817280525220654
VH_3_MFA,VH,MFA,VH_3_MFA__hybrid_optuna_038,all6,hybrid_optuna,generic_seed,trial_175,hybrid,1710e98be83bf964,1,True,1.1140927237002523,1,1.4400531101928686,0.0002902564156449632,4.29876710472718e-05,145.00422018590848,0.056693227449773925,1.3622726459640325e-08,4.64628250434262e-06,0.0005989864787833905,0.24957402625785555,6,0,4.124773972001715,1487.7479700911852,0.2817280525220654,0.7182719474779345,0.16666666666666666,1487.7479700911852,0.7182719474779345,0.16666666666666666,2343.7652741641878,0.0,0.0,1488.6329087053298,True,False,False,optuna_seeded,175.0,"[""scalar""]",[1.1140927237002523],False,,207,False,4.124773972001715,0.2817280525220654
VH_3_MFA,VH,MFA,VH_3_MFA__hybrid_optuna_156,all6,hybrid_optuna,generic_seed,trial_149,hybrid,1710e98be83bf964,1,True,1.197573066683076,1,1.8842596135420635,0.0002866208795343842,1.3597373476098152e-05,141.0959927485756,0.03808155937104036,4.0234384845244826e-08,5.488888131888373e-07,6.11364428330193e-05,0.38602238062489097,6,0,4.127420145692543,1481.1231332986272,0.2817280525220654,0.7182719474779345,0.25,1481.1231332986272,0.7182719474779345,0.25,2221.3465982740845,0.0,0.0,1482.091405246105,True,False,False,optuna_seeded,149.0,"[""scalar""]",[1.197573066683076],False,,208,False,4.127420145692543,0.2817280525220654
VH_3_MFA,VH,MFA,VH_3_MFA__hybrid_optuna_039,all6,hybrid_optuna,generic_seed,trial_212,hybrid,1710e98be83bf964,1,True,1.1145554020112585,1,2.2100530346246674,0.000278208336611422,6.699538601293205e-05,146.15272132571323,0.6677576536909262,1.2891696021807988e-08,2.0791041364763416e-06,0.00047870747804366865,0.3836433345690882,6,0,4.133102181599829,1487.4785762381398,0.2817280525220654,0.7182719474779345,0.16666666666666666,1487.4785762381398,0.7182719474779345,0.16666666666666666,2381.373914476341,0.0,0.0,1488.3635148522844,True,False,False,optuna_seeded,212.0,"[""scalar""]",[1.1145554020112585],False,,209,False,4.133102181599829,0.2817280525220654
VH_3_MFA,VH,MFA,VH_3_MFA__hybrid_optuna_040,all6,hybrid_optuna,generic_seed,trial_132,hybrid,1710e98be83bf964,1,True,1.1147485317541754,1,1.738279715618143,0.0002820002777010863,0.0001296662161625449,146.63577600787002,0.02198910064853503,1.1607299088019434e-08,1.131117398976608e-06,0.000741231054119412,0.32203342450558253,6,0,4.136578516972334,1492.2363892137416,0.2817280525220654,0.7182719474779345,0.16666666666666666,1492.2363892137416,0.7182719474779345,0.16666666666666666,2396.2814653893643,0.0,0.0,1493.1213278278863,True,False,False,optuna_seeded,132.0,"[""scalar""]",[1.1147485317541754],False,,210,False,4.136578516972334,0.2817280525220654
VH_3_MFA,VH,MFA,VH_3_MFA__hybrid_optuna_041,all6,hybrid_optuna,generic_seed,trial_211,hybrid,1710e98be83bf964,1,True,1.114761380398933,1,1.8425446595511072,0.0002811780972814649,6.9416484585352e-05,146.67659996285047,0.7108081827355633,1.3638467631377882e-08,1.8643876624974254e-06,0.00040865445304487293,0.36802172658294735,6,0,4.13680979257797,1491.1916310551915,0.2817280525220654,0.7182719474779345,0.16666666666666666,1491.1916310551915,0.7182719474779345,0.16666666666666666,2398.472375937674,0.0,0.0,1492.076569669336,True,False,False,optuna_seeded,211.0,"[""scalar""]",[1.114761380398933],False,,211,False,4.13680979257797,0.2817280525220654
VH_3_MFA,VH,MFA,VH_3_MFA__hybrid_optuna_042,all6,hybrid_optuna,generic_seed,trial_183,hybrid,1710e98be83bf964,1,True,1.1149528892185157,1,1.5709327944272633,0.000283834796200181,5.8486636252027974e-05,149.84607814213425,0.4430275281469811,1.0095804307837757e-08,2.9131339667116325e-06,0.0002790153742938389,0.3784930890387747,6,0,4.140256951330457,1495.667209999546,0.2817280525220654,0.7182719474779345,0.16666666666666666,1495.667209999546,0.7182719474779345,0.16666666666666666,2503.277469025634,0.0,0.0,1496.5521486136906,True,False,False,optuna_seeded,183.0,"[""scalar""]",[1.1149528892185157],False,,212,False,4.140256951330457,0.2817280525220654
VH_3_MFA,VH,MFA,VH_3_MFA__hybrid_optuna_043,all6,hybrid_optuna,generic_seed,trial_192,hybrid,1710e98be83bf964,1,True,1.1150112811692279,1,2.3351339680746377,0.0002762956752603376,3.597316164214164e-05,144.88997482351587,0.3800914557029168,1.560737324579373e-08,3.859892441007134e-06,0.0005092463185503395,0.2747050897527323,6,0,4.141308006443276,1490.7595402488907,0.2817280525220654,0.7182719474779345,0.16666666666666666,1490.7595402488907,0.7182719474779345,0.16666666666666666,2340.3475819154946,0.0,0.0,1491.6444788630354,True,False,False,optuna_seeded,192.0,"[""scalar""]",[1.1150112811692279],False,,213,False,4.141308006443276,0.2817280525220654
VH_3_MFA,VH,MFA,VH_3_MFA__hybrid_optuna_044,all6,hybrid_optuna,generic_seed,trial_269,hybrid,1710e98be83bf964,1,True,1.115013119688475,1,27.323350638654738,0.000260790043914705,1.4651787312683141e-05,31.99733943089477,4.535522608954597,1.4586756140734503e-08,6.928563554807782e-07,0.0003266600892623786,2.225731605581031,6,0,4.141341099789726,1482.7618833722772,0.2817280525220654,0.7182719474779345,0.16666666666666666,1482.7618833722772,0.7182719474779345,0.16666666666666666,130.7105132438031,0.0,0.0,1483.6468219864219,True,False,False,optuna_seeded,269.0,"[""scalar""]",[1.115013119688475],False,,214,False,4.141341099789726,0.2817280525220654
VH_3_MFA,VH,MFA,VH_3_MFA__hybrid_optuna_045,all6,hybrid_optuna,generic_seed,trial_92,hybrid,1710e98be83bf964,1,True,1.11551140950957,1,1.2215784894774433,0.0002896923974124245,8.135324382695128e-05,144.01463981201834,0.03475097705802972,1.4307563630082266e-08,1.8117523855986938e-06,0.00011101899427129415,0.37491985701217606,6,0,4.150310316569435,1504.0119605116479,0.2817280525220654,0.7182719474779345,0.16666666666666666,1504.0119605116479,0.7182719474779345,0.16666666666666666,2312.3682424622475,0.0,0.0,1504.8968991257925,True,False,False,optuna_seeded,92.0,"[""scalar""]",[1.11551140950957],False,,215,False,4.150310316569435,0.2817280525220654
VH_3_MFA,VH,MFA,VH_3_MFA__hybrid_optuna_046,all6,hybrid_optuna,generic_seed,trial_280,hybrid,1710e98be83bf964,1,True,1.1155805905468186,1,47.55090798831974,0.0002598470017581494,1.3315124129042715e-05,8.088175837423558,5.458793534931194,1.2284727819137791e-08,1.214258416233265e-06,0.00014114676164519993,3.8134515987360444,6,0,4.15155557523991,1487.3418967404648,0.2817280525220654,0.7182719474779345,0.16666666666666666,1487.3418967404648,0.7182719474779345,0.16666666666666666,26.247732003668098,0.0,0.0,1488.2268353546094,True,False,False,optuna_seeded,280.0,"[""scalar""]",[1.1155805905468186],False,,216,False,4.15155557523991,0.2817280525220654
VH_3_MFA,VH,MFA,VH_3_MFA__hybrid_optuna_157,all6,hybrid_optuna,generic_seed,trial_69,hybrid,1710e98be83bf964,1,True,1.199280730777892,1,2.5009639279680416,0.00028414245453187414,0.03057352294270515,101.59327812790589,0.006228548201886704,2.1626534428316007e-08,5.553998122130382e-08,4.801969561231215e-05,0.3255175718163295,6,0,4.158158099399233,1492.3738863296132,0.2817280525220654,0.7182719474779345,0.25,1492.3738863296132,0.7182719474779345,0.25,1157.0813911677935,0.0,0.0,1493.3421582770911,True,False,False,optuna_seeded,69.0,"[""scalar""]",[1.199280730777892],False,,217,False,4.158158099399233,0.2817280525220654
VH_3_MFA,VH,MFA,VH_3_MFA__hybrid_optuna_047,all6,hybrid_optuna,generic_seed,trial_94,hybrid,1710e98be83bf964,1,True,1.1163300101247715,1,1.059873274697867,0.0002917461095141086,7.14158056005897e-05,149.05011155846591,0.0957112709787708,1.4787124162458216e-08,1.8201348222285217e-06,0.00036308604548867217,0.35764548973868,6,0,4.165045127643064,1514.1048068830044,0.2817280525220654,0.7182719474779345,0.16666666666666666,1514.1048068830044,0.7182719474779345,0.16666666666666666,2475.8257527049545,0.0,0.0,1514.989745497149,True,False,False,optuna_seeded,94.0,"[""scalar""]",[1.1163300101247715],False,,218,False,4.165045127643064,0.2817280525220654
VH_3_MFA,VH,MFA,VH_3_MFA__hybrid_optuna_048,all6,hybrid_optuna,generic_seed,trial_196,hybrid,1710e98be83bf964,1,True,1.116496046301287,1,2.2383667778559024,0.00027125076722407535,6.439431153400344e-05,146.80526902536218,1.1332533710627766,1.2633698943982364e-08,1.7964319231268332e-06,0.0010319033484812036,0.26294944331149683,6,0,4.168033778820343,1506.2447871611876,0.2817280525220654,0.7182719474779345,0.16666666666666666,1506.2447871611876,0.7182719474779345,0.16666666666666666,2402.9446955232656,0.0,0.0,1507.1297257753322,True,False,False,optuna_seeded,196.0,"[""scalar""]",[1.116496046301287],False,,219,False,4.168033778820343,0.2817280525220654
VH_3_MFA,VH,MFA,VH_3_MFA__hybrid_optuna_049,all6,hybrid_optuna,generic_seed,trial_274,hybrid,1710e98be83bf964,1,True,1.1165355921460496,1,22.08353922059605,0.00025668290217828997,1.4582852696037558e-05,22.98902392860851,0.8302096217670092,1.2545467781870153e-08,3.2258402945866344e-07,0.0001622957465223598,6.008959436985351,6,0,4.1687456040260695,1497.6619339305241,0.2817280525220654,0.7182719474779345,0.16666666666666666,1497.6619339305241,0.7182719474779345,0.16666666666666666,76.54621481119312,0.0,0.0,1498.5468725446688,True,False,False,optuna_seeded,274.0,"[""scalar""]",[1.1165355921460496],False,,220,False,4.1687456040260695,0.2817280525220654
VH_3_MFA,VH,MFA,VH_3_MFA__hybrid_optuna_050,all6,hybrid_optuna,generic_seed,trial_208,hybrid,1710e98be83bf964,1,True,1.1166804929455572,1,3.288381848450112,0.0002651599814947979,0.00011880733662098882,147.06989210703838,0.8952484856071281,1.0145014650761381e-08,3.2066737170276103e-06,0.0035795881899571935,0.1797687516100179,6,0,4.171353818417205,1505.1228588531806,0.2817280525220654,0.7182719474779345,0.16666666666666666,1505.1228588531806,0.7182719474779345,0.16666666666666666,2410.8453977076606,0.0,0.0,1506.0077974673252,True,False,False,optuna_seeded,208.0,"[""scalar""]",[1.1166804929455572],False,,221,False,4.171353818417205,0.2817280525220654
VH_3_MFA,VH,MFA,VH_3_MFA__hybrid_optuna_051,all6,hybrid_optuna,generic_seed,trial_145,hybrid,1710e98be83bf964,1,True,1.1170106475238681,1,1.3428279347866445,0.00028241541283000743,2.686994263032703e-05,141.81909978288232,0.057462310848798874,1.988848790464617e-08,1.1521786926023884e-06,0.0002766930621910933,0.5033390113458563,6,0,4.1772966008268035,1515.416700625542,0.2817280525220654,0.7182719474779345,0.16666666666666666,1515.416700625542,0.7182719474779345,0.16666666666666666,2243.3011253052555,0.0,0.0,1516.3016392396867,True,False,False,optuna_seeded,145.0,"[""scalar""]",[1.1170106475238681],False,,222,False,4.1772966008268035,0.2817280525220654
VH_3_MFA,VH,MFA,VH_3_MFA__hybrid_post_001,all6,hybrid_scipy_post,generic_seed,post_trial_181,hybrid,1710e98be83bf964,3,True,439522.7003138249,11,1.4562016657047512,0.0002772277970122744,7.024000006534963e-05,141.04101562580132,0.03384766774425094,1.239881373833889e-08,1.5968108486797377e-06,0.00025253855283077607,0.24135810942777894,6,0,4.184135262941976,1519.7617973020836,0.2817280525220654,0.7182719474779345,0.08333333333333333,1519.7617973020836,0.7182719474779345,0.08333333333333333,2.3026384443987362e-14,0.0,0.0,1520.5634025828947,True,False,False,scipy_post,,,,,181.0,223,False,4.184135262941976,0.2817280525220654
VH_3_MFA,VH,MFA,VH_3_MFA__hybrid_optuna_001,all6,hybrid_optuna,generic_seed,trial_181,hybrid,1710e98be83bf964,1,True,1.0340572609840788,1,1.4562017021301428,0.0002772277254018306,7.024000775618215e-05,141.0410156608453,0.03384766445066249,1.239881307832327e-08,1.5968109407754642e-06,0.00025253863597855775,0.24135809702990205,6,0,4.184135643110594,1519.7619912363689,0.2817280525220654,0.7182719474779345,0.08333333333333333,1519.7619912363689,0.7182719474779345,0.08333333333333333,2218.312548381297,0.0,0.0,1520.56359651718,True,False,False,optuna_seeded,181.0,"[""scalar""]",[1.0340572609840788],False,,224,False,4.184135643110594,0.2817280525220654
VH_3_MFA,VH,MFA,VH_3_MFA__hybrid_optuna_002,all6,hybrid_optuna,generic_seed,trial_172,hybrid,1710e98be83bf964,1,True,1.0343781528691014,1,1.1772372459349112,0.00028241254512132347,0.0001021667178142337,144.5247490268717,0.033864461915798644,1.2676930530515789e-08,2.2071658204431625e-06,0.0015334766714559388,0.23446239879670955,6,0,4.189911697041003,1526.039833003688,0.2817280525220654,0.7182719474779345,0.08333333333333333,1526.039833003688,0.7182719474779345,0.08333333333333333,2327.9345659069154,0.0,0.0,1526.8414382844992,True,False,False,optuna_seeded,172.0,"[""scalar""]",[1.0343781528691014],False,,225,False,4.189911697041003,0.2817280525220654
VH_3_MFA,VH,MFA,VH_3_MFA__hybrid_optuna_052,all6,hybrid_optuna,generic_seed,trial_244,hybrid,1710e98be83bf964,1,True,1.117839416602518,1,31.11454419478419,0.0002524352554495575,1.6500271697511855e-05,26.618312721310616,1.7287766548237005,2.6301900974737392e-08,5.375888401996761e-07,0.0002813024888439353,2.571347109894472,6,0,4.192214444242501,1509.7956379873112,0.2817280525220654,0.7182719474779345,0.16666666666666666,1509.7956379873112,0.7182719474779345,0.16666666666666666,94.16845438006993,0.0,0.0,1510.6805766014559,True,False,False,optuna_seeded,244.0,"[""scalar""]",[1.117839416602518],False,,226,False,4.192214444242501,0.2817280525220654
VH_3_MFA,VH,MFA,VH_3_MFA__hybrid_optuna_003,all6,hybrid_optuna,generic_seed,trial_203,hybrid,1710e98be83bf964,1,True,1.034660297500537,1,3.4456114576716796,0.0002610661447008348,4.457545749301266e-05,142.3602399447955,0.5550590703143973,1.6402703011589207e-08,2.3620094961425456e-06,0.0008590038101026516,0.2863015919392044,6,0,4.194990300406843,1516.9716114217192,0.2817280525220654,0.7182719474779345,0.08333333333333333,1516.9716114217192,0.7182719474779345,0.08333333333333333,2259.5162355790158,0.0,0.0,1517.7732167025304,True,False,False,optuna_seeded,203.0,"[""scalar""]",[1.034660297500537],False,,227,False,4.194990300406843,0.2817280525220654
VH_3_MFA,VH,MFA,VH_3_MFA__hybrid_optuna_004,all6,hybrid_optuna,generic_seed,trial_151,hybrid,1710e98be83bf964,1,True,1.0348626289374812,1,1.2972568183843671,0.00027808374869596567,6.862530668535951e-05,140.87393605507583,0.05138078605987525,1.3470751988553457e-08,2.0430016736913608e-06,0.0007677512069821336,0.44462856613764834,6,0,4.198632266271839,1528.7517185406268,0.2817280525220654,0.7182719474779345,0.08333333333333333,1528.7517185406268,0.7182719474779345,0.08333333333333333,2212.698461072801,0.0,0.0,1529.553323821438,True,False,False,optuna_seeded,151.0,"[""scalar""]",[1.0348626289374812],False,,228,False,4.198632266271839,0.2817280525220654
VH_3_MFA,VH,MFA,VH_3_MFA__hybrid_post_003,all6,hybrid_scipy_post,generic_seed,post_trial_203,hybrid,1710e98be83bf964,3,True,345687.2858316852,9,3.4264490977180913,0.0002603580483293122,4.469926325385262e-05,142.3602399447955,0.5550590703143973,1.649497660606649e-08,2.3720659844593553e-06,0.0008590038101026516,0.28490333839861953,6,0,4.199604949194815,1519.4789015324732,0.2817280525220654,0.7182719474779345,0.08333333333333333,1519.4789015324732,0.7182719474779345,0.08333333333333333,1.3295544732765244e-05,0.0,0.0,1520.2805068132843,True,False,False,scipy_post,,,,,203.0,229,False,4.199604949194815,0.2817280525220654
VH_3_MFA,VH,MFA,VH_3_MFA__hybrid_optuna_005,all6,hybrid_optuna,generic_seed,trial_234,hybrid,1710e98be83bf964,1,True,1.035097707012932,1,27.490474715621797,0.0002525456403580768,1.0008660597527848e-05,25.389866506086005,0.5667748762366597,1.339767795039215e-08,1.5471595196995493e-06,0.000255992759837075,3.624485534356446,6,0,4.2028636716299514,1514.9822504395079,0.2817280525220654,0.7182719474779345,0.08333333333333333,1514.9822504395079,0.7182719474779345,0.08333333333333333,87.88509900030131,0.0,0.0,1515.783855720319,True,False,False,optuna_seeded,234.0,"[""scalar""]",[1.035097707012932],False,,230,False,4.2028636716299514,0.2817280525220654
VH_3_MFA,VH,MFA,VH_3_MFA__hybrid_optuna_006,all6,hybrid_optuna,generic_seed,trial_263,hybrid,1710e98be83bf964,1,True,1.0355652762809016,1,28.304175544316195,0.0002494096874713874,1.0323902813175253e-05,35.493623577579676,4.036694130465729,2.9056180977463958e-08,4.777807238278594e-07,0.00020819462749838342,1.9230256005551858,6,0,4.211279918453406,1520.2312613568647,0.2817280525220654,0.7182719474779345,0.08333333333333333,1520.2312613568647,0.7182719474779345,0.08333333333333333,156.35014336185586,0.0,0.0,1521.0328666376759,True,False,False,optuna_seeded,263.0,"[""scalar""]",[1.0355652762809016],False,,231,False,4.211279918453406,0.2817280525220654
VH_3_MFA,VH,MFA,VH_3_MFA__hybrid_optuna_007,all6,hybrid_optuna,generic_seed,trial_91,hybrid,1710e98be83bf964,1,True,1.0357691229214852,1,1.1163734379833008,0.0002788620766633442,8.783992161504559e-05,148.75185031581702,0.0329061232957992,1.0915966124654506e-08,2.1751815308764373e-06,9.164056924153424e-05,0.34261354363072344,6,0,4.21494915798391,1540.7048295417615,0.2817280525220654,0.7182719474779345,0.08333333333333333,1540.7048295417615,0.7182719474779345,0.08333333333333333,2466.7952735865388,0.0,0.0,1541.5064348225726,True,False,False,optuna_seeded,91.0,"[""scalar""]",[1.0357691229214852],False,,232,False,4.21494915798391,0.2817280525220654
VH_3_MFA,VH,MFA,VH_3_MFA__hybrid_optuna_008,all6,hybrid_optuna,generic_seed,trial_235,hybrid,1710e98be83bf964,1,True,1.0360102447764712,1,36.66828100638565,0.0002482022300960053,1.0327681150588952e-05,24.595034419887007,0.9855194804373318,1.7030542122820193e-08,7.602650298434668e-07,0.00023850686379385145,2.481534488569351,6,0,4.21928935137366,1524.3835647793178,0.2817280525220654,0.7182719474779345,0.08333333333333333,1524.3835647793178,0.7182719474779345,0.08333333333333333,83.60225909637732,0.0,0.0,1525.185170060129,True,False,False,optuna_seeded,235.0,"[""scalar""]",[1.0360102447764712],False,,233,False,4.21928935137366,0.2817280525220654
VH_3_MFA,VH,MFA,VH_3_MFA__hybrid_post_005,all6,hybrid_scipy_post,generic_seed,post_trial_234,hybrid,1710e98be83bf964,3,True,288550.0585350824,15,28.53586886846231,0.0002499563501552114,1.0122500753291432e-05,25.552840870238214,0.5700464091513217,1.529611817120331e-08,1.5936209702799322e-06,0.09740494314997727,3.598154329868813,6,0,4.219864621523826,1524.0354713441914,0.2817280525220654,0.7182719474779345,0.08333333333333333,1524.0354713441914,0.7182719474779345,0.08333333333333333,3.927547950535373,0.0,0.0,1524.8370766250025,True,False,False,scipy_post,,,,,234.0,234,False,4.219864621523826,0.2817280525220654
VH_3_MFA,VH,MFA,VH_3_MFA__hybrid_optuna_009,all6,hybrid_optuna,generic_seed,trial_102,hybrid,1710e98be83bf964,1,True,1.0361022851996768,1,1.2130231739503812,0.0002767932673649207,1.0957771148319998e-05,141.3280330957803,0.057441709012877255,1.521674864113011e-08,4.439141591766283e-06,0.0009900696477565716,0.42456844100160046,6,0,4.220946078991361,1540.7424146469873,0.2817280525220654,0.7182719474779345,0.08333333333333333,1540.7424146469873,0.7182719474779345,0.08333333333333333,2228.805823225307,0.0,0.0,1541.5440199277984,True,False,False,optuna_seeded,102.0,"[""scalar""]",[1.0361022851996768],False,,235,False,4.220946078991361,0.2817280525220654
VH_3_MFA,VH,MFA,VH_3_MFA__hybrid_optuna_010,all6,hybrid_optuna,generic_seed,trial_171,hybrid,1710e98be83bf964,1,True,1.0363441994028482,1,1.2175199043843037,0.0002746713710964731,9.923734857694918e-05,143.73340258049058,0.02705392048276709,1.3689078418532728e-08,1.4039690402529058e-06,0.001103467698784234,0.28081892991881124,6,0,4.2253005346484445,1544.030169544989,0.2817280525220654,0.7182719474779345,0.08333333333333333,1544.030169544989,0.7182719474779345,0.08333333333333333,2302.7778375518583,0.0,0.0,1544.8317748258,True,False,False,optuna_seeded,171.0,"[""scalar""]",[1.0363441994028482],False,,236,False,4.2253005346484445,0.2817280525220654
VH_3_MFA,VH,MFA,VH_3_MFA__hybrid_optuna_011,all6,hybrid_optuna,generic_seed,trial_93,hybrid,1710e98be83bf964,1,True,1.0365106509433597,1,1.142134216570002,0.0002765804493308739,6.396419360468804e-05,148.04929847875874,0.05150491299125439,1.496321417826957e-08,2.107438412619865e-06,0.0006493731092953441,0.3724280206745356,6,0,4.228296662377651,1546.1330864629629,0.2817280525220654,0.7182719474779345,0.08333333333333333,1546.1330864629629,0.7182719474779345,0.08333333333333333,2442.681160520793,0.0,0.0,1546.934691743774,True,False,False,optuna_seeded,93.0,"[""scalar""]",[1.0365106509433597],False,,237,False,4.228296662377651,0.2817280525220654
VH_3_MFA,VH,MFA,VH_3_MFA__hybrid_optuna_012,all6,hybrid_optuna,generic_seed,trial_260,hybrid,1710e98be83bf964,1,True,1.03666444119942,1,35.88153753715211,0.00024651533343148153,1.5088895708772366e-05,31.281558775349403,4.7952174698413,2.3225406611147246e-08,8.198029539669987e-07,0.0001973418381831528,2.3166594522897843,6,0,4.231064886986734,1530.631468889477,0.2817280525220654,0.7182719474779345,0.08333333333333333,1530.631468889477,0.7182719474779345,0.08333333333333333,125.01208160490049,0.0,0.0,1531.4330741702881,True,False,False,optuna_seeded,260.0,"[""scalar""]",[1.03666444119942],False,,238,False,4.231064886986734,0.2817280525220654
VH_3_MFA,VH,MFA,VH_3_MFA__hybrid_optuna_013,all6,hybrid_optuna,generic_seed,trial_143,hybrid,1710e98be83bf964,1,True,1.0370630515014603,1,1.3918277829322983,0.0002683209317752027,2.353967997756248e-05,146.91192764714935,0.012150268550194522,1.26973198503249e-08,1.1599967594860355e-06,0.00012101417665170866,0.2437257870768596,6,0,4.238239872423463,1549.496228080249,0.2817280525220654,0.7182719474779345,0.08333333333333333,1549.496228080249,0.7182719474779345,0.08333333333333333,2407.955017085246,0.0,0.0,1550.2978333610602,True,False,False,optuna_seeded,143.0,"[""scalar""]",[1.0370630515014603],False,,239,False,4.238239872423463,0.2817280525220654
VH_3_MFA,VH,MFA,VH_3_MFA__hybrid_optuna_014,all6,hybrid_optuna,generic_seed,trial_164,hybrid,1710e98be83bf964,1,True,1.0373955981957574,1,1.174879237910736,0.00027316753798277047,2.6729566492299882e-05,149.7306088132575,0.05397252341290129,1.690186164870378e-08,2.931925617315518e-06,0.0002464283324091555,0.23929199843890092,6,0,4.24422571292081,1553.6483655356953,0.2817280525220654,0.7182719474779345,0.08333333333333333,1553.6483655356953,0.7182719474779345,0.08333333333333333,2499.124300710407,0.0,0.0,1554.4499708165065,True,False,False,optuna_seeded,164.0,"[""scalar""]",[1.0373955981957574],False,,240,False,4.24422571292081,0.2817280525220654
VH_3_MFA,VH,MFA,VH_3_MFA__hybrid_optuna_015,all6,hybrid_optuna,generic_seed,trial_241,hybrid,1710e98be83bf964,1,True,1.0375975319499435,1,31.366452731013748,0.0002441568673394095,1.5431964692437602e-05,31.841216309827317,1.6414110162554496,1.6772346733044657e-08,8.427801963988551e-07,0.0001684476664612405,2.4955681385390105,6,0,4.247860520496159,1539.86593609152,0.2817280525220654,0.7182719474779345,0.08333333333333333,1539.86593609152,0.7182719474779345,0.08333333333333333,128.60210993231377,0.0,0.0,1540.6675413723312,True,False,False,optuna_seeded,241.0,"[""scalar""]",[1.0375975319499435],False,,241,False,4.247860520496159,0.2817280525220654
VH_3_MFA,VH,MFA,VH_3_MFA__hybrid_optuna_016,all6,hybrid_optuna,generic_seed,trial_240,hybrid,1710e98be83bf964,1,True,1.037855743219155,1,38.933003875389154,0.00024285102470981314,1.0254852578860603e-05,36.308133746204646,1.5245014331621243,1.733294787703873e-08,4.723686765255512e-07,0.0002923435744695261,2.284740211446679,6,0,4.252508323341968,1542.5054055964986,0.2817280525220654,0.7182719474779345,0.08333333333333333,1542.5054055964986,0.7182719474779345,0.08333333333333333,162.89795075343739,0.0,0.0,1543.3070108773097,True,False,False,optuna_seeded,240.0,"[""scalar""]",[1.037855743219155],False,,242,False,4.252508323341968,0.2817280525220654
VH_3_MFA,VH,MFA,VH_3_MFA__hybrid_optuna_194,all6,hybrid_optuna,generic_seed,trial_15,hybrid,1710e98be83bf964,1,True,1.4546654174764846,1,5.669372316681087,0.08525986234166626,0.4103785792118669,149.55487833517026,0.005411754341707244,1.3839521112259999e-07,5.170002074981057e-07,1.0474804752549203e-08,7.183338874804989,6,0,4.2550824599739,1459.2072898447102,0.2817280525220654,0.7182719474779345,0.5,1459.2072898447102,0.7182719474779345,0.5,2503.762254973496,0.0,0.0,1460.425561792188,True,False,False,optuna_seeded,15.0,"[""scalar""]",[1.4546654174764846],False,,243,False,4.2550824599739,0.2817280525220654
VH_3_MFA,VH,MFA,VH_3_MFA__hybrid_optuna_017,all6,hybrid_optuna,generic_seed,trial_246,hybrid,1710e98be83bf964,1,True,1.0381494416819732,1,34.06572920255126,0.0002421723743243159,1.1503149761059717e-05,32.691583723426895,1.2869244561687676,2.2719774357370597e-08,4.311374868091577e-07,0.0001504999019130608,2.1149184928653457,6,0,4.257794895672693,1545.3944087510006,0.2817280525220654,0.7182719474779345,0.08333333333333333,1545.3944087510006,0.7182719474779345,0.08333333333333333,134.84237662669915,0.0,0.0,1546.1960140318117,True,False,False,optuna_seeded,246.0,"[""scalar""]",[1.0381494416819732],False,,244,False,4.257794895672693,0.2817280525220654
VH_3_MFA,VH,MFA,VH_3_MFA__hybrid_optuna_018,all6,hybrid_optuna,generic_seed,trial_105,hybrid,1710e98be83bf964,1,True,1.038168835261717,1,1.5691727424282906,0.0002620617871872341,2.8761101452747158e-05,144.0945948976459,0.10354497410450567,1.10464419506603e-08,2.6541548648060354e-06,0.00011944107743610147,0.2646872869519125,6,0,4.258143980108083,1558.8676081796032,0.2817280525220654,0.7182719474779345,0.08333333333333333,1558.8676081796032,0.7182719474779345,0.08333333333333333,2316.3421571829376,0.0,0.0,1559.6692134604143,True,False,False,optuna_seeded,105.0,"[""scalar""]",[1.038168835261717],False,,245,False,4.258143980108083,0.2817280525220654
VH_3_MFA,VH,MFA,VH_3_MFA__hybrid_optuna_054,all6,hybrid_optuna,generic_seed,trial_90,hybrid,1710e98be83bf964,1,True,1.1217831861130463,1,1.2010232327477228,0.0002689634153699831,6.636403816091229e-05,143.9683000331989,0.034633577568772486,1.666799747041675e-08,2.023541008653295e-06,0.0001459525864881393,0.38290769352299714,6,0,4.26320229543201,1563.705526150361,0.2817280525220654,0.7182719474779345,0.16666666666666666,1563.705526150361,0.7182719474779345,0.16666666666666666,2310.705807613557,0.0,0.0,1564.5904647645057,True,False,False,optuna_seeded,90.0,"[""scalar""]",[1.1217831861130463],False,,246,False,4.26320229543201,0.2817280525220654
VH_3_MFA,VH,MFA,VH_3_MFA__hybrid_optuna_019,all6,hybrid_optuna,generic_seed,trial_219,hybrid,1710e98be83bf964,1,True,1.0384522114589263,1,2.5334982567108337,0.00025557208953843144,8.312295898158098e-05,30.200053415816306,0.7322269745524952,1.8564806518964565e-08,1.1150167754866553e-06,0.000389855638784655,4.585412601551984,6,0,4.263244751657848,1554.5746442737416,0.2817280525220654,0.7182719474779345,0.08333333333333333,1554.5746442737416,0.7182719474779345,0.08333333333333333,115.06284966667037,0.0,0.0,1555.3762495545527,True,False,False,optuna_seeded,219.0,"[""scalar""]",[1.0384522114589263],False,,247,False,4.263244751657848,0.2817280525220654
VH_3_MFA,VH,MFA,VH_3_MFA__hybrid_optuna_020,all6,hybrid_optuna,generic_seed,trial_217,hybrid,1710e98be83bf964,1,True,1.0385712666090077,1,2.1194808974427453,0.0002569725557799533,6.050190893785681e-05,9.09821910620064,1.359673343270036,1.7558028568354935e-08,1.3372178003183534e-06,0.00030511929695697536,2.2464838084351992,6,0,4.265387744359315,1557.8464910595387,0.2817280525220654,0.7182719474779345,0.08333333333333333,1557.8464910595387,0.7182719474779345,0.08333333333333333,24.333662531585638,0.0,0.0,1558.6480963403499,True,False,False,optuna_seeded,217.0,"[""scalar""]",[1.0385712666090077],False,,248,False,4.265387744359315,0.2817280525220654
VH_3_MFA,VH,MFA,VH_3_MFA__hybrid_optuna_021,all6,hybrid_optuna,generic_seed,trial_250,hybrid,1710e98be83bf964,1,True,1.0387647521051948,1,41.23788541743174,0.00024094527405094432,1.0213714899621313e-05,31.171242603781856,2.7555347866445983,2.3336650958780856e-08,5.80741064594166e-07,0.0002766620006652898,3.82716200353666,6,0,4.268870483290684,1550.9511014378058,0.2817280525220654,0.7182719474779345,0.08333333333333333,1550.9511014378058,0.7182719474779345,0.08333333333333333,124.75243447371005,0.0,0.0,1551.752706718617,True,False,False,optuna_seeded,250.0,"[""scalar""]",[1.0387647521051948],False,,249,False,4.268870483290684,0.2817280525220654
VH_3_MFA,VH,MFA,VH_3_MFA__hybrid_optuna_022,all6,hybrid_optuna,generic_seed,trial_214,hybrid,1710e98be83bf964,1,True,1.0388503799066633,1,2.730390051706888,0.000251582273975188,6.520558478137657e-05,4.856824827309339,0.5191219894113638,1.941388704996194e-08,1.0456827899465614e-06,0.0005743946903842932,0.39984909911642463,6,0,4.270411783717115,1558.892127277825,0.2817280525220654,0.7182719474779345,0.08333333333333333,1558.892127277825,0.7182719474779345,0.08333333333333333,16.32718128705101,0.0,0.0,1559.6937325586362,True,False,False,optuna_seeded,214.0,"[""scalar""]",[1.0388503799066633],False,,250,False,4.270411783717115,0.2817280525220654
VH_3_MFA,VH,MFA,VH_3_MFA__hybrid_optuna_055,all6,hybrid_optuna,generic_seed,trial_87,hybrid,1710e98be83bf964,1,True,1.122214977745031,1,1.913648271282883,0.0002560777257112143,0.00019674169221346635,134.28551510447713,0.0109111804280432,1.3237777650875005e-08,4.3644579351006424e-07,2.0933257750954848e-05,0.25933697447330784,6,0,4.270974544807733,1563.300464632043,0.2817280525220654,0.7182719474779345,0.16666666666666666,1563.300464632043,0.7182719474779345,0.16666666666666666,2013.4188987439027,0.0,0.0,1564.1854032461877,True,False,False,optuna_seeded,87.0,"[""scalar""]",[1.122214977745031],False,,251,False,4.270974544807733,0.2817280525220654
VH_3_MFA,VH,MFA,VH_3_MFA__hybrid_optuna_023,all6,hybrid_optuna,generic_seed,trial_223,hybrid,1710e98be83bf964,1,True,1.039008248743929,1,2.5286294555932547,0.00025351926910773464,0.00010195347410878865,23.53172875504501,0.9526468385773624,1.570807746870265e-08,1.2565322686293503e-06,0.0006266574222484463,3.6930841537811157,6,0,4.273253422787899,1560.5024837526437,0.2817280525220654,0.7182719474779345,0.08333333333333333,1560.5024837526437,0.7182719474779345,0.08333333333333333,75.49256545180329,0.0,0.0,1561.3040890334548,True,False,False,optuna_seeded,223.0,"[""scalar""]",[1.039008248743929],False,,252,False,4.273253422787899,0.2817280525220654
VH_3_MFA,VH,MFA,VH_3_MFA__hybrid_optuna_024,all6,hybrid_optuna,generic_seed,trial_227,hybrid,1710e98be83bf964,1,True,1.0390627435333943,1,2.7558697152217273,0.00025302560192177635,0.0001437299468541536,22.749451785204897,0.8097743353221222,3.5580086247085075e-08,6.915093664064396e-07,0.0019140211876953026,3.078564326423021,6,0,4.274234328998274,1558.3743269500126,0.2817280525220654,0.7182719474779345,0.08333333333333333,1558.3743269500126,0.7182719474779345,0.08333333333333333,69.8217793503054,0.0,0.0,1559.1759322308237,True,False,False,optuna_seeded,227.0,"[""scalar""]",[1.0390627435333943],False,,253,False,4.274234328998274,0.2817280525220654
VH_3_MFA,VH,MFA,VH_3_MFA__hybrid_optuna_025,all6,hybrid_optuna,generic_seed,trial_251,hybrid,1710e98be83bf964,1,True,1.0391939974679743,1,38.836948004983455,0.0002397466062056492,1.4842436865731763e-05,17.89558326664919,2.95416465958927,3.1831007461089394e-08,4.661347487201817e-07,0.0002614781166319375,3.6638764777721105,6,0,4.276596899820714,1555.132573774529,0.2817280525220654,0.7182719474779345,0.08333333333333333,1555.132573774529,0.7182719474779345,0.08333333333333333,52.10025228130567,0.0,0.0,1555.93417905534,True,False,False,optuna_seeded,251.0,"[""scalar""]",[1.0391939974679743],False,,254,False,4.276596899820714,0.2817280525220654
VH_3_MFA,VH,MFA,VH_3_MFA__hybrid_optuna_056,all6,hybrid_optuna,generic_seed,trial_117,hybrid,1710e98be83bf964,1,True,1.1226620298450456,1,0.9472871695110945,0.0002741272637760314,0.00020514666518292737,143.68234060925676,0.022182066340254505,1.7249011101792348e-08,1.1466025568645768e-06,0.00035314388778103417,0.5553891204887887,6,0,4.279021482607997,1575.639412623387,0.2817280525220654,0.7182719474779345,0.16666666666666666,1575.639412623387,0.7182719474779345,0.16666666666666666,2300.666365831564,0.0,0.0,1576.5243512375316,True,False,False,optuna_seeded,117.0,"[""scalar""]",[1.1226620298450456],False,,255,False,4.279021482607997,0.2817280525220654
VH_3_MFA,VH,MFA,VH_3_MFA__hybrid_post_004,all6,hybrid_scipy_post,generic_seed,post_trial_151,hybrid,1710e98be83bf964,3,True,329865.5363160035,11,1.2793221811574829,0.0002629444342054627,6.819806066664448e-05,140.8720243451899,0.05138238459126376,1.33517653798398e-08,2.1940896415664926e-06,0.000747047318750356,0.44950016604723814,6,0,4.284092224262696,1574.9728256374976,0.2817280525220654,0.7182719474779345,0.16666666666666666,1574.9728256374976,0.7182719474779345,0.16666666666666666,0.001045041146654506,0.0,0.0,1575.8577642516423,True,False,False,scipy_post,,,,,151.0,256,False,4.284092224262696,0.2817280525220654
VH_3_MFA,VH,MFA,VH_3_MFA__hybrid_optuna_057,all6,hybrid_optuna,generic_seed,trial_161,hybrid,1710e98be83bf964,1,True,1.1229662009658892,1,1.2272470021363877,0.0002638841468747297,0.0001591141341641981,143.26162119478596,0.026147474480015854,1.409330406051385e-08,1.301324547729055e-06,0.0008248159016035649,0.2999840749376675,6,0,4.284496562783179,1575.7607127953554,0.2817280525220654,0.7182719474779345,0.16666666666666666,1575.7607127953554,0.7182719474779345,0.16666666666666666,2287.3411478535777,0.0,0.0,1576.6456514095,True,False,False,optuna_seeded,161.0,"[""scalar""]",[1.1229662009658892],False,,257,False,4.284496562783179,0.2817280525220654
VH_3_MFA,VH,MFA,VH_3_MFA__hybrid_optuna_026,all6,hybrid_optuna,generic_seed,trial_257,hybrid,1710e98be83bf964,1,True,1.039636821593879,1,28.642142894783767,0.00023864506289371482,1.2067131985599721e-05,25.731688530280707,2.466428370998945,2.8688320652965534e-08,5.931083453604296e-07,0.0002847333036115855,1.827132058885462,6,0,4.284567734086996,1559.7834212463015,0.2817280525220654,0.7182719474779345,0.08333333333333333,1559.7834212463015,0.7182719474779345,0.08333333333333333,89.4326340654017,0.0,0.0,1560.5850265271126,True,False,False,optuna_seeded,257.0,"[""scalar""]",[1.039636821593879],False,,258,False,4.284567734086996,0.2817280525220654
VH_3_MFA,VH,MFA,VH_3_MFA__hybrid_optuna_027,all6,hybrid_optuna,generic_seed,trial_237,hybrid,1710e98be83bf964,1,True,1.0397015279020105,1,44.81563745217934,0.00023858698494901414,1.1678683875546374e-05,25.85566646515756,1.4563291305480968,1.7172482267873115e-08,7.287073699017281e-07,0.00026247042520864406,3.599009444311385,6,0,4.285732447633365,1560.0271720084045,0.2817280525220654,0.7182719474779345,0.08333333333333333,1560.0271720084045,0.7182719474779345,0.08333333333333333,90.95621752389124,0.0,0.0,1560.8287772892156,True,False,False,optuna_seeded,237.0,"[""scalar""]",[1.0397015279020105],False,,259,False,4.285732447633365,0.2817280525220654
VH_3_MFA,VH,MFA,VH_3_MFA__hybrid_optuna_028,all6,hybrid_optuna,generic_seed,trial_253,hybrid,1710e98be83bf964,1,True,1.0397709231327699,1,27.875363790719607,0.00023908457168355022,1.0409877002570329e-05,18.996886243093485,2.0441299355279545,4.2410170254376715e-08,5.402293346518685e-07,0.00010037720570124815,4.681364984488823,6,0,4.286981561787034,1560.3800126303042,0.2817280525220654,0.7182719474779345,0.08333333333333333,1560.3800126303042,0.7182719474779345,0.08333333333333333,56.78308577984312,0.0,0.0,1561.1816179111154,True,False,False,optuna_seeded,253.0,"[""scalar""]",[1.0397709231327699],False,,260,False,4.286981561787034,0.2817280525220654
VH_3_MFA,VH,MFA,VH_3_MFA__hybrid_optuna_058,all6,hybrid_optuna,generic_seed,trial_86,hybrid,1710e98be83bf964,1,True,1.1231285595664473,1,1.9173329684131284,0.00025344939186932756,0.0002959688629917977,117.48744400744835,0.01730792119854929,1.3321813860964427e-08,4.7199295807084797e-07,1.9678675945438304e-05,0.3078291012641097,6,0,4.287419017593226,1572.0871875609894,0.2817280525220654,0.7182719474779345,0.16666666666666666,1572.0871875609894,0.7182719474779345,0.16666666666666666,1543.7758409716766,0.0,0.0,1572.972126175134,True,False,False,optuna_seeded,86.0,"[""scalar""]",[1.1231285595664473],False,,261,False,4.287419017593226,0.2817280525220654
VH_3_MFA,VH,MFA,VH_3_MFA__hybrid_optuna_059,all6,hybrid_optuna,generic_seed,trial_111,hybrid,1710e98be83bf964,1,True,1.1232627969516813,1,1.14559388861304,0.0002656300780431822,0.0005115065689304006,138.7023619315751,0.048373687320151806,1.5182534979061595e-08,1.9052463130403583e-06,0.0010028320325089816,0.42597290209718874,6,0,4.2898352905274395,1579.0260326469513,0.2817280525220654,0.7182719474779345,0.16666666666666666,1579.0260326469513,0.7182719474779345,0.16666666666666666,2143.467524981781,0.0,0.0,1579.910971261096,True,False,False,optuna_seeded,111.0,"[""scalar""]",[1.1232627969516813],False,,262,False,4.2898352905274395,0.2817280525220654
VH_3_MFA,VH,MFA,VH_3_MFA__hybrid_optuna_029,all6,hybrid_optuna,generic_seed,trial_254,hybrid,1710e98be83bf964,1,True,1.0399449007789605,1,52.55506693038768,0.0002383597948143401,1.288060799077093e-05,18.994008049902682,2.0786997299275827,5.370802144883227e-08,5.124367500961764e-07,8.88892959994535e-05,5.951849135469017,6,0,4.290113159418467,1561.4651057012336,0.2817280525220654,0.7182719474779345,0.08333333333333333,1561.4651057012336,0.7182719474779345,0.08333333333333333,56.41275409453622,0.0,0.0,1562.2667109820447,True,False,False,optuna_seeded,254.0,"[""scalar""]",[1.0399449007789605],False,,263,False,4.290113159418467,0.2817280525220654
VH_3_MFA,VH,MFA,VH_3_MFA__hybrid_optuna_060,all6,hybrid_optuna,generic_seed,trial_88,hybrid,1710e98be83bf964,1,True,1.1240251741647194,1,1.815456012006459,0.0002517952665549974,0.0001524046379406321,135.99873303751698,0.019236742966053683,1.3395741956674214e-08,6.2373595785938e-07,2.2808115013949545e-05,0.25006544119348034,6,0,4.303558080362124,1581.3577381721618,0.2817280525220654,0.7182719474779345,0.16666666666666666,1581.3577381721618,0.7182719474779345,0.16666666666666666,2064.5292363567737,0.0,0.0,1582.2426767863064,True,False,False,optuna_seeded,88.0,"[""scalar""]",[1.1240251741647194],False,,264,False,4.303558080362124,0.2817280525220654
VH_3_MFA,VH,MFA,VH_3_MFA__hybrid_optuna_061,all6,hybrid_optuna,generic_seed,trial_221,hybrid,1710e98be83bf964,1,True,1.1244399519193484,1,3.3217382711657697,0.00024475594690431715,8.353641080739045e-05,2.7833669460664865,1.2541011039348713,1.8562223038682823e-08,1.1323796231840768e-06,0.0003906242407613557,4.103986973157916,6,0,4.311024079945449,1578.5283002924282,0.2817280525220654,0.7182719474779345,0.16666666666666666,1578.5283002924282,0.7182719474779345,0.16666666666666666,15.959750538503986,0.0,0.0,1579.4132389065728,True,False,False,optuna_seeded,221.0,"[""scalar""]",[1.1244399519193484],False,,265,False,4.311024079945449,0.2817280525220654
VH_3_MFA,VH,MFA,VH_3_MFA__hybrid_optuna_062,all6,hybrid_optuna,generic_seed,trial_229,hybrid,1710e98be83bf964,1,True,1.125215932525446,1,3.3306062117266197,0.00024310930480916885,1.9983862084008033e-05,18.409073977266402,0.9158637484373849,4.130561861709546e-08,6.63057743838797e-07,0.002051073958383681,2.767148964198829,6,0,4.324991730855204,1584.31962155318,0.2817280525220654,0.7182719474779345,0.16666666666666666,1584.31962155318,0.7182719474779345,0.16666666666666666,52.19863694806581,0.0,0.0,1585.2045601673246,True,False,False,optuna_seeded,229.0,"[""scalar""]",[1.125215932525446],False,,266,False,4.324991730855204,0.2817280525220654
VH_3_MFA,VH,MFA,VH_3_MFA__hybrid_optuna_063,all6,hybrid_optuna,generic_seed,trial_101,hybrid,1710e98be83bf964,1,True,1.1257765204537562,1,1.2967455852987835,0.0002540710373544006,0.000176602577210616,140.74912190904297,0.05639143439314743,1.3658643800975877e-08,1.6461070882685991e-06,0.0010387690732202221,0.41779213002030774,6,0,4.335082313564788,1602.235515883276,0.2817280525220654,0.7182719474779345,0.16666666666666666,1602.235515883276,0.7182719474779345,0.16666666666666666,2207.974680443274,0.0,0.0,1603.1204544974207,True,False,False,optuna_seeded,101.0,"[""scalar""]",[1.1257765204537562],False,,267,False,4.335082313564788,0.2817280525220654
VH_3_MFA,VH,MFA,VH_3_MFA__hybrid_optuna_064,all6,hybrid_optuna,generic_seed,trial_95,hybrid,1710e98be83bf964,1,True,1.1258256153014923,1,0.5827523172604137,0.0002872792270418251,8.761620594945799e-05,148.6061900542521,0.03693895516800299,1.468050954645281e-08,7.091154919992317e-06,0.0006108951060460325,0.35943897217790194,6,0,4.335966020824038,1616.4248359149624,0.2817280525220654,0.7182719474779345,0.16666666666666666,1616.4248359149624,0.7182719474779345,0.16666666666666666,2460.810248875376,0.0,0.0,1617.309774529107,True,False,False,optuna_seeded,95.0,"[""scalar""]",[1.1258256153014923],False,,268,False,4.335966020824038,0.2817280525220654
VH_3_MFA,VH,MFA,VH_3_MFA__hybrid_post_002,all6,hybrid_scipy_post,generic_seed,post_trial_172,hybrid,1710e98be83bf964,3,True,291228.3579107499,12,1.1443523941562599,0.0002568965987854294,9.922398001345869e-05,144.68253297796286,0.029473621301064363,1.2370444663251661e-08,3.1937140047166026e-06,0.0014391781334231737,0.238768952791499,6,0,4.3364275811597635,1605.0623734459998,0.2817280525220654,0.7182719474779345,0.16666666666666666,1605.0623734459998,0.7182719474779345,0.16666666666666666,0.02180831855073964,0.0,0.0,1605.9473120601444,True,False,False,scipy_post,,,,,172.0,269,False,4.3364275811597635,0.2817280525220654
VH_3_MFA,VH,MFA,VH_3_MFA__hybrid_optuna_065,all6,hybrid_optuna,generic_seed,trial_128,hybrid,1710e98be83bf964,1,True,1.1260801374277096,1,0.9513494914205243,0.0002619470490640072,6.879312570754587e-05,128.2748625556435,0.04880054421167282,1.2611417478316357e-08,3.1253501273432307e-06,0.0006393260834970624,0.3509702086572045,6,0,4.340547419095951,1610.2531327053246,0.2817280525220654,0.7182719474779345,0.16666666666666666,1610.2531327053246,0.7182719474779345,0.16666666666666666,1836.6739723481685,0.0,0.0,1611.1380713194692,True,False,False,optuna_seeded,128.0,"[""scalar""]",[1.1260801374277096],False,,270,False,4.340547419095951,0.2817280525220654
VH_3_MFA,VH,MFA,VH_3_MFA__hybrid_optuna_066,all6,hybrid_optuna,generic_seed,trial_297,hybrid,1710e98be83bf964,1,True,1.1267827273338287,1,1.448282552443461,0.0002505200860422256,1.5300261776262392e-05,33.73507381051131,1.9937431222504993,1.6302319428589763e-08,2.173320119371414e-06,0.0004124771127331151,2.026973108525193,6,0,4.353194037406094,1609.018608176446,0.2817280525220654,0.7182719474779345,0.16666666666666666,1609.018608176446,0.7182719474779345,0.16666666666666666,142.5592906210929,0.0,0.0,1609.9035467905906,True,False,False,optuna_seeded,297.0,"[""scalar""]",[1.1267827273338287],False,,271,False,4.353194037406094,0.2817280525220654
VH_3_MFA,VH,MFA,VH_3_MFA__hybrid_optuna_196,all6,hybrid_optuna,generic_seed,trial_26,hybrid,1710e98be83bf964,1,True,1.4603287658187174,1,15.130788010176627,0.0024977333081112503,2.8105119982591296,84.33657761123618,0.0034823152457415167,9.808891188141512e-08,6.936079557545722e-07,1.128398473420144e-05,0.6724506583728281,6,0,4.357022730134087,1411.267129675757,0.2817280525220654,0.7182719474779345,0.5,1411.267129675757,0.7182719474779345,0.5,799.6720962210202,0.0,0.0,1412.4854016232348,True,False,False,optuna_seeded,26.0,"[""scalar""]",[1.4603287658187174],False,,272,False,4.357022730134087,0.2817280525220654
VH_3_MFA,VH,MFA,VH_3_MFA__hybrid_optuna_067,all6,hybrid_optuna,generic_seed,trial_190,hybrid,1710e98be83bf964,1,True,1.1271993475028488,1,1.549231485443535,0.0002470052469296238,7.961875027217804e-05,140.202719229523,0.486859416434948,1.9775549003354445e-08,2.3283855989439573e-06,0.00038143415174588777,0.21912619151680618,6,0,4.360693200448455,1612.4252319906673,0.2817280525220654,0.7182719474779345,0.16666666666666666,1612.4252319906673,0.7182719474779345,0.16666666666666666,2191.4420819925563,0.0,0.0,1613.310170604812,True,False,False,optuna_seeded,190.0,"[""scalar""]",[1.1271993475028488],False,,273,False,4.360693200448455,0.2817280525220654
VH_3_MFA,VH,MFA,VH_3_MFA__hybrid_optuna_068,all6,hybrid_optuna,generic_seed,trial_113,hybrid,1710e98be83bf964,1,True,1.1272811388384425,1,0.7805323883066522,0.00026665462121943794,3.1419706697877245e-05,134.8597534392508,0.045395985280568756,1.7692222885351313e-08,1.386185762089907e-06,0.0005602262621395044,0.2535033872619358,6,0,4.3621654444891425,1623.885906200616,0.2817280525220654,0.7182719474779345,0.16666666666666666,1623.885906200616,0.7182719474779345,0.16666666666666666,2029.7356294646456,0.0,0.0,1624.7708448147607,True,False,False,optuna_seeded,113.0,"[""scalar""]",[1.1272811388384425],False,,274,False,4.3621654444891425,0.2817280525220654
VH_3_MFA,VH,MFA,VH_3_MFA__hybrid_optuna_069,all6,hybrid_optuna,generic_seed,trial_204,hybrid,1710e98be83bf964,1,True,1.1276495566050793,1,3.608129244900595,0.00023441978067803156,3.4756883375589255e-05,141.6367881476461,0.5645705141684602,1.8345883871131306e-08,3.3975636419361917e-06,0.0010873687520542993,0.2820656915126238,6,0,4.3687969642886015,1609.8438166180488,0.2817280525220654,0.7182719474779345,0.16666666666666666,1609.8438166180488,0.7182719474779345,0.16666666666666666,2236.7303078726845,0.0,0.0,1610.7287552321934,True,False,False,optuna_seeded,204.0,"[""scalar""]",[1.1276495566050793],False,,275,False,4.3687969642886015,0.2817280525220654
VH_3_MFA,VH,MFA,VH_3_MFA__hybrid_optuna_070,all6,hybrid_optuna,generic_seed,trial_242,hybrid,1710e98be83bf964,1,True,1.127730532793966,1,46.26805704102858,0.00022750437323329427,1.0194466335295428e-05,29.097032197451238,2.377076097752014,1.7986641826336745e-08,1.459375322856059e-06,0.00015477320358267093,2.3921549295440134,6,0,4.370254535688564,1605.2009156094362,0.2817280525220654,0.7182719474779345,0.16666666666666666,1605.2009156094362,0.7182719474779345,0.16666666666666666,110.68628243151328,0.0,0.0,1606.0858542235808,True,False,False,optuna_seeded,242.0,"[""scalar""]",[1.127730532793966],False,,276,False,4.370254535688564,0.2817280525220654
VH_3_MFA,VH,MFA,VH_3_MFA__hybrid_optuna_072,all6,hybrid_optuna,generic_seed,trial_285,hybrid,1710e98be83bf964,1,True,1.1287053840577492,1,0.9752100717246713,0.00025431560523287604,1.0263770722363363e-05,22.71832000628633,0.9364206294838948,1.0113583226607275e-08,1.2985607814634834e-06,0.00041180668198771524,4.350407419976048,6,0,4.387801858436664,1635.270087939365,0.2817280525220654,0.7182719474779345,0.16666666666666666,1635.270087939365,0.7182719474779345,0.16666666666666666,75.89830552954578,0.0,0.0,1636.1550265535097,True,False,False,optuna_seeded,285.0,"[""scalar""]",[1.1287053840577492],False,,277,False,4.387801858436664,0.2817280525220654
VH_3_MFA,VH,MFA,VH_3_MFA__hybrid_optuna_073,all6,hybrid_optuna,generic_seed,trial_198,hybrid,1710e98be83bf964,1,True,1.128771627424001,1,2.322485717359616,0.00023577169063473496,0.00010696218933842323,149.79608088308413,1.0591829806592372,1.0627409840044346e-08,4.601807100845468e-06,0.0007274215166486834,0.2690540075840255,6,0,4.388994239029192,1624.6349830822758,0.2817280525220654,0.7182719474779345,0.16666666666666666,1624.6349830822758,0.7182719474779345,0.16666666666666666,2500.859599310401,0.0,0.0,1625.5199216964204,True,False,False,optuna_seeded,198.0,"[""scalar""]",[1.128771627424001],False,,278,False,4.388994239029192,0.2817280525220654
VH_3_MFA,VH,MFA,VH_3_MFA__hybrid_optuna_074,all6,hybrid_optuna,generic_seed,trial_224,hybrid,1710e98be83bf964,1,True,1.129235998132473,1,2.7725818075880797,0.00023440843122379896,0.00010778508593498872,14.928734245793112,1.6925477301239333,1.842095810786738e-08,1.099878567761771e-06,0.0006505137464043835,4.550087733066116,6,0,4.397352911781691,1626.0326083561874,0.2817280525220654,0.7182719474779345,0.16666666666666666,1626.0326083561874,0.7182719474779345,0.16666666666666666,39.40884571928827,0.0,0.0,1626.917546970332,True,False,False,optuna_seeded,224.0,"[""scalar""]",[1.129235998132473],False,,279,False,4.397352911781691,0.2817280525220654
VH_3_MFA,VH,MFA,VH_3_MFA__hybrid_optuna_075,all6,hybrid_optuna,generic_seed,trial_215,hybrid,1710e98be83bf964,1,True,1.1296601868581024,1,2.6788795397240364,0.00023215220372465578,6.535346466254828e-05,147.64991141804163,2.326939611449093,2.0229112367805053e-08,9.791003450331784e-07,0.0007195041542663327,0.39367719051701294,6,0,4.404988308843018,1631.2999305022686,0.2817280525220654,0.7182719474779345,0.16666666666666666,1631.2999305022686,0.7182719474779345,0.16666666666666666,2430.6729191536574,0.0,0.0,1632.1848691164132,True,False,False,optuna_seeded,215.0,"[""scalar""]",[1.1296601868581024],False,,280,False,4.404988308843018,0.2817280525220654
VH_3_MFA,VH,MFA,VH_3_MFA__hybrid_optuna_076,all6,hybrid_optuna,generic_seed,trial_85,hybrid,1710e98be83bf964,1,True,1.1297433866763356,1,1.89770316550683,0.00023574808302816212,0.0002449221793046396,97.41106606144973,0.007834580322067346,1.3065210968698226e-08,6.182920206395036e-07,8.236156990158705e-06,0.31137537437161794,6,0,4.406485905571216,1636.1888716304795,0.2817280525220654,0.7182719474779345,0.16666666666666666,1636.1888716304795,0.7182719474779345,0.16666666666666666,1066.4859315715933,0.0,0.0,1637.0738102446242,True,False,False,optuna_seeded,85.0,"[""scalar""]",[1.1297433866763356],False,,281,False,4.406485905571216,0.2817280525220654
VH_3_MFA,VH,MFA,VH_3_MFA__hybrid_optuna_077,all6,hybrid_optuna,generic_seed,trial_131,hybrid,1710e98be83bf964,1,True,1.1297664390046862,1,1.6397121025745665,0.00023837947059414413,0.0006271639171444848,136.10031704107206,0.018863210182573094,1.4406677677922067e-08,7.322846148041777e-07,2.406962535658522e-05,0.2690202360349081,6,0,4.406900847481526,1637.7550883175663,0.2817280525220654,0.7182719474779345,0.16666666666666666,1637.7550883175663,0.7182719474779345,0.16666666666666666,2066.320050158467,0.0,0.0,1638.640026931711,True,False,False,optuna_seeded,131.0,"[""scalar""]",[1.1297664390046862],False,,282,False,4.406900847481526,0.2817280525220654
VH_3_MFA,VH,MFA,VH_3_MFA__hybrid_optuna_078,all6,hybrid_optuna,generic_seed,trial_141,hybrid,1710e98be83bf964,1,True,1.1304602680903022,1,1.7760302076219017,0.00023505506136507146,0.00014105948719040352,134.722860525184,0.029361210972050966,1.4081721718582115e-08,8.641880299277786e-07,3.955253419459365e-05,0.23243806869016218,6,0,4.419389771022616,1643.6594722724737,0.2817280525220654,0.7182719474779345,0.16666666666666666,1643.6594722724737,0.7182719474779345,0.16666666666666666,2025.4910404322773,0.0,0.0,1644.5444108866184,True,False,False,optuna_seeded,141.0,"[""scalar""]",[1.1304602680903022],False,,283,False,4.419389771022616,0.2817280525220654
VH_3_MFA,VH,MFA,VH_3_MFA__hybrid_optuna_083,all6,hybrid_optuna,generic_seed,trial_180,hybrid,1710e98be83bf964,1,True,1.1326445917229555,1,1.2630595384416214,0.00023639958061457062,0.00010235119977766432,136.97698460311787,0.056024865965185515,1.6538483326204853e-08,2.296988680727544e-06,0.0006634783672862849,0.21437540902605193,6,0,4.458707596410373,1668.3633212720686,0.2817280525220654,0.7182719474779345,0.16666666666666666,1668.3633212720686,0.7182719474779345,0.16666666666666666,2091.7943661360096,0.0,0.0,1669.2482598862132,True,False,False,optuna_seeded,180.0,"[""scalar""]",[1.1326445917229555],False,,284,False,4.458707596410373,0.2817280525220654
VH_3_MFA,VH,MFA,VH_3_MFA__hybrid_optuna_030,all6,hybrid_optuna,generic_seed,trial_36,hybrid,1710e98be83bf964,1,True,1.0495161134516282,1,20.85834060642296,0.00024368067056049938,0.01846421790694887,53.537929447651436,0.0024846093187890963,2.8651009727440397e-06,1.336123210878206e-08,1.0791265482356822e-06,3.4480306025695384,6,0,4.462394987526483,1614.4591337469199,0.2817280525220654,0.7182719474779345,0.08333333333333333,1614.4591337469199,0.7182719474779345,0.08333333333333333,332.0672774423686,0.0,0.0,1615.260739027731,True,False,False,optuna_seeded,36.0,"[""scalar""]",[1.0495161134516282],False,,285,False,4.462394987526483,0.2817280525220654
VH_3_MFA,VH,MFA,VH_3_MFA__hybrid_optuna_111,all6,hybrid_optuna,generic_seed,trial_33,hybrid,1710e98be83bf964,1,True,1.1483849502340353,1,14.591507365473245,0.00022340908638417554,0.025071679521070166,40.32572963852542,0.0033881359281210154,3.371150335178363e-06,1.285954425639909e-07,1.4058496919493348e-05,0.9880535562366101,6,0,4.742034049609811,1749.3051263724808,0.2817280525220654,0.7182719474779345,0.16666666666666666,1749.3051263724808,0.7182719474779345,0.16666666666666666,187.72137826003456,0.0,0.0,1750.1900649866254,True,False,False,optuna_seeded,33.0,"[""scalar""]",[1.1483849502340353],False,,286,False,4.742034049609811,0.2817280525220654
VH_3_MFA,VH,MFA,VH_3_MFA__hybrid_pre_05,all6,legacy_db_verified_median,verified_seed,hybrid_pre_start_05,hybrid,1710e98be83bf964,3,True,6.273757792776552e+25,2,45.18052098140038,0.004441421081800164,0.0076726649195173365,9.64481670787332e-11,0.12655223849040298,4.908933768652594e-05,1.0611386279274877e-05,0.002098969704654003,0.11787045847980976,6,0,4.959532764091842,1600.5187279873596,0.2817280525220654,0.7182719474779345,0.5,1600.5187279873596,0.7182719474779345,0.5,9.752759747668286e-16,0.0,0.0,1601.7369999348375,True,False,False,scipy_pre,,,,,,287,False,4.959532764091842,0.2817280525220654
VH_3_MFA,VH,MFA,VH_3_MFA__hybrid_optuna_197,all6,hybrid_optuna,generic_seed,trial_4,hybrid,1710e98be83bf964,1,True,1.493801545483037,1,45.18052098140038,0.004441421081800164,0.0076726649195173365,9.64481670787332e-11,0.12655223849040298,4.908933768652594e-05,1.0611386279274877e-05,0.002098969704654003,0.11787045847980976,6,0,4.959532764091842,1600.5187279873596,0.2817280525220654,0.7182719474779345,0.5,1600.5187279873596,0.7182719474779345,0.5,0.29377579832575496,0.0,0.0,1601.7369999348375,True,False,False,optuna_seeded,4.0,"[""scalar""]",[1.493801545483037],False,,288,False,4.959532764091842,0.2817280525220654
VH_3_MFA,VH,MFA,VH_3_MFA__hybrid_optuna_135,all6,hybrid_optuna,generic_seed,trial_76,hybrid,1710e98be83bf964,1,True,1.162291165562355,1,0.7096960109721349,0.00024407147203218098,0.03400281665886828,80.97171095771861,0.003573707153603769,1.7394768887060958e-07,9.933188386284879e-08,3.268338667582565e-06,0.6491777589204643,6,0,4.992345925519565,1896.100137112249,0.2817280525220654,0.7182719474779345,0.16666666666666666,1896.100137112249,0.7182719474779345,0.16666666666666666,739.9658417938347,0.0,0.0,1896.9850757263937,True,False,False,optuna_seeded,76.0,"[""scalar""]",[1.162291165562355],False,,289,False,4.992345925519565,0.2817280525220654
VH_3_MFA,VH,MFA,VH_3_MFA__hybrid_pre_02,all6,legacy_db_verified_median,verified_seed,hybrid_pre_start_02,hybrid,1710e98be83bf964,3,True,9.44956354535687e+25,2,24.000000315757376,0.011999999880286724,0.01000000013917513,0.19999998651974984,0.07499999842422957,3.8745359778434735e-05,2.194362329485831e-05,0.0010238781934610462,0.209222754340522,6,0,5.649245536179404,2012.8506766522096,0.2817280525220654,0.7182719474779345,0.5,2012.8506766522096,0.7182719474779345,0.5,3.592753017534448e-15,0.0,0.0,2014.0689485996875,True,False,False,scipy_pre,,,,,,290,False,5.649245536179404,0.2817280525220654
VH_3_MFA,VH,MFA,VH_3_MFA__hybrid_optuna_208,all6,hybrid_optuna,generic_seed,trial_1,hybrid,1710e98be83bf964,1,True,1.5321189217101239,1,24.000000315757376,0.011999999880286724,0.01000000013917513,0.19999998651974984,0.07499999842422957,3.8745359778434735e-05,2.194362329485831e-05,0.0010238781934610462,0.209222754340522,6,0,5.649245536179404,2012.8506766522096,0.2817280525220654,0.7182719474779345,0.5,2012.8506766522096,0.7182719474779345,0.5,0.06672191626186066,0.0,0.0,2014.0689485996875,True,False,False,optuna_seeded,1.0,"[""scalar""]",[1.5321189217101239],False,,291,False,5.649245536179404,0.2817280525220654
VH_3_MFA,VH,MFA,VH_3_MFA__hybrid_pre_04,all6,legacy_db_verified_median,verified_seed,hybrid_pre_start_04,hybrid,1710e98be83bf964,3,True,3.219819966336909e+26,2,33.0,0.014999999999999998,0.007999999999999997,0.24,0.05000000000000001,5.1660479601537693e-05,1.4629079729608927e-05,0.0015358173708558006,0.24726325679356811,6,0,5.6493305123559665,2029.163631296842,0.2817280525220654,0.7182719474779345,0.5,2029.163631296842,0.7182719474779345,0.5,0.0,0.0,0.0,2030.3819032443198,True,False,False,scipy_pre,,,,,,292,False,5.6493305123559665,0.2817280525220654
VH_3_MFA,VH,MFA,VH_3_MFA__hybrid_optuna_209,all6,hybrid_optuna,generic_seed,trial_3,hybrid,1710e98be83bf964,1,True,1.5321236426088216,1,33.0,0.014999999999999998,0.007999999999999997,0.24,0.05000000000000001,5.1660479601537693e-05,1.4629079729608927e-05,0.0015358173708558006,0.24726325679356811,6,0,5.6493305123559665,2029.163631296842,0.2817280525220654,0.7182719474779345,0.5,2029.163631296842,0.7182719474779345,0.5,0.04739347500979877,0.0,0.0,2030.3819032443198,True,False,False,optuna_seeded,3.0,"[""scalar""]",[1.5321236426088216],False,,293,False,5.6493305123559665,0.2817280525220654
VH_3_MFA,VH,MFA,VH_3_MFA__hybrid_pre_06,all6,legacy_db_verified_median,verified_seed,hybrid_pre_start_06,hybrid,1710e98be83bf964,3,True,1907.9503821105836,2,21.623893945390776,0.018852800919900225,0.011253938128767498,1e-10,0.1004417569660328,4.26686547130434e-05,2.0771138552195668e-05,0.00377154083442725,0.2098361165009879,6,0,5.966981236210625,2207.211379520772,0.2817280525220654,0.7182719474779345,0.5,2207.211379520772,0.7182719474779345,0.5,1.1111111111111112e-21,0.0,0.0,2208.42965146825,True,False,False,scipy_pre,,,,,,294,False,5.966981236210625,0.2817280525220654
VH_3_MFA,VH,MFA,VH_3_MFA__hybrid_optuna_210,all6,hybrid_optuna,generic_seed,trial_5,hybrid,1710e98be83bf964,1,True,1.5497709050451915,1,21.623893945390776,0.018852800919900225,0.011253938128767498,1e-10,0.1004417569660328,4.26686547130434e-05,2.0771138552195668e-05,0.00377154083442725,0.2098361165009879,6,0,5.966981236210625,2207.211379520772,0.2817280525220654,0.7182719474779345,0.5,2207.211379520772,0.7182719474779345,0.5,0.2683748145176518,0.0,0.0,2208.42965146825,True,False,False,optuna_seeded,5.0,"[""scalar""]",[1.5497709050451915],False,,295,False,5.966981236210625,0.2817280525220654
VH_3_MFA,VH,MFA,VH_3_MFA__hybrid_pre_01,all6,legacy_db_verified_median,verified_seed,hybrid_pre_start_01,hybrid,1710e98be83bf964,3,True,1.7603354285443833e+26,2,29.99999978089864,0.010000000016527148,0.009999999836375709,0.19999999757440629,0.04999999984652067,6.457560167348698e-05,1.8286347185217635e-05,0.0012798478116770018,0.19020250237986883,6,0,6.034700110046991,2211.133311565794,0.2817280525220654,0.7182719474779345,0.5,2211.133311565794,0.7182719474779345,0.5,2.2270452787107806e-15,0.0,0.0,2212.351583513272,True,False,False,scipy_pre,,,,,,296,False,6.034700110046991,0.2817280525220654
VH_3_MFA,VH,MFA,VH_3_MFA__hybrid_optuna_212,all6,hybrid_optuna,generic_seed,trial_0,hybrid,1710e98be83bf964,1,True,1.5535330647027674,1,29.99999978089864,0.010000000016527148,0.009999999836375709,0.19999999757440629,0.04999999984652067,6.457560167348698e-05,1.8286347185217635e-05,0.0012798478116770018,0.19020250237986883,6,0,6.034700110046991,2211.133311565794,0.2817280525220654,0.7182719474779345,0.5,2211.133311565794,0.7182719474779345,0.5,2.2270452787107806e-15,0.0,0.0,2212.351583513272,True,False,False,optuna_seeded,0.0,"[""scalar""]",[1.5535330647027674],False,,297,False,6.034700110046991,0.2817280525220654
VH_3_MFA,VH,MFA,VH_3_MFA__hybrid_optuna_214,all6,hybrid_optuna,generic_seed,trial_40,hybrid,1710e98be83bf964,1,True,1.556660168929814,1,47.761011185391574,0.0016561517101534294,0.000336033265146461,76.4243303759977,0.0019677418614179208,0.00012559470301140447,1.647794401387562e-08,1.1680697843478921e-08,2.691943256134749,6,0,6.090987986133828,2223.616253399054,0.2817280525220654,0.7182719474779345,0.5,2223.616253399054,0.7182719474779345,0.5,669.6520728258561,0.0,0.0,2224.8345253465322,True,False,False,optuna_seeded,40.0,"[""scalar""]",[1.556660168929814],False,,298,False,6.090987986133828,0.2817280525220654
VH_3_MFA,VH,MFA,VH_3_MFA__hybrid_optuna_217,all6,hybrid_optuna,generic_seed,trial_45,hybrid,1710e98be83bf964,1,True,1.6009072928036314,1,2.214035447561064,0.0002809019447875023,7.818589209244868e-05,57.15835749180205,0.008349415051516833,7.015270466593146e-06,3.699951273888978e-06,2.4556389879030905e-07,0.15247367379334076,6,0,6.887436215862543,2771.136476575985,0.2817280525220654,0.7182719474779345,0.5,2771.136476575985,0.7182719474779345,0.5,374.59198993951145,0.0,0.0,2772.354748523463,True,False,False,optuna_seeded,45.0,"[""scalar""]",[1.6009072928036314],False,,299,False,6.887436215862543,0.2817280525220654
VH_3_MFA,VH,MFA,VH_3_MFA__hybrid_optuna_162,all6,hybrid_optuna,generic_seed,trial_35,hybrid,1710e98be83bf964,1,True,1.291234119115084,1,4.203302605941802,0.00022008790333808798,0.0027770899392758723,31.690908467711324,0.02752939691217768,1.6371659803916188e-05,3.243257230893801e-08,8.292535345747277e-06,2.380827454483443,6,0,7.3133190894686875,3068.6885391517353,0.2817280525220654,0.7182719474779345,0.16666666666666666,3068.6885391517353,0.7182719474779345,0.16666666666666666,120.6547844934877,0.0,0.0,3069.57347776588,True,False,False,optuna_seeded,35.0,"[""scalar""]",[1.291234119115084],False,,300,False,7.3133190894686875,0.2817280525220654
VH_3_MFA,VH,MFA,VH_3_MFA__hybrid_optuna_163,all6,hybrid_optuna,generic_seed,trial_60,hybrid,1710e98be83bf964,1,True,1.2927924288184272,1,9.911260749735304,0.00015003290627033452,0.19406923505313514,89.97217448444995,0.0031968951825836816,2.843932204649057e-05,2.2259388655042972e-07,3.4613433881055516e-05,0.6120096527505572,6,0,7.341368664128862,3148.8459377655004,0.2817280525220654,0.7182719474779345,0.16666666666666666,3148.8459377655004,0.7182719474779345,0.16666666666666666,903.19664664949,0.0,0.0,3149.730876379645,True,False,False,optuna_seeded,60.0,"[""scalar""]",[1.2927924288184272],False,,301,False,7.341368664128862,0.2817280525220654
VH_3_MFA,VH,MFA,VH_3_MFA__hybrid_optuna_261,all6,hybrid_optuna,generic_seed,trial_39,hybrid,1710e98be83bf964,1,True,1.760165692233722,1,0.9776813256800414,0.00021700925536806564,0.016288377372565537,55.807996155783414,0.13715004099178274,2.8025265295881932e-05,8.030243050798699e-08,1.5967014050882234e-06,4.82346000552442,6,0,9.754087405604174,5089.689265900052,0.2817280525220654,0.7182719474779345,0.5,5089.689265900052,0.7182719474779345,0.5,356.1360110156726,0.0,0.0,5090.90753784753,True,False,False,optuna_seeded,39.0,"[""scalar""]",[1.760165692233722],False,,302,False,9.754087405604174,0.2817280525220654
VH_3_MFA,VH,MFA,VH_3_MFA__hybrid_optuna_278,all6,hybrid_optuna,generic_seed,trial_53,hybrid,1710e98be83bf964,1,True,1.7751894301525972,1,11.636997866064766,8.31240574965661e-05,0.010261347276666506,62.53204821123397,0.0016005107001232297,1.2159080467879558e-06,0.005240616422499041,8.313100080203921e-05,0.5643137821133712,6,0,10.024514688143926,5381.0250950324,0.2817280525220654,0.7182719474779345,0.5,5381.0250950324,0.7182719474779345,0.5,441.9357791835252,0.0,0.0,5382.2433669798775,True,False,False,optuna_seeded,53.0,"[""scalar""]",[1.7751894301525972],False,,303,False,10.024514688143926,0.2817280525220654
VH_3_MFA,VH,MFA,VH_3_MFA__hybrid_optuna_281,all6,hybrid_optuna,generic_seed,trial_220,hybrid,1710e98be83bf964,1,True,1.7829719453207746,1,2.898497251587515,0.0001545009044477835,0.00015212095665450304,10.094332563033264,1.6746021429290616,0.00010393692166215461,9.04915153214609e-07,0.0013016501075167092,5.273134047136853,6,0,10.164599961171119,5509.090848620225,0.2817280525220654,0.7182719474779345,0.5,5509.090848620225,0.7182719474779345,0.5,18.98882534946661,0.0,0.0,5510.309120567703,True,False,False,optuna_seeded,220.0,"[""scalar""]",[1.7829719453207746],False,,304,False,10.164599961171119,0.2817280525220654
VH_3_MFA,VH,MFA,VH_3_MFA__hybrid_optuna_282,all6,hybrid_optuna,generic_seed,trial_286,hybrid,1710e98be83bf964,1,True,1.7848251822585135,1,26.079505114138612,0.0003046062727761875,1.598839929774557e-05,33.31771065788923,2.3428362543826715,0.0018844847643991033,1.8444297722923812e-06,0.0017927905610043923,3.297985777006244,6,0,10.19795822605042,5569.683448143293,0.2817280525220654,0.7182719474779345,0.5,5569.683448143293,0.7182719474779345,0.5,132.23802743644407,0.0,0.0,5570.901720090771,True,False,False,optuna_seeded,286.0,"[""scalar""]",[1.7848251822585135],False,,305,False,10.19795822605042,0.2817280525220654
VH_3_MFA,VH,MFA,VH_3_MFA__hybrid_optuna_284,all6,hybrid_optuna,generic_seed,trial_188,hybrid,1710e98be83bf964,1,True,1.7926860195454308,1,1.1093486620215094,0.00018247499882715615,9.165945475817443e-05,149.84910972875846,0.5210987256333741,1.8854668310845937e-08,0.008809678354341464,0.0005742892999029276,3.3190257906259535,6,0,10.33945329721493,5668.137896349505,0.2817280525220654,0.7182719474779345,0.5,5668.137896349505,0.7182719474779345,0.5,2506.9432895239897,0.0,0.0,5669.356168296983,True,False,False,optuna_seeded,188.0,"[""scalar""]",[1.7926860195454308],False,,306,False,10.33945329721493,0.2817280525220654
VH_3_MFA,VH,MFA,VH_3_MFA__hybrid_optuna_286,all6,hybrid_optuna,generic_seed,trial_155,hybrid,1710e98be83bf964,1,True,1.7977942689827837,1,1.1769243933243008,0.00032518116805978404,7.592288412408424e-05,139.2650487221505,0.16975798801156533,0.0003173539230943167,2.157963975470681e-06,0.0004994352634520057,0.9360015314955206,6,0,10.431401787087283,5791.98363940744,0.2817280525220654,0.7182719474779345,0.5,5791.98363940744,0.7182719474779345,0.5,2155.2391922871743,0.0,0.0,5793.201911354918,True,False,False,optuna_seeded,155.0,"[""scalar""]",[1.7977942689827837],False,,307,False,10.431401787087283,0.2817280525220654
VH_3_MFA,VH,MFA,VH_3_MFA__hybrid_optuna_287,all6,hybrid_optuna,generic_seed,trial_8,hybrid,1710e98be83bf964,1,True,1.798253534490206,1,1.4690139693517672,4.207053950287933e-05,2.3226650368137e-05,129.92642186624028,0.6677615511747083,1.7670169402947916e-06,0.005061576888752304,0.0013303245101522893,1.192617378922354,6,0,10.439668566220883,5804.553515087355,0.2817280525220654,0.7182719474779345,0.5,5804.553515087355,0.7182719474779345,0.5,1884.3801552705886,0.0,0.0,5805.771787034832,True,False,False,optuna_seeded,8.0,"[""scalar""]",[1.798253534490206],False,,308,False,10.439668566220883,0.2817280525220654
VH_3_MFA,VH,MFA,VH_3_MFA__hybrid_optuna_289,all6,hybrid_optuna,generic_seed,trial_9,hybrid,1710e98be83bf964,1,True,1.7995507243907487,1,2.167640897475782,5.3370327626039544e-05,0.00014309923693515131,45.63633644393066,0.2922905212920093,0.00017718847354806813,1.328944872286916e-08,0.06156997328235192,4.115716865497774,6,0,10.463017984430655,5814.015269699889,0.2817280525220654,0.7182719474779345,0.5,5814.015269699889,0.7182719474779345,0.5,244.1784925042457,0.0,0.0,5815.233541647367,True,False,False,optuna_seeded,9.0,"[""scalar""]",[1.7995507243907487],False,,309,False,10.463017984430655,0.2817280525220654
VH_3_MFA,VH,MFA,VH_3_MFA__hybrid_optuna_290,all6,hybrid_optuna,generic_seed,trial_118,hybrid,1710e98be83bf964,1,True,1.803190771609331,1,0.9656817108752678,0.0004826286935589335,4.943595340561106e-05,144.38133332833382,0.04782563762844306,0.0006155449621981479,1.4037401666311245e-06,0.00032644822298413,0.5459138436269674,6,0,10.528538834365131,5891.003287502436,0.2817280525220654,0.7182719474779345,0.5,5891.003287502436,0.7182719474779345,0.5,2316.899687001545,0.0,0.0,5892.221559449914,True,False,False,optuna_seeded,118.0,"[""scalar""]",[1.803190771609331],False,,310,False,10.528538834365131,0.2817280525220654
VH_3_MFA,VH,MFA,VH_3_MFA__hybrid_optuna_291,all6,hybrid_optuna,generic_seed,trial_167,hybrid,1710e98be83bf964,1,True,1.8047463166714843,1,1.5207831169996147,0.00031022474366225537,2.546606985690268e-05,145.99242207281372,0.03737161575611903,0.005078249384402756,2.9878222498010337e-06,0.0894379258386558,0.15823480872177054,6,0,10.556538645483895,5925.188431938688,0.2817280525220654,0.7182719474779345,0.5,5925.188431938688,0.7182719474779345,0.5,2372.505474654134,0.0,0.0,5926.406703886166,True,False,False,optuna_seeded,167.0,"[""scalar""]",[1.8047463166714843],False,,311,False,10.556538645483895,0.2817280525220654
VH_3_MFA,VH,MFA,VH_3_MFA__hybrid_optuna_292,all6,hybrid_optuna,generic_seed,trial_17,hybrid,1710e98be83bf964,1,True,1.8076317065911776,1,147.3604024266871,1.842048866101036e-05,0.13153577800253408,68.18291988322812,0.006648433878805457,0.002655066542259668,0.00047996982804151514,2.755319052327608e-05,1.9070209926536377,6,0,10.608475664038373,5969.556595072289,0.2817280525220654,0.7182719474779345,0.5,5969.556595072289,0.7182719474779345,0.5,524.3452686150484,0.0,0.0,5970.774867019767,True,False,False,optuna_seeded,17.0,"[""scalar""]",[1.8076317065911776],False,,312,False,10.608475664038373,0.2817280525220654
VH_3_MFA,VH,MFA,VH_3_MFA__hybrid_optuna_175,all6,hybrid_optuna,generic_seed,trial_258,hybrid,1710e98be83bf964,1,True,1.4277342740891126,1,65.20033846833367,0.0003404646245974854,1.1111809955148308e-05,24.56005717195797,2.9213517666984132,3.12243869768001e-08,2.6662962063721494e-07,0.00028885665348408297,2.7683957717337013,6,0,11.774769909867366,19291.843307188927,0.2817280525220654,0.7182719474779345,0.5,19291.843307188927,0.7182719474779345,0.5,83.75618075986023,0.0,0.0,19293.061579136403,True,False,False,optuna_seeded,258.0,"[""scalar""]",[1.4277342740891126],False,,313,False,11.774769909867366,0.2817280525220654
VH_4_MFA,VH,MFA,VH_4_MFA__hybrid_optuna_285,all6,hybrid_optuna,generic_seed,trial_99,hybrid,1710e98be83bf964,1,True,1.4585818048439194,1,6.322510174790445,0.0006309972339720417,0.005916149404655092,107.11465609264042,0.05592878786662801,1.4261529238814874e-08,0.000575872203820771,1.0127249532302527e-07,6.478971352080313,6,0,5.171581437143092,2039.3188113839578,0.32872827499736346,0.6712717250026365,0.5,2039.3188113839578,0.6712717250026365,0.5,1291.7222485129041,0.0,0.0,2040.4900831089606,True,True,True,optuna_seeded,99.0,"[""scalar""]",[1.4585818048439194],False,,1,True,5.055157337153923,0.32081246544384445
VH_4_MFA,VH,MFA,VH_4_MFA__hybrid_optuna_288,all6,hybrid_optuna,generic_seed,trial_105,hybrid,1710e98be83bf964,1,True,1.5156847209830744,1,0.7375404524163646,0.03620796617708962,0.0001236064952942829,120.90901824723947,18.30678236723283,3.365360060894747e-05,0.0003294001686411412,2.502242396193753e-07,4.737985869351024,6,0,5.885441778033567,2317.8693890192785,0.31128426668545717,0.6887157333145427,0.5,2317.8693890192785,0.6887157333145427,0.5,1636.9168300507235,0.0,0.0,2319.058104752593,True,True,True,optuna_seeded,105.0,"[""scalar""]",[1.5156847209830744],False,,2,True,5.885441778033567,0.31128426668545717
VH_4_MFA,VH,MFA,VH_4_MFA__hybrid_optuna_290,all6,hybrid_optuna,generic_seed,trial_24,hybrid,1710e98be83bf964,1,True,1.5945662205342048,1,3.2945154639627936,1.338093994016873e-05,0.001720673097003913,149.3869754651761,1.160483838804576,2.8792564879030826e-07,3.553532116839376e-08,3.693453988258007e-06,2.042863411890143,6,0,7.113619755702465,3119.3019329279628,0.300634877004821,0.6993651229951791,0.5,3119.3019329279628,0.6993651229951791,0.5,2491.8344678846393,0.0,0.0,3120.5012980509578,True,True,True,optuna_seeded,24.0,"[""scalar""]",[1.5945662205342048],False,,3,True,7.113619755702465,0.300634877004821
VH_4_MFA,VH,MFA,VH_4_MFA__hybrid_optuna_289,all6,hybrid_optuna,generic_seed,trial_50,hybrid,1710e98be83bf964,1,True,1.5649113375787462,1,5.738900389189669,0.0028213315233843327,0.00012664619659760428,117.72206379623954,27.687612983425847,0.00010795238978119537,1.6256102642138432e-05,0.0655922445797431,3.3239316745824623,6,0,6.462336071839579,2568.3795148440113,0.2941073330790081,0.7058926669209918,0.5,2568.3795148440113,0.7058926669209918,0.5,1544.3022900561775,0.0,0.0,2569.5854075109323,True,False,False,optuna_seeded,50.0,"[""scalar""]",[1.5649113375787462],False,,4,False,6.462336071839579,0.2941073330790081
VH_4_MFA,VH,MFA,VH_4_MFA__hybrid_optuna_299,all6,hybrid_optuna,generic_seed,trial_17,hybrid,1710e98be83bf964,1,True,1.9461079058974486,1,8.687890576219896,0.0001828504859732926,3.291133247258185e-05,119.25731980124198,5.835382590322361,1.4421534627925201e-06,1.0859638993585995e-08,3.9957459106320754e-05,0.47337982909615256,6,0,4.178774071614973,1639.9633018281468,0.2860462091922722,0.7139537908077278,1.0,1639.9633018281468,0.7139537908077278,1.0,1592.224197902946,0.0,0.0,1641.6772556189544,True,False,False,optuna_seeded,17.0,"[""scalar""]",[1.9461079058974486],False,,5,False,4.178774071614973,0.2860462091922722
VH_4_MFA,VH,MFA,VH_4_MFA__hybrid_optuna_001,all6,hybrid_optuna,generic_seed,trial_255,hybrid,1710e98be83bf964,1,True,0.7705730444923916,1,71.60691373722095,0.004622240281062714,0.00010985063671549744,42.480526109133336,0.7641558790535766,3.2176677556686103e-07,5.8148924814343656e-05,0.002949471220241369,4.043100479121017,6,0,1.0131719437201896,299.74350499564855,0.28571428571428564,0.7142857142857143,0.0,299.74350499564855,0.7142857142857143,0.0,206.25209912576562,0.0,0.0,300.4577907099343,True,False,False,optuna_seeded,255.0,"[""scalar""]",[0.7705730444923916],False,,6,False,1.0131719437201896,0.28571428571428564
VH_4_MFA,VH,MFA,VH_4_MFA__hybrid_post_001,all6,hybrid_scipy_post,generic_seed,post_trial_255,hybrid,1710e98be83bf964,3,True,491495045.3018033,14,72.07666237527891,0.00467666441015119,0.00010729253935904636,42.480526109133336,0.7641558790535766,3.222180194668952e-07,5.81284327633393e-05,1.0839269140212014e-08,4.031458257096347,6,0,1.013197296486817,300.05231990970793,0.28571428571428564,0.7142857142857143,0.0,300.05231990970793,0.7142857142857143,0.0,17.399995846373418,0.0,0.0,300.76660562399366,True,False,False,scipy_post,,,,,255.0,7,False,1.013197296486817,0.28571428571428564
VH_4_MFA,VH,MFA,VH_4_MFA__hybrid_post_002,all6,hybrid_scipy_post,generic_seed,post_trial_232,hybrid,1710e98be83bf964,3,True,461632571.7437446,15,44.80675106309011,0.00502804037626613,3.2780022109133156e-05,51.28619705773069,1.341829387998432,2.4578375304621394e-07,8.55786133321844e-05,0.0002596303299612461,3.514323938694726,6,0,1.0141934637895764,301.1518854167109,0.28571428571428564,0.7142857142857143,0.0,301.1518854167109,0.7142857142857143,0.0,3.596831814949288e-05,0.0,0.0,301.86617113099663,True,False,False,scipy_post,,,,,232.0,8,False,1.0141934637895764,0.28571428571428564
VH_4_MFA,VH,MFA,VH_4_MFA__hybrid_optuna_002,all6,hybrid_optuna,generic_seed,trial_232,hybrid,1710e98be83bf964,1,True,0.7706313365906686,1,45.18971537224964,0.005000749537356103,3.258997634294878e-05,51.28619705773069,1.341829387998432,2.4837502969392944e-07,8.490727611221955e-05,0.0002596303299612461,3.500366667503975,6,0,1.0142212014891767,301.13675208886633,0.28571428571428564,0.7142857142857143,0.0,301.13675208886633,0.7142857142857143,0.0,299.81856029926615,0.0,0.0,301.85103780315205,True,False,False,optuna_seeded,232.0,"[""scalar""]",[0.7706313365906686],False,,9,False,1.0142212014891767,0.28571428571428564
VH_4_MFA,VH,MFA,VH_4_MFA__hybrid_optuna_003,all6,hybrid_optuna,generic_seed,trial_230,hybrid,1710e98be83bf964,1,True,0.7706459044646942,1,37.79736784189898,0.004958272856536019,3.067037158404972e-05,49.44464608775057,1.4580808562535814,2.486828747488688e-07,8.104133597438102e-05,0.0002671210967114688,3.49890232992418,6,0,1.0144834232216347,301.39538070403046,0.28571428571428564,0.7142857142857143,0.0,301.39538070403046,0.7142857142857143,0.0,279.389508395294,0.0,0.0,302.1096664183162,True,False,False,optuna_seeded,230.0,"[""scalar""]",[0.7706459044646942],False,,10,False,1.0144834232216347,0.28571428571428564
VH_4_MFA,VH,MFA,VH_4_MFA__hybrid_post_003,all6,hybrid_scipy_post,generic_seed,post_trial_230,hybrid,1710e98be83bf964,3,True,465130597.0688326,15,37.863739462306825,0.004963602344124793,3.062840534130754e-05,49.44464608775057,1.4580808562535814,2.49036331709136e-07,8.097983170072992e-05,0.0002671210967114688,3.497145672773167,6,0,1.0145045410275968,301.4249053875566,0.28571428571428564,0.7142857142857143,0.0,301.4249053875566,0.7142857142857143,0.0,9.947613570766301e-07,0.0,0.0,302.1391911018423,True,False,False,scipy_post,,,,,230.0,11,False,1.0145045410275968,0.28571428571428564
VH_4_MFA,VH,MFA,VH_4_MFA__hybrid_optuna_004,all6,hybrid_optuna,generic_seed,trial_174,hybrid,1710e98be83bf964,1,True,0.7707127622899511,1,50.28966854963919,0.004243043553371414,6.502379782469463e-05,18.48695367391884,0.2712869183222886,4.487283980616854e-07,4.442898115401255e-05,5.035954141216656e-05,3.1038708853866113,6,0,1.0156868640762602,303.1624830311728,0.28571428571428564,0.7142857142857143,0.0,303.1624830311728,0.7142857142857143,0.0,45.26407543666467,0.0,0.0,303.87676874545855,True,False,False,optuna_seeded,174.0,"[""scalar""]",[0.7707127622899511],False,,12,False,1.0156868640762602,0.28571428571428564
VH_4_MFA,VH,MFA,VH_4_MFA__hybrid_optuna_005,all6,hybrid_optuna,generic_seed,trial_209,hybrid,1710e98be83bf964,1,True,0.770712940656301,1,30.47320485269714,0.004914180444161418,3.827206050049824e-05,44.24242341565077,0.7637096177846014,2.2592331290172454e-07,8.759669708102973e-05,0.0003016589610554991,3.584095638204438,6,0,1.0156900746705586,300.63572985698096,0.28571428571428564,0.7142857142857143,0.0,300.63572985698096,0.7142857142857143,0.0,224.8661750401839,0.0,0.0,301.3500155712667,True,False,False,optuna_seeded,209.0,"[""scalar""]",[0.770712940656301],False,,13,False,1.0156900746705586,0.28571428571428564
VH_4_MFA,VH,MFA,VH_4_MFA__hybrid_post_005,all6,hybrid_scipy_post,generic_seed,post_trial_209,hybrid,1710e98be83bf964,3,True,469991023.03172433,14,30.526135142662493,0.004928762106038695,3.778618636668304e-05,44.24242341565077,0.7637096177846014,2.2381048375681538e-07,8.902850460090136e-05,1.0839269140212014e-08,3.580801564603552,6,0,1.0156977786500847,300.57327917538464,0.28571428571428564,0.7142857142857143,0.0,300.57327917538464,0.7142857142857143,0.0,11.636973530828756,0.0,0.0,301.28756488967036,True,False,False,scipy_post,,,,,209.0,14,False,1.0156977786500847,0.28571428571428564
VH_4_MFA,VH,MFA,VH_4_MFA__hybrid_post_004,all6,hybrid_scipy_post,generic_seed,post_trial_174,hybrid,1710e98be83bf964,3,True,472893826.51534224,10,49.978668471343525,0.004262568875036273,6.475644434374915e-05,18.482023773989134,0.27035490422751096,4.5321847144664687e-07,4.462739264532044e-05,5.06082876825648e-05,3.110531300503428,6,0,1.0160261926207812,303.24705531258195,0.28571428571428564,0.7142857142857143,0.0,303.24705531258195,0.7142857142857143,0.0,2.8949147204596576e-05,0.0,0.0,303.9613410268677,True,False,False,scipy_post,,,,,174.0,15,False,1.0160261926207812,0.28571428571428564
VH_4_MFA,VH,MFA,VH_4_MFA__hybrid_optuna_006,all6,hybrid_optuna,generic_seed,trial_211,hybrid,1710e98be83bf964,1,True,0.7707604251378397,1,38.17391592161719,0.005797049888119245,3.9188187554577065e-05,44.25449890392141,0.5938029943122992,2.1688564690626015e-07,9.796333560333056e-05,0.00038675825601082366,4.169226557543574,6,0,1.0165447953382547,301.4742138272129,0.28571428571428564,0.7142857142857143,0.0,301.4742138272129,0.7142857142857143,0.0,224.91322889567138,0.0,0.0,302.18849954149863,True,False,False,optuna_seeded,211.0,"[""scalar""]",[0.7707604251378397],False,,16,False,1.0165447953382547,0.28571428571428564
VH_4_MFA,VH,MFA,VH_4_MFA__hybrid_optuna_007,all6,hybrid_optuna,generic_seed,trial_219,hybrid,1710e98be83bf964,1,True,0.7707609511340591,1,40.66515986808614,0.005823361090604342,2.283929184624031e-05,44.80773828078122,1.0369993365721129,2.0323504952519886e-07,9.436252151915589e-05,0.001586292302677204,3.8210151652806252,6,0,1.0165542632702047,302.93961334223957,0.28571428571428564,0.7142857142857143,0.0,302.93961334223957,0.7142857142857143,0.0,231.26104217211844,0.0,0.0,303.6538990565253,True,False,False,optuna_seeded,219.0,"[""scalar""]",[0.7707609511340591],False,,17,False,1.0165542632702047,0.28571428571428564
VH_4_MFA,VH,MFA,VH_4_MFA__hybrid_optuna_008,all6,hybrid_optuna,generic_seed,trial_235,hybrid,1710e98be83bf964,1,True,0.7708106770211557,1,48.232399562088986,0.004753232385192968,5.440052722096069e-05,51.18441027602472,1.6245370645931902,2.748588365592707e-07,8.245453969618856e-05,0.006664502904838485,3.6252168147216293,6,0,1.0174493292379434,300.3917557092165,0.28571428571428564,0.7142857142857143,0.0,300.3917557092165,0.7142857142857143,0.0,298.1083094010816,0.0,0.0,301.10604142350223,True,False,False,optuna_seeded,235.0,"[""scalar""]",[0.7708106770211557],False,,18,False,1.0174493292379434,0.28571428571428564
VH_4_MFA,VH,MFA,VH_4_MFA__hybrid_optuna_009,all6,hybrid_optuna,generic_seed,trial_248,hybrid,1710e98be83bf964,1,True,0.7708205387141595,1,50.952517898008495,0.004795566212050846,0.00010677819024294843,43.26190420460961,0.736733032071296,3.6202358765622914e-07,5.7482439906734896e-05,0.00033170659423365347,4.0317916854224976,6,0,1.0176268397120098,301.75574023873827,0.28571428571428564,0.7142857142857143,0.0,301.75574023873827,0.7142857142857143,0.0,213.59189014404984,0.0,0.0,302.470025953024,True,False,False,optuna_seeded,248.0,"[""scalar""]",[0.7708205387141595],False,,19,False,1.0176268397120098,0.28571428571428564
VH_4_MFA,VH,MFA,VH_4_MFA__hybrid_optuna_010,all6,hybrid_optuna,generic_seed,trial_258,hybrid,1710e98be83bf964,1,True,0.7708251116967734,1,72.07676123615101,0.004342677739626513,8.431496196506032e-05,45.167476111776075,0.8653976003981809,3.469930855335047e-07,5.3183180176633896e-05,0.0029785775568864645,4.691340810210021,6,0,1.0177091533990605,298.19942831589304,0.28571428571428564,0.7142857142857143,0.0,298.19942831589304,0.7142857142857143,0.0,232.65744437581782,0.0,0.0,298.91371403017877,True,False,False,optuna_seeded,258.0,"[""scalar""]",[0.7708251116967734],False,,20,False,1.0177091533990605,0.28571428571428564
VH_4_MFA,VH,MFA,VH_4_MFA__hybrid_optuna_011,all6,hybrid_optuna,generic_seed,trial_135,hybrid,1710e98be83bf964,1,True,0.7708405612741771,1,15.199450347074068,0.007908124545017691,1.872251457961311e-05,56.77703213132017,3.115693138497999,9.796065105843951e-08,0.00018170092344179216,1.2146829864424908e-06,4.702705573198494,6,0,1.0179872457923282,298.0967917785116,0.28571428571428564,0.7142857142857143,0.0,298.0967917785116,0.7142857142857143,0.0,373.79297678235923,0.0,0.0,298.8110774927973,True,False,False,optuna_seeded,135.0,"[""scalar""]",[0.7708405612741771],False,,21,False,1.0179872457923282,0.28571428571428564
VH_4_MFA,VH,MFA,VH_4_MFA__hybrid_optuna_012,all6,hybrid_optuna,generic_seed,trial_210,hybrid,1710e98be83bf964,1,True,0.7708695017457554,1,41.15723211760045,0.005340905975225923,3.900031472731106e-05,46.1581500016223,0.8190121884894151,2.074283280665537e-07,7.363968688134856e-05,0.0004899331009346477,4.134054289390961,6,0,1.018508174280739,301.5639694250286,0.28571428571428564,0.7142857142857143,0.0,301.5639694250286,0.7142857142857143,0.0,244.05875619337934,0.0,0.0,302.2782551393143,True,False,False,optuna_seeded,210.0,"[""scalar""]",[0.7708695017457554],False,,22,False,1.018508174280739,0.28571428571428564
VH_4_MFA,VH,MFA,VH_4_MFA__hybrid_optuna_013,all6,hybrid_optuna,generic_seed,trial_247,hybrid,1710e98be83bf964,1,True,0.770873181463299,1,51.684528094613725,0.005077461727668209,9.76450399903296e-05,42.94840144578561,0.6957833889692453,3.423201863849813e-07,5.926754592469456e-05,0.00033748601994332294,4.1132918023786464,6,0,1.0185744091965219,302.772813434745,0.28571428571428564,0.7142857142857143,0.0,302.772813434745,0.7142857142857143,0.0,210.73398571019044,0.0,0.0,303.4870991490307,True,False,False,optuna_seeded,247.0,"[""scalar""]",[0.770873181463299],False,,23,False,1.0185744091965219,0.28571428571428564
VH_4_MFA,VH,MFA,VH_4_MFA__hybrid_optuna_014,all6,hybrid_optuna,generic_seed,trial_231,hybrid,1710e98be83bf964,1,True,0.7708841457458276,1,36.45714724636761,0.005032037395558103,3.2126512869351795e-05,48.793849816846155,1.4555816214702648,2.5778115889845773e-07,8.903278767699642e-05,0.00025093186077725354,3.45042562993031,6,0,1.018771766282039,301.92380352097825,0.28571428571428564,0.7142857142857143,0.0,301.92380352097825,0.7142857142857143,0.0,272.2510987176144,0.0,0.0,302.638089235264,True,False,False,optuna_seeded,231.0,"[""scalar""]",[0.7708841457458276],False,,24,False,1.018771766282039,0.28571428571428564
VH_4_MFA,VH,MFA,VH_4_MFA__hybrid_optuna_015,all6,hybrid_optuna,generic_seed,trial_249,hybrid,1710e98be83bf964,1,True,0.7708921425958537,1,71.6087050535296,0.004904189264796724,0.0001179492647821472,42.15317823116419,0.7508504574324674,3.990229235067565e-07,5.1595012787262355e-05,0.0002451361809950486,3.959339871469818,6,0,1.0189157095825079,303.18530328231634,0.28571428571428564,0.7142857142857143,0.0,303.18530328231634,0.7142857142857143,0.0,203.03155948348618,0.0,0.0,303.89958899660206,True,False,False,optuna_seeded,249.0,"[""scalar""]",[0.7708921425958537],False,,25,False,1.0189157095825079,0.28571428571428564
VH_4_MFA,VH,MFA,VH_4_MFA__hybrid_optuna_016,all6,hybrid_optuna,generic_seed,trial_175,hybrid,1710e98be83bf964,1,True,0.770938802135926,1,47.123004013495084,0.0037387877110628964,5.416840106238114e-05,11.99101018207385,0.26348891614361114,5.553831787807046e-07,3.264984371246081e-05,4.644722780858503e-05,2.8769333733694027,6,0,1.0197555813038088,302.97536803735017,0.28571428571428564,0.7142857142857143,0.0,302.97536803735017,0.7142857142857143,0.0,23.50252977280931,0.0,0.0,303.6896537516359,True,False,False,optuna_seeded,175.0,"[""scalar""]",[0.770938802135926],False,,26,False,1.0197555813038088,0.28571428571428564
VH_4_MFA,VH,MFA,VH_4_MFA__hybrid_optuna_017,all6,hybrid_optuna,generic_seed,trial_234,hybrid,1710e98be83bf964,1,True,0.7709848796347347,1,45.732435801061875,0.004943608131145181,5.191321320923668e-05,49.54930559128826,1.5644621280049051,2.870596519458849e-07,8.348787744720601e-05,0.00029905673438690797,3.4801669352877047,6,0,1.0205849762823658,302.1843938387973,0.28571428571428564,0.7142857142857143,0.0,302.1843938387973,0.7142857142857143,0.0,279.75118884425854,0.0,0.0,302.898679553083,True,False,False,optuna_seeded,234.0,"[""scalar""]",[0.7709848796347347],False,,27,False,1.0205849762823658,0.28571428571428564
VH_4_MFA,VH,MFA,VH_4_MFA__hybrid_optuna_018,all6,hybrid_optuna,generic_seed,trial_250,hybrid,1710e98be83bf964,1,True,0.7709923475974211,1,76.4170928007588,0.004709403668231083,9.719725281220684e-05,42.861729652567895,0.7076561460237306,4.1459471749484683e-07,5.533336189785952e-05,0.00026959520207976587,4.051998828463822,6,0,1.0207193996107191,301.86694104038935,0.28571428571428564,0.7142857142857143,0.0,301.86694104038935,0.7142857142857143,0.0,209.82786544150684,0.0,0.0,302.5812267546751,True,False,False,optuna_seeded,250.0,"[""scalar""]",[0.7709923475974211],False,,28,False,1.0207193996107191,0.28571428571428564
VH_4_MFA,VH,MFA,VH_4_MFA__hybrid_optuna_019,all6,hybrid_optuna,generic_seed,trial_221,hybrid,1710e98be83bf964,1,True,0.7709930624181576,1,43.640601777920125,0.006023342393373352,1.7090696014188366e-05,39.96158150936854,1.0285264719490705,2.0700705338647594e-07,8.913479291613529e-05,0.003278801898567995,3.8631624927634145,6,0,1.0207322663839775,304.2135321000887,0.28571428571428564,0.7142857142857143,0.0,304.2135321000887,0.7142857142857143,0.0,186.2850806127349,0.0,0.0,304.9278178143744,True,False,False,optuna_seeded,221.0,"[""scalar""]",[0.7709930624181576],False,,29,False,1.0207322663839775,0.28571428571428564
VH_4_MFA,VH,MFA,VH_4_MFA__hybrid_optuna_020,all6,hybrid_optuna,generic_seed,trial_243,hybrid,1710e98be83bf964,1,True,0.7709963649590117,1,41.94128132227843,0.0049249626300548474,3.6462794055713344e-05,49.83278443804,1.1163990238976216,2.5919498495170103e-07,9.300785239046222e-05,0.0004721685547881956,3.4771431614744075,6,0,1.020791712119351,301.2105487479102,0.28571428571428564,0.7142857142857143,0.0,301.2105487479102,0.7142857142857143,0.0,283.08038723831396,0.0,0.0,301.9248344621959,True,False,False,optuna_seeded,243.0,"[""scalar""]",[0.7709963649590117],False,,30,False,1.020791712119351,0.28571428571428564
VH_4_MFA,VH,MFA,VH_4_MFA__hybrid_optuna_021,all6,hybrid_optuna,generic_seed,trial_158,hybrid,1710e98be83bf964,1,True,0.7710544620465027,1,20.161041283540435,0.004990732252879027,3.714127616988655e-05,26.841612374427577,0.2098944392232498,2.4693662376925223e-07,7.467031412169971e-05,6.112816671390334e-06,2.895314968988468,6,0,1.0218374596941902,305.91432300648904,0.28571428571428564,0.7142857142857143,0.0,305.91432300648904,0.7142857142857143,0.0,90.30258200417728,0.0,0.0,306.62860872077476,True,False,False,optuna_seeded,158.0,"[""scalar""]",[0.7710544620465027],False,,31,False,1.0218374596941902,0.28571428571428564
VH_4_MFA,VH,MFA,VH_4_MFA__hybrid_optuna_022,all6,hybrid_optuna,generic_seed,trial_218,hybrid,1710e98be83bf964,1,True,0.7710792759972416,1,37.00195962615094,0.00617552954815545,2.4338610323168692e-05,40.07612787802396,1.083031471164417,2.1834071600986996e-07,9.349589519829953e-05,0.000667774832952878,4.0156481381511675,6,0,1.0222841108074887,304.51701027554185,0.28571428571428564,0.7142857142857143,0.0,304.51701027554185,0.7142857142857143,0.0,186.75761844902755,0.0,0.0,305.2312959898276,True,False,False,optuna_seeded,218.0,"[""scalar""]",[0.7710792759972416],False,,32,False,1.0222841108074887,0.28571428571428564
VH_4_MFA,VH,MFA,VH_4_MFA__hybrid_optuna_023,all6,hybrid_optuna,generic_seed,trial_237,hybrid,1710e98be83bf964,1,True,0.7711497077551891,1,48.36221455934657,0.004776558202510902,7.162606236055512e-05,50.37262731348493,1.4234367848664948,2.80045899101059e-07,8.750318103980827e-05,0.0003066240947048541,3.796191621439866,6,0,1.0235518824505434,300.6218240261159,0.28571428571428564,0.7142857142857143,0.0,300.6218240261159,0.7142857142857143,0.0,288.5254044515625,0.0,0.0,301.33610974040164,True,False,False,optuna_seeded,237.0,"[""scalar""]",[0.7711497077551891],False,,33,False,1.0235518824505434,0.28571428571428564
VH_4_MFA,VH,MFA,VH_4_MFA__hybrid_optuna_024,all6,hybrid_optuna,generic_seed,trial_220,hybrid,1710e98be83bf964,1,True,0.7711720533596559,1,40.143748512462395,0.006122230771913748,1.774081372583394e-05,40.61439924648963,0.6849539786815482,2.237882376173934e-07,9.405618640428331e-05,0.0025128593584511937,3.7876117502494324,6,0,1.0239541033309456,305.33286838317156,0.28571428571428564,0.7142857142857143,0.0,305.33286838317156,0.7142857142857143,0.0,191.64467334721314,0.0,0.0,306.0471540974573,True,False,False,optuna_seeded,220.0,"[""scalar""]",[0.7711720533596559],False,,34,False,1.0239541033309456,0.28571428571428564
VH_4_MFA,VH,MFA,VH_4_MFA__hybrid_optuna_025,all6,hybrid_optuna,generic_seed,trial_252,hybrid,1710e98be83bf964,1,True,0.7712003494337746,1,72.27835785936615,0.004554877888939932,0.00011528976616018804,41.933509062195164,0.7236563701793436,4.3097942053928266e-07,5.605001040801779e-05,0.0006505650010964921,4.100847477593783,6,0,1.0244634326650828,301.109336508916,0.28571428571428564,0.7142857142857143,0.0,301.109336508916,0.7142857142857143,0.0,200.7082224952522,0.0,0.0,301.8236222232017,True,False,False,optuna_seeded,252.0,"[""scalar""]",[0.7712003494337746],False,,35,False,1.0244634326650828,0.28571428571428564
VH_4_MFA,VH,MFA,VH_4_MFA__hybrid_optuna_026,all6,hybrid_optuna,generic_seed,trial_149,hybrid,1710e98be83bf964,1,True,0.771239485019522,1,24.047766895791465,0.005332370688453312,2.3806123498066742e-05,38.194881220056615,3.144664522820799,1.369663322337457e-07,0.0001001530155753785,4.729851619258056e-06,3.3320303978143326,6,0,1.0251678732085359,302.4040047949327,0.28571428571428564,0.7142857142857143,0.0,302.4040047949327,0.7142857142857143,0.0,175.3382854265288,0.0,0.0,303.1182905092184,True,False,False,optuna_seeded,149.0,"[""scalar""]",[0.771239485019522],False,,36,False,1.0251678732085359,0.28571428571428564
VH_4_MFA,VH,MFA,VH_4_MFA__hybrid_optuna_027,all6,hybrid_optuna,generic_seed,trial_276,hybrid,1710e98be83bf964,1,True,0.771261999815748,1,67.02089004442749,0.003951464540766452,7.41850759624479e-05,48.99101501535446,0.7378328099753501,2.64590131524196e-07,6.466558787413469e-05,0.0002389622754946612,3.9699578484651026,6,0,1.025573139540603,298.92824210279167,0.28571428571428564,0.7142857142857143,0.0,298.92824210279167,0.7142857142857143,0.0,273.0254238113305,0.0,0.0,299.6425278170774,True,False,False,optuna_seeded,276.0,"[""scalar""]",[0.771261999815748],False,,37,False,1.025573139540603,0.28571428571428564
VH_4_MFA,VH,MFA,VH_4_MFA__hybrid_optuna_028,all6,hybrid_optuna,generic_seed,trial_157,hybrid,1710e98be83bf964,1,True,0.7712723693510248,1,20.11063365883856,0.0051458960018612885,1.900735972350484e-05,28.892057091452244,2.5882150089083886,2.2978164480715352e-07,7.094266969949604e-05,1.9597337647348224e-06,2.9446848038963664,6,0,1.0257597911755882,306.78508643184557,0.28571428571428564,0.7142857142857143,0.0,306.78508643184557,0.7142857142857143,0.0,106.86854499310272,0.0,0.0,307.4993721461313,True,False,False,optuna_seeded,157.0,"[""scalar""]",[0.7712723693510248],False,,38,False,1.0257597911755882,0.28571428571428564
VH_4_MFA,VH,MFA,VH_4_MFA__hybrid_optuna_029,all6,hybrid_optuna,generic_seed,trial_215,hybrid,1710e98be83bf964,1,True,0.7713175314705519,1,39.94780477167776,0.005787607379405832,2.2431978989591128e-05,47.54187098496818,0.9456961679015511,1.9610468185575172e-07,7.175272080640343e-05,0.00048589518002132773,4.272195266253722,6,0,1.026572709327076,303.8226168641097,0.28571428571428564,0.7142857142857143,0.0,303.8226168641097,0.7142857142857143,0.0,259.28663585190316,0.0,0.0,304.5369025783954,True,False,False,optuna_seeded,215.0,"[""scalar""]",[0.7713175314705519],False,,39,False,1.026572709327076,0.28571428571428564
VH_4_MFA,VH,MFA,VH_4_MFA__hybrid_optuna_030,all6,hybrid_optuna,generic_seed,trial_246,hybrid,1710e98be83bf964,1,True,0.7713660227340388,1,50.12645414204169,0.004964760639048234,5.8000122591833224e-05,43.60767772108376,0.7553968006003929,1.756922884430233e-07,6.943168147509502e-05,0.0003315828123354501,3.974479460065198,6,0,1.0274455520698373,301.08423315862245,0.28571428571428564,0.7142857142857143,0.0,301.08423315862245,0.7142857142857143,0.0,218.51203189976843,0.0,0.0,301.7985188729082,True,False,False,optuna_seeded,246.0,"[""scalar""]",[0.7713660227340388],False,,40,False,1.0274455520698373,0.28571428571428564
VH_4_MFA,VH,MFA,VH_4_MFA__hybrid_optuna_031,all6,hybrid_optuna,generic_seed,trial_226,hybrid,1710e98be83bf964,1,True,0.7713777816453998,1,35.17048678919051,0.006212294912947752,2.244547686318741e-05,51.935781910856896,1.39682958211728,1.9938786940315114e-07,9.03390379361511e-05,0.00042462820871635667,3.5284582213694717,6,0,1.027657212474338,307.2776583268894,0.28571428571428564,0.7142857142857143,0.0,307.2776583268894,0.7142857142857143,0.0,307.8714626739522,0.0,0.0,307.99194404117515,True,False,False,optuna_seeded,226.0,"[""scalar""]",[0.7713777816453998],False,,41,False,1.027657212474338,0.28571428571428564
VH_4_MFA,VH,MFA,VH_4_MFA__hybrid_optuna_032,all6,hybrid_optuna,generic_seed,trial_241,hybrid,1710e98be83bf964,1,True,0.771383597093609,1,44.25419051167763,0.004974062028828688,3.8357019581182235e-05,49.48257464575374,1.4736045466766907,2.702705057122141e-07,9.587152399309787e-05,0.00039039130839010455,3.7602246292888726,6,0,1.0277618905421029,301.27372950036806,0.28571428571428564,0.7142857142857143,0.0,301.27372950036806,0.7142857142857143,0.0,279.4287361071214,0.0,0.0,301.9880152146538,True,False,False,optuna_seeded,241.0,"[""scalar""]",[0.771383597093609],False,,42,False,1.0277618905421029,0.28571428571428564
VH_4_MFA,VH,MFA,VH_4_MFA__hybrid_optuna_033,all6,hybrid_optuna,generic_seed,trial_146,hybrid,1710e98be83bf964,1,True,0.7714102073832276,1,16.17822425130569,0.008212933096252087,2.4546675295193477e-05,49.245928028260124,3.2034467208022233,1.4125881217746983e-07,0.00016648871936162562,5.719594347567113e-06,4.639271921815976,6,0,1.028240875755238,303.93617811452015,0.28571428571428564,0.7142857142857143,0.0,303.93617811452015,0.7142857142857143,0.0,282.35751182960536,0.0,0.0,304.65046382880587,True,False,False,optuna_seeded,146.0,"[""scalar""]",[0.7714102073832276],False,,43,False,1.028240875755238,0.28571428571428564
VH_4_MFA,VH,MFA,VH_4_MFA__hybrid_optuna_034,all6,hybrid_optuna,generic_seed,trial_227,hybrid,1710e98be83bf964,1,True,0.7714335601555121,1,35.16064533002359,0.0060941187548608725,2.9845523931556333e-05,52.17453332243652,1.3453162177937281,2.3311310065111708e-07,0.00010116905269406689,0.0004900800420295967,3.5945151350093125,6,0,1.0286612256563583,306.2644025378097,0.28571428571428564,0.7142857142857143,0.0,306.2644025378097,0.7142857142857143,0.0,310.0427147856983,0.0,0.0,306.9786882520954,True,False,False,optuna_seeded,227.0,"[""scalar""]",[0.7714335601555121],False,,44,False,1.0286612256563583,0.28571428571428564
VH_4_MFA,VH,MFA,VH_4_MFA__hybrid_optuna_035,all6,hybrid_optuna,generic_seed,trial_178,hybrid,1710e98be83bf964,1,True,0.7714560964213243,1,35.10030662135202,0.0036957535766528244,2.871452260430197e-05,10.034296775013502,0.3839107713160633,6.836799757988845e-07,3.283605745609044e-05,2.097142924353919e-05,3.1511230973830515,6,0,1.029066878440977,304.14148208743427,0.28571428571428564,0.7142857142857143,0.0,304.14148208743427,0.7142857142857143,0.0,20.2170413666457,0.0,0.0,304.85576780172,True,False,False,optuna_seeded,178.0,"[""scalar""]",[0.7714560964213243],False,,45,False,1.029066878440977,0.28571428571428564
VH_4_MFA,VH,MFA,VH_4_MFA__hybrid_optuna_036,all6,hybrid_optuna,generic_seed,trial_256,hybrid,1710e98be83bf964,1,True,0.771458630230301,1,60.30284186169525,0.003717212055267026,0.0001487134671892476,43.45024482479656,0.7457184715513643,3.5524709369828507e-07,5.237634493349742e-05,0.0025123903426167438,4.01888879322527,6,0,1.029112487002559,299.7458097244681,0.28571428571428564,0.7142857142857143,0.0,299.7458097244681,0.7142857142857143,0.0,215.0000833849949,0.0,0.0,300.4600954387538,True,False,False,optuna_seeded,256.0,"[""scalar""]",[0.771458630230301],False,,46,False,1.029112487002559,0.28571428571428564
VH_4_MFA,VH,MFA,VH_4_MFA__hybrid_optuna_037,all6,hybrid_optuna,generic_seed,trial_244,hybrid,1710e98be83bf964,1,True,0.7715088289704329,1,42.86820160385767,0.005040054999082611,6.089108830282866e-05,49.06633583998793,1.114094996732892,2.810201833880807e-07,9.036461023389701e-05,0.0003391020361750171,4.416208988644826,6,0,1.0300160643249339,299.98975614012824,0.28571428571428564,0.7142857142857143,0.0,299.98975614012824,0.7142857142857143,0.0,274.2157827033121,0.0,0.0,300.70404185441396,True,False,False,optuna_seeded,244.0,"[""scalar""]",[0.7715088289704329],False,,47,False,1.0300160643249339,0.28571428571428564
VH_4_MFA,VH,MFA,VH_4_MFA__hybrid_optuna_038,all6,hybrid_optuna,generic_seed,trial_259,hybrid,1710e98be83bf964,1,True,0.7715646716601647,1,72.90602064346642,0.0037861440314095546,7.988669967505403e-05,44.531886610292744,0.7932578666857117,3.550773747528464e-07,4.853560181511185e-05,0.003164084897919174,4.71148448928158,6,0,1.031021232740105,298.4483154716384,0.28571428571428564,0.7142857142857143,0.0,298.4483154716384,0.7142857142857143,0.0,226.3514012583528,0.0,0.0,299.16260118592413,True,False,False,optuna_seeded,259.0,"[""scalar""]",[0.7715646716601647],False,,48,False,1.031021232740105,0.28571428571428564
VH_4_MFA,VH,MFA,VH_4_MFA__hybrid_optuna_039,all6,hybrid_optuna,generic_seed,trial_228,hybrid,1710e98be83bf964,1,True,0.7716349051522468,1,37.62621720712788,0.005086646650785706,2.870274925248589e-05,51.55357103214051,1.4369734300529784,2.805186891812465e-07,9.628808227218322e-05,0.00042752621811325317,3.6297701428485096,6,0,1.032285435597583,302.4748145806389,0.28571428571428564,0.7142857142857143,0.0,302.4748145806389,0.7142857142857143,0.0,302.8307555831544,0.0,0.0,303.18910029492463,True,False,False,optuna_seeded,228.0,"[""scalar""]",[0.7716349051522468],False,,49,False,1.032285435597583,0.28571428571428564
VH_4_MFA,VH,MFA,VH_4_MFA__hybrid_optuna_040,all6,hybrid_optuna,generic_seed,trial_272,hybrid,1710e98be83bf964,1,True,0.7716370793723702,1,46.66908436247638,0.004358904124083458,0.00012350951373868375,46.62818287451008,0.4800453884836137,2.508470862809475e-07,0.00010332979015506291,0.00033156678558900275,3.209313699837604,6,0,1.0323245715598042,301.98214792222933,0.28571428571428564,0.7142857142857143,0.0,301.98214792222933,0.7142857142857143,0.0,247.16702372622188,0.0,0.0,302.69643363651505,True,False,False,optuna_seeded,272.0,"[""scalar""]",[0.7716370793723702],False,,50,False,1.0323245715598042,0.28571428571428564
VH_4_MFA,VH,MFA,VH_4_MFA__hybrid_optuna_041,all6,hybrid_optuna,generic_seed,trial_253,hybrid,1710e98be83bf964,1,True,0.7716979821227117,1,90.19008350863379,0.004594791824703685,0.00011028946224553727,41.56319433780317,0.717241243508883,5.013559901796485e-07,5.425949229892259e-05,0.00023330000434686107,3.2397530983772054,6,0,1.0334208210659517,305.97979959929376,0.28571428571428564,0.7142857142857143,0.0,305.97979959929376,0.7142857142857143,0.0,197.3178084955612,0.0,0.0,306.6940853135795,True,False,False,optuna_seeded,253.0,"[""scalar""]",[0.7716979821227117],False,,51,False,1.0334208210659517,0.28571428571428564
VH_4_MFA,VH,MFA,VH_4_MFA__hybrid_optuna_042,all6,hybrid_optuna,generic_seed,trial_261,hybrid,1710e98be83bf964,1,True,0.7717187827802082,1,75.28131016764937,0.004376765252221601,8.425422136067497e-05,41.38231068750061,0.77925659352539,3.443693230382753e-07,4.6383517212441176e-05,0.00018866827409988704,0.07025154728191967,6,0,1.0337952329008895,312.2654202287895,0.28571428571428564,0.7142857142857143,0.0,312.2654202287895,0.7142857142857143,0.0,195.6429264839602,0.0,0.0,312.9797059430752,True,False,False,optuna_seeded,261.0,"[""scalar""]",[0.7717187827802082],False,,52,False,1.0337952329008895,0.28571428571428564
VH_4_MFA,VH,MFA,VH_4_MFA__hybrid_optuna_043,all6,hybrid_optuna,generic_seed,trial_36,hybrid,1710e98be83bf964,1,True,0.7717824911370813,1,15.10533351860005,0.012859838667274616,4.502525915976893e-05,107.83557744656339,49.84324848563434,5.273002621234661e-08,0.00021487464496863583,1.3847163309715965e-07,7.199433885749338,6,0,1.0349419833246047,299.82755001100645,0.28571428571428564,0.7142857142857143,0.0,299.82755001100645,0.7142857142857143,0.0,1312.8930091524267,0.0,0.0,300.5418357252922,True,False,False,optuna_seeded,36.0,"[""scalar""]",[0.7717824911370813],False,,53,False,1.0349419833246047,0.28571428571428564
VH_4_MFA,VH,MFA,VH_4_MFA__hybrid_optuna_044,all6,hybrid_optuna,generic_seed,trial_187,hybrid,1710e98be83bf964,1,True,0.7718662056370056,1,35.322241834318746,0.004210227734686592,2.119069162574795e-05,13.509140230914207,0.1750437668517617,6.248061094811098e-07,4.41683727789008e-05,2.4432450870806663e-06,2.2323518881221203,6,0,1.0364488443232414,309.2987086213809,0.28571428571428564,0.7142857142857143,0.0,309.2987086213809,0.7142857142857143,0.0,31.660170748991472,0.0,0.0,310.01299433566663,True,False,False,optuna_seeded,187.0,"[""scalar""]",[0.7718662056370056],False,,54,False,1.0364488443232414,0.28571428571428564
VH_4_MFA,VH,MFA,VH_4_MFA__hybrid_optuna_045,all6,hybrid_optuna,generic_seed,trial_288,hybrid,1710e98be83bf964,1,True,0.7718689870998504,1,40.09314624197141,0.006120063746449454,5.825889673170567e-05,45.547502006579116,1.9235641680160926,2.3281050380892536e-07,8.122650986520675e-05,0.0012998767532226756,3.0605468422172684,6,0,1.0364989106544489,311.67969815412397,0.28571428571428564,0.7142857142857143,0.0,311.67969815412397,0.7142857142857143,0.0,237.56729396211824,0.0,0.0,312.3939838684097,True,False,False,optuna_seeded,288.0,"[""scalar""]",[0.7718689870998504],False,,55,False,1.0364989106544489,0.28571428571428564
VH_4_MFA,VH,MFA,VH_4_MFA__hybrid_optuna_046,all6,hybrid_optuna,generic_seed,trial_212,hybrid,1710e98be83bf964,1,True,0.7719021546299988,1,40.97847731241926,0.0056925450345167924,2.9317907073666288e-05,45.5858084399265,0.8665765589938563,2.193271692615039e-07,5.839737846916244e-05,0.000589351251962866,4.064637588322344,6,0,1.0370959261971193,306.37962840019503,0.28571428571428564,0.7142857142857143,0.0,306.37962840019503,0.7142857142857143,0.0,238.45355259864144,0.0,0.0,307.09391411448075,True,False,False,optuna_seeded,212.0,"[""scalar""]",[0.7719021546299988],False,,56,False,1.0370959261971193,0.28571428571428564
VH_4_MFA,VH,MFA,VH_4_MFA__hybrid_optuna_047,all6,hybrid_optuna,generic_seed,trial_148,hybrid,1710e98be83bf964,1,True,0.7719229169350056,1,21.819044829569204,0.006039514354404889,2.1655208423581205e-05,46.677160508747235,3.269950610661684,1.3916378984323196e-07,9.203046035639447e-05,6.444634148893726e-06,3.2687464921985074,6,0,1.037469647687241,307.248641135084,0.28571428571428564,0.7142857142857143,0.0,307.248641135084,0.7142857142857143,0.0,254.66604539245066,0.0,0.0,307.9629268493697,True,False,False,optuna_seeded,148.0,"[""scalar""]",[0.7719229169350056],False,,57,False,1.037469647687241,0.28571428571428564
VH_4_MFA,VH,MFA,VH_4_MFA__hybrid_optuna_048,all6,hybrid_optuna,generic_seed,trial_206,hybrid,1710e98be83bf964,1,True,0.7719793231407032,1,31.076122698342918,0.006062111450917512,2.6035358220931627e-05,27.75423558535074,0.39016969533304985,1.8620444819231568e-07,0.00011930872719247742,3.7845001322286574e-06,2.146996521973654,6,0,1.0384849593897971,312.60048655465056,0.28571428571428564,0.7142857142857143,0.0,312.60048655465056,0.7142857142857143,0.0,97.40400903279632,0.0,0.0,313.3147722689363,True,False,False,optuna_seeded,206.0,"[""scalar""]",[0.7719793231407032],False,,58,False,1.0384849593897971,0.28571428571428564
VH_4_MFA,VH,MFA,VH_4_MFA__hybrid_optuna_049,all6,hybrid_optuna,generic_seed,trial_216,hybrid,1710e98be83bf964,1,True,0.771979403507717,1,41.594385614817575,0.005937197982195356,2.349553677571652e-05,44.79869277320935,0.8974340501239372,1.988821028314003e-07,6.388029836286288e-05,0.0007843983455769967,4.162152383438286,6,0,1.0384864059960457,307.002661011504,0.28571428571428564,0.7142857142857143,0.0,307.002661011504,0.7142857142857143,0.0,231.01916833316076,0.0,0.0,307.71694672578974,True,False,False,optuna_seeded,216.0,"[""scalar""]",[0.771979403507717],False,,59,False,1.0384864059960457,0.28571428571428564
VH_4_MFA,VH,MFA,VH_4_MFA__hybrid_optuna_050,all6,hybrid_optuna,generic_seed,trial_128,hybrid,1710e98be83bf964,1,True,0.7720057906152789,1,9.150742020247472,0.011488149372618233,1.1667987791479306e-05,68.6365314182985,2.0766169837859914,1.1719792356578008e-07,0.00019341771926387655,4.1582988807903194e-07,5.685624867548488,6,0,1.0389613739321593,308.04849642410255,0.28571428571428564,0.7142857142857143,0.0,308.04849642410255,0.7142857142857143,0.0,540.6602082227888,0.0,0.0,308.7627821383883,True,False,False,optuna_seeded,128.0,"[""scalar""]",[0.7720057906152789],False,,60,False,1.0389613739321593,0.28571428571428564
VH_4_MFA,VH,MFA,VH_4_MFA__hybrid_optuna_051,all6,hybrid_optuna,generic_seed,trial_223,hybrid,1710e98be83bf964,1,True,0.7720314923939343,1,37.66023135646696,0.005842642230782194,1.782777140892208e-05,44.57638731119175,0.6626177242758786,1.2478049646384078e-07,8.565715085716211e-05,0.0012134074894020708,3.8943582774756864,6,0,1.039424005947959,304.3766487859972,0.28571428571428564,0.7142857142857143,0.0,304.3766487859972,0.7142857142857143,0.0,229.65546907207786,0.0,0.0,305.0909345002829,True,False,False,optuna_seeded,223.0,"[""scalar""]",[0.7720314923939343],False,,61,False,1.039424005947959,0.28571428571428564
VH_4_MFA,VH,MFA,VH_4_MFA__hybrid_optuna_052,all6,hybrid_optuna,generic_seed,trial_214,hybrid,1710e98be83bf964,1,True,0.7720442266716968,1,40.0755814378093,0.0059378762689257306,2.5515182537402872e-05,47.05714932897699,0.8896386191116735,1.972400613909667e-07,6.223043011367091e-05,0.0008343930026226107,4.3392614183667675,6,0,1.0396532229476831,306.6731436513065,0.28571428571428564,0.7142857142857143,0.0,306.6731436513065,0.7142857142857143,0.0,253.87666983052526,0.0,0.0,307.3874293655922,True,False,False,optuna_seeded,214.0,"[""scalar""]",[0.7720442266716968],False,,62,False,1.0396532229476831,0.28571428571428564
VH_4_MFA,VH,MFA,VH_4_MFA__hybrid_optuna_053,all6,hybrid_optuna,generic_seed,trial_147,hybrid,1710e98be83bf964,1,True,0.7721165073535357,1,10.382669020368464,0.00877670384308345,2.1913305069929166e-05,47.4053851182787,2.868773072919864,1.545747248285992e-07,0.00015865230138880656,2.0952822802132865e-06,4.655679637872642,6,0,1.0409542752207814,308.44312822720525,0.28571428571428564,0.7142857142857143,0.0,308.44312822720525,0.7142857142857143,0.0,263.9831558985859,0.0,0.0,309.157413941491,True,False,False,optuna_seeded,147.0,"[""scalar""]",[0.7721165073535357],False,,63,False,1.0409542752207814,0.28571428571428564
VH_4_MFA,VH,MFA,VH_4_MFA__hybrid_optuna_054,all6,hybrid_optuna,generic_seed,trial_161,hybrid,1710e98be83bf964,1,True,0.7721295584662852,1,32.48732742856207,0.004391392717173616,3.7442459909384195e-05,25.411782803036353,0.21586371094908102,2.372858982918908e-07,4.629935390129955e-05,0.00016782440273129003,2.780675429764416,6,0,1.0411891952502732,306.4803774265086,0.28571428571428564,0.7142857142857143,0.0,306.4803774265086,0.7142857142857143,0.0,79.2548478301632,0.0,0.0,307.1946631407943,True,False,False,optuna_seeded,161.0,"[""scalar""]",[0.7721295584662852],False,,64,False,1.0411891952502732,0.28571428571428564
VH_4_MFA,VH,MFA,VH_4_MFA__hybrid_optuna_055,all6,hybrid_optuna,generic_seed,trial_213,hybrid,1710e98be83bf964,1,True,0.772149734959268,1,44.57606018746195,0.005771304923328577,2.7557370502844846e-05,47.04309439554177,0.7725469144235394,2.02284922557318e-07,5.815007576519472e-05,0.0009163740589457811,4.234525348507048,6,0,1.041552372123964,306.6801481025551,0.28571428571428564,0.7142857142857143,0.0,306.6801481025551,0.7142857142857143,0.0,253.47703484910164,0.0,0.0,307.39443381684083,True,False,False,optuna_seeded,213.0,"[""scalar""]",[0.772149734959268],False,,65,False,1.041552372123964,0.28571428571428564
VH_4_MFA,VH,MFA,VH_4_MFA__hybrid_optuna_056,all6,hybrid_optuna,generic_seed,trial_282,hybrid,1710e98be83bf964,1,True,0.7721568070229231,1,43.270040099633746,0.005634050159800859,7.00277871796859e-05,42.793969440682524,1.1630846352041297,3.671207278465738e-07,4.875256450358667e-05,0.0009289589969680537,3.0742940358893174,6,0,1.0416796692697574,313.65407974759614,0.28571428571428564,0.7142857142857143,0.0,313.65407974759614,0.7142857142857143,0.0,209.41819246316163,0.0,0.0,314.36836546188187,True,False,False,optuna_seeded,282.0,"[""scalar""]",[0.7721568070229231],False,,66,False,1.0416796692697574,0.28571428571428564
VH_4_MFA,VH,MFA,VH_4_MFA__hybrid_optuna_057,all6,hybrid_optuna,generic_seed,trial_151,hybrid,1710e98be83bf964,1,True,0.7721885860696143,1,24.027989951671742,0.003987194229575084,1.2539216376610344e-05,48.08980814729689,3.2891880056950975,1.4783102189266737e-07,0.00011365449052980886,2.841867557898989e-06,2.7618254502703423,6,0,1.0422516921101965,301.7510409903658,0.28571428571428564,0.7142857142857143,0.0,301.7510409903658,0.7142857142857143,0.0,271.2540048275327,0.0,0.0,302.46532670465155,True,False,False,optuna_seeded,151.0,"[""scalar""]",[0.7721885860696143],False,,67,False,1.0422516921101965,0.28571428571428564
VH_4_MFA,VH,MFA,VH_4_MFA__hybrid_optuna_058,all6,hybrid_optuna,generic_seed,trial_173,hybrid,1710e98be83bf964,1,True,0.7722402193979736,1,49.4768182919355,0.004172226662847079,3.066044916071824e-05,19.083637723470936,0.3171438917853467,2.7005939832131434e-07,3.789277471636633e-05,4.0406045269060994e-05,3.1125503120937807,6,0,1.0431810920206652,305.30337069515207,0.28571428571428564,0.7142857142857143,0.0,305.30337069515207,0.7142857142857143,0.0,49.42150241722736,0.0,0.0,306.0176564094378,True,False,False,optuna_seeded,173.0,"[""scalar""]",[0.7722402193979736],False,,68,False,1.0431810920206652,0.28571428571428564
VH_4_MFA,VH,MFA,VH_4_MFA__hybrid_optuna_059,all6,hybrid_optuna,generic_seed,trial_192,hybrid,1710e98be83bf964,1,True,0.7723111386562559,1,18.389005200909573,0.004194603577063749,4.088308923584365e-05,33.49181652787124,0.2991337226510989,3.5668208548681126e-07,3.38995568785145e-05,3.0812263258989285e-06,3.107954021747547,6,0,1.0444576386697462,308.310030104807,0.28571428571428564,0.7142857142857143,0.0,308.310030104807,0.7142857142857143,0.0,134.92761290099642,0.0,0.0,309.02431581909275,True,False,False,optuna_seeded,192.0,"[""scalar""]",[0.7723111386562559],False,,69,False,1.0444576386697462,0.28571428571428564
VH_4_MFA,VH,MFA,VH_4_MFA__hybrid_optuna_060,all6,hybrid_optuna,generic_seed,trial_160,hybrid,1710e98be83bf964,1,True,0.7723362382058259,1,30.86149117427491,0.00441855740950148,3.7629233069189845e-05,31.018008028906202,0.20391544587556065,2.883255405943244e-07,3.890218087074822e-05,0.00011045965257604602,1.9482971642913751,6,0,1.0449094305620066,309.0974917799159,0.28571428571428564,0.7142857142857143,0.0,309.0974917799159,0.7142857142857143,0.0,113.86973098538023,0.0,0.0,309.81177749420164,True,False,False,optuna_seeded,160.0,"[""scalar""]",[0.7723362382058259],False,,70,False,1.0449094305620066,0.28571428571428564
VH_4_MFA,VH,MFA,VH_4_MFA__hybrid_optuna_061,all6,hybrid_optuna,generic_seed,trial_292,hybrid,1710e98be83bf964,1,True,0.7724517337189971,1,38.61027772908165,0.006948743117997237,3.847770781818271e-05,51.807607292522526,1.5405640046427787,2.3884153142138506e-07,8.75019384674981e-05,0.00027000280178358834,3.840280228242803,6,0,1.0469883497990886,315.17071450699996,0.28571428571428564,0.7142857142857143,0.0,315.17071450699996,0.7142857142857143,0.0,305.7188099033297,0.0,0.0,315.8850002212857,True,False,False,optuna_seeded,292.0,"[""scalar""]",[0.7724517337189971],False,,71,False,1.0469883497990886,0.28571428571428564
VH_4_MFA,VH,MFA,VH_4_MFA__hybrid_optuna_062,all6,hybrid_optuna,generic_seed,trial_170,hybrid,1710e98be83bf964,1,True,0.7724995207194649,1,18.84005964164822,0.004047736267175607,3.8905399515631224e-05,26.212547258586206,0.25751822770820015,1.482188605406346e-07,8.384021442821424e-05,3.3156653956085722e-06,2.679447817510551,6,0,1.047848515807509,305.20491151940024,0.28571428571428564,0.7142857142857143,0.0,305.20491151940024,0.7142857142857143,0.0,88.09825503740069,0.0,0.0,305.91919723368596,True,False,False,optuna_seeded,170.0,"[""scalar""]",[0.7724995207194649],False,,72,False,1.047848515807509,0.28571428571428564
VH_4_MFA,VH,MFA,VH_4_MFA__hybrid_optuna_063,all6,hybrid_optuna,generic_seed,trial_127,hybrid,1710e98be83bf964,1,True,0.772509088520758,1,4.51918321234502,0.011073444424690474,1.0778504959603453e-05,57.54945882292434,4.7659251319074345,1.3111505011890737e-07,0.00016469308447051532,3.3235083858811377e-07,8.22094557614371,6,0,1.0480207362307832,302.29656796876293,0.28571428571428564,0.7142857142857143,0.0,302.29656796876293,0.7142857142857143,0.0,387.2913181892779,0.0,0.0,303.01085368304865,True,False,False,optuna_seeded,127.0,"[""scalar""]",[0.772509088520758],False,,73,False,1.0480207362307832,0.28571428571428564
VH_4_MFA,VH,MFA,VH_4_MFA__hybrid_optuna_064,all6,hybrid_optuna,generic_seed,trial_172,hybrid,1710e98be83bf964,1,True,0.7725128350865985,1,25.212929015484786,0.0041345262334771034,6.437262113483057e-05,35.611658403777305,0.251921232379441,2.7847414415723613e-07,3.7768610070713824e-05,5.209939074272349e-05,2.7141920529984156,6,0,1.048088174415913,307.9631723864657,0.28571428571428564,0.7142857142857143,0.0,307.9631723864657,0.7142857142857143,0.0,147.81908442170914,0.0,0.0,308.67745810075144,True,False,False,optuna_seeded,172.0,"[""scalar""]",[0.7725128350865985],False,,74,False,1.048088174415913,0.28571428571428564
VH_4_MFA,VH,MFA,VH_4_MFA__hybrid_optuna_065,all6,hybrid_optuna,generic_seed,trial_163,hybrid,1710e98be83bf964,1,True,0.772588093538724,1,22.727935286164413,0.00544196095476317,3.744898882943544e-05,25.97955318722459,0.16571089515721435,3.1943342081149135e-07,4.936563508991084e-05,0.00014351776125238872,1.8805886016495075,6,0,1.0494428265541742,315.6513531155419,0.28571428571428564,0.7142857142857143,0.0,315.6513531155419,0.7142857142857143,0.0,81.87738776992875,0.0,0.0,316.3656388298276,True,False,False,optuna_seeded,163.0,"[""scalar""]",[0.772588093538724],False,,75,False,1.0494428265541742,0.28571428571428564
VH_4_MFA,VH,MFA,VH_4_MFA__hybrid_optuna_066,all6,hybrid_optuna,generic_seed,trial_222,hybrid,1710e98be83bf964,1,True,0.7726116371802333,1,57.07701387010417,0.007156569588882623,1.796422294210291e-05,40.279270109882084,1.1617378242959653,2.250513538672372e-07,9.75178314054582e-05,0.0041528266987147676,3.7769173247521186,6,0,1.0498666121013394,316.43163993189614,0.28571428571428564,0.7142857142857143,0.0,316.43163993189614,0.7142857142857143,0.0,189.0979943857936,0.0,0.0,317.14592564618187,True,False,False,optuna_seeded,222.0,"[""scalar""]",[0.7726116371802333],False,,76,False,1.0498666121013394,0.28571428571428564
VH_4_MFA,VH,MFA,VH_4_MFA__hybrid_optuna_067,all6,hybrid_optuna,generic_seed,trial_240,hybrid,1710e98be83bf964,1,True,0.7726324295935788,1,55.1400657042944,0.005139936733044202,4.9849432072907905e-05,54.97635936400714,1.7470801774184204,3.9986920236130345e-07,7.524559605431592e-05,0.007644265264131316,3.4057852254234233,6,0,1.0502408755415586,308.3968878741902,0.28571428571428564,0.7142857142857143,0.0,308.3968878741902,0.7142857142857143,0.0,342.3740780045948,0.0,0.0,309.11117358847594,True,False,False,optuna_seeded,240.0,"[""scalar""]",[0.7726324295935788],False,,77,False,1.0502408755415586,0.28571428571428564
VH_4_MFA,VH,MFA,VH_4_MFA__hybrid_optuna_068,all6,hybrid_optuna,generic_seed,trial_159,hybrid,1710e98be83bf964,1,True,0.7726869623281208,1,23.903353863715104,0.0045215498639666896,3.879039723214186e-05,25.957190568910327,2.828239513119271,2.402918820570903e-07,4.399462963523101e-05,6.929544013349602e-05,1.9464741983319351,6,0,1.0512224647633157,310.2506901067922,0.28571428571428564,0.7142857142857143,0.0,310.2506901067922,0.7142857142857143,0.0,84.13317551541559,0.0,0.0,310.9649758210779,True,False,False,optuna_seeded,159.0,"[""scalar""]",[0.7726869623281208],False,,78,False,1.0512224647633157,0.28571428571428564
VH_4_MFA,VH,MFA,VH_4_MFA__hybrid_optuna_069,all6,hybrid_optuna,generic_seed,trial_199,hybrid,1710e98be83bf964,1,True,0.7727052233886849,1,42.882626718521095,0.004005542824422062,4.660103122881369e-05,32.91382594820279,3.091045496316241,1.2518060739441604e-07,9.851881086173012e-05,1.074684590431173e-05,3.269186503890933,6,0,1.0515511638534678,300.2606251411474,0.28571428571428564,0.7142857142857143,0.0,300.2606251411474,0.7142857142857143,0.0,132.19722476973234,0.0,0.0,300.9749108554331,True,False,False,optuna_seeded,199.0,"[""scalar""]",[0.7727052233886849],False,,79,False,1.0515511638534678,0.28571428571428564
VH_4_MFA,VH,MFA,VH_4_MFA__hybrid_optuna_070,all6,hybrid_optuna,generic_seed,trial_245,hybrid,1710e98be83bf964,1,True,0.7727076842394054,1,58.367857924930654,0.006325760555115781,3.7141395711243675e-05,50.73401856564909,1.0617807917938638,2.3234511626258477e-07,0.00013116845293375024,0.0004921311121102924,3.598354695613972,6,0,1.051595459166437,307.94093396353725,0.28571428571428564,0.7142857142857143,0.0,307.94093396353725,0.7142857142857143,0.0,293.343900831032,0.0,0.0,308.65521967782297,True,False,False,optuna_seeded,245.0,"[""scalar""]",[0.7727076842394054],False,,80,False,1.051595459166437,0.28571428571428564
VH_4_MFA,VH,MFA,VH_4_MFA__hybrid_optuna_071,all6,hybrid_optuna,generic_seed,trial_207,hybrid,1710e98be83bf964,1,True,0.7727342649793096,1,33.660929122543756,0.00666262275322797,2.469318230446915e-05,28.596050466322914,0.3409378663011643,1.735351418052485e-07,0.00011795192254287592,3.752235097968244e-06,2.211824158249863,6,0,1.052073912484715,318.2431221843277,0.28571428571428564,0.7142857142857143,0.0,318.2431221843277,0.7142857142857143,0.0,102.75447567702263,0.0,0.0,318.95740789861344,True,False,False,optuna_seeded,207.0,"[""scalar""]",[0.7727342649793096],False,,81,False,1.052073912484715,0.28571428571428564
VH_4_MFA,VH,MFA,VH_4_MFA__hybrid_optuna_072,all6,hybrid_optuna,generic_seed,trial_297,hybrid,1710e98be83bf964,1,True,0.772748051805035,1,51.65814805645762,0.004096330830070665,3.680056525238488e-05,49.62609108659508,2.1330098445999686,2.2961350066258143e-07,9.291552299003197e-05,0.0008733552303971413,4.582690377288419,6,0,1.052322075347771,298.7015198345365,0.28571428571428564,0.7142857142857143,0.0,298.7015198345365,0.7142857142857143,0.0,281.5828001281528,0.0,0.0,299.4158055488222,True,False,False,optuna_seeded,297.0,"[""scalar""]",[0.772748051805035],False,,82,False,1.052322075347771,0.28571428571428564
VH_4_MFA,VH,MFA,VH_4_MFA__hybrid_optuna_073,all6,hybrid_optuna,generic_seed,trial_180,hybrid,1710e98be83bf964,1,True,0.772761868094814,1,38.60616416369067,0.0036738445355249012,2.0842413098810775e-05,21.413876348073043,0.3709370022860082,1.3322364055459163e-06,1.9178188194834565e-05,2.9968481959613378e-05,3.567493573611601,6,0,1.052570768563791,305.51161512994133,0.28571428571428564,0.7142857142857143,0.0,305.51161512994133,0.7142857142857143,0.0,58.997158681499954,0.0,0.0,306.22590084422706,True,False,False,optuna_seeded,180.0,"[""scalar""]",[0.772761868094814],False,,83,False,1.052570768563791,0.28571428571428564
VH_4_MFA,VH,MFA,VH_4_MFA__hybrid_optuna_074,all6,hybrid_optuna,generic_seed,trial_275,hybrid,1710e98be83bf964,1,True,0.7728038093598546,1,48.4783727718619,0.005119454797630697,5.5247556300495715e-05,36.39924736536998,1.0145961668276018,6.035365748138175e-07,4.5860789602843204e-05,0.0006587036273997888,3.5760110133177596,6,0,1.0533257113345231,311.9011068056362,0.28571428571428564,0.7142857142857143,0.0,311.9011068056362,0.7142857142857143,0.0,153.20883224615463,0.0,0.0,312.6153925199219,True,False,False,optuna_seeded,275.0,"[""scalar""]",[0.7728038093598546],False,,84,False,1.0533257113345231,0.28571428571428564
VH_4_MFA,VH,MFA,VH_4_MFA__hybrid_optuna_075,all6,hybrid_optuna,generic_seed,trial_132,hybrid,1710e98be83bf964,1,True,0.7728965890310714,1,15.003854464254655,0.01158313936419938,1.4304387228343946e-05,56.70784619784409,4.6717936598973875,9.355165204735723e-08,0.00018641672577411584,1.601913911276137e-06,4.853013406390026,6,0,1.0549957454164252,316.5586845151952,0.28571428571428564,0.7142857142857143,0.0,316.5586845151952,0.7142857142857143,0.0,373.37870852931866,0.0,0.0,317.2729702294809,True,False,False,optuna_seeded,132.0,"[""scalar""]",[0.7728965890310714],False,,85,False,1.0549957454164252,0.28571428571428564
VH_4_MFA,VH,MFA,VH_4_MFA__hybrid_optuna_076,all6,hybrid_optuna,generic_seed,trial_289,hybrid,1710e98be83bf964,1,True,0.772911206326477,1,54.93297212181154,0.003735125961133811,9.557385466223744e-05,49.50301793129171,0.7517975468859968,3.0127291237690867e-07,6.332047745029078e-05,0.00015754724914326707,5.127313119876058,6,0,1.0552588567337262,298.6872157052439,0.28571428571428564,0.7142857142857143,0.0,298.6872157052439,0.7142857142857143,0.0,278.52112724059606,0.0,0.0,299.4015014195296,True,False,False,optuna_seeded,289.0,"[""scalar""]",[0.772911206326477],False,,86,False,1.0552588567337262,0.28571428571428564
VH_4_MFA,VH,MFA,VH_4_MFA__hybrid_optuna_077,all6,hybrid_optuna,generic_seed,trial_251,hybrid,1710e98be83bf964,1,True,0.7729390335712768,1,64.20256176428833,0.003357530947668525,0.00013090052413305647,39.503823575364066,0.5623287546400715,4.043666140490723e-07,5.294503777270418e-05,0.00024439089250942784,4.241437442335665,6,0,1.0557597471401228,300.96409872678106,0.28571428571428564,0.7142857142857143,0.0,300.96409872678106,0.7142857142857143,0.0,178.94059207065732,0.0,0.0,301.6783844410668,True,False,False,optuna_seeded,251.0,"[""scalar""]",[0.7729390335712768],False,,87,False,1.0557597471401228,0.28571428571428564
VH_4_MFA,VH,MFA,VH_4_MFA__hybrid_optuna_078,all6,hybrid_optuna,generic_seed,trial_291,hybrid,1710e98be83bf964,1,True,0.7729870110557515,1,47.857073964336756,0.0050383043966675855,0.0001346719956284436,38.823534141023245,0.9227321390716458,4.330171738055845e-07,2.3130532198950112e-05,0.000675357511748402,4.595251541665722,6,0,1.0566233418606685,309.2334679518453,0.28571428571428564,0.7142857142857143,0.0,309.2334679518453,0.7142857142857143,0.0,172.79703598463388,0.0,0.0,309.947753666131,True,False,False,optuna_seeded,291.0,"[""scalar""]",[0.7729870110557515],False,,88,False,1.0566233418606685,0.28571428571428564
VH_4_MFA,VH,MFA,VH_4_MFA__hybrid_optuna_079,all6,hybrid_optuna,generic_seed,trial_269,hybrid,1710e98be83bf964,1,True,0.7730415464265137,1,65.69135326605738,0.0037199033182075303,0.0002166220218641671,54.98132323853429,2.040793837733798,2.8571069506475447e-07,8.509008078572385e-05,0.001210789971535473,3.9105300924527553,6,0,1.057604978534386,301.132167087781,0.28571428571428564,0.7142857142857143,0.0,301.132167087781,0.7142857142857143,0.0,341.3243554134573,0.0,0.0,301.8464528020667,True,False,False,optuna_seeded,269.0,"[""scalar""]",[0.7730415464265137],False,,89,False,1.057604978534386,0.28571428571428564
VH_4_MFA,VH,MFA,VH_4_MFA__hybrid_optuna_080,all6,hybrid_optuna,generic_seed,trial_116,hybrid,1710e98be83bf964,1,True,0.7730489717231153,1,3.664249383941295,0.02169061990797439,4.7117477556060434e-05,96.8546284944029,0.504573629649036,7.615091539595413e-08,0.0003010981214589177,2.9217095333984072e-08,6.872421102027644,6,0,1.057738633873216,312.70306472110974,0.28571428571428564,0.7142857142857143,0.0,312.70306472110974,0.7142857142857143,0.0,1062.3989340616818,0.0,0.0,313.41735043539546,True,False,False,optuna_seeded,116.0,"[""scalar""]",[0.7730489717231153],False,,90,False,1.057738633873216,0.28571428571428564
VH_4_MFA,VH,MFA,VH_4_MFA__hybrid_optuna_081,all6,hybrid_optuna,generic_seed,trial_198,hybrid,1710e98be83bf964,1,True,0.7730509395624349,1,29.232865504796543,0.005007861061019176,1.818306666685048e-05,15.629092571527616,1.8807884763773002,2.5712595388828214e-07,3.945251647988328e-05,4.271962651501901e-06,2.5166138800372226,6,0,1.0577740549809675,310.6610528072433,0.28571428571428564,0.7142857142857143,0.0,310.6610528072433,0.7142857142857143,0.0,40.20264816356829,0.0,0.0,311.37533852152905,True,False,False,optuna_seeded,198.0,"[""scalar""]",[0.7730509395624349],False,,91,False,1.0577740549809675,0.28571428571428564
VH_4_MFA,VH,MFA,VH_4_MFA__hybrid_optuna_082,all6,hybrid_optuna,generic_seed,trial_238,hybrid,1710e98be83bf964,1,True,0.7730816391410484,1,48.47797657261463,0.006718654058884878,7.494656763926075e-05,50.72296210703545,1.0073287137915143,3.1874995977192466e-07,7.43511797558278e-05,0.0002775920045726779,3.8721425386548476,6,0,1.0583266473960125,318.9254933539613,0.28571428571428564,0.7142857142857143,0.0,318.9254933539613,0.7142857142857143,0.0,291.94625885131217,0.0,0.0,319.63977906824704,True,False,False,optuna_seeded,238.0,"[""scalar""]",[0.7730816391410484],False,,92,False,1.0583266473960125,0.28571428571428564
VH_4_MFA,VH,MFA,VH_4_MFA__hybrid_optuna_083,all6,hybrid_optuna,generic_seed,trial_164,hybrid,1710e98be83bf964,1,True,0.7730882611377909,1,23.481197467687213,0.005535326595301419,3.848932726333838e-05,20.631145628941848,0.16754495325400298,3.3661704108048234e-07,4.2363685906213785e-05,0.0001820374469629502,1.9421182352693893,6,0,1.0584458433373782,317.5327598328349,0.28571428571428564,0.7142857142857143,0.0,317.5327598328349,0.7142857142857143,0.0,54.195230529056715,0.0,0.0,318.24704554712065,True,False,False,optuna_seeded,164.0,"[""scalar""]",[0.7730882611377909],False,,93,False,1.0584458433373782,0.28571428571428564
VH_4_MFA,VH,MFA,VH_4_MFA__hybrid_optuna_084,all6,hybrid_optuna,generic_seed,trial_130,hybrid,1710e98be83bf964,1,True,0.7732355846381953,1,12.386495040856857,0.011487869249792287,1.4182603411295962e-05,59.99338935196788,4.253256254783646,1.0652989438910986e-07,0.00018274690456100584,8.478508880936665e-07,4.573720978666005,6,0,1.0610976663446554,319.1462554228478,0.28571428571428564,0.7142857142857143,0.0,319.1462554228478,0.7142857142857143,0.0,416.5383986134881,0.0,0.0,319.8605411371335,True,False,False,optuna_seeded,130.0,"[""scalar""]",[0.7732355846381953],False,,94,False,1.0610976663446554,0.28571428571428564
VH_4_MFA,VH,MFA,VH_4_MFA__hybrid_optuna_085,all6,hybrid_optuna,generic_seed,trial_296,hybrid,1710e98be83bf964,1,True,0.7734343214417702,1,34.95998630762349,0.004584291202994488,6.118546880053854e-05,35.78612020462676,1.2611857567539486,4.1732120061534486e-07,7.007607785148359e-05,0.00041037388097154724,0.2097551451621886,6,0,1.0646749288090036,321.33897813671547,0.28571428571428564,0.7142857142857143,0.0,321.33897813671547,0.7142857142857143,0.0,147.9914548451775,0.0,0.0,322.0532638510012,True,False,False,optuna_seeded,296.0,"[""scalar""]",[0.7734343214417702],False,,95,False,1.0646749288090036,0.28571428571428564
VH_4_MFA,VH,MFA,VH_4_MFA__hybrid_optuna_086,all6,hybrid_optuna,generic_seed,trial_274,hybrid,1710e98be83bf964,1,True,0.7734484596853872,1,42.024476270441866,0.005418087115082678,9.236909525657266e-05,45.05133604865297,1.6713284458026068,4.039755741546089e-07,7.852875847048476e-05,0.0017882224763208637,4.495164327958441,6,0,1.0649294171941106,306.913670763246,0.28571428571428564,0.7142857142857143,0.0,306.913670763246,0.7142857142857143,0.0,231.59756079521685,0.0,0.0,307.6279564775317,True,False,False,optuna_seeded,274.0,"[""scalar""]",[0.7734484596853872],False,,96,False,1.0649294171941106,0.28571428571428564
VH_4_MFA,VH,MFA,VH_4_MFA__hybrid_optuna_087,all6,hybrid_optuna,generic_seed,trial_293,hybrid,1710e98be83bf964,1,True,0.7734911972843065,1,30.335781928127624,0.0033082529513884943,4.811659797774925e-05,42.45085479368445,0.7692750831228873,3.128959522546008e-07,5.472792927337e-05,0.0005274505382080128,4.1533045434971605,6,0,1.0656986939746569,302.43438953187075,0.28571428571428564,0.7142857142857143,0.0,302.43438953187075,0.7142857142857143,0.0,206.9124874469047,0.0,0.0,303.1486752461565,True,False,False,optuna_seeded,293.0,"[""scalar""]",[0.7734911972843065],False,,97,False,1.0656986939746569,0.28571428571428564
VH_4_MFA,VH,MFA,VH_4_MFA__hybrid_optuna_088,all6,hybrid_optuna,generic_seed,trial_181,hybrid,1710e98be83bf964,1,True,0.7734986952240013,1,53.73738799240597,0.003929989435438063,5.720837789220205e-05,15.528733046094137,0.335183645144312,5.307103203422385e-07,6.45098744680297e-05,5.264763289083703e-05,2.7045526185879787,6,0,1.0658336568891633,309.3426928873849,0.28571428571428564,0.7142857142857143,0.0,309.3426928873849,0.7142857142857143,0.0,34.259606331826745,0.0,0.0,310.0569786016706,True,False,False,optuna_seeded,181.0,"[""scalar""]",[0.7734986952240013],False,,98,False,1.0658336568891633,0.28571428571428564
VH_4_MFA,VH,MFA,VH_4_MFA__hybrid_optuna_089,all6,hybrid_optuna,generic_seed,trial_154,hybrid,1710e98be83bf964,1,True,0.7735520604350684,1,10.521447870646393,0.004606235998685479,1.2840063034994412e-05,41.06032181321259,2.4076289623408345,1.137015895791852e-07,0.00017255328467198058,2.7046132734865188e-05,2.9356689289306996,6,0,1.0667942306883722,305.29628451361333,0.28571428571428564,0.7142857142857143,0.0,305.29628451361333,0.7142857142857143,0.0,199.80283884747575,0.0,0.0,306.01057022789905,True,False,False,optuna_seeded,154.0,"[""scalar""]",[0.7735520604350684],False,,99,False,1.0667942306883722,0.28571428571428564
VH_4_MFA,VH,MFA,VH_4_MFA__hybrid_optuna_090,all6,hybrid_optuna,generic_seed,trial_125,hybrid,1710e98be83bf964,1,True,0.7735574316400796,1,5.875790748795598,0.011783564191471314,2.5526079010633616e-05,57.84273161938687,4.198006483642791,3.29367604961075e-08,0.0003056026962605817,1.0698909912937346e-07,5.529379995041092,6,0,1.0668909123785733,299.1357514356799,0.28571428571428564,0.7142857142857143,0.0,299.1357514356799,0.7142857142857143,0.0,393.9518338020985,0.0,0.0,299.8500371499656,True,False,False,optuna_seeded,125.0,"[""scalar""]",[0.7735574316400796],False,,100,False,1.0668909123785733,0.28571428571428564
VH_4_MFA,VH,MFA,VH_4_MFA__hybrid_optuna_091,all6,hybrid_optuna,generic_seed,trial_143,hybrid,1710e98be83bf964,1,True,0.773750535146216,1,12.431220046000236,0.010411282298150484,1.0233584405117901e-05,45.931942211981635,4.39512844134683,1.021196123452642e-07,0.00030872396970866347,1.790726543236982e-06,4.81551505915573,6,0,1.0703667754890274,304.00736810672123,0.28571428571428564,0.7142857142857143,0.0,304.00736810672123,0.7142857142857143,0.0,251.42655942742698,0.0,0.0,304.72165382100695,True,False,False,optuna_seeded,143.0,"[""scalar""]",[0.773750535146216],False,,101,False,1.0703667754890274,0.28571428571428564
VH_4_MFA,VH,MFA,VH_4_MFA__hybrid_optuna_092,all6,hybrid_optuna,generic_seed,trial_201,hybrid,1710e98be83bf964,1,True,0.7738974811084522,1,24.000774540978895,0.004345779900304056,6.0755332007151945e-05,37.09954548573553,0.24457208851105935,2.2569828575845666e-07,3.3196905053566724e-05,0.0001234864848092593,2.6868517815021495,6,0,1.0730118028092808,311.26755773904426,0.28571428571428564,0.7142857142857143,0.0,311.26755773904426,0.7142857142857143,0.0,159.52409310005444,0.0,0.0,311.98184345333,True,False,False,optuna_seeded,201.0,"[""scalar""]",[0.7738974811084522],False,,102,False,1.0730118028092808,0.28571428571428564
VH_4_MFA,VH,MFA,VH_4_MFA__hybrid_optuna_093,all6,hybrid_optuna,generic_seed,trial_196,hybrid,1710e98be83bf964,1,True,0.7739197066530649,1,19.419539971083456,0.006017763423774283,3.446261514407131e-05,42.18468951163857,0.10325580938110761,1.905424206892646e-07,5.83469261287602e-05,2.9364300136582097e-06,2.1375412770721285,6,0,1.0734118626123077,319.07531878064316,0.28571428571428564,0.7142857142857143,0.0,319.07531878064316,0.7142857142857143,0.0,208.21257680588394,0.0,0.0,319.7896044949289,True,False,False,optuna_seeded,196.0,"[""scalar""]",[0.7739197066530649],False,,103,False,1.0734118626123077,0.28571428571428564
VH_4_MFA,VH,MFA,VH_4_MFA__hybrid_optuna_094,all6,hybrid_optuna,generic_seed,trial_242,hybrid,1710e98be83bf964,1,True,0.7739387778825986,1,46.87953697821136,0.007417054693584065,4.054883614508734e-05,49.32106455835396,1.5337680961698315,2.346790152180213e-07,0.0001321191969804414,0.00023212165058697338,3.8101550277043454,6,0,1.0737551447439155,316.5558883130066,0.28571428571428564,0.7142857142857143,0.0,316.5558883130066,0.7142857142857143,0.0,278.06534301895186,0.0,0.0,317.27017402729234,True,False,False,optuna_seeded,242.0,"[""scalar""]",[0.7739387778825986],False,,104,False,1.0737551447439155,0.28571428571428564
VH_4_MFA,VH,MFA,VH_4_MFA__hybrid_optuna_095,all6,hybrid_optuna,generic_seed,trial_217,hybrid,1710e98be83bf964,1,True,0.7740634543634918,1,39.52238729047384,0.007970787195127121,2.1205046391718024e-05,43.44178631785369,0.9228499412849198,1.859556606670338e-07,7.776808740052984e-05,0.0005765449057823701,4.3175397887730105,6,0,1.0759993213999934,325.2134690133567,0.28571428571428564,0.7142857142857143,0.0,325.2134690133567,0.7142857142857143,0.0,218.12009576380933,0.0,0.0,325.9277547276424,True,False,False,optuna_seeded,217.0,"[""scalar""]",[0.7740634543634918],False,,105,False,1.0759993213999934,0.28571428571428564
VH_4_MFA,VH,MFA,VH_4_MFA__hybrid_optuna_096,all6,hybrid_optuna,generic_seed,trial_165,hybrid,1710e98be83bf964,1,True,0.7740683167153334,1,19.59282680962967,0.0038873243298713986,3.376693488249797e-05,25.181619339098653,0.33647738952056044,2.2703610982103686e-07,3.4610788983363474e-05,9.144472459732585e-05,2.0584197765750147,6,0,1.0760868437331412,312.399545512249,0.28571428571428564,0.7142857142857143,0.0,312.399545512249,0.7142857142857143,0.0,78.46070399687943,0.0,0.0,313.1138312265347,True,False,False,optuna_seeded,165.0,"[""scalar""]",[0.7740683167153334],False,,106,False,1.0760868437331412,0.28571428571428564
VH_4_MFA,VH,MFA,VH_4_MFA__hybrid_optuna_097,all6,hybrid_optuna,generic_seed,trial_168,hybrid,1710e98be83bf964,1,True,0.7742902216918655,1,31.360553375313206,0.006166541279336828,3.0631751605347125e-05,30.719416216029906,0.21086761674926285,3.252725338356622e-07,7.518927620631922e-05,5.3858482306338864e-06,1.5099183930228737,6,0,1.0800811333107179,328.96523576684535,0.28571428571428564,0.7142857142857143,0.0,328.96523576684535,0.7142857142857143,0.0,114.6066621904499,0.0,0.0,329.6795214811311,True,False,False,optuna_seeded,168.0,"[""scalar""]",[0.7742902216918655],False,,107,False,1.0800811333107179,0.28571428571428564
VH_4_MFA,VH,MFA,VH_4_MFA__hybrid_optuna_098,all6,hybrid_optuna,generic_seed,trial_295,hybrid,1710e98be83bf964,1,True,0.7743418836091875,1,43.9351587626339,0.005487451426311404,9.650216650230851e-05,47.27049926338716,0.9824680264076443,1.81494086607032e-07,4.171134237666861e-05,0.0002138722632417758,3.0558196531608623,6,0,1.0810110478225157,314.50820722997094,0.28571428571428564,0.7142857142857143,0.0,314.50820722997094,0.7142857142857143,0.0,254.73804777359692,0.0,0.0,315.22249294425666,True,False,False,optuna_seeded,295.0,"[""scalar""]",[0.7743418836091875],False,,108,False,1.0810110478225157,0.28571428571428564
VH_4_MFA,VH,MFA,VH_4_MFA__hybrid_optuna_099,all6,hybrid_optuna,generic_seed,trial_277,hybrid,1710e98be83bf964,1,True,0.7746151583926377,1,110.74775884285621,0.006398195919287299,0.00016844957636911234,41.94070930303392,1.259172134555978,3.088121413712488e-07,0.00010817525407619453,0.00041949255954736215,3.1738462878637423,6,0,1.0859299939246203,319.18027457807244,0.28571428571428564,0.7142857142857143,0.0,319.18027457807244,0.7142857142857143,0.0,201.34991074079468,0.0,0.0,319.89456029235816,True,False,False,optuna_seeded,277.0,"[""scalar""]",[0.7746151583926377],False,,109,False,1.0859299939246203,0.28571428571428564
VH_4_MFA,VH,MFA,VH_4_MFA__hybrid_optuna_100,all6,hybrid_optuna,generic_seed,trial_186,hybrid,1710e98be83bf964,1,True,0.7746210124608764,1,17.61925393943344,0.007856850594470596,7.206644444537206e-05,12.865112287675359,0.41935692813464726,2.1421375167329515e-07,0.00011428395660303125,5.553394974338529e-06,2.6721810660775795,6,0,1.086035367152916,329.1585898173323,0.28571428571428564,0.7142857142857143,0.0,329.1585898173323,0.7142857142857143,0.0,29.125060020385735,0.0,0.0,329.87287553161804,True,False,False,optuna_seeded,186.0,"[""scalar""]",[0.7746210124608764],False,,110,False,1.086035367152916,0.28571428571428564
VH_4_MFA,VH,MFA,VH_4_MFA__hybrid_optuna_101,all6,hybrid_optuna,generic_seed,trial_271,hybrid,1710e98be83bf964,1,True,0.7748481967640765,1,54.54796189031359,0.006562438367468195,6.532025226434478e-05,38.84025966111391,1.1958956823804905,4.756405875705314e-07,5.9243502394898044e-05,0.00019180631053901774,3.6496480789785477,6,0,1.090124684610516,327.9059090357594,0.28571428571428564,0.7142857142857143,0.0,327.9059090357594,0.7142857142857143,0.0,174.091501052154,0.0,0.0,328.62019475004513,True,False,False,optuna_seeded,271.0,"[""scalar""]",[0.7748481967640765],False,,111,False,1.090124684610516,0.28571428571428564
VH_4_MFA,VH,MFA,VH_4_MFA__hybrid_optuna_102,all6,hybrid_optuna,generic_seed,trial_184,hybrid,1710e98be83bf964,1,True,0.7749061927413953,1,27.85985609660086,0.0055352200468736104,3.0044752795550938e-05,29.315635886946964,0.2933111417170558,2.827942785285425e-07,2.5570339491192798e-05,1.6033190857223286e-05,3.7205613792864862,6,0,1.091168612202255,317.55640617059424,0.28571428571428564,0.7142857142857143,0.0,317.55640617059424,0.7142857142857143,0.0,104.72957416512341,0.0,0.0,318.27069188487997,True,False,False,optuna_seeded,184.0,"[""scalar""]",[0.7749061927413953],False,,112,False,1.091168612202255,0.28571428571428564
VH_4_MFA,VH,MFA,VH_4_MFA__hybrid_optuna_103,all6,hybrid_optuna,generic_seed,trial_131,hybrid,1710e98be83bf964,1,True,0.7749323508372795,1,12.767317420698152,0.011197112417977042,1.4659068534495739e-05,54.33645465055235,4.041117225270044,5.2727048423294784e-08,0.00015940150605337874,1.030307184327633e-06,4.680440944136276,6,0,1.0916394579281716,320.5256695422327,0.28571428571428564,0.7142857142857143,0.0,320.5256695422327,0.7142857142857143,0.0,345.51518828923145,0.0,0.0,321.23995525651844,True,False,False,optuna_seeded,131.0,"[""scalar""]",[0.7749323508372795],False,,113,False,1.0916394579281716,0.28571428571428564
VH_4_MFA,VH,MFA,VH_4_MFA__hybrid_optuna_104,all6,hybrid_optuna,generic_seed,trial_171,hybrid,1710e98be83bf964,1,True,0.7750003501046919,1,20.200387020897356,0.0032389720121067784,4.0816967523012245e-05,24.523761349351425,0.0346980069244705,1.6022603096851383e-07,6.091759119297894e-05,3.366682210958766e-06,2.5611161122929165,6,0,1.092863444741595,308.32829813237373,0.28571428571428564,0.7142857142857143,0.0,308.32829813237373,0.7142857142857143,0.0,78.10632119335101,0.0,0.0,309.04258384665945,True,False,False,optuna_seeded,171.0,"[""scalar""]",[0.7750003501046919],False,,114,False,1.092863444741595,0.28571428571428564
VH_4_MFA,VH,MFA,VH_4_MFA__hybrid_optuna_105,all6,hybrid_optuna,generic_seed,trial_267,hybrid,1710e98be83bf964,1,True,0.7750625037528677,1,50.751077822785696,0.005783145319172743,0.00016179084558118226,41.36446410205459,0.7256947709288953,3.0036982431540217e-07,0.00012130606118822016,0.00063403322221665,4.923757487500883,6,0,1.0939822104087578,306.1019811667556,0.28571428571428564,0.7142857142857143,0.0,306.1019811667556,0.7142857142857143,0.0,195.8618694005375,0.0,0.0,306.8162668810413,True,False,False,optuna_seeded,267.0,"[""scalar""]",[0.7750625037528677],False,,115,False,1.0939822104087578,0.28571428571428564
VH_4_MFA,VH,MFA,VH_4_MFA__hybrid_optuna_106,all6,hybrid_optuna,generic_seed,trial_225,hybrid,1710e98be83bf964,1,True,0.775112936154661,1,51.69631698681924,0.0070730675202984065,1.581145553397916e-05,43.385039233772886,0.6600251005022972,9.537134977659927e-08,7.209342437041727e-05,0.0026585696149232377,4.137123583866032,6,0,1.0948899936410388,319.3593068526017,0.28571428571428564,0.7142857142857143,0.0,319.3593068526017,0.7142857142857143,0.0,218.6668144877995,0.0,0.0,320.07359256688744,True,False,False,optuna_seeded,225.0,"[""scalar""]",[0.775112936154661],False,,116,False,1.0948899936410388,0.28571428571428564
VH_4_MFA,VH,MFA,VH_4_MFA__hybrid_optuna_107,all6,hybrid_optuna,generic_seed,trial_162,hybrid,1710e98be83bf964,1,True,0.7751247710158443,1,30.36815684301171,0.0025312690823139,3.996666733383204e-05,27.105780298389313,0.26419905614822303,5.686773902069414e-07,2.3306048702283146e-05,7.815150420299735e-05,2.3616948211101425,6,0,1.0951030211423374,309.8218996289614,0.28571428571428564,0.7142857142857143,0.0,309.8218996289614,0.7142857142857143,0.0,88.41013424623128,0.0,0.0,310.5361853432471,True,False,False,optuna_seeded,162.0,"[""scalar""]",[0.7751247710158443],False,,117,False,1.0951030211423374,0.28571428571428564
VH_4_MFA,VH,MFA,VH_4_MFA__hybrid_optuna_108,all6,hybrid_optuna,generic_seed,trial_229,hybrid,1710e98be83bf964,1,True,0.7752257920486674,1,34.48150878423017,0.007421339145481743,4.7397282301212273e-05,53.211643491439446,1.3281785589634254,3.169946181156338e-07,9.688938427878384e-05,0.0004581390731007123,3.730990201948542,6,0,1.0969213997331533,326.9426403152391,0.28571428571428564,0.7142857142857143,0.0,326.9426403152391,0.7142857142857143,0.0,321.1890217201042,0.0,0.0,327.6569260295248,True,False,False,optuna_seeded,229.0,"[""scalar""]",[0.7752257920486674],False,,118,False,1.0969213997331533,0.28571428571428564
VH_4_MFA,VH,MFA,VH_4_MFA__hybrid_optuna_109,all6,hybrid_optuna,generic_seed,trial_141,hybrid,1710e98be83bf964,1,True,0.7752989396711262,1,11.959230375223378,0.013946608261617305,1.005302898613811e-05,71.3721397317303,4.541753951852237,1.0891199024090416e-07,0.0003159738093977221,4.270034759326703e-07,5.219598502983591,6,0,1.0982380569374126,315.0188707400966,0.28571428571428564,0.7142857142857143,0.0,315.0188707400966,0.7142857142857143,0.0,584.2612625960802,0.0,0.0,315.7331564543823,True,False,False,optuna_seeded,141.0,"[""scalar""]",[0.7752989396711262],False,,119,False,1.0982380569374126,0.28571428571428564
VH_4_MFA,VH,MFA,VH_4_MFA__hybrid_optuna_110,all6,hybrid_optuna,generic_seed,trial_279,hybrid,1710e98be83bf964,1,True,0.7754322317475153,1,55.56202683904819,0.004699500502588111,4.772147622601889e-05,39.30406193547711,1.8084940910929093,4.820611428439634e-07,7.973553290272586e-05,0.0030262302936375864,3.502706043294692,6,0,1.1006373143124155,311.61605395127435,0.28571428571428564,0.7142857142857143,0.0,311.61605395127435,0.7142857142857143,0.0,178.54479412209537,0.0,0.0,312.3303396655601,True,False,False,optuna_seeded,279.0,"[""scalar""]",[0.7754322317475153],False,,120,False,1.1006373143124155,0.28571428571428564
VH_4_MFA,VH,MFA,VH_4_MFA__hybrid_optuna_111,all6,hybrid_optuna,generic_seed,trial_119,hybrid,1710e98be83bf964,1,True,0.7754461768509954,1,4.558981353564069,0.0141256829049649,0.00027956144534278446,82.04558191913533,4.416814119372116,1.7696943659723692e-08,0.00031091186084613535,5.089302388210077e-07,5.596497991068085,6,0,1.1008883261750573,304.8645785956149,0.28571428571428564,0.7142857142857143,0.0,304.8645785956149,0.7142857142857143,0.0,764.8103861710064,0.0,0.0,305.5788643099006,True,False,False,optuna_seeded,119.0,"[""scalar""]",[0.7754461768509954],False,,121,False,1.1008883261750573,0.28571428571428564
VH_4_MFA,VH,MFA,VH_4_MFA__hybrid_optuna_112,all6,hybrid_optuna,generic_seed,trial_183,hybrid,1710e98be83bf964,1,True,0.7755966141205693,1,32.76340907356307,0.004439165654093734,1.888730195214754e-05,33.99059761016289,0.19179411478302377,1.0545249717047766e-06,3.4223132865137025e-05,2.249761947146864e-05,2.980794245001905,6,0,1.1035961970273898,316.83088482119683,0.28571428571428564,0.7142857142857143,0.0,316.83088482119683,0.7142857142857143,0.0,136.09359431054395,0.0,0.0,317.54517053548255,True,False,False,optuna_seeded,183.0,"[""scalar""]",[0.7755966141205693],False,,122,False,1.1035961970273898,0.28571428571428564
VH_4_MFA,VH,MFA,VH_4_MFA__hybrid_optuna_113,all6,hybrid_optuna,generic_seed,trial_153,hybrid,1710e98be83bf964,1,True,0.7756776385649989,1,21.54085730057764,0.0067900580934104875,2.4265101978746315e-05,48.35021486598457,0.8339197508099417,2.5533088770751877e-07,0.00011905030562432098,2.6392580660716272e-06,1.7281547088387812,6,0,1.1050546370271206,331.9366686009092,0.28571428571428564,0.7142857142857143,0.0,331.9366686009092,0.7142857142857143,0.0,271.12373049435354,0.0,0.0,332.6509543151949,True,False,False,optuna_seeded,153.0,"[""scalar""]",[0.7756776385649989],False,,123,False,1.1050546370271206,0.28571428571428564
VH_4_MFA,VH,MFA,VH_4_MFA__hybrid_optuna_114,all6,hybrid_optuna,generic_seed,trial_123,hybrid,1710e98be83bf964,1,True,0.775716976878307,1,3.664119853514669,0.035773760166540665,1.780132135573701e-05,58.769539184995196,5.927112115262459,3.21648527861273e-08,0.0002999773904471274,6.187394213348788e-08,8.174027235214233,6,0,1.105762726666666,325.77353084291383,0.28571428571428564,0.7142857142857143,0.0,325.77353084291383,0.7142857142857143,0.0,408.652170266648,0.0,0.0,326.48781655719955,True,False,False,optuna_seeded,123.0,"[""scalar""]",[0.775716976878307],False,,124,False,1.105762726666666,0.28571428571428564
VH_4_MFA,VH,MFA,VH_4_MFA__hybrid_optuna_115,all6,hybrid_optuna,generic_seed,trial_263,hybrid,1710e98be83bf964,1,True,0.7757215761945391,1,52.40644529866304,0.004384441757193941,0.0001019485055833489,43.59834028545564,0.6229779905135804,5.252680098146809e-07,7.222828000859984e-05,0.001018159595997821,3.87562071499092,6,0,1.1058455143588444,310.00063366359115,0.28571428571428564,0.7142857142857143,0.0,310.00063366359115,0.7142857142857143,0.0,216.21979698596454,0.0,0.0,310.71491937787687,True,False,False,optuna_seeded,263.0,"[""scalar""]",[0.7757215761945391],False,,125,False,1.1058455143588444,0.28571428571428564
VH_4_MFA,VH,MFA,VH_4_MFA__hybrid_optuna_116,all6,hybrid_optuna,generic_seed,trial_70,hybrid,1710e98be83bf964,1,True,0.77582714598501,1,3.679295873617595,0.018429920770195486,0.0004382994905166084,131.37421719100047,22.931476290236315,1.859225380094698e-07,0.00015055566305379833,1.055985132492216e-08,7.808507555458331,6,0,1.1077457705873213,327.54249085390234,0.28571428571428564,0.7142857142857143,0.0,327.54249085390234,0.7142857142857143,0.0,1938.6967471202722,0.0,0.0,328.25677656818806,True,False,False,optuna_seeded,70.0,"[""scalar""]",[0.77582714598501],False,,126,False,1.1077457705873213,0.28571428571428564
VH_4_MFA,VH,MFA,VH_4_MFA__hybrid_optuna_117,all6,hybrid_optuna,generic_seed,trial_167,hybrid,1710e98be83bf964,1,True,0.7758310372321661,1,23.39505184502182,0.004763977234096071,2.0880913169578264e-05,37.090640084296254,0.09495099383510237,2.0021832067836544e-07,2.3392384827034743e-05,7.868754493826386e-06,2.863515959426677,6,0,1.1078158130361297,315.9087042763545,0.28571428571428564,0.7142857142857143,0.0,315.9087042763545,0.7142857142857143,0.0,162.97027505531608,0.0,0.0,316.62298999064024,True,False,False,optuna_seeded,167.0,"[""scalar""]",[0.7758310372321661],False,,127,False,1.1078158130361297,0.28571428571428564
VH_4_MFA,VH,MFA,VH_4_MFA__hybrid_optuna_118,all6,hybrid_optuna,generic_seed,trial_84,hybrid,1710e98be83bf964,1,True,0.7761661533616794,1,2.6283542062672964,0.0749116167694233,5.595726933210796e-05,124.2357284786069,23.84594612260969,4.4775663250484244e-08,0.00038816512898292145,4.7507310306062454e-08,9.856983463698676,6,0,1.1138479033673692,333.5859118319848,0.28571428571428564,0.7142857142857143,0.0,333.5859118319848,0.7142857142857143,0.0,1737.9635312942821,0.0,0.0,334.3001975462705,True,False,False,optuna_seeded,84.0,"[""scalar""]",[0.7761661533616794],False,,128,False,1.1138479033673692,0.28571428571428564
VH_4_MFA,VH,MFA,VH_4_MFA__hybrid_optuna_119,all6,hybrid_optuna,generic_seed,trial_152,hybrid,1710e98be83bf964,1,True,0.7761809198991649,1,26.33293353089782,0.0029260764273775445,1.346223751821417e-05,43.42113834625944,3.3825252348914696,1.5688420902994037e-07,5.896997018302683e-05,1.3683255399828828e-05,2.577099398961424,6,0,1.1141137010421087,309.6683654406471,0.28571428571428564,0.7142857142857143,0.0,309.6683654406471,0.7142857142857143,0.0,221.7838447996523,0.0,0.0,310.38265115493283,True,False,False,optuna_seeded,152.0,"[""scalar""]",[0.7761809198991649],False,,129,False,1.1141137010421087,0.28571428571428564
VH_4_MFA,VH,MFA,VH_4_MFA__hybrid_optuna_120,all6,hybrid_optuna,generic_seed,trial_298,hybrid,1710e98be83bf964,1,True,0.7762868363690576,1,130.25736794219137,0.005798171073809622,7.167357211804467e-05,54.53469902906149,0.4382515522077816,1.5605107902548475e-07,3.065791496071785e-05,0.002765545996859638,3.9543375732688757,6,0,1.1160201975001778,321.90910806498,0.28571428571428564,0.7142857142857143,0.0,321.90910806498,0.7142857142857143,0.0,336.6872303883679,0.0,0.0,322.6233937792657,True,False,False,optuna_seeded,298.0,"[""scalar""]",[0.7762868363690576],False,,130,False,1.1160201975001778,0.28571428571428564
VH_4_MFA,VH,MFA,VH_4_MFA__hybrid_optuna_121,all6,hybrid_optuna,generic_seed,trial_85,hybrid,1710e98be83bf964,1,True,0.7767290325524513,1,2.983890810096304,0.079332930241712,3.165954466788027e-05,117.29749458023855,23.235296466172485,2.0867326598989558e-08,0.0005756479439483412,1.4412762437019863e-07,9.744191348266867,6,0,1.1239797288012645,329.1234861810049,0.28571428571428564,0.7142857142857143,0.0,329.1234861810049,0.7142857142857143,0.0,1551.8809525317001,0.0,0.0,329.83777189529064,True,False,False,optuna_seeded,85.0,"[""scalar""]",[0.7767290325524513],False,,131,False,1.1239797288012645,0.28571428571428564
VH_4_MFA,VH,MFA,VH_4_MFA__hybrid_optuna_122,all6,hybrid_optuna,generic_seed,trial_270,hybrid,1710e98be83bf964,1,True,0.7767459129106095,1,79.07712340939116,0.008307086936457857,9.147588381735459e-05,49.00793322827411,0.6070675900117701,3.54730865641252e-07,4.28307917453718e-05,0.011427514535517366,5.150877939774133,6,0,1.1242835752481102,346.50988060337045,0.28571428571428564,0.7142857142857143,0.0,346.50988060337045,0.7142857142857143,0.0,272.7712265243906,0.0,0.0,347.22416631765617,True,False,False,optuna_seeded,270.0,"[""scalar""]",[0.7767459129106095],False,,132,False,1.1242835752481102,0.28571428571428564
VH_4_MFA,VH,MFA,VH_4_MFA__hybrid_optuna_123,all6,hybrid_optuna,generic_seed,trial_286,hybrid,1710e98be83bf964,1,True,0.7767675482044025,1,61.59805330260677,0.007554296625046336,4.323800887321789e-05,37.194530764057625,1.0559356714593622,5.339598813436053e-07,3.8658963715277876e-05,0.0019582977485483356,3.713574269576498,6,0,1.1246730105363862,347.6374801074089,0.28571428571428564,0.7142857142857143,0.0,347.6374801074089,0.7142857142857143,0.0,160.07719666487822,0.0,0.0,348.35176582169464,True,False,False,optuna_seeded,286.0,"[""scalar""]",[0.7767675482044025],False,,133,False,1.1246730105363862,0.28571428571428564
VH_4_MFA,VH,MFA,VH_4_MFA__hybrid_optuna_124,all6,hybrid_optuna,generic_seed,trial_92,hybrid,1710e98be83bf964,1,True,0.7768638461659314,1,2.8966373624617594,0.07643991070862644,1.0320553468395808e-05,96.72092713235793,24.80442142466148,2.184407853650841e-08,0.0004968900701871722,9.280178823661317e-08,9.545175690883463,6,0,1.1264063738439065,331.24802952749246,0.28571428571428564,0.7142857142857143,0.0,331.24802952749246,0.7142857142857143,0.0,1065.8506336548373,0.0,0.0,331.9623152417782,True,False,False,optuna_seeded,92.0,"[""scalar""]",[0.7768638461659314],False,,134,False,1.1264063738439065,0.28571428571428564
VH_4_MFA,VH,MFA,VH_4_MFA__hybrid_optuna_278,all6,hybrid_optuna,generic_seed,trial_254,hybrid,1710e98be83bf964,1,True,1.3369201014639611,1,83.83017265824823,0.002934383276108741,9.743091408406511e-05,37.739148804085545,0.6031589291048348,4.312497994663004e-07,5.3271252483321846e-05,0.01772124343923994,4.885196465659035,6,0,1.12971593614,314.6794226682478,0.28571428571428564,0.7142857142857143,0.0,314.6794226682478,0.7142857142857143,0.0,164.78560223943884,0.0,0.0,315.39370838253353,True,False,False,optuna_seeded,254.0,"[""scalar""]",[1.3369201014639611],False,,135,False,1.12971593614,0.28571428571428564
VH_4_MFA,VH,MFA,VH_4_MFA__hybrid_optuna_125,all6,hybrid_optuna,generic_seed,trial_52,hybrid,1710e98be83bf964,1,True,0.7771003545129093,1,118.67894121085101,0.007276265830367623,4.4183336013534495e-05,111.28057958556245,49.46957050910467,4.10562986257385e-08,0.00019864956620411483,3.6895048594987206e-08,7.959705097023235,6,0,1.130663524089507,307.33004626937156,0.28571428571428564,0.7142857142857143,0.0,307.33004626937156,0.7142857142857143,0.0,1400.1063910024334,0.0,0.0,308.0443319836573,True,False,False,optuna_seeded,52.0,"[""scalar""]",[0.7771003545129093],False,,136,False,1.130663524089507,0.28571428571428564
VH_4_MFA,VH,MFA,VH_4_MFA__hybrid_optuna_126,all6,hybrid_optuna,generic_seed,trial_82,hybrid,1710e98be83bf964,1,True,0.7771066916671884,1,2.636888020142625,0.019223242308819114,0.00017955922779159863,115.44692212176892,39.63357405615219,1.5798410346372738e-08,0.000242334517655999,2.8587795541059982e-08,8.76150994394748,6,0,1.1307775928665311,312.0784713183885,0.28571428571428564,0.7142857142857143,0.0,312.0784713183885,0.7142857142857143,0.0,1506.0110156381925,0.0,0.0,312.7927570326742,True,False,False,optuna_seeded,82.0,"[""scalar""]",[0.7771066916671884],False,,137,False,1.1307775928665311,0.28571428571428564
VH_4_MFA,VH,MFA,VH_4_MFA__hybrid_optuna_127,all6,hybrid_optuna,generic_seed,trial_88,hybrid,1710e98be83bf964,1,True,0.7772335546288838,1,2.9514697421743175,0.06741465761633968,4.939248945952004e-05,106.12815981247394,8.775372943715467,1.3892498060685875e-08,0.0008514282554456512,7.05139692008561e-08,9.034537842183376,6,0,1.1330611261770491,314.94619265379464,0.28571428571428564,0.7142857142857143,0.0,314.94619265379464,0.7142857142857143,0.0,1275.758749864598,0.0,0.0,315.66047836808036,True,False,False,optuna_seeded,88.0,"[""scalar""]",[0.7772335546288838],False,,138,False,1.1330611261770491,0.28571428571428564
VH_4_MFA,VH,MFA,VH_4_MFA__hybrid_optuna_128,all6,hybrid_optuna,generic_seed,trial_155,hybrid,1710e98be83bf964,1,True,0.7772720221184392,1,15.190835544151666,0.0033296198096619857,1.3798965166091826e-05,41.08919841610136,2.2987566361960172,1.5049896885660568e-07,0.00016517450275204123,2.011832679942641e-05,2.5276415346307615,6,0,1.1337535409890458,326.17402125603263,0.28571428571428564,0.7142857142857143,0.0,326.17402125603263,0.7142857142857143,0.0,199.68346888910943,0.0,0.0,326.88830697031835,True,False,False,optuna_seeded,155.0,"[""scalar""]",[0.7772720221184392],False,,139,False,1.1337535409890458,0.28571428571428564
VH_4_MFA,VH,MFA,VH_4_MFA__hybrid_optuna_129,all6,hybrid_optuna,generic_seed,trial_185,hybrid,1710e98be83bf964,1,True,0.7773054192122564,1,42.5141153531006,0.002824750706445481,4.803390825952778e-05,38.51375274997205,0.6385634154350552,1.5800166299441716e-07,8.43904375212621e-05,9.621252856962554e-06,3.2470818724689683,6,0,1.134354688677755,321.8280071823711,0.28571428571428564,0.7142857142857143,0.0,321.8280071823711,0.7142857142857143,0.0,175.0125924088254,0.0,0.0,322.5422928966568,True,False,False,optuna_seeded,185.0,"[""scalar""]",[0.7773054192122564],False,,140,False,1.134354688677755,0.28571428571428564
VH_4_MFA,VH,MFA,VH_4_MFA__hybrid_optuna_130,all6,hybrid_optuna,generic_seed,trial_77,hybrid,1710e98be83bf964,1,True,0.7776504294004838,1,1.7133986383557365,0.0350408906070564,0.0001775715210892363,112.42970622340837,25.741128717546545,1.8164449642851403e-07,0.00015379246535255505,2.3313796300848703e-08,7.638702374887052,6,0,1.1405648720658477,338.20216471371265,0.28571428571428564,0.7142857142857143,0.0,338.20216471371265,0.7142857142857143,0.0,1425.8085598993828,0.0,0.0,338.91645042799837,True,False,False,optuna_seeded,77.0,"[""scalar""]",[0.7776504294004838],False,,141,False,1.1405648720658477,0.28571428571428564
VH_4_MFA,VH,MFA,VH_4_MFA__hybrid_optuna_131,all6,hybrid_optuna,generic_seed,trial_103,hybrid,1710e98be83bf964,1,True,0.777651438142952,1,1.1734196944330135,0.039650658464784924,8.148854734368187e-05,117.29763332264419,40.90324885700597,2.9563027787262034e-08,0.0004590002715918516,2.4299263026580704e-08,6.1707647826377015,6,0,1.1405830294302757,326.02481132767343,0.28571428571428564,0.7142857142857143,0.0,326.02481132767343,0.7142857142857143,0.0,1554.687663541849,0.0,0.0,326.73909704195916,True,False,False,optuna_seeded,103.0,"[""scalar""]",[0.777651438142952],False,,142,False,1.1405830294302757,0.28571428571428564
VH_4_MFA,VH,MFA,VH_4_MFA__hybrid_optuna_132,all6,hybrid_optuna,generic_seed,trial_156,hybrid,1710e98be83bf964,1,True,0.777692888196168,1,39.95349428944824,0.003915301365684687,2.788355802025706e-05,50.16869111243652,1.528470407147074,4.306678776185834e-07,9.580282936819173e-05,4.283439531862682e-06,3.386275644064702,6,0,1.1413291303881636,314.6288896079514,0.28571428571428564,0.7142857142857143,0.0,314.6288896079514,0.7142857142857143,0.0,290.30586078321573,0.0,0.0,315.34317532223713,True,False,False,optuna_seeded,156.0,"[""scalar""]",[0.777692888196168],False,,143,False,1.1413291303881636,0.28571428571428564
VH_4_MFA,VH,MFA,VH_4_MFA__hybrid_optuna_133,all6,hybrid_optuna,generic_seed,trial_90,hybrid,1710e98be83bf964,1,True,0.7778225576365754,1,2.8510263043193773,0.04947866550529117,3.386634446055033e-05,105.25498708861787,16.193330593434958,1.3403229926333326e-08,0.0009100056174922991,2.2110361168827127e-07,7.726766710676298,6,0,1.143663180315498,310.3229335600977,0.28571428571428564,0.7142857142857143,0.0,310.3229335600977,0.7142857142857143,0.0,1254.0411380326084,0.0,0.0,311.0372192743834,True,False,False,optuna_seeded,90.0,"[""scalar""]",[0.7778225576365754],False,,144,False,1.143663180315498,0.28571428571428564
VH_4_MFA,VH,MFA,VH_4_MFA__hybrid_optuna_134,all6,hybrid_optuna,generic_seed,trial_145,hybrid,1710e98be83bf964,1,True,0.7778570844021482,1,12.548655616823535,0.006910046384154178,1.057702219654759e-05,77.96010540648777,4.346304890926939,1.1376501387033555e-07,0.00032309454454535673,1.6207822080269264e-06,3.83052077224843,6,0,1.144284662095809,314.06759710529326,0.28571428571428564,0.7142857142857143,0.0,314.06759710529326,0.7142857142857143,0.0,690.7110605993192,0.0,0.0,314.781882819579,True,False,False,optuna_seeded,145.0,"[""scalar""]",[0.7778570844021482],False,,145,False,1.144284662095809,0.28571428571428564
VH_4_MFA,VH,MFA,VH_4_MFA__hybrid_optuna_135,all6,hybrid_optuna,generic_seed,trial_134,hybrid,1710e98be83bf964,1,True,0.7779059935605169,1,11.40786461150743,0.011781248724151571,1.3433655437511401e-05,54.19431577782967,5.360015592675906,8.047394613616117e-08,0.0001265481160102457,7.6601536159622e-07,3.43045936581961,6,0,1.1451650269464455,346.74956533127084,0.28571428571428564,0.7142857142857143,0.0,346.74956533127084,0.7142857142857143,0.0,343.7590605885468,0.0,0.0,347.46385104555657,True,False,False,optuna_seeded,134.0,"[""scalar""]",[0.7779059935605169],False,,146,False,1.1451650269464455,0.28571428571428564
VH_4_MFA,VH,MFA,VH_4_MFA__hybrid_optuna_136,all6,hybrid_optuna,generic_seed,trial_202,hybrid,1710e98be83bf964,1,True,0.7779646006046421,1,25.26018337861341,0.00711273219786614,9.622261421785575e-05,34.21714214574627,0.2803345414864168,1.376359242972508e-07,4.018654771941454e-05,3.850226024881348e-05,2.9063324974974125,6,0,1.1462199537406992,337.4146420280481,0.28571428571428564,0.7142857142857143,0.0,337.4146420280481,0.7142857142857143,0.0,137.7791646186289,0.0,0.0,338.1289277423338,True,False,False,optuna_seeded,202.0,"[""scalar""]",[0.7779646006046421],False,,147,False,1.1462199537406992,0.28571428571428564
VH_4_MFA,VH,MFA,VH_4_MFA__hybrid_optuna_137,all6,hybrid_optuna,generic_seed,trial_204,hybrid,1710e98be83bf964,1,True,0.7779836500347928,1,20.6487519526206,0.0037643989132393,1.6752225776051343e-05,7.20729537536867,0.527596703102946,6.156372298336234e-07,6.848395385169979e-05,2.8725416781454e-06,3.3704512906442785,6,0,1.1465628434834099,316.502575083271,0.28571428571428564,0.7142857142857143,0.0,316.502575083271,0.7142857142857143,0.0,18.384717343599323,0.0,0.0,317.2168607975567,True,False,False,optuna_seeded,204.0,"[""scalar""]",[0.7779836500347928],False,,148,False,1.1465628434834099,0.28571428571428564
VH_4_MFA,VH,MFA,VH_4_MFA__hybrid_optuna_138,all6,hybrid_optuna,generic_seed,trial_287,hybrid,1710e98be83bf964,1,True,0.7779901062043059,1,82.56714280413269,0.004393560975962184,0.0002158789206611914,40.87917465403774,0.5062608741566043,3.5227980534915964e-07,0.00011595294545075857,0.009680188917640326,4.220886031077238,6,0,1.1466790545346464,312.2074835272476,0.28571428571428564,0.7142857142857143,0.0,312.2074835272476,0.7142857142857143,0.0,191.2042106040859,0.0,0.0,312.9217692415333,True,False,False,optuna_seeded,287.0,"[""scalar""]",[0.7779901062043059],False,,149,False,1.1466790545346464,0.28571428571428564
VH_4_MFA,VH,MFA,VH_4_MFA__hybrid_optuna_139,all6,hybrid_optuna,generic_seed,trial_32,hybrid,1710e98be83bf964,1,True,0.778429865858282,1,3.82712933337039,0.018733613030730893,4.3044384580690925e-05,117.64534577318301,49.94080331644594,3.529992410813844e-08,0.00011463124130025867,1.0656981035309855e-08,7.862804214731435,6,0,1.154594728306216,331.63797665913717,0.28571428571428564,0.7142857142857143,0.0,331.63797665913717,0.7142857142857143,0.0,1565.0966621386979,0.0,0.0,332.3522623734229,True,False,False,optuna_seeded,32.0,"[""scalar""]",[0.778429865858282],False,,150,False,1.154594728306216,0.28571428571428564
VH_4_MFA,VH,MFA,VH_4_MFA__hybrid_optuna_140,all6,hybrid_optuna,generic_seed,trial_262,hybrid,1710e98be83bf964,1,True,0.7784453578016963,1,64.91601013669646,0.0035758806768549523,0.0001446159994207673,46.08125272754037,1.0701213283244269,3.647754112883367e-07,2.6846753017005526e-06,0.0047520890046855516,4.415212244733702,6,0,1.1548735832876738,318.0679618726626,0.28571428571428564,0.7142857142857143,0.0,318.0679618726626,0.7142857142857143,0.0,241.7954526441431,0.0,0.0,318.7822475869483,True,False,False,optuna_seeded,262.0,"[""scalar""]",[0.7784453578016963],False,,151,False,1.1548735832876738,0.28571428571428564
VH_4_MFA,VH,MFA,VH_4_MFA__hybrid_optuna_141,all6,hybrid_optuna,generic_seed,trial_169,hybrid,1710e98be83bf964,1,True,0.7785181732986478,1,25.977940146586924,0.008269026296444937,2.1213684802255516e-05,32.43094021977424,0.515726294057622,1.873486010029114e-07,5.269692698770621e-05,0.0001227255655643514,2.322417845022325,6,0,1.1561842622328011,354.54333670882494,0.28571428571428564,0.7142857142857143,0.0,354.54333670882494,0.7142857142857143,0.0,125.4714555805995,0.0,0.0,355.25762242311066,True,False,False,optuna_seeded,169.0,"[""scalar""]",[0.7785181732986478],False,,152,False,1.1561842622328011,0.28571428571428564
VH_4_MFA,VH,MFA,VH_4_MFA__hybrid_optuna_142,all6,hybrid_optuna,generic_seed,trial_138,hybrid,1710e98be83bf964,1,True,0.778643938377638,1,14.110163488655907,0.0047991173422003135,1.480199487222734e-05,64.57784604243622,2.5428058800927023,3.916878956842019e-07,0.0001051430574285133,2.1709560320681788e-06,4.280031611322417,6,0,1.158448033654625,316.6605599738873,0.28571428571428564,0.7142857142857143,0.0,316.6605599738873,0.7142857142857143,0.0,475.8908030381987,0.0,0.0,317.374845688173,True,False,False,optuna_seeded,138.0,"[""scalar""]",[0.778643938377638],False,,153,False,1.158448033654625,0.28571428571428564
VH_4_MFA,VH,MFA,VH_4_MFA__hybrid_optuna_143,all6,hybrid_optuna,generic_seed,trial_93,hybrid,1710e98be83bf964,1,True,0.7787544185542751,1,2.9549816051666835,0.0790411433249459,1.8910907393079786e-05,96.8050547939491,10.939864583465644,1.0133341980049423e-08,0.0004831412067840792,8.579880896205017e-08,9.939389037998685,6,0,1.160436676834092,334.16842713016035,0.28571428571428564,0.7142857142857143,0.0,334.16842713016035,0.7142857142857143,0.0,1067.3329583803088,0.0,0.0,334.8827128444461,True,False,False,optuna_seeded,93.0,"[""scalar""]",[0.7787544185542751],False,,154,False,1.160436676834092,0.28571428571428564
VH_4_MFA,VH,MFA,VH_4_MFA__hybrid_optuna_144,all6,hybrid_optuna,generic_seed,trial_29,hybrid,1710e98be83bf964,1,True,0.7787730290431149,1,3.399165081826403,0.03535991272745067,0.00011634978139115056,120.4329136293286,48.97297861524146,2.3282606907497346e-08,0.00026892463319002263,5.970394429647849e-07,5.737791209319581,6,0,1.1607716656332083,341.0561100786531,0.28571428571428564,0.7142857142857143,0.0,341.0561100786531,0.7142857142857143,0.0,1630.0082865799109,0.0,0.0,341.7703957929388,True,False,False,optuna_seeded,29.0,"[""scalar""]",[0.7787730290431149],False,,155,False,1.1607716656332083,0.28571428571428564
VH_4_MFA,VH,MFA,VH_4_MFA__hybrid_optuna_145,all6,hybrid_optuna,generic_seed,trial_30,hybrid,1710e98be83bf964,1,True,0.7787862173022502,1,4.252940300944645,0.019101021043429103,7.456354066447865e-05,119.1505642842875,43.986129442144865,3.260883511423804e-08,0.0001224803033057214,1.083896864368694e-08,7.411466621348108,6,0,1.1610090542976428,335.02418543110815,0.28571428571428564,0.7142857142857143,0.0,335.02418543110815,0.7142857142857143,0.0,1603.8321453876185,0.0,0.0,335.7384711453939,True,False,False,optuna_seeded,30.0,"[""scalar""]",[0.7787862173022502],False,,156,False,1.1610090542976428,0.28571428571428564
VH_4_MFA,VH,MFA,VH_4_MFA__hybrid_optuna_146,all6,hybrid_optuna,generic_seed,trial_91,hybrid,1710e98be83bf964,1,True,0.7788554996284283,1,2.1248962905434667,0.050309870416504504,3.274781411400477e-05,106.43329452607638,15.92771293844789,1.3000142676031489e-08,0.0009132575082404626,2.377367104096596e-07,7.835131494449755,6,0,1.1622561361688493,312.19555800813595,0.28571428571428564,0.7142857142857143,0.0,312.19555800813595,0.7142857142857143,0.0,1281.8274715299945,0.0,0.0,312.90984372242167,True,False,False,optuna_seeded,91.0,"[""scalar""]",[0.7788554996284283],False,,157,False,1.1622561361688493,0.28571428571428564
VH_4_MFA,VH,MFA,VH_4_MFA__hybrid_optuna_147,all6,hybrid_optuna,generic_seed,trial_51,hybrid,1710e98be83bf964,1,True,0.7790481067806825,1,172.922038989217,0.0062355189243153844,0.00021189729054745253,124.300544147034,49.568591936157716,2.42285689798623e-07,0.00017495152631070662,3.219610189744834e-08,5.8435441590489186,6,0,1.1657230649094263,312.0551032266366,0.28571428571428564,0.7142857142857143,0.0,312.0551032266366,0.7142857142857143,0.0,1736.3193375419776,0.0,0.0,312.76938894092234,True,False,False,optuna_seeded,51.0,"[""scalar""]",[0.7790481067806825],False,,158,False,1.1657230649094263,0.28571428571428564
VH_4_MFA,VH,MFA,VH_4_MFA__hybrid_optuna_148,all6,hybrid_optuna,generic_seed,trial_41,hybrid,1710e98be83bf964,1,True,0.7791059454421733,1,4.425583194003694,0.021888854298871236,0.00010019068277832708,115.35950833058263,34.172295324766445,3.03826749282779e-08,0.00014822998650471293,2.2319393211430973e-08,6.861673580228471,6,0,1.1667641608162596,339.6895023052347,0.28571428571428564,0.7142857142857143,0.0,339.6895023052347,0.7142857142857143,0.0,1502.8634851514526,0.0,0.0,340.40378801952045,True,False,False,optuna_seeded,41.0,"[""scalar""]",[0.7791059454421733],False,,159,False,1.1667641608162596,0.28571428571428564
VH_4_MFA,VH,MFA,VH_4_MFA__hybrid_optuna_149,all6,hybrid_optuna,generic_seed,trial_239,hybrid,1710e98be83bf964,1,True,0.7791374425734756,1,45.875733634146464,0.003355732839461078,8.305866820083779e-05,53.76754154217344,1.2429389535676545,2.886942047691662e-07,0.00010561525724949906,0.0015538356718643334,4.416291522127384,6,0,1.1673311091797005,322.9285739632966,0.28571428571428564,0.7142857142857143,0.0,322.9285739632966,0.7142857142857143,0.0,327.378317678653,0.0,0.0,323.64285967758235,True,False,False,optuna_seeded,239.0,"[""scalar""]",[0.7791374425734756],False,,160,False,1.1673311091797005,0.28571428571428564
VH_4_MFA,VH,MFA,VH_4_MFA__hybrid_optuna_150,all6,hybrid_optuna,generic_seed,trial_104,hybrid,1710e98be83bf964,1,True,0.7792631929557672,1,1.1056843341414675,0.02856966480917818,8.105009695287293e-05,110.01662605197777,38.778160303017536,2.983433963487074e-08,0.0004421070839209761,2.1687659894955933e-08,5.856461973793887,6,0,1.1695946160609505,326.6450540538838,0.28571428571428564,0.7142857142857143,0.0,326.6450540538838,0.7142857142857143,0.0,1371.1889532631906,0.0,0.0,327.35933976816955,True,False,False,optuna_seeded,104.0,"[""scalar""]",[0.7792631929557672],False,,161,False,1.1695946160609505,0.28571428571428564
VH_4_MFA,VH,MFA,VH_4_MFA__hybrid_optuna_151,all6,hybrid_optuna,generic_seed,trial_71,hybrid,1710e98be83bf964,1,True,0.7793599819652719,1,7.8673042005383,0.02005455051625184,9.734265376445986e-05,127.56450106658498,23.166830147457386,4.772579840434875e-08,0.00014345469844415006,2.2199367410452304e-08,7.1027041837331835,6,0,1.1713368182320356,350.3968511615837,0.28571428571428564,0.7142857142857143,0.0,350.3968511615837,0.7142857142857143,0.0,1830.2925282847582,0.0,0.0,351.1111368758694,True,False,False,optuna_seeded,71.0,"[""scalar""]",[0.7793599819652719],False,,162,False,1.1713368182320356,0.28571428571428564
VH_4_MFA,VH,MFA,VH_4_MFA__hybrid_optuna_152,all6,hybrid_optuna,generic_seed,trial_133,hybrid,1710e98be83bf964,1,True,0.7793869909604014,1,13.42401190060115,0.011344447082056414,1.4747107003325874e-05,59.29938857665844,4.154376351586772,1.1549171589489147e-07,7.82170872932945e-05,1.603795470344814e-06,4.140972771170942,6,0,1.1718229801443651,358.2328101484113,0.28571428571428564,0.7142857142857143,0.0,358.2328101484113,0.7142857142857143,0.0,405.74591506894336,0.0,0.0,358.94709586269704,True,False,False,optuna_seeded,133.0,"[""scalar""]",[0.7793869909604014],False,,163,False,1.1718229801443651,0.28571428571428564
VH_4_MFA,VH,MFA,VH_4_MFA__hybrid_optuna_154,all6,hybrid_optuna,generic_seed,trial_86,hybrid,1710e98be83bf964,1,True,0.7794236768752832,1,2.5705584732350313,0.0936052338414704,2.662164158052517e-05,136.34353956147305,12.358945867894233,4.888667703582603e-08,0.000624816468482139,4.585467541209064e-07,9.358826804973509,6,0,1.1724833266122385,341.5440011212706,0.28571428571428564,0.7142857142857143,0.0,341.5440011212706,0.7142857142857143,0.0,2083.761373069123,0.0,0.0,342.2582868355563,True,False,False,optuna_seeded,86.0,"[""scalar""]",[0.7794236768752832],False,,164,False,1.1724833266122385,0.28571428571428564
VH_4_MFA,VH,MFA,VH_4_MFA__hybrid_optuna_155,all6,hybrid_optuna,generic_seed,trial_76,hybrid,1710e98be83bf964,1,True,0.779463801042997,1,10.279933414053408,0.016500833299449392,0.0022637163119788094,131.7850390438567,15.890386558160959,2.3387163187893793e-08,0.0004015782371077607,1.1719687029313822e-07,2.316879343986713,6,0,1.173205561631085,346.03811833436765,0.28571428571428564,0.7142857142857143,0.0,346.03811833436765,0.7142857142857143,0.0,1946.2727763148448,0.0,0.0,346.7524040486534,True,False,False,optuna_seeded,76.0,"[""scalar""]",[0.779463801042997],False,,165,False,1.173205561631085,0.28571428571428564
VH_4_MFA,VH,MFA,VH_4_MFA__hybrid_optuna_156,all6,hybrid_optuna,generic_seed,trial_126,hybrid,1710e98be83bf964,1,True,0.7794894765108351,1,6.359119773255505,0.014238795017080355,2.4392913690262758e-05,51.94015248244312,1.1971382264299515,3.998980950518874e-08,0.0002985263983968164,1.0862428217286915e-07,1.2356876116711029,6,0,1.1736677200521721,356.8610752172447,0.28571428571428564,0.7142857142857143,0.0,356.8610752172447,0.7142857142857143,0.0,319.9554758100035,0.0,0.0,357.57536093153044,True,False,False,optuna_seeded,126.0,"[""scalar""]",[0.7794894765108351],False,,166,False,1.1736677200521721,0.28571428571428564
VH_4_MFA,VH,MFA,VH_4_MFA__hybrid_optuna_157,all6,hybrid_optuna,generic_seed,trial_110,hybrid,1710e98be83bf964,1,True,0.7795004288403827,1,2.351744938435079,0.07290303017613402,9.028745725810284e-05,112.71586176474769,14.314167940880456,3.253608374943219e-08,0.00023080010266454323,1.4901439145664047e-08,5.214179794437257,6,0,1.1738648619840293,348.05390617610396,0.28571428571428564,0.7142857142857143,0.0,348.05390617610396,0.7142857142857143,0.0,1436.502731472401,0.0,0.0,348.7681918903897,True,False,False,optuna_seeded,110.0,"[""scalar""]",[0.7795004288403827],False,,167,False,1.1738648619840293,0.28571428571428564
VH_4_MFA,VH,MFA,VH_4_MFA__hybrid_optuna_158,all6,hybrid_optuna,generic_seed,trial_176,hybrid,1710e98be83bf964,1,True,0.7795225386383314,1,46.54655048506863,0.0024437648017841106,7.173242490498556e-05,4.093772255670958,0.2926327806796804,4.521285450815633e-07,2.7915851942990793e-05,4.907034386855918e-05,3.0901041042392703,6,0,1.174262838347106,315.6886076104897,0.28571428571428564,0.7142857142857143,0.0,315.6886076104897,0.7142857142857143,0.0,9.782693244482598,0.0,0.0,316.40289332477545,True,False,False,optuna_seeded,176.0,"[""scalar""]",[0.7795225386383314],False,,168,False,1.174262838347106,0.28571428571428564
VH_4_MFA,VH,MFA,VH_4_MFA__hybrid_optuna_159,all6,hybrid_optuna,generic_seed,trial_57,hybrid,1710e98be83bf964,1,True,0.7795356052778134,1,88.55243850519716,0.0029114330277886197,1.811004084326811e-05,103.89393652472707,13.770662506952869,1.562109914810544e-07,2.873931738244132e-05,0.022577735745866728,8.331130284042528,6,0,1.1744980378577814,314.3373320722853,0.28571428571428564,0.7142857142857143,0.0,314.3373320722853,0.7142857142857143,0.0,1209.5087015804645,0.0,0.0,315.051617786571,True,False,False,optuna_seeded,57.0,"[""scalar""]",[0.7795356052778134],False,,169,False,1.1744980378577814,0.28571428571428564
VH_4_MFA,VH,MFA,VH_4_MFA__hybrid_optuna_160,all6,hybrid_optuna,generic_seed,trial_81,hybrid,1710e98be83bf964,1,True,0.7795416338712937,1,4.0837092339725025,0.033745890526423614,8.033012257284511e-05,113.31925434294796,27.58829403322498,6.605637624867093e-08,0.00016420275980095716,1.9424992231191572e-08,6.740557939291532,6,0,1.1746065525404266,357.59659068737074,0.28571428571428564,0.7142857142857143,0.0,357.59659068737074,0.7142857142857143,0.0,1450.2906677341061,0.0,0.0,358.31087640165646,True,False,False,optuna_seeded,81.0,"[""scalar""]",[0.7795416338712937],False,,170,False,1.1746065525404266,0.28571428571428564
VH_4_MFA,VH,MFA,VH_4_MFA__hybrid_optuna_161,all6,hybrid_optuna,generic_seed,trial_31,hybrid,1710e98be83bf964,1,True,0.7795847699161046,1,4.043000354037125,0.02371064493683597,8.760371412709452e-05,115.72824463438718,39.3005253971601,3.4219660113953045e-08,0.00013182996779960714,1.5048603136302018e-08,7.25427174399631,6,0,1.1753830013470232,342.9424892191602,0.28571428571428564,0.7142857142857143,0.0,342.9424892191602,0.7142857142857143,0.0,1513.4810015962516,0.0,0.0,343.65677493344594,True,False,False,optuna_seeded,31.0,"[""scalar""]",[0.7795847699161046],False,,171,False,1.1753830013470232,0.28571428571428564
VH_4_MFA,VH,MFA,VH_4_MFA__hybrid_optuna_162,all6,hybrid_optuna,generic_seed,trial_101,hybrid,1710e98be83bf964,1,True,0.7796572828691423,1,3.5589720843994668,0.061459209508966176,2.3822928917338808e-05,113.76003634893303,36.86845099177149,4.0462545758946365e-08,0.0002452623521890299,1.5421184327471403e-08,8.768865401487018,6,0,1.1766882345017018,356.3432652257852,0.28571428571428564,0.7142857142857143,0.0,356.3432652257852,0.7142857142857143,0.0,1465.322353177023,0.0,0.0,357.05755094007094,True,False,False,optuna_seeded,101.0,"[""scalar""]",[0.7796572828691423],False,,172,False,1.1766882345017018,0.28571428571428564
VH_4_MFA,VH,MFA,VH_4_MFA__hybrid_optuna_163,all6,hybrid_optuna,generic_seed,trial_166,hybrid,1710e98be83bf964,1,True,0.7797745951999453,1,36.65465852661292,0.0020477613826935443,4.898896790351059e-05,18.507243873594707,0.1403560475872869,2.6441196655138823e-07,4.937590369162154e-05,0.00017809391572462847,1.4909901093436113,6,0,1.1787998564561568,340.4189337476269,0.28571428571428564,0.7142857142857143,0.0,340.4189337476269,0.7142857142857143,0.0,45.156624275090124,0.0,0.0,341.13321946191263,True,False,False,optuna_seeded,166.0,"[""scalar""]",[0.7797745951999453],False,,173,False,1.1787998564561568,0.28571428571428564
VH_4_MFA,VH,MFA,VH_4_MFA__hybrid_optuna_164,all6,hybrid_optuna,generic_seed,trial_182,hybrid,1710e98be83bf964,1,True,0.7799066064504658,1,54.87674372190038,0.006671351000549335,2.9653556874658578e-05,7.794657766414952,0.22965825993173528,4.324525783902713e-07,3.5781002243994204e-05,0.0003792962914339612,2.308985707992781,6,0,1.1811760589655245,342.1379623806187,0.28571428571428564,0.7142857142857143,0.0,342.1379623806187,0.7142857142857143,0.0,14.181797955541324,0.0,0.0,342.85224809490444,True,False,False,optuna_seeded,182.0,"[""scalar""]",[0.7799066064504658],False,,174,False,1.1811760589655245,0.28571428571428564
VH_4_MFA,VH,MFA,VH_4_MFA__hybrid_optuna_165,all6,hybrid_optuna,generic_seed,trial_95,hybrid,1710e98be83bf964,1,True,0.7802618885160368,1,2.8250261396846756,0.09918085343130296,1.4589293832861112e-05,111.24828348364736,25.936708550698643,2.2394390811720703e-08,0.0010152514989064494,4.4830735554804335e-08,8.683316736897172,6,0,1.187571136145803,336.41533446677374,0.28571428571428564,0.7142857142857143,0.0,336.41533446677374,0.7142857142857143,0.0,1402.6386513997393,0.0,0.0,337.12962018105947,True,False,False,optuna_seeded,95.0,"[""scalar""]",[0.7802618885160368],False,,175,False,1.187571136145803,0.28571428571428564
VH_4_MFA,VH,MFA,VH_4_MFA__hybrid_optuna_166,all6,hybrid_optuna,generic_seed,trial_194,hybrid,1710e98be83bf964,1,True,0.7803797473110856,1,16.419104587664954,0.00819770876408998,4.374738041804756e-05,52.54922285902112,0.18154703061172062,1.5421970751672092e-07,2.6123995479086923e-05,7.3850009606329484e-06,3.9712376177954263,6,0,1.189692594456681,352.8656082682916,0.28571428571428564,0.7142857142857143,0.0,352.8656082682916,0.7142857142857143,0.0,316.04399972887154,0.0,0.0,353.57989398257735,True,False,False,optuna_seeded,194.0,"[""scalar""]",[0.7803797473110856],False,,176,False,1.189692594456681,0.28571428571428564
VH_4_MFA,VH,MFA,VH_4_MFA__hybrid_optuna_167,all6,hybrid_optuna,generic_seed,trial_137,hybrid,1710e98be83bf964,1,True,0.7803876004637975,1,15.784059565521783,0.009080958040554737,2.148152119856518e-05,57.81240980090464,4.206601109137972,9.589501458227169e-08,5.200708214728775e-05,1.050480882331176e-06,3.0436314413656342,6,0,1.1898339512054956,356.19355390933805,0.28571428571428564,0.7142857142857143,0.0,356.19355390933805,0.7142857142857143,0.0,386.5190384293218,0.0,0.0,356.9078396236238,True,False,False,optuna_seeded,137.0,"[""scalar""]",[0.7803876004637975],False,,177,False,1.1898339512054956,0.28571428571428564
VH_4_MFA,VH,MFA,VH_4_MFA__hybrid_optuna_169,all6,hybrid_optuna,generic_seed,trial_205,hybrid,1710e98be83bf964,1,True,0.7808039434278123,1,20.65543636282987,0.009103143056651383,5.119439069209148e-05,29.350846316516506,2.781689223746059,3.005781948757835e-07,3.060102109464886e-05,6.049798891550012e-06,2.7896940552908362,6,0,1.1973281245577632,372.35372128400286,0.28571428571428564,0.7142857142857143,0.0,372.35372128400286,0.7142857142857143,0.0,106.54186275461495,0.0,0.0,373.0680069982886,True,False,False,optuna_seeded,205.0,"[""scalar""]",[0.7808039434278123],False,,178,False,1.1973281245577632,0.28571428571428564
VH_4_MFA,VH,MFA,VH_4_MFA__hybrid_optuna_170,all6,hybrid_optuna,generic_seed,trial_124,hybrid,1710e98be83bf964,1,True,0.7808081873194206,1,3.812298061566497,0.03385972736603015,1.7553340156432294e-05,69.02975020227267,6.506107486862905,6.292938529576859e-08,0.00010296261005030322,5.691315021107665e-08,8.870950316300242,6,0,1.1974045146067107,359.62603786993583,0.28571428571428564,0.7142857142857143,0.0,359.62603786993583,0.7142857142857143,0.0,552.60896792002,0.0,0.0,360.34032358422155,True,False,False,optuna_seeded,124.0,"[""scalar""]",[0.7808081873194206],False,,179,False,1.1974045146067107,0.28571428571428564
VH_4_MFA,VH,MFA,VH_4_MFA__hybrid_optuna_171,all6,hybrid_optuna,generic_seed,trial_61,hybrid,1710e98be83bf964,1,True,0.7808167089081157,1,2.2880984824325266,0.021626766132797594,0.00012184923505194026,95.21386505903867,33.93578155907516,2.7015875816996092e-08,9.058277544785544e-05,2.5949544440616875e-08,6.869054469953432,6,0,1.1975579032032224,344.0076899747042,0.28571428571428564,0.7142857142857143,0.0,344.0076899747042,0.7142857142857143,0.0,1032.1670885185893,0.0,0.0,344.7219756889899,True,False,False,optuna_seeded,61.0,"[""scalar""]",[0.7808167089081157],False,,180,False,1.1975579032032224,0.28571428571428564
VH_4_MFA,VH,MFA,VH_4_MFA__hybrid_optuna_172,all6,hybrid_optuna,generic_seed,trial_34,hybrid,1710e98be83bf964,1,True,0.7808388536389905,1,13.300340894077873,0.010629177529857932,0.00016269732627871596,99.558037574802,25.363971616627126,1.9273248476933544e-08,5.7467441460992535e-05,2.2649749077248935e-08,7.655594920760926,6,0,1.1979565083589712,341.96109368214167,0.28571428571428564,0.7142857142857143,0.0,341.96109368214167,0.7142857142857143,0.0,1125.4473369962209,0.0,0.0,342.6753793964274,True,False,False,optuna_seeded,34.0,"[""scalar""]",[0.7808388536389905],False,,181,False,1.1979565083589712,0.28571428571428564
VH_4_MFA,VH,MFA,VH_4_MFA__hybrid_optuna_173,all6,hybrid_optuna,generic_seed,trial_260,hybrid,1710e98be83bf964,1,True,0.7815027718199965,1,80.49035931410509,0.003044488627934618,0.00012556650461923076,46.86246758323244,0.9889454269299477,4.863095048463022e-07,6.667657173549899e-05,0.0015774121014974461,4.847434706847955,6,0,1.209907035617078,335.23814766854105,0.28571428571428564,0.7142857142857143,0.0,335.23814766854105,0.7142857142857143,0.0,249.3274807555978,0.0,0.0,335.95243338282677,True,False,False,optuna_seeded,260.0,"[""scalar""]",[0.7815027718199965],False,,182,False,1.209907035617078,0.28571428571428564
VH_4_MFA,VH,MFA,VH_4_MFA__hybrid_optuna_174,all6,hybrid_optuna,generic_seed,trial_44,hybrid,1710e98be83bf964,1,True,0.7815041858541716,1,3.1192632047284814,0.015510034148120884,1.8254090015107376e-05,112.49645595687586,14.216647709904024,2.1070604464624293e-08,0.0007750898374966631,1.8603440325156832e-07,4.5998255415669504,6,0,1.2099324882322289,331.7166365763801,0.28571428571428564,0.7142857142857143,0.0,331.7166365763801,0.7142857142857143,0.0,1428.2457463153582,0.0,0.0,332.4309222906658,True,False,False,optuna_seeded,44.0,"[""scalar""]",[0.7815041858541716],False,,183,False,1.2099324882322289,0.28571428571428564
VH_4_MFA,VH,MFA,VH_4_MFA__hybrid_optuna_175,all6,hybrid_optuna,generic_seed,trial_27,hybrid,1710e98be83bf964,1,True,0.7816597774729045,1,0.9987817958040359,0.03312150966475841,7.38112698293636e-05,134.55889749803208,11.119253319856536,3.7103522189062e-08,0.00012612699295696912,1.0700248513454832e-08,7.07343621447811,6,0,1.2127331373694217,343.513658761467,0.28571428571428564,0.7142857142857143,0.0,343.513658761467,0.7142857142857143,0.0,2036.4239171168508,0.0,0.0,344.22794447575274,True,False,False,optuna_seeded,27.0,"[""scalar""]",[0.7816597774729045],False,,184,False,1.2127331373694217,0.28571428571428564
VH_4_MFA,VH,MFA,VH_4_MFA__hybrid_optuna_176,all6,hybrid_optuna,generic_seed,trial_111,hybrid,1710e98be83bf964,1,True,0.7820473438081476,1,3.9163888324788485,0.018051344984059227,2.032424567496235e-05,115.78317976625033,33.24610755936787,2.090990195879815e-08,6.478386561220491e-05,2.6082823693545282e-08,7.814514893965948,6,0,1.2197093314037968,348.4008119075309,0.28571428571428564,0.7142857142857143,0.0,348.4008119075309,0.7142857142857143,0.0,1515.6963742559376,0.0,0.0,349.11509762181663,True,False,False,optuna_seeded,111.0,"[""scalar""]",[0.7820473438081476],False,,185,False,1.2197093314037968,0.28571428571428564
VH_4_MFA,VH,MFA,VH_4_MFA__hybrid_optuna_178,all6,hybrid_optuna,generic_seed,trial_87,hybrid,1710e98be83bf964,1,True,0.782494284379455,1,0.7783318780479811,0.07984105078183175,1.4580292973936479e-05,127.10351333032007,21.498027985389413,1.9200762111118895e-08,0.0003720688797335363,1.4207986113324242e-07,7.938253665007617,6,0,1.2277542616873303,338.1313473470636,0.28571428571428564,0.7142857142857143,0.0,338.1313473470636,0.7142857142857143,0.0,1819.270386573573,0.0,0.0,338.8456330613493,True,False,False,optuna_seeded,87.0,"[""scalar""]",[0.782494284379455],False,,186,False,1.2277542616873303,0.28571428571428564
VH_4_MFA,VH,MFA,VH_4_MFA__hybrid_optuna_179,all6,hybrid_optuna,generic_seed,trial_115,hybrid,1710e98be83bf964,1,True,0.782617718159127,1,28.226335372527902,0.06517864200321362,0.00017456806449631432,109.4502136485962,22.68004249245995,2.6998508937098147e-08,0.0006952110937351772,1.8223071067774322e-08,8.34846006356731,6,0,1.2299760697214248,370.15747367321774,0.28571428571428564,0.7142857142857143,0.0,370.15747367321774,0.7142857142857143,0.0,1356.170227947145,0.0,0.0,370.87175938750346,True,False,False,optuna_seeded,115.0,"[""scalar""]",[0.782617718159127],False,,187,False,1.2299760697214248,0.28571428571428564
VH_4_MFA,VH,MFA,VH_4_MFA__hybrid_optuna_180,all6,hybrid_optuna,generic_seed,trial_139,hybrid,1710e98be83bf964,1,True,0.7826846059669734,1,19.002908966592948,0.016413932978357047,2.8710725774063245e-05,56.781035005228816,1.1838462500358449,1.3637449074599442e-07,0.00015348861251773528,5.804787604844895e-07,3.916460110871628,6,0,1.231180050262662,392.0333542407689,0.28571428571428564,0.7142857142857143,0.0,392.0333542407689,0.7142857142857143,0.0,373.0032433009445,0.0,0.0,392.74763995505464,True,False,False,optuna_seeded,139.0,"[""scalar""]",[0.7826846059669734],False,,188,False,1.231180050262662,0.28571428571428564
VH_4_MFA,VH,MFA,VH_4_MFA__hybrid_optuna_181,all6,hybrid_optuna,generic_seed,trial_284,hybrid,1710e98be83bf964,1,True,0.7828954583039553,1,47.11085170739247,0.0025753840579170236,4.620980158449206e-05,55.94313780200934,1.4255038175712684,1.650984359587184e-07,9.479760018536223e-05,0.0002021269373659614,4.375845453408817,6,0,1.234975392328337,358.8718695796424,0.28571428571428564,0.7142857142857143,0.0,358.8718695796424,0.7142857142857143,0.0,355.6729063440893,0.0,0.0,359.58615529392813,True,False,False,optuna_seeded,284.0,"[""scalar""]",[0.7828954583039553],False,,189,False,1.234975392328337,0.28571428571428564
VH_4_MFA,VH,MFA,VH_4_MFA__hybrid_optuna_182,all6,hybrid_optuna,generic_seed,trial_281,hybrid,1710e98be83bf964,1,True,0.7830728067385125,1,49.98760067578527,0.003313972776339952,0.00012114833073868562,49.203424470059616,0.6492490619770087,1.800123341738507e-07,0.0001476514473686587,0.0041756174644982935,4.704376960984236,6,0,1.2381676641503656,356.7938221034456,0.28571428571428564,0.7142857142857143,0.0,356.7938221034456,0.7142857142857143,0.0,275.50271663777454,0.0,0.0,357.50810781773134,True,False,False,optuna_seeded,281.0,"[""scalar""]",[0.7830728067385125],False,,190,False,1.2381676641503656,0.28571428571428564
VH_4_MFA,VH,MFA,VH_4_MFA__hybrid_optuna_183,all6,hybrid_optuna,generic_seed,trial_114,hybrid,1710e98be83bf964,1,True,0.7830920686021963,1,5.53299817291912,0.04235987212238418,6.551150186636423e-05,102.34308231399021,49.70611764240381,1.0403021608696959e-07,0.00013164470581108464,0.0055323507414558205,9.94698834970465,6,0,1.2385143776966725,393.3827500802701,0.28571428571428564,0.7142857142857143,0.0,393.3827500802701,0.7142857142857143,0.0,1174.9024380524897,0.0,0.0,394.09703579455584,True,False,False,optuna_seeded,114.0,"[""scalar""]",[0.7830920686021963],False,,191,False,1.2385143776966725,0.28571428571428564
VH_4_MFA,VH,MFA,VH_4_MFA__hybrid_optuna_184,all6,hybrid_optuna,generic_seed,trial_112,hybrid,1710e98be83bf964,1,True,0.7836930607184465,1,2.8727650410822196,0.030006990377414024,4.8241908357269124e-05,30.427581204313555,25.623062581124252,1.298517777020699e-08,0.00016071685675292206,1.0096434665725475e-08,0.47063132636638066,6,0,1.2493322357891767,364.1175199338854,0.28571428571428564,0.7142857142857143,0.0,364.1175199338854,0.7142857142857143,0.0,133.76195709999024,0.0,0.0,364.8318056481711,True,False,False,optuna_seeded,112.0,"[""scalar""]",[0.7836930607184465],False,,192,False,1.2493322357891767,0.28571428571428564
VH_4_MFA,VH,MFA,VH_4_MFA__hybrid_optuna_185,all6,hybrid_optuna,generic_seed,trial_46,hybrid,1710e98be83bf964,1,True,0.7837014302475256,1,1.7287037308374054,0.0094631943726734,0.0031336018311345906,126.12061834514151,43.956462461925554,2.5070514155057144e-08,8.321249782917353e-05,6.758065822349818e-07,6.365127751159171,6,0,1.2494828873126018,344.833739885496,0.28571428571428564,0.7142857142857143,0.0,344.833739885496,0.7142857142857143,0.0,1782.7445077174355,0.0,0.0,345.54802559978174,True,False,False,optuna_seeded,46.0,"[""scalar""]",[0.7837014302475256],False,,193,False,1.2494828873126018,0.28571428571428564
VH_4_MFA,VH,MFA,VH_4_MFA__hybrid_optuna_186,all6,hybrid_optuna,generic_seed,trial_106,hybrid,1710e98be83bf964,1,True,0.7837248232226691,1,0.8826555720769207,0.05213151878387414,6.022736355805674e-05,117.92564767133936,29.06201706909018,1.6871553790217147e-08,0.0006550086201274346,3.819708142834241e-08,8.900052027177463,6,0,1.2499039608651845,341.1302381324881,0.28571428571428564,0.7142857142857143,0.0,341.1302381324881,0.7142857142857143,0.0,1571.7066990667754,0.0,0.0,341.8445238467738,True,False,False,optuna_seeded,106.0,"[""scalar""]",[0.7837248232226691],False,,194,False,1.2499039608651845,0.28571428571428564
VH_4_MFA,VH,MFA,VH_4_MFA__hybrid_optuna_189,all6,hybrid_optuna,generic_seed,trial_193,hybrid,1710e98be83bf964,1,True,0.7842087355433756,1,18.280682214446816,0.001887355610412445,2.508179895002503e-05,29.72915728418368,0.3985803797768185,4.009621821721642e-07,1.7915784239620445e-05,5.012859779829818e-06,3.156907961687881,6,0,1.2586143826379002,357.2607599062021,0.28571428571428564,0.7142857142857143,0.0,357.2607599062021,0.7142857142857143,0.0,108.84444987761218,0.0,0.0,357.97504562048783,True,False,False,optuna_seeded,193.0,"[""scalar""]",[0.7842087355433756],False,,195,False,1.2586143826379002,0.28571428571428564
VH_4_MFA,VH,MFA,VH_4_MFA__hybrid_optuna_190,all6,hybrid_optuna,generic_seed,trial_48,hybrid,1710e98be83bf964,1,True,0.7849300938949582,1,10.562649925847541,0.06362652253186273,0.0006786584380316287,93.94872108188656,3.216268897195574,1.1002537030222318e-08,0.0003853089555798242,8.52876409573523e-08,9.979981732133012,6,0,1.2715988329663879,388.1725200332139,0.28571428571428564,0.7142857142857143,0.0,388.1725200332139,0.7142857142857143,0.0,1001.1839639738015,0.0,0.0,388.88680574749964,True,False,False,optuna_seeded,48.0,"[""scalar""]",[0.7849300938949582],False,,196,False,1.2715988329663879,0.28571428571428564
VH_4_MFA,VH,MFA,VH_4_MFA__hybrid_optuna_191,all6,hybrid_optuna,generic_seed,trial_83,hybrid,1710e98be83bf964,1,True,0.7850219781844876,1,1.5320577938699584,0.013622459718002407,0.0004182520330584741,109.90106348443148,39.43379743189577,1.3993282101221101e-08,0.0002466747677343924,2.8390147958195406e-08,8.759213015887818,6,0,1.2732527501779167,346.41853574481183,0.28571428571428564,0.7142857142857143,0.0,346.41853574481183,0.7142857142857143,0.0,1367.2548977491215,0.0,0.0,347.13282145909756,True,False,False,optuna_seeded,83.0,"[""scalar""]",[0.7850219781844876],False,,197,False,1.2732527501779167,0.28571428571428564
VH_4_MFA,VH,MFA,VH_4_MFA__hybrid_optuna_193,all6,hybrid_optuna,generic_seed,trial_74,hybrid,1710e98be83bf964,1,True,0.7851245429294068,1,46.90157366792007,0.011016169101682176,0.00028837672224208067,145.00847271776672,49.2509613576418,3.552061600584082e-08,6.894426339549332e-05,1.0179318244438753e-08,3.0877275336680534,6,0,1.2750989155864636,393.21379304387693,0.28571428571428564,0.7142857142857143,0.0,393.21379304387693,0.7142857142857143,0.0,2359.2799717497655,0.0,0.0,393.92807875816266,True,False,False,optuna_seeded,74.0,"[""scalar""]",[0.7851245429294068],False,,198,False,1.2750989155864636,0.28571428571428564
VH_4_MFA,VH,MFA,VH_4_MFA__hybrid_optuna_194,all6,hybrid_optuna,generic_seed,trial_63,hybrid,1710e98be83bf964,1,True,0.7852508882865696,1,2.8645726353498286,0.015553486850306072,0.00010317822561522894,129.9337837410796,32.31471313134346,1.7299888003681063e-08,0.0005083847096198117,7.882577152399979e-06,8.620484239028816,6,0,1.2773731320153952,359.50441850358476,0.28571428571428564,0.7142857142857143,0.0,359.50441850358476,0.7142857142857143,0.0,1890.9467425476178,0.0,0.0,360.2187042178705,True,False,False,optuna_seeded,63.0,"[""scalar""]",[0.7852508882865696],False,,199,False,1.2773731320153952,0.28571428571428564
VH_4_MFA,VH,MFA,VH_4_MFA__hybrid_optuna_195,all6,hybrid_optuna,generic_seed,trial_140,hybrid,1710e98be83bf964,1,True,0.7853784510360089,1,9.34166375768692,0.012496648233729698,1.9392315064466534e-05,66.33232156061689,2.002906199735536,5.6456114946369705e-08,3.151900113048673e-05,3.564173747467932e-06,4.431429265524464,6,0,1.2796692615053018,389.2752978123312,0.28571428571428564,0.7142857142857143,0.0,389.2752978123312,0.7142857142857143,0.0,502.43731836335087,0.0,0.0,389.9895835266169,True,False,False,optuna_seeded,140.0,"[""scalar""]",[0.7853784510360089],False,,200,False,1.2796692615053018,0.28571428571428564
VH_4_MFA,VH,MFA,VH_4_MFA__hybrid_optuna_196,all6,hybrid_optuna,generic_seed,trial_62,hybrid,1710e98be83bf964,1,True,0.7861646478217309,1,6.94328770357892,0.0414006092618929,0.00033701539054356187,119.98314872029309,32.90072533871815,3.943888766273915e-08,0.00019770557082168138,3.524929242608122e-08,6.321958128472974,6,0,1.2938208036482972,411.81694457256634,0.28571428571428564,0.7142857142857143,0.0,411.81694457256634,0.7142857142857143,0.0,1620.9697721758496,0.0,0.0,412.53123028685206,True,False,False,optuna_seeded,62.0,"[""scalar""]",[0.7861646478217309],False,,201,False,1.2938208036482972,0.28571428571428564
VH_4_MFA,VH,MFA,VH_4_MFA__hybrid_optuna_197,all6,hybrid_optuna,generic_seed,trial_43,hybrid,1710e98be83bf964,1,True,0.7877538706065645,1,9.05120284963541,0.05848137574036132,5.677347033882236e-05,101.48934936396766,27.659056233497,6.553569927595975e-08,0.0002946143417821788,0.0003005910489192407,7.578228857991,6,0,1.3224268137753026,427.05454577112033,0.28571428571428564,0.7142857142857143,0.0,427.05454577112033,0.7142857142857143,0.0,1155.7371243790376,0.0,0.0,427.76883148540605,True,False,False,optuna_seeded,43.0,"[""scalar""]",[0.7877538706065645],False,,202,False,1.3224268137753026,0.28571428571428564
VH_4_MFA,VH,MFA,VH_4_MFA__hybrid_optuna_200,all6,hybrid_optuna,generic_seed,trial_195,hybrid,1710e98be83bf964,1,True,0.7892578505819499,1,52.113577013615775,0.002756206410846755,1.7645199079546666e-05,49.10330733391668,0.2889851611796459,3.7218359217242483e-07,0.00012737168647020006,2.0719514848895616e-06,3.5014262572448023,6,0,1.3494984533322374,368.54844811535787,0.28571428571428564,0.7142857142857143,0.0,368.54844811535787,0.7142857142857143,0.0,279.6558833857269,0.0,0.0,369.2627338296436,True,False,False,optuna_seeded,195.0,"[""scalar""]",[0.7892578505819499],False,,203,False,1.3494984533322374,0.28571428571428564
VH_4_MFA,VH,MFA,VH_4_MFA__hybrid_optuna_208,all6,hybrid_optuna,generic_seed,trial_179,hybrid,1710e98be83bf964,1,True,0.7911400313886304,1,67.90675035416206,0.0013441816796398195,2.6583659507402126e-05,9.695375283508282,0.13262232938193155,7.022303224199697e-07,1.518497667154545e-05,1.2016328252869439e-05,3.1950044439061602,6,0,1.3833777078524878,411.28647177821966,0.28571428571428564,0.7142857142857143,0.0,411.28647177821966,0.7142857142857143,0.0,20.13362057896167,0.0,0.0,412.0007574925054,True,False,False,optuna_seeded,179.0,"[""scalar""]",[0.7911400313886304],False,,204,False,1.3833777078524878,0.28571428571428564
VH_4_MFA,VH,MFA,VH_4_MFA__hybrid_optuna_209,all6,hybrid_optuna,generic_seed,trial_121,hybrid,1710e98be83bf964,1,True,0.7912906082843516,1,2.095682955234244,0.009780772568306187,0.0006047651791070921,91.8568922588871,3.630358186665792,1.6848081105576422e-08,0.0004257213264011204,5.397713494630625e-07,6.745330744886351,6,0,1.3860880919754683,400.3906398186156,0.28571428571428564,0.7142857142857143,0.0,400.3906398186156,0.7142857142857143,0.0,953.9353822835611,0.0,0.0,401.10492553290135,True,False,False,optuna_seeded,121.0,"[""scalar""]",[0.7912906082843516],False,,205,False,1.3860880919754683,0.28571428571428564
VH_4_MFA,VH,MFA,VH_4_MFA__hybrid_optuna_210,all6,hybrid_optuna,generic_seed,trial_113,hybrid,1710e98be83bf964,1,True,0.7919602528285958,1,17.61319573023289,0.09869636221283744,3.197148989558031e-05,118.53946639289185,0.07664928530419014,4.19439952349253e-08,0.0004931257216601087,5.034371419976209e-08,9.15316914312709,6,0,1.3981416937718658,450.41049119809395,0.28571428571428564,0.7142857142857143,0.0,450.41049119809395,0.7142857142857143,0.0,1580.6179011880986,0.0,0.0,451.1247769123797,True,False,False,optuna_seeded,113.0,"[""scalar""]",[0.7919602528285958],False,,206,False,1.3981416937718658,0.28571428571428564
VH_4_MFA,VH,MFA,VH_4_MFA__hybrid_optuna_212,all6,hybrid_optuna,generic_seed,trial_65,hybrid,1710e98be83bf964,1,True,0.7948014744829521,1,5.316395661045067,0.07739778234722443,3.1820536919150305e-05,104.68780418554786,20.75404434583863,2.858891378935818e-08,0.00010480781233944002,3.2214947313064875e-07,0.26526038451135325,6,0,1.449283683550278,469.6746518668205,0.28571428571428564,0.7142857142857143,0.0,469.6746518668205,0.7142857142857143,0.0,1236.1962500946222,0.0,0.0,470.38893758110623,True,False,False,optuna_seeded,65.0,"[""scalar""]",[0.7948014744829521],False,,207,False,1.449283683550278,0.28571428571428564
VH_4_MFA,VH,MFA,VH_4_MFA__hybrid_optuna_263,all6,hybrid_optuna,generic_seed,trial_177,hybrid,1710e98be83bf964,1,True,1.0566928448267183,1,47.815895788961306,0.0032905324065533445,5.9720587569599655e-05,17.752092473940145,0.251245904025448,1.849828440525427e-06,7.421495147863651e-05,4.245363872782525e-05,2.7608047546425056,6,0,1.6633283497380724,412.1632521353443,0.28571428571428564,0.7142857142857143,0.25,412.1632521353443,0.7142857142857143,0.25,41.299841940260094,0.0,0.0,413.12753784963,True,False,False,optuna_seeded,177.0,"[""scalar""]",[1.0566928448267183],False,,208,False,1.6633283497380724,0.28571428571428564
VH_4_MFA,VH,MFA,VH_4_MFA__hybrid_optuna_225,all6,hybrid_optuna,generic_seed,trial_56,hybrid,1710e98be83bf964,1,True,0.8102910800257439,1,128.28511031808577,0.04776355545732837,0.0007080188289974821,50.89819656012953,26.490645026289084,5.087831296486667e-08,7.061930556112178e-05,1.8210837352824e-07,4.902745652429482,6,0,1.728096583320532,567.7267617011547,0.28571428571428564,0.7142857142857143,0.0,567.7267617011547,0.7142857142857143,0.0,307.01438494279444,0.0,0.0,568.4410474154404,True,False,False,optuna_seeded,56.0,"[""scalar""]",[0.8102910800257439],False,,209,False,1.728096583320532,0.28571428571428564
VH_4_MFA,VH,MFA,VH_4_MFA__hybrid_optuna_227,all6,hybrid_optuna,generic_seed,trial_94,hybrid,1710e98be83bf964,1,True,0.8148312411524898,1,1.5760321314870103,0.050787025280128274,2.688837217000595e-05,80.7871910345118,5.259134795513154,1.5718087962056392e-08,0.002731046393748897,1.3934753476982263e-07,6.4613648795863945,6,0,1.8098194836019583,468.616702284818,0.28571428571428564,0.7142857142857143,0.0,468.616702284818,0.7142857142857143,0.0,750.2578767335085,0.0,0.0,469.33098799910374,True,False,False,optuna_seeded,94.0,"[""scalar""]",[0.8148312411524898],False,,210,False,1.8098194836019583,0.28571428571428564
VH_4_MFA,VH,MFA,VH_4_MFA__hybrid_optuna_229,all6,hybrid_optuna,generic_seed,trial_78,hybrid,1710e98be83bf964,1,True,0.8211325723188108,1,1.3261104288904364,0.039926798253046826,0.000901699096868974,90.31266808817004,10.265366760526707,8.309332544287851e-07,0.00010975057728248818,2.0635706518239896e-07,7.7076497045268715,6,0,1.9232434445957332,487.08884613084143,0.28571428571428564,0.7142857142857143,0.0,487.08884613084143,0.7142857142857143,0.0,919.8000494035524,0.0,0.0,487.80313184512715,True,False,False,optuna_seeded,78.0,"[""scalar""]",[0.8211325723188108],False,,211,False,1.9232434445957332,0.28571428571428564
VH_4_MFA,VH,MFA,VH_4_MFA__hybrid_optuna_234,all6,hybrid_optuna,generic_seed,trial_268,hybrid,1710e98be83bf964,1,True,0.8327481017355793,1,96.54863408449168,0.0007959089827528868,7.059746536626881e-05,35.29632506911446,0.9609573929039764,4.1912816557775496e-07,6.48037061837557e-05,0.0002963615662665689,3.3980055589479954,6,0,2.1323229740975695,665.6090940459961,0.28571428571428564,0.7142857142857143,0.0,665.6090940459961,0.7142857142857143,0.0,145.58041930789406,0.0,0.0,666.3233797602818,True,False,False,optuna_seeded,268.0,"[""scalar""]",[0.8327481017355793],False,,212,False,2.1323229740975695,0.28571428571428564
VH_4_MFA,VH,MFA,VH_4_MFA__hybrid_optuna_238,all6,hybrid_optuna,generic_seed,trial_68,hybrid,1710e98be83bf964,1,True,0.8509982789666998,1,104.75469666198393,0.004420797031772938,6.0145530541106796e-05,122.51286939406296,35.198726179580525,8.560061794435601e-07,0.00020786645984559844,3.5539820804027716e-08,5.216353083870065,6,0,2.4608261642577367,606.8519557689449,0.28571428571428564,0.7142857142857143,0.0,606.8519557689449,0.7142857142857143,0.0,1686.3829266958392,0.0,0.0,607.5662414832306,True,False,False,optuna_seeded,68.0,"[""scalar""]",[0.8509982789666998],False,,213,False,2.4608261642577367,0.28571428571428564
VH_4_MFA,VH,MFA,VH_4_MFA__hybrid_optuna_244,all6,hybrid_optuna,generic_seed,trial_80,hybrid,1710e98be83bf964,1,True,0.8673535011922335,1,2.0313748750518417,0.006774841705822711,0.0001448072155787606,119.33566043453827,19.43502939764096,1.8428194275461655e-07,0.0012547930851148068,8.706996229424746e-08,4.352110645890037,6,0,2.7552201643173433,753.2791178518759,0.28571428571428564,0.7142857142857143,0.0,753.2791178518759,0.7142857142857143,0.0,1600.9199939132784,0.0,0.0,753.9934035661615,True,False,False,optuna_seeded,80.0,"[""scalar""]",[0.8673535011922335],False,,214,False,2.7552201643173433,0.28571428571428564
VH_4_MFA,VH,MFA,VH_4_MFA__hybrid_optuna_246,all6,hybrid_optuna,generic_seed,trial_38,hybrid,1710e98be83bf964,1,True,0.8693550325876043,1,12.003183863159482,0.00374287449834063,0.00022489794323222675,126.37361803399708,48.82397246886791,5.421871257267027e-06,3.695288230539918e-05,1.5115523213907614e-07,3.561257665868384,6,0,2.791247729434017,711.4653802182726,0.28571428571428564,0.7142857142857143,0.0,711.4653802182726,0.7142857142857143,0.0,1786.7093549416286,0.0,0.0,712.1796659325582,True,False,False,optuna_seeded,38.0,"[""scalar""]",[0.8693550325876043],False,,215,False,2.791247729434017,0.28571428571428564
VH_4_MFA,VH,MFA,VH_4_MFA__hybrid_optuna_247,all6,hybrid_optuna,generic_seed,trial_266,hybrid,1710e98be83bf964,1,True,0.8745244043303936,1,56.3342808179655,0.004700427135470388,0.00011348385013763825,44.41137067163089,1.1389974588689409,5.657597433464601e-06,4.7404085430704024e-05,0.0021214232251311974,4.4713356538622255,6,0,2.8842964208042243,741.9231079383864,0.28571428571428564,0.7142857142857143,0.0,741.9231079383864,0.7142857142857143,0.0,222.50022218388787,0.0,0.0,742.637393652672,True,False,False,optuna_seeded,266.0,"[""scalar""]",[0.8745244043303936],False,,216,False,2.8842964208042243,0.28571428571428564
VH_4_MFA,VH,MFA,VH_4_MFA__hybrid_optuna_250,all6,hybrid_optuna,generic_seed,trial_40,hybrid,1710e98be83bf964,1,True,0.8925272176171105,1,1.857921649160788,0.01795684496984888,1.0212605777801348e-05,108.34161380384461,15.745515162258783,1.869794431103567e-08,0.009788348726919681,9.448756921381563e-07,0.387598976344284,6,0,3.20834705996513,867.0685833074731,0.28571428571428564,0.7142857142857143,0.0,867.0685833074731,0.7142857142857143,0.0,1326.8403601140308,0.0,0.0,867.7828690217588,True,False,False,optuna_seeded,40.0,"[""scalar""]",[0.8925272176171105],False,,217,False,3.20834705996513,0.28571428571428564
VH_4_MFA,VH,MFA,VH_4_MFA__hybrid_optuna_252,all6,hybrid_optuna,generic_seed,trial_97,hybrid,1710e98be83bf964,1,True,0.8938787833845162,1,2.27585499205191,0.07530169706185895,5.928095631691197e-05,86.14815603355044,7.260116678964529,2.679655910505931e-08,0.00840833104219035,3.365657346019044e-07,7.200622499948778,6,0,3.2326752437784325,881.0501771550753,0.28571428571428564,0.7142857142857143,0.0,881.0501771550753,0.7142857142857143,0.0,847.5865923396168,0.0,0.0,881.764462869361,True,False,False,optuna_seeded,97.0,"[""scalar""]",[0.8938787833845162],False,,218,False,3.2326752437784325,0.28571428571428564
VH_4_MFA,VH,MFA,VH_4_MFA__hybrid_optuna_257,all6,hybrid_optuna,generic_seed,trial_53,hybrid,1710e98be83bf964,1,True,0.9038981661436417,1,137.03308115825268,0.005750138771943603,4.6890610397415494e-05,129.02546894360378,0.007694250627616195,2.3303099276793327e-07,0.001027969946612462,3.7615547957965704e-08,7.934721760351075,6,0,3.4130241334426916,985.4641597662613,0.28571428571428564,0.7142857142857143,0.0,985.4641597662613,0.7142857142857143,0.0,1866.838708779669,0.0,0.0,986.178445480547,True,False,False,optuna_seeded,53.0,"[""scalar""]",[0.9038981661436417],False,,219,False,3.4130241334426916,0.28571428571428564
VH_4_MFA,VH,MFA,VH_4_MFA__hybrid_optuna_283,all6,hybrid_optuna,generic_seed,trial_264,hybrid,1710e98be83bf964,1,True,1.412440713570506,1,92.23862320540849,0.00019652535496016103,7.702655412532136e-05,39.30879691501151,0.8652138233903012,7.019340922396245e-07,5.692957221562312e-05,0.0035019232750497942,0.6187024576202252,6,0,3.5667899871262456,1337.4515143333508,0.28571428571428564,0.7142857142857143,0.5,1337.4515143333508,0.7142857142857143,0.5,178.0165653505152,0.0,0.0,1338.6658000476366,True,False,False,optuna_seeded,264.0,"[""scalar""]",[1.412440713570506],False,,220,False,3.5667899871262456,0.28571428571428564
VH_4_MFA,VH,MFA,VH_4_MFA__hybrid_optuna_286,all6,hybrid_optuna,generic_seed,trial_290,hybrid,1710e98be83bf964,1,True,1.4849545024588156,1,70.42300269589646,6.196944203484036e-05,7.353507950636759e-05,44.11419284704081,1.284313573001963,1.832752607329007e-07,0.00014074262791183558,0.0003912285353727768,3.5079705930924603,6,0,6.3720381871158205,2576.689898047655,0.28571428571428564,0.7142857142857143,0.4166666666666667,2576.689898047655,0.7142857142857143,0.4166666666666667,226.4618545322132,0.0,0.0,2577.820850428607,True,False,False,optuna_seeded,290.0,"[""scalar""]",[1.4849545024588156],False,,221,False,6.3720381871158205,0.28571428571428564
VH_4_MFA,VH,MFA,VH_4_MFA__hybrid_optuna_264,all6,hybrid_optuna,generic_seed,trial_12,hybrid,1710e98be83bf964,1,True,1.1394467674420712,1,170.28556315612587,0.0009641958295232142,0.2618463626432974,34.30856955631372,0.005058363410837149,0.0013366429099037917,0.00029704195893751154,3.859241282385284e-05,0.05330624192277013,6,0,7.652898956814421,3360.166396144312,0.28571428571428564,0.7142857142857143,0.0,3360.166396144312,0.7142857142857143,0.0,135.40235373448485,0.0,0.0,3360.8806818585977,True,False,False,optuna_seeded,12.0,"[""scalar""]",[1.1394467674420712],False,,222,False,7.652898956814421,0.28571428571428564
VH_4_MFA,VH,MFA,VH_4_MFA__hybrid_optuna_265,all6,hybrid_optuna,generic_seed,trial_102,hybrid,1710e98be83bf964,1,True,1.1444139632400334,1,5.019099373249939,1.0930827628052944e-05,3.594002111451913e-05,103.6166903525033,27.32724953252395,2.1257698211386066e-08,0.0008295864569559364,3.0402288241252787e-08,7.305483055587341,6,0,7.742308481177742,3428.3126753401325,0.28571428571428564,0.7142857142857143,0.0,3428.3126753401325,0.7142857142857143,0.0,1224.6287265650744,0.0,0.0,3429.0269610544183,True,False,False,optuna_seeded,102.0,"[""scalar""]",[1.1444139632400334],False,,223,False,7.742308481177742,0.28571428571428564
VH_4_MFA,VH,MFA,VH_4_MFA__hybrid_optuna_204,all6,hybrid_optuna,generic_seed,trial_273,hybrid,1710e98be83bf964,1,True,0.7899764838309704,1,59.3939170788554,0.0030095117678748118,5.196874677254804e-05,42.66222703839706,0.8420068989524738,3.1496697709394767e-07,0.00013875294885640815,0.00014575475593087874,4.228552658894593,6,0,9.890757441988109,19882.40627521145,0.28571428571428564,0.7142857142857143,0.08333333333333333,19882.40627521145,0.7142857142857143,0.08333333333333333,209.70769529933898,0.0,0.0,19883.20389425907,True,False,False,optuna_seeded,273.0,"[""scalar""]",[0.7899764838309704],False,,224,False,9.890757441988109,0.28571428571428564
VH_4_MFA,VH,MFA,VH_4_MFA__hybrid_optuna_255,all6,hybrid_optuna,generic_seed,trial_55,hybrid,1710e98be83bf964,1,True,0.9001120975227542,1,224.99023112441745,0.000729087030526837,0.0002416057308105589,121.92462328311643,46.906847363528804,1.165375642226434e-07,0.0001786952975665902,6.196547349725643e-08,0.07785910758760871,6,0,43.59246352030476,113631.25890993327,0.28571428571428564,0.7142857142857143,0.3333333333333333,113631.25890993327,0.7142857142857143,0.3333333333333333,1670.3467970412096,0.0,0.0,113632.30652898089,False,False,False,optuna_seeded,55.0,"[""scalar""]",[0.9001120975227542],False,,225,False,43.59246352030476,0.28571428571428564
VH_4_MFA,VH,MFA,VH_4_MFA__hybrid_optuna_241,all6,hybrid_optuna,generic_seed,trial_66,hybrid,1710e98be83bf964,1,True,0.8576412237197317,1,33.96755311700881,0.0016804177497306003,0.017519011755906137,110.35825266877873,13.409442175748433,7.738780258124799e-08,0.0003528156626415464,6.639267296952224e-08,4.124869436272956,6,0,inf,568.8640337650222,0.28571428571428564,0.7142857142857143,0.25,568.8640337650222,0.7142857142857143,0.25,1370.0494826841068,0.0,0.0,569.8283194793079,False,False,False,optuna_seeded,66.0,"[""scalar""]",[0.8576412237197317],False,,226,False,inf,0.28571428571428564
VH_4_MFA,VH,MFA,VH_4_MFA__hybrid_optuna_251,all6,hybrid_optuna,generic_seed,trial_35,hybrid,1710e98be83bf964,1,True,0.8931420352350175,1,4.381526935683311,0.0038744869209162095,2.6137860791753273e-05,121.34868883941316,19.127678658396395,1.1062792238875266e-08,0.002039172637609374,7.17186404213424e-07,4.375450782498059,6,0,3.208132378957026,1127.0366345395978,0.2850875413737061,0.7149124586262939,0.0,1127.0366345395978,0.7149124586262939,0.0,1657.2943959181907,0.0,0.0,1127.751546998224,True,False,False,optuna_seeded,35.0,"[""scalar""]",[0.8931420352350175],False,,227,False,3.208132378957026,0.2850875413737061
VH_4_MFA,VH,MFA,VH_4_MFA__hybrid_optuna_153,all6,hybrid_optuna,generic_seed,trial_42,hybrid,1710e98be83bf964,1,True,0.7794017062043732,1,63.96021979709378,0.007019293327861598,0.0001564415253244183,124.27619719939285,29.085661822783496,3.410254969683956e-07,0.0001251076405107276,2.915428658951105e-08,5.874195792352906,6,0,1.1442803982786398,313.9622378615256,0.2841694270333291,0.7158305729666709,0.0,313.9622378615256,0.7158305729666709,0.0,1734.5157493511806,0.0,0.0,314.6780684344923,True,False,False,optuna_seeded,42.0,"[""scalar""]",[0.7794017062043732],False,,228,False,1.1442803982786398,0.2841694270333291
VH_4_MFA,VH,MFA,VH_4_MFA__hybrid_optuna_232,all6,hybrid_optuna,generic_seed,trial_73,hybrid,1710e98be83bf964,1,True,0.8273749001184778,1,3.577594887616121,0.027353103823415017,3.884279808528647e-05,138.6864817044532,0.0011149187533315954,2.858965416313589e-06,4.110794317110315e-05,8.036642139425324e-05,8.729193194556474,6,0,2.0036048910150295,506.8718418994813,0.28393648271569055,0.7160635172843094,0.0,506.8718418994813,0.7160635172843094,0.0,2140.2214166886192,0.0,0.0,507.5879054167656,True,False,False,optuna_seeded,73.0,"[""scalar""]",[0.8273749001184778],False,,229,False,2.0036048910150295,0.28393648271569055
VH_4_MFA,VH,MFA,VH_4_MFA__hybrid_optuna_211,all6,hybrid_optuna,generic_seed,trial_142,hybrid,1710e98be83bf964,1,True,0.7944854443983579,1,11.759431927357967,0.014826773371688357,1.2186676634226217e-05,71.75795417857549,1.4917948921689543,7.78726956654253e-08,5.83031755910735e-06,4.916532595402282e-07,5.529295074518847,6,0,1.4068481226320921,446.93509782124966,0.2836727846367583,0.7163272153632417,0.0,446.93509782124966,0.7163272153632417,0.0,588.6450009714384,0.0,0.0,447.6514250366129,True,False,False,optuna_seeded,142.0,"[""scalar""]",[0.7944854443983579],False,,230,False,1.4068481226320921,0.2836727846367583
VH_4_MFA,VH,MFA,VH_4_MFA__hybrid_optuna_168,all6,hybrid_optuna,generic_seed,trial_129,hybrid,1710e98be83bf964,1,True,0.780469843910593,1,9.180774715626482,0.009362982736900212,1.0231605608300036e-05,61.16152552420976,2.198444488197479,1.3852857991781612e-07,0.0002903740384377148,3.761451672464213e-07,5.5721382060068745,6,0,1.1502470921442771,312.59368909309677,0.28343277231964453,0.7165672276803554,0.0,312.59368909309677,0.7165672276803554,0.0,433.5968263644951,0.0,0.0,313.3102563207771,True,False,False,optuna_seeded,129.0,"[""scalar""]",[0.780469843910593],False,,231,False,1.1502470921442771,0.28343277231964453
VH_4_MFA,VH,MFA,VH_4_MFA__hybrid_optuna_217,all6,hybrid_optuna,generic_seed,trial_13,hybrid,1710e98be83bf964,1,True,0.8013949910820564,1,7.835405964338035,0.0013417547209433008,0.00044585009230514944,74.56280904162787,1.6640470111858103,1.139713597201625e-06,4.1794013997488524e-07,4.025250365807171e-05,0.6364594929732531,6,0,1.5268873364696143,441.8206887799119,0.28343208316625557,0.7165679168337444,0.0,441.8206887799119,0.7165679168337444,0.0,622.4027529750516,0.0,0.0,442.53725669674566,True,False,False,optuna_seeded,13.0,"[""scalar""]",[0.8013949910820564],False,,232,False,1.5268873364696143,0.28343208316625557
VH_4_MFA,VH,MFA,VH_4_MFA__hybrid_optuna_199,all6,hybrid_optuna,generic_seed,trial_69,hybrid,1710e98be83bf964,1,True,0.7889555679549375,1,1.3994620566874671,0.012678747367793411,0.00016757631494260605,98.04923397456966,0.0017418702437819453,1.545734231694208e-08,1.8992232400265577e-05,1.3490549312794e-06,9.932676311005816,6,0,1.2934190809717292,367.0503438226756,0.282901047654603,0.7170989523453969,0.0,367.0503438226756,0.7170989523453969,0.0,1082.6740572569454,0.0,0.0,367.767442775021,True,False,False,optuna_seeded,69.0,"[""scalar""]",[0.7889555679549375],False,,233,False,1.2934190809717292,0.282901047654603
VH_4_MFA,VH,MFA,VH_4_MFA__hybrid_optuna_177,all6,hybrid_optuna,generic_seed,trial_283,hybrid,1710e98be83bf964,1,True,0.7821532603169458,1,38.61827199599389,0.004042678428405443,0.008811988603414554,51.74306467992257,0.8904779950481805,2.543731344064186e-07,1.0837845190773417e-06,0.000574143091590879,3.827556835572511,6,0,1.1683628481514976,321.2380227245315,0.28275578680258184,0.7172442131974183,0.0,321.2380227245315,0.7172442131974183,0.0,301.5749952451575,0.0,0.0,321.95526693772894,True,False,False,optuna_seeded,283.0,"[""scalar""]",[0.7821532603169458],False,,234,False,1.1683628481514976,0.28275578680258184
VH_4_MFA,VH,MFA,VH_4_MFA__hybrid_optuna_272,all6,hybrid_optuna,generic_seed,trial_236,hybrid,1710e98be83bf964,1,True,1.2707544541277798,1,62.92921274378638,0.004885656632424105,5.432288120598781e-05,51.40260359177057,1.6367643291699498,0.002390314973620507,7.979731743764282e-05,0.007114672634040476,3.4336781926303805,6,0,6.9590927354871726,3128.332701902478,0.2825284756215077,0.7174715243784923,0.16666666666666666,3128.332701902478,0.7174715243784923,0.16666666666666666,298.74049801877874,0.0,0.0,3129.2168400935234,True,False,False,optuna_seeded,236.0,"[""scalar""]",[1.2707544541277798],False,,235,False,6.9590927354871726,0.2825284756215077
VH_4_MFA,VH,MFA,VH_4_MFA__hybrid_optuna_228,all6,hybrid_optuna,generic_seed,trial_14,hybrid,1710e98be83bf964,1,True,0.815388713714603,1,6.325671955666121,0.0009767624465297402,0.00039501912883689285,84.14332615796971,2.5255112817858403,1.1674619513025972e-06,1.913489632070406e-07,1.717130525688817e-05,0.7670534267727928,6,0,1.761832425549664,549.8869325757726,0.28249086548260066,0.7175091345173993,0.0,549.8869325757726,0.7175091345173993,0.0,793.063187224808,0.0,0.0,550.60444171029,True,False,False,optuna_seeded,14.0,"[""scalar""]",[0.815388713714603],False,,236,False,1.761832425549664,0.28249086548260066
VH_4_MFA,VH,MFA,VH_4_MFA__hybrid_optuna_287,all6,hybrid_optuna,generic_seed,trial_64,hybrid,1710e98be83bf964,1,True,1.4959404513908574,1,78.33134036086513,0.02556044886343337,6.874535809835595e-05,117.37774158019185,8.626543747622163,0.009532491826382498,4.770380440852069e-05,1.7510577351481253e-08,8.316340003368909,6,0,5.003858277599286,1842.8000969399575,0.2820516751424362,0.7179483248575638,0.5,1842.8000969399575,0.7179483248575638,0.5,1549.9243141782254,0.0,0.0,1844.018045264815,True,False,False,optuna_seeded,64.0,"[""scalar""]",[1.4959404513908574],False,,237,False,5.003858277599286,0.2820516751424362
VH_4_MFA,VH,MFA,VH_4_MFA__hybrid_optuna_201,all6,hybrid_optuna,generic_seed,trial_25,hybrid,1710e98be83bf964,1,True,0.7895446920443414,1,0.9917165333111478,0.032696298749471726,8.856017531096311e-05,135.57850618851433,10.45348085885965,4.123523486595122e-08,1.689674852409724e-06,7.31048980577005e-08,5.970520721288028,6,0,1.2879373153596112,363.831410062712,0.2820073810311925,0.7179926189688075,0.0,363.831410062712,0.7179926189688075,0.0,2062.0421165182215,0.0,0.0,364.5494026816808,True,False,False,optuna_seeded,25.0,"[""scalar""]",[0.7895446920443414],False,,238,False,1.2879373153596112,0.2820073810311925
VH_4_MFA,VH,MFA,VH_4_MFA__hybrid_optuna_206,all6,hybrid_optuna,generic_seed,trial_26,hybrid,1710e98be83bf964,1,True,0.7902871312582456,1,0.9333678584897398,0.028815882741466264,6.970770667604443e-05,132.01317112333686,11.273284453598658,3.194830830302322e-08,1.746334899199174e-06,2.8044778563226795e-08,9.20679195968827,6,0,1.300261879385337,363.2781485633743,0.2819496398187175,0.7180503601812825,0.0,363.2781485633743,0.7180503601812825,0.0,1959.4993009296081,0.0,0.0,363.9961989235556,True,False,False,optuna_seeded,26.0,"[""scalar""]",[0.7902871312582456],False,,239,False,1.300261879385337,0.2819496398187175
VH_4_MFA,VH,MFA,VH_4_MFA__hybrid_optuna_271,all6,hybrid_optuna,generic_seed,trial_15,hybrid,1710e98be83bf964,1,True,1.234888402495344,1,6.562323586516328,0.00028928070801151004,0.00033331042150437943,89.21036065294979,2.772306835076008,1.0655369528397934e-06,1.0587985024703745e-07,1.7252011089010127e-06,0.9004063321995529,6,0,3.3029015776628814,1225.4683287716582,0.2819394629303717,0.7180605370696284,0.3333333333333333,1225.4683287716582,0.7180605370696284,0.3333333333333333,894.9868670096151,0.0,0.0,1226.5197226420612,True,False,False,optuna_seeded,15.0,"[""scalar""]",[1.234888402495344],False,,240,False,3.3029015776628814,0.2819394629303717
VH_4_MFA,VH,MFA,VH_4_MFA__hybrid_optuna_192,all6,hybrid_optuna,generic_seed,trial_60,hybrid,1710e98be83bf964,1,True,0.7850729159370455,1,294.7738408752528,0.005939791500323958,2.1420115919493386e-05,111.75787054745007,21.25034202468928,1.0294379282097828e-08,4.203494380300497e-06,1.0960079501203344e-07,5.264744537629401,6,0,1.2057750322613965,342.45652006070776,0.28191458585525436,0.7180854141447456,0.0,342.45652006070776,0.7180854141447456,0.0,1411.3788266910867,0.0,0.0,343.1746054748525,True,False,False,optuna_seeded,60.0,"[""scalar""]",[0.7850729159370455],False,,241,False,1.2057750322613965,0.28191458585525436
VH_4_MFA,VH,MFA,VH_4_MFA__hybrid_pre_07,all6,legacy_db_verified_median,verified_seed,hybrid_pre_start_07,hybrid,1710e98be83bf964,3,True,1.8295391892350087e+24,2,32.89666777892559,0.0066382428982521575,0.006580727700459173,12.223863266798539,0.06106089792870474,0.00019469654776006987,7.659424474281285e-06,0.0006121496991405707,0.11900075783011424,6,0,4.567001419610782,1397.016449539672,0.2818853722968206,0.7181146277031795,0.0,1397.016449539672,0.7181146277031795,0.0,0.0,0.0,0.0,1397.7345641673753,True,False,False,scipy_pre,,,,,,242,False,4.567001419610782,0.2818853722968206
VH_4_MFA,VH,MFA,VH_4_MFA__hybrid_optuna_260,all6,hybrid_optuna,generic_seed,trial_6,hybrid,1710e98be83bf964,1,True,0.9718369287926673,1,32.89666777892559,0.0066382428982521575,0.006580727700459173,12.223863266798539,0.06106089792870474,0.00019469654776006987,7.659424474281285e-06,0.0006121496991405707,0.11900075783011424,6,0,4.567001419610782,1397.016449539672,0.2818853722968206,0.7181146277031795,0.0,1397.016449539672,0.7181146277031795,0.0,16.4115314481825,0.0,0.0,1397.7345641673753,True,False,False,optuna_seeded,6.0,"[""scalar""]",[0.9718369287926673],False,,243,False,4.567001419610782,0.2818853722968206
VH_4_MFA,VH,MFA,VH_4_MFA__hybrid_optuna_235,all6,hybrid_optuna,generic_seed,trial_16,hybrid,1710e98be83bf964,1,True,0.8346108497894648,1,0.5536265961278548,0.001271676044066982,0.0004758596352762071,68.65784620176585,4.4748907066041905,9.631154903997323e-08,5.044679511821316e-07,1.0732551610059211e-08,1.8014164325642348,6,0,2.096914394645434,694.9294752079219,0.28188439435750373,0.7181156056424962,0.0,694.9294752079219,0.7181156056424962,0.0,548.119153148634,0.0,0.0,695.6475908135644,True,False,False,optuna_seeded,16.0,"[""scalar""]",[0.8346108497894648],False,,244,False,2.096914394645434,0.28188439435750373
VH_4_MFA,VH,MFA,VH_4_MFA__hybrid_optuna_207,all6,hybrid_optuna,generic_seed,trial_278,hybrid,1710e98be83bf964,1,True,0.7903942867418523,1,41.18999645389583,0.008565602346166549,5.707085076474379e-05,54.117683929603174,0.525893898732572,2.3685319563336307e-07,1.1713438425330113e-07,0.006435666437329512,5.218462784767823,6,0,1.300355568995559,396.03551021383873,0.28184768931345644,0.7181523106865436,0.0,396.03551021383873,0.7181523106865436,0.0,334.4447758762074,0.0,0.0,396.7536625245253,True,False,False,optuna_seeded,278.0,"[""scalar""]",[0.7903942867418523],False,,245,False,1.300355568995559,0.28184768931345644
VH_4_MFA,VH,MFA,VH_4_MFA__hybrid_optuna_216,all6,hybrid_optuna,generic_seed,trial_18,hybrid,1710e98be83bf964,1,True,0.8000873855478866,1,2.7115749062729395,0.0019818778135555866,0.0011556229568663553,66.97625512124648,0.9478505090885164,2.0657040935294728e-07,8.356978379530819e-08,4.3548359090684605e-06,2.698605993450729,6,0,1.4738557064238504,420.76551691802393,0.28179348703121626,0.7182065129687837,0.0,420.76551691802393,0.7182065129687837,0.0,509.12780196212276,0.0,0.0,421.4837234309927,True,False,False,optuna_seeded,18.0,"[""scalar""]",[0.8000873855478866],False,,246,False,1.4738557064238504,0.28179348703121626
VH_4_MFA,VH,MFA,VH_4_MFA__hybrid_optuna_187,all6,hybrid_optuna,generic_seed,trial_200,hybrid,1710e98be83bf964,1,True,0.7837963686685206,1,37.64732649872689,0.003373414225177232,2.8760927792296396e-05,11.764805518791961,0.14658855997263567,3.429147829305952e-07,2.0853893285890423e-08,1.4200939766616152e-06,3.990442603545006,6,0,1.1799917744976751,321.6455703111116,0.28175872991468354,0.7182412700853166,0.0,321.6455703111116,0.7182412700853166,0.0,33.253737613699826,0.0,0.0,322.36381158119696,True,False,False,optuna_seeded,200.0,"[""scalar""]",[0.7837963686685206],False,,247,False,1.1799917744976751,0.28175872991468354
VH_4_MFA,VH,MFA,VH_4_MFA__hybrid_optuna_214,all6,hybrid_optuna,generic_seed,trial_21,hybrid,1710e98be83bf964,1,True,0.7968730464343495,1,0.5030730711044371,0.06288045645965099,0.0013734672924820782,107.4473904416818,0.7916582976296861,1.479591912591041e-07,5.444634924422647e-08,2.876075553222657e-06,2.7351152641565686,6,0,1.4152048766826308,363.5797195017617,0.28174944671468544,0.7182505532853146,0.0,363.5797195017617,0.7182505532853146,0.0,1294.304943314109,0.0,0.0,364.297970055047,True,False,False,optuna_seeded,21.0,"[""scalar""]",[0.7968730464343495],False,,248,False,1.4152048766826308,0.28174944671468544
VH_4_MFA,VH,MFA,VH_4_MFA__hybrid_optuna_203,all6,hybrid_optuna,generic_seed,trial_20,hybrid,1710e98be83bf964,1,True,0.789831213701665,1,0.7878556402193926,0.04520414670262714,0.001433735684248204,147.19696301374404,0.5991171102221376,1.1517230972181485e-07,3.284743968765821e-08,2.3573267269222584e-06,2.712902117057897,6,0,1.2882907452495853,350.6307490928048,0.2817404943677564,0.7182595056322435,0.0,350.6307490928048,0.7182595056322435,0.0,2417.8123893582842,0.0,0.0,351.3490085984371,True,False,False,optuna_seeded,20.0,"[""scalar""]",[0.789831213701665],False,,249,False,1.2882907452495853,0.2817404943677564
VH_4_MFA,VH,MFA,VH_4_MFA__hybrid_optuna_266,all6,hybrid_optuna,generic_seed,trial_22,hybrid,1710e98be83bf964,1,True,1.1468976689355048,1,0.6530307511984046,0.09352234237662928,0.0015858784749613322,149.620474272146,0.7002409650575115,7.39490810413919e-08,4.813680863671341e-08,2.467468523698383e-06,2.8679831596857945,6,0,7.715379339491906,3490.0721451829872,0.2817345165918233,0.7182654834081768,0.0,3490.0721451829872,0.7182654834081768,0.0,2498.2297162244918,0.0,0.0,3490.7904106663955,True,False,False,optuna_seeded,22.0,"[""scalar""]",[1.1468976689355048],False,,250,False,7.715379339491906,0.2817345165918233
VH_4_MFA,VH,MFA,VH_4_MFA__hybrid_pre_03,all6,legacy_db_verified_median,verified_seed,hybrid_pre_start_03,hybrid,1710e98be83bf964,3,True,3.0679026027723847e+24,3,35.999993519853376,0.008000000723545158,0.010000000172904026,0.20000000762969977,0.03499999846990725,9.040583390092242e-05,1.4629080079078327e-05,0.0017917864123085116,0.17118226840357328,6,0,3.212849515101287,835.5919020964733,0.2817307872744035,0.7182692127255965,0.0,835.5919020964733,0.7182692127255965,0.0,1.530390192397227e-14,0.0,0.0,836.3101713091988,True,False,False,scipy_pre,,,,,,251,False,3.212849515101287,0.2817307872744035
VH_4_MFA,VH,MFA,VH_4_MFA__hybrid_optuna_253,all6,hybrid_optuna,generic_seed,trial_2,hybrid,1710e98be83bf964,1,True,0.8967608524534458,1,35.999993519853376,0.008000000723545158,0.010000000172904026,0.20000000762969977,0.03499999846990725,9.040583390092242e-05,1.4629080079078327e-05,0.0017917864123085116,0.17118226840357328,6,0,3.212849515101287,835.5919020964733,0.2817307872744035,0.7182692127255965,0.0,835.5919020964733,0.7182692127255965,0.0,0.05528576522267857,0.0,0.0,836.3101713091988,True,False,False,optuna_seeded,2.0,"[""scalar""]",[0.8967608524534458],False,,252,False,3.212849515101287,0.2817307872744035
VH_4_MFA,VH,MFA,VH_4_MFA__hybrid_optuna_261,all6,hybrid_optuna,generic_seed,trial_109,hybrid,1710e98be83bf964,1,True,1.0397993096338185,1,1.3403129867847208,0.024167917173976254,0.03203911568395144,124.41800390248775,38.79415625355817,5.182898978271982e-08,8.721379978250842e-05,1.274795583079542e-07,7.42653200789301,6,0,1.287492518805908,364.6581357683399,0.2817280525220654,0.7182719474779345,0.25,364.6581357683399,0.7182719474779345,0.25,1737.5290471458773,0.0,0.0,365.62640771581783,True,False,False,optuna_seeded,109.0,"[""scalar""]",[1.0397993096338185],False,,253,False,1.287492518805908,0.2817280525220654
VH_4_MFA,VH,MFA,VH_4_MFA__hybrid_pre_08,all6,legacy_db_verified_median,verified_seed,hybrid_pre_start_08,hybrid,1710e98be83bf964,3,True,4.983102868151942e+16,6,59.411077619514394,0.006129495108820626,0.004247585383362918,1e-10,0.02040551993424367,2.0564899654471287e-05,4.582991324240856e-06,0.004784757650000447,0.1567589404269439,6,0,1.3199856276440798,358.6480601741826,0.2817280525220654,0.7182719474779345,0.5,358.6480601741826,0.7182719474779345,0.5,1.1111111111111112e-21,0.0,0.0,359.86633212166055,True,False,False,scipy_pre,,,,,,254,False,1.3199856276440798,0.2817280525220654
VH_4_MFA,VH,MFA,VH_4_MFA__hybrid_optuna_273,all6,hybrid_optuna,generic_seed,trial_7,hybrid,1710e98be83bf964,1,True,1.2916044823470503,1,59.411077619514394,0.006129495108820626,0.004247585383362918,1e-10,0.02040551993424367,2.0564899654471287e-05,4.582991324240856e-06,0.004784757650000447,0.1567589404269439,6,0,1.3199856276440798,358.6480601741826,0.2817280525220654,0.7182719474779345,0.5,358.6480601741826,0.7182719474779345,0.5,0.8092637674739632,0.0,0.0,359.86633212166055,True,False,False,optuna_seeded,7.0,"[""scalar""]",[1.2916044823470503],False,,255,False,1.3199856276440798,0.2817280525220654
VH_4_MFA,VH,MFA,VH_4_MFA__hybrid_optuna_274,all6,hybrid_optuna,generic_seed,trial_23,hybrid,1710e98be83bf964,1,True,1.2932129092637021,1,0.993625011986882,0.04560965679204403,0.05378065193265705,106.98662783441556,0.39904789186545764,1.4873847062242473e-08,4.326845871219075e-08,1.2155059840453677e-07,5.153798674290816,6,0,1.3489373121438148,392.66886187559044,0.2817280525220654,0.7182719474779345,0.5,392.66886187559044,0.7182719474779345,0.5,1291.9810299179844,0.0,0.0,393.8871338230684,True,False,False,optuna_seeded,23.0,"[""scalar""]",[1.2932129092637021],False,,256,False,1.3489373121438148,0.2817280525220654
VH_4_MFA,VH,MFA,VH_4_MFA__hybrid_optuna_275,all6,hybrid_optuna,generic_seed,trial_117,hybrid,1710e98be83bf964,1,True,1.2933438614876263,1,3.1352920360824705,0.021120784072787842,0.13271912865795604,95.8921846122636,0.005906584067244211,7.868954048842524e-08,1.2272187261348154e-05,3.736499879423263e-08,7.105715834615296,6,0,1.3512944521744474,394.5224971671043,0.2817280525220654,0.7182719474779345,0.5,394.5224971671043,0.7182719474779345,0.5,1037.9133157469148,0.0,0.0,395.74076911458224,True,False,False,optuna_seeded,117.0,"[""scalar""]",[1.2933438614876263],False,,257,False,1.3512944521744474,0.2817280525220654
VH_4_MFA,VH,MFA,VH_4_MFA__hybrid_optuna_262,all6,hybrid_optuna,generic_seed,trial_19,hybrid,1710e98be83bf964,1,True,1.0539016477981145,1,2.168111479101609,0.002241745029365408,0.09687753524369125,62.905113502760166,21.04026814267736,1.592863656115813e-07,1.5084937645981711e-06,2.5677062988088546e-07,9.548355205193293,6,0,1.5413346057632378,451.5438732942182,0.2817280525220654,0.7182719474779345,0.25,451.5438732942182,0.7182719474779345,0.25,456.98260541670993,0.0,0.0,452.51214524169615,True,False,False,optuna_seeded,19.0,"[""scalar""]",[1.0539016477981145],False,,258,False,1.5413346057632378,0.2817280525220654
VH_4_MFA,VH,MFA,VH_4_MFA__hybrid_optuna_270,all6,hybrid_optuna,generic_seed,trial_191,hybrid,1710e98be83bf964,1,True,1.2289857132554827,1,27.61069719792164,0.004457586680769562,0.6020716170192104,18.27929414421704,0.2338713443683632,5.545691531989767e-07,4.2694158784196235e-05,6.0176748613010396e-05,2.833372947674972,6,0,1.6928477839958642,439.50042018846005,0.2817280525220654,0.7182719474779345,0.4166666666666667,439.50042018846005,0.7182719474779345,0.4166666666666667,42.965224728149146,0.0,0.0,440.6353588026047,True,False,False,optuna_seeded,191.0,"[""scalar""]",[1.2289857132554827],False,,259,False,1.6928477839958642,0.2817280525220654
VH_4_MFA,VH,MFA,VH_4_MFA__hybrid_optuna_276,all6,hybrid_optuna,generic_seed,trial_11,hybrid,1710e98be83bf964,1,True,1.3126284559218615,1,5.954804796035956,0.09146256489754011,0.5689196370496582,39.54769661970162,34.85520780911878,1.199666122063665e-08,4.836884594077431e-07,1.201280511975784e-05,0.6872233558285807,6,0,1.698417151990684,555.4455190194018,0.2817280525220654,0.7182719474779345,0.5,555.4455190194018,0.7182719474779345,0.5,191.710311954833,0.0,0.0,556.6637909668797,True,False,False,optuna_seeded,11.0,"[""scalar""]",[1.3126284559218615],False,,260,False,1.698417151990684,0.2817280525220654
VH_4_MFA,VH,MFA,VH_4_MFA__hybrid_pre_05,all6,legacy_db_verified_median,verified_seed,hybrid_pre_start_05,hybrid,1710e98be83bf964,3,True,6.273757792779252e+25,2,45.18052098140038,0.004441421081800164,0.0076726649195173365,9.644816707643888e-11,0.12655223849040298,4.908933768652594e-05,1.0611386279274877e-05,0.002098969704654003,0.11787045847980976,6,0,2.0284089397093736,484.774060756054,0.2817280525220654,0.7182719474779345,0.5,484.774060756054,0.7182719474779345,0.5,9.752759747668286e-16,0.0,0.0,485.99233270353193,True,False,False,scipy_pre,,,,,,261,False,2.0284089397093736,0.2817280525220654
VH_4_MFA,VH,MFA,VH_4_MFA__hybrid_optuna_277,all6,hybrid_optuna,generic_seed,trial_4,hybrid,1710e98be83bf964,1,True,1.3309613330173442,1,45.18052098140038,0.004441421081800164,0.0076726649195173365,9.644816707643888e-11,0.12655223849040298,4.908933768652594e-05,1.0611386279274877e-05,0.002098969704654003,0.11787045847980976,6,0,2.0284089397093736,484.774060756054,0.2817280525220654,0.7182719474779345,0.5,484.774060756054,0.7182719474779345,0.5,0.29377579832575496,0.0,0.0,485.99233270353193,True,False,False,optuna_seeded,4.0,"[""scalar""]",[1.3309613330173442],False,,262,False,2.0284089397093736,0.2817280525220654
VH_4_MFA,VH,MFA,VH_4_MFA__hybrid_pre_04,all6,legacy_db_verified_median,verified_seed,hybrid_pre_start_04,hybrid,1710e98be83bf964,3,True,3.21981996633738e+26,2,33.0,0.014999999999999998,0.007999999999999997,0.24,0.05000000000000001,5.1660479601537693e-05,1.4629079729608927e-05,0.0015358173708558006,0.24726325679356811,6,0,2.5997774730585133,668.5756314914707,0.2817280525220654,0.7182719474779345,0.5,668.5756314914707,0.7182719474779345,0.5,0.0,0.0,0.0,669.7939034389486,True,False,False,scipy_pre,,,,,,263,False,2.5997774730585133,0.2817280525220654
VH_4_MFA,VH,MFA,VH_4_MFA__hybrid_optuna_279,all6,hybrid_optuna,generic_seed,trial_3,hybrid,1710e98be83bf964,1,True,1.3627040293145187,1,33.0,0.014999999999999998,0.007999999999999997,0.24,0.05000000000000001,5.1660479601537693e-05,1.4629079729608927e-05,0.0015358173708558006,0.24726325679356811,6,0,2.5997774730585133,668.5756314914707,0.2817280525220654,0.7182719474779345,0.5,668.5756314914707,0.7182719474779345,0.5,0.04739347500979877,0.0,0.0,669.7939034389486,True,False,False,optuna_seeded,3.0,"[""scalar""]",[1.3627040293145187],False,,264,False,2.5997774730585133,0.2817280525220654
VH_4_MFA,VH,MFA,VH_4_MFA__hybrid_pre_02,all6,legacy_db_verified_median,verified_seed,hybrid_pre_start_02,hybrid,1710e98be83bf964,3,True,9.449563545360028e+25,2,24.000000315757376,0.011999999880286724,0.01000000013917513,0.19999998651974984,0.07499999842422957,3.8745359778434735e-05,2.194362329485831e-05,0.0010238781934610462,0.209222754340522,6,0,2.6053749507777266,654.4074272983926,0.2817280525220654,0.7182719474779345,0.5,654.4074272983926,0.7182719474779345,0.5,3.592753017534448e-15,0.0,0.0,655.6256992458705,True,False,False,scipy_pre,,,,,,265,False,2.6053749507777266,0.2817280525220654
VH_4_MFA,VH,MFA,VH_4_MFA__hybrid_optuna_280,all6,hybrid_optuna,generic_seed,trial_1,hybrid,1710e98be83bf964,1,True,1.3630150002989194,1,24.000000315757376,0.011999999880286724,0.01000000013917513,0.19999998651974984,0.07499999842422957,3.8745359778434735e-05,2.194362329485831e-05,0.0010238781934610462,0.209222754340522,6,0,2.6053749507777266,654.4074272983926,0.2817280525220654,0.7182719474779345,0.5,654.4074272983926,0.7182719474779345,0.5,0.06672191626186066,0.0,0.0,655.6256992458705,True,False,False,optuna_seeded,1.0,"[""scalar""]",[1.3630150002989194],False,,266,False,2.6053749507777266,0.2817280525220654
VH_4_MFA,VH,MFA,VH_4_MFA__hybrid_pre_06,all6,legacy_db_verified_median,verified_seed,hybrid_pre_start_06,hybrid,1710e98be83bf964,3,True,2140.7170649808827,10,21.623893945390776,0.018852800919900284,0.01125393879927456,0.003242163125109163,0.10044186273060828,4.266631384937273e-05,2.077435063951156e-05,0.003771541196573034,0.2098358823486825,6,0,2.9046285033531487,757.821268038433,0.2817280525220654,0.7182719474779345,0.5,757.821268038433,0.7182719474779345,0.5,1.1709493825992528e-06,0.0,0.0,759.0395399859109,True,False,False,scipy_pre,,,,,,267,False,2.9046285033531487,0.2817280525220654
VH_4_MFA,VH,MFA,VH_4_MFA__hybrid_optuna_281,all6,hybrid_optuna,generic_seed,trial_5,hybrid,1710e98be83bf964,1,True,1.3796401976642207,1,21.623893945390776,0.018852800919900284,0.01125393879927456,0.003242163125109163,0.10044186273060828,4.266631384937273e-05,2.077435063951156e-05,0.003771541196573034,0.2098358823486825,6,0,2.9046285033531487,757.821268038433,0.2817280525220654,0.7182719474779345,0.5,757.821268038433,0.7182719474779345,0.5,0.268241482824308,0.0,0.0,759.0395399859109,True,False,False,optuna_seeded,5.0,"[""scalar""]",[1.3796401976642207],False,,268,False,2.9046285033531487,0.2817280525220654
VH_4_MFA,VH,MFA,VH_4_MFA__hybrid_pre_01,all6,legacy_db_verified_median,verified_seed,hybrid_pre_start_01,hybrid,1710e98be83bf964,3,True,1.760335428544733e+26,2,29.99999978089864,0.010000000016527148,0.009999999836375709,0.19999999757440629,0.04999999984652067,6.457560167348698e-05,1.8286347185217635e-05,0.0012798478116770018,0.19020250237986883,6,0,2.9914513994960523,759.2803272043301,0.2817280525220654,0.7182719474779345,0.5,759.2803272043301,0.7182719474779345,0.5,2.2270452787107806e-15,0.0,0.0,760.498599151808,True,False,False,scipy_pre,,,,,,269,False,2.9914513994960523,0.2817280525220654
VH_4_MFA,VH,MFA,VH_4_MFA__hybrid_optuna_282,all6,hybrid_optuna,generic_seed,trial_0,hybrid,1710e98be83bf964,1,True,1.384463691894382,1,29.99999978089864,0.010000000016527148,0.009999999836375709,0.19999999757440629,0.04999999984652067,6.457560167348698e-05,1.8286347185217635e-05,0.0012798478116770018,0.19020250237986883,6,0,2.9914513994960523,759.2803272043301,0.2817280525220654,0.7182719474779345,0.5,759.2803272043301,0.7182719474779345,0.5,2.2270452787107806e-15,0.0,0.0,760.498599151808,True,False,False,optuna_seeded,0.0,"[""scalar""]",[1.384463691894382],False,,270,False,2.9914513994960523,0.2817280525220654
VH_4_MFA,VH,MFA,VH_4_MFA__hybrid_optuna_284,all6,hybrid_optuna,generic_seed,trial_28,hybrid,1710e98be83bf964,1,True,1.451175932277156,1,1.1732930963478285,0.03370045924582003,1.404193517960824e-05,135.34768027801596,9.03661173963743,4.593879129055743e-06,5.429080476454313e-05,4.3994800405497496e-08,5.717233259124711,6,0,4.192271726385985,1244.0587936149402,0.2817280525220654,0.7182719474779345,0.5,1244.0587936149402,0.7182719474779345,0.5,2052.4913536398794,0.0,0.0,1245.277065562418,True,False,False,optuna_seeded,28.0,"[""scalar""]",[1.451175932277156],False,,271,False,4.192271726385985,0.2817280525220654
VH_4_MFA,VH,MFA,VH_4_MFA__hybrid_optuna_298,all6,hybrid_optuna,generic_seed,trial_122,hybrid,1710e98be83bf964,1,True,1.729854173170096,1,7.514008096261008,0.026391418787567344,0.0002565240128598395,83.33941030822297,1.739038888947076,0.0009801121138017822,0.00020034501039783515,1.453931276500669e-07,3.76605985455333,6,0,4.708480062458905,1662.1435972779782,0.2817280525220654,0.7182719474779345,0.75,1662.1435972779782,0.7182719474779345,0.75,782.8415837531097,0.0,0.0,1663.611869225456,True,False,False,optuna_seeded,122.0,"[""scalar""]",[1.729854173170096],False,,272,False,4.708480062458905,0.2817280525220654
VH_4_MFA,VH,MFA,VH_4_MFA__hybrid_optuna_300,all6,hybrid_optuna,generic_seed,trial_10,hybrid,1710e98be83bf964,1,True,2.000374888674966,1,394.1944799511767,0.0003320258070519293,11.156918462586772,93.6125290758548,0.001887735647734102,0.00594450388093979,0.0010679937101958975,4.075173392676908e-07,0.054992165131679656,6,0,5.077852941546564,1873.514788545519,0.2817280525220654,0.7182719474779345,1.0,1873.514788545519,0.7182719474779345,1.0,989.7200192467574,0.0,0.0,1875.2330604929969,True,False,False,optuna_seeded,10.0,"[""scalar""]",[2.000374888674966],False,,273,False,5.077852941546564,0.2817280525220654
VH_4_MFA,VH,MFA,VH_4_MFA__hybrid_optuna_269,all6,hybrid_optuna,generic_seed,trial_280,hybrid,1710e98be83bf964,1,True,1.213912815832156,1,74.07810007564568,0.0067795346903629684,8.812962451511053e-05,45.814564545834884,0.8946951209999808,0.00010888593432941935,2.9288236069283175e-05,0.0003406657635230999,4.0292135265969335,6,0,5.921535630375981,2278.3440829200517,0.2817280525220654,0.7182719474779345,0.16666666666666666,2278.3440829200517,0.7182719474779345,0.16666666666666666,235.9925715997763,0.0,0.0,2279.2290215341964,True,False,False,optuna_seeded,280.0,"[""scalar""]",[1.213912815832156],False,,274,False,5.921535630375981,0.2817280525220654
VH_4_MFA,VH,MFA,VH_4_MFA__hybrid_optuna_291,all6,hybrid_optuna,generic_seed,trial_45,hybrid,1710e98be83bf964,1,True,1.6058730528900464,1,4.735872497854577,0.005093646538479841,16.73117436522566,87.76039160722023,0.02342918512561014,5.39240590816052e-08,2.8985511479874182e-05,5.1543727208852044e-08,3.5018326228051073,6,0,6.976819897418011,3202.4551917620797,0.2817280525220654,0.7182719474779345,0.5,3202.4551917620797,0.7182719474779345,0.5,876.4111782831319,0.0,0.0,3203.673463709558,True,False,False,optuna_seeded,45.0,"[""scalar""]",[1.6058730528900464],False,,275,False,6.976819897418011,0.2817280525220654
VH_4_MFA,VH,MFA,VH_4_MFA__hybrid_optuna_292,all6,hybrid_optuna,generic_seed,trial_79,hybrid,1710e98be83bf964,1,True,1.6329718049331157,1,1.7833003574178388,0.00011811427132921177,0.015250135302016458,104.34447575306228,0.1917760698279984,9.533154113069683e-08,0.003998739093583105,4.144571387257718e-08,5.40065886607123,6,0,7.464597434193258,3289.834267757988,0.2817280525220654,0.7182719474779345,0.5,3289.834267757988,0.7182719474779345,0.5,1229.4787393048675,0.0,0.0,3291.052539705466,True,False,False,optuna_seeded,79.0,"[""scalar""]",[1.6329718049331157],False,,276,False,7.464597434193258,0.2817280525220654
VH_4_MFA,VH,MFA,VH_4_MFA__hybrid_optuna_293,all6,hybrid_optuna,generic_seed,trial_197,hybrid,1710e98be83bf964,1,True,1.6348688642234135,1,73.40272894033534,2.2996861779051523e-05,2.279535585147872e-05,22.89634509911961,0.33518138575338324,1.943251281814398e-06,8.087295617080221e-05,3.356777805532628e-05,2.968250115549315,6,0,7.49874450141862,3258.2717560953574,0.2817280525220654,0.7182719474779345,0.5,3258.2717560953574,0.7182719474779345,0.5,69.8614622509204,0.0,0.0,3259.4900280428355,True,False,False,optuna_seeded,197.0,"[""scalar""]",[1.6348688642234135],False,,277,False,7.49874450141862,0.2817280525220654
VH_4_MFA,VH,MFA,VH_4_MFA__hybrid_optuna_294,all6,hybrid_optuna,generic_seed,trial_9,hybrid,1710e98be83bf964,1,True,1.638221173332914,1,2.167640897475782,5.3370327626039544e-05,0.00014309923693515131,45.63633644393066,0.2922905212920093,0.00017718847354806813,1.328944872286916e-08,0.06156997328235192,4.115716865497774,6,0,7.559086065389625,3323.205006737702,0.2817280525220654,0.7182719474779345,0.5,3323.205006737702,0.7182719474779345,0.5,244.1784925042457,0.0,0.0,3324.4232786851803,True,False,False,optuna_seeded,9.0,"[""scalar""]",[1.638221173332914],False,,278,False,7.559086065389625,0.2817280525220654
VH_4_MFA,VH,MFA,VH_4_MFA__hybrid_optuna_295,all6,hybrid_optuna,generic_seed,trial_8,hybrid,1710e98be83bf964,1,True,1.638953616571661,1,1.4690139693517672,4.207053950287933e-05,2.3226650368137e-05,129.92642186624028,0.6677615511747083,1.7670169402947916e-06,0.005061576888752304,0.0013303245101522893,1.192617378922354,6,0,7.572270043687074,3329.0858424609687,0.2817280525220654,0.7182719474779345,0.5,3329.0858424609687,0.7182719474779345,0.5,1884.3801552705886,0.0,0.0,3330.304114408447,True,False,False,optuna_seeded,8.0,"[""scalar""]",[1.638953616571661],False,,279,False,7.572270043687074,0.2817280525220654
VH_4_MFA,VH,MFA,VH_4_MFA__hybrid_optuna_296,all6,hybrid_optuna,generic_seed,trial_49,hybrid,1710e98be83bf964,1,True,1.6443095856653471,1,44.62112636073314,0.01313277354611712,1.573120966239054,142.26306728604334,0.12488268084466335,9.756437942362753e-08,0.0020156244690098316,1.0298033856930884e-08,5.033697318664598,6,0,7.668677487373422,3717.9920088644963,0.2817280525220654,0.7182719474779345,0.5,3717.9920088644963,0.7182719474779345,0.5,2269.0223667992,0.0,0.0,3719.2102808119744,True,False,False,optuna_seeded,49.0,"[""scalar""]",[1.6443095856653471],False,,280,False,7.668677487373422,0.2817280525220654
VH_4_MFA,VH,MFA,VH_4_MFA__hybrid_optuna_297,all6,hybrid_optuna,generic_seed,trial_108,hybrid,1710e98be83bf964,1,True,1.6711275273900619,1,1.872657324712822,0.08322034860883075,3.936229794120096,107.1692142125983,20.46166369142083,1.0213101229171574e-08,0.0011807883891738083,7.138367713937971e-08,0.14186688439945586,6,0,8.15140043841829,4106.980323702189,0.2817280525220654,0.7182719474779345,0.5,4106.980323702189,0.7182719474779345,0.5,1301.8280219867718,0.0,0.0,4108.1985956496665,True,False,False,optuna_seeded,108.0,"[""scalar""]",[1.6711275273900619],False,,281,False,8.15140043841829,0.2817280525220654
VH_4_MFA,VH,MFA,VH_4_MFA__hybrid_optuna_268,all6,hybrid_optuna,generic_seed,trial_203,hybrid,1710e98be83bf964,1,True,1.1664865084702027,1,15.787735586486624,0.005231814625555543,3.485395705998502e-05,19.657646583652298,0.2148357014533076,0.0003988897169805554,4.8364847681794346e-05,0.00010121276888983374,2.4347048697465903,6,0,8.03870788291574,3617.6803143826487,0.28010837391400484,0.7198916260859952,0.0,3617.6803143826487,0.7198916260859952,0.0,47.86472357671277,0.0,0.0,3618.4002060087346,True,False,False,optuna_seeded,203.0,"[""scalar""]",[1.1664865084702027],False,,282,False,8.03870788291574,0.28010837391400484
VH_4_MFA,VH,MFA,VH_4_MFA__hybrid_optuna_215,all6,hybrid_optuna,generic_seed,trial_294,hybrid,1710e98be83bf964,1,True,0.7994803199745903,1,59.53075474847841,0.00941886138470169,0.0380529562542859,60.88099646904248,0.5889697328267579,5.650792657160471e-07,0.0001122530359082663,0.0049387691297034155,3.425448640850971,6,0,1.4290135505440436,399.84221468604466,0.27990932172230104,0.7200906782776989,0.0,399.84221468604466,0.7200906782776989,0.0,414.05039373325053,0.0,0.0,400.56230536432236,True,False,False,optuna_seeded,294.0,"[""scalar""]",[0.7994803199745903],False,,283,False,1.4290135505440436,0.27990932172230104
VH_4_MFA,VH,MFA,VH_4_MFA__hybrid_optuna_188,all6,hybrid_optuna,generic_seed,trial_257,hybrid,1710e98be83bf964,1,True,0.7838923998378482,1,105.88002562106665,0.004698755967113962,0.00010523124350774543,41.541357755289965,0.6068088660651829,5.423183073373405e-07,6.177239377741815e-05,0.0007023257717784597,0.3105961643428063,6,0,1.0926403550438775,326.7576807997887,0.276809842109034,0.723190157890966,0.0,326.7576807997887,0.723190157890966,0.0,195.907620380359,0.0,0.0,327.48087095767966,True,False,False,optuna_seeded,257.0,"[""scalar""]",[0.7838923998378482],False,,284,False,1.0926403550438775,0.276809842109034
VH_4_MFA,VH,MFA,VH_4_MFA__hybrid_optuna_202,all6,hybrid_optuna,generic_seed,trial_285,hybrid,1710e98be83bf964,1,True,0.789712416147972,1,30.203783398366618,0.0052196326876254775,0.0033842019244389445,46.8923746606499,0.648599891376902,7.96491326039721e-07,5.9190643600950414e-05,0.0002927293437140092,3.3723679603970393,6,0,1.1935421367375694,332.27909038302454,0.27659548033744835,0.7234045196625517,0.0,332.27909038302454,0.7234045196625517,0.0,246.609449150753,0.0,0.0,333.0024949026871,True,False,False,optuna_seeded,285.0,"[""scalar""]",[0.789712416147972],False,,285,False,1.1935421367375694,0.27659548033744835
VH_4_MFA,VH,MFA,VH_4_MFA__hybrid_optuna_198,all6,hybrid_optuna,generic_seed,trial_224,hybrid,1710e98be83bf964,1,True,0.7882766578913655,1,45.16783015869726,0.005259307579247093,2.6923769087569088e-05,39.17951416222973,1.0622404837662707,3.947354087930467e-07,0.00011650690082645981,0.0022301933555728005,3.642038021000696,6,0,1.157906761197064,318.58656053843094,0.27605149550847147,0.7239485044915286,0.0,318.58656053843094,0.7239485044915286,0.0,178.08598291230766,0.0,0.0,319.3105090429225,True,False,False,optuna_seeded,224.0,"[""scalar""]",[0.7882766578913655],False,,286,False,1.157906761197064,0.27605149550847147
VH_4_MFA,VH,MFA,VH_4_MFA__hybrid_optuna_267,all6,hybrid_optuna,generic_seed,trial_58,hybrid,1710e98be83bf964,1,True,1.1522575783419282,1,224.86677267853523,0.010787466000124282,4.9570861246902694e-05,10.594924585121248,6.5882761879188445,0.0007626004102879208,0.00020027509971879556,0.0002999190552243331,3.8332329247658468,6,0,7.688112938901763,3426.328208490868,0.2748598071526142,0.7251401928473857,0.0,3426.328208490868,0.7251401928473857,0.0,20.783968381906114,0.0,0.0,3427.0533486837153,True,False,False,optuna_seeded,58.0,"[""scalar""]",[1.1522575783419282],False,,287,False,7.688112938901763,0.2748598071526142
VH_4_MFA,VH,MFA,VH_4_MFA__hybrid_optuna_205,all6,hybrid_optuna,generic_seed,trial_144,hybrid,1710e98be83bf964,1,True,0.7902203792088731,1,8.451195674977185,0.010542956477397643,1.6409969541771928e-05,44.79578662815083,5.013476551707089,2.0183477282642575e-07,0.00021617982492244214,7.409659038396159e-06,4.774527105973444,6,0,1.1627104762546072,325.2139568156999,0.27437464724971616,0.7256253527502837,0.0,325.2139568156999,0.7256253527502837,0.0,236.56040835761598,0.0,0.0,325.93958216845016,True,False,False,optuna_seeded,144.0,"[""scalar""]",[0.7902203792088731],False,,288,False,1.1627104762546072,0.27437464724971616
VH_4_MFA,VH,MFA,VH_4_MFA__hybrid_optuna_213,all6,hybrid_optuna,generic_seed,trial_136,hybrid,1710e98be83bf964,1,True,0.7956636203461379,1,21.48723208835944,0.007858241041988817,1.8233971014340328e-05,46.56435894024081,3.0809197156031467,2.627463500061551e-07,0.00019093629263701908,1.1604520686373486e-06,4.964298299993935,6,0,1.199742535271305,322.95183528897763,0.2709887427244901,0.72901125727551,0.0,322.95183528897763,0.72901125727551,0.0,255.78950461803768,0.0,0.0,323.6808465462531,True,False,False,optuna_seeded,136.0,"[""scalar""]",[0.7956636203461379],False,,289,False,1.199742535271305,0.2709887427244901
VH_4_MFA,VH,MFA,VH_4_MFA__hybrid_optuna_236,all6,hybrid_optuna,generic_seed,trial_37,hybrid,1710e98be83bf964,1,True,0.8359317066496115,1,15.08461539496213,0.012607550859011739,3.993576879158084e-05,99.17864849286089,18.78022490200099,4.930100003177965e-07,0.0002725481827135633,9.501876530471111e-08,9.617550922534358,6,0,1.899626379359824,456.40720840191693,0.26960309220371204,0.7303969077962879,0.0,456.40720840191693,0.7303969077962879,0.0,1111.0904039786847,0.0,0.0,457.1376053097132,True,False,False,optuna_seeded,37.0,"[""scalar""]",[0.8359317066496115],False,,290,False,1.899626379359824,0.26960309220371204
VH_4_MFA,VH,MFA,VH_4_MFA__hybrid_optuna_220,all6,hybrid_optuna,generic_seed,trial_72,hybrid,1710e98be83bf964,1,True,0.8054195342045446,1,3.4560344203617035,0.008347974827226932,0.000465600626541969,134.4431718445366,1.8346415603894375,2.21041396330537e-07,0.0002661933951661784,1.3254891944519225e-08,4.5940847278889025,6,0,1.3360948376888508,350.0403686656585,0.2688079567781694,0.7311920432218306,0.0,350.0403686656585,0.7311920432218306,0.0,2025.511421600247,0.0,0.0,350.7715607088803,True,False,False,optuna_seeded,72.0,"[""scalar""]",[0.8054195342045446],False,,291,False,1.3360948376888508,0.2688079567781694
VH_4_MFA,VH,MFA,VH_4_MFA__hybrid_optuna_218,all6,hybrid_optuna,generic_seed,trial_188,hybrid,1710e98be83bf964,1,True,0.8023311480914088,1,35.302089266747636,0.00528222091177824,1.8354314944099257e-05,14.429311864599109,0.11332915819772499,9.386003957649591e-07,6.376154410397273e-05,2.7115799576125328e-06,3.625347502840633,6,0,1.2723425574932463,344.26766883815935,0.26835454954710497,0.731645450452895,0.0,344.26766883815935,0.731645450452895,0.0,34.37027049970022,0.0,0.0,344.99931428861225,True,False,False,optuna_seeded,188.0,"[""scalar""]",[0.8023311480914088],False,,292,False,1.2723425574932463,0.26835454954710497
VH_4_MFA,VH,MFA,VH_4_MFA__hybrid_optuna_226,all6,hybrid_optuna,generic_seed,trial_208,hybrid,1710e98be83bf964,1,True,0.8118796257231236,1,17.93833816541198,0.0023372392520301915,1.2981443514240502e-05,23.350295549610312,0.4324027518504522,4.882645287207325e-07,0.00013530747183404572,2.4707820188811446e-06,1.7923527340323206,6,0,1.429292302262712,386.779491474929,0.26752550218036036,0.7324744978196397,0.0,386.779491474929,0.7324744978196397,0.0,73.23423336297056,0.0,0.0,387.5119659727486,True,False,False,optuna_seeded,208.0,"[""scalar""]",[0.8118796257231236],False,,293,False,1.429292302262712,0.26752550218036036
VH_4_MFA,VH,MFA,VH_4_MFA__hybrid_optuna_245,all6,hybrid_optuna,generic_seed,trial_47,hybrid,1710e98be83bf964,1,True,0.8682045360721309,1,26.54041573592617,0.020912822008673,0.00023950564353895096,81.09795841192528,5.075095002500449,1.5987060373107807e-05,8.667492005236244e-06,2.0234083870631045e-08,1.3244863547183994,6,0,2.4426386144964276,697.1213555492114,0.2674976091776707,0.7325023908223293,0.0,697.1213555492114,0.7325023908223293,0.0,745.4214723942758,0.0,0.0,697.8538579400338,True,False,False,optuna_seeded,47.0,"[""scalar""]",[0.8682045360721309],False,,294,False,2.4426386144964276,0.2674976091776707
VH_4_MFA,VH,MFA,VH_4_MFA__hybrid_optuna_219,all6,hybrid_optuna,generic_seed,trial_150,hybrid,1710e98be83bf964,1,True,0.8042398451789854,1,16.955932326796656,0.0055309487138214845,2.289247274909247e-05,36.68343486237973,3.0268368764721747,6.6241639789518e-07,8.526930463345125e-05,5.6403486355480925e-06,3.33698172169075,6,0,1.2686207604832627,341.8275778489874,0.2662390859589736,0.7337609140410263,0.0,341.8275778489874,0.7337609140410263,0.0,160.7212568274099,0.0,0.0,342.5613387630284,True,False,False,optuna_seeded,150.0,"[""scalar""]",[0.8042398451789854],False,,295,False,1.2686207604832627,0.2662390859589736
VH_4_MFA,VH,MFA,VH_4_MFA__hybrid_optuna_221,all6,hybrid_optuna,generic_seed,trial_118,hybrid,1710e98be83bf964,1,True,0.8055319033981498,1,2.6245494590206,0.04769215154281446,0.00011019967244549681,99.95062520198155,0.4631744885919922,1.790620786773865e-07,0.0002576490584618017,8.52964036888164e-08,6.126129854673491,6,0,1.2909774710003914,371.2475959101984,0.266189067212983,0.733810932787017,0.0,371.2475959101984,0.733810932787017,0.0,1125.5591606991084,0.0,0.0,371.98140684298545,True,False,False,optuna_seeded,118.0,"[""scalar""]",[0.8055319033981498],False,,296,False,1.2909774710003914,0.266189067212983
VH_4_MFA,VH,MFA,VH_4_MFA__hybrid_optuna_222,all6,hybrid_optuna,generic_seed,trial_189,hybrid,1710e98be83bf964,1,True,0.805925060681994,1,32.51049607404637,0.0034530468429367907,2.3541407424679925e-05,4.5224351390729485,0.15793597951559832,7.08403450334237e-07,9.694992920207543e-05,2.191719923625777e-06,2.215266885266771,6,0,1.2850677875954086,338.990801564369,0.2654675941844176,0.7345324058155823,0.0,338.990801564369,0.7345324058155823,0.0,14.168053345330497,0.0,0.0,339.7253339701846,True,False,False,optuna_seeded,189.0,"[""scalar""]",[0.805925060681994],False,,297,False,1.2850677875954086,0.2654675941844176
VH_4_MFA,VH,MFA,VH_4_MFA__hybrid_optuna_223,all6,hybrid_optuna,generic_seed,trial_233,hybrid,1710e98be83bf964,1,True,0.8068018766338618,1,35.674831654340814,0.004986290286785575,3.450310726687825e-05,40.86866717529951,1.3661457244612984,4.58049059377392e-07,0.00013380868522226645,0.00024208200527556323,3.522094283243463,6,0,1.2894235326907668,336.2002747825315,0.2648327640711808,0.7351672359288192,0.0,336.2002747825315,0.7351672359288192,0.0,193.0309434857168,0.0,0.0,336.9354420184603,True,False,False,optuna_seeded,233.0,"[""scalar""]",[0.8068018766338618],False,,298,False,1.2894235326907668,0.2648327640711808
VH_4_MFA,VH,MFA,VH_4_MFA__hybrid_optuna_233,all6,hybrid_optuna,generic_seed,trial_89,hybrid,1710e98be83bf964,1,True,0.8300674095086784,1,1.1840092996925988,0.06857023505104437,4.9817342593284167e-05,101.71914413002051,8.202998002824303,4.0778983153659865e-08,0.0016971929091425654,5.999440918485645e-08,9.140616878455917,6,0,1.664283537104933,427.4869364541799,0.2623927869971512,0.7376072130028488,0.0,427.4869364541799,0.7376072130028488,0.0,1173.7306525571696,0.0,0.0,428.22454366718273,True,False,False,optuna_seeded,89.0,"[""scalar""]",[0.8300674095086784],False,,299,False,1.664283537104933,0.2623927869971512
VH_4_MFA,VH,MFA,VH_4_MFA__hybrid_optuna_224,all6,hybrid_optuna,generic_seed,trial_100,hybrid,1710e98be83bf964,1,True,0.8100461201505518,1,3.2632879400361907,0.0458406326870104,1.0719012749782311e-05,115.87957412837835,12.947195524350192,1.37868985516099e-07,0.00035404092443469765,5.0676917468873706e-08,7.968890564558807,6,0,1.2892574787391962,364.29324339188275,0.2615792953349592,0.7384207046650407,0.0,364.29324339188275,0.7384207046650407,0.0,1514.4381174635043,0.0,0.0,365.0316640965478,True,False,False,optuna_seeded,100.0,"[""scalar""]",[0.8100461201505518],False,,300,False,1.2892574787391962,0.2615792953349592
VH_4_MFA,VH,MFA,VH_4_MFA__hybrid_optuna_231,all6,hybrid_optuna,generic_seed,trial_265,hybrid,1710e98be83bf964,1,True,0.8257914996305035,1,68.36984951445058,0.007205225260331301,6.72542747027832e-05,46.718610170664626,0.5017494018865595,8.51883048117234e-07,7.99390540866267e-05,0.00029475417373025066,4.062985944883085,6,0,1.4049317847295217,379.73866084944683,0.2522602661878033,0.7477397338121968,0.0,379.73866084944683,0.7477397338121968,0.0,247.504644006945,0.0,0.0,380.486400583259,True,False,False,optuna_seeded,265.0,"[""scalar""]",[0.8257914996305035],False,,301,False,1.4049317847295217,0.2522602661878033
VH_4_MFA,VH,MFA,VH_4_MFA__hybrid_optuna_230,all6,hybrid_optuna,generic_seed,trial_299,hybrid,1710e98be83bf964,1,True,0.8242067732241383,1,92.69030107573762,0.007921672070360923,0.00017604958844374244,44.27876943863619,0.7419177993147765,3.1549429038163527e-07,0.00019707074839619575,0.0003492477166799068,3.313606985048231,6,0,1.3144997008538526,352.0868730403242,0.24882098793440913,0.7511790120655909,0.0,352.0868730403242,0.7511790120655909,0.0,223.5201006692461,0.0,0.0,352.83805205238974,True,False,False,optuna_seeded,299.0,"[""scalar""]",[0.8242067732241383],False,,302,False,1.3144997008538526,0.24882098793440913
VH_4_MFA,VH,MFA,VH_4_MFA__hybrid_optuna_237,all6,hybrid_optuna,generic_seed,trial_190,hybrid,1710e98be83bf964,1,True,0.8476008297044015,1,60.590249225440985,0.006649842380363189,3.233524872462421e-05,22.466692484855457,0.20106931472081538,1.1067579320572087e-05,1.0687200192801855e-05,3.768781741440574e-06,2.394508662127811,6,0,1.6985667942585074,457.52156856998386,0.24676399219884884,0.7532360078011512,0.0,457.52156856998386,0.7532360078011512,0.0,63.89567612433436,0.0,0.0,458.274804577785,True,False,False,optuna_seeded,190.0,"[""scalar""]",[0.8476008297044015],False,,303,False,1.6985667942585074,0.24676399219884884
VH_4_MFA,VH,MFA,VH_4_MFA__hybrid_optuna_256,all6,hybrid_optuna,generic_seed,trial_96,hybrid,1710e98be83bf964,1,True,0.9001688494509295,1,1.9547140296418348,0.05854588285265243,1.2329003013684471e-05,92.02343979023664,16.85046260351904,5.8136772451732656e-08,0.0034311879601852096,7.374130970653045e-08,9.973766056454531,6,0,2.573008292948147,675.4488205328581,0.24277605571285657,0.7572239442871435,0.0,675.4488205328581,0.7572239442871435,0.0,967.6017634451374,0.0,0.0,676.2060444771453,True,False,False,optuna_seeded,96.0,"[""scalar""]",[0.9001688494509295],False,,304,False,2.573008292948147,0.24277605571285657
VH_4_MFA,VH,MFA,VH_4_MFA__hybrid_optuna_239,all6,hybrid_optuna,generic_seed,trial_67,hybrid,1710e98be83bf964,1,True,0.8532776020090099,1,2.4698752674453615,0.03703282740761596,0.00022599528772749628,115.07760778181922,3.660854301574802,1.2678873364949319e-07,0.0007736943797256334,1.3844107828632067e-08,6.70073636811014,6,0,1.6447111218764627,401.7015525016698,0.23809523809523805,0.761904761904762,0.0,401.7015525016698,0.761904761904762,0.0,1492.6576643794244,0.0,0.0,402.4634572635746,True,False,False,optuna_seeded,67.0,"[""scalar""]",[0.8532776020090099],False,,305,False,1.6447111218764627,0.23809523809523805
VH_4_MFA,VH,MFA,VH_4_MFA__hybrid_optuna_240,all6,hybrid_optuna,generic_seed,trial_120,hybrid,1710e98be83bf964,1,True,0.8543559516798619,1,4.67208385634556,0.014803501887176877,0.0003495418871316474,73.56135739320189,2.600071853109494,3.1030816136095814e-07,0.00034434864985344186,2.588078953848199e-08,5.1115738442100955,6,0,1.6641214159517992,409.35036095874347,0.23809523809523805,0.761904761904762,0.0,409.35036095874347,0.761904761904762,0.0,619.6814758434112,0.0,0.0,410.1122657206482,True,False,False,optuna_seeded,120.0,"[""scalar""]",[0.8543559516798619],False,,306,False,1.6641214159517992,0.23809523809523805
VH_4_MFA,VH,MFA,VH_4_MFA__hybrid_optuna_242,all6,hybrid_optuna,generic_seed,trial_59,hybrid,1710e98be83bf964,1,True,0.8633845396245237,1,17.822067300924076,0.025508812699903703,0.0007166738211880402,140.49648321273773,48.36749376691338,7.958714889961337e-08,0.001399716758911989,1.626353624457339e-08,5.929243654499863,6,0,1.8266359989557108,444.1772616138565,0.23809523809523805,0.761904761904762,0.0,444.1772616138565,0.761904761904762,0.0,2215.674067478817,0.0,0.0,444.93916637576126,True,False,False,optuna_seeded,59.0,"[""scalar""]",[0.8633845396245237],False,,307,False,1.8266359989557108,0.23809523809523805
VH_4_MFA,VH,MFA,VH_4_MFA__hybrid_optuna_243,all6,hybrid_optuna,generic_seed,trial_107,hybrid,1710e98be83bf964,1,True,0.8655871122124283,1,1.6324055902449126,0.040224220151195415,0.00017026118672272254,130.69825501214638,9.49690056106804,6.385506468893428e-08,0.0016656589645050103,9.042519286479611e-07,6.340948255977601,6,0,1.866282305537995,464.53845705303183,0.23809523809523805,0.761904761904762,0.0,464.53845705303183,0.761904761904762,0.0,1913.054072278899,0.0,0.0,465.3003618149366,True,False,False,optuna_seeded,107.0,"[""scalar""]",[0.8655871122124283],False,,308,False,1.866282305537995,0.23809523809523805
VH_4_MFA,VH,MFA,VH_4_MFA__hybrid_optuna_249,all6,hybrid_optuna,generic_seed,trial_39,hybrid,1710e98be83bf964,1,True,0.8906084827249227,1,21.72939251984283,0.008574439333954407,3.7099754460860165e-05,140.1333840824714,7.276318098358304,5.9078902720612464e-08,0.0026407413506384435,5.007510833559613e-08,1.7415948304947448,6,0,2.3166669747628927,609.2424132604357,0.23809523809523805,0.761904761904762,0.0,609.2424132604357,0.761904761904762,0.0,2202.132106355376,0.0,0.0,610.0043180223405,True,False,False,optuna_seeded,39.0,"[""scalar""]",[0.8906084827249227],False,,309,False,2.3166669747628927,0.23809523809523805
VH_4_MFA,VH,MFA,VH_4_MFA__hybrid_optuna_254,all6,hybrid_optuna,generic_seed,trial_33,hybrid,1710e98be83bf964,1,True,0.8975155047218903,1,4.025316955237786,0.016742252148883346,1.0824070010417663e-05,114.48494448014644,45.187060634963835,4.980393879403729e-07,0.0005663838405007002,2.980174324534425e-07,4.133117299369996,6,0,2.423682887659909,596.1269124788887,0.23713354459254907,0.762866455407451,0.0,596.1269124788887,0.762866455407451,0.0,1474.8015425328838,0.0,0.0,596.8897789342961,True,False,False,optuna_seeded,33.0,"[""scalar""]",[0.8975155047218903],False,,310,False,2.423682887659909,0.23713354459254907
VH_4_MFA,VH,MFA,VH_4_MFA__hybrid_optuna_248,all6,hybrid_optuna,generic_seed,trial_98,hybrid,1710e98be83bf964,1,True,0.8893795506848906,1,2.525296837684748,0.030603450637212353,4.196969674856139e-05,100.81899477953665,24.063630154349045,8.945589596076548e-08,0.0013547387979908167,1.74444649961528e-07,0.8811713417831846,6,0,1.9327531129770243,488.8902694336639,0.21799562225827743,0.7820043777417226,0.0,488.8902694336639,0.7820043777417226,0.0,1149.2324425038998,0.0,0.0,489.6722738114056,True,False,False,optuna_seeded,98.0,"[""scalar""]",[0.8893795506848906],False,,311,False,1.9327531129770243,0.21799562225827743
VH_4_MFA,VH,MFA,VH_4_MFA__hybrid_optuna_258,all6,hybrid_optuna,generic_seed,trial_54,hybrid,1710e98be83bf964,1,True,0.909772623131545,1,485.45648387168245,0.007919637143356889,2.592413435166539e-05,108.27425533709169,17.6645009749326,4.899122436656767e-07,0.0005070639352773796,4.3028880147203724e-07,2.1725538683261982,6,0,2.2903983279956237,553.1395647608856,0.2174717284237674,0.7825282715762326,0.0,553.1395647608856,0.7825282715762326,0.0,1318.055728089311,0.0,0.0,553.9220930324618,True,False,False,optuna_seeded,54.0,"[""scalar""]",[0.909772623131545],False,,312,False,2.2903983279956237,0.2174717284237674
VH_4_MFA,VH,MFA,VH_4_MFA__hybrid_optuna_259,all6,hybrid_optuna,generic_seed,trial_75,hybrid,1710e98be83bf964,1,True,0.9656193014251524,1,4.842656141066742,0.057248999484425085,1.4771401527223247e-05,123.82427358381626,34.885056619630795,3.639390956877911e-07,0.0007289977581186165,5.772195463930296e-08,5.812974606139576,6,0,2.5099734427379716,640.1112468016973,0.17382366761584597,0.8261763323841539,0.0,640.1112468016973,0.8261763323841539,0.0,1725.2125317478583,0.0,0.0,640.9374231340815,True,False,False,optuna_seeded,75.0,"[""scalar""]",[0.9656193014251524],False,,313,False,2.5099734427379716,0.17382366761584597
VH_6_MFA,VH,MFA,VH_6_MFA__hybrid_optuna_191,all6,hybrid_optuna,generic_seed,trial_30,hybrid,1710e98be83bf964,1,True,0.9617779090402204,1,286.9170377855505,0.004050026680190542,0.03254726210414973,105.02148751039704,16.072519903919716,1.673162997563523e-05,3.5620107986229795e-06,0.03531264737637991,5.067817078988902,6,0,13.712484963964462,30869.52644107184,0.30952380952380953,0.6904761904761906,0.25,30869.52644107184,0.6904761904761906,0.25,1228.2732362746347,0.0,0.0,30870.466917262318,True,True,True,optuna_seeded,30.0,"[""scalar""]",[0.9617779090402204],False,,1,True,1.498633687458901,0.28571428571428564
VH_6_MFA,VH,MFA,VH_6_MFA__hybrid_optuna_286,all6,hybrid_optuna,generic_seed,trial_114,hybrid,1710e98be83bf964,1,True,1.64176040259442,1,57.346778291674816,0.0015778146929068023,0.007810338205798487,7.399069488770049,0.34490073994994724,6.834601569113196e-05,0.00039323412586257867,1.3202194373878887e-08,4.764781116129285,6,0,4.913467728740101,1564.189315899315,0.29787669344669676,0.7021233065533031,0.6666666666666666,1564.189315899315,0.7021233065533031,0.6666666666666666,23.45242946241473,0.0,0.0,1565.5581058725352,True,False,False,optuna_seeded,114.0,"[""scalar""]",[1.64176040259442],False,,2,False,4.913467728740101,0.29787669344669676
VH_6_MFA,VH,MFA,VH_6_MFA__hybrid_optuna_285,all6,hybrid_optuna,generic_seed,trial_129,hybrid,1710e98be83bf964,1,True,1.6346503081367096,1,41.37007479173102,2.9324802556160857e-05,0.002571936857700645,22.70774577104722,0.007996112016530102,8.284506523923625e-05,1.7149600461488586e-08,2.370614502445039e-08,1.7688544851431691,6,0,4.708728657167934,1509.2215386748042,0.29361239503928654,0.7063876049607134,0.6666666666666666,1509.2215386748042,0.7063876049607134,0.6666666666666666,79.81045121880672,0.0,0.0,1510.5945929464317,True,False,False,optuna_seeded,129.0,"[""scalar""]",[1.6346503081367096],False,,3,False,4.708728657167934,0.29361239503928654
VH_6_MFA,VH,MFA,VH_6_MFA__hybrid_optuna_278,all6,hybrid_optuna,generic_seed,trial_20,hybrid,1710e98be83bf964,1,True,1.5541062255060991,1,91.87307375611866,0.04111834324236494,0.05166941991891601,114.07394266580184,8.612756368458216,0.0008105730330975597,1.4513879321419556e-06,0.0001740371535899778,0.450283615111827,6,0,3.242538511944176,795.9788197641111,0.2927014696019106,0.7072985303980893,0.6666666666666666,795.9788197641111,0.7072985303980893,0.6666666666666666,1446.364317738327,0.0,0.0,797.3527849611759,True,False,False,optuna_seeded,20.0,"[""scalar""]",[1.5541062255060991],False,,4,False,3.242538511944176,0.2927014696019106
VH_6_MFA,VH,MFA,VH_6_MFA__hybrid_optuna_277,all6,hybrid_optuna,generic_seed,trial_25,hybrid,1710e98be83bf964,1,True,1.5499040310817587,1,4.017197940756438,0.0021017822458794123,0.031095597555233265,110.79293901648893,3.244274841038317,1.0728764331977988e-05,9.35858510745058e-05,0.00976519556186248,1.8274909980485838,6,0,3.0668714705844393,728.3640223076746,0.28714438395071024,0.7128556160492896,0.6666666666666666,728.3640223076746,0.7128556160492896,0.6666666666666666,1363.4564209926134,0.0,0.0,729.7435445903906,True,False,False,optuna_seeded,25.0,"[""scalar""]",[1.5499040310817587],False,,5,False,3.0668714705844393,0.28714438395071024
VH_6_MFA,VH,MFA,VH_6_MFA__hybrid_post_001,all6,hybrid_scipy_post,generic_seed,post_trial_242,hybrid,1710e98be83bf964,3,True,26426355347.577713,8,23.29427179753145,0.0012651050087577225,0.0010973077792189735,11.180234822615084,0.02218323815042992,2.350821985702649e-05,3.483741707770346e-07,1.8198744696103064e-07,6.1338420679106616,6,0,0.45156053709583427,139.02437522655686,0.28571428571428564,0.7142857142857143,0.16666666666666666,139.02437522655686,0.7142857142857143,0.16666666666666666,2.1693104392278975e-08,0.0,0.0,139.90532760750924,True,False,False,scipy_post,,,,,242.0,6,False,0.45156053709583427,0.28571428571428564
VH_6_MFA,VH,MFA,VH_6_MFA__hybrid_optuna_001,all6,hybrid_optuna,generic_seed,trial_242,hybrid,1710e98be83bf964,1,True,0.9060396025457544,1,23.29332086402248,0.0012651366206621942,0.0010972021619000505,11.179978271283458,0.02218850947845038,2.3504709918746714e-05,3.483704608034072e-07,1.819959886328926e-07,6.135018825580745,6,0,0.4515699886807214,139.03197247316527,0.28571428571428564,0.7142857142857143,0.16666666666666666,139.03197247316527,0.7142857142857143,0.16666666666666666,26.409435581275012,0.0,0.0,139.91292485411765,True,False,False,optuna_seeded,242.0,"[""scalar""]",[0.9060396025457544],False,,7,False,0.4515699886807214,0.28571428571428564
VH_6_MFA,VH,MFA,VH_6_MFA__hybrid_post_002,all6,hybrid_scipy_post,generic_seed,post_trial_241,hybrid,1710e98be83bf964,3,True,20388792508.749023,9,22.957087026668425,0.0012257159260198264,0.0010282421981134976,10.504045091607527,0.01532539031262338,2.3593957378797055e-05,4.479362374083503e-07,1.565796875907465e-07,5.60660026317218,6,0,0.4518263577067845,135.36639915013112,0.28571428571428564,0.7142857142857143,0.16666666666666666,135.36639915013112,0.7142857142857143,0.16666666666666666,1.4812712642816406e-08,0.0,0.0,136.2473515310835,True,False,False,scipy_post,,,,,241.0,8,False,0.4518263577067845,0.28571428571428564
VH_6_MFA,VH,MFA,VH_6_MFA__hybrid_optuna_002,all6,hybrid_optuna,generic_seed,trial_241,hybrid,1710e98be83bf964,1,True,0.9060542060360469,1,22.956115368922475,0.0012256574576357672,0.0010283239582294789,10.504211295254464,0.01532153889671901,2.3593671580258404e-05,4.479697210295177e-07,1.566051278360996e-07,5.60659314489021,6,0,0.4518328515059862,135.3653914274262,0.28571428571428564,0.7142857142857143,0.16666666666666666,135.3653914274262,0.7142857142857143,0.16666666666666666,24.95575073282894,0.0,0.0,136.24634380837858,True,False,False,optuna_seeded,241.0,"[""scalar""]",[0.9060542060360469],False,,9,False,0.4518328515059862,0.28571428571428564
VH_6_MFA,VH,MFA,VH_6_MFA__hybrid_optuna_003,all6,hybrid_optuna,generic_seed,trial_261,hybrid,1710e98be83bf964,1,True,0.9060968840746545,1,23.952062770809462,0.0013186934287300245,0.0004876343927725682,0.9487446755549538,0.031395566547762835,2.224470354338116e-05,6.290302120913336e-07,1.3630965839429372e-07,5.790874150960262,6,0,0.45260105620092306,136.36279169517329,0.28571428571428564,0.7142857142857143,0.16666666666666666,136.36279169517329,0.7142857142857143,0.16666666666666666,13.543386793549782,0.0,0.0,137.24374407612567,True,False,False,optuna_seeded,261.0,"[""scalar""]",[0.9060968840746545],False,,10,False,0.45260105620092306,0.28571428571428564
VH_6_MFA,VH,MFA,VH_6_MFA__hybrid_post_003,all6,hybrid_scipy_post,generic_seed,post_trial_261,hybrid,1710e98be83bf964,3,True,13184691528.667593,8,23.952062770809462,0.0013186934287300245,0.0004876343927725682,0.9487446755549538,0.031395566547762835,2.224470354338116e-05,6.290302120913336e-07,1.3630965839429372e-07,5.790874150960262,6,0,0.45260105620092306,136.36279169517329,0.28571428571428564,0.7142857142857143,0.16666666666666666,136.36279169517329,0.7142857142857143,0.16666666666666666,0.0,0.0,0.0,137.24374407612567,True,False,False,scipy_post,,,,,261.0,11,False,0.45260105620092306,0.28571428571428564
VH_6_MFA,VH,MFA,VH_6_MFA__hybrid_optuna_004,all6,hybrid_optuna,generic_seed,trial_247,hybrid,1710e98be83bf964,1,True,0.9061733580653599,1,21.96647957728082,0.0012342053776857262,0.0010421084238996779,10.118413552828727,0.02668032752808431,1.7746483387083524e-05,8.735918913896739e-07,1.3986395841664152e-07,5.766991234645682,6,0,0.4539775880336206,140.62651197189095,0.28571428571428564,0.7142857142857143,0.16666666666666666,140.62651197189095,0.7142857142857143,0.16666666666666666,23.790993359016483,0.0,0.0,141.50746435284333,True,False,False,optuna_seeded,247.0,"[""scalar""]",[0.9061733580653599],False,,12,False,0.4539775880336206,0.28571428571428564
VH_6_MFA,VH,MFA,VH_6_MFA__hybrid_post_004,all6,hybrid_scipy_post,generic_seed,post_trial_247,hybrid,1710e98be83bf964,3,True,8343965725.97657,9,21.970235355360106,0.0012321116334162714,0.0010424960406910128,10.11757219273183,0.02668119963051163,1.7724688855429277e-05,8.736681333789003e-07,1.3954089714118058e-07,5.7626648432817,6,0,0.4540336091605135,140.7138392271863,0.28571428571428564,0.7142857142857143,0.16666666666666666,140.7138392271863,0.7142857142857143,0.16666666666666666,1.2430914739056882e-06,0.0,0.0,141.59479160813868,True,False,False,scipy_post,,,,,247.0,13,False,0.4540336091605135,0.28571428571428564
VH_6_MFA,VH,MFA,VH_6_MFA__hybrid_optuna_005,all6,hybrid_optuna,generic_seed,trial_297,hybrid,1710e98be83bf964,1,True,0.9063063809047118,1,21.722074944210465,0.0011829742556106373,0.001915813860493137,10.68914942896108,0.022152866525069245,2.3970659817300385e-05,2.779996754704728e-07,1.8642974094182418e-07,5.188581076478461,6,0,0.45637199914195375,138.83432642231784,0.28571428571428564,0.7142857142857143,0.16666666666666666,138.83432642231784,0.7142857142857143,0.16666666666666666,25.061855779537098,0.0,0.0,139.71527880327022,True,False,False,optuna_seeded,297.0,"[""scalar""]",[0.9063063809047118],False,,14,False,0.45637199914195375,0.28571428571428564
VH_6_MFA,VH,MFA,VH_6_MFA__hybrid_post_005,all6,hybrid_scipy_post,generic_seed,post_trial_297,hybrid,1710e98be83bf964,3,True,40490759603.141464,9,21.72161646702265,0.001182754973463528,0.0019163924206080536,10.689089917120565,0.022151853190468827,2.3970510533425688e-05,2.779840033488334e-07,1.8643115378543063e-07,5.188756883114334,6,0,0.45639331028531366,138.83916305416417,0.28571428571428564,0.7142857142857143,0.16666666666666666,138.83916305416417,0.7142857142857143,0.16666666666666666,1.511558996126169e-08,0.0,0.0,139.72011543511655,True,False,False,scipy_post,,,,,297.0,15,False,0.45639331028531366,0.28571428571428564
VH_6_MFA,VH,MFA,VH_6_MFA__hybrid_optuna_006,all6,hybrid_optuna,generic_seed,trial_250,hybrid,1710e98be83bf964,1,True,0.9063167720712291,1,22.22581327029754,0.0012101998241761665,0.001046089658518274,6.249139303091827,0.0253088188690947,1.5508848460571835e-05,1.3314920759778077e-06,1.474849552505642e-07,5.720525841718542,6,0,0.4565590401392637,138.98373409411886,0.28571428571428564,0.7142857142857143,0.16666666666666666,138.98373409411886,0.7142857142857143,0.16666666666666666,16.602622005084974,0.0,0.0,139.86468647507124,True,False,False,optuna_seeded,250.0,"[""scalar""]",[0.9063167720712291],False,,16,False,0.4565590401392637,0.28571428571428564
VH_6_MFA,VH,MFA,VH_6_MFA__hybrid_optuna_007,all6,hybrid_optuna,generic_seed,trial_243,hybrid,1710e98be83bf964,1,True,0.9063370495681254,1,23.356492985249062,0.0012775782427142909,0.0010564402991585465,6.8950143069911025,0.0230294338320416,2.271894196058173e-05,6.453097017041723e-07,1.6193371951982077e-07,5.574644732322167,6,0,0.4569240350833985,133.65127422762922,0.28571428571428564,0.7142857142857143,0.16666666666666666,133.65127422762922,0.7142857142857143,0.16666666666666666,17.667723725543773,0.0,0.0,134.5322266085816,True,False,False,optuna_seeded,243.0,"[""scalar""]",[0.9063370495681254],False,,17,False,0.4569240350833985,0.28571428571428564
VH_6_MFA,VH,MFA,VH_6_MFA__hybrid_optuna_008,all6,hybrid_optuna,generic_seed,trial_192,hybrid,1710e98be83bf964,1,True,0.9063708323709976,1,29.035175195896127,0.001526665080239297,0.0016708353012778608,25.11965820299336,0.006698288850738154,3.265311331379237e-05,1.8583261854945054e-07,8.790157564142139e-08,7.851022041097758,6,0,0.4575321255350971,138.4876691635623,0.28571428571428564,0.7142857142857143,0.16666666666666666,138.4876691635623,0.7142857142857143,0.16666666666666666,84.33582622958193,0.0,0.0,139.36862154451467,True,False,False,optuna_seeded,192.0,"[""scalar""]",[0.9063708323709976],False,,18,False,0.4575321255350971,0.28571428571428564
VH_6_MFA,VH,MFA,VH_6_MFA__hybrid_optuna_009,all6,hybrid_optuna,generic_seed,trial_271,hybrid,1710e98be83bf964,1,True,0.9065483745119604,1,21.717244375631854,0.001364973323685515,0.0006699517124079533,8.404651719657181,0.016079574229295464,2.3210169098383563e-05,5.240152250903072e-07,1.9890837356585793e-07,5.902245861977208,6,0,0.4607278840724274,132.17600543099093,0.28571428571428564,0.7142857142857143,0.16666666666666666,132.17600543099093,0.7142857142857143,0.16666666666666666,20.260973964153795,0.0,0.0,133.0569578119433,True,False,False,optuna_seeded,271.0,"[""scalar""]",[0.9065483745119604],False,,19,False,0.4607278840724274,0.28571428571428564
VH_6_MFA,VH,MFA,VH_6_MFA__hybrid_optuna_010,all6,hybrid_optuna,generic_seed,trial_259,hybrid,1710e98be83bf964,1,True,0.9066444465951922,1,23.440934921047514,0.0013391423558357569,0.0005163147835717607,0.17164699945376127,0.023087349705062026,2.1603414082947662e-05,4.835604802186825e-07,1.4838059670817214e-07,5.545491177231608,6,0,0.4624571815706009,144.52798907718443,0.28571428571428564,0.7142857142857143,0.16666666666666666,144.52798907718443,0.7142857142857143,0.16666666666666666,13.487011357178929,0.0,0.0,145.4089414581368,True,False,False,optuna_seeded,259.0,"[""scalar""]",[0.9066444465951922],False,,20,False,0.4624571815706009,0.28571428571428564
VH_6_MFA,VH,MFA,VH_6_MFA__hybrid_optuna_011,all6,hybrid_optuna,generic_seed,trial_238,hybrid,1710e98be83bf964,1,True,0.9066467601274567,1,23.086244692777374,0.0012861739155919814,0.002264534996861927,11.254313442798246,0.014863870959590249,2.244069024286498e-05,3.297381812777454e-07,1.603467752899901e-07,5.99986049763338,6,0,0.46249882515136115,144.27333588533745,0.28571428571428564,0.7142857142857143,0.16666666666666666,144.27333588533745,0.7142857142857143,0.16666666666666666,26.670366904019048,0.0,0.0,145.15428826628983,True,False,False,optuna_seeded,238.0,"[""scalar""]",[0.9066467601274567],False,,21,False,0.46249882515136115,0.28571428571428564
VH_6_MFA,VH,MFA,VH_6_MFA__hybrid_optuna_012,all6,hybrid_optuna,generic_seed,trial_71,hybrid,1710e98be83bf964,1,True,0.9068387551582655,1,14.500745469826303,0.00161594803224458,0.07226295328123725,127.6544882081154,11.172793300694352,1.896266056272292e-05,3.8765181435019717e-07,2.9476107677578507e-05,0.11977571962729047,6,0,0.46595473570592033,140.21065698138497,0.28571428571428564,0.7142857142857143,0.16666666666666666,140.21065698138497,0.7142857142857143,0.16666666666666666,1812.4950210394622,0.0,0.0,141.09160936233735,True,False,False,optuna_seeded,71.0,"[""scalar""]",[0.9068387551582655],False,,22,False,0.46595473570592033,0.28571428571428564
VH_6_MFA,VH,MFA,VH_6_MFA__hybrid_optuna_013,all6,hybrid_optuna,generic_seed,trial_251,hybrid,1710e98be83bf964,1,True,0.9069633191182466,1,21.896856168027696,0.0012256616568443515,0.0009861642840176968,7.321746074165745,0.025357506385526862,1.3727931082285969e-05,1.43423159500481e-06,1.6078449967611928e-07,5.741347958805909,6,0,0.4681968869855803,147.0711563052863,0.28571428571428564,0.7142857142857143,0.16666666666666666,147.0711563052863,0.7142857142857143,0.16666666666666666,18.024322213335516,0.0,0.0,147.9521086862387,True,False,False,optuna_seeded,251.0,"[""scalar""]",[0.9069633191182466],False,,23,False,0.4681968869855803,0.28571428571428564
VH_6_MFA,VH,MFA,VH_6_MFA__hybrid_optuna_014,all6,hybrid_optuna,generic_seed,trial_244,hybrid,1710e98be83bf964,1,True,0.9070286627298871,1,23.168913598768025,0.0011971366184391514,0.0010029896318803802,7.666054359041723,0.026462772144891723,2.213062300616744e-05,7.336642163508126e-07,1.6571114645498843e-07,5.6189449634984925,6,0,0.4693730719951094,132.84251173510972,0.28571428571428564,0.7142857142857143,0.16666666666666666,132.84251173510972,0.7142857142857143,0.16666666666666666,18.78867028757433,0.0,0.0,133.7234641160621,True,False,False,optuna_seeded,244.0,"[""scalar""]",[0.9070286627298871],False,,24,False,0.4693730719951094,0.28571428571428564
VH_6_MFA,VH,MFA,VH_6_MFA__hybrid_optuna_015,all6,hybrid_optuna,generic_seed,trial_280,hybrid,1710e98be83bf964,1,True,0.907095270989295,1,26.073781599099416,0.0011656316735450304,0.00035805431016888885,8.076297216211742,0.01767052639351195,2.5141120056893957e-05,3.2850101650703063e-07,2.360735877699577e-07,4.621810230008334,6,0,0.47057202066445036,145.97946883157482,0.28571428571428564,0.7142857142857143,0.16666666666666666,145.97946883157482,0.7142857142857143,0.16666666666666666,19.99949409183035,0.0,0.0,146.8604212125272,True,False,False,optuna_seeded,280.0,"[""scalar""]",[0.907095270989295],False,,25,False,0.47057202066445036,0.28571428571428564
VH_6_MFA,VH,MFA,VH_6_MFA__hybrid_optuna_016,all6,hybrid_optuna,generic_seed,trial_291,hybrid,1710e98be83bf964,1,True,0.907151378365714,1,25.932459775236886,0.0011634413360962516,0.0010024681045314135,4.778948902463892,0.011678467983841536,2.5665127196940032e-05,6.231016067889708e-07,8.24581534870621e-08,5.132916959192336,6,0,0.4715819534399938,133.9785999655006,0.28571428571428564,0.7142857142857143,0.16666666666666666,133.9785999655006,0.7142857142857143,0.16666666666666666,16.585837171140298,0.0,0.0,134.85955234645297,True,False,False,optuna_seeded,291.0,"[""scalar""]",[0.907151378365714],False,,26,False,0.4715819534399938,0.28571428571428564
VH_6_MFA,VH,MFA,VH_6_MFA__hybrid_optuna_017,all6,hybrid_optuna,generic_seed,trial_239,hybrid,1710e98be83bf964,1,True,0.9072131367588948,1,23.532582962518678,0.0012824150482510775,0.0011587422025616766,11.204025226561164,0.015491687612701963,2.15121837673218e-05,3.896961747631712e-07,1.631223199066381e-07,5.765134118793355,6,0,0.4726936045172487,147.67093360802698,0.28571428571428564,0.7142857142857143,0.16666666666666666,147.67093360802698,0.7142857142857143,0.16666666666666666,26.606914962229663,0.0,0.0,148.55188598897936,True,False,False,optuna_seeded,239.0,"[""scalar""]",[0.9072131367588948],False,,27,False,0.4726936045172487,0.28571428571428564
VH_6_MFA,VH,MFA,VH_6_MFA__hybrid_optuna_018,all6,hybrid_optuna,generic_seed,trial_237,hybrid,1710e98be83bf964,1,True,0.9072579854850429,1,23.599381081443042,0.0016236856854195123,0.0023810917898661565,12.185148152161311,0.00886585995520372,2.4416383091476115e-05,4.114321912521944e-07,9.174308705531239e-08,5.694318913034553,6,0,0.47350088158791354,149.309685623214,0.28571428571428564,0.7142857142857143,0.16666666666666666,149.309685623214,0.7142857142857143,0.16666666666666666,30.00310311741743,0.0,0.0,150.19063800416637,True,False,False,optuna_seeded,237.0,"[""scalar""]",[0.9072579854850429],False,,28,False,0.47350088158791354,0.28571428571428564
VH_6_MFA,VH,MFA,VH_6_MFA__hybrid_optuna_019,all6,hybrid_optuna,generic_seed,trial_245,hybrid,1710e98be83bf964,1,True,0.9075610377828441,1,22.80893471445022,0.001185636024899662,0.0009844801412914612,7.285531712503232,0.024595933217367173,1.757285764234728e-05,7.071759281906869e-07,1.4470224922948415e-07,5.573284413282434,6,0,0.47895582294833616,150.5196286556312,0.28571428571428564,0.7142857142857143,0.16666666666666666,150.5196286556312,0.7142857142857143,0.16666666666666666,18.55222732219072,0.0,0.0,151.4005810365836,True,False,False,optuna_seeded,245.0,"[""scalar""]",[0.9075610377828441],False,,29,False,0.47895582294833616,0.28571428571428564
VH_6_MFA,VH,MFA,VH_6_MFA__hybrid_optuna_020,all6,hybrid_optuna,generic_seed,trial_234,hybrid,1710e98be83bf964,1,True,0.9075906729955832,1,24.117949180065914,0.0017274038595423739,0.0023074570095516825,17.780869787660745,0.009576374622627646,2.704236585699069e-05,2.8572074839013375e-07,1.0037087787782184e-07,7.009880394288841,6,0,0.479489256777639,149.66692032215417,0.28571428571428564,0.7142857142857143,0.16666666666666666,149.66692032215417,0.7142857142857143,0.16666666666666666,48.61452953898899,0.0,0.0,150.54787270310655,True,False,False,optuna_seeded,234.0,"[""scalar""]",[0.9075906729955832],False,,30,False,0.479489256777639,0.28571428571428564
VH_6_MFA,VH,MFA,VH_6_MFA__hybrid_optuna_021,all6,hybrid_optuna,generic_seed,trial_236,hybrid,1710e98be83bf964,1,True,0.9076592486436796,1,23.63896904571259,0.0017156150421663758,0.0021400836269211744,13.008591436890734,0.012415731607390762,2.539340396605514e-05,3.1714405346041093e-07,1.0639197768806078e-07,6.809693697059568,6,0,0.4807236184433757,152.3677962227653,0.28571428571428564,0.7142857142857143,0.16666666666666666,152.3677962227653,0.7142857142857143,0.16666666666666666,32.21365783503992,0.0,0.0,153.24874860371767,True,False,False,optuna_seeded,236.0,"[""scalar""]",[0.9076592486436796],False,,31,False,0.4807236184433757,0.28571428571428564
VH_6_MFA,VH,MFA,VH_6_MFA__hybrid_optuna_022,all6,hybrid_optuna,generic_seed,trial_221,hybrid,1710e98be83bf964,1,True,0.9076654847371485,1,34.652462447657776,0.0016028190534539927,0.0017061380483079246,22.542184609116173,0.008771218792986772,3.261201945238685e-05,2.522688712897206e-07,6.64946076129901e-08,8.652593454089237,6,0,0.4808358681258143,153.16559131393274,0.28571428571428564,0.7142857142857143,0.16666666666666666,153.16559131393274,0.7142857142857143,0.16666666666666666,71.04568090533374,0.0,0.0,154.04654369488512,True,False,False,optuna_seeded,221.0,"[""scalar""]",[0.9076654847371485],False,,32,False,0.4808358681258143,0.28571428571428564
VH_6_MFA,VH,MFA,VH_6_MFA__hybrid_optuna_023,all6,hybrid_optuna,generic_seed,trial_216,hybrid,1710e98be83bf964,1,True,0.907819712412115,1,37.19612133270304,0.001645034672383914,0.002760216565576419,13.930687219850109,0.008591828102621548,3.782388488191567e-05,1.3556007613222773e-07,4.9943676366015916e-08,9.63249464425802,6,0,0.4836119662752105,154.28028830799056,0.28571428571428564,0.7142857142857143,0.16666666666666666,154.28028830799056,0.7142857142857143,0.16666666666666666,37.70985164742337,0.0,0.0,155.16124068894294,True,False,False,optuna_seeded,216.0,"[""scalar""]",[0.907819712412115],False,,33,False,0.4836119662752105,0.28571428571428564
VH_6_MFA,VH,MFA,VH_6_MFA__hybrid_optuna_024,all6,hybrid_optuna,generic_seed,trial_235,hybrid,1710e98be83bf964,1,True,0.9078580674946135,1,23.932409592948225,0.0017226379268172056,0.00225047124280822,18.3456733098043,0.009958189137171,2.503257723567104e-05,3.529571786915081e-07,8.946516041436882e-08,6.72297882598573,6,0,0.4843023577601842,154.27803493725966,0.28571428571428564,0.7142857142857143,0.16666666666666666,154.27803493725966,0.7142857142857143,0.16666666666666666,50.88712439099505,0.0,0.0,155.15898731821204,True,False,False,optuna_seeded,235.0,"[""scalar""]",[0.9078580674946135],False,,34,False,0.4843023577601842,0.28571428571428564
VH_6_MFA,VH,MFA,VH_6_MFA__hybrid_optuna_025,all6,hybrid_optuna,generic_seed,trial_277,hybrid,1710e98be83bf964,1,True,0.9079026793509676,1,23.956777260515537,0.001161582583738525,0.00026440321844538507,12.003641386165478,0.026177446816047334,1.7334918581697235e-05,7.718572739001309e-07,2.839558352121492e-07,5.554657670167402,6,0,0.4851053711745572,151.98154857170138,0.28571428571428564,0.7142857142857143,0.16666666666666666,151.98154857170138,0.7142857142857143,0.16666666666666666,27.949645322905177,0.0,0.0,152.86250095265376,True,False,False,optuna_seeded,277.0,"[""scalar""]",[0.9079026793509676],False,,35,False,0.4851053711745572,0.28571428571428564
VH_6_MFA,VH,MFA,VH_6_MFA__hybrid_optuna_026,all6,hybrid_optuna,generic_seed,trial_233,hybrid,1710e98be83bf964,1,True,0.9079939290960837,1,25.04045476811078,0.0017560303095098752,0.0023929454135807778,17.78228433997272,0.00896685035039897,2.687489858883817e-05,2.7929709629440633e-07,1.1696251985849169e-07,6.863254423738815,6,0,0.48674786658664754,155.61974159409058,0.28571428571428564,0.7142857142857143,0.16666666666666666,155.61974159409058,0.7142857142857143,0.16666666666666666,48.31154354723743,0.0,0.0,156.50069397504296,True,False,False,optuna_seeded,233.0,"[""scalar""]",[0.9079939290960837],False,,36,False,0.48674786658664754,0.28571428571428564
VH_6_MFA,VH,MFA,VH_6_MFA__hybrid_optuna_027,all6,hybrid_optuna,generic_seed,trial_240,hybrid,1710e98be83bf964,1,True,0.9081157536739076,1,24.069150019389827,0.0012300787229561462,0.0010904628895339892,9.963968543059,0.016216869849353964,2.0796177490938998e-05,4.1364818001003026e-07,1.4538811358251e-07,5.520075504882589,6,0,0.4889407089874788,151.97860050085495,0.28571428571428564,0.7142857142857143,0.16666666666666666,151.97860050085495,0.7142857142857143,0.16666666666666666,23.937175988033445,0.0,0.0,152.85955288180733,True,False,False,optuna_seeded,240.0,"[""scalar""]",[0.9081157536739076],False,,37,False,0.4889407089874788,0.28571428571428564
VH_6_MFA,VH,MFA,VH_6_MFA__hybrid_optuna_028,all6,hybrid_optuna,generic_seed,trial_263,hybrid,1710e98be83bf964,1,True,0.9082710725353011,1,23.4877356076269,0.0013664142527237107,0.0002683216448865196,0.3936777024861672,0.03146473157517538,2.1015612636799148e-05,5.018129453466557e-07,1.2599712256247104e-07,4.15715456297078,6,0,0.4917364484925623,154.10768157389052,0.28571428571428564,0.7142857142857143,0.16666666666666666,154.10768157389052,0.7142857142857143,0.16666666666666666,14.02075368852964,0.0,0.0,154.9886339548429,True,False,False,optuna_seeded,263.0,"[""scalar""]",[0.9082710725353011],False,,38,False,0.4917364484925623,0.28571428571428564
VH_6_MFA,VH,MFA,VH_6_MFA__hybrid_optuna_029,all6,hybrid_optuna,generic_seed,trial_258,hybrid,1710e98be83bf964,1,True,0.908305814168531,1,23.292209371991664,0.00128981125074674,0.0006039613057662388,0.18711536709021903,0.022636722795270247,2.0621911318173988e-05,1.143150002775272e-06,1.523201721576612e-07,5.231371457565911,6,0,0.4923617978906976,131.5688206653176,0.28571428571428564,0.7142857142857143,0.16666666666666666,131.5688206653176,0.7142857142857143,0.16666666666666666,12.710347371827961,0.0,0.0,132.44977304626997,True,False,False,optuna_seeded,258.0,"[""scalar""]",[0.908305814168531],False,,39,False,0.4923617978906976,0.28571428571428564
VH_6_MFA,VH,MFA,VH_6_MFA__hybrid_optuna_299,all6,hybrid_optuna,generic_seed,trial_212,hybrid,1710e98be83bf964,1,True,2.0589923226455284,1,49.42326004183927,0.0016013115921864555,0.003040383489516049,20.313119753113693,0.005987390700845145,4.9373028472576066e-05,3.4976987602457016e-07,1.380270670607572e-07,6.9314366277117,6,0,0.49516193818497417,139.31037852380155,0.28571428571428564,0.7142857142857143,0.16666666666666666,139.31037852380155,0.7142857142857143,0.16666666666666666,58.46278378006352,0.0,0.0,140.19133090475393,True,False,False,optuna_seeded,212.0,"[""scalar""]",[2.0589923226455284],False,,40,False,0.49516193818497417,0.28571428571428564
VH_6_MFA,VH,MFA,VH_6_MFA__hybrid_optuna_030,all6,hybrid_optuna,generic_seed,trial_264,hybrid,1710e98be83bf964,1,True,0.9085096658620007,1,23.579039178147834,0.0010428100047677523,0.00021189295250583824,0.5313314886370586,0.034616151668180654,2.1456056284460314e-05,4.2268495447781324e-07,1.315538326406487e-07,4.079338046703189,6,0,0.4960311283731531,154.77947169216577,0.28571428571428564,0.7142857142857143,0.16666666666666666,154.77947169216577,0.7142857142857143,0.16666666666666666,14.37752680933787,0.0,0.0,155.66042407311815,True,False,False,optuna_seeded,264.0,"[""scalar""]",[0.9085096658620007],False,,41,False,0.4960311283731531,0.28571428571428564
VH_6_MFA,VH,MFA,VH_6_MFA__hybrid_optuna_031,all6,hybrid_optuna,generic_seed,trial_282,hybrid,1710e98be83bf964,1,True,0.9092617556199994,1,17.62566188509416,0.0011011032348096372,0.0003752886136416437,12.27502625085031,0.012657581596749727,1.6473462976381214e-05,3.554492751862588e-07,3.711279223101778e-07,4.84925800889217,6,0,0.5095687440171313,156.127047280813,0.28571428571428564,0.7142857142857143,0.16666666666666666,156.127047280813,0.7142857142857143,0.16666666666666666,28.6504478526323,0.0,0.0,157.00799966176538,True,False,False,optuna_seeded,282.0,"[""scalar""]",[0.9092617556199994],False,,42,False,0.5095687440171313,0.28571428571428564
VH_6_MFA,VH,MFA,VH_6_MFA__hybrid_optuna_032,all6,hybrid_optuna,generic_seed,trial_205,hybrid,1710e98be83bf964,1,True,0.9093428777418935,1,35.188335860904154,0.0016012354372504979,0.0022563952042827587,23.88175432040134,0.004031144706857383,3.4547921825091134e-05,5.868859155200171e-07,7.326134966673887e-08,6.101747875479089,6,0,0.5110289422112237,142.69281309718417,0.28571428571428564,0.7142857142857143,0.16666666666666666,142.69281309718417,0.7142857142857143,0.16666666666666666,76.9365019572507,0.0,0.0,143.57376547813655,True,False,False,optuna_seeded,205.0,"[""scalar""]",[0.9093428777418935],False,,43,False,0.5110289422112237,0.28571428571428564
VH_6_MFA,VH,MFA,VH_6_MFA__hybrid_optuna_033,all6,hybrid_optuna,generic_seed,trial_270,hybrid,1710e98be83bf964,1,True,0.9093597262772686,1,17.802546634017045,0.0009376612824873717,0.000572621428412899,0.15840938974790664,0.030300658138862426,1.725833410682376e-05,3.565595713103422e-07,1.3213847238796537e-07,6.551682834738339,6,0,0.5113322158479758,159.62932087495219,0.28571428571428564,0.7142857142857143,0.16666666666666666,159.62932087495219,0.7142857142857143,0.16666666666666666,14.258037093021285,0.0,0.0,160.51027325590456,True,False,False,optuna_seeded,270.0,"[""scalar""]",[0.9093597262772686],False,,44,False,0.5113322158479758,0.28571428571428564
VH_6_MFA,VH,MFA,VH_6_MFA__hybrid_optuna_034,all6,hybrid_optuna,generic_seed,trial_286,hybrid,1710e98be83bf964,1,True,0.9093886872673348,1,27.756230216566003,0.0011658863410335888,0.000893585809912801,5.722649280132853,0.010806507112908868,1.9136931210192904e-05,5.953881677518343e-07,1.1500868981604965e-07,6.174321447361067,6,0,0.5118535136691674,157.54380987122184,0.28571428571428564,0.7142857142857143,0.16666666666666666,157.54380987122184,0.7142857142857143,0.16666666666666666,17.270366642952414,0.0,0.0,158.42476225217422,True,False,False,optuna_seeded,286.0,"[""scalar""]",[0.9093886872673348],False,,45,False,0.5118535136691674,0.28571428571428564
VH_6_MFA,VH,MFA,VH_6_MFA__hybrid_optuna_035,all6,hybrid_optuna,generic_seed,trial_194,hybrid,1710e98be83bf964,1,True,0.9094012389122537,1,28.100098061607277,0.0017065048403979053,0.0016463603714326985,25.331070496466136,0.0053266286472466355,3.5412821918790765e-05,2.453026343454694e-07,9.274033231775554e-08,8.213966977827686,6,0,0.5120794432777079,139.32931701231942,0.28571428571428564,0.7142857142857143,0.16666666666666666,139.32931701231942,0.7142857142857143,0.16666666666666666,85.21845252951258,0.0,0.0,140.2102693932718,True,False,False,optuna_seeded,194.0,"[""scalar""]",[0.9094012389122537],False,,46,False,0.5120794432777079,0.28571428571428564
VH_6_MFA,VH,MFA,VH_6_MFA__hybrid_optuna_036,all6,hybrid_optuna,generic_seed,trial_248,hybrid,1710e98be83bf964,1,True,0.9094356795963825,1,22.34980056883723,0.0012297968993003952,0.0010856323111236453,7.03263920153494,0.02397217577341356,1.6373325715353866e-05,8.063393321635856e-07,1.6126141334501753e-07,4.793691810809374,6,0,0.5126993755920265,158.80104991118102,0.28571428571428564,0.7142857142857143,0.16666666666666666,158.80104991118102,0.7142857142857143,0.16666666666666666,17.700030396216043,0.0,0.0,159.6820022921334,True,False,False,optuna_seeded,248.0,"[""scalar""]",[0.9094356795963825],False,,47,False,0.5126993755920265,0.28571428571428564
VH_6_MFA,VH,MFA,VH_6_MFA__hybrid_optuna_038,all6,hybrid_optuna,generic_seed,trial_252,hybrid,1710e98be83bf964,1,True,0.9095761411086968,1,21.704624685805683,0.0011608145279256967,0.000940649241980624,5.567252993280137,0.03898249028352315,1.4303501623843719e-05,1.0399205318640687e-06,2.5839454807017346e-07,4.97903759036712,6,0,0.5152276828136823,159.39977278392487,0.28571428571428564,0.7142857142857143,0.16666666666666666,159.39977278392487,0.7142857142857143,0.16666666666666666,14.748041692411952,0.0,0.0,160.28072516487725,True,False,False,optuna_seeded,252.0,"[""scalar""]",[0.9095761411086968],False,,48,False,0.5152276828136823,0.28571428571428564
VH_6_MFA,VH,MFA,VH_6_MFA__hybrid_optuna_039,all6,hybrid_optuna,generic_seed,trial_260,hybrid,1710e98be83bf964,1,True,0.9095948881414648,1,19.112498967242168,0.000994103207875955,0.0003534577722713505,1.013001912279168,0.02399447885649839,2.132626513924818e-05,4.806527031416359e-07,1.5435061683354131e-07,5.619547614334172,6,0,0.5155651294035083,145.1821079163149,0.28571428571428564,0.7142857142857143,0.16666666666666666,145.1821079163149,0.7142857142857143,0.16666666666666666,13.916971036069242,0.0,0.0,146.06306029726727,True,False,False,optuna_seeded,260.0,"[""scalar""]",[0.9095948881414648],False,,49,False,0.5155651294035083,0.28571428571428564
VH_6_MFA,VH,MFA,VH_6_MFA__hybrid_optuna_041,all6,hybrid_optuna,generic_seed,trial_249,hybrid,1710e98be83bf964,1,True,0.909882230270182,1,22.12704242808364,0.0012197771926915105,0.0010337671380513333,7.964211782336291,0.024742627504771544,1.7044591173864037e-05,1.5543664059521594e-06,1.5062079472152882e-07,5.823993926116216,6,0,0.5207372877204178,132.51330365116576,0.28571428571428564,0.7142857142857143,0.16666666666666666,132.51330365116576,0.7142857142857143,0.16666666666666666,19.09585329792124,0.0,0.0,133.39425603211814,True,False,False,optuna_seeded,249.0,"[""scalar""]",[0.909882230270182],False,,50,False,0.5207372877204178,0.28571428571428564
VH_6_MFA,VH,MFA,VH_6_MFA__hybrid_optuna_042,all6,hybrid_optuna,generic_seed,trial_275,hybrid,1710e98be83bf964,1,True,0.9103709036482918,1,23.544973985223226,0.0010845386241969811,0.0005417955682079309,6.832676441534958,0.020421082424628107,2.411175442915803e-05,6.632758831451275e-07,1.804938716849321e-07,6.068424269281709,6,0,0.5295334085263929,136.7019707894738,0.28571428571428564,0.7142857142857143,0.16666666666666666,136.7019707894738,0.7142857142857143,0.16666666666666666,17.87391199395463,0.0,0.0,137.58292317042617,True,False,False,optuna_seeded,275.0,"[""scalar""]",[0.9103709036482918],False,,51,False,0.5295334085263929,0.28571428571428564
VH_6_MFA,VH,MFA,VH_6_MFA__hybrid_optuna_043,all6,hybrid_optuna,generic_seed,trial_262,hybrid,1710e98be83bf964,1,True,0.9104143921714306,1,19.22455709867684,0.0013712419543446728,0.0005029268242554809,1.431957304288282,0.016136946185044312,2.3287580822357216e-05,5.976377239329209e-07,3.586611327476657e-07,6.280048266543955,6,0,0.530316201942893,130.37443740403185,0.28571428571428564,0.7142857142857143,0.16666666666666666,130.37443740403185,0.7142857142857143,0.16666666666666666,11.973826914957918,0.0,0.0,131.25538978498423,True,False,False,optuna_seeded,262.0,"[""scalar""]",[0.9104143921714306],False,,52,False,0.530316201942893,0.28571428571428564
VH_6_MFA,VH,MFA,VH_6_MFA__hybrid_optuna_046,all6,hybrid_optuna,generic_seed,trial_227,hybrid,1710e98be83bf964,1,True,0.9105969062899228,1,30.97152907476369,0.001936419829123622,0.0038551209407740273,15.659315766803086,0.009427447882524295,3.107652460864353e-05,1.9089250816952645e-07,9.42693898320529e-08,8.307303583362076,6,0,0.5336014560757527,173.4324583686764,0.28571428571428564,0.7142857142857143,0.16666666666666666,173.4324583686764,0.7142857142857143,0.16666666666666666,41.2830859747975,0.0,0.0,174.3134107496288,True,False,False,optuna_seeded,227.0,"[""scalar""]",[0.9105969062899228],False,,53,False,0.5336014560757527,0.28571428571428564
VH_6_MFA,VH,MFA,VH_6_MFA__hybrid_optuna_047,all6,hybrid_optuna,generic_seed,trial_228,hybrid,1710e98be83bf964,1,True,0.9106260128213114,1,33.11661058168526,0.0020524312894790652,0.003841342701870778,13.108252625788909,0.012920399439407227,3.5113383311177165e-05,1.8984330108014146e-07,8.964026513569088e-08,8.471524642555837,6,0,0.5341253736407464,172.25275083574942,0.28571428571428564,0.7142857142857143,0.16666666666666666,172.25275083574942,0.7142857142857143,0.16666666666666666,33.227951745015986,0.0,0.0,173.1337032167018,True,False,False,optuna_seeded,228.0,"[""scalar""]",[0.9106260128213114],False,,54,False,0.5341253736407464,0.28571428571428564
VH_6_MFA,VH,MFA,VH_6_MFA__hybrid_optuna_048,all6,hybrid_optuna,generic_seed,trial_209,hybrid,1710e98be83bf964,1,True,0.9107457051182434,1,28.674502595903377,0.00202303191926833,0.0016633146327239856,18.156726873034778,0.006794302222709113,3.7695007947209525e-05,1.9696164043665452e-07,5.808486720268601e-08,7.435842290246776,6,0,0.5362798349855227,152.8802412919269,0.28571428571428564,0.7142857142857143,0.16666666666666666,152.8802412919269,0.7142857142857143,0.16666666666666666,51.82957833637305,0.0,0.0,153.76119367287927,True,False,False,optuna_seeded,209.0,"[""scalar""]",[0.9107457051182434],False,,55,False,0.5362798349855227,0.28571428571428564
VH_6_MFA,VH,MFA,VH_6_MFA__hybrid_optuna_049,all6,hybrid_optuna,generic_seed,trial_225,hybrid,1710e98be83bf964,1,True,0.9107514163755666,1,31.77118664577221,0.0020120949598485187,0.004041873253583289,18.67632605654986,0.006683056087025825,3.289097712822326e-05,1.7324060971138946e-07,1.5549235609905745e-07,8.730498099695875,6,0,0.5363826376173387,174.1003151203308,0.28571428571428564,0.7142857142857143,0.16666666666666666,174.1003151203308,0.7142857142857143,0.16666666666666666,51.878554742150975,0.0,0.0,174.98126750128318,True,False,False,optuna_seeded,225.0,"[""scalar""]",[0.9107514163755666],False,,56,False,0.5363826376173387,0.28571428571428564
VH_6_MFA,VH,MFA,VH_6_MFA__hybrid_optuna_050,all6,hybrid_optuna,generic_seed,trial_287,hybrid,1710e98be83bf964,1,True,0.911136548910574,1,17.35445824603089,0.0014290712669228556,0.0012544767132051456,9.691116002615841,0.025632982445264154,2.4550812772872087e-05,4.410369417094312e-07,2.44989316297647e-07,4.69327280845854,6,0,0.5433150232474736,130.49688392944503,0.28571428571428564,0.7142857142857143,0.16666666666666666,130.49688392944503,0.7142857142857143,0.16666666666666666,21.922162658995834,0.0,0.0,131.3778363103974,True,False,False,optuna_seeded,287.0,"[""scalar""]",[0.911136548910574],False,,57,False,0.5433150232474736,0.28571428571428564
VH_6_MFA,VH,MFA,VH_6_MFA__hybrid_optuna_052,all6,hybrid_optuna,generic_seed,trial_265,hybrid,1710e98be83bf964,1,True,0.9114265484185878,1,22.8305791633534,0.0009238168284463498,0.00035225793793950094,1.162136135054154,0.03401718667199971,1.9686727060490265e-05,4.131291103569092e-07,1.936483837430572e-07,4.013136484814852,6,0,0.5485350143917213,170.04748703340562,0.28571428571428564,0.7142857142857143,0.16666666666666666,170.04748703340562,0.7142857142857143,0.16666666666666666,13.384971535973307,0.0,0.0,170.928439414358,True,False,False,optuna_seeded,265.0,"[""scalar""]",[0.9114265484185878],False,,58,False,0.5485350143917213,0.28571428571428564
VH_6_MFA,VH,MFA,VH_6_MFA__hybrid_optuna_054,all6,hybrid_optuna,generic_seed,trial_198,hybrid,1710e98be83bf964,1,True,0.9117098622391481,1,25.159624419021696,0.002148677406058371,0.0012406020173045364,27.34798291760601,0.004858072143881498,2.987540298894166e-05,3.125980534411701e-07,6.505548231434585e-08,9.339601262726415,6,0,0.5536346631618059,162.2718980070717,0.28571428571428564,0.7142857142857143,0.16666666666666666,162.2718980070717,0.7142857142857143,0.16666666666666666,97.69621404956841,0.0,0.0,163.1528503880241,True,False,False,optuna_seeded,198.0,"[""scalar""]",[0.9117098622391481],False,,59,False,0.5536346631618059,0.28571428571428564
VH_6_MFA,VH,MFA,VH_6_MFA__hybrid_optuna_059,all6,hybrid_optuna,generic_seed,trial_214,hybrid,1710e98be83bf964,1,True,0.9119475155998515,1,28.754286445960965,0.0020302874505479076,0.004225468951479296,18.58551058917813,0.003154096194756974,3.712345384177352e-05,2.2675328246105894e-07,5.450045563782601e-08,9.623263173916152,6,0,0.5579124236544685,152.8579610007763,0.28571428571428564,0.7142857142857143,0.16666666666666666,152.8579610007763,0.7142857142857143,0.16666666666666666,53.91216749479081,0.0,0.0,153.73891338172868,True,False,False,optuna_seeded,214.0,"[""scalar""]",[0.9119475155998515],False,,60,False,0.5579124236544685,0.28571428571428564
VH_6_MFA,VH,MFA,VH_6_MFA__hybrid_optuna_066,all6,hybrid_optuna,generic_seed,trial_204,hybrid,1710e98be83bf964,1,True,0.912797905085703,1,31.821687242277132,0.0016078747432209494,0.0020709432510218066,22.758078804040828,0.0038039362808965833,3.093569825386514e-05,5.71285870161435e-07,7.706210679546683e-08,9.708021144887411,6,0,0.5732194343997955,141.83933186670902,0.28571428571428564,0.7142857142857143,0.16666666666666666,141.83933186670902,0.7142857142857143,0.16666666666666666,71.53096566441269,0.0,0.0,142.7202842476614,True,False,False,optuna_seeded,204.0,"[""scalar""]",[0.912797905085703],False,,61,False,0.5732194343997955,0.28571428571428564
VH_6_MFA,VH,MFA,VH_6_MFA__hybrid_optuna_072,all6,hybrid_optuna,generic_seed,trial_293,hybrid,1710e98be83bf964,1,True,0.9131766359212068,1,26.202892398367876,0.001670743841063384,0.0008169450274300812,6.193499596724325,0.01174954168556689,1.5659331939704243e-05,1.4970253604626895e-06,1.0796771598929778e-07,5.084247375034153,6,0,0.5800365894388644,184.45224120491415,0.28571428571428564,0.7142857142857143,0.16666666666666666,184.45224120491415,0.7142857142857143,0.16666666666666666,17.17473679244286,0.0,0.0,185.33319358586652,True,False,False,optuna_seeded,293.0,"[""scalar""]",[0.9131766359212068],False,,62,False,0.5800365894388644,0.28571428571428564
VH_6_MFA,VH,MFA,VH_6_MFA__hybrid_optuna_073,all6,hybrid_optuna,generic_seed,trial_190,hybrid,1710e98be83bf964,1,True,0.9131850924940843,1,26.351740369554868,0.0012625530329774537,0.0017245972225454385,25.051821276309774,0.006929487324627878,3.275869964317255e-05,3.5563888826518443e-07,9.358724958694218e-08,8.045235560500375,6,0,0.5801888077506593,133.45152822377207,0.28571428571428564,0.7142857142857143,0.16666666666666666,133.45152822377207,0.7142857142857143,0.16666666666666666,83.28985581369278,0.0,0.0,134.33248060472445,True,False,False,optuna_seeded,190.0,"[""scalar""]",[0.9131850924940843],False,,63,False,0.5801888077506593,0.28571428571428564
VH_6_MFA,VH,MFA,VH_6_MFA__hybrid_optuna_074,all6,hybrid_optuna,generic_seed,trial_246,hybrid,1710e98be83bf964,1,True,0.9133242846604329,1,23.667094208778977,0.0011933486472182817,0.0009929595381653693,6.67113904980053,0.02101646107248558,1.5502742260085462e-05,6.82121939754975e-07,2.105203750906738e-07,5.447358611925754,6,0,0.5826942667449347,170.89356513666095,0.28571428571428564,0.7142857142857143,0.16666666666666666,170.89356513666095,0.7142857142857143,0.16666666666666666,16.950367247406824,0.0,0.0,171.77451751761333,True,False,False,optuna_seeded,246.0,"[""scalar""]",[0.9133242846604329],False,,64,False,0.5826942667449347,0.28571428571428564
VH_6_MFA,VH,MFA,VH_6_MFA__hybrid_optuna_078,all6,hybrid_optuna,generic_seed,trial_254,hybrid,1710e98be83bf964,1,True,0.9137757531378129,1,23.44651696743367,0.000857970601471205,0.0010666346858426855,9.051320228415237,0.033788240165178174,1.3792414011452807e-05,8.258812440684583e-07,1.7529096174923634e-07,5.17719345206256,6,0,0.5908206993377744,180.69996547813014,0.28571428571428564,0.7142857142857143,0.16666666666666666,180.69996547813014,0.7142857142857143,0.16666666666666666,21.292068014795927,0.0,0.0,181.58091785908252,True,False,False,optuna_seeded,254.0,"[""scalar""]",[0.9137757531378129],False,,65,False,0.5908206993377744,0.28571428571428564
VH_6_MFA,VH,MFA,VH_6_MFA__hybrid_optuna_082,all6,hybrid_optuna,generic_seed,trial_211,hybrid,1710e98be83bf964,1,True,0.9142532007112786,1,29.355170731299403,0.002101281562519175,0.0016709925969326397,26.30488865646073,0.004527767826342611,2.698537577098726e-05,2.859681990180282e-07,7.093434980854822e-08,6.275775546458383,6,0,0.5994147556601557,191.58369024561117,0.28571428571428564,0.7142857142857143,0.16666666666666666,191.58369024561117,0.7142857142857143,0.16666666666666666,91.02155198934412,0.0,0.0,192.46464262656355,True,False,False,optuna_seeded,211.0,"[""scalar""]",[0.9142532007112786],False,,66,False,0.5994147556601557,0.28571428571428564
VH_6_MFA,VH,MFA,VH_6_MFA__hybrid_optuna_084,all6,hybrid_optuna,generic_seed,trial_253,hybrid,1710e98be83bf964,1,True,0.9144671161384998,1,21.500953145131234,0.0011816240374636483,0.0007734688496716811,5.244887849185047,0.04234055965551596,1.296192402500114e-05,9.935823936423022e-07,2.46913687363132e-07,4.794197150487911,6,0,0.6032652333501394,175.5143154796493,0.28571428571428564,0.7142857142857143,0.16666666666666666,175.5143154796493,0.7142857142857143,0.16666666666666666,14.59275619284613,0.0,0.0,176.39526786060168,True,False,False,optuna_seeded,253.0,"[""scalar""]",[0.9144671161384998],False,,67,False,0.6032652333501394,0.28571428571428564
VH_6_MFA,VH,MFA,VH_6_MFA__hybrid_optuna_089,all6,hybrid_optuna,generic_seed,trial_298,hybrid,1710e98be83bf964,1,True,0.9150559658368632,1,20.90431689102005,0.000918191302634077,0.0004037766200410947,3.595891465213649,0.021724261012301262,1.3201570712818253e-05,7.267473805773579e-07,3.2224436356073264e-07,5.090485566246104,6,0,0.6138645279206797,181.4510856256385,0.28571428571428564,0.7142857142857143,0.16666666666666666,181.4510856256385,0.7142857142857143,0.16666666666666666,13.417931573649781,0.0,0.0,182.3320380065909,True,False,False,optuna_seeded,298.0,"[""scalar""]",[0.9150559658368632],False,,68,False,0.6138645279206797,0.28571428571428564
VH_6_MFA,VH,MFA,VH_6_MFA__hybrid_optuna_090,all6,hybrid_optuna,generic_seed,trial_196,hybrid,1710e98be83bf964,1,True,0.9156119684494518,1,27.556762294921977,0.0025717225539498454,0.001961668859812963,24.53028401916277,0.0052471054484932046,3.647336276793016e-05,2.308027760354807e-07,7.168886080341105e-08,8.967942353739067,6,0,0.6238725749472738,174.48856432352798,0.28571428571428564,0.7142857142857143,0.16666666666666666,174.48856432352798,0.7142857142857143,0.16666666666666666,81.2981621494135,0.0,0.0,175.36951670448036,True,False,False,optuna_seeded,196.0,"[""scalar""]",[0.9156119684494518],False,,69,False,0.6238725749472738,0.28571428571428564
VH_6_MFA,VH,MFA,VH_6_MFA__hybrid_optuna_096,all6,hybrid_optuna,generic_seed,trial_255,hybrid,1710e98be83bf964,1,True,0.916171568350538,1,19.747517062011305,0.001254540663952945,0.0008364830904922911,4.517331047876851,0.024362355527859716,1.8466311618203876e-05,1.5754264661568716e-06,2.804193184866998e-07,5.700484160654803,6,0,0.633945373166826,136.33043667107847,0.28571428571428564,0.7142857142857143,0.16666666666666666,136.33043667107847,0.7142857142857143,0.16666666666666666,13.325807819123572,0.0,0.0,137.21138905203085,True,False,False,optuna_seeded,255.0,"[""scalar""]",[0.916171568350538],False,,70,False,0.633945373166826,0.28571428571428564
VH_6_MFA,VH,MFA,VH_6_MFA__hybrid_optuna_097,all6,hybrid_optuna,generic_seed,trial_281,hybrid,1710e98be83bf964,1,True,0.9163068439560133,1,26.472281152095253,0.0007043925230994996,0.00011499472595965372,8.116042462890388,0.017808535647536858,2.4908066945051722e-05,3.2643573487527677e-07,2.2562825055784843e-07,5.647509828972249,6,0,0.6363803340653792,199.9501264277567,0.28571428571428564,0.7142857142857143,0.16666666666666666,199.9501264277567,0.7142857142857143,0.16666666666666666,21.56035909677306,0.0,0.0,200.83107880870907,True,False,False,optuna_seeded,281.0,"[""scalar""]",[0.9163068439560133],False,,71,False,0.6363803340653792,0.28571428571428564
VH_6_MFA,VH,MFA,VH_6_MFA__hybrid_optuna_098,all6,hybrid_optuna,generic_seed,trial_266,hybrid,1710e98be83bf964,1,True,0.9164283283480726,1,22.220356716911958,0.001055784630964862,0.0002782046496523372,3.8975551735845935,0.02938956913497174,2.0766158163521482e-05,1.2658254954618594e-06,1.3259868060354863e-07,5.308461237807578,6,0,0.6385670531224493,142.09959659675857,0.28571428571428564,0.7142857142857143,0.16666666666666666,142.09959659675857,0.7142857142857143,0.16666666666666666,15.067715811663037,0.0,0.0,142.98054897771095,True,False,False,optuna_seeded,266.0,"[""scalar""]",[0.9164283283480726],False,,72,False,0.6385670531224493,0.28571428571428564
VH_6_MFA,VH,MFA,VH_6_MFA__hybrid_optuna_100,all6,hybrid_optuna,generic_seed,trial_210,hybrid,1710e98be83bf964,1,True,0.9166509393315977,1,34.72137951484601,0.0027398100550791835,0.001969907056144752,16.954139038955923,0.0073122604171869336,3.827541807464188e-05,1.855312741552405e-07,4.81086620715093e-08,7.699749239495113,6,0,0.6425740508259001,200.29002606594898,0.28571428571428564,0.7142857142857143,0.16666666666666666,200.29002606594898,0.7142857142857143,0.16666666666666666,47.50996699295724,0.0,0.0,201.17097844690136,True,False,False,optuna_seeded,210.0,"[""scalar""]",[0.9166509393315977],False,,73,False,0.6425740508259001,0.28571428571428564
VH_6_MFA,VH,MFA,VH_6_MFA__hybrid_optuna_103,all6,hybrid_optuna,generic_seed,trial_218,hybrid,1710e98be83bf964,1,True,0.9171000672722723,1,37.88498602727809,0.002674774368060369,0.002400647097939607,17.445496581062212,0.014242371505756527,3.9966598816879475e-05,1.2020934492216807e-07,3.720577785637376e-08,8.343112637324884,6,0,0.6506583537580442,204.17611599217466,0.28571428571428564,0.7142857142857143,0.16666666666666666,204.17611599217466,0.7142857142857143,0.16666666666666666,50.18914868077943,0.0,0.0,205.05706837312704,True,False,False,optuna_seeded,218.0,"[""scalar""]",[0.9171000672722723],False,,74,False,0.6506583537580442,0.28571428571428564
VH_6_MFA,VH,MFA,VH_6_MFA__hybrid_optuna_106,all6,hybrid_optuna,generic_seed,trial_202,hybrid,1710e98be83bf964,1,True,0.9173965294376357,1,28.253249799118905,0.0021220966164162795,0.0014218602522607917,23.4308427062287,0.006624646477201847,3.977121629369631e-05,2.899906912845051e-07,5.450179357556727e-08,9.521513200025618,6,0,0.6559946727345836,156.86298038907626,0.28571428571428564,0.7142857142857143,0.16666666666666666,156.86298038907626,0.7142857142857143,0.16666666666666666,75.99721127484312,0.0,0.0,157.74393277002864,True,False,False,optuna_seeded,202.0,"[""scalar""]",[0.9173965294376357],False,,75,False,0.6559946727345836,0.28571428571428564
VH_6_MFA,VH,MFA,VH_6_MFA__hybrid_optuna_110,all6,hybrid_optuna,generic_seed,trial_206,hybrid,1710e98be83bf964,1,True,0.9183010688912812,1,36.258635151408974,0.0023775455754987233,0.0023042579269218007,24.416211225127896,0.004016796002250734,4.608488116301399e-05,4.86465802589131e-07,6.514634755424227e-08,5.997186898543113,6,0,0.6722763829002014,170.43399819856882,0.28571428571428564,0.7142857142857143,0.16666666666666666,170.43399819856882,0.7142857142857143,0.16666666666666666,79.99317862674324,0.0,0.0,171.3149505795212,True,False,False,optuna_seeded,206.0,"[""scalar""]",[0.9183010688912812],False,,76,False,0.6722763829002014,0.28571428571428564
VH_6_MFA,VH,MFA,VH_6_MFA__hybrid_optuna_111,all6,hybrid_optuna,generic_seed,trial_257,hybrid,1710e98be83bf964,1,True,0.918854861648326,1,19.545206945720253,0.0008127483594229519,0.0009979584321685698,6.037896157668479,0.016014504439823846,1.3000673773448141e-05,4.351656600286721e-07,2.142039234728327e-07,6.304731516257515,6,0,0.6822446525270096,201.25821009387133,0.28571428571428564,0.7142857142857143,0.16666666666666666,201.25821009387133,0.7142857142857143,0.16666666666666666,16.842264048295263,0.0,0.0,202.1391624748237,True,False,False,optuna_seeded,257.0,"[""scalar""]",[0.918854861648326],False,,77,False,0.6822446525270096,0.28571428571428564
VH_6_MFA,VH,MFA,VH_6_MFA__hybrid_optuna_113,all6,hybrid_optuna,generic_seed,trial_274,hybrid,1710e98be83bf964,1,True,0.9190009276531537,1,21.510093019855695,0.0013540657045786242,0.0004429127072212509,10.373662801921995,0.015001959439472688,1.4373351847727424e-05,5.264969217880239e-07,4.291631419607703e-07,5.084818394916585,6,0,0.6848738406139069,192.9455740452842,0.28571428571428564,0.7142857142857143,0.16666666666666666,192.9455740452842,0.7142857142857143,0.16666666666666666,23.158217350094272,0.0,0.0,193.82652642623657,True,False,False,optuna_seeded,274.0,"[""scalar""]",[0.9190009276531537],False,,78,False,0.6848738406139069,0.28571428571428564
VH_6_MFA,VH,MFA,VH_6_MFA__hybrid_optuna_121,all6,hybrid_optuna,generic_seed,trial_223,hybrid,1710e98be83bf964,1,True,0.920422895223963,1,46.458786523060404,0.0017929956312988432,0.0031121765005371095,21.906194068556246,0.008555096148856054,3.4653807910802184e-05,1.2044961511402625e-07,2.900856541867273e-08,8.019303725837204,6,0,0.7104692568884761,205.65615032253345,0.28571428571428564,0.7142857142857143,0.16666666666666666,205.65615032253345,0.7142857142857143,0.16666666666666666,70.30810970509143,0.0,0.0,206.53710270348583,True,False,False,optuna_seeded,223.0,"[""scalar""]",[0.920422895223963],False,,79,False,0.7104692568884761,0.28571428571428564
VH_6_MFA,VH,MFA,VH_6_MFA__hybrid_optuna_123,all6,hybrid_optuna,generic_seed,trial_268,hybrid,1710e98be83bf964,1,True,0.9210094001883495,1,24.65539615162085,0.0007996216660179242,0.00017836179249724283,9.652113930663166,0.019484806852539373,1.1404118890450671e-05,8.259386344888819e-07,2.0243450935319383e-07,5.711891380407671,6,0,0.7210263462474322,206.9019848446998,0.28571428571428564,0.7142857142857143,0.16666666666666666,206.9019848446998,0.7142857142857143,0.16666666666666666,23.737050391063466,0.0,0.0,207.78293722565218,True,False,False,optuna_seeded,268.0,"[""scalar""]",[0.9210094001883495],False,,80,False,0.7210263462474322,0.28571428571428564
VH_6_MFA,VH,MFA,VH_6_MFA__hybrid_optuna_127,all6,hybrid_optuna,generic_seed,trial_295,hybrid,1710e98be83bf964,1,True,0.9217812928214406,1,21.319658820414514,0.0014366495367835943,0.0009965986988776335,8.026892498133295,0.00900594527123737,1.0648204712645463e-05,1.0233816417738898e-06,8.389198075310404e-08,6.8151614239412375,6,0,0.7349204136430724,207.2333959992953,0.28571428571428564,0.7142857142857143,0.16666666666666666,207.2333959992953,0.7142857142857143,0.16666666666666666,21.172825430806757,0.0,0.0,208.1143483802477,True,False,False,optuna_seeded,295.0,"[""scalar""]",[0.9217812928214406],False,,81,False,0.7349204136430724,0.28571428571428564
VH_6_MFA,VH,MFA,VH_6_MFA__hybrid_optuna_129,all6,hybrid_optuna,generic_seed,trial_279,hybrid,1710e98be83bf964,1,True,0.9217940272934106,1,19.234149702164203,0.0008182042173083436,0.0011983496678417704,11.225012174965762,0.028124257480863727,9.657971324497953e-06,7.294104399344601e-07,2.9804984195343654e-07,6.83620149993416,6,0,0.7351496341385325,208.09586179068367,0.28571428571428564,0.7142857142857143,0.16666666666666666,208.09586179068367,0.7142857142857143,0.16666666666666666,25.515501747355117,0.0,0.0,208.97681417163605,True,False,False,optuna_seeded,279.0,"[""scalar""]",[0.9217940272934106],False,,82,False,0.7351496341385325,0.28571428571428564
VH_6_MFA,VH,MFA,VH_6_MFA__hybrid_optuna_135,all6,hybrid_optuna,generic_seed,trial_207,hybrid,1710e98be83bf964,1,True,0.9228144367285084,1,31.061602615574536,0.003282317162201672,0.002150127278741715,23.013564826971926,0.0033683770484967458,2.9592535023502116e-05,5.479563752064694e-07,7.800006093986496e-08,8.495834776945483,6,0,0.7535170039702924,233.74460724861078,0.28571428571428564,0.7142857142857143,0.16666666666666666,233.74460724861078,0.7142857142857143,0.16666666666666666,72.5428125809196,0.0,0.0,234.62555962956316,True,False,False,optuna_seeded,207.0,"[""scalar""]",[0.9228144367285084],False,,83,False,0.7535170039702924,0.28571428571428564
VH_6_MFA,VH,MFA,VH_6_MFA__hybrid_optuna_139,all6,hybrid_optuna,generic_seed,trial_229,hybrid,1710e98be83bf964,1,True,0.9234632281606656,1,33.6830866564311,0.003051713463414142,0.0037834304703612646,14.129113124369937,0.019635433157068477,3.059004792254368e-05,2.5202258543712026e-07,9.608282498477941e-08,7.747553090928139,6,0,0.7651952497491221,237.16123873258434,0.28571428571428564,0.7142857142857143,0.16666666666666666,237.16123873258434,0.7142857142857143,0.16666666666666666,35.567871607097906,0.0,0.0,238.04219111353672,True,False,False,optuna_seeded,229.0,"[""scalar""]",[0.9234632281606656],False,,84,False,0.7651952497491221,0.28571428571428564
VH_6_MFA,VH,MFA,VH_6_MFA__hybrid_optuna_143,all6,hybrid_optuna,generic_seed,trial_200,hybrid,1710e98be83bf964,1,True,0.9243314777253585,1,34.26216113837266,0.0029939537300129287,0.003018122204878381,34.24052953982232,0.011105890087381021,2.819997556485583e-05,3.814941822544696e-07,9.053399498715069e-08,7.982913070319965,6,0,0.7808237419135945,241.0886797217067,0.28571428571428564,0.7142857142857143,0.16666666666666666,241.0886797217067,0.7142857142857143,0.16666666666666666,142.76472185874815,0.0,0.0,241.9696321026591,True,False,False,optuna_seeded,200.0,"[""scalar""]",[0.9243314777253585],False,,85,False,0.7808237419135945,0.28571428571428564
VH_6_MFA,VH,MFA,VH_6_MFA__hybrid_optuna_146,all6,hybrid_optuna,generic_seed,trial_283,hybrid,1710e98be83bf964,1,True,0.9253933654598351,1,26.216521795121828,0.0009351124231966687,0.0012747846722031783,7.888530803907165,0.014655553470480866,1.3386440676158045e-05,4.237628174786154e-07,2.614803926546921e-07,6.793676338697461,6,0,0.7999377211341733,209.19181823109383,0.28571428571428564,0.7142857142857143,0.16666666666666666,209.19181823109383,0.7142857142857143,0.16666666666666666,19.123425191054228,0.0,0.0,210.0727706120462,True,False,False,optuna_seeded,283.0,"[""scalar""]",[0.9253933654598351],False,,86,False,0.7999377211341733,0.28571428571428564
VH_6_MFA,VH,MFA,VH_6_MFA__hybrid_optuna_152,all6,hybrid_optuna,generic_seed,trial_276,hybrid,1710e98be83bf964,1,True,0.9278795774897329,1,20.062022191335654,0.0014337358700330257,0.0008009859773304153,4.103598201746366,0.012864894023283445,1.1973282031770215e-05,3.308818764863474e-07,1.1773765146562734e-07,6.551300513886458,6,0,0.8446895376723335,222.64216681241194,0.28571428571428564,0.7142857142857143,0.16666666666666666,222.64216681241194,0.7142857142857143,0.16666666666666666,16.136333311726986,0.0,0.0,223.52311919336432,True,False,False,optuna_seeded,276.0,"[""scalar""]",[0.9278795774897329],False,,87,False,0.8446895376723335,0.28571428571428564
VH_6_MFA,VH,MFA,VH_6_MFA__hybrid_optuna_162,all6,hybrid_optuna,generic_seed,trial_289,hybrid,1710e98be83bf964,1,True,0.9313355108341026,1,30.435778051594696,0.0016170635104228407,0.0006867370096372403,6.889720285342882,0.04095146122245948,1.3306902142619354e-05,8.436138907120349e-07,3.927918379996692e-07,5.71244091792136,6,0,0.9068963378709887,240.5096601941079,0.28571428571428564,0.7142857142857143,0.16666666666666666,240.5096601941079,0.7142857142857143,0.16666666666666666,16.027895591750568,0.0,0.0,241.3906125750603,True,False,False,optuna_seeded,289.0,"[""scalar""]",[0.9313355108341026],False,,88,False,0.9068963378709887,0.28571428571428564
VH_6_MFA,VH,MFA,VH_6_MFA__hybrid_optuna_165,all6,hybrid_optuna,generic_seed,trial_256,hybrid,1710e98be83bf964,1,True,0.9336921860257659,1,22.694088187301535,0.0011155445041622994,0.0012720619199684173,10.553668097192393,0.02821215903078424,1.0174770863781314e-05,6.532345193428116e-07,1.3732582100343544e-07,4.577543442089836,6,0,0.9493164913209267,232.84453707472304,0.28571428571428564,0.7142857142857143,0.16666666666666666,232.84453707472304,0.7142857142857143,0.16666666666666666,24.98199978372088,0.0,0.0,233.72548945567542,True,False,False,optuna_seeded,256.0,"[""scalar""]",[0.9336921860257659],False,,89,False,0.9493164913209267,0.28571428571428564
VH_6_MFA,VH,MFA,VH_6_MFA__hybrid_optuna_177,all6,hybrid_optuna,generic_seed,trial_272,hybrid,1710e98be83bf964,1,True,0.9420190619783572,1,20.934940873977673,0.0013212881736783051,0.0006721464358069298,10.075345788676756,0.015910987794048422,7.873011510392475e-06,6.138368858258942e-07,2.3242216955866767e-07,6.660983839680578,6,0,1.0992002584675695,266.9007070322862,0.28571428571428564,0.7142857142857143,0.16666666666666666,266.9007070322862,0.7142857142857143,0.16666666666666666,23.682008204469387,0.0,0.0,267.78165941323863,True,False,False,optuna_seeded,272.0,"[""scalar""]",[0.9420190619783572],False,,90,False,1.0992002584675695,0.28571428571428564
VH_6_MFA,VH,MFA,VH_6_MFA__hybrid_optuna_184,all6,hybrid_optuna,generic_seed,trial_288,hybrid,1710e98be83bf964,1,True,0.9472571069652239,1,24.630571467482866,0.001198919700443573,0.00032886436948125934,12.84565719861665,0.01349067903533874,8.839384159178287e-06,3.151574941588888e-07,1.6281306667707543e-07,6.923615116197398,6,0,1.1934850682311728,279.00055859712785,0.28571428571428564,0.7142857142857143,0.16666666666666666,279.00055859712785,0.7142857142857143,0.16666666666666666,32.40533004714529,0.0,0.0,279.88151097808026,True,False,False,optuna_seeded,288.0,"[""scalar""]",[0.9472571069652239],False,,91,False,1.1934850682311728,0.28571428571428564
VH_6_MFA,VH,MFA,VH_6_MFA__hybrid_optuna_186,all6,hybrid_optuna,generic_seed,trial_36,hybrid,1710e98be83bf964,1,True,0.9548702365529199,1,21.19518968622485,0.010546275267618907,0.06285290026960617,145.95294349889596,13.123024386784438,2.8483755850884813e-05,9.555095116704082e-07,0.07226315182335741,0.07546426570455256,6,0,1.3305214008096993,403.6339295912544,0.28571428571428564,0.7142857142857143,0.16666666666666666,403.6339295912544,0.7142857142857143,0.16666666666666666,2367.2172969608023,0.0,0.0,404.5148819722068,True,False,False,optuna_seeded,36.0,"[""scalar""]",[0.9548702365529199],False,,92,False,1.3305214008096993,0.28571428571428564
VH_6_MFA,VH,MFA,VH_6_MFA__hybrid_optuna_187,all6,hybrid_optuna,generic_seed,trial_43,hybrid,1710e98be83bf964,1,True,0.955090540943713,1,8.486817336516136,0.009446493141267286,0.006544841210578083,129.3423092749271,26.08556700105943,7.321937927629302e-06,2.460006160086337e-06,0.01548722673750938,0.1384615874608908,6,0,1.3344868798439755,424.9425880430572,0.28571428571428564,0.7142857142857143,0.16666666666666666,424.9425880430572,0.7142857142857143,0.16666666666666666,1859.3050242812237,0.0,0.0,425.8235404240096,True,False,False,optuna_seeded,43.0,"[""scalar""]",[0.955090540943713],False,,93,False,1.3344868798439755,0.28571428571428564
VH_6_MFA,VH,MFA,VH_6_MFA__hybrid_optuna_189,all6,hybrid_optuna,generic_seed,trial_44,hybrid,1710e98be83bf964,1,True,0.9559584708740647,1,8.117071912896366,0.009598163767110916,0.00019180396823138541,128.84549869022163,26.86085183384996,6.828622608292423e-06,4.143606897465455e-07,0.014907496236429993,0.1357558689419569,6,0,1.3501096185903059,427.64056435262063,0.28571428571428564,0.7142857142857143,0.16666666666666666,427.64056435262063,0.7142857142857143,0.16666666666666666,1848.0065034076204,0.0,0.0,428.52151673357304,True,False,False,optuna_seeded,44.0,"[""scalar""]",[0.9559584708740647],False,,94,False,1.3501096185903059,0.28571428571428564
VH_6_MFA,VH,MFA,VH_6_MFA__hybrid_optuna_190,all6,hybrid_optuna,generic_seed,trial_41,hybrid,1710e98be83bf964,1,True,0.9613013037653818,1,70.16639990481578,0.00364092001571079,0.014736538048565933,137.85219070401737,23.798813139051216,8.592506684009264e-05,4.661391838255688e-06,0.03762298119338119,0.07774261356495693,6,0,1.4462806106340136,340.58418808748667,0.28571428571428564,0.7142857142857143,0.16666666666666666,340.58418808748667,0.7142857142857143,0.16666666666666666,2111.356786186147,0.0,0.0,341.4651404684391,True,False,False,optuna_seeded,41.0,"[""scalar""]",[0.9613013037653818],False,,95,False,1.4462806106340136,0.28571428571428564
VH_6_MFA,VH,MFA,VH_6_MFA__hybrid_optuna_192,all6,hybrid_optuna,generic_seed,trial_130,hybrid,1710e98be83bf964,1,True,0.9624343779629502,1,115.74494215495,0.0048563764194299395,0.0055915215002213465,36.81217592083375,0.004150182837873632,5.525572596660061e-05,5.4117423175647515e-08,5.9583707726851316e-08,2.2199062164774563,6,0,1.4666759461902454,417.22602877832225,0.28571428571428564,0.7142857142857143,0.16666666666666666,417.22602877832225,0.7142857142857143,0.16666666666666666,165.42142750847205,0.0,0.0,418.10698115927465,True,False,False,optuna_seeded,130.0,"[""scalar""]",[0.9624343779629502],False,,96,False,1.4666759461902454,0.28571428571428564
VH_6_MFA,VH,MFA,VH_6_MFA__hybrid_optuna_194,all6,hybrid_optuna,generic_seed,trial_29,hybrid,1710e98be83bf964,1,True,0.962723338701302,1,83.42245610537186,0.003909346741179161,0.03131223339214924,106.44930662251635,14.944251223215966,0.00011910459380830096,3.4802077602484262e-06,0.029108807502305312,0.08311456408433476,6,0,1.4718772394805775,344.85876782968927,0.28571428571428564,0.7142857142857143,0.16666666666666666,344.85876782968927,0.7142857142857143,0.16666666666666666,1259.801179009776,0.0,0.0,345.7397202106417,True,False,False,optuna_seeded,29.0,"[""scalar""]",[0.962723338701302],False,,97,False,1.4718772394805775,0.28571428571428564
VH_6_MFA,VH,MFA,VH_6_MFA__hybrid_optuna_196,all6,hybrid_optuna,generic_seed,trial_50,hybrid,1710e98be83bf964,1,True,0.9635686584068753,1,8.06098334276057,0.01507731625192858,0.004931596381611167,144.82386111553512,0.6400459600893236,7.5450569138183955e-06,2.0960152201320085e-06,0.01160603798643452,0.2440313434257268,6,0,1.4870929941808964,477.79503192071434,0.28571428571428564,0.7142857142857143,0.16666666666666666,477.79503192071434,0.7142857142857143,0.16666666666666666,2326.5756897345277,0.0,0.0,478.67598430166674,True,False,False,optuna_seeded,50.0,"[""scalar""]",[0.9635686584068753],False,,98,False,1.4870929941808964,0.28571428571428564
VH_6_MFA,VH,MFA,VH_6_MFA__hybrid_optuna_197,all6,hybrid_optuna,generic_seed,trial_38,hybrid,1710e98be83bf964,1,True,0.9645029187593835,1,4.7666932202828285,0.011983335065563634,0.0879623513860353,142.35893398752847,13.103267723496039,2.1689238254252372e-06,3.450462931714871e-05,1.0341125448400087e-06,5.42922137901982,6,0,1.5039096805260457,468.7348527208225,0.28571428571428564,0.7142857142857143,0.16666666666666666,468.7348527208225,0.7142857142857143,0.16666666666666666,2258.0195628232877,0.0,0.0,469.6158051017749,True,False,False,optuna_seeded,38.0,"[""scalar""]",[0.9645029187593835],False,,99,False,1.5039096805260457,0.28571428571428564
VH_6_MFA,VH,MFA,VH_6_MFA__hybrid_optuna_198,all6,hybrid_optuna,generic_seed,trial_53,hybrid,1710e98be83bf964,1,True,0.9653251640974368,1,14.655371031496106,0.00071841174798522,0.19578615550359754,133.67591857792218,38.146619602476704,3.493007447118154e-06,5.476481456137039e-07,0.004854659574829806,0.10354621143464997,6,0,1.518710096611004,374.90158132995833,0.28571428571428564,0.7142857142857143,0.16666666666666666,374.90158132995833,0.7142857142857143,0.16666666666666666,1988.7924559634712,0.0,0.0,375.78253371091074,True,False,False,optuna_seeded,53.0,"[""scalar""]",[0.9653251640974368],False,,100,False,1.518710096611004,0.28571428571428564
VH_6_MFA,VH,MFA,VH_6_MFA__hybrid_optuna_201,all6,hybrid_optuna,generic_seed,trial_37,hybrid,1710e98be83bf964,1,True,0.968909164372555,1,25.851389169926186,0.018327508379392836,0.003122455516128685,147.27810947195724,1.0956849227496968,3.21547290892361e-05,1.0782540335630418e-06,0.09768520740052111,3.2573144032246124,6,0,1.5832221015631311,484.5219243237457,0.28571428571428564,0.7142857142857143,0.16666666666666666,484.5219243237457,0.7142857142857143,0.16666666666666666,2408.73392819704,0.0,0.0,485.4028767046981,True,False,False,optuna_seeded,37.0,"[""scalar""]",[0.968909164372555],False,,101,False,1.5832221015631311,0.28571428571428564
VH_6_MFA,VH,MFA,VH_6_MFA__hybrid_optuna_206,all6,hybrid_optuna,generic_seed,trial_285,hybrid,1710e98be83bf964,1,True,0.9759519896365724,1,21.988760319025335,0.0995128149154522,0.0004915418604024143,9.923558507137638,0.017862259280076856,2.522618136169875e-05,2.987240846356824e-07,1.8269092417154812e-07,0.3694829737720278,6,0,1.7099929563154441,539.9691697901286,0.28571428571428564,0.7142857142857143,0.16666666666666666,539.9691697901286,0.7142857142857143,0.16666666666666666,22.96822311847757,0.0,0.0,540.8501221710809,True,False,False,optuna_seeded,285.0,"[""scalar""]",[0.9759519896365724],False,,102,False,1.7099929563154441,0.28571428571428564
VH_6_MFA,VH,MFA,VH_6_MFA__hybrid_optuna_207,all6,hybrid_optuna,generic_seed,trial_65,hybrid,1710e98be83bf964,1,True,0.976575430817682,1,12.061384000058819,0.00039852587643193565,0.05345581751082058,144.36177946461328,4.524719033279297,3.845149750356734e-06,1.1658289798162159e-06,0.01758906537565042,0.10377057974267082,6,0,1.7212148975754171,508.7211644517744,0.28571428571428564,0.7142857142857143,0.16666666666666666,508.7211644517744,0.7142857142857143,0.16666666666666666,2315.5234842373266,0.0,0.0,509.60211683272684,True,False,False,optuna_seeded,65.0,"[""scalar""]",[0.976575430817682],False,,103,False,1.7212148975754171,0.28571428571428564
VH_6_MFA,VH,MFA,VH_6_MFA__hybrid_optuna_213,all6,hybrid_optuna,generic_seed,trial_56,hybrid,1710e98be83bf964,1,True,0.992490648292687,1,51.85858417404907,0.001233089805448732,0.0010685594586430393,115.68281595770043,21.13563755373573,7.150011619706711e-07,2.1035324642656997e-06,1.8210837352824e-07,0.49761951922015824,6,0,2.0076888121255068,469.9453222524165,0.28571428571428564,0.7142857142857143,0.16666666666666666,469.9453222524165,0.7142857142857143,0.16666666666666666,1498.540436534863,0.0,0.0,470.8262746333689,True,False,False,optuna_seeded,56.0,"[""scalar""]",[0.992490648292687],False,,104,False,2.0076888121255068,0.28571428571428564
VH_6_MFA,VH,MFA,VH_6_MFA__hybrid_optuna_214,all6,hybrid_optuna,generic_seed,trial_296,hybrid,1710e98be83bf964,1,True,0.9931826211844654,1,30.311659286755713,0.0672584657265619,0.0013712567184744453,13.10529550861034,0.012071531291238963,1.729319593995639e-05,5.67479396428203e-07,1.1882151427758453e-07,7.133649223469768,6,0,2.0201443241775188,665.5319291465572,0.28571428571428564,0.7142857142857143,0.16666666666666666,665.5319291465572,0.7142857142857143,0.16666666666666666,32.142620276957416,0.0,0.0,666.4128815275095,True,False,False,optuna_seeded,296.0,"[""scalar""]",[0.9931826211844654],False,,105,False,2.0201443241775188,0.28571428571428564
VH_6_MFA,VH,MFA,VH_6_MFA__hybrid_optuna_218,all6,hybrid_optuna,generic_seed,trial_32,hybrid,1710e98be83bf964,1,True,1.0008154303604568,1,253.9918896870849,0.00417540312171398,0.26685780076115456,127.20292287947035,49.89540339842252,4.815881736344078e-06,7.21194920573776e-07,0.012131365527467916,6.482718217573713,6,0,2.1575348893453636,584.5759336092268,0.28571428571428564,0.7142857142857143,0.16666666666666666,584.5759336092268,0.7142857142857143,0.16666666666666666,1803.138178873984,0.0,0.0,585.4568859901791,True,False,False,optuna_seeded,32.0,"[""scalar""]",[1.0008154303604568],False,,106,False,2.1575348893453636,0.28571428571428564
VH_6_MFA,VH,MFA,VH_6_MFA__hybrid_optuna_219,all6,hybrid_optuna,generic_seed,trial_40,hybrid,1710e98be83bf964,1,True,1.0040529973973829,1,17.875724476552033,0.006850209282399155,0.010229737617595316,120.06159847435116,0.1444081728171603,5.499817775424507e-07,8.275900104218925e-06,0.0031769830399646123,9.863623593127317,6,0,2.2158110960100323,622.7820465335519,0.28571428571428564,0.7142857142857143,0.16666666666666666,622.7820465335519,0.7142857142857143,0.16666666666666666,1600.8997049328775,0.0,0.0,623.6629989145042,True,False,False,optuna_seeded,40.0,"[""scalar""]",[1.0040529973973829],False,,107,False,2.2158110960100323,0.28571428571428564
VH_6_MFA,VH,MFA,VH_6_MFA__hybrid_optuna_228,all6,hybrid_optuna,generic_seed,trial_267,hybrid,1710e98be83bf964,1,True,1.2066218711393548,1,19.244437899335367,0.00010526832756874385,0.00015360758397552817,0.1254562340941341,0.0515626541057154,1.6133753562700456e-05,4.236910240052537e-07,1.3424165010373146e-07,4.328783099832933,6,0,2.862050823365529,883.7542843928148,0.28571428571428564,0.7142857142857143,0.3333333333333333,883.7542843928148,0.7142857142857143,0.3333333333333333,16.46625076047409,0.0,0.0,884.8019034404339,True,False,False,optuna_seeded,267.0,"[""scalar""]",[1.2066218711393548],False,,108,False,2.862050823365529,0.28571428571428564
VH_6_MFA,VH,MFA,VH_6_MFA__hybrid_optuna_281,all6,hybrid_optuna,generic_seed,trial_120,hybrid,1710e98be83bf964,1,True,1.5829899219060515,1,77.78515277755166,1.1934019532024284e-05,0.13496965353153687,26.12886529953565,1.90124563970623,7.02093783661212e-05,2.036100461597932e-08,4.305236307831005e-08,3.5431308200005884,6,0,5.13667573716607,1694.5423198723365,0.28571428571428564,0.7142857142857143,0.5833333333333334,1694.5423198723365,0.7142857142857143,0.5833333333333334,99.9355909880478,0.0,0.0,1695.8399389199556,True,False,False,optuna_seeded,120.0,"[""scalar""]",[1.5829899219060515],False,,109,False,5.13667573716607,0.28571428571428564
VH_6_MFA,VH,MFA,VH_6_MFA__hybrid_optuna_224,all6,hybrid_optuna,generic_seed,trial_12,hybrid,1710e98be83bf964,1,True,1.1991115139022606,1,170.28556315612587,0.0009641958295232142,0.2618463626432974,34.30856955631372,0.005058363410837149,0.0013366429099037917,0.00029704195893751154,3.859241282385284e-05,0.05330624192277013,6,0,5.72686439309783,1913.340868534947,0.28571428571428564,0.7142857142857143,0.16666666666666666,1913.340868534947,0.7142857142857143,0.16666666666666666,135.40235373448485,0.0,0.0,1914.2218209158996,True,False,False,optuna_seeded,12.0,"[""scalar""]",[1.1991115139022606],False,,110,False,5.72686439309783,0.28571428571428564
VH_6_MFA,VH,MFA,VH_6_MFA__hybrid_optuna_274,all6,hybrid_optuna,generic_seed,trial_31,hybrid,1710e98be83bf964,1,True,1.5391286121757686,1,440.0387182796604,0.002774965217281077,0.03257999497645227,106.6734408429816,13.92142920502764,1.4453131352483217e-05,3.3936475593594535e-06,0.039165499677978256,5.563411063477572,6,0,12.407852379923552,32048.547154078842,0.28571428571428564,0.7142857142857143,0.25,32048.547154078842,0.7142857142857143,0.25,1267.4122142845013,0.0,0.0,32049.51143979313,True,False,False,optuna_seeded,31.0,"[""scalar""]",[1.5391286121757686],False,,111,False,12.407852379923552,0.28571428571428564
VH_6_MFA,VH,MFA,VH_6_MFA__hybrid_optuna_300,all6,hybrid_optuna,generic_seed,trial_34,hybrid,1710e98be83bf964,1,True,3.0197174191951093,1,254.33166220292532,0.0014628756194189534,0.11415777918402767,121.27572156771909,17.576753276555756,0.00010517369880967207,2.8896635285517063e-07,0.00019349285516821768,8.416392379973948,6,0,23.060239602873683,60649.20314734571,0.28571428571428564,0.7142857142857143,0.4166666666666667,60649.20314734571,0.7142857142857143,0.4166666666666667,1638.1402678695047,0.0,0.0,60650.33409972666,False,False,False,optuna_seeded,34.0,"[""scalar""]",[3.0197174191951093],False,,112,False,23.060239602873683,0.28571428571428564
VH_6_MFA,VH,MFA,VH_6_MFA__hybrid_optuna_099,all6,hybrid_optuna,generic_seed,trial_299,hybrid,1710e98be83bf964,1,True,0.9166326627073013,1,16.899862072258,0.0011832525160020333,0.00182004310014509,10.475635629111576,0.03281570151029132,2.5066818439405475e-05,5.051961329596832e-07,1.7980208785132556e-07,4.4345619066135775,6,0,0.6399662587621572,141.16180904292798,0.28558768500170745,0.7144123149982926,0.16666666666666666,141.16180904292798,0.7144123149982926,0.16666666666666666,23.99224465138,0.0,0.0,142.04288802459294,True,False,False,optuna_seeded,299.0,"[""scalar""]",[0.9166326627073013],False,,113,False,0.6399662587621572,0.28558768500170745
VH_6_MFA,VH,MFA,VH_6_MFA__hybrid_optuna_062,all6,hybrid_optuna,generic_seed,trial_201,hybrid,1710e98be83bf964,1,True,0.9121467953739505,1,28.380417812701506,0.0021615297172362,0.001576384080053572,22.189866799103644,0.006625329934940979,3.677154732825623e-05,1.9067751173414578e-07,6.506500228552312e-08,9.85448099444869,6,0,0.5591208314325457,158.5811495593093,0.2855821397056353,0.7144178602943647,0.16666666666666666,158.5811495593093,0.7144178602943647,0.16666666666666666,69.76403103622819,0.0,0.0,159.4622340862703,True,False,False,optuna_seeded,201.0,"[""scalar""]",[0.9121467953739505],False,,114,False,0.5591208314325457,0.2855821397056353
VH_6_MFA,VH,MFA,VH_6_MFA__hybrid_optuna_063,all6,hybrid_optuna,generic_seed,trial_231,hybrid,1710e98be83bf964,1,True,0.9121702219814015,1,29.987666843722284,0.0021656710502204433,0.002836285237993597,15.52098096038764,0.013595375449040104,3.8671411552216964e-05,1.821524517783159e-07,7.459155560894806e-08,9.966989716773318,6,0,0.5594992081977196,159.00354548404326,0.28557973402958287,0.7144202659704172,0.16666666666666666,159.00354548404326,0.7144202659704172,0.16666666666666666,41.40035726971277,0.0,0.0,159.88463241668032,True,False,False,optuna_seeded,231.0,"[""scalar""]",[0.9121702219814015],False,,115,False,0.5594992081977196,0.28557973402958287
VH_6_MFA,VH,MFA,VH_6_MFA__hybrid_optuna_142,all6,hybrid_optuna,generic_seed,trial_273,hybrid,1710e98be83bf964,1,True,0.9242006089017155,1,18.21907761633326,0.001408458074831555,0.000731350872365254,7.427427052174552,0.017270019877972696,2.442946573207157e-05,9.922004152799799e-07,1.807732160383938e-07,5.820837810040594,6,0,0.7748710744229079,147.3652045309613,0.2855144507884459,0.7144855492115542,0.16666666666666666,147.3652045309613,0.7144855492115542,0.16666666666666666,18.225063969490424,0.0,0.0,148.24635674683952,True,False,False,optuna_seeded,273.0,"[""scalar""]",[0.9242006089017155],False,,116,False,0.7748710744229079,0.2855144507884459
VH_6_MFA,VH,MFA,VH_6_MFA__hybrid_optuna_193,all6,hybrid_optuna,generic_seed,trial_63,hybrid,1710e98be83bf964,1,True,0.962529339806007,1,19.270986524576827,0.00509374132297404,0.006903174092222147,123.4178072186349,3.2728495329821516,9.509314805779197e-06,1.6593452696273112e-07,0.008441124187521026,0.17421018876123914,6,0,1.4620138692249744,414.4428363226791,0.28536031959538044,0.7146396804046194,0.16666666666666666,414.4428363226791,0.7146396804046194,0.16666666666666666,1692.2497385081058,0.0,0.0,415.3241426697504,True,False,False,optuna_seeded,63.0,"[""scalar""]",[0.962529339806007],False,,117,False,1.4620138692249744,0.28536031959538044
VH_6_MFA,VH,MFA,VH_6_MFA__hybrid_optuna_044,all6,hybrid_optuna,generic_seed,trial_193,hybrid,1710e98be83bf964,1,True,0.9104364563791486,1,27.25467357311478,0.0014959976987376535,0.0015713135724573074,26.341577531455467,0.01825489366426876,3.670681552439051e-05,2.1653742432923295e-07,1.0598733003984653e-07,7.6725861691020745,6,0,0.5238780548417158,128.78239582074397,0.28533454666761343,0.7146654533323865,0.16666666666666666,128.78239582074397,0.7146654533323865,0.16666666666666666,90.38325591798655,0.0,0.0,129.663727940743,True,False,False,optuna_seeded,193.0,"[""scalar""]",[0.9104364563791486],False,,118,False,0.5238780548417158,0.28533454666761343
VH_6_MFA,VH,MFA,VH_6_MFA__hybrid_optuna_037,all6,hybrid_optuna,generic_seed,trial_191,hybrid,1710e98be83bf964,1,True,0.909458212983642,1,25.582658391591053,0.0012387426089753753,0.0016155788850945954,25.11515211290865,0.00651055540559145,3.132823727588629e-05,2.447554851784363e-07,9.868318534629696e-08,8.78882945502141,6,0,0.5058870442237772,131.41418140626578,0.2853132894732344,0.7146867105267655,0.16666666666666666,131.41418140626578,0.7146867105267655,0.16666666666666666,84.01576100551931,0.0,0.0,132.2955347834592,True,False,False,optuna_seeded,191.0,"[""scalar""]",[0.909458212983642],False,,119,False,0.5058870442237772,0.2853132894732344
VH_6_MFA,VH,MFA,VH_6_MFA__hybrid_optuna_058,all6,hybrid_optuna,generic_seed,trial_232,hybrid,1710e98be83bf964,1,True,0.9118706495891923,1,24.95234569069467,0.001991190462174988,0.002114275322622598,18.41348172286772,0.010952055971370224,3.46482130484396e-05,2.0514258917215716e-07,1.0895723491478819e-07,7.248565058727781,6,0,0.547555869791667,148.90577651611113,0.2852157876214558,0.7147842123785443,0.16666666666666666,148.90577651611113,0.7147842123785443,0.16666666666666666,51.19038861517522,0.0,0.0,149.78722739515632,True,False,False,optuna_seeded,232.0,"[""scalar""]",[0.9118706495891923],False,,120,False,0.547555869791667,0.2852157876214558
VH_6_MFA,VH,MFA,VH_6_MFA__hybrid_optuna_085,all6,hybrid_optuna,generic_seed,trial_219,hybrid,1710e98be83bf964,1,True,0.914625896374336,1,26.179088481563138,0.0016381623295046365,0.002865695383874816,15.281721388197793,0.007930346886968247,4.016865131199283e-05,2.3267984639096281e-07,4.969892914719818e-08,5.420606009778749,6,0,0.596866964052125,134.11841365899207,0.28520004607300414,0.7147999539269958,0.16666666666666666,134.11841365899207,0.7147999539269958,0.16666666666666666,41.038365681952676,0.0,0.0,134.9998802795857,True,False,False,optuna_seeded,219.0,"[""scalar""]",[0.914625896374336],False,,121,False,0.596866964052125,0.28520004607300414
VH_6_MFA,VH,MFA,VH_6_MFA__hybrid_optuna_057,all6,hybrid_optuna,generic_seed,trial_213,hybrid,1710e98be83bf964,1,True,0.9117972913557683,1,27.045760061388204,0.0016605142697847105,0.0039334925023575985,18.55979647334548,0.0031455648572118375,3.797029889804323e-05,1.6623122332710712e-07,5.7403999391940295e-08,8.75198372997656,6,0,0.5354536197624892,133.84611797564898,0.28461679863103656,0.7153832013689635,0.16666666666666666,133.84611797564898,0.7153832013689635,0.16666666666666666,54.01319681499687,0.0,0.0,134.7281678436846,True,False,False,optuna_seeded,213.0,"[""scalar""]",[0.9117972913557683],False,,122,False,0.5354536197624892,0.28461679863103656
VH_6_MFA,VH,MFA,VH_6_MFA__hybrid_optuna_296,all6,hybrid_optuna,generic_seed,trial_15,hybrid,1710e98be83bf964,1,True,1.7061842773478841,1,0.6535290340256386,0.00019138365369450114,0.0006241321595279792,91.38899343157688,21.17509218887948,2.351340976916203e-07,2.884363262853219e-08,1.4528283239521691e-08,1.6727911439599472,6,0,2.8325726696393954,966.6611049535808,0.2845142042987489,0.7154857957012511,0.8333333333333334,966.6611049535808,0.7154857957012511,0.8333333333333334,955.2820805219388,0.0,0.0,968.2099240826154,True,False,False,optuna_seeded,15.0,"[""scalar""]",[1.7061842773478841],False,,123,False,2.8325726696393954,0.2845142042987489
VH_6_MFA,VH,MFA,VH_6_MFA__hybrid_optuna_137,all6,hybrid_optuna,generic_seed,trial_220,hybrid,1710e98be83bf964,1,True,0.923059582541176,1,34.793769959727875,0.0021683828159980347,0.004533235865830732,20.40729974499162,0.006673850205647796,5.7929632133900746e-05,1.7318801310648654e-07,4.1842208866177955e-08,7.593902008480165,6,0,0.7338514507085305,159.62451353479037,0.2843766091648534,0.7156233908351467,0.16666666666666666,159.62451353479037,0.7156233908351467,0.16666666666666666,61.929644891073195,0.0,0.0,160.50680359229216,True,False,False,optuna_seeded,220.0,"[""scalar""]",[0.923059582541176],False,,124,False,0.7338514507085305,0.2843766091648534
VH_6_MFA,VH,MFA,VH_6_MFA__hybrid_optuna_125,all6,hybrid_optuna,generic_seed,trial_197,hybrid,1710e98be83bf964,1,True,0.9216193306975321,1,31.804361546427863,0.0016262792574351862,0.001536685217795324,31.012119317321037,0.01926211261087319,5.1367644869601096e-05,2.1590530520508292e-07,1.2613308690526279e-07,6.78609088746644,6,0,0.7074635666052945,140.57689171693207,0.28435086744720633,0.7156491325527937,0.16666666666666666,140.57689171693207,0.7156491325527937,0.16666666666666666,119.41566356345866,0.0,0.0,141.4592075161515,True,False,False,optuna_seeded,197.0,"[""scalar""]",[0.9216193306975321],False,,125,False,0.7074635666052945,0.28435086744720633
VH_6_MFA,VH,MFA,VH_6_MFA__hybrid_optuna_045,all6,hybrid_optuna,generic_seed,trial_188,hybrid,1710e98be83bf964,1,True,0.9105345608467958,1,26.552372454379338,0.0010707015936662796,0.003022088327175433,24.61771606027598,0.003992098430766373,2.922472745666469e-05,9.333935358469349e-08,9.516995639001908e-08,1.8152718918171722,6,0,0.5070871621941972,155.26221542165942,0.28430361483065947,0.7156963851693404,0.16666666666666666,155.26221542165942,0.7156963851693404,0.16666666666666666,81.44440095909441,0.0,0.0,156.14457847349541,True,False,False,optuna_seeded,188.0,"[""scalar""]",[0.9105345608467958],False,,126,False,0.5070871621941972,0.28430361483065947
VH_6_MFA,VH,MFA,VH_6_MFA__hybrid_optuna_202,all6,hybrid_optuna,generic_seed,trial_149,hybrid,1710e98be83bf964,1,True,0.9693055157519578,1,12.964890968327692,0.00043240088128971345,0.0008196322566610903,23.820533268932788,0.0036196429157983223,5.655894784902722e-06,1.8094557363456773e-07,1.4967672511249665e-08,0.6555804340892485,6,0,1.564184566306465,457.01249182339205,0.28426029348729026,0.7157397065127097,0.16666666666666666,457.01249182339205,0.7157397065127097,0.16666666666666666,82.15372497748557,0.0,0.0,457.89489819657143,True,False,False,optuna_seeded,149.0,"[""scalar""]",[0.9693055157519578],False,,127,False,1.564184566306465,0.28426029348729026
VH_6_MFA,VH,MFA,VH_6_MFA__hybrid_optuna_134,all6,hybrid_optuna,generic_seed,trial_178,hybrid,1710e98be83bf964,1,True,0.9228033288268819,1,13.043230371522233,0.0018551312471331502,0.0020795168497897212,93.52453951040235,0.00816035170341363,1.0923313566133323e-05,1.4446506574809536e-07,1.646180013652764e-08,1.195776013515974,6,0,0.7243836712672275,207.84570306736046,0.28410687513240845,0.7158931248675916,0.16666666666666666,207.84570306736046,0.7158931248675916,0.16666666666666666,986.1711186214056,0.0,0.0,208.7282628588947,True,False,False,optuna_seeded,178.0,"[""scalar""]",[0.9228033288268819],False,,128,False,0.7243836712672275,0.28410687513240845
VH_6_MFA,VH,MFA,VH_6_MFA__hybrid_optuna_147,all6,hybrid_optuna,generic_seed,trial_117,hybrid,1710e98be83bf964,1,True,0.9256385259408475,1,48.63845036225705,0.0031649044478097473,0.06340514470748049,18.266176594686943,0.11003723592654087,4.9150601055841805e-05,3.978064380781124e-08,8.580268605784936e-08,3.2542458732942303,6,0,0.7745513987466861,239.57425671524092,0.2840587739895239,0.7159412260104762,0.16666666666666666,239.57425671524092,0.7159412260104762,0.16666666666666666,52.22828923777311,0.0,0.0,240.45686460791805,True,False,False,optuna_seeded,117.0,"[""scalar""]",[0.9256385259408475],False,,129,False,0.7745513987466861,0.2840587739895239
VH_6_MFA,VH,MFA,VH_6_MFA__hybrid_optuna_179,all6,hybrid_optuna,generic_seed,trial_74,hybrid,1710e98be83bf964,1,True,0.9428515630103477,1,27.022897830530788,0.0005534523234265068,0.08022271435447693,149.9211914694734,10.51789823415994,1.9501891343962982e-05,6.877250772481922e-08,2.3651682605345987e-05,0.8623712848540537,6,0,1.0835894423496195,323.6947071678157,0.2840145171201866,0.7159854828798133,0.16666666666666666,323.6947071678157,0.7159854828798133,0.16666666666666666,2500.9539858522953,0.0,0.0,324.5773593173622,True,False,False,optuna_seeded,74.0,"[""scalar""]",[0.9428515630103477],False,,130,False,1.0835894423496195,0.2840145171201866
VH_6_MFA,VH,MFA,VH_6_MFA__hybrid_optuna_220,all6,hybrid_optuna,generic_seed,trial_46,hybrid,1710e98be83bf964,1,True,1.0069567220162314,1,7.6794086387111165,0.051945693307587415,4.0301623073391404e-05,128.2300710459274,29.76016153058212,2.307899311059256e-06,3.31565995733877e-07,7.823395688969412e-05,0.16345723396778872,6,0,2.2368413944318815,730.2544256666807,0.28397891100776196,0.716021088992238,0.16666666666666666,730.2544256666807,0.716021088992238,0.16666666666666666,1833.611749292842,0.0,0.0,731.1371134223396,True,False,False,optuna_seeded,46.0,"[""scalar""]",[1.0069567220162314],False,,131,False,2.2368413944318815,0.28397891100776196
VH_6_MFA,VH,MFA,VH_6_MFA__hybrid_optuna_188,all6,hybrid_optuna,generic_seed,trial_76,hybrid,1710e98be83bf964,1,True,0.9558394743128621,1,29.935639270535123,0.0004980372972031308,0.09081380698480811,143.52689669251347,6.335042711093301,1.6218910876979962e-05,6.571030170838861e-08,2.195299014685415e-05,1.2464602351796483,6,0,1.3167112448805438,382.40364294451325,0.2839778170693903,0.7160221829306096,0.16666666666666666,382.40364294451325,0.7160221829306096,0.16666666666666666,2292.6180147820164,0.0,0.0,383.28633179411054,True,False,False,optuna_seeded,76.0,"[""scalar""]",[0.9558394743128621],False,,132,False,1.3167112448805438,0.2839778170693903
VH_6_MFA,VH,MFA,VH_6_MFA__hybrid_optuna_164,all6,hybrid_optuna,generic_seed,trial_269,hybrid,1710e98be83bf964,1,True,0.9328596187678161,1,24.342814353318616,0.0013141886025923666,0.0004455140761873755,4.095243131768543,0.02202207295793931,2.3148161797511284e-05,2.0072338148677947e-06,3.0426650079129465e-07,5.274501436028051,6,0,0.9022794325732466,162.72933883337558,0.2839336830418086,0.7160663169581913,0.16666666666666666,162.72933883337558,0.7160663169581913,0.16666666666666666,12.920857415614305,0.0,0.0,163.61207181700044,True,False,False,optuna_seeded,269.0,"[""scalar""]",[0.9328596187678161],False,,133,False,0.9022794325732466,0.2839336830418086
VH_6_MFA,VH,MFA,VH_6_MFA__hybrid_optuna_051,all6,hybrid_optuna,generic_seed,trial_189,hybrid,1710e98be83bf964,1,True,0.9112953851242496,1,26.324951986023333,0.002050140140720849,0.0028263607260097293,23.019203869542736,0.004952318559582121,3.4636419148276856e-05,9.359118905389539e-08,9.17451531470977e-08,6.683678804783436,6,0,0.513048844960862,157.49626496923847,0.28387399515135375,0.7161260048486463,0.16666666666666666,157.49626496923847,0.7161260048486463,0.16666666666666666,73.5714179654118,0.0,0.0,158.37905764075376,True,False,False,optuna_seeded,189.0,"[""scalar""]",[0.9112953851242496],False,,134,False,0.513048844960862,0.28387399515135375
VH_6_MFA,VH,MFA,VH_6_MFA__hybrid_optuna_159,all6,hybrid_optuna,generic_seed,trial_230,hybrid,1710e98be83bf964,1,True,0.9303386855610397,1,39.99959605383103,0.0018743294448173304,0.003979144342187009,11.090045286089124,0.011364653435779174,5.819446711684965e-05,3.736357204567396e-07,1.8867156108916502e-07,8.447239714150186,6,0,0.8549081725926566,164.03492671138937,0.2838228795829966,0.7161771204170034,0.16666666666666666,164.03492671138937,0.7161771204170034,0.16666666666666666,25.765979099223696,0.0,0.0,164.91777049847303,True,False,False,optuna_seeded,230.0,"[""scalar""]",[0.9303386855610397],False,,135,False,0.8549081725926566,0.2838228795829966
VH_6_MFA,VH,MFA,VH_6_MFA__hybrid_optuna_183,all6,hybrid_optuna,generic_seed,trial_75,hybrid,1710e98be83bf964,1,True,0.9463648909602816,1,24.584053428847216,0.0005365894970851261,0.08437827455207486,149.03724146015574,2.5535501098951174,1.670421293409989e-05,6.362588116852338e-08,2.1745847025763303e-05,1.2471799771246217,6,0,1.1398860345284174,338.68843564421087,0.28362877762463046,0.7163712223753697,0.16666666666666666,338.68843564421087,0.7163712223753697,0.16666666666666666,2470.572866327313,0.0,0.0,339.5714735332529,True,False,False,optuna_seeded,75.0,"[""scalar""]",[0.9463648909602816],False,,136,False,1.1398860345284174,0.28362877762463046
VH_6_MFA,VH,MFA,VH_6_MFA__hybrid_optuna_120,all6,hybrid_optuna,generic_seed,trial_139,hybrid,1710e98be83bf964,1,True,0.9204011613810714,1,27.350880151848102,0.001508893456678033,0.002390491957215419,9.17224004338539,0.001979216872582215,2.285017829117208e-05,1.3367301354583658e-07,9.786049265844378e-07,2.3626684794337987,6,0,0.6712032959060227,190.57191719074174,0.28355457728037425,0.7164454227196257,0.16666666666666666,190.57191719074174,0.7164454227196257,0.16666666666666666,19.964254920483782,0.0,0.0,191.45502928012803,True,False,False,optuna_seeded,139.0,"[""scalar""]",[0.9204011613810714],False,,137,False,0.6712032959060227,0.28355457728037425
VH_6_MFA,VH,MFA,VH_6_MFA__hybrid_optuna_154,all6,hybrid_optuna,generic_seed,trial_222,hybrid,1710e98be83bf964,1,True,0.9282452403113732,1,30.910181529786502,0.0013422375000706457,0.0014582300165478681,16.915528808656454,0.010083547339722223,4.584117015296923e-05,3.0311797275371155e-07,1.1145605617347854e-07,8.81634598361277,6,0,0.8116084277591185,150.58061577231965,0.2835107834530221,0.7164892165469778,0.16666666666666666,150.58061577231965,0.7164892165469778,0.16666666666666666,45.41698199999832,0.0,0.0,151.4637716555333,True,False,False,optuna_seeded,222.0,"[""scalar""]",[0.9282452403113732],False,,138,False,0.8116084277591185,0.2835107834530221
VH_6_MFA,VH,MFA,VH_6_MFA__hybrid_optuna_112,all6,hybrid_optuna,generic_seed,trial_111,hybrid,1710e98be83bf964,1,True,0.9189838923099802,1,42.60118697823314,0.002875871477697583,0.06528954927105513,12.029696791275626,0.15937900845410158,5.3178739054511564e-05,3.8094129919592385e-08,3.557605445147391e-08,2.95688940301405,6,0,0.6448511651258101,200.33515581387078,0.283507839085898,0.7164921609141021,0.16666666666666666,200.33515581387078,0.7164921609141021,0.16666666666666666,33.57964649955701,0.0,0.0,201.21831464145154,True,False,False,optuna_seeded,111.0,"[""scalar""]",[0.9189838923099802],False,,139,False,0.6448511651258101,0.283507839085898
VH_6_MFA,VH,MFA,VH_6_MFA__hybrid_optuna_153,all6,hybrid_optuna,generic_seed,trial_148,hybrid,1710e98be83bf964,1,True,0.9282200995316543,1,15.524003332045243,0.0007287802023566129,0.001047983193221532,14.636026864678863,0.0071856463109916755,1.3457141890692145e-05,8.96407742511797e-08,2.3994351953778566e-08,0.7390527420399825,6,0,0.8104317562538131,239.98160588886273,0.2834705535935576,0.7165294464064424,0.16666666666666666,239.98160588886273,0.7165294464064424,0.16666666666666666,41.73316075453717,0.0,0.0,240.86480200193583,True,False,False,optuna_seeded,148.0,"[""scalar""]",[0.9282200995316543],False,,140,False,0.8104317562538131,0.2834705535935576
VH_6_MFA,VH,MFA,VH_6_MFA__hybrid_optuna_171,all6,hybrid_optuna,generic_seed,trial_81,hybrid,1710e98be83bf964,1,True,0.9401385635775041,1,27.66418593839188,0.0006050622328599359,0.02275273801822258,52.53532807633147,1.6069704995853438,1.9611348941601212e-05,5.0437579145502856e-08,2.40737062231476e-05,2.392949857378918,6,0,1.0245402481634576,297.8225739624776,0.28344700576491005,0.7165529942350899,0.16666666666666666,297.8225739624776,0.7165529942350899,0.16666666666666666,313.10310743200813,0.0,0.0,298.70579362337935,True,False,False,optuna_seeded,81.0,"[""scalar""]",[0.9401385635775041],False,,141,False,1.0245402481634576,0.28344700576491005
VH_6_MFA,VH,MFA,VH_6_MFA__hybrid_optuna_210,all6,hybrid_optuna,generic_seed,trial_13,hybrid,1710e98be83bf964,1,True,0.980599127040325,1,7.835405964338035,0.0013417547209433008,0.00044585009230514944,74.56280904162787,1.6640470111858103,1.139713597201625e-06,4.1794013997488524e-07,4.025250365807171e-05,0.6364594929732531,6,0,1.7525617837184508,409.5574355551236,0.28343208316625557,0.7165679168337444,0.16666666666666666,409.5574355551236,0.7165679168337444,0.16666666666666666,622.4027529750516,0.0,0.0,410.44067013862406,True,False,False,optuna_seeded,13.0,"[""scalar""]",[0.980599127040325],False,,142,False,1.7525617837184508,0.28343208316625557
VH_6_MFA,VH,MFA,VH_6_MFA__hybrid_optuna_061,all6,hybrid_optuna,generic_seed,trial_98,hybrid,1710e98be83bf964,1,True,0.9120972541580755,1,43.106768913169326,0.0021043619754667,0.004530880556871903,41.8980345235026,0.2067010575793039,5.776541372313246e-05,3.7173945254133943e-08,1.3634862867461725e-07,4.361350374314903,6,0,0.5184015299180394,159.8678858031121,0.28336949750403767,0.7166305024959624,0.16666666666666666,159.8678858031121,0.7166305024959624,0.16666666666666666,208.42661269859704,0.0,0.0,160.75118297227473,True,False,False,optuna_seeded,98.0,"[""scalar""]",[0.9120972541580755],False,,143,False,0.5184015299180394,0.28336949750403767
VH_6_MFA,VH,MFA,VH_6_MFA__hybrid_optuna_138,all6,hybrid_optuna,generic_seed,trial_119,hybrid,1710e98be83bf964,1,True,0.9233767102555145,1,21.06804363563643,0.0007290447765077766,0.03588606494313929,11.17819931004914,0.29061851471805156,3.087681550743057e-05,8.549310194019731e-08,1.0008680154057098e-08,2.3125829219665985,6,0,0.7207340220770998,210.80809867292146,0.2833307354154356,0.7166692645845644,0.16666666666666666,210.80809867292146,0.7166692645845644,0.16666666666666666,34.008370753189304,0.0,0.0,211.69143460417268,True,False,False,optuna_seeded,119.0,"[""scalar""]",[0.9233767102555145],False,,144,False,0.7207340220770998,0.2833307354154356
VH_6_MFA,VH,MFA,VH_6_MFA__hybrid_optuna_176,all6,hybrid_optuna,generic_seed,trial_64,hybrid,1710e98be83bf964,1,True,0.9416195632133126,1,7.628445233492623,0.0009606596997854359,0.05635567079287806,144.14846371530865,20.09873819216394,1.717634422091735e-05,1.2152015020909656e-06,0.04181895535657029,0.1343087063730054,6,0,1.0485959045843032,198.9280692436661,0.2833024314858152,0.7166975685141849,0.16666666666666666,198.9280692436661,0.7166975685141849,0.16666666666666666,2309.872462525639,0.0,0.0,199.81143347884694,True,False,False,optuna_seeded,64.0,"[""scalar""]",[0.9416195632133126],False,,145,False,1.0485959045843032,0.2833024314858152
VH_6_MFA,VH,MFA,VH_6_MFA__hybrid_optuna_199,all6,hybrid_optuna,generic_seed,trial_45,hybrid,1710e98be83bf964,1,True,0.9657858100261665,1,10.855821006227124,0.0081450414680841,0.00010773698468561083,132.92447708196076,10.046087739115627,6.75808260665599e-06,1.1556790546172138e-07,0.0026631168357250773,0.12148118401309566,6,0,1.4831976884559304,454.93119384139465,0.28328072822138517,0.7167192717786147,0.16666666666666666,454.93119384139465,0.7167192717786147,0.16666666666666666,1966.3318776018953,0.0,0.0,455.81457977983996,True,False,False,optuna_seeded,45.0,"[""scalar""]",[0.9657858100261665],False,,146,False,1.4831976884559304,0.28328072822138517
VH_6_MFA,VH,MFA,VH_6_MFA__hybrid_optuna_185,all6,hybrid_optuna,generic_seed,trial_16,hybrid,1710e98be83bf964,1,True,0.9509839693226085,1,7.252582675293325,0.001540782778495599,0.13825863793302612,129.26708428173006,4.42158387916657,2.751516906827817e-06,2.622259668305285e-07,2.981397443602278e-06,8.977718529974803,6,0,1.2152233726919677,304.4380384181784,0.2831951069380562,0.7168048930619438,0.16666666666666666,304.4380384181784,0.7168048930619438,0.16666666666666666,1863.3774163535122,0.0,0.0,305.321509977907,True,False,False,optuna_seeded,16.0,"[""scalar""]",[0.9509839693226085],False,,147,False,1.2152233726919677,0.2831951069380562
VH_6_MFA,VH,MFA,VH_6_MFA__hybrid_optuna_060,all6,hybrid_optuna,generic_seed,trial_97,hybrid,1710e98be83bf964,1,True,0.912045852226748,1,31.588801078180417,0.0014747289401932102,0.004737682137983601,41.15457373515643,0.17395271679410051,3.337610405842467e-05,3.736697820045478e-08,2.4849596321854107e-07,1.918011688446869,6,0,0.5137393976184104,157.79036613382752,0.28316189208538584,0.7168381079146141,0.16666666666666666,157.79036613382752,0.7168381079146141,0.16666666666666666,200.0261297060633,0.0,0.0,158.6738709084088,True,False,False,optuna_seeded,97.0,"[""scalar""]",[0.912045852226748],False,,148,False,0.5137393976184104,0.28316189208538584
VH_6_MFA,VH,MFA,VH_6_MFA__hybrid_optuna_104,all6,hybrid_optuna,generic_seed,trial_186,hybrid,1710e98be83bf964,1,True,0.9172053854637665,1,20.508118383165137,0.0013891167839854446,0.0005087407451095589,53.98670198819073,0.0027353781337754297,1.8607178138635177e-05,5.8221036698779206e-08,7.171287150030137e-08,4.98678016302256,6,0,0.6060245848743511,175.02640600836958,0.2831293136959196,0.7168706863040805,0.16666666666666666,175.02640600836958,0.7168706863040805,0.16666666666666666,339.49746141873567,0.0,0.0,175.9099433613403,True,False,False,optuna_seeded,186.0,"[""scalar""]",[0.9172053854637665],False,,149,False,0.6060245848743511,0.2831293136959196
VH_6_MFA,VH,MFA,VH_6_MFA__hybrid_optuna_130,all6,hybrid_optuna,generic_seed,trial_73,hybrid,1710e98be83bf964,1,True,0.921870114134877,1,17.907841159692772,0.0008860155767960867,0.06982451151869351,149.60691361802424,11.442965273846575,1.605613363516805e-05,6.220128680172618e-08,8.036642139425324e-05,1.3300426391663227,6,0,0.6895470188065055,200.03152137974828,0.2831047202432622,0.7168952797567377,0.16666666666666666,200.03152137974828,0.7168952797567377,0.16666666666666666,2489.7271902516536,0.0,0.0,200.91508332617167,True,False,False,optuna_seeded,73.0,"[""scalar""]",[0.921870114134877],False,,150,False,0.6895470188065055,0.2831047202432622
VH_6_MFA,VH,MFA,VH_6_MFA__hybrid_optuna_136,all6,hybrid_optuna,generic_seed,trial_175,hybrid,1710e98be83bf964,1,True,0.9230107273413888,1,21.780523863805993,0.0012238628919808564,0.0031245311721940475,58.52565364166007,0.0042742768910315745,1.765697205651188e-05,4.8453935595634476e-08,2.3242656982928966e-08,1.284400592830785,6,0,0.709166267678016,187.83429306386248,0.2830540653073899,0.71694593469261,0.16666666666666666,187.83429306386248,0.71694593469261,0.16666666666666666,397.05521479004864,0.0,0.0,188.71790566522174,True,False,False,optuna_seeded,175.0,"[""scalar""]",[0.9230107273413888],False,,151,False,0.709166267678016,0.2830540653073899
VH_6_MFA,VH,MFA,VH_6_MFA__hybrid_optuna_204,all6,hybrid_optuna,generic_seed,trial_166,hybrid,1710e98be83bf964,1,True,0.9710674636544868,1,22.757313734592554,0.0021413735910014242,0.005492705301582765,17.773418305980382,0.012720420376751784,6.06561264609973e-06,6.868359027739432e-08,1.7526568775374694e-08,0.9560907455609167,6,0,1.5731858871960702,379.0811411613767,0.28299841896751704,0.7170015810324829,0.16666666666666666,379.0811411613767,0.7170015810324829,0.16666666666666666,53.14482800072756,0.0,0.0,379.9648094090759,True,False,False,optuna_seeded,166.0,"[""scalar""]",[0.9710674636544868],False,,152,False,1.5731858871960702,0.28299841896751704
VH_6_MFA,VH,MFA,VH_6_MFA__hybrid_optuna_108,all6,hybrid_optuna,generic_seed,trial_185,hybrid,1710e98be83bf964,1,True,0.9176661118527393,1,23.02120632672952,0.0023234534318647988,0.000948835290327552,42.446763831683405,0.009622473722918756,2.4650919534762345e-05,4.42882474819302e-08,1.0141327913116517e-08,6.035303138765979,6,0,0.6109300690556577,193.80784900119042,0.28294111420590834,0.7170588857940917,0.16666666666666666,193.80784900119042,0.7170588857940917,0.16666666666666666,220.2633950988411,0.0,0.0,194.69157455365118,True,False,False,optuna_seeded,185.0,"[""scalar""]",[0.9176661118527393],False,,153,False,0.6109300690556577,0.28294111420590834
VH_6_MFA,VH,MFA,VH_6_MFA__hybrid_optuna_205,all6,hybrid_optuna,generic_seed,trial_39,hybrid,1710e98be83bf964,1,True,0.9752145316550223,1,41.75286615159055,0.030992695201121002,0.018664051921864683,135.02872819249268,3.75004001649132,5.4567173467945365e-05,2.560521111362296e-08,0.0006099625434912024,0.2940799874700057,6,0,1.6460464934720418,509.6629386654059,0.2828991624267578,0.7171008375732422,0.16666666666666666,509.6629386654059,0.7171008375732422,0.16666666666666666,2027.0168854441374,0.0,0.0,510.5467061696458,True,False,False,optuna_seeded,39.0,"[""scalar""]",[0.9752145316550223],False,,154,False,1.6460464934720418,0.2828991624267578
VH_6_MFA,VH,MFA,VH_6_MFA__hybrid_optuna_064,all6,hybrid_optuna,generic_seed,trial_146,hybrid,1710e98be83bf964,1,True,0.9122341888747328,1,15.53069395873208,0.0010078633901707617,0.0006741141904281433,21.40168059945049,0.006935205008003812,1.9841541238675113e-05,6.694216413107436e-08,1.4350017669408161e-08,1.0512057512312023,6,0,0.5117773216207812,156.28943844361265,0.28286455121531057,0.7171354487846894,0.16666666666666666,156.28943844361265,0.7171354487846894,0.16666666666666666,70.23338502403266,0.0,0.0,157.173240559064,True,False,False,optuna_seeded,146.0,"[""scalar""]",[0.9122341888747328],False,,155,False,0.5117773216207812,0.28286455121531057
VH_6_MFA,VH,MFA,VH_6_MFA__hybrid_optuna_175,all6,hybrid_optuna,generic_seed,trial_108,hybrid,1710e98be83bf964,1,True,0.9413363034240884,1,23.034982762505464,0.0008991355150144371,0.03336296782969044,55.55092294624585,0.5711979521149482,1.2902543515816166e-05,4.0061671536180176e-08,9.104658049668759e-08,1.8610631175535417,6,0,1.0347835238278378,253.26446547548665,0.2828183367885693,0.7171816632114307,0.16666666666666666,253.26446547548665,0.7171816632114307,0.16666666666666666,357.05485231637,0.0,0.0,254.14831380536472,True,False,False,optuna_seeded,108.0,"[""scalar""]",[0.9413363034240884],False,,156,False,1.0347835238278378,0.2828183367885693
VH_6_MFA,VH,MFA,VH_6_MFA__hybrid_optuna_144,all6,hybrid_optuna,generic_seed,trial_101,hybrid,1710e98be83bf964,1,True,0.9246885217127112,1,34.477658583014644,0.0017790247227116415,0.00873833771067779,44.13846385947735,0.2530491561604168,2.8364470467525745e-05,2.3611100932313714e-08,1.0914183639659088e-05,2.4844725738020794,6,0,0.7341766855451403,206.74330762214288,0.2827657385953521,0.717234261404648,0.16666666666666666,206.74330762214288,0.717234261404648,0.16666666666666666,223.3853670328073,0.0,0.0,207.6272085502142,True,False,False,optuna_seeded,101.0,"[""scalar""]",[0.9246885217127112],False,,157,False,0.7341766855451403,0.2827657385953521
VH_6_MFA,VH,MFA,VH_6_MFA__hybrid_optuna_128,all6,hybrid_optuna,generic_seed,trial_123,hybrid,1710e98be83bf964,1,True,0.9217919612994414,1,28.8423607778258,0.0014774449384942945,0.011790072941037615,69.23209723220047,0.9312583742698651,2.432851744994986e-05,2.781544379182648e-08,1.3721053947005375e-07,2.7636324204886584,6,0,0.6816978219503631,191.31564017329887,0.28274680658668977,0.7172531934133103,0.16666666666666666,191.31564017329887,0.7172531934133103,0.16666666666666666,545.7150051721877,0.0,0.0,192.19956003337884,True,False,False,optuna_seeded,123.0,"[""scalar""]",[0.9217919612994414],False,,158,False,0.6816978219503631,0.28274680658668977
VH_6_MFA,VH,MFA,VH_6_MFA__hybrid_optuna_156,all6,hybrid_optuna,generic_seed,trial_110,hybrid,1710e98be83bf964,1,True,0.929708416573464,1,33.9258463770543,0.001142955942733543,0.0012472700489865002,42.14747546510587,0.15717910084714706,2.384072016749383e-05,2.3950381519010212e-08,1.1647413481083672e-05,3.749125503536359,6,0,0.824184953294966,206.83942355653053,0.2827463030540341,0.7172536969459659,0.16666666666666666,206.83942355653053,0.7172536969459659,0.16666666666666666,205.10913211605168,0.0,0.0,207.72334392014315,True,False,False,optuna_seeded,110.0,"[""scalar""]",[0.929708416573464],False,,159,False,0.824184953294966,0.2827463030540341
VH_6_MFA,VH,MFA,VH_6_MFA__hybrid_optuna_160,all6,hybrid_optuna,generic_seed,trial_79,hybrid,1710e98be83bf964,1,True,0.9310080904751129,1,18.289192255453475,0.0006508831525213217,0.08594585322032715,50.18504005389279,10.137843895516228,1.6915591339462575e-05,4.485967282280096e-08,0.00011407257149986425,1.0265125128287906,6,0,0.8474741925835358,261.5353104324763,0.28274047577952793,0.7172595242204721,0.16666666666666666,261.5353104324763,0.7172595242204721,0.16666666666666666,287.2960030690142,0.0,0.0,262.4192366233635,True,False,False,optuna_seeded,79.0,"[""scalar""]",[0.9310080904751129],False,,160,False,0.8474741925835358,0.28274047577952793
VH_6_MFA,VH,MFA,VH_6_MFA__hybrid_optuna_158,all6,hybrid_optuna,generic_seed,trial_168,hybrid,1710e98be83bf964,1,True,0.930255979023987,1,14.554165630449383,0.0006822384555397493,0.0026347036591408786,27.82732887041844,0.004797312100802137,1.3092457038219513e-05,5.787381988088614e-08,1.7841037283107992e-07,1.5310043608751298,6,0,0.833209179464718,252.0110814749202,0.2827000865018305,0.7172999134981696,0.16666666666666666,252.0110814749202,0.7172999134981696,0.16666666666666666,99.68003177159194,0.0,0.0,252.89504805508503,True,False,False,optuna_seeded,168.0,"[""scalar""]",[0.930255979023987],False,,161,False,0.833209179464718,0.2827000865018305
VH_6_MFA,VH,MFA,VH_6_MFA__hybrid_optuna_119,all6,hybrid_optuna,generic_seed,trial_170,hybrid,1710e98be83bf964,1,True,0.920383036846862,1,12.551973625607603,0.00084613861888082,0.0017065611414175549,74.18499116113476,0.005852581658748949,1.9531421878658337e-05,8.519949633933857e-08,3.409747898958369e-08,1.3700866641728373,6,0,0.6547920377144925,183.49097766931664,0.28266096524838763,0.7173390347516123,0.16666666666666666,183.49097766931664,0.7173390347516123,0.16666666666666666,625.9404272665987,0.0,0.0,184.3749833707349,True,False,False,optuna_seeded,170.0,"[""scalar""]",[0.920383036846862],False,,162,False,0.6547920377144925,0.28266096524838763
VH_6_MFA,VH,MFA,VH_6_MFA__hybrid_optuna_155,all6,hybrid_optuna,generic_seed,trial_158,hybrid,1710e98be83bf964,1,True,0.9293790830600223,1,9.870948934060225,0.0006342037879936823,0.0014208845310691857,18.368160421181834,0.005716013678993328,1.1031052029163563e-05,7.473615474139853e-08,3.128804229231286e-08,1.0713897503380634,6,0,0.815641636791781,258.5685465876334,0.28260100787285447,0.7173989921271455,0.16666666666666666,258.5685465876334,0.7173989921271455,0.16666666666666666,55.17321621154743,0.0,0.0,259.45261224642724,True,False,False,optuna_seeded,158.0,"[""scalar""]",[0.9293790830600223],False,,163,False,0.815641636791781,0.28260100787285447
VH_6_MFA,VH,MFA,VH_6_MFA__hybrid_optuna_180,all6,hybrid_optuna,generic_seed,trial_102,hybrid,1710e98be83bf964,1,True,0.942913109519256,1,47.29615463967253,0.0008018144527722307,0.0276615619550575,56.87902834796642,0.2105506699846163,2.6660852918488975e-05,1.4923828888827614e-08,4.7187160314546615e-06,1.8679375227454937,6,0,1.0587298326629635,265.665120058353,0.282571881184242,0.7174281188157581,0.16666666666666666,265.665120058353,0.7174281188157581,0.16666666666666666,367.7944314710347,0.0,0.0,266.54921484383544,True,False,False,optuna_seeded,102.0,"[""scalar""]",[0.942913109519256],False,,164,False,1.0587298326629635,0.282571881184242
VH_6_MFA,VH,MFA,VH_6_MFA__hybrid_optuna_131,all6,hybrid_optuna,generic_seed,trial_100,hybrid,1710e98be83bf964,1,True,0.9219654632945845,1,31.21141988772569,0.0027194623616358465,0.0021223968119263637,15.446105378600045,0.1551326582259352,5.305189767113198e-05,3.479392305059036e-08,5.0676917468873706e-08,2.9698265842967997,6,0,0.6814734595061779,171.86044719325665,0.28256084001131426,0.7174391599886857,0.16666666666666666,171.86044719325665,0.7174391599886857,0.16666666666666666,43.04605337601914,0.0,0.0,172.744553019912,True,False,False,optuna_seeded,100.0,"[""scalar""]",[0.9219654632945845],False,,165,False,0.6814734595061779,0.28256084001131426
VH_6_MFA,VH,MFA,VH_6_MFA__hybrid_optuna_124,all6,hybrid_optuna,generic_seed,trial_183,hybrid,1710e98be83bf964,1,True,0.9214377496847811,1,25.238700333482864,0.001534595220018505,0.0006858700950134755,45.16756729590053,0.004485192591544494,2.1800289198904632e-05,3.085446067716095e-08,2.6009523895534113e-07,1.3762151774618394,6,0,0.6715851095821209,190.5895071680799,0.28253920084755885,0.7174607991524411,0.16666666666666666,190.5895071680799,0.7174607991524411,0.16666666666666666,239.6388087852732,0.0,0.0,191.473634633899,True,False,False,optuna_seeded,183.0,"[""scalar""]",[0.9214377496847811],False,,166,False,0.6715851095821209,0.28253920084755885
VH_6_MFA,VH,MFA,VH_6_MFA__hybrid_optuna_170,all6,hybrid_optuna,generic_seed,trial_159,hybrid,1710e98be83bf964,1,True,0.9397682112880725,1,13.528698096165673,0.0010614821678398654,0.00031093997097100546,81.6260340674061,0.0010659567354593098,7.859637645564031e-06,4.921957613378625e-08,2.2002510563592252e-08,0.9269193619905058,6,0,1.0013994624143787,240.26697703162904,0.2825317588460596,0.7174682411539405,0.16666666666666666,240.26697703162904,0.7174682411539405,0.16666666666666666,758.3383742740297,0.0,0.0,241.15111193944963,True,False,False,optuna_seeded,159.0,"[""scalar""]",[0.9397682112880725],False,,167,False,1.0013994624143787,0.2825317588460596
VH_6_MFA,VH,MFA,VH_6_MFA__hybrid_optuna_076,all6,hybrid_optuna,generic_seed,trial_83,hybrid,1710e98be83bf964,1,True,0.9135890041156144,1,17.28861552315672,0.00099436845343075,0.021551053600708987,52.599182484521286,1.7445084217152316,1.9986868144257472e-05,3.9358319511097185e-08,6.1384074889313166e-06,2.060160364089795,6,0,0.5300183089666128,162.92425388826277,0.2825231241603086,0.7174768758396913,0.16666666666666666,162.92425388826277,0.7174768758396913,0.16666666666666666,315.310493104934,0.0,0.0,163.8083974307691,True,False,False,optuna_seeded,83.0,"[""scalar""]",[0.9135890041156144],False,,168,False,0.5300183089666128,0.2825231241603086
VH_6_MFA,VH,MFA,VH_6_MFA__hybrid_optuna_208,all6,hybrid_optuna,generic_seed,trial_14,hybrid,1710e98be83bf964,1,True,0.9770964428519388,1,6.325671955666121,0.0009767624465297402,0.00039501912883689285,84.14332615796971,2.5255112817858403,1.1674619513025972e-06,1.913489632070406e-07,1.717130525688817e-05,0.7670534267727928,6,0,1.6725715500217093,387.1984412967492,0.28249086548260066,0.7175091345173993,0.16666666666666666,387.1984412967492,0.7175091345173993,0.16666666666666666,793.063187224808,0.0,0.0,388.0826170979333,True,False,False,optuna_seeded,14.0,"[""scalar""]",[0.9770964428519388],False,,169,False,1.6725715500217093,0.28249086548260066
VH_6_MFA,VH,MFA,VH_6_MFA__hybrid_optuna_115,all6,hybrid_optuna,generic_seed,trial_171,hybrid,1710e98be83bf964,1,True,0.9193018947194744,1,14.784289336734645,0.001651626531896527,0.005966958159464246,24.765680019338554,0.003389736792729149,1.3624822619654758e-05,4.113986882214153e-08,6.009612880050916e-08,1.1669637046446242,6,0,0.6319878560819616,186.2857220484209,0.28247520839619017,0.7175247916038098,0.16666666666666666,186.2857220484209,0.7175247916038098,0.16666666666666666,84.10417343089813,0.0,0.0,187.16991350669136,True,False,False,optuna_seeded,171.0,"[""scalar""]",[0.9193018947194744],False,,170,False,0.6319878560819616,0.28247520839619017
VH_6_MFA,VH,MFA,VH_6_MFA__hybrid_optuna_079,all6,hybrid_optuna,generic_seed,trial_128,hybrid,1710e98be83bf964,1,True,0.9139044343386545,1,40.46931647699409,0.001976473883541776,0.007075733469704775,21.012057188364285,0.004320494255224749,4.6205093858468356e-05,1.5970301354428787e-08,2.4292670822605412e-08,1.728755682592619,6,0,0.534656347021215,172.82832671241712,0.2824653627180795,0.7175346372819206,0.16666666666666666,172.82832671241712,0.7175346372819206,0.16666666666666666,68.30744979334344,0.0,0.0,173.7125280163657,True,False,False,optuna_seeded,128.0,"[""scalar""]",[0.9139044343386545],False,,171,False,0.534656347021215,0.2824653627180795
VH_6_MFA,VH,MFA,VH_6_MFA__hybrid_optuna_233,all6,hybrid_optuna,generic_seed,trial_18,hybrid,1710e98be83bf964,1,True,1.3909350934431948,1,10.654514968002244,0.0023231148662065356,1.442153193205502,119.82830984303234,0.01183275773381825,3.6147644006925267e-06,0.00010156748473321438,2.1909248392300203e-06,2.698605993450729,6,0,3.121169413267611,859.4257531041218,0.28246320729389457,0.7175367927061055,0.5,859.4257531041218,0.7175367927061055,0.5,1599.9767026567267,0.0,0.0,860.6432898968279,True,False,False,optuna_seeded,18.0,"[""scalar""]",[1.3909350934431948],False,,172,False,3.121169413267611,0.28246320729389457
VH_6_MFA,VH,MFA,VH_6_MFA__hybrid_optuna_055,all6,hybrid_optuna,generic_seed,trial_112,hybrid,1710e98be83bf964,1,True,0.9117839066256185,1,42.746537054829375,0.001561565014509738,0.061621675812581406,13.455999610644211,0.21034263323745578,6.589439875608387e-05,1.8453025898234257e-08,1.8714871012709787e-08,2.2310700457453163,6,0,0.4960469061436246,127.44080015039134,0.2824409214934717,0.7175590785065283,0.16666666666666666,127.44080015039134,0.7175590785065283,0.16666666666666666,40.25137714797449,0.0,0.0,128.32502589556452,True,False,False,optuna_seeded,112.0,"[""scalar""]",[0.9117839066256185],False,,173,False,0.4960469061436246,0.2824409214934717
VH_6_MFA,VH,MFA,VH_6_MFA__hybrid_optuna_040,all6,hybrid_optuna,generic_seed,trial_154,hybrid,1710e98be83bf964,1,True,0.9098697424901551,1,14.876640216686994,0.0016067692609512652,0.0027254664837830086,16.83138079880473,0.0015888887468522505,1.8851984132091584e-05,4.259734395204137e-08,1.417608416329944e-08,0.9910244124847648,6,0,0.4614286664203348,142.43214679948198,0.28243185008875243,0.7175681499112475,0.16666666666666666,142.43214679948198,0.7175681499112475,0.16666666666666666,51.690762618336834,0.0,0.0,143.31638161605989,True,False,False,optuna_seeded,154.0,"[""scalar""]",[0.9098697424901551],False,,174,False,0.4614286664203348,0.28243185008875243
VH_6_MFA,VH,MFA,VH_6_MFA__hybrid_optuna_107,all6,hybrid_optuna,generic_seed,trial_147,hybrid,1710e98be83bf964,1,True,0.9176251677456334,1,11.786774692543105,0.0009479603336857073,0.0005674557966245724,21.216419881929568,0.006691263146660517,1.8479106338443046e-05,6.708012970243026e-08,1.1945841733211119e-08,1.0228907350167329,6,0,0.6009640590085285,163.9394720300048,0.2824283910881737,0.7175716089118264,0.16666666666666666,163.9394720300048,0.7175716089118264,0.16666666666666666,70.04177055656612,0.0,0.0,164.8237103055833,True,False,False,optuna_seeded,147.0,"[""scalar""]",[0.9176251677456334],False,,175,False,0.6009640590085285,0.2824283910881737
VH_6_MFA,VH,MFA,VH_6_MFA__hybrid_optuna_069,all6,hybrid_optuna,generic_seed,trial_181,hybrid,1710e98be83bf964,1,True,0.9129200321978898,1,20.248878261935168,0.0013616359000177102,0.0009396452138578186,29.09395963651312,0.0054032706928864044,3.233409729326913e-05,4.3285207639526985e-08,1.128267290907018e-07,1.5776859166898403,6,0,0.5158139264237596,130.26242191843704,0.28240296371454127,0.7175970362854588,0.16666666666666666,130.26242191843704,0.7175970362854588,0.16666666666666666,108.69024621762475,0.0,0.0,131.14668562138917,True,False,False,optuna_seeded,181.0,"[""scalar""]",[0.9129200321978898],False,,176,False,0.5158139264237596,0.28240296371454127
VH_6_MFA,VH,MFA,VH_6_MFA__hybrid_optuna_068,all6,hybrid_optuna,generic_seed,trial_182,hybrid,1710e98be83bf964,1,True,0.9129151473289162,1,22.15173448633632,0.0014564092889657585,0.0007055303236412555,45.95430451155708,0.004171179918994397,2.3230631446463398e-05,3.145999360532401e-08,2.7873732340426585e-07,6.33451163412694,6,0,0.515685261070176,157.646844563896,0.2824007005083157,0.7175992994916843,0.16666666666666666,157.646844563896,0.7175992994916843,0.16666666666666666,248.3787182813466,0.0,0.0,158.53111053005435,True,False,False,optuna_seeded,182.0,"[""scalar""]",[0.9129151473289162],False,,177,False,0.515685261070176,0.2824007005083157
VH_6_MFA,VH,MFA,VH_6_MFA__hybrid_optuna_163,all6,hybrid_optuna,generic_seed,trial_122,hybrid,1710e98be83bf964,1,True,0.9327090547619405,1,40.83709948106283,0.0038215940266408633,0.023078985672860913,48.62982197517663,0.026699655349476496,4.117481678146642e-05,1.298997346249039e-08,2.8141508025461652e-08,2.2422474756801876,6,0,0.8717018935708372,269.2762211032469,0.28238549488088366,0.7176145051191164,0.16666666666666666,269.2762211032469,0.7176145051191164,0.16666666666666666,280.15942122940464,0.0,0.0,270.1605022750327,True,False,False,optuna_seeded,122.0,"[""scalar""]",[0.9327090547619405],False,,178,False,0.8717018935708372,0.28238549488088366
VH_6_MFA,VH,MFA,VH_6_MFA__hybrid_optuna_195,all6,hybrid_optuna,generic_seed,trial_137,hybrid,1710e98be83bf964,1,True,0.9633136750290934,1,32.579681685358345,0.0008992611641967819,0.0015342035774068938,3.8536747551936523,0.004494606659954331,1.0086095436634764e-05,3.0138209399788254e-08,5.613415146050526e-07,1.9437469245677712,6,0,1.4225465069456271,325.76310350763606,0.2823833531345525,0.7176166468654475,0.16666666666666666,325.76310350763606,0.7176166468654475,0.16666666666666666,15.352492689989484,0.0,0.0,326.6473868211682,True,False,False,optuna_seeded,137.0,"[""scalar""]",[0.9633136750290934],False,,179,False,1.4225465069456271,0.2823833531345525
VH_6_MFA,VH,MFA,VH_6_MFA__hybrid_optuna_088,all6,hybrid_optuna,generic_seed,trial_162,hybrid,1710e98be83bf964,1,True,0.915038533431203,1,14.736154975528269,0.001633347568315152,0.005769475069076469,25.493679309650194,0.0037425016189479372,1.5097140629283078e-05,3.679878440499316e-08,7.032390691087425e-08,1.2318861690276777,6,0,0.5534337864044766,170.36455018758923,0.282374454702379,0.7176255452976209,0.16666666666666666,170.36455018758923,0.7176255452976209,0.16666666666666666,87.88305867842575,0.0,0.0,171.2488423995535,True,False,False,optuna_seeded,162.0,"[""scalar""]",[0.915038533431203],False,,180,False,0.5534337864044766,0.282374454702379
VH_6_MFA,VH,MFA,VH_6_MFA__hybrid_optuna_116,all6,hybrid_optuna,generic_seed,trial_121,hybrid,1710e98be83bf964,1,True,0.919302058867867,1,38.37108939849018,0.0020056719350068333,0.01716828672103095,36.38829437622179,0.028700339715520003,3.750664928890202e-05,1.4002456529012897e-08,1.3623796068810666e-07,2.065556215573503,6,0,0.6300965529317885,194.25085909713235,0.2823699718505656,0.7176300281494344,0.16666666666666666,194.25085909713235,0.7176300281494344,0.16666666666666666,161.5530591987647,0.0,0.0,195.13515579194845,True,False,False,optuna_seeded,121.0,"[""scalar""]",[0.919302058867867],False,,181,False,0.6300965529317885,0.2823699718505656
VH_6_MFA,VH,MFA,VH_6_MFA__hybrid_optuna_086,all6,hybrid_optuna,generic_seed,trial_179,hybrid,1710e98be83bf964,1,True,0.9147349813793493,1,20.418133748093513,0.0013876508925369149,0.0005804888025483598,28.848475158224268,0.005519918270548059,3.407236630592293e-05,4.3735628386381076e-08,1.1161047954949129e-07,1.5650577505457641,6,0,0.5477896629881159,130.92231499834585,0.2823644443422127,0.7176355556577872,0.16666666666666666,130.92231499834585,0.7176355556577872,0.16666666666666666,107.37710909253559,0.0,0.0,131.8066172206703,True,False,False,optuna_seeded,179.0,"[""scalar""]",[0.9147349813793493],False,,182,False,0.5477896629881159,0.2823644443422127
VH_6_MFA,VH,MFA,VH_6_MFA__hybrid_optuna_181,all6,hybrid_optuna,generic_seed,trial_165,hybrid,1710e98be83bf964,1,True,0.945099401553865,1,17.24385694455123,0.0015224951492786858,0.00984799512333421,14.034607581125409,0.0039025743491147916,9.018830859762839e-06,3.160859187380539e-08,2.9392821142715158e-08,0.7857309980193306,6,0,1.0942344063539537,268.85563010116545,0.28235806546579917,0.7176419345342008,0.16666666666666666,268.85563010116545,0.7176419345342008,0.16666666666666666,40.24311019908424,0.0,0.0,269.7399387023663,True,False,False,optuna_seeded,165.0,"[""scalar""]",[0.945099401553865],False,,183,False,1.0942344063539537,0.28235806546579917
VH_6_MFA,VH,MFA,VH_6_MFA__hybrid_optuna_118,all6,hybrid_optuna,generic_seed,trial_160,hybrid,1710e98be83bf964,1,True,0.9201649186725482,1,11.450380620107076,0.0023008580915016715,0.002030852595795424,69.26761605464007,0.009146885794937094,1.1582206942181558e-05,4.343030546873351e-08,1.4594241691642845e-08,0.7743061902788805,6,0,0.6452432889678947,202.14895122129553,0.2823485973812237,0.7176514026187762,0.16666666666666666,202.14895122129553,0.7176514026187762,0.16666666666666666,549.9809515511549,0.0,0.0,203.03326929058096,True,False,False,optuna_seeded,160.0,"[""scalar""]",[0.9201649186725482],False,,184,False,0.6452432889678947,0.2823485973812237
VH_6_MFA,VH,MFA,VH_6_MFA__hybrid_optuna_092,all6,hybrid_optuna,generic_seed,trial_163,hybrid,1710e98be83bf964,1,True,0.9157085458712836,1,13.627654649276879,0.0011359519137864131,0.0026823373426729954,31.78136381857508,0.00553812772136768,2.2292500887502254e-05,5.32279232142427e-08,1.7234042503808948e-08,1.1165184474907783,6,0,0.5646485091788348,141.23943296493292,0.2823274824164294,0.7176725175835706,0.16666666666666666,141.23943296493292,0.7176725175835706,0.16666666666666666,130.38393120072845,0.0,0.0,142.12377214918314,True,False,False,optuna_seeded,163.0,"[""scalar""]",[0.9157085458712836],False,,185,False,0.5646485091788348,0.2823274824164294
VH_6_MFA,VH,MFA,VH_6_MFA__hybrid_optuna_094,all6,hybrid_optuna,generic_seed,trial_113,hybrid,1710e98be83bf964,1,True,0.9160670907870011,1,39.10050912749801,0.00175291412857883,0.013903627139618392,8.480991764990003,0.19760774964721264,6.632891415087698e-05,1.9569283351561805e-08,1.1988722547497865e-08,2.669908402943463,6,0,0.5709534140399944,133.56203577123708,0.2823192099929985,0.7176807900070016,0.16666666666666666,133.56203577123708,0.7176807900070016,0.16666666666666666,29.055034500901066,0.0,0.0,134.44638322791073,True,False,False,optuna_seeded,113.0,"[""scalar""]",[0.9160670907870011],False,,186,False,0.5709534140399944,0.2823192099929985
VH_6_MFA,VH,MFA,VH_6_MFA__hybrid_optuna_126,all6,hybrid_optuna,generic_seed,trial_94,hybrid,1710e98be83bf964,1,True,0.9216990052996352,1,35.21673863019484,0.0022215767188996085,0.01706174018811113,29.506720579325716,0.07948331643430323,3.3893840138346515e-05,1.4969378747600598e-08,4.6638597000675605e-06,2.0001765489136676,6,0,0.6722082368853274,205.62850560004753,0.2823125634162162,0.7176874365837839,0.16666666666666666,205.62850560004753,0.7176874365837839,0.16666666666666666,105.51902869191461,0.0,0.0,206.51285970329798,True,False,False,optuna_seeded,94.0,"[""scalar""]",[0.9216990052996352],False,,187,False,0.6722082368853274,0.2823125634162162
VH_6_MFA,VH,MFA,VH_6_MFA__hybrid_optuna_150,all6,hybrid_optuna,generic_seed,trial_164,hybrid,1710e98be83bf964,1,True,0.9266794418984143,1,9.092001719739544,0.000916559470556018,0.0012091142292947354,54.80544590614866,0.001972861489269518,1.6832271084614948e-05,1.0464146126076356e-07,4.3137172971751964e-08,1.3804895598169387,6,0,0.7618170545433256,177.76459602123236,0.2823103944651038,0.7176896055348961,0.16666666666666666,177.76459602123236,0.7176896055348961,0.16666666666666666,349.13848646244395,0.0,0.0,178.64895229343392,True,False,False,optuna_seeded,164.0,"[""scalar""]",[0.9266794418984143],False,,188,False,0.7618170545433256,0.2823103944651038
VH_6_MFA,VH,MFA,VH_6_MFA__hybrid_optuna_101,all6,hybrid_optuna,generic_seed,trial_135,hybrid,1710e98be83bf964,1,True,0.9169720246004543,1,31.706703581433587,0.0013584355916703489,0.0038457035957293827,3.5401074089784057,0.0022280202250847354,2.9981521294714348e-05,2.7213084461340188e-08,5.126662085581174e-07,1.6897039373523703,6,0,0.5869779964316735,169.45292232416304,0.28230453075686085,0.7176954692431391,0.16666666666666666,169.45292232416304,0.7176954692431391,0.16666666666666666,14.963470049332297,0.0,0.0,170.33728446007282,True,False,False,optuna_seeded,135.0,"[""scalar""]",[0.9169720246004543],False,,189,False,0.5869779964316735,0.28230453075686085
VH_6_MFA,VH,MFA,VH_6_MFA__hybrid_optuna_065,all6,hybrid_optuna,generic_seed,trial_161,hybrid,1710e98be83bf964,1,True,0.9124180553911357,1,14.397469922209158,0.001602638935194487,0.00571700772643428,26.385428424261413,0.0037499321898879856,1.5971640940432977e-05,3.335913668912002e-08,1.8181533000962574e-08,1.225235134502505,6,0,0.5049722884875493,158.34355376916997,0.28230262730261696,0.717697372697383,0.16666666666666666,158.34355376916997,0.717697372697383,0.16666666666666666,96.26350828563903,0.0,0.0,159.22791780853402,True,False,False,optuna_seeded,161.0,"[""scalar""]",[0.9124180553911357],False,,190,False,0.5049722884875493,0.28230262730261696
VH_6_MFA,VH,MFA,VH_6_MFA__hybrid_optuna_081,all6,hybrid_optuna,generic_seed,trial_86,hybrid,1710e98be83bf964,1,True,0.9142460519490958,1,18.887929752668622,0.0012570952592178006,0.044681772065637136,31.929014120020092,1.3506026850049773,3.0479422366570366e-05,3.554719328754632e-08,6.410128800245922e-06,1.9943423040908677,6,0,0.5377211293287979,135.04704099658827,0.282294010791393,0.717705989208607,0.16666666666666666,135.04704099658827,0.717705989208607,0.16666666666666666,121.94081169410194,0.0,0.0,135.93141365246353,True,False,False,optuna_seeded,86.0,"[""scalar""]",[0.9142460519490958],False,,191,False,0.5377211293287979,0.282294010791393
VH_6_MFA,VH,MFA,VH_6_MFA__hybrid_optuna_070,all6,hybrid_optuna,generic_seed,trial_157,hybrid,1710e98be83bf964,1,True,0.9129929506267235,1,9.737777279078104,0.0011405381058310347,0.0012250479249328059,18.350637056931863,0.005262310157039778,1.087932506571225e-05,4.84643266829893e-08,1.7964250079181148e-08,1.094274633420584,6,0,0.5151571580267177,157.10062515773305,0.2822935581525386,0.7177064418474615,0.16666666666666666,157.10062515773305,0.7177064418474615,0.16666666666666666,56.79921809756313,0.0,0.0,157.98499826624717,True,False,False,optuna_seeded,157.0,"[""scalar""]",[0.9129929506267235],False,,192,False,0.5151571580267177,0.2822935581525386
VH_6_MFA,VH,MFA,VH_6_MFA__hybrid_optuna_075,all6,hybrid_optuna,generic_seed,trial_138,hybrid,1710e98be83bf964,1,True,0.9134597814357711,1,23.403006266514147,0.0014642969342097288,0.002467494396249423,9.029628066091757,0.002398905063200436,2.4462524699796653e-05,4.976993725378956e-08,1.0017059674567772e-06,1.5677245516039724,6,0,0.5235478711088776,159.56713286285563,0.2822928780702776,0.7177071219297223,0.16666666666666666,159.56713286285563,0.7177071219297223,0.16666666666666666,20.48191901457744,0.0,0.0,160.451506651452,True,False,False,optuna_seeded,138.0,"[""scalar""]",[0.9134597814357711],False,,193,False,0.5235478711088776,0.2822928780702776
VH_6_MFA,VH,MFA,VH_6_MFA__hybrid_optuna_095,all6,hybrid_optuna,generic_seed,trial_134,hybrid,1710e98be83bf964,1,True,0.9160817518689133,1,32.33715558242006,0.0013872795022223947,0.004000484324586627,4.901016690138065,0.002529623155706097,3.133879229369865e-05,2.57333631390293e-08,5.441241179312627e-07,1.7600459084715332,6,0,0.5699961078384864,167.01751943687492,0.2822513652332248,0.7177486347667753,0.16666666666666666,167.01751943687492,0.7177486347667753,0.16666666666666666,16.066970122824312,0.0,0.0,167.90193473830834,True,False,False,optuna_seeded,134.0,"[""scalar""]",[0.9160817518689133],False,,194,False,0.5699961078384864,0.2822513652332248
VH_6_MFA,VH,MFA,VH_6_MFA__hybrid_optuna_077,all6,hybrid_optuna,generic_seed,trial_145,hybrid,1710e98be83bf964,1,True,0.9136448777916572,1,14.621294891548096,0.0009910428716512969,0.0008682305207461344,20.390904806348157,0.007826892109409353,1.997661827219465e-05,7.771279624291001e-08,1.3566951993898797e-06,0.9937743615759128,6,0,0.5260954322513097,156.6615991138544,0.2822493128889712,0.7177506871110287,0.16666666666666666,156.6615991138544,0.7177506871110287,0.16666666666666666,55.97675240708565,0.0,0.0,157.54601646763209,True,False,False,optuna_seeded,145.0,"[""scalar""]",[0.9136448777916572],False,,195,False,0.5260954322513097,0.2822493128889712
VH_6_MFA,VH,MFA,VH_6_MFA__hybrid_optuna_149,all6,hybrid_optuna,generic_seed,trial_133,hybrid,1710e98be83bf964,1,True,0.9258234909542049,1,26.822613205671217,0.00166834379887035,0.006889393010352162,0.9380099738515977,0.002948857923617387,2.161021709155664e-05,2.0591838868513122e-08,3.360198551343793e-07,1.111774144247309,6,0,0.7451132655761494,206.19787443453902,0.28223835713335893,0.7177616428666411,0.16666666666666666,206.19787443453902,0.7177616428666411,0.16666666666666666,14.47810817679953,0.0,0.0,207.0823027440723,True,False,False,optuna_seeded,133.0,"[""scalar""]",[0.9258234909542049],False,,196,False,0.7451132655761494,0.28223835713335893
VH_6_MFA,VH,MFA,VH_6_MFA__hybrid_optuna_067,all6,hybrid_optuna,generic_seed,trial_172,hybrid,1710e98be83bf964,1,True,0.912879195854491,1,16.841217175684903,0.0018882935312883487,0.009350200879588518,25.85905660190238,0.003963820715868567,2.571333886374842e-05,3.3081404382498175e-08,8.619051391469254e-08,1.233574761815722,6,0,0.5116035450717865,141.36656342682508,0.2822098899828305,0.7177901100171695,0.16666666666666666,141.36656342682508,0.7177901100171695,0.16666666666666666,89.37999512438047,0.0,0.0,142.25102020350892,True,False,False,optuna_seeded,172.0,"[""scalar""]",[0.912879195854491],False,,197,False,0.5116035450717865,0.2822098899828305
VH_6_MFA,VH,MFA,VH_6_MFA__hybrid_optuna_122,all6,hybrid_optuna,generic_seed,trial_84,hybrid,1710e98be83bf964,1,True,0.9206920860834722,1,19.12494437583471,0.0011123173528012529,0.040006748149063166,50.448484557342844,1.568817930504684,3.395623944964867e-05,3.5294004494486273e-08,5.802278429617944e-06,2.9864865343487756,6,0,0.6519227623885979,147.34668260285503,0.28219251182700544,0.7178074881729946,0.16666666666666666,147.34668260285503,0.7178074881729946,0.16666666666666666,291.1015862736977,0.0,0.0,148.2311567576947,True,False,False,optuna_seeded,84.0,"[""scalar""]",[0.9206920860834722],False,,198,False,0.6519227623885979,0.28219251182700544
VH_6_MFA,VH,MFA,VH_6_MFA__hybrid_optuna_145,all6,hybrid_optuna,generic_seed,trial_66,hybrid,1710e98be83bf964,1,True,0.9250258437938778,1,9.367850641436602,0.0009598503056553617,0.1837708731811219,149.57100125806252,18.063116441627287,1.6457149715674247e-05,7.194158220816176e-08,1.4581524707108493e-05,0.28116457100126957,6,0,0.7298807262857204,175.9932851483408,0.28218975211088454,0.7178102478891154,0.16666666666666666,175.9932851483408,0.7178102478891154,0.16666666666666666,2490.491111296471,0.0,0.0,176.87776206289655,True,False,False,optuna_seeded,66.0,"[""scalar""]",[0.9250258437938778],False,,199,False,0.7298807262857204,0.28218975211088454
VH_6_MFA,VH,MFA,VH_6_MFA__hybrid_optuna_167,all6,hybrid_optuna,generic_seed,trial_57,hybrid,1710e98be83bf964,1,True,0.9372771080288844,1,6.222957068107704,0.00538273827829634,5.58444381338899e-05,131.15135590628512,3.7980604298653082,1.1118449822683858e-05,1.0266126413493886e-07,0.05430061159370006,0.14842134138829446,6,0,0.9502988731521574,255.2615640753594,0.2821839404795687,0.7178160595204314,0.16666666666666666,255.2615640753594,0.7178160595204314,0.16666666666666666,1915.6488501239064,0.0,0.0,256.1460468015465,True,False,False,optuna_seeded,57.0,"[""scalar""]",[0.9372771080288844],False,,200,False,0.9502988731521574,0.2821839404795687
VH_6_MFA,VH,MFA,VH_6_MFA__hybrid_optuna_053,all6,hybrid_optuna,generic_seed,trial_153,hybrid,1710e98be83bf964,1,True,0.9116703932750952,1,14.179950354145062,0.0016521908144825717,0.0026761318714870496,16.14304232430397,0.0016947153071080107,2.1527833838169416e-05,3.794570213556727e-08,1.9665543075321866e-07,1.231662637300641,6,0,0.4889687454982194,130.5511990637672,0.28216120369702796,0.717838796302972,0.16666666666666666,130.5511990637672,0.717838796302972,0.16666666666666666,43.45997312804012,0.0,0.0,131.43570452673683,True,False,False,optuna_seeded,153.0,"[""scalar""]",[0.9116703932750952],False,,201,False,0.4889687454982194,0.28216120369702796
VH_6_MFA,VH,MFA,VH_6_MFA__hybrid_optuna_105,all6,hybrid_optuna,generic_seed,trial_131,hybrid,1710e98be83bf964,1,True,0.9172630211517063,1,37.70898725877997,0.00197327675123472,0.00794135738644074,2.044997624694128,0.0030520868873748904,3.895267876832819e-05,1.4007880414031255e-08,2.8652780094691166e-07,1.6953725249200593,6,0,0.5892753065029548,185.45886637232113,0.2821411625429023,0.7178588374570977,0.16666666666666666,185.45886637232113,0.7178588374570977,0.16666666666666666,15.67861843624634,0.0,0.0,186.34339187644488,True,False,False,optuna_seeded,131.0,"[""scalar""]",[0.9172630211517063],False,,202,False,0.5892753065029548,0.2821411625429023
VH_6_MFA,VH,MFA,VH_6_MFA__hybrid_optuna_117,all6,hybrid_optuna,generic_seed,trial_126,hybrid,1710e98be83bf964,1,True,0.9193412814784991,1,36.248295417055644,0.0027914260012417355,0.06832858886169094,12.21489066527597,1.4871053340904579,4.6245765268221115e-05,1.0090853093285904e-08,1.2893799737800317e-07,1.4545231993588663,6,0,0.6265797526386716,194.07767150847062,0.2821353714458714,0.7178646285541285,0.16666666666666666,194.07767150847062,0.7178646285541285,0.16666666666666666,34.05024608347864,0.0,0.0,194.9622028036914,True,False,False,optuna_seeded,126.0,"[""scalar""]",[0.9193412814784991],False,,203,False,0.6265797526386716,0.2821353714458714
VH_6_MFA,VH,MFA,VH_6_MFA__hybrid_optuna_211,all6,hybrid_optuna,generic_seed,trial_19,hybrid,1710e98be83bf964,1,True,0.9815271081414377,1,3.5609748139163835,0.00029148639844768206,0.09687753524369125,62.72311234231112,0.5250327577509963,5.3590434580453185e-06,7.970277149490793e-08,2.6624572380359782e-08,9.548355205193293,6,0,1.7458504639697894,535.5698190442369,0.28213125096799496,0.717868749032005,0.16666666666666666,535.5698190442369,0.717868749032005,0.16666666666666666,456.017788489253,0.0,0.0,536.4543544599355,True,False,False,optuna_seeded,19.0,"[""scalar""]",[0.9815271081414377],False,,204,False,1.7458504639697894,0.28213125096799496
VH_6_MFA,VH,MFA,VH_6_MFA__hybrid_optuna_071,all6,hybrid_optuna,generic_seed,trial_85,hybrid,1710e98be83bf964,1,True,0.9130999756330691,1,19.509926307580706,0.0012372951618689386,0.01811038210211684,52.71617436769881,1.6145384864623933,3.0467143137593888e-05,2.2406621722022645e-08,7.304128777620028e-06,2.752097221960536,6,0,0.5139515525508793,134.3596077238298,0.2821195550642019,0.7178804449357982,0.16666666666666666,134.3596077238298,0.7178804449357982,0.16666666666666666,317.14115571467687,0.0,0.0,135.24415483543225,True,False,False,optuna_seeded,85.0,"[""scalar""]",[0.9130999756330691],False,,205,False,0.5139515525508793,0.2821195550642019
VH_6_MFA,VH,MFA,VH_6_MFA__hybrid_optuna_080,all6,hybrid_optuna,generic_seed,trial_151,hybrid,1710e98be83bf964,1,True,0.9140317587585018,1,14.426169347963924,0.0010432624598871495,0.00550186901872054,9.307398544207462,0.002304981357845431,2.1343609031182652e-05,3.229942582655122e-08,1.9788355124958253e-07,1.3905183034290642,6,0,0.5306136189482581,149.06540056218284,0.2821134422941791,0.717886557705821,0.16666666666666666,149.06540056218284,0.717886557705821,0.16666666666666666,24.530159913126486,0.0,0.0,149.9499537865553,True,False,False,optuna_seeded,151.0,"[""scalar""]",[0.9140317587585018],False,,206,False,0.5306136189482581,0.2821134422941791
VH_6_MFA,VH,MFA,VH_6_MFA__hybrid_optuna_225,all6,hybrid_optuna,generic_seed,trial_59,hybrid,1710e98be83bf964,1,True,1.2032946030082523,1,10.789929841222483,0.005284348573710933,0.00021696317405214442,110.92358107971634,11.92660377597425,7.0054762642023625e-06,4.467604691341929e-08,2.248987047842724e-06,0.1453116567441049,6,0,5.737144653519542,1985.1882685777266,0.2821023221872778,0.7178976778127222,0.16666666666666666,1985.1882685777266,0.7178976778127222,0.16666666666666666,1376.3593431601416,0.0,0.0,1986.072832922206,True,False,False,optuna_seeded,59.0,"[""scalar""]",[1.2032946030082523],False,,207,False,5.737144653519542,0.2821023221872778
VH_6_MFA,VH,MFA,VH_6_MFA__hybrid_optuna_133,all6,hybrid_optuna,generic_seed,trial_136,hybrid,1710e98be83bf964,1,True,0.9223002992280039,1,16.147621007215204,0.001265532102180761,0.0037188324920671575,5.717411556217831,0.0015727791868063177,1.370508923964692e-05,2.3657302629488484e-08,4.7499710458665707e-07,1.7000974248957315,6,0,0.6791080150287258,183.62005440798768,0.28209459049581403,0.717905409504186,0.16666666666666666,183.62005440798768,0.717905409504186,0.16666666666666666,17.98467765586667,0.0,0.0,184.50462648415854,True,False,False,optuna_seeded,136.0,"[""scalar""]",[0.9223002992280039],False,,208,False,0.6791080150287258,0.28209459049581403
VH_6_MFA,VH,MFA,VH_6_MFA__hybrid_optuna_200,all6,hybrid_optuna,generic_seed,trial_58,hybrid,1710e98be83bf964,1,True,0.9683691878282575,1,6.329651895625212,0.018978053274300077,5.5562557271670325e-05,131.2245167548742,3.613006119476186,1.2582431709323733e-05,1.0957763050097452e-07,0.06714032359062624,0.2360903342846586,6,0,1.5082739788413384,415.6003729687048,0.2820904776629278,0.7179095223370723,0.16666666666666666,415.6003729687048,0.7179095223370723,0.16666666666666666,1917.7924277216366,0.0,0.0,416.48494915770857,True,False,False,optuna_seeded,58.0,"[""scalar""]",[0.9683691878282575],False,,209,False,1.5082739788413384,0.2820904776629278
VH_6_MFA,VH,MFA,VH_6_MFA__hybrid_optuna_148,all6,hybrid_optuna,generic_seed,trial_176,hybrid,1710e98be83bf964,1,True,0.9257138118771792,1,17.306222499180233,0.003577328683107968,0.00041118147520929937,21.355141732227157,0.002536179607486798,2.6875582755212456e-05,2.671510011630874e-08,1.7006990685200992e-07,1.4347867505634642,6,0,0.7404404050291372,210.61061348889675,0.28208843284666174,0.7179115671533384,0.16666666666666666,210.61061348889675,0.7179115671533384,0.16666666666666666,66.12465258883152,0.0,0.0,211.49519172271675,True,False,False,optuna_seeded,176.0,"[""scalar""]",[0.9257138118771792],False,,210,False,0.7404404050291372,0.28208843284666174
VH_6_MFA,VH,MFA,VH_6_MFA__hybrid_optuna_083,all6,hybrid_optuna,generic_seed,trial_184,hybrid,1710e98be83bf964,1,True,0.9142566311575379,1,14.41009989957651,0.0018252984688482202,0.0013080846844543091,48.642939455862006,0.0034812317026585837,1.582530964286406e-05,2.1573084123915617e-08,1.7284450781990234e-07,1.11634307314383,6,0,0.533917375428137,170.04994663240404,0.28207211192180304,0.7179278880781969,0.16666666666666666,170.04994663240404,0.7179278880781969,0.16666666666666666,276.8158071437837,0.0,0.0,170.9345411871489,True,False,False,optuna_seeded,184.0,"[""scalar""]",[0.9142566311575379],False,,211,False,0.533917375428137,0.28207211192180304
VH_6_MFA,VH,MFA,VH_6_MFA__hybrid_optuna_109,all6,hybrid_optuna,generic_seed,trial_132,hybrid,1710e98be83bf964,1,True,0.9178386983608763,1,29.979307816111795,0.0019425168975369478,0.007489150848639733,1.6010158729379236,0.004805750445717763,3.034706905200563e-05,1.4297292371789693e-08,3.520422112658794e-07,1.6953673907996982,6,0,0.5983776836410296,186.6604336036413,0.2820711729525142,0.7179288270474857,0.16666666666666666,186.6604336036413,0.7179288270474857,0.16666666666666666,14.88510149783755,0.0,0.0,187.54502909735544,True,False,False,optuna_seeded,132.0,"[""scalar""]",[0.9178386983608763],False,,212,False,0.5983776836410296,0.2820711729525142
VH_6_MFA,VH,MFA,VH_6_MFA__hybrid_optuna_141,all6,hybrid_optuna,generic_seed,trial_143,hybrid,1710e98be83bf964,1,True,0.9241860759243212,1,17.697979010637432,0.0013296623566969926,0.0017074094339109714,15.9014082666502,0.0018381317894990083,1.437774154279453e-05,4.583298807355706e-08,1.999258334399649e-06,2.0549993736279126,6,0,0.7125200439455447,191.2726085917952,0.28206503762820895,0.7179349623717911,0.16666666666666666,191.2726085917952,0.7179349623717911,0.16666666666666666,38.94012862637172,0.0,0.0,192.15721022083366,True,False,False,optuna_seeded,143.0,"[""scalar""]",[0.9241860759243212],False,,213,False,0.7125200439455447,0.28206503762820895
VH_6_MFA,VH,MFA,VH_6_MFA__hybrid_optuna_093,all6,hybrid_optuna,generic_seed,trial_156,hybrid,1710e98be83bf964,1,True,0.915928008141669,1,11.913370554913804,0.001764161014416222,0.0008694284376108289,20.799685011571714,0.001528116009748739,2.02026601995994e-05,3.851164813432433e-08,1.912237019948722e-07,1.1986584181673356,6,0,0.5635208754330501,133.35022633414073,0.28204537382683387,0.7179546261731661,0.16666666666666666,133.35022633414073,0.7179546261731661,0.16666666666666666,62.961985667350845,0.0,0.0,134.23484762698055,True,False,False,optuna_seeded,156.0,"[""scalar""]",[0.915928008141669],False,,214,False,0.5635208754330501,0.28204537382683387
VH_6_MFA,VH,MFA,VH_6_MFA__hybrid_optuna_168,all6,hybrid_optuna,generic_seed,trial_118,hybrid,1710e98be83bf964,1,True,0.9385177775678262,1,60.69503667539004,0.002435293906307522,0.02727769522233743,3.256709503788045,0.1371873321472843,0.00013847597159748524,2.7277759892473072e-08,1.9196569490428676e-08,1.6686240130112415,6,0,0.9701326703174145,183.44563696947253,0.282045148560919,0.7179548514390811,0.16666666666666666,183.44563696947253,0.7179548514390811,0.16666666666666666,20.54311089007668,0.0,0.0,184.33025848757828,True,False,False,optuna_seeded,118.0,"[""scalar""]",[0.9385177775678262],False,,215,False,0.9701326703174145,0.282045148560919
VH_6_MFA,VH,MFA,VH_6_MFA__hybrid_optuna_091,all6,hybrid_optuna,generic_seed,trial_89,hybrid,1710e98be83bf964,1,True,0.915636055832935,1,19.779409460603357,0.0012704471085912379,0.04044243465010952,23.600742954328112,0.13544341916921135,3.299023537005722e-05,1.9565632517924046e-08,1.2094783435783943e-06,2.048685660024756,6,0,0.5581490206190503,135.1637997773348,0.28203888975701236,0.7179611102429876,0.16666666666666666,135.1637997773348,0.7179611102429876,0.16666666666666666,72.92891687243524,0.0,0.0,136.04842755424443,True,False,False,optuna_seeded,89.0,"[""scalar""]",[0.915636055832935],False,,216,False,0.5581490206190503,0.28203888975701236
VH_6_MFA,VH,MFA,VH_6_MFA__hybrid_optuna_157,all6,hybrid_optuna,generic_seed,trial_127,hybrid,1710e98be83bf964,1,True,0.9300106532132922,1,52.69336874964922,0.002909800491210577,0.07087806111957008,11.676652328595896,0.4789317074851235,0.00010295877512467282,1.0614416407031242e-08,1.306690697468335e-07,1.4967394113404422,6,0,0.8168241404016454,184.50735771049708,0.28203513236457683,0.7179648676354232,0.16666666666666666,184.50735771049708,0.7179648676354232,0.16666666666666666,31.88280108156621,0.0,0.0,185.39198924479916,True,False,False,optuna_seeded,127.0,"[""scalar""]",[0.9300106532132922],False,,217,False,0.8168241404016454,0.28203513236457683
VH_6_MFA,VH,MFA,VH_6_MFA__hybrid_optuna_102,all6,hybrid_optuna,generic_seed,trial_87,hybrid,1710e98be83bf964,1,True,0.9170575524604017,1,18.60881767223908,0.0012322383786334348,0.04214739085605864,29.557221962396145,0.2279950576331073,3.1736846448115927e-05,2.04363541955913e-08,1.584537457347486e-06,2.1572344731316138,6,0,0.5834317440462236,137.6005625921344,0.2820219888754996,0.7179780111245004,0.16666666666666666,137.6005625921344,0.7179780111245004,0.16666666666666666,107.58203749941895,0.0,0.0,138.48520726992555,True,False,False,optuna_seeded,87.0,"[""scalar""]",[0.9170575524604017],False,,218,False,0.5834317440462236,0.2820219888754996
VH_6_MFA,VH,MFA,VH_6_MFA__hybrid_optuna_178,all6,hybrid_optuna,generic_seed,trial_226,hybrid,1710e98be83bf964,1,True,0.9424507635056031,1,37.93643438454398,0.0024880012943973876,0.0024643456514836046,18.530795614613233,0.0065491613008402975,7.870038941221358e-05,1.5385825990218118e-07,1.440781523841733e-07,9.120935411755232,6,0,1.0403711175168315,196.30267304576003,0.28201429857866533,0.7179857014213348,0.16666666666666666,196.30267304576003,0.7179857014213348,0.16666666666666666,51.623395139591224,0.0,0.0,197.18732541384801,True,False,False,optuna_seeded,226.0,"[""scalar""]",[0.9424507635056031],False,,219,False,1.0403711175168315,0.28201429857866533
VH_6_MFA,VH,MFA,VH_6_MFA__hybrid_optuna_151,all6,hybrid_optuna,generic_seed,trial_174,hybrid,1710e98be83bf964,1,True,0.9278570145468622,1,18.705520688637584,0.0025598703438229737,0.008996823235530934,62.394465190760414,0.0016656094068819064,3.674138107421741e-05,3.102603056515669e-08,9.954971795646855e-08,1.0320264941035664,6,0,0.7775870312537417,168.9107325879299,0.2820089316339011,0.7179910683660989,0.16666666666666666,168.9107325879299,0.7179910683660989,0.16666666666666666,446.13418420304254,0.0,0.0,169.79539032296267,True,False,False,optuna_seeded,174.0,"[""scalar""]",[0.9278570145468622],False,,220,False,0.7775870312537417,0.2820089316339011
VH_6_MFA,VH,MFA,VH_6_MFA__hybrid_optuna_087,all6,hybrid_optuna,generic_seed,trial_173,hybrid,1710e98be83bf964,1,True,0.914915287231668,1,16.36522014897815,0.0020173744143572696,0.010805221447215681,33.367148467458634,0.0013925413688306667,2.604083176460425e-05,2.3101100894759573e-08,2.2731693676520666e-07,1.5368136703021653,6,0,0.5444492465834317,144.84086878111904,0.2819985598007449,0.718001440199255,0.16666666666666666,144.84086878111904,0.718001440199255,0.16666666666666666,137.79224000525406,0.0,0.0,145.72553688798496,True,False,False,optuna_seeded,173.0,"[""scalar""]",[0.914915287231668],False,,221,False,0.5444492465834317,0.2819985598007449
VH_6_MFA,VH,MFA,VH_6_MFA__hybrid_optuna_173,all6,hybrid_optuna,generic_seed,trial_224,hybrid,1710e98be83bf964,1,True,0.9407532059303957,1,26.4185514513302,0.001455072730271339,0.0016663793063147944,12.136673217021789,0.005376472138428542,5.2479187187044074e-05,2.2931439050558163e-07,5.96366278503669e-08,7.144847607678144,6,0,1.0088601780041142,176.01955348171296,0.2819612484031661,0.718038751596834,0.16666666666666666,176.01955348171296,0.718038751596834,0.16666666666666666,31.80502622325605,0.0,0.0,176.90425889997644,True,False,False,optuna_seeded,224.0,"[""scalar""]",[0.9407532059303957],False,,222,False,1.0088601780041142,0.2819612484031661
VH_6_MFA,VH,MFA,VH_6_MFA__hybrid_optuna_215,all6,hybrid_optuna,generic_seed,trial_21,hybrid,1710e98be83bf964,1,True,0.9958758444844712,1,10.674416376327155,0.0007273661522516293,0.001094849640623421,98.94601919017556,2.152841637211379,3.9988075161957636e-07,1.4189729729676629e-07,4.4915977805228805e-06,0.39686453861763155,6,0,2.001064278451478,479.24116719849303,0.2819610598739442,0.7180389401260557,0.16666666666666666,479.24116719849303,0.7180389401260557,0.16666666666666666,1095.5234847617446,0.0,0.0,480.1258728052858,True,False,False,optuna_seeded,21.0,"[""scalar""]",[0.9958758444844712],False,,223,False,2.001064278451478,0.2819610598739442
VH_6_MFA,VH,MFA,VH_6_MFA__hybrid_optuna_269,all6,hybrid_optuna,generic_seed,trial_42,hybrid,1710e98be83bf964,1,True,1.5251962899286684,1,65.06171744092745,0.0016461497431925797,0.0016760474049024204,139.95052979230366,49.004361368550164,0.00038465028331802713,8.4707614457188e-06,0.050364796592798175,0.08276841425726364,6,0,2.5286688273354287,615.7235239610751,0.2819519782566331,0.718048021743367,0.6666666666666666,615.7235239610751,0.718048021743367,0.6666666666666666,2178.072364709803,0.0,0.0,617.1082386494851,True,False,False,optuna_seeded,42.0,"[""scalar""]",[1.5251962899286684],False,,224,False,2.5286688273354287,0.2819519782566331
VH_6_MFA,VH,MFA,VH_6_MFA__hybrid_optuna_140,all6,hybrid_optuna,generic_seed,trial_88,hybrid,1710e98be83bf964,1,True,0.9240265869475622,1,19.122779489581482,0.0013947487133082865,0.039970534647249284,24.57992877799819,0.08990203125173858,3.707959821911835e-05,2.0210825051170387e-08,1.352871652032821e-06,2.0571791078437016,6,0,0.7073087718325374,141.23983998850258,0.28193501148757877,0.7180649885124212,0.16666666666666666,141.23983998850258,0.7180649885124212,0.16666666666666666,77.77813950436054,0.0,0.0,142.12457164368166,True,False,False,optuna_seeded,88.0,"[""scalar""]",[0.9240265869475622],False,,225,False,0.7073087718325374,0.28193501148757877
VH_6_MFA,VH,MFA,VH_6_MFA__hybrid_optuna_161,all6,hybrid_optuna,generic_seed,trial_22,hybrid,1710e98be83bf964,1,True,0.9312166209995529,1,4.080577382001634,0.0023739221229075323,3.51411565548959e-05,149.620474272146,3.0822119444413367,8.683952189960708e-06,1.2736141604777938e-07,0.0399831026065761,1.159991242314738,6,0,0.8365752532191787,163.23742153650065,0.28192644862373467,0.7180735513762654,0.16666666666666666,163.23742153650065,0.7180735513762654,0.16666666666666666,2491.6950116213884,0.0,0.0,164.12216175454358,True,False,False,optuna_seeded,22.0,"[""scalar""]",[0.9312166209995529],False,,226,False,0.8365752532191787,0.28192644862373467
VH_6_MFA,VH,MFA,VH_6_MFA__hybrid_optuna_212,all6,hybrid_optuna,generic_seed,trial_80,hybrid,1710e98be83bf964,1,True,0.9825600915036162,1,17.09591844889146,0.00031988965755258303,0.1416903004667628,39.548920341242855,9.646302441976145,9.617473433028528e-06,1.3176122158192597e-08,0.00017778190390101842,0.8792294119395836,6,0,1.7606594942160763,552.7149893812689,0.28192099150838806,0.7180790084916119,0.16666666666666666,552.7149893812689,0.7180790084916119,0.16666666666666666,184.16028913529624,0.0,0.0,553.5997350564271,True,False,False,optuna_seeded,80.0,"[""scalar""]",[0.9825600915036162],False,,227,False,1.7606594942160763,0.28192099150838806
VH_6_MFA,VH,MFA,VH_6_MFA__hybrid_pre_07,all6,legacy_db_verified_median,verified_seed,hybrid_pre_start_07,hybrid,1710e98be83bf964,3,True,1.8295391892325963e+24,2,32.89666777892559,0.0066382428982521575,0.006580727700459173,12.223863266798539,0.06106089792870474,0.00019469654776006987,7.659424474281285e-06,0.0006121496991405707,0.11900075783011424,6,0,2.6597315051268304,555.5413023274178,0.2818853722968206,0.7181146277031795,0.16666666666666666,555.5413023274178,0.7181146277031795,0.16666666666666666,0.0,0.0,0.0,556.4260836217876,True,False,False,scipy_pre,,,,,,228,False,2.6597315051268304,0.2818853722968206
VH_6_MFA,VH,MFA,VH_6_MFA__hybrid_optuna_222,all6,hybrid_optuna,generic_seed,trial_6,hybrid,1710e98be83bf964,1,True,1.032544155765781,1,32.89666777892559,0.0066382428982521575,0.006580727700459173,12.223863266798539,0.06106089792870474,0.00019469654776006987,7.659424474281285e-06,0.0006121496991405707,0.11900075783011424,6,0,2.6597315051268304,555.5413023274178,0.2818853722968206,0.7181146277031795,0.16666666666666666,555.5413023274178,0.7181146277031795,0.16666666666666666,16.4115314481825,0.0,0.0,556.4260836217876,True,False,False,optuna_seeded,6.0,"[""scalar""]",[1.032544155765781],False,,229,False,2.6597315051268304,0.2818853722968206
VH_6_MFA,VH,MFA,VH_6_MFA__hybrid_optuna_221,all6,hybrid_optuna,generic_seed,trial_49,hybrid,1710e98be83bf964,1,True,1.0133874995628347,1,5.310599344059856,0.006498055218225379,0.00026655651309344055,125.92146141621245,10.163545346648467,1.2758187671804535e-07,2.9364804656038185e-07,7.499615961042567e-06,0.07157468995339812,6,0,2.314898407828248,635.8449887242191,0.2818846342054014,0.7181153657945986,0.16666666666666666,635.8449887242191,0.7181153657945986,0.16666666666666666,1770.407452250119,0.0,0.0,636.7297707566803,True,False,False,optuna_seeded,49.0,"[""scalar""]",[1.0133874995628347],False,,230,False,2.314898407828248,0.2818846342054014
VH_6_MFA,VH,MFA,VH_6_MFA__hybrid_optuna_166,all6,hybrid_optuna,generic_seed,trial_167,hybrid,1710e98be83bf964,1,True,0.9370639771348523,1,10.769720821360096,0.001206189271365483,0.00485120887665384,41.2843196651782,0.002190347644916584,2.450337582421163e-05,3.5510229638361426e-08,1.0311260966883564e-08,1.281332206728832,6,0,0.9398403294044284,170.6544126825365,0.28181604116539366,0.7181839588346063,0.16666666666666666,170.6544126825365,0.7181839588346063,0.16666666666666666,209.43202564627532,0.0,0.0,171.53926330803776,True,False,False,optuna_seeded,167.0,"[""scalar""]",[0.9370639771348523],False,,231,False,0.9398403294044284,0.28181604116539366
VH_6_MFA,VH,MFA,VH_6_MFA__hybrid_optuna_226,all6,hybrid_optuna,generic_seed,trial_48,hybrid,1710e98be83bf964,1,True,1.2042404195230632,1,22.225895693138128,0.023584618256548586,2.2673859096050796e-05,115.67116398310341,1.2505783417642893,9.377143960593406e-07,3.322352829506916e-08,0.0009304337442455995,0.12553232101560965,6,0,5.748890231476648,2016.8526480899818,0.28180903778119526,0.7181909622188049,0.16666666666666666,2016.8526480899818,0.7181909622188049,0.16666666666666666,1493.3185762510848,0.0,0.0,2017.7375057188674,True,False,False,optuna_seeded,48.0,"[""scalar""]",[1.2042404195230632],False,,232,False,5.748890231476648,0.28180903778119526
VH_6_MFA,VH,MFA,VH_6_MFA__hybrid_optuna_056,all6,hybrid_optuna,generic_seed,trial_141,hybrid,1710e98be83bf964,1,True,0.9117945996961366,1,20.771786944438578,0.0015074788452601434,0.005218872146327405,79.87815465845965,0.0031169117899887432,3.1759253334814944e-05,1.7786697766738355e-08,1.9843099950063914e-06,1.3197390486532095,6,0,0.4848242522466171,127.44182808907004,0.28180674765089764,0.7181932523491024,0.16666666666666666,127.44182808907004,0.7181932523491024,0.16666666666666666,717.1839592232113,0.0,0.0,128.3266880080858,True,False,False,optuna_seeded,141.0,"[""scalar""]",[0.9117945996961366],False,,233,False,0.4848242522466171,0.28180674765089764
VH_6_MFA,VH,MFA,VH_6_MFA__hybrid_optuna_132,all6,hybrid_optuna,generic_seed,trial_142,hybrid,1710e98be83bf964,1,True,0.9219982121117096,1,20.399614560511264,0.0007630568038856909,0.0046449101023140205,83.5046827640318,0.0012233729662786959,2.8501570153268965e-05,2.7800655556888198e-08,3.2797392732824916e-06,1.3062665833097125,6,0,0.668146591487314,202.81632252140483,0.28178770963758565,0.7182122903624144,0.16666666666666666,202.81632252140483,0.7182122903624144,0.16666666666666666,782.5425727420222,0.0,0.0,203.7012014784339,True,False,False,optuna_seeded,142.0,"[""scalar""]",[0.9219982121117096],False,,234,False,0.668146591487314,0.28178770963758565
VH_6_MFA,VH,MFA,VH_6_MFA__hybrid_optuna_169,all6,hybrid_optuna,generic_seed,trial_96,hybrid,1710e98be83bf964,1,True,0.938968769894545,1,36.850038524590566,0.0014014922644503551,0.016693719935922426,27.431225808789847,0.044503404512470535,8.622266824913255e-05,1.5981396617542684e-08,8.887433794438834e-07,3.4224944468932423,6,0,0.9735974147427459,170.39628482252365,0.28178664203560744,0.7182133579643927,0.16666666666666666,170.39628482252365,0.7182133579643927,0.16666666666666666,95.18227069279891,0.0,0.0,171.2811648471547,True,False,False,optuna_seeded,96.0,"[""scalar""]",[0.938968769894545],False,,235,False,0.9735974147427459,0.28178664203560744
VH_6_MFA,VH,MFA,VH_6_MFA__hybrid_optuna_114,all6,hybrid_optuna,generic_seed,trial_155,hybrid,1710e98be83bf964,1,True,0.9190453001778861,1,15.12745064004463,0.0008273593272872101,0.0027191826554157964,16.115017931455768,0.001437457920461195,2.0603920665548592e-05,1.1597426207539211e-07,8.06020990507971e-06,0.969879696392057,6,0,0.6149418974664808,186.88514846111184,0.28178480523691835,0.7182151947630816,0.16666666666666666,186.88514846111184,0.7182151947630816,0.16666666666666666,36.61195221896206,0.0,0.0,187.77003032254157,True,False,False,optuna_seeded,155.0,"[""scalar""]",[0.9190453001778861],False,,236,False,0.6149418974664808,0.28178480523691835
VH_6_MFA,VH,MFA,VH_6_MFA__hybrid_optuna_172,all6,hybrid_optuna,generic_seed,trial_95,hybrid,1710e98be83bf964,1,True,0.9405011335764581,1,54.71932096823944,0.0021803911922456056,0.009514914746777008,29.992575889136077,0.08442479019365419,0.0001302923674819069,1.0117386159365207e-08,4.9823390242564916e-06,2.1313311963162094,6,0,1.001058183329527,178.95105155499925,0.2817798766085155,0.7182201233914846,0.16666666666666666,178.95105155499925,0.7182201233914846,0.16666666666666666,109.32433146869407,0.0,0.0,179.8359383450574,True,False,False,optuna_seeded,95.0,"[""scalar""]",[0.9405011335764581],False,,237,False,1.001058183329527,0.2817798766085155
VH_6_MFA,VH,MFA,VH_6_MFA__hybrid_optuna_174,all6,hybrid_optuna,generic_seed,trial_91,hybrid,1710e98be83bf964,1,True,0.9412418512944574,1,15.869377033055954,0.0010794792000370125,0.04600716944711867,19.43925542742384,0.10667818737135751,3.72788134208817e-05,1.7320276395879034e-08,1.47815508246411e-06,2.8466960648863555,6,0,1.0141576273407298,182.93949499043347,0.28176690578002767,0.7182330942199724,0.16666666666666666,182.93949499043347,0.7182330942199724,0.16666666666666666,53.361610225443364,0.0,0.0,183.8243947513201,True,False,False,optuna_seeded,91.0,"[""scalar""]",[0.9412418512944574],False,,238,False,1.0141576273407298,0.28176690578002767
VH_6_MFA,VH,MFA,VH_6_MFA__hybrid_optuna_227,all6,hybrid_optuna,generic_seed,trial_26,hybrid,1710e98be83bf964,1,True,1.2043470668922964,1,15.78526339591429,0.025560620130947034,6.269360753421103e-05,128.46607413348093,0.3170545944283539,3.051173398590008e-07,1.003627779834759e-08,0.023549455354041026,1.1382638573719936,6,0,5.749499804597459,2018.4341998994357,0.28173625558534016,0.7182637444146599,0.16666666666666666,2018.4341998994357,0.7182637444146599,0.16666666666666666,1842.1488797588036,0.0,0.0,2019.319130310517,True,False,False,optuna_seeded,26.0,"[""scalar""]",[1.2043470668922964],False,,239,False,5.749499804597459,0.28173625558534016
VH_6_MFA,VH,MFA,VH_6_MFA__hybrid_optuna_217,all6,hybrid_optuna,generic_seed,trial_60,hybrid,1710e98be83bf964,1,True,1.00012806434177,1,3.0466378475046336,0.009417585782950986,2.993207261305174e-05,89.97217448444992,1.7814509904419984,2.380897868114725e-06,0.0035427880037919835,0.019676664505225722,0.10213974661323373,6,0,2.0735576866428196,473.8293503697609,0.28173625158283105,0.718263748417169,0.16666666666666666,473.8293503697609,0.718263748417169,0.16666666666666666,906.3667429953435,0.0,0.0,474.71428078484473,True,False,False,optuna_seeded,60.0,"[""scalar""]",[1.00012806434177],False,,240,False,2.0735576866428196,0.28173625158283105
VH_6_MFA,VH,MFA,VH_6_MFA__hybrid_optuna_209,all6,hybrid_optuna,generic_seed,trial_27,hybrid,1710e98be83bf964,1,True,0.977233470943053,1,13.417969553775581,0.0005303191043555035,0.0023512999059397393,22.04832160119792,0.016825505219812797,3.5431360668591067e-06,7.394939536323492e-07,0.00028107910950146947,0.33699038799968345,6,0,1.6614491451867945,440.193716155439,0.2817359260117689,0.7182640739882311,0.16666666666666666,440.193716155439,0.7182640739882311,0.16666666666666666,56.80508448263893,0.0,0.0,441.0786468960939,True,False,False,optuna_seeded,27.0,"[""scalar""]",[0.977233470943053],False,,241,False,1.6614491451867945,0.2817359260117689
VH_6_MFA,VH,MFA,VH_6_MFA__hybrid_optuna_182,all6,hybrid_optuna,generic_seed,trial_152,hybrid,1710e98be83bf964,1,True,0.9456262153717236,1,17.096692984346067,0.0010412705158916566,0.0019201784744968323,8.484055992591395,0.010325183698621026,8.791905904220843e-06,7.336651586440219e-08,3.221357464192199e-05,1.3697730810926998,6,0,1.092498503238893,256.12275143286365,0.2817348125859926,0.7182651874140075,0.16666666666666666,256.12275143286365,0.7182651874140075,0.16666666666666666,14.57283575988284,0.0,0.0,257.00768328694437,True,False,False,optuna_seeded,152.0,"[""scalar""]",[0.9456262153717236],False,,242,False,1.092498503238893,0.2817348125859926
VH_6_MFA,VH,MFA,VH_6_MFA__hybrid_optuna_216,all6,hybrid_optuna,generic_seed,trial_284,hybrid,1710e98be83bf964,1,True,0.9996917616097616,1,19.836018541173107,0.0015040903037292453,0.0007896507219964503,12.910943025984896,0.021470968842158704,1.6028593502116903e-07,8.212866714229723e-07,0.0008892173764383085,5.453681650409506,6,0,2.0656337877543627,491.6795151601347,0.2817323377099253,0.7182676622900748,0.16666666666666666,491.6795151601347,0.7182676622900748,0.16666666666666666,25.499474245949017,0.0,0.0,492.5644494890915,True,False,False,optuna_seeded,284.0,"[""scalar""]",[0.9996917616097616],False,,243,False,2.0656337877543627,0.2817323377099253
VH_6_MFA,VH,MFA,VH_6_MFA__hybrid_pre_03,all6,legacy_db_verified_median,verified_seed,hybrid_pre_start_03,hybrid,1710e98be83bf964,3,True,3.067902602767903e+24,3,35.999993519853376,0.008000000723545158,0.010000000172904026,0.20000000762969977,0.03499999846990725,9.040583390092242e-05,1.4629080079078327e-05,0.0017917864123085116,0.17118226840357328,6,0,1.5256925074864933,362.5602594592583,0.2817307872744035,0.7182692127255965,0.16666666666666666,362.5602594592583,0.7182692127255965,0.16666666666666666,1.530390192397227e-14,0.0,0.0,363.4451953386506,True,False,False,scipy_pre,,,,,,244,False,1.5256925074864933,0.2817307872744035
VH_6_MFA,VH,MFA,VH_6_MFA__hybrid_optuna_203,all6,hybrid_optuna,generic_seed,trial_2,hybrid,1710e98be83bf964,1,True,0.9696965742526239,1,35.999993519853376,0.008000000723545158,0.010000000172904026,0.20000000762969977,0.03499999846990725,9.040583390092242e-05,1.4629080079078327e-05,0.0017917864123085116,0.17118226840357328,6,0,1.5256925074864933,362.5602594592583,0.2817307872744035,0.7182692127255965,0.16666666666666666,362.5602594592583,0.7182692127255965,0.16666666666666666,0.05528576522267857,0.0,0.0,363.4451953386506,True,False,False,optuna_seeded,2.0,"[""scalar""]",[0.9696965742526239],False,,245,False,1.5256925074864933,0.2817307872744035
VH_6_MFA,VH,MFA,VH_6_MFA__hybrid_optuna_232,all6,hybrid_optuna,generic_seed,trial_203,hybrid,1710e98be83bf964,1,True,1.3603541408652688,1,23.838170981240353,0.0019370919099278058,0.0006643823706565485,29.19059307742351,0.00873991044711171,5.3699227406580825e-05,1.580926040860169e-07,1.5016118016632475e-07,7.254936622724986,6,0,1.0574930293086353,182.97686371764158,0.2817288052074331,0.718271194792567,0.5833333333333334,182.97686371764158,0.718271194792567,0.5833333333333334,107.93009036221675,0.0,0.0,184.2784682457675,True,False,False,optuna_seeded,203.0,"[""scalar""]",[1.3603541408652688],False,,246,False,1.0574930293086353,0.2817288052074331
VH_6_MFA,VH,MFA,VH_6_MFA__hybrid_optuna_231,all6,hybrid_optuna,generic_seed,trial_72,hybrid,1710e98be83bf964,1,True,1.342563270382434,1,14.565103350950007,0.0016797284619806977,0.37579386303269047,140.68173098132135,0.0011418825403530413,2.749219753811346e-05,2.2644891713364045e-07,4.826876679040821e-05,0.5014238019858582,6,0,0.7372438735582518,149.30519043636534,0.281728055926358,0.718271944073642,0.5833333333333334,149.30519043636534,0.718271944073642,0.5833333333333334,2199.7725039093716,0.0,0.0,150.60679571377233,True,False,False,optuna_seeded,72.0,"[""scalar""]",[1.342563270382434],False,,247,False,0.7372438735582518,0.281728055926358
VH_6_MFA,VH,MFA,VH_6_MFA__hybrid_optuna_234,all6,hybrid_optuna,generic_seed,trial_278,hybrid,1710e98be83bf964,1,True,1.4205791666594245,1,25.245056445901206,0.0010504783107130313,0.0002494117000939474,11.885343765267802,0.051754574307908904,1.6464371248622864e-05,4.989818867058863e-07,0.00043075748720100565,5.899331806125571,6,0,0.6415299452668212,177.02237336402018,0.2817280525220654,0.7182719474779345,0.6666666666666666,177.02237336402018,0.7182719474779345,0.6666666666666666,20.344441861748496,0.0,0.0,178.40731197816478,True,False,False,optuna_seeded,278.0,"[""scalar""]",[1.4205791666594245],False,,248,False,0.6415299452668212,0.2817280525220654
VH_6_MFA,VH,MFA,VH_6_MFA__hybrid_pre_05,all6,legacy_db_verified_median,verified_seed,hybrid_pre_start_05,hybrid,1710e98be83bf964,3,True,6.27375779277733e+25,2,45.18052098140038,0.004441421081800164,0.0076726649195173365,9.644816707793412e-11,0.12655223849040298,4.908933768652594e-05,1.0611386279274877e-05,0.002098969704654003,0.11787045847980976,6,0,0.8934460116483681,280.46065723347516,0.2817280525220654,0.7182719474779345,0.6666666666666666,280.46065723347516,0.7182719474779345,0.6666666666666666,9.752759747668286e-16,0.0,0.0,281.8455958476198,True,False,False,scipy_pre,,,,,,249,False,0.8934460116483681,0.2817280525220654
VH_6_MFA,VH,MFA,VH_6_MFA__hybrid_optuna_235,all6,hybrid_optuna,generic_seed,trial_4,hybrid,1710e98be83bf964,1,True,1.4345745036806217,1,45.18052098140038,0.004441421081800164,0.0076726649195173365,9.644816707793412e-11,0.12655223849040298,4.908933768652594e-05,1.0611386279274877e-05,0.002098969704654003,0.11787045847980976,6,0,0.8934460116483681,280.46065723347516,0.2817280525220654,0.7182719474779345,0.6666666666666666,280.46065723347516,0.7182719474779345,0.6666666666666666,0.29377579832575496,0.0,0.0,281.8455958476198,True,False,False,optuna_seeded,4.0,"[""scalar""]",[1.4345745036806217],False,,250,False,0.8934460116483681,0.2817280525220654
VH_6_MFA,VH,MFA,VH_6_MFA__hybrid_optuna_236,all6,hybrid_optuna,generic_seed,trial_103,hybrid,1710e98be83bf964,1,True,1.4491808700213582,1,21.70397531934237,0.0012183052466158751,0.0056854616421617285,35.915286167469795,0.7256584196024194,5.610476931597126e-05,3.804773304166089e-08,2.3323285348727707e-07,3.8177393566454074,6,0,1.1563606057816247,197.45374824503403,0.2817280525220654,0.7182719474779345,0.6666666666666666,197.45374824503403,0.7182719474779345,0.6666666666666666,156.54175155996037,0.0,0.0,198.83868685917864,True,False,False,optuna_seeded,103.0,"[""scalar""]",[1.4491808700213582],False,,251,False,1.1563606057816247,0.2817280525220654
VH_6_MFA,VH,MFA,VH_6_MFA__hybrid_optuna_237,all6,hybrid_optuna,generic_seed,trial_294,hybrid,1710e98be83bf964,1,True,1.4514026038428955,1,17.49888780716588,0.0007217573688723185,0.0017223386395005078,4.673333291026651,0.02535021852371708,2.6690143619848517e-05,6.534406012935247e-07,2.1859095573430263e-07,6.232581675445585,6,0,1.1963518145692944,223.8042704690205,0.2817280525220654,0.7182719474779345,0.6666666666666666,223.8042704690205,0.7182719474779345,0.6666666666666666,14.453287654203418,0.0,0.0,225.1892090831651,True,False,False,optuna_seeded,294.0,"[""scalar""]",[1.4514026038428955],False,,252,False,1.1963518145692944,0.2817280525220654
VH_6_MFA,VH,MFA,VH_6_MFA__hybrid_optuna_238,all6,hybrid_optuna,generic_seed,trial_215,hybrid,1710e98be83bf964,1,True,1.4575006005458817,1,28.265919572276445,0.002286554892824324,0.004714414740588627,19.043646283951166,0.003015368098868168,7.028097106438226e-05,2.000503290308674e-07,3.361010510619241e-08,8.468318105924157,6,0,1.306115755223048,227.064203016198,0.2817280525220654,0.7182719474779345,0.6666666666666666,227.064203016198,0.7182719474779345,0.6666666666666666,56.86322350527018,0.0,0.0,228.4491416303426,True,False,False,optuna_seeded,215.0,"[""scalar""]",[1.4575006005458817],False,,253,False,1.306115755223048,0.2817280525220654
VH_6_MFA,VH,MFA,VH_6_MFA__hybrid_optuna_223,all6,hybrid_optuna,generic_seed,trial_54,hybrid,1710e98be83bf964,1,True,1.042839302248161,1,1.6391562699557147,0.011186126771429473,0.5462991236247826,142.0243069046702,2.4031951157084555,1.434859960550644e-06,1.111857025299451e-06,0.0015735159346946651,0.1477994085471056,6,0,1.3422123858640764,399.7947380381288,0.2817280525220654,0.7182719474779345,0.25,399.7947380381288,0.7182719474779345,0.25,2241.781884744853,0.0,0.0,400.76300998560674,True,False,False,optuna_seeded,54.0,"[""scalar""]",[1.042839302248161],False,,254,False,1.3422123858640764,0.2817280525220654
VH_6_MFA,VH,MFA,VH_6_MFA__hybrid_optuna_239,all6,hybrid_optuna,generic_seed,trial_105,hybrid,1710e98be83bf964,1,True,1.4602026136335229,1,14.10068623980687,0.003184597646972136,0.0038152604269191884,62.64161806733611,0.12071373047901418,4.129640377242873e-05,2.403948651529347e-08,7.031772302992815e-07,1.5819597053274923,6,0,1.3547519908005856,248.0165202357031,0.2817280525220654,0.7182719474779345,0.6666666666666666,248.0165202357031,0.7182719474779345,0.6666666666666666,445.2877745893677,0.0,0.0,249.4014588498477,True,False,False,optuna_seeded,105.0,"[""scalar""]",[1.4602026136335229],False,,255,False,1.3547519908005856,0.2817280525220654
VH_6_MFA,VH,MFA,VH_6_MFA__hybrid_optuna_240,all6,hybrid_optuna,generic_seed,trial_217,hybrid,1710e98be83bf964,1,True,1.4604562647524983,1,41.661955699916845,0.0019681665379998213,0.003944048854559128,13.656942140411505,0.010644586755002825,0.00010132385089500065,1.4828582257597057e-07,5.828872598118145e-08,9.929114863688152,6,0,1.3593177109421488,232.5458019512494,0.2817280525220654,0.7182719474779345,0.6666666666666666,232.5458019512494,0.7182719474779345,0.6666666666666666,36.229218152552065,0.0,0.0,233.930740565394,True,False,False,optuna_seeded,217.0,"[""scalar""]",[1.4604562647524983],False,,256,False,1.3593177109421488,0.2817280525220654
VH_6_MFA,VH,MFA,VH_6_MFA__hybrid_optuna_241,all6,hybrid_optuna,generic_seed,trial_195,hybrid,1710e98be83bf964,1,True,1.4605811252227832,1,29.188992001651126,0.001791474424697841,0.003261809374143926,27.58229038609713,0.016019349670869806,6.178179735541334e-05,4.6190861207484376e-07,1.1365898565186005e-07,7.376831456121346,6,0,1.3615651994072762,233.93640434586644,0.2817280525220654,0.7182719474779345,0.6666666666666666,233.93640434586644,0.7182719474779345,0.6666666666666666,96.58265381049144,0.0,0.0,235.32134296001104,True,False,False,optuna_seeded,195.0,"[""scalar""]",[1.4605811252227832],False,,257,False,1.3615651994072762,0.2817280525220654
VH_6_MFA,VH,MFA,VH_6_MFA__hybrid_optuna_242,all6,hybrid_optuna,generic_seed,trial_144,hybrid,1710e98be83bf964,1,True,1.4608003467519723,1,24.081130521745383,0.0014542953880044432,0.0036531190846714814,27.261641261124034,0.003255604809238972,7.27674756143053e-05,1.8660160389426085e-08,8.897207643583362e-07,1.1517029267803165,6,0,1.3655111869326804,231.54171662159092,0.2817280525220654,0.7182719474779345,0.6666666666666666,231.54171662159092,0.7182719474779345,0.6666666666666666,94.23799949768133,0.0,0.0,232.92665523573552,True,False,False,optuna_seeded,144.0,"[""scalar""]",[1.4608003467519723],False,,258,False,1.3655111869326804,0.2817280525220654
VH_6_MFA,VH,MFA,VH_6_MFA__hybrid_pre_02,all6,legacy_db_verified_median,verified_seed,hybrid_pre_start_02,hybrid,1710e98be83bf964,3,True,9.449563545357643e+25,2,24.000000315757376,0.011999999880286724,0.01000000013917513,0.19999998651974984,0.07499999842422957,3.8745359778434735e-05,2.194362329485831e-05,0.0010238781934610462,0.209222754340522,6,0,1.3693797367570693,394.1913542418209,0.2817280525220654,0.7182719474779345,0.6666666666666666,394.1913542418209,0.7182719474779345,0.6666666666666666,3.592753017534448e-15,0.0,0.0,395.5762928559655,True,False,False,scipy_pre,,,,,,259,False,1.3693797367570693,0.2817280525220654
VH_6_MFA,VH,MFA,VH_6_MFA__hybrid_optuna_243,all6,hybrid_optuna,generic_seed,trial_1,hybrid,1710e98be83bf964,1,True,1.4610152661866607,1,24.000000315757376,0.011999999880286724,0.01000000013917513,0.19999998651974984,0.07499999842422957,3.8745359778434735e-05,2.194362329485831e-05,0.0010238781934610462,0.209222754340522,6,0,1.3693797367570693,394.1913542418209,0.2817280525220654,0.7182719474779345,0.6666666666666666,394.1913542418209,0.7182719474779345,0.6666666666666666,0.06672191626186066,0.0,0.0,395.5762928559655,True,False,False,optuna_seeded,1.0,"[""scalar""]",[1.4610152661866607],False,,260,False,1.3693797367570693,0.2817280525220654
VH_6_MFA,VH,MFA,VH_6_MFA__hybrid_optuna_244,all6,hybrid_optuna,generic_seed,trial_67,hybrid,1710e98be83bf964,1,True,1.464456258002088,1,6.899273192713978,0.0008015175919968751,0.8517807861316015,145.26389387613796,7.712960988808046,1.6947443173575246e-05,1.0735327721561786e-07,1.5597690039653184e-05,0.29289882103083326,6,0,1.4313175894347563,293.9019159498862,0.2817280525220654,0.7182719474779345,0.6666666666666666,293.9019159498862,0.7182719474779345,0.6666666666666666,2349.4449505942157,0.0,0.0,295.2868545640308,True,False,False,optuna_seeded,67.0,"[""scalar""]",[1.464456258002088],False,,261,False,1.4313175894347563,0.2817280525220654
VH_6_MFA,VH,MFA,VH_6_MFA__hybrid_pre_01,all6,legacy_db_verified_median,verified_seed,hybrid_pre_start_01,hybrid,1710e98be83bf964,3,True,1.7603354285444613e+26,2,29.99999978089864,0.010000000016527148,0.009999999836375709,0.19999999757440629,0.04999999984652067,6.457560167348698e-05,1.8286347185217635e-05,0.0012798478116770018,0.19020250237986883,6,0,1.452430472788542,373.06314845950027,0.2817280525220654,0.7182719474779345,0.6666666666666666,373.06314845950027,0.7182719474779345,0.6666666666666666,2.2270452787107806e-15,0.0,0.0,374.4480870736449,True,False,False,scipy_pre,,,,,,262,False,1.452430472788542,0.2817280525220654
VH_6_MFA,VH,MFA,VH_6_MFA__hybrid_optuna_245,all6,hybrid_optuna,generic_seed,trial_0,hybrid,1710e98be83bf964,1,True,1.4656291959661871,1,29.99999978089864,0.010000000016527148,0.009999999836375709,0.19999999757440629,0.04999999984652067,6.457560167348698e-05,1.8286347185217635e-05,0.0012798478116770018,0.19020250237986883,6,0,1.452430472788542,373.06314845950027,0.2817280525220654,0.7182719474779345,0.6666666666666666,373.06314845950027,0.7182719474779345,0.6666666666666666,2.2270452787107806e-15,0.0,0.0,374.4480870736449,True,False,False,optuna_seeded,0.0,"[""scalar""]",[1.4656291959661871],False,,263,False,1.452430472788542,0.2817280525220654
VH_6_MFA,VH,MFA,VH_6_MFA__hybrid_pre_04,all6,legacy_db_verified_median,verified_seed,hybrid_pre_start_04,hybrid,1710e98be83bf964,3,True,3.219819966337062e+26,2,33.0,0.014999999999999998,0.007999999999999997,0.24,0.05000000000000001,5.1660479601537693e-05,1.4629079729608927e-05,0.0015358173708558006,0.24726325679356811,6,0,1.4585537949734508,425.8975901630486,0.2817280525220654,0.7182719474779345,0.6666666666666666,425.8975901630486,0.7182719474779345,0.6666666666666666,0.0,0.0,0.0,427.28252877719325,True,False,False,scipy_pre,,,,,,264,False,1.4585537949734508,0.2817280525220654
VH_6_MFA,VH,MFA,VH_6_MFA__hybrid_optuna_246,all6,hybrid_optuna,generic_seed,trial_3,hybrid,1710e98be83bf964,1,True,1.465969380532015,1,33.0,0.014999999999999998,0.007999999999999997,0.24,0.05000000000000001,5.1660479601537693e-05,1.4629079729608927e-05,0.0015358173708558006,0.24726325679356811,6,0,1.4585537949734508,425.8975901630486,0.2817280525220654,0.7182719474779345,0.6666666666666666,425.8975901630486,0.7182719474779345,0.6666666666666666,0.04739347500979877,0.0,0.0,427.28252877719325,True,False,False,optuna_seeded,3.0,"[""scalar""]",[1.465969380532015],False,,265,False,1.4585537949734508,0.2817280525220654
VH_6_MFA,VH,MFA,VH_6_MFA__hybrid_optuna_247,all6,hybrid_optuna,generic_seed,trial_51,hybrid,1710e98be83bf964,1,True,1.469047117192832,1,32.77034658693257,0.003052909711911456,0.011960068046915222,139.88961071896495,25.695226454616094,6.912235760394296e-05,5.2579801770249204e-06,0.01545735044370985,0.09238227968370183,6,0,1.5139530548681523,313.55133551992543,0.2817280525220654,0.7182719474779345,0.6666666666666666,313.55133551992543,0.7182719474779345,0.6666666666666666,2173.5427147924693,0.0,0.0,314.93627413407006,True,False,False,optuna_seeded,51.0,"[""scalar""]",[1.469047117192832],False,,266,False,1.5139530548681523,0.2817280525220654
VH_6_MFA,VH,MFA,VH_6_MFA__hybrid_optuna_248,all6,hybrid_optuna,generic_seed,trial_290,hybrid,1710e98be83bf964,1,True,1.4706955855061352,1,20.452869800999796,0.0009045242256301337,0.0013982217970290782,13.723358570337663,0.018438433860517613,1.8261535972209926e-05,2.7171023210248147e-06,1.0639510108927468e-07,6.397023133675322,6,0,1.543625484507608,270.54446788048006,0.2817280525220654,0.7182719474779345,0.6666666666666666,270.54446788048006,0.7182719474779345,0.6666666666666666,33.280518520706124,0.0,0.0,271.9294064946247,True,False,False,optuna_seeded,290.0,"[""scalar""]",[1.4706955855061352],False,,267,False,1.543625484507608,0.2817280525220654
VH_6_MFA,VH,MFA,VH_6_MFA__hybrid_optuna_249,all6,hybrid_optuna,generic_seed,trial_208,hybrid,1710e98be83bf964,1,True,1.4718499441345019,1,45.10013038618368,0.0017894333068635634,0.0033924848796953937,22.20908897171496,0.0039682671928303725,6.425986018478937e-05,7.814167533981838e-07,9.679636993733994e-08,9.590956454482937,6,0,1.5644039398182084,274.26388383161384,0.2817280525220654,0.7182719474779345,0.6666666666666666,274.26388383161384,0.7182719474779345,0.6666666666666666,67.83098730449835,0.0,0.0,275.64882244575847,True,False,False,optuna_seeded,208.0,"[""scalar""]",[1.4718499441345019],False,,268,False,1.5644039398182084,0.2817280525220654
VH_6_MFA,VH,MFA,VH_6_MFA__hybrid_pre_06,all6,legacy_db_verified_median,verified_seed,hybrid_pre_start_06,hybrid,1710e98be83bf964,3,True,1816.4771170167649,11,21.623893945390776,0.018852800919900208,0.011253938128767498,0.0001859051615570782,0.1004417569660328,4.1581093946701005e-05,2.0770556086922047e-05,0.003771540834429963,0.20983611650090037,6,0,1.5738203917604707,436.1252072472566,0.2817280525220654,0.7182719474779345,0.6666666666666666,436.1252072472566,0.7182719474779345,0.6666666666666666,7.407277166079182e-05,0.0,0.0,437.5101458614012,True,False,False,scipy_pre,,,,,,269,False,1.5738203917604707,0.2817280525220654
VH_6_MFA,VH,MFA,VH_6_MFA__hybrid_optuna_250,all6,hybrid_optuna,generic_seed,trial_5,hybrid,1710e98be83bf964,1,True,1.4723730803535164,1,21.623893945390776,0.018852800919900208,0.011253938128767498,0.0001859051615570782,0.1004417569660328,4.1581093946701005e-05,2.0770556086922047e-05,0.003771540834429963,0.20983611650090037,6,0,1.5738203917604707,436.1252072472566,0.2817280525220654,0.7182719474779345,0.6666666666666666,436.1252072472566,0.7182719474779345,0.6666666666666666,0.27081731147467775,0.0,0.0,437.5101458614012,True,False,False,optuna_seeded,5.0,"[""scalar""]",[1.4723730803535164],False,,270,False,1.5738203917604707,0.2817280525220654
VH_6_MFA,VH,MFA,VH_6_MFA__hybrid_optuna_251,all6,hybrid_optuna,generic_seed,trial_78,hybrid,1710e98be83bf964,1,True,1.473398224510364,1,39.11073832235175,0.0008664205754634218,0.201018685616446,149.84067150664285,0.9131063534748551,0.00012336373395380803,1.473164189842171e-07,9.524474988194457e-05,0.6333466854416273,6,0,1.5922729865837268,282.04370016738005,0.2817280525220654,0.7182719474779345,0.6666666666666666,282.04370016738005,0.7182719474779345,0.6666666666666666,2494.1875175919718,0.0,0.0,283.4286387815247,True,False,False,optuna_seeded,78.0,"[""scalar""]",[1.473398224510364],False,,271,False,1.5922729865837268,0.2817280525220654
VH_6_MFA,VH,MFA,VH_6_MFA__hybrid_optuna_252,all6,hybrid_optuna,generic_seed,trial_180,hybrid,1710e98be83bf964,1,True,1.4777854933171,1,16.790435730279054,0.0009843919714388194,0.006747175445575819,15.523271293984745,2.1513323622982843,5.879656095775316e-05,6.282460104080889e-08,4.123692246969449e-08,0.9866656114339747,6,0,1.6712438251049793,288.428948475706,0.2817280525220654,0.7182719474779345,0.6666666666666666,288.428948475706,0.7182719474779345,0.6666666666666666,44.078261350275206,0.0,0.0,289.81388708985065,True,False,False,optuna_seeded,180.0,"[""scalar""]",[1.4777854933171],False,,272,False,1.6712438251049793,0.2817280525220654
VH_6_MFA,VH,MFA,VH_6_MFA__hybrid_optuna_253,all6,hybrid_optuna,generic_seed,trial_116,hybrid,1710e98be83bf964,1,True,1.4796735254188282,1,25.400609454270437,0.0013310396747019289,0.013325010133178626,8.788231312697249,0.1878544991731595,9.32662663661036e-05,1.0497998637452303e-08,3.6096455265117465e-08,3.0045746705235246,6,0,1.7052284029360854,296.492217032054,0.2817280525220654,0.7182719474779345,0.6666666666666666,296.492217032054,0.7182719474779345,0.6666666666666666,28.097591467631457,0.0,0.0,297.8771556461986,True,False,False,optuna_seeded,116.0,"[""scalar""]",[1.4796735254188282],False,,273,False,1.7052284029360854,0.2817280525220654
VH_6_MFA,VH,MFA,VH_6_MFA__hybrid_optuna_254,all6,hybrid_optuna,generic_seed,trial_23,hybrid,1710e98be83bf964,1,True,1.479930069662323,1,2.9363845518441543,0.0027541746121252627,1.0613039126844553e-05,143.60068821250815,8.024256978602383,1.0099938481412064e-05,2.3318098561299556e-06,0.08912073373549148,3.4566182035576603,6,0,1.7098461993189902,301.86970772466736,0.2817280525220654,0.7182719474779345,0.6666666666666666,301.86970772466736,0.7182719474779345,0.6666666666666666,2297.5118437158144,0.0,0.0,303.254646338812,True,False,False,optuna_seeded,23.0,"[""scalar""]",[1.479930069662323],False,,274,False,1.7098461993189902,0.2817280525220654
VH_6_MFA,VH,MFA,VH_6_MFA__hybrid_optuna_255,all6,hybrid_optuna,generic_seed,trial_115,hybrid,1710e98be83bf964,1,True,1.4811700713524822,1,44.02756736695841,0.001766359790736764,0.048210570274269386,14.157747794844816,0.23051235514475255,0.00016429584386614426,1.783095392729785e-08,1.9707684594649245e-08,2.6126578762159665,6,0,1.7321662297418554,303.1580252355177,0.2817280525220654,0.7182719474779345,0.6666666666666666,303.1580252355177,0.7182719474779345,0.6666666666666666,42.3753478613613,0.0,0.0,304.5429638496623,True,False,False,optuna_seeded,115.0,"[""scalar""]",[1.4811700713524822],False,,275,False,1.7321662297418554,0.2817280525220654
VH_6_MFA,VH,MFA,VH_6_MFA__hybrid_pre_08,all6,legacy_db_verified_median,verified_seed,hybrid_pre_start_08,hybrid,1710e98be83bf964,3,True,4.983102778197935e+16,6,59.411077619514394,0.006129495108820626,0.004247585383362918,1e-10,0.02040551993424367,2.0564899654471287e-05,4.582991324240856e-06,0.004784757650000447,0.1567589404269439,6,0,1.7390270551323777,502.18489610596936,0.2817280525220654,0.7182719474779345,0.6666666666666666,502.18489610596936,0.7182719474779345,0.6666666666666666,1.1111111111111112e-21,0.0,0.0,503.569834720114,True,False,False,scipy_pre,,,,,,276,False,1.7390270551323777,0.2817280525220654
VH_6_MFA,VH,MFA,VH_6_MFA__hybrid_optuna_256,all6,hybrid_optuna,generic_seed,trial_7,hybrid,1710e98be83bf964,1,True,1.4815512283186223,1,59.411077619514394,0.006129495108820626,0.004247585383362918,1e-10,0.02040551993424367,2.0564899654471287e-05,4.582991324240856e-06,0.004784757650000447,0.1567589404269439,6,0,1.7390270551323777,502.18489610596936,0.2817280525220654,0.7182719474779345,0.6666666666666666,502.18489610596936,0.7182719474779345,0.6666666666666666,0.8092637674739632,0.0,0.0,503.569834720114,True,False,False,optuna_seeded,7.0,"[""scalar""]",[1.4815512283186223],False,,277,False,1.7390270551323777,0.2817280525220654
VH_6_MFA,VH,MFA,VH_6_MFA__hybrid_optuna_257,all6,hybrid_optuna,generic_seed,trial_199,hybrid,1710e98be83bf964,1,True,1.487868344207492,1,25.391076433814213,0.0023577445687630962,0.0011466678607708596,27.356683251545775,0.004946547291973049,8.419727439813825e-05,2.698871093897705e-07,4.794415576566796e-08,9.031489845260074,6,0,1.852735141132036,330.86163832624123,0.2817280525220654,0.7182719474779345,0.6666666666666666,330.86163832624123,0.7182719474779345,0.6666666666666666,98.47454285344203,0.0,0.0,332.24657694038586,True,False,False,optuna_seeded,199.0,"[""scalar""]",[1.487868344207492],False,,278,False,1.852735141132036,0.2817280525220654
VH_6_MFA,VH,MFA,VH_6_MFA__hybrid_optuna_258,all6,hybrid_optuna,generic_seed,trial_52,hybrid,1710e98be83bf964,1,True,1.4891553811145817,1,7.821020681722203,0.006379143198617793,0.0635612508267471,123.13416068689259,23.30525545126069,2.257041490656951e-05,1.424434257046139e-05,0.06389289799255982,0.05779147373638011,6,0,1.8759018054596464,419.82595659133267,0.2817280525220654,0.7182719474779345,0.6666666666666666,419.82595659133267,0.7182719474779345,0.6666666666666666,1685.9855221444186,0.0,0.0,421.2108952054773,True,False,False,optuna_seeded,52.0,"[""scalar""]",[1.4891553811145817],False,,279,False,1.8759018054596464,0.2817280525220654
VH_6_MFA,VH,MFA,VH_6_MFA__hybrid_optuna_259,all6,hybrid_optuna,generic_seed,trial_177,hybrid,1710e98be83bf964,1,True,1.4926746614199247,1,10.380027576189997,0.0011218218512891042,0.004031484810118264,12.231691993863288,0.0022569668634843756,4.3431824800859235e-05,1.6140933205989652e-08,2.314986206163018e-06,0.8649561676436952,6,0,1.9392488509558181,346.2640133679685,0.2817280525220654,0.7182719474779345,0.6666666666666666,346.2640133679685,0.7182719474779345,0.6666666666666666,28.098345483238916,0.0,0.0,347.64895198211315,True,False,False,optuna_seeded,177.0,"[""scalar""]",[1.4926746614199247],False,,280,False,1.9392488509558181,0.2817280525220654
VH_6_MFA,VH,MFA,VH_6_MFA__hybrid_optuna_260,all6,hybrid_optuna,generic_seed,trial_150,hybrid,1710e98be83bf964,1,True,1.497429794312018,1,10.300845986149316,0.0023292339763591697,0.00046196237761613054,99.99682850308383,0.0027468485937848894,4.597862268045454e-05,5.1874829861087965e-08,3.4861318553161885e-06,0.8745730459832051,6,0,2.0248412430135017,367.66434056508973,0.2817280525220654,0.7182719474779345,0.6666666666666666,367.66434056508973,0.7182719474779345,0.6666666666666666,1116.9184367714756,0.0,0.0,369.04927917923436,True,False,False,optuna_seeded,150.0,"[""scalar""]",[1.497429794312018],False,,281,False,2.0248412430135017,0.2817280525220654
VH_6_MFA,VH,MFA,VH_6_MFA__hybrid_optuna_229,all6,hybrid_optuna,generic_seed,trial_70,hybrid,1710e98be83bf964,1,True,1.250295931703354,1,4.893428199211325,0.000530572551647351,2.8442135727353794,147.7589937284781,0.4154205982832026,4.727971017326366e-06,1.7073290029514132e-08,3.723445128067019e-06,1.746709577798694,6,0,2.0764317160575456,604.2024651617485,0.2817280525220654,0.7182719474779345,0.4166666666666667,604.2024651617485,0.7182719474779345,0.4166666666666667,2435.167008529739,0.0,0.0,605.337403775893,True,False,False,optuna_seeded,70.0,"[""scalar""]",[1.250295931703354],False,,282,False,2.0764317160575456,0.2817280525220654
VH_6_MFA,VH,MFA,VH_6_MFA__hybrid_optuna_261,all6,hybrid_optuna,generic_seed,trial_124,hybrid,1710e98be83bf964,1,True,1.5028937538960192,1,12.968197389307816,0.0011320486338294278,0.10713625923680475,34.63490011841861,0.013393275686854177,5.979073184164974e-05,2.0684840751372366e-08,8.100004294274459e-08,2.590371682851172,6,0,2.1231925155255222,391.33019456044286,0.2817280525220654,0.7182719474779345,0.6666666666666666,391.33019456044286,0.7182719474779345,0.6666666666666666,149.4325338805917,0.0,0.0,392.7151331745875,True,False,False,optuna_seeded,124.0,"[""scalar""]",[1.5028937538960192],False,,283,False,2.1231925155255222,0.2817280525220654
VH_6_MFA,VH,MFA,VH_6_MFA__hybrid_optuna_230,all6,hybrid_optuna,generic_seed,trial_107,hybrid,1710e98be83bf964,1,True,1.2536169596005629,1,116.52063740147992,0.0020946553887005734,0.019698315600986664,47.487875668178795,1.2983209176360604,2.697168920285103e-08,9.110631641394933e-08,6.167944487431098e-06,3.1622068053440158,6,0,2.1362102182073053,518.053994633436,0.2817280525220654,0.7182719474779345,0.4166666666666667,518.053994633436,0.7182719474779345,0.4166666666666667,264.0566790502998,0.0,0.0,519.1889332475805,True,False,False,optuna_seeded,107.0,"[""scalar""]",[1.2536169596005629],False,,284,False,2.1362102182073053,0.2817280525220654
VH_6_MFA,VH,MFA,VH_6_MFA__hybrid_optuna_262,all6,hybrid_optuna,generic_seed,trial_61,hybrid,1710e98be83bf964,1,True,1.505543016478836,1,5.483201900117156,0.00256778946227672,1.71591239547966e-05,139.3082559282815,7.785288151415478,2.6680370240575816e-05,1.967036024389301e-08,0.09921483502576933,0.0743634415331793,6,0,2.1708792420162255,403.10748819595847,0.2817280525220654,0.7182719474779345,0.6666666666666666,403.10748819595847,0.7182719474779345,0.6666666666666666,2165.4643877930134,0.0,0.0,404.4924268101031,True,False,False,optuna_seeded,61.0,"[""scalar""]",[1.505543016478836],False,,285,False,2.1708792420162255,0.2817280525220654
VH_6_MFA,VH,MFA,VH_6_MFA__hybrid_optuna_263,all6,hybrid_optuna,generic_seed,trial_33,hybrid,1710e98be83bf964,1,True,1.50615353532018,1,96.44289204841607,0.009547299512287763,0.02602778051833681,136.15822165768003,5.304322734765357,2.218446393192023e-05,6.237076050068558e-05,0.02516412387146437,3.93781045995399,6,0,2.181868581160415,512.4285905392526,0.2817280525220654,0.7182719474779345,0.6666666666666666,512.4285905392526,0.7182719474779345,0.6666666666666666,2058.819587704328,0.0,0.0,513.8135291533971,True,False,False,optuna_seeded,33.0,"[""scalar""]",[1.50615353532018],False,,286,False,2.181868581160415,0.2817280525220654
VH_6_MFA,VH,MFA,VH_6_MFA__hybrid_optuna_264,all6,hybrid_optuna,generic_seed,trial_68,hybrid,1710e98be83bf964,1,True,1.5068683740405024,1,8.844640352627307,0.0011273814385427093,0.17150921127663946,135.87777074024024,0.033632849136261474,4.231664370164604e-05,4.821165548399406e-08,8.794417319928506e-06,0.18948640618451554,6,0,2.1947356781262184,410.92819888740854,0.2817280525220654,0.7182719474779345,0.6666666666666666,410.92819888740854,0.7182719474779345,0.6666666666666666,2053.688246211034,0.0,0.0,412.3131375015532,True,False,False,optuna_seeded,68.0,"[""scalar""]",[1.5068683740405024],False,,287,False,2.1947356781262184,0.2817280525220654
VH_6_MFA,VH,MFA,VH_6_MFA__hybrid_optuna_265,all6,hybrid_optuna,generic_seed,trial_11,hybrid,1710e98be83bf964,1,True,1.5086658798835353,1,5.954804796035956,0.09146256489754011,0.5689196370496582,39.54769661970162,34.85520780911878,1.199666122063665e-08,4.836884594077431e-07,1.201280511975784e-05,0.6872233558285807,6,0,2.2270907833008113,755.4471132956847,0.2817280525220654,0.7182719474779345,0.6666666666666666,755.4471132956847,0.7182719474779345,0.6666666666666666,191.710311954833,0.0,0.0,756.8320519098293,True,False,False,optuna_seeded,11.0,"[""scalar""]",[1.5086658798835353],False,,288,False,2.2270907833008113,0.2817280525220654
VH_6_MFA,VH,MFA,VH_6_MFA__hybrid_optuna_290,all6,hybrid_optuna,generic_seed,trial_77,hybrid,1710e98be83bf964,1,True,1.6782128067312636,1,25.07768570533104,0.00020444379850167397,0.04350067264103002,149.31984394540788,2.5127809831875103,4.6394639745567634e-05,2.982923509154425e-08,6.000177234230482e-05,1.3540018298618766,6,0,2.2789354665599197,687.7057452016276,0.2817280525220654,0.7182719474779345,0.8333333333333334,687.7057452016276,0.7182719474779345,0.8333333333333334,2480.4355418929435,0.0,0.0,689.2573504824388,True,False,False,optuna_seeded,77.0,"[""scalar""]",[1.6782128067312636],False,,289,False,2.2789354665599197,0.2817280525220654
VH_6_MFA,VH,MFA,VH_6_MFA__hybrid_optuna_266,all6,hybrid_optuna,generic_seed,trial_93,hybrid,1710e98be83bf964,1,True,1.513088661885236,1,21.907706216496724,0.00039306330769198097,0.025453609046054565,5.359791866809768,0.2855109097921962,1.0133341980049423e-08,2.2520759025695158e-08,5.009142646374923e-07,2.679682858686424,6,0,2.3067008593314244,647.0486056665574,0.2817280525220654,0.7182719474779345,0.6666666666666666,647.0486056665574,0.7182719474779345,0.6666666666666666,25.69731365777056,0.0,0.0,648.4335442807019,True,False,False,optuna_seeded,93.0,"[""scalar""]",[1.513088661885236],False,,290,False,2.3067008593314244,0.2817280525220654
VH_6_MFA,VH,MFA,VH_6_MFA__hybrid_optuna_267,all6,hybrid_optuna,generic_seed,trial_99,hybrid,1710e98be83bf964,1,True,1.5187568033595555,1,44.73760769837262,0.0021575563314359812,0.004570719599325345,40.39904763924518,0.4661823275066158,0.00024328947036010177,3.321501564477385e-08,2.428274842537047e-07,4.349135071441516,6,0,2.4087274058691777,466.0146605591952,0.2817280525220654,0.7182719474779345,0.6666666666666666,466.0146605591952,0.7182719474779345,0.6666666666666666,194.32190337132357,0.0,0.0,467.3995991733398,True,False,False,optuna_seeded,99.0,"[""scalar""]",[1.5187568033595555],False,,291,False,2.4087274058691777,0.2817280525220654
VH_6_MFA,VH,MFA,VH_6_MFA__hybrid_optuna_268,all6,hybrid_optuna,generic_seed,trial_82,hybrid,1710e98be83bf964,1,True,1.5223438163788803,1,13.09518716263593,0.0006422126707379383,0.019910393901071875,51.05774313476294,18.12571630547808,6.982933734789696e-05,4.79519190563921e-08,0.00031543357718529256,1.4169673067836934,6,0,2.473293640217022,496.8905540298185,0.2817280525220654,0.7182719474779345,0.6666666666666666,496.8905540298185,0.7182719474779345,0.6666666666666666,296.8072389479174,0.0,0.0,498.2754926439631,True,False,False,optuna_seeded,82.0,"[""scalar""]",[1.5223438163788803],False,,292,False,2.473293640217022,0.2817280525220654
VH_6_MFA,VH,MFA,VH_6_MFA__hybrid_optuna_270,all6,hybrid_optuna,generic_seed,trial_106,hybrid,1710e98be83bf964,1,True,1.5264280871082325,1,29.278723068425034,0.001038387393679147,0.003146257200095602,36.41359891303568,0.07183860631150855,0.00017151290780681656,1.3128283716091827e-08,3.5858742428377463e-07,4.430036662520649,6,0,2.546810513345362,501.6413161456846,0.2817280525220654,0.7182719474779345,0.6666666666666666,501.6413161456846,0.7182719474779345,0.6666666666666666,160.9119025556522,0.0,0.0,503.0262547598292,True,False,False,optuna_seeded,106.0,"[""scalar""]",[1.5264280871082325],False,,293,False,2.546810513345362,0.2817280525220654
VH_6_MFA,VH,MFA,VH_6_MFA__hybrid_optuna_271,all6,hybrid_optuna,generic_seed,trial_104,hybrid,1710e98be83bf964,1,True,1.5270982524717551,1,16.049641662890796,0.0015597429758527947,0.011945967859254766,45.1047014570769,0.3742223370954374,9.689872447563201e-05,2.854438772544729e-08,1.748739852341245e-06,2.410953989556353,6,0,2.5588734898887706,506.77223222243714,0.2817280525220654,0.7182719474779345,0.6666666666666666,506.77223222243714,0.7182719474779345,0.6666666666666666,235.13765478009424,0.0,0.0,508.15717083658177,True,False,False,optuna_seeded,104.0,"[""scalar""]",[1.5270982524717551],False,,294,False,2.5588734898887706,0.2817280525220654
VH_6_MFA,VH,MFA,VH_6_MFA__hybrid_optuna_272,all6,hybrid_optuna,generic_seed,trial_92,hybrid,1710e98be83bf964,1,True,1.5287975359563615,1,11.793321051973672,0.001808185708563445,0.03788674321383232,32.64538215948078,0.060177796278916916,7.279641326369181e-05,3.134428345697928e-08,6.7783854549634205e-06,1.5530908653771633,6,0,2.5894605926116836,515.889833192713,0.2817280525220654,0.7182719474779345,0.6666666666666666,515.889833192713,0.7182719474779345,0.6666666666666666,125.6400315752553,0.0,0.0,517.2747718068575,True,False,False,optuna_seeded,92.0,"[""scalar""]",[1.5287975359563615],False,,295,False,2.5894605926116836,0.2817280525220654
VH_6_MFA,VH,MFA,VH_6_MFA__hybrid_optuna_273,all6,hybrid_optuna,generic_seed,trial_292,hybrid,1710e98be83bf964,1,True,1.5292620213021957,1,28.944149532897857,0.001018721642591891,0.0005594751408696711,3.3946036405474773,0.009501346108302377,2.5600061755313983e-05,6.340141493881102e-06,8.074255382618992e-08,4.59179144926353,6,0,2.5978213288366985,533.4854186468978,0.2817280525220654,0.7182719474779345,0.6666666666666666,533.4854186468978,0.7182719474779345,0.6666666666666666,14.68203602820652,0.0,0.0,534.8703572610423,True,False,False,optuna_seeded,292.0,"[""scalar""]",[1.5292620213021957],False,,296,False,2.5978213288366985,0.2817280525220654
VH_6_MFA,VH,MFA,VH_6_MFA__hybrid_optuna_275,all6,hybrid_optuna,generic_seed,trial_17,hybrid,1710e98be83bf964,1,True,1.541172106524964,1,170.22176576345785,0.07617281886674977,0.13153577800253408,149.64052167782938,6.9828918396264275,6.426541107810085e-08,1.48967261191381e-06,6.633074929275047e-07,7.644501376378685,6,0,2.812202862846529,939.3729367145953,0.2817280525220654,0.7182719474779345,0.6666666666666666,939.3729367145953,0.7182719474779345,0.6666666666666666,2499.5094068106414,0.0,0.0,940.7578753287398,True,False,False,optuna_seeded,17.0,"[""scalar""]",[1.541172106524964],False,,297,False,2.812202862846529,0.2817280525220654
VH_6_MFA,VH,MFA,VH_6_MFA__hybrid_optuna_297,all6,hybrid_optuna,generic_seed,trial_10,hybrid,1710e98be83bf964,1,True,1.713625145257614,1,394.1944799511767,0.0003320258070519293,11.156918462586772,93.6125290758548,0.001887735647734102,0.00594450388093979,0.0010679937101958975,4.075173392676908e-07,0.054992165131679656,6,0,2.9163575600342284,808.8157904640906,0.2817280525220654,0.7182719474779345,0.8333333333333334,808.8157904640906,0.7182719474779345,0.8333333333333334,989.7200192467574,0.0,0.0,810.3673957449018,True,False,False,optuna_seeded,10.0,"[""scalar""]",[1.713625145257614],False,,298,False,2.9163575600342284,0.2817280525220654
VH_6_MFA,VH,MFA,VH_6_MFA__hybrid_optuna_276,all6,hybrid_optuna,generic_seed,trial_109,hybrid,1710e98be83bf964,1,True,1.5494052876444262,1,67.66650568893705,0.0025769213653538095,0.11836085054449014,31.047942044638575,0.782887131164241,0.0004819529034970838,5.736869588441786e-08,2.663382153503399e-06,6.77497889528572,6,0,2.960400122996846,633.3388976388943,0.2817280525220654,0.7182719474779345,0.6666666666666666,633.3388976388943,0.7182719474779345,0.6666666666666666,117.32598306807182,0.0,0.0,634.7238362530388,True,False,False,optuna_seeded,109.0,"[""scalar""]",[1.5494052876444262],False,,299,False,2.960400122996846,0.2817280525220654
VH_6_MFA,VH,MFA,VH_6_MFA__hybrid_optuna_279,all6,hybrid_optuna,generic_seed,trial_169,hybrid,1710e98be83bf964,1,True,1.5562438230328923,1,20.086382288499234,0.0016137958061412593,0.0008747584471607205,20.396746585185518,0.003094953078375412,4.3437089432439045e-05,2.5305124031533094e-05,1.0806319230483573e-05,1.0774120536750023,6,0,3.0834937599892362,678.0336501392238,0.2817280525220654,0.7182719474779345,0.6666666666666666,678.0336501392238,0.7182719474779345,0.6666666666666666,50.12647282810209,0.0,0.0,679.4185887533683,True,False,False,optuna_seeded,169.0,"[""scalar""]",[1.5562438230328923],False,,300,False,3.0834937599892362,0.2817280525220654
VH_6_MFA,VH,MFA,VH_6_MFA__hybrid_optuna_298,all6,hybrid_optuna,generic_seed,trial_69,hybrid,1710e98be83bf964,1,True,1.7338556714564806,1,9.551014097362348,0.00019532449842964283,7.847731130459904,69.72858934181913,16.56676663163125,1.1497317487426877e-05,8.583598034390376e-08,2.7114086036404856e-06,0.8478705307374524,6,0,3.280507031613825,1100.4356695514766,0.2817280525220654,0.7182719474779345,0.8333333333333334,1100.4356695514766,0.7182719474779345,0.8333333333333334,555.6660608929548,0.0,0.0,1101.9872748322878,True,False,False,optuna_seeded,69.0,"[""scalar""]",[1.7338556714564806],False,,301,False,3.280507031613825,0.2817280525220654
VH_6_MFA,VH,MFA,VH_6_MFA__hybrid_optuna_280,all6,hybrid_optuna,generic_seed,trial_35,hybrid,1710e98be83bf964,1,True,1.5803532785833392,1,94.28255778708748,0.0044180919172813315,0.334278724635823,103.0392747345729,4.774236702838843,0.001046695057709732,7.012621961729817e-08,0.007004593280116888,1.0063175412010865,6,0,3.5174639598972846,843.6437559098063,0.2817280525220654,0.7182719474779345,0.6666666666666666,843.6437559098063,0.7182719474779345,0.6666666666666666,1183.9303242254339,0.0,0.0,845.0286945239508,True,False,False,optuna_seeded,35.0,"[""scalar""]",[1.5803532785833392],False,,302,False,3.5174639598972846,0.2817280525220654
VH_6_MFA,VH,MFA,VH_6_MFA__hybrid_optuna_282,all6,hybrid_optuna,generic_seed,trial_62,hybrid,1710e98be83bf964,1,True,1.5906566083183873,1,4.221658532764327,0.003416098032269866,7.453747002016726e-05,131.61188321227743,37.02698696865206,5.372354524885878e-05,5.287379440877935e-07,0.049229062704458704,0.05189599771462842,6,0,3.7029238951281456,915.0761925555194,0.2817280525220654,0.7182719474779345,0.6666666666666666,915.0761925555194,0.7182719474779345,0.6666666666666666,1929.9263816473972,0.0,0.0,916.4611311696639,True,False,False,optuna_seeded,62.0,"[""scalar""]",[1.5906566083183873],False,,303,False,3.7029238951281456,0.2817280525220654
VH_6_MFA,VH,MFA,VH_6_MFA__hybrid_optuna_283,all6,hybrid_optuna,generic_seed,trial_90,hybrid,1710e98be83bf964,1,True,1.6033616906978079,1,19.522107649536338,0.0013073775296860166,0.014445955698477574,22.4291400124175,0.18467024049084127,0.0002875035837005686,1.1621669311645494e-08,1.2333069072588565e-06,2.0442245395366796,6,0,3.931615377957717,1008.5220993156944,0.2817280525220654,0.7182719474779345,0.6666666666666666,1008.5220993156944,0.7182719474779345,0.6666666666666666,67.84283802779589,0.0,0.0,1009.9070379298389,True,False,False,optuna_seeded,90.0,"[""scalar""]",[1.6033616906978079],False,,304,False,3.931615377957717,0.2817280525220654
VH_6_MFA,VH,MFA,VH_6_MFA__hybrid_optuna_284,all6,hybrid_optuna,generic_seed,trial_47,hybrid,1710e98be83bf964,1,True,1.6034966205508145,1,2.441134077331822,0.013044170036635905,0.000141954279219563,148.82250204034085,5.547055941901011,3.542277084110315e-05,7.202176149454265e-07,0.005480408650282801,0.1957947545724808,6,0,3.934044115311837,1011.4209489407773,0.2817280525220654,0.7182719474779345,0.6666666666666666,1011.4209489407773,0.7182719474779345,0.6666666666666666,2460.9142958440816,0.0,0.0,1012.8058875549218,True,False,False,optuna_seeded,47.0,"[""scalar""]",[1.6034966205508145],False,,305,False,3.934044115311837,0.2817280525220654
VH_6_MFA,VH,MFA,VH_6_MFA__hybrid_optuna_287,all6,hybrid_optuna,generic_seed,trial_125,hybrid,1710e98be83bf964,1,True,1.6571903453300134,1,0.5676562983212678,0.001902141179725948,0.04873075658904586,17.67156481401011,0.0067073820350411545,2.1944906060585502e-05,3.701021036022315e-08,5.436033664452618e-08,1.8974439287043807,6,0,4.900531161337418,1472.180572836486,0.2817280525220654,0.7182719474779345,0.6666666666666666,1472.180572836486,0.7182719474779345,0.6666666666666666,52.951121759465266,0.0,0.0,1473.5655114506305,True,False,False,optuna_seeded,125.0,"[""scalar""]",[1.6571903453300134],False,,306,False,4.900531161337418,0.2817280525220654
VH_6_MFA,VH,MFA,VH_6_MFA__hybrid_optuna_288,all6,hybrid_optuna,generic_seed,trial_55,hybrid,1710e98be83bf964,1,True,1.664605629353243,1,3.7351396334062086,0.0019184100165110286,1.466738317016144e-05,149.68417593370913,6.5581383978520496,0.0001843813132605252,2.1448563498587756e-07,0.02378855350796487,0.06461868649947289,6,0,5.03400627375555,1547.591536036377,0.2817280525220654,0.7182719474779345,0.6666666666666666,1547.591536036377,0.7182719474779345,0.6666666666666666,2494.3897909563148,0.0,0.0,1548.9764746505216,True,False,False,optuna_seeded,55.0,"[""scalar""]",[1.664605629353243],False,,307,False,5.03400627375555,0.2817280525220654
VH_6_MFA,VH,MFA,VH_6_MFA__hybrid_optuna_289,all6,hybrid_optuna,generic_seed,trial_187,hybrid,1710e98be83bf964,1,True,1.6668998208289034,1,0.8354861449462958,0.0009313788039679124,0.0012314144563216878,38.07788033789798,0.0060323220702299864,4.183324630617888e-05,2.621402042655651e-08,3.487655936558693e-07,1.2498875037679913,6,0,5.075301720317442,1567.0119868107752,0.2817280525220654,0.7182719474779345,0.6666666666666666,1567.0119868107752,0.7182719474779345,0.6666666666666666,175.11376152679105,0.0,0.0,1568.3969254249198,True,False,False,optuna_seeded,187.0,"[""scalar""]",[1.6668998208289034],False,,308,False,5.075301720317442,0.2817280525220654
VH_6_MFA,VH,MFA,VH_6_MFA__hybrid_optuna_291,all6,hybrid_optuna,generic_seed,trial_140,hybrid,1710e98be83bf964,1,True,1.6842059599542716,1,23.750387653344756,0.0010326829539160159,0.0006759979694707207,19.6137660848364,0.0024764846245321354,0.0024175383362756426,5.6659312418524655e-08,6.849943245103881e-07,1.5086027582764554,6,0,5.386812224574065,1741.694641005465,0.2817280525220654,0.7182719474779345,0.6666666666666666,1741.694641005465,0.7182719474779345,0.6666666666666666,56.21346255632903,0.0,0.0,1743.0795796196096,True,False,False,optuna_seeded,140.0,"[""scalar""]",[1.6842059599542716],False,,309,False,5.386812224574065,0.2817280525220654
VH_6_MFA,VH,MFA,VH_6_MFA__hybrid_optuna_292,all6,hybrid_optuna,generic_seed,trial_8,hybrid,1710e98be83bf964,1,True,1.693890154093625,1,1.4690139693517672,4.207053950287933e-05,2.3226650368137e-05,129.92642186624028,0.6677615511747083,1.7670169402947916e-06,0.005061576888752304,0.0013303245101522893,1.192617378922354,6,0,5.5611277190824255,1852.5173901502494,0.2817280525220654,0.7182719474779345,0.6666666666666666,1852.5173901502494,0.7182719474779345,0.6666666666666666,1884.3801552705886,0.0,0.0,1853.902328764394,True,False,False,optuna_seeded,8.0,"[""scalar""]",[1.693890154093625],False,,310,False,5.5611277190824255,0.2817280525220654
VH_6_MFA,VH,MFA,VH_6_MFA__hybrid_optuna_293,all6,hybrid_optuna,generic_seed,trial_9,hybrid,1710e98be83bf964,1,True,1.6939207599627917,1,2.167640897475782,5.3370327626039544e-05,0.00014309923693515131,45.63633644393066,0.2922905212920093,0.00017718847354806813,1.328944872286916e-08,0.06156997328235192,4.115716865497774,6,0,5.561678624727425,1846.0434967560413,0.2817280525220654,0.7182719474779345,0.6666666666666666,1846.0434967560413,0.7182719474779345,0.6666666666666666,244.1784925042457,0.0,0.0,1847.428435370186,True,False,False,optuna_seeded,9.0,"[""scalar""]",[1.6939207599627917],False,,311,False,5.561678624727425,0.2817280525220654
VH_6_MFA,VH,MFA,VH_6_MFA__hybrid_optuna_294,all6,hybrid_optuna,generic_seed,trial_28,hybrid,1710e98be83bf964,1,True,1.70217326928478,1,2.137082854850786,0.00011451669331499501,1.142521427942762,60.03716793439128,30.35562489670818,0.008151668036569623,1.9234000098279831e-07,1.0247710678520454e-07,2.2154677870024466,6,0,5.71022379252322,1932.4365959219479,0.2817280525220654,0.7182719474779345,0.6666666666666666,1932.4365959219479,0.7182719474779345,0.6666666666666666,423.3468229997021,0.0,0.0,1933.8215345360925,True,False,False,optuna_seeded,28.0,"[""scalar""]",[1.70217326928478],False,,312,False,5.71022379252322,0.2817280525220654
VH_6_MFA,VH,MFA,VH_6_MFA__hybrid_optuna_295,all6,hybrid_optuna,generic_seed,trial_24,hybrid,1710e98be83bf964,1,True,1.702283972459366,1,1.0059797913453437,1.338093994016873e-05,3.682598279080389,137.04298370316795,1.105051714519992,0.00032423741680233126,5.2642604496103184e-08,0.01293985686784033,5.514130006112507,6,0,5.7122164496657675,1920.0416764059785,0.2817280525220654,0.7182719474779345,0.6666666666666666,1920.0416764059785,0.7182719474779345,0.6666666666666666,2097.7027414586755,0.0,0.0,1921.426615020123,True,False,False,optuna_seeded,24.0,"[""scalar""]",[1.702283972459366],False,,313,False,5.7122164496657675,0.2817280525220654
