perturbation_context,baseline_candidate_id,category_id,perturbed_parameter_1,factor_1,perturbed_parameter_2,factor_2,perturbed_sigmoid_state_at_sim_end_10_90,sigmoid_state_change,sigmoid_phase_transition,Ko_efficiency_score,delta_Ko_efficiency_score,direction_Ko_efficiency_score
MFA_like_from_control_legacy,CONTROL_50nA.db::trial_2067,CONTROL|50|closed_low|closed_low|fully_closed_at_sim_end|closed_low,P_gap_eff,0.75,gamma_s_eff,0.75,closed_low,unchanged_closed,False,1.6996783515137261,1.019377220130477,increase
MFA_like_from_control_legacy,CONTROL_50nA.db::trial_2067,CONTROL|50|closed_low|closed_low|fully_closed_at_sim_end|closed_low,P_gap_eff,0.75,gamma_s_eff,1.0,closed_low,unchanged_closed,False,1.6996783515137261,1.019377220130477,increase
MFA_like_from_control_legacy,CONTROL_50nA.db::trial_2067,CONTROL|50|closed_low|closed_low|fully_closed_at_sim_end|closed_low,P_gap_eff,0.75,gamma_s_eff,1.25,closed_low,unchanged_closed,False,1.6996783515137261,1.019377220130477,increase
MFA_like_from_control_legacy,CONTROL_50nA.db::trial_2067,CONTROL|50|closed_low|closed_low|fully_closed_at_sim_end|closed_low,P_gap_eff,1.0,gamma_s_eff,0.75,closed_low,unchanged_closed,False,1.1564526712660477,0.47615153988279857,increase
MFA_like_from_control_legacy,CONTROL_50nA.db::trial_2067,CONTROL|50|closed_low|closed_low|fully_closed_at_sim_end|closed_low,P_gap_eff,1.0,gamma_s_eff,1.0,closed_low,unchanged_closed,False,1.1564526712660477,0.47615153988279857,increase
MFA_like_from_control_legacy,CONTROL_50nA.db::trial_2067,CONTROL|50|closed_low|closed_low|fully_closed_at_sim_end|closed_low,P_gap_eff,1.0,gamma_s_eff,1.25,closed_low,unchanged_closed,False,1.1564526712660477,0.47615153988279857,increase
MFA_like_from_control_legacy,CONTROL_50nA.db::trial_2067,CONTROL|50|closed_low|closed_low|fully_closed_at_sim_end|closed_low,P_gap_eff,1.25,gamma_s_eff,0.75,closed_low,unchanged_closed,False,0.6122691734733086,-0.06803195790994054,decrease
MFA_like_from_control_legacy,CONTROL_50nA.db::trial_2067,CONTROL|50|closed_low|closed_low|fully_closed_at_sim_end|closed_low,P_gap_eff,1.25,gamma_s_eff,1.0,closed_low,unchanged_closed,False,0.6122691734733086,-0.06803195790994054,decrease
MFA_like_from_control_legacy,CONTROL_50nA.db::trial_2067,CONTROL|50|closed_low|closed_low|fully_closed_at_sim_end|closed_low,P_gap_eff,1.25,gamma_s_eff,1.25,closed_low,unchanged_closed,False,0.6122691734733086,-0.06803195790994054,decrease
MFA_like_from_control_legacy,CONTROL_50nA.db::trial_2067,CONTROL|50|closed_low|closed_low|fully_closed_at_sim_end|closed_low,P_gap_eff,0.75,zth,0.75,closed_low,unchanged_closed,False,1.6996783515137261,1.019377220130477,increase
MFA_like_from_control_legacy,CONTROL_50nA.db::trial_2067,CONTROL|50|closed_low|closed_low|fully_closed_at_sim_end|closed_low,P_gap_eff,0.75,zth,1.0,closed_low,unchanged_closed,False,1.6996783515137261,1.019377220130477,increase
MFA_like_from_control_legacy,CONTROL_50nA.db::trial_2067,CONTROL|50|closed_low|closed_low|fully_closed_at_sim_end|closed_low,P_gap_eff,0.75,zth,1.25,closed_low,unchanged_closed,False,1.6996783515137261,1.019377220130477,increase
MFA_like_from_control_legacy,CONTROL_50nA.db::trial_2067,CONTROL|50|closed_low|closed_low|fully_closed_at_sim_end|closed_low,P_gap_eff,1.0,zth,0.75,closed_low,unchanged_closed,False,1.1564526712660477,0.47615153988279857,increase
MFA_like_from_control_legacy,CONTROL_50nA.db::trial_2067,CONTROL|50|closed_low|closed_low|fully_closed_at_sim_end|closed_low,P_gap_eff,1.0,zth,1.0,closed_low,unchanged_closed,False,1.1564526712660477,0.47615153988279857,increase
MFA_like_from_control_legacy,CONTROL_50nA.db::trial_2067,CONTROL|50|closed_low|closed_low|fully_closed_at_sim_end|closed_low,P_gap_eff,1.0,zth,1.25,closed_low,unchanged_closed,False,1.1564526712660477,0.47615153988279857,increase
MFA_like_from_control_legacy,CONTROL_50nA.db::trial_2067,CONTROL|50|closed_low|closed_low|fully_closed_at_sim_end|closed_low,P_gap_eff,1.25,zth,0.75,closed_low,unchanged_closed,False,0.6122691734733086,-0.06803195790994054,decrease
MFA_like_from_control_legacy,CONTROL_50nA.db::trial_2067,CONTROL|50|closed_low|closed_low|fully_closed_at_sim_end|closed_low,P_gap_eff,1.25,zth,1.0,closed_low,unchanged_closed,False,0.6122691734733086,-0.06803195790994054,decrease
MFA_like_from_control_legacy,CONTROL_50nA.db::trial_2067,CONTROL|50|closed_low|closed_low|fully_closed_at_sim_end|closed_low,P_gap_eff,1.25,zth,1.25,closed_low,unchanged_closed,False,0.6122691734733086,-0.06803195790994054,decrease
MFA_like_from_control_legacy,CONTROL_50nA.db::trial_2067,CONTROL|50|closed_low|closed_low|fully_closed_at_sim_end|closed_low,gamma_s_eff,0.75,zth,0.75,closed_low,unchanged_closed,False,1.1564526712660477,0.47615153988279857,increase
MFA_like_from_control_legacy,CONTROL_50nA.db::trial_2067,CONTROL|50|closed_low|closed_low|fully_closed_at_sim_end|closed_low,gamma_s_eff,0.75,zth,1.0,closed_low,unchanged_closed,False,1.1564526712660477,0.47615153988279857,increase
MFA_like_from_control_legacy,CONTROL_50nA.db::trial_2067,CONTROL|50|closed_low|closed_low|fully_closed_at_sim_end|closed_low,gamma_s_eff,0.75,zth,1.25,closed_low,unchanged_closed,False,1.1564526712660477,0.47615153988279857,increase
MFA_like_from_control_legacy,CONTROL_50nA.db::trial_2067,CONTROL|50|closed_low|closed_low|fully_closed_at_sim_end|closed_low,gamma_s_eff,1.0,zth,0.75,closed_low,unchanged_closed,False,1.1564526712660477,0.47615153988279857,increase
MFA_like_from_control_legacy,CONTROL_50nA.db::trial_2067,CONTROL|50|closed_low|closed_low|fully_closed_at_sim_end|closed_low,gamma_s_eff,1.0,zth,1.0,closed_low,unchanged_closed,False,1.1564526712660477,0.47615153988279857,increase
MFA_like_from_control_legacy,CONTROL_50nA.db::trial_2067,CONTROL|50|closed_low|closed_low|fully_closed_at_sim_end|closed_low,gamma_s_eff,1.0,zth,1.25,closed_low,unchanged_closed,False,1.1564526712660477,0.47615153988279857,increase
MFA_like_from_control_legacy,CONTROL_50nA.db::trial_2067,CONTROL|50|closed_low|closed_low|fully_closed_at_sim_end|closed_low,gamma_s_eff,1.25,zth,0.75,closed_low,unchanged_closed,False,1.1564526712660477,0.47615153988279857,increase
MFA_like_from_control_legacy,CONTROL_50nA.db::trial_2067,CONTROL|50|closed_low|closed_low|fully_closed_at_sim_end|closed_low,gamma_s_eff,1.25,zth,1.0,closed_low,unchanged_closed,False,1.1564526712660477,0.47615153988279857,increase
MFA_like_from_control_legacy,CONTROL_50nA.db::trial_2067,CONTROL|50|closed_low|closed_low|fully_closed_at_sim_end|closed_low,gamma_s_eff,1.25,zth,1.25,closed_low,unchanged_closed,False,1.1564526712660477,0.47615153988279857,increase
MFA_like_from_control_legacy,CONTROL_50nA.db::trial_2067,CONTROL|50|closed_low|closed_low|fully_closed_at_sim_end|closed_low,zth,0.75,zs,0.75,closed_low,unchanged_closed,False,1.1564526712660477,0.47615153988279857,increase
MFA_like_from_control_legacy,CONTROL_50nA.db::trial_2067,CONTROL|50|closed_low|closed_low|fully_closed_at_sim_end|closed_low,zth,0.75,zs,1.0,closed_low,unchanged_closed,False,1.1564526712660477,0.47615153988279857,increase
MFA_like_from_control_legacy,CONTROL_50nA.db::trial_2067,CONTROL|50|closed_low|closed_low|fully_closed_at_sim_end|closed_low,zth,0.75,zs,1.25,closed_low,unchanged_closed,False,1.1564526712660477,0.47615153988279857,increase
MFA_like_from_control_legacy,CONTROL_50nA.db::trial_2067,CONTROL|50|closed_low|closed_low|fully_closed_at_sim_end|closed_low,zth,1.0,zs,0.75,closed_low,unchanged_closed,False,1.1564526712660477,0.47615153988279857,increase
MFA_like_from_control_legacy,CONTROL_50nA.db::trial_2067,CONTROL|50|closed_low|closed_low|fully_closed_at_sim_end|closed_low,zth,1.0,zs,1.0,closed_low,unchanged_closed,False,1.1564526712660477,0.47615153988279857,increase
MFA_like_from_control_legacy,CONTROL_50nA.db::trial_2067,CONTROL|50|closed_low|closed_low|fully_closed_at_sim_end|closed_low,zth,1.0,zs,1.25,closed_low,unchanged_closed,False,1.1564526712660477,0.47615153988279857,increase
MFA_like_from_control_legacy,CONTROL_50nA.db::trial_2067,CONTROL|50|closed_low|closed_low|fully_closed_at_sim_end|closed_low,zth,1.25,zs,0.75,closed_low,unchanged_closed,False,1.1564526712660477,0.47615153988279857,increase
MFA_like_from_control_legacy,CONTROL_50nA.db::trial_2067,CONTROL|50|closed_low|closed_low|fully_closed_at_sim_end|closed_low,zth,1.25,zs,1.0,closed_low,unchanged_closed,False,1.1564526712660477,0.47615153988279857,increase
MFA_like_from_control_legacy,CONTROL_50nA.db::trial_2067,CONTROL|50|closed_low|closed_low|fully_closed_at_sim_end|closed_low,zth,1.25,zs,1.25,closed_low,unchanged_closed,False,1.1564526712660477,0.47615153988279857,increase
MFA_BA_stacked_on_control_legacy,CONTROL_50nA.db::trial_2067,CONTROL|50|closed_low|closed_low|fully_closed_at_sim_end|closed_low,gki,0.75,P_gap_eff,0.75,closed_low,unchanged_closed,False,1.6982729690672644,1.0179718376840152,increase
MFA_BA_stacked_on_control_legacy,CONTROL_50nA.db::trial_2067,CONTROL|50|closed_low|closed_low|fully_closed_at_sim_end|closed_low,gki,0.75,P_gap_eff,1.0,closed_low,unchanged_closed,False,1.1691359710617728,0.4888348396785237,increase
MFA_BA_stacked_on_control_legacy,CONTROL_50nA.db::trial_2067,CONTROL|50|closed_low|closed_low|fully_closed_at_sim_end|closed_low,gki,0.75,P_gap_eff,1.25,closed_low,unchanged_closed,False,0.6291787843827781,-0.051122347000471025,decrease
MFA_BA_stacked_on_control_legacy,CONTROL_50nA.db::trial_2067,CONTROL|50|closed_low|closed_low|fully_closed_at_sim_end|closed_low,gki,1.0,P_gap_eff,0.75,closed_low,unchanged_closed,False,1.6996783515137261,1.019377220130477,increase
MFA_BA_stacked_on_control_legacy,CONTROL_50nA.db::trial_2067,CONTROL|50|closed_low|closed_low|fully_closed_at_sim_end|closed_low,gki,1.0,P_gap_eff,1.0,closed_low,unchanged_closed,False,1.1564526712660477,0.47615153988279857,increase
MFA_BA_stacked_on_control_legacy,CONTROL_50nA.db::trial_2067,CONTROL|50|closed_low|closed_low|fully_closed_at_sim_end|closed_low,gki,1.0,P_gap_eff,1.25,closed_low,unchanged_closed,False,0.6122691734733086,-0.06803195790994054,decrease
MFA_BA_stacked_on_control_legacy,CONTROL_50nA.db::trial_2067,CONTROL|50|closed_low|closed_low|fully_closed_at_sim_end|closed_low,gki,1.25,P_gap_eff,0.75,closed_low,unchanged_closed,False,1.700533763785671,1.020232632402422,increase
MFA_BA_stacked_on_control_legacy,CONTROL_50nA.db::trial_2067,CONTROL|50|closed_low|closed_low|fully_closed_at_sim_end|closed_low,gki,1.25,P_gap_eff,1.0,closed_low,unchanged_closed,False,1.1488955165981738,0.4685943852149247,increase
MFA_BA_stacked_on_control_legacy,CONTROL_50nA.db::trial_2067,CONTROL|50|closed_low|closed_low|fully_closed_at_sim_end|closed_low,gki,1.25,P_gap_eff,1.25,closed_low,unchanged_closed,False,0.6026312257239875,-0.07766990565926157,decrease
MFA_like_from_control_legacy,CONTROL_50nA.db::trial_2182,CONTROL|50|closed_low|closed_low|fully_closed_at_sim_end|closed_low,P_gap_eff,0.75,gamma_s_eff,0.75,closed_low,unchanged_closed,False,1.7053120801678523,0.9487300088502159,increase
MFA_like_from_control_legacy,CONTROL_50nA.db::trial_2182,CONTROL|50|closed_low|closed_low|fully_closed_at_sim_end|closed_low,P_gap_eff,0.75,gamma_s_eff,1.0,closed_low,unchanged_closed,False,1.7053120801678523,0.9487300088502159,increase
MFA_like_from_control_legacy,CONTROL_50nA.db::trial_2182,CONTROL|50|closed_low|closed_low|fully_closed_at_sim_end|closed_low,P_gap_eff,0.75,gamma_s_eff,1.25,closed_low,unchanged_closed,False,1.7053120801678523,0.9487300088502159,increase
MFA_like_from_control_legacy,CONTROL_50nA.db::trial_2182,CONTROL|50|closed_low|closed_low|fully_closed_at_sim_end|closed_low,P_gap_eff,1.0,gamma_s_eff,0.75,closed_low,unchanged_closed,False,1.7211808197873173,0.9645987484696809,increase
MFA_like_from_control_legacy,CONTROL_50nA.db::trial_2182,CONTROL|50|closed_low|closed_low|fully_closed_at_sim_end|closed_low,P_gap_eff,1.0,gamma_s_eff,1.0,closed_low,unchanged_closed,False,1.7211808197873173,0.9645987484696809,increase
MFA_like_from_control_legacy,CONTROL_50nA.db::trial_2182,CONTROL|50|closed_low|closed_low|fully_closed_at_sim_end|closed_low,P_gap_eff,1.0,gamma_s_eff,1.25,closed_low,unchanged_closed,False,1.7211808197873173,0.9645987484696809,increase
MFA_like_from_control_legacy,CONTROL_50nA.db::trial_2182,CONTROL|50|closed_low|closed_low|fully_closed_at_sim_end|closed_low,P_gap_eff,1.25,gamma_s_eff,0.75,closed_low,unchanged_closed,False,1.374521165099797,0.6179390937821606,increase
MFA_like_from_control_legacy,CONTROL_50nA.db::trial_2182,CONTROL|50|closed_low|closed_low|fully_closed_at_sim_end|closed_low,P_gap_eff,1.25,gamma_s_eff,1.0,closed_low,unchanged_closed,False,1.374521165099797,0.6179390937821606,increase
MFA_like_from_control_legacy,CONTROL_50nA.db::trial_2182,CONTROL|50|closed_low|closed_low|fully_closed_at_sim_end|closed_low,P_gap_eff,1.25,gamma_s_eff,1.25,closed_low,unchanged_closed,False,1.374521165099797,0.6179390937821606,increase
MFA_like_from_control_legacy,CONTROL_50nA.db::trial_2182,CONTROL|50|closed_low|closed_low|fully_closed_at_sim_end|closed_low,P_gap_eff,0.75,zth,0.75,closed_low,unchanged_closed,False,1.7053120801678523,0.9487300088502159,increase
MFA_like_from_control_legacy,CONTROL_50nA.db::trial_2182,CONTROL|50|closed_low|closed_low|fully_closed_at_sim_end|closed_low,P_gap_eff,0.75,zth,1.0,closed_low,unchanged_closed,False,1.7053120801678523,0.9487300088502159,increase
MFA_like_from_control_legacy,CONTROL_50nA.db::trial_2182,CONTROL|50|closed_low|closed_low|fully_closed_at_sim_end|closed_low,P_gap_eff,0.75,zth,1.25,closed_low,unchanged_closed,False,1.7053120801678523,0.9487300088502159,increase
MFA_like_from_control_legacy,CONTROL_50nA.db::trial_2182,CONTROL|50|closed_low|closed_low|fully_closed_at_sim_end|closed_low,P_gap_eff,1.0,zth,0.75,closed_low,unchanged_closed,False,1.7211808197873173,0.9645987484696809,increase
MFA_like_from_control_legacy,CONTROL_50nA.db::trial_2182,CONTROL|50|closed_low|closed_low|fully_closed_at_sim_end|closed_low,P_gap_eff,1.0,zth,1.0,closed_low,unchanged_closed,False,1.7211808197873173,0.9645987484696809,increase
MFA_like_from_control_legacy,CONTROL_50nA.db::trial_2182,CONTROL|50|closed_low|closed_low|fully_closed_at_sim_end|closed_low,P_gap_eff,1.0,zth,1.25,closed_low,unchanged_closed,False,1.7211808197873173,0.9645987484696809,increase
MFA_like_from_control_legacy,CONTROL_50nA.db::trial_2182,CONTROL|50|closed_low|closed_low|fully_closed_at_sim_end|closed_low,P_gap_eff,1.25,zth,0.75,closed_low,unchanged_closed,False,1.374521165099797,0.6179390937821606,increase
MFA_like_from_control_legacy,CONTROL_50nA.db::trial_2182,CONTROL|50|closed_low|closed_low|fully_closed_at_sim_end|closed_low,P_gap_eff,1.25,zth,1.0,closed_low,unchanged_closed,False,1.374521165099797,0.6179390937821606,increase
MFA_like_from_control_legacy,CONTROL_50nA.db::trial_2182,CONTROL|50|closed_low|closed_low|fully_closed_at_sim_end|closed_low,P_gap_eff,1.25,zth,1.25,closed_low,unchanged_closed,False,1.374521165099797,0.6179390937821606,increase
MFA_like_from_control_legacy,CONTROL_50nA.db::trial_2182,CONTROL|50|closed_low|closed_low|fully_closed_at_sim_end|closed_low,gamma_s_eff,0.75,zth,0.75,closed_low,unchanged_closed,False,1.7211808197873173,0.9645987484696809,increase
MFA_like_from_control_legacy,CONTROL_50nA.db::trial_2182,CONTROL|50|closed_low|closed_low|fully_closed_at_sim_end|closed_low,gamma_s_eff,0.75,zth,1.0,closed_low,unchanged_closed,False,1.7211808197873173,0.9645987484696809,increase
MFA_like_from_control_legacy,CONTROL_50nA.db::trial_2182,CONTROL|50|closed_low|closed_low|fully_closed_at_sim_end|closed_low,gamma_s_eff,0.75,zth,1.25,closed_low,unchanged_closed,False,1.7211808197873173,0.9645987484696809,increase
MFA_like_from_control_legacy,CONTROL_50nA.db::trial_2182,CONTROL|50|closed_low|closed_low|fully_closed_at_sim_end|closed_low,gamma_s_eff,1.0,zth,0.75,closed_low,unchanged_closed,False,1.7211808197873173,0.9645987484696809,increase
MFA_like_from_control_legacy,CONTROL_50nA.db::trial_2182,CONTROL|50|closed_low|closed_low|fully_closed_at_sim_end|closed_low,gamma_s_eff,1.0,zth,1.0,closed_low,unchanged_closed,False,1.7211808197873173,0.9645987484696809,increase
MFA_like_from_control_legacy,CONTROL_50nA.db::trial_2182,CONTROL|50|closed_low|closed_low|fully_closed_at_sim_end|closed_low,gamma_s_eff,1.0,zth,1.25,closed_low,unchanged_closed,False,1.7211808197873173,0.9645987484696809,increase
MFA_like_from_control_legacy,CONTROL_50nA.db::trial_2182,CONTROL|50|closed_low|closed_low|fully_closed_at_sim_end|closed_low,gamma_s_eff,1.25,zth,0.75,closed_low,unchanged_closed,False,1.7211808197873173,0.9645987484696809,increase
MFA_like_from_control_legacy,CONTROL_50nA.db::trial_2182,CONTROL|50|closed_low|closed_low|fully_closed_at_sim_end|closed_low,gamma_s_eff,1.25,zth,1.0,closed_low,unchanged_closed,False,1.7211808197873173,0.9645987484696809,increase
MFA_like_from_control_legacy,CONTROL_50nA.db::trial_2182,CONTROL|50|closed_low|closed_low|fully_closed_at_sim_end|closed_low,gamma_s_eff,1.25,zth,1.25,closed_low,unchanged_closed,False,1.7211808197873173,0.9645987484696809,increase
MFA_like_from_control_legacy,CONTROL_50nA.db::trial_2182,CONTROL|50|closed_low|closed_low|fully_closed_at_sim_end|closed_low,zth,0.75,zs,0.75,closed_low,unchanged_closed,False,1.7211808197873173,0.9645987484696809,increase
MFA_like_from_control_legacy,CONTROL_50nA.db::trial_2182,CONTROL|50|closed_low|closed_low|fully_closed_at_sim_end|closed_low,zth,0.75,zs,1.0,closed_low,unchanged_closed,False,1.7211808197873173,0.9645987484696809,increase
MFA_like_from_control_legacy,CONTROL_50nA.db::trial_2182,CONTROL|50|closed_low|closed_low|fully_closed_at_sim_end|closed_low,zth,0.75,zs,1.25,closed_low,unchanged_closed,False,1.7211808197873173,0.9645987484696809,increase
MFA_like_from_control_legacy,CONTROL_50nA.db::trial_2182,CONTROL|50|closed_low|closed_low|fully_closed_at_sim_end|closed_low,zth,1.0,zs,0.75,closed_low,unchanged_closed,False,1.7211808197873173,0.9645987484696809,increase
MFA_like_from_control_legacy,CONTROL_50nA.db::trial_2182,CONTROL|50|closed_low|closed_low|fully_closed_at_sim_end|closed_low,zth,1.0,zs,1.0,closed_low,unchanged_closed,False,1.7211808197873173,0.9645987484696809,increase
MFA_like_from_control_legacy,CONTROL_50nA.db::trial_2182,CONTROL|50|closed_low|closed_low|fully_closed_at_sim_end|closed_low,zth,1.0,zs,1.25,closed_low,unchanged_closed,False,1.7211808197873173,0.9645987484696809,increase
MFA_like_from_control_legacy,CONTROL_50nA.db::trial_2182,CONTROL|50|closed_low|closed_low|fully_closed_at_sim_end|closed_low,zth,1.25,zs,0.75,closed_low,unchanged_closed,False,1.7211808197873173,0.9645987484696809,increase
MFA_like_from_control_legacy,CONTROL_50nA.db::trial_2182,CONTROL|50|closed_low|closed_low|fully_closed_at_sim_end|closed_low,zth,1.25,zs,1.0,closed_low,unchanged_closed,False,1.7211808197873173,0.9645987484696809,increase
MFA_like_from_control_legacy,CONTROL_50nA.db::trial_2182,CONTROL|50|closed_low|closed_low|fully_closed_at_sim_end|closed_low,zth,1.25,zs,1.25,closed_low,unchanged_closed,False,1.7211808197873173,0.9645987484696809,increase
MFA_BA_stacked_on_control_legacy,CONTROL_50nA.db::trial_2182,CONTROL|50|closed_low|closed_low|fully_closed_at_sim_end|closed_low,gki,0.75,P_gap_eff,0.75,closed_low,unchanged_closed,False,1.7043548444586212,0.9477727731409847,increase
MFA_BA_stacked_on_control_legacy,CONTROL_50nA.db::trial_2182,CONTROL|50|closed_low|closed_low|fully_closed_at_sim_end|closed_low,gki,0.75,P_gap_eff,1.0,closed_low,unchanged_closed,False,1.7198947073502027,0.9633126360325662,increase
MFA_BA_stacked_on_control_legacy,CONTROL_50nA.db::trial_2182,CONTROL|50|closed_low|closed_low|fully_closed_at_sim_end|closed_low,gki,0.75,P_gap_eff,1.25,closed_low,unchanged_closed,False,1.3858889092690605,0.6293068379514241,increase
MFA_BA_stacked_on_control_legacy,CONTROL_50nA.db::trial_2182,CONTROL|50|closed_low|closed_low|fully_closed_at_sim_end|closed_low,gki,1.0,P_gap_eff,0.75,closed_low,unchanged_closed,False,1.7053120801678523,0.9487300088502159,increase
MFA_BA_stacked_on_control_legacy,CONTROL_50nA.db::trial_2182,CONTROL|50|closed_low|closed_low|fully_closed_at_sim_end|closed_low,gki,1.0,P_gap_eff,1.0,closed_low,unchanged_closed,False,1.7211808197873173,0.9645987484696809,increase
MFA_BA_stacked_on_control_legacy,CONTROL_50nA.db::trial_2182,CONTROL|50|closed_low|closed_low|fully_closed_at_sim_end|closed_low,gki,1.0,P_gap_eff,1.25,closed_low,unchanged_closed,False,1.374521165099797,0.6179390937821606,increase
MFA_BA_stacked_on_control_legacy,CONTROL_50nA.db::trial_2182,CONTROL|50|closed_low|closed_low|fully_closed_at_sim_end|closed_low,gki,1.25,P_gap_eff,0.75,closed_low,unchanged_closed,False,1.7058924861037685,0.9493104147861321,increase
MFA_BA_stacked_on_control_legacy,CONTROL_50nA.db::trial_2182,CONTROL|50|closed_low|closed_low|fully_closed_at_sim_end|closed_low,gki,1.25,P_gap_eff,1.0,closed_low,unchanged_closed,False,1.721960716447207,0.9653786451295706,increase
MFA_BA_stacked_on_control_legacy,CONTROL_50nA.db::trial_2182,CONTROL|50|closed_low|closed_low|fully_closed_at_sim_end|closed_low,gki,1.25,P_gap_eff,1.25,closed_low,unchanged_closed,False,1.3677337728371532,0.6111517015195168,increase
MFA_like_from_control_legacy,CONTROL_50nA.db::trial_1923,CONTROL|50|open_high|open_high|early_sustained_open_recruitment|open_high,P_gap_eff,0.75,gamma_s_eff,0.75,open_high,unchanged_open,False,0.1301880658276219,-45.33337990830174,decrease
MFA_like_from_control_legacy,CONTROL_50nA.db::trial_1923,CONTROL|50|open_high|open_high|early_sustained_open_recruitment|open_high,P_gap_eff,0.75,gamma_s_eff,1.0,open_high,unchanged_open,False,0.15350722133654085,-45.31006075279282,decrease
MFA_like_from_control_legacy,CONTROL_50nA.db::trial_1923,CONTROL|50|open_high|open_high|early_sustained_open_recruitment|open_high,P_gap_eff,0.75,gamma_s_eff,1.25,open_high,unchanged_open,False,0.1643975180812931,-45.29917045604807,decrease
MFA_like_from_control_legacy,CONTROL_50nA.db::trial_1923,CONTROL|50|open_high|open_high|early_sustained_open_recruitment|open_high,P_gap_eff,1.0,gamma_s_eff,0.75,open_high,unchanged_open,False,0.458135742472724,-45.005432231656634,decrease
MFA_like_from_control_legacy,CONTROL_50nA.db::trial_1923,CONTROL|50|open_high|open_high|early_sustained_open_recruitment|open_high,P_gap_eff,1.0,gamma_s_eff,1.0,open_high,unchanged_open,False,0.47631914995435265,-44.98724882417501,decrease
MFA_like_from_control_legacy,CONTROL_50nA.db::trial_1923,CONTROL|50|open_high|open_high|early_sustained_open_recruitment|open_high,P_gap_eff,1.0,gamma_s_eff,1.25,open_high,unchanged_open,False,0.503075644449512,-44.96049232967985,decrease
MFA_like_from_control_legacy,CONTROL_50nA.db::trial_1923,CONTROL|50|open_high|open_high|early_sustained_open_recruitment|open_high,P_gap_eff,1.25,gamma_s_eff,0.75,open_high,unchanged_open,False,0.6894447083568216,-44.77412326577254,decrease
MFA_like_from_control_legacy,CONTROL_50nA.db::trial_1923,CONTROL|50|open_high|open_high|early_sustained_open_recruitment|open_high,P_gap_eff,1.25,gamma_s_eff,1.0,open_high,unchanged_open,False,0.7026514952726705,-44.76091647885669,decrease
MFA_like_from_control_legacy,CONTROL_50nA.db::trial_1923,CONTROL|50|open_high|open_high|early_sustained_open_recruitment|open_high,P_gap_eff,1.25,gamma_s_eff,1.25,open_high,unchanged_open,False,0.7142324171884745,-44.749335556940885,decrease
MFA_like_from_control_legacy,CONTROL_50nA.db::trial_1923,CONTROL|50|open_high|open_high|early_sustained_open_recruitment|open_high,P_gap_eff,0.75,zth,0.75,open_high,unchanged_open,False,2.6053647729865643,-42.8582032011428,decrease
MFA_like_from_control_legacy,CONTROL_50nA.db::trial_1923,CONTROL|50|open_high|open_high|early_sustained_open_recruitment|open_high,P_gap_eff,0.75,zth,1.0,open_high,unchanged_open,False,0.15350725023233938,-45.310060723897024,decrease
MFA_like_from_control_legacy,CONTROL_50nA.db::trial_1923,CONTROL|50|open_high|open_high|early_sustained_open_recruitment|open_high,P_gap_eff,0.75,zth,1.25,closed_low,open_to_closed,True,0.29940958393510314,-45.16415839019426,decrease
MFA_like_from_control_legacy,CONTROL_50nA.db::trial_1923,CONTROL|50|open_high|open_high|early_sustained_open_recruitment|open_high,P_gap_eff,1.0,zth,0.75,open_high,unchanged_open,False,2.985244388846729,-42.47832358528263,decrease
MFA_like_from_control_legacy,CONTROL_50nA.db::trial_1923,CONTROL|50|open_high|open_high|early_sustained_open_recruitment|open_high,P_gap_eff,1.0,zth,1.0,open_high,unchanged_open,False,0.4763190482810832,-44.98724892584828,decrease
MFA_like_from_control_legacy,CONTROL_50nA.db::trial_1923,CONTROL|50|open_high|open_high|early_sustained_open_recruitment|open_high,P_gap_eff,1.0,zth,1.25,closed_low,open_to_closed,True,0.7150928001966662,-44.7484751739327,decrease
MFA_like_from_control_legacy,CONTROL_50nA.db::trial_1923,CONTROL|50|open_high|open_high|early_sustained_open_recruitment|open_high,P_gap_eff,1.25,zth,0.75,open_high,unchanged_open,False,3.17864193117109,-42.28492604295827,decrease
MFA_like_from_control_legacy,CONTROL_50nA.db::trial_1923,CONTROL|50|open_high|open_high|early_sustained_open_recruitment|open_high,P_gap_eff,1.25,zth,1.0,open_high,unchanged_open,False,0.7026515408907007,-44.76091643323866,decrease
MFA_like_from_control_legacy,CONTROL_50nA.db::trial_1923,CONTROL|50|open_high|open_high|early_sustained_open_recruitment|open_high,P_gap_eff,1.25,zth,1.25,closed_low,open_to_closed,True,0.9556867272588574,-44.507881246870504,decrease
MFA_like_from_control_legacy,CONTROL_50nA.db::trial_1923,CONTROL|50|open_high|open_high|early_sustained_open_recruitment|open_high,gamma_s_eff,0.75,zth,0.75,open_high,unchanged_open,False,2.9816268702054014,-42.48194110392396,decrease
MFA_like_from_control_legacy,CONTROL_50nA.db::trial_1923,CONTROL|50|open_high|open_high|early_sustained_open_recruitment|open_high,gamma_s_eff,0.75,zth,1.0,open_high,unchanged_open,False,0.458135742472724,-45.005432231656634,decrease
MFA_like_from_control_legacy,CONTROL_50nA.db::trial_1923,CONTROL|50|open_high|open_high|early_sustained_open_recruitment|open_high,gamma_s_eff,0.75,zth,1.25,closed_low,open_to_closed,True,0.7150928001996151,-44.74847517392975,decrease
MFA_like_from_control_legacy,CONTROL_50nA.db::trial_1923,CONTROL|50|open_high|open_high|early_sustained_open_recruitment|open_high,gamma_s_eff,1.0,zth,0.75,open_high,unchanged_open,False,2.9852443984822252,-42.47832357564714,decrease
MFA_like_from_control_legacy,CONTROL_50nA.db::trial_1923,CONTROL|50|open_high|open_high|early_sustained_open_recruitment|open_high,gamma_s_eff,1.0,zth,1.0,open_high,unchanged_open,False,0.47631914995435265,-44.98724882417501,decrease
MFA_like_from_control_legacy,CONTROL_50nA.db::trial_1923,CONTROL|50|open_high|open_high|early_sustained_open_recruitment|open_high,gamma_s_eff,1.0,zth,1.25,closed_low,open_to_closed,True,0.7150928001966662,-44.7484751739327,decrease
MFA_like_from_control_legacy,CONTROL_50nA.db::trial_1923,CONTROL|50|open_high|open_high|early_sustained_open_recruitment|open_high,gamma_s_eff,1.25,zth,0.75,open_high,unchanged_open,False,2.9893573991496765,-42.474210574979686,decrease
MFA_like_from_control_legacy,CONTROL_50nA.db::trial_1923,CONTROL|50|open_high|open_high|early_sustained_open_recruitment|open_high,gamma_s_eff,1.25,zth,1.0,open_high,unchanged_open,False,0.503075644449512,-44.96049232967985,decrease
MFA_like_from_control_legacy,CONTROL_50nA.db::trial_1923,CONTROL|50|open_high|open_high|early_sustained_open_recruitment|open_high,gamma_s_eff,1.25,zth,1.25,closed_low,open_to_closed,True,0.7150928002036533,-44.748475173925705,decrease
MFA_like_from_control_legacy,CONTROL_50nA.db::trial_1923,CONTROL|50|open_high|open_high|early_sustained_open_recruitment|open_high,zth,0.75,zs,0.75,open_high,unchanged_open,False,2.9956859284764357,-42.46788204565293,decrease
MFA_like_from_control_legacy,CONTROL_50nA.db::trial_1923,CONTROL|50|open_high|open_high|early_sustained_open_recruitment|open_high,zth,0.75,zs,1.0,open_high,unchanged_open,False,2.985244388846729,-42.47832358528263,decrease
MFA_like_from_control_legacy,CONTROL_50nA.db::trial_1923,CONTROL|50|open_high|open_high|early_sustained_open_recruitment|open_high,zth,0.75,zs,1.25,open_high,unchanged_open,False,2.980241677627298,-42.483326296502064,decrease
MFA_like_from_control_legacy,CONTROL_50nA.db::trial_1923,CONTROL|50|open_high|open_high|early_sustained_open_recruitment|open_high,zth,1.0,zs,0.75,open_high,unchanged_open,False,0.4963750035366612,-44.9671929705927,decrease
MFA_like_from_control_legacy,CONTROL_50nA.db::trial_1923,CONTROL|50|open_high|open_high|early_sustained_open_recruitment|open_high,zth,1.0,zs,1.0,open_high,unchanged_open,False,0.4763190482810832,-44.98724892584828,decrease
MFA_like_from_control_legacy,CONTROL_50nA.db::trial_1923,CONTROL|50|open_high|open_high|early_sustained_open_recruitment|open_high,zth,1.0,zs,1.25,open_high,unchanged_open,False,0.468757614330327,-44.99481035979903,decrease
MFA_like_from_control_legacy,CONTROL_50nA.db::trial_1923,CONTROL|50|open_high|open_high|early_sustained_open_recruitment|open_high,zth,1.25,zs,0.75,closed_low,open_to_closed,True,0.7150923093235689,-44.748475664805795,decrease
MFA_like_from_control_legacy,CONTROL_50nA.db::trial_1923,CONTROL|50|open_high|open_high|early_sustained_open_recruitment|open_high,zth,1.25,zs,1.0,closed_low,open_to_closed,True,0.7150928001966662,-44.7484751739327,decrease
MFA_like_from_control_legacy,CONTROL_50nA.db::trial_1923,CONTROL|50|open_high|open_high|early_sustained_open_recruitment|open_high,zth,1.25,zs,1.25,closed_low,open_to_closed,True,0.7150928001921716,-44.74847517393719,decrease
MFA_BA_stacked_on_control_legacy,CONTROL_50nA.db::trial_1923,CONTROL|50|open_high|open_high|early_sustained_open_recruitment|open_high,gki,0.75,P_gap_eff,0.75,open_high,unchanged_open,False,0.13380529645413572,-45.32976267767523,decrease
MFA_BA_stacked_on_control_legacy,CONTROL_50nA.db::trial_1923,CONTROL|50|open_high|open_high|early_sustained_open_recruitment|open_high,gki,0.75,P_gap_eff,1.0,open_high,unchanged_open,False,0.4557235326774114,-45.00784444145195,decrease
MFA_BA_stacked_on_control_legacy,CONTROL_50nA.db::trial_1923,CONTROL|50|open_high|open_high|early_sustained_open_recruitment|open_high,gki,0.75,P_gap_eff,1.25,open_high,unchanged_open,False,0.6817243344762804,-44.78184363965308,decrease
MFA_BA_stacked_on_control_legacy,CONTROL_50nA.db::trial_1923,CONTROL|50|open_high|open_high|early_sustained_open_recruitment|open_high,gki,1.0,P_gap_eff,0.75,open_high,unchanged_open,False,0.15350725023233938,-45.310060723897024,decrease
MFA_BA_stacked_on_control_legacy,CONTROL_50nA.db::trial_1923,CONTROL|50|open_high|open_high|early_sustained_open_recruitment|open_high,gki,1.0,P_gap_eff,1.0,open_high,unchanged_open,False,0.4763190482810832,-44.98724892584828,decrease
MFA_BA_stacked_on_control_legacy,CONTROL_50nA.db::trial_1923,CONTROL|50|open_high|open_high|early_sustained_open_recruitment|open_high,gki,1.0,P_gap_eff,1.25,open_high,unchanged_open,False,0.7026515408907007,-44.76091643323866,decrease
MFA_BA_stacked_on_control_legacy,CONTROL_50nA.db::trial_1923,CONTROL|50|open_high|open_high|early_sustained_open_recruitment|open_high,gki,1.25,P_gap_eff,0.75,open_high,unchanged_open,False,0.16131564064302018,-45.302252333486344,decrease
MFA_BA_stacked_on_control_legacy,CONTROL_50nA.db::trial_1923,CONTROL|50|open_high|open_high|early_sustained_open_recruitment|open_high,gki,1.25,P_gap_eff,1.0,open_high,unchanged_open,False,0.49988389028902025,-44.96368408384034,decrease
MFA_BA_stacked_on_control_legacy,CONTROL_50nA.db::trial_1923,CONTROL|50|open_high|open_high|early_sustained_open_recruitment|open_high,gki,1.25,P_gap_eff,1.25,open_high,unchanged_open,False,0.7128724839796257,-44.75069549014974,decrease
MFA_like_from_control_legacy,CONTROL_50nA.db::trial_1606,CONTROL|50|open_high|open_high|early_sustained_open_recruitment|open_high,P_gap_eff,0.75,gamma_s_eff,0.75,open_high,unchanged_open,False,8.47631554615731,7.401430858474896,increase
MFA_like_from_control_legacy,CONTROL_50nA.db::trial_1606,CONTROL|50|open_high|open_high|early_sustained_open_recruitment|open_high,P_gap_eff,0.75,gamma_s_eff,1.0,open_high,unchanged_open,False,8.736577679826283,7.66169299214387,increase
MFA_like_from_control_legacy,CONTROL_50nA.db::trial_1606,CONTROL|50|open_high|open_high|early_sustained_open_recruitment|open_high,P_gap_eff,0.75,gamma_s_eff,1.25,open_high,unchanged_open,False,8.867665064754636,7.792780377072223,increase
MFA_like_from_control_legacy,CONTROL_50nA.db::trial_1606,CONTROL|50|open_high|open_high|early_sustained_open_recruitment|open_high,P_gap_eff,1.0,gamma_s_eff,0.75,open_high,unchanged_open,False,9.644346427854751,8.569461740172338,increase
MFA_like_from_control_legacy,CONTROL_50nA.db::trial_1606,CONTROL|50|open_high|open_high|early_sustained_open_recruitment|open_high,P_gap_eff,1.0,gamma_s_eff,1.0,open_high,unchanged_open,False,10.28625104208228,9.211366354399868,increase
MFA_like_from_control_legacy,CONTROL_50nA.db::trial_1606,CONTROL|50|open_high|open_high|early_sustained_open_recruitment|open_high,P_gap_eff,1.0,gamma_s_eff,1.25,open_high,unchanged_open,False,10.289439045393207,9.214554357710794,increase
MFA_like_from_control_legacy,CONTROL_50nA.db::trial_1606,CONTROL|50|open_high|open_high|early_sustained_open_recruitment|open_high,P_gap_eff,1.25,gamma_s_eff,0.75,open_high,unchanged_open,False,7.675873768499174,6.600989080816761,increase
MFA_like_from_control_legacy,CONTROL_50nA.db::trial_1606,CONTROL|50|open_high|open_high|early_sustained_open_recruitment|open_high,P_gap_eff,1.25,gamma_s_eff,1.0,open_high,unchanged_open,False,7.730727791468835,6.655843103786422,increase
MFA_like_from_control_legacy,CONTROL_50nA.db::trial_1606,CONTROL|50|open_high|open_high|early_sustained_open_recruitment|open_high,P_gap_eff,1.25,gamma_s_eff,1.25,open_high,unchanged_open,False,7.78372667176691,6.708841984084497,increase
MFA_like_from_control_legacy,CONTROL_50nA.db::trial_1606,CONTROL|50|open_high|open_high|early_sustained_open_recruitment|open_high,P_gap_eff,0.75,zth,0.75,open_high,unchanged_open,False,15.53798290902008,14.463098221337667,increase
MFA_like_from_control_legacy,CONTROL_50nA.db::trial_1606,CONTROL|50|open_high|open_high|early_sustained_open_recruitment|open_high,P_gap_eff,0.75,zth,1.0,open_high,unchanged_open,False,8.736577679826283,7.66169299214387,increase
MFA_like_from_control_legacy,CONTROL_50nA.db::trial_1606,CONTROL|50|open_high|open_high|early_sustained_open_recruitment|open_high,P_gap_eff,0.75,zth,1.25,open_high,unchanged_open,False,2.9610260595699587,1.8861413718875453,increase
MFA_like_from_control_legacy,CONTROL_50nA.db::trial_1606,CONTROL|50|open_high|open_high|early_sustained_open_recruitment|open_high,P_gap_eff,1.0,zth,0.75,open_high,unchanged_open,False,16.13368936033604,15.058804672653626,increase
MFA_like_from_control_legacy,CONTROL_50nA.db::trial_1606,CONTROL|50|open_high|open_high|early_sustained_open_recruitment|open_high,P_gap_eff,1.0,zth,1.0,open_high,unchanged_open,False,10.28625104208228,9.211366354399868,increase
MFA_like_from_control_legacy,CONTROL_50nA.db::trial_1606,CONTROL|50|open_high|open_high|early_sustained_open_recruitment|open_high,P_gap_eff,1.0,zth,1.25,open_high,unchanged_open,False,3.333439452363904,2.2585547646814907,increase
MFA_like_from_control_legacy,CONTROL_50nA.db::trial_1606,CONTROL|50|open_high|open_high|early_sustained_open_recruitment|open_high,P_gap_eff,1.25,zth,0.75,open_high,unchanged_open,False,16.180812552410668,15.105927864728255,increase
MFA_like_from_control_legacy,CONTROL_50nA.db::trial_1606,CONTROL|50|open_high|open_high|early_sustained_open_recruitment|open_high,P_gap_eff,1.25,zth,1.0,open_high,unchanged_open,False,7.730727791468835,6.655843103786422,increase
MFA_like_from_control_legacy,CONTROL_50nA.db::trial_1606,CONTROL|50|open_high|open_high|early_sustained_open_recruitment|open_high,P_gap_eff,1.25,zth,1.25,open_high,unchanged_open,False,3.4743409447545353,2.3994562570721216,increase
MFA_like_from_control_legacy,CONTROL_50nA.db::trial_1606,CONTROL|50|open_high|open_high|early_sustained_open_recruitment|open_high,gamma_s_eff,0.75,zth,0.75,open_high,unchanged_open,False,15.924810849074229,14.849926161391815,increase
MFA_like_from_control_legacy,CONTROL_50nA.db::trial_1606,CONTROL|50|open_high|open_high|early_sustained_open_recruitment|open_high,gamma_s_eff,0.75,zth,1.0,open_high,unchanged_open,False,9.644346427854751,8.569461740172338,increase
MFA_like_from_control_legacy,CONTROL_50nA.db::trial_1606,CONTROL|50|open_high|open_high|early_sustained_open_recruitment|open_high,gamma_s_eff,0.75,zth,1.25,open_high,unchanged_open,False,3.322079567049318,2.247194879366905,increase
MFA_like_from_control_legacy,CONTROL_50nA.db::trial_1606,CONTROL|50|open_high|open_high|early_sustained_open_recruitment|open_high,gamma_s_eff,1.0,zth,0.75,open_high,unchanged_open,False,16.13368936033604,15.058804672653626,increase
MFA_like_from_control_legacy,CONTROL_50nA.db::trial_1606,CONTROL|50|open_high|open_high|early_sustained_open_recruitment|open_high,gamma_s_eff,1.0,zth,1.0,open_high,unchanged_open,False,10.28625104208228,9.211366354399868,increase
MFA_like_from_control_legacy,CONTROL_50nA.db::trial_1606,CONTROL|50|open_high|open_high|early_sustained_open_recruitment|open_high,gamma_s_eff,1.0,zth,1.25,open_high,unchanged_open,False,3.333439452363904,2.2585547646814907,increase
MFA_like_from_control_legacy,CONTROL_50nA.db::trial_1606,CONTROL|50|open_high|open_high|early_sustained_open_recruitment|open_high,gamma_s_eff,1.25,zth,0.75,open_high,unchanged_open,False,16.208550142305008,15.133665454622594,increase
MFA_like_from_control_legacy,CONTROL_50nA.db::trial_1606,CONTROL|50|open_high|open_high|early_sustained_open_recruitment|open_high,gamma_s_eff,1.25,zth,1.0,open_high,unchanged_open,False,10.289439045393207,9.214554357710794,increase
MFA_like_from_control_legacy,CONTROL_50nA.db::trial_1606,CONTROL|50|open_high|open_high|early_sustained_open_recruitment|open_high,gamma_s_eff,1.25,zth,1.25,open_high,unchanged_open,False,3.338695101071295,2.2638104133888817,increase
MFA_like_from_control_legacy,CONTROL_50nA.db::trial_1606,CONTROL|50|open_high|open_high|early_sustained_open_recruitment|open_high,zth,0.75,zs,0.75,open_high,unchanged_open,False,16.164681473873667,15.089796786191254,increase
MFA_like_from_control_legacy,CONTROL_50nA.db::trial_1606,CONTROL|50|open_high|open_high|early_sustained_open_recruitment|open_high,zth,0.75,zs,1.0,open_high,unchanged_open,False,16.13368936033604,15.058804672653626,increase
MFA_like_from_control_legacy,CONTROL_50nA.db::trial_1606,CONTROL|50|open_high|open_high|early_sustained_open_recruitment|open_high,zth,0.75,zs,1.25,open_high,unchanged_open,False,16.120075730525237,15.045191042842823,increase
MFA_like_from_control_legacy,CONTROL_50nA.db::trial_1606,CONTROL|50|open_high|open_high|early_sustained_open_recruitment|open_high,zth,1.0,zs,0.75,open_high,unchanged_open,False,10.30103603480276,9.226151347120346,increase
MFA_like_from_control_legacy,CONTROL_50nA.db::trial_1606,CONTROL|50|open_high|open_high|early_sustained_open_recruitment|open_high,zth,1.0,zs,1.0,open_high,unchanged_open,False,10.28625104208228,9.211366354399868,increase
MFA_like_from_control_legacy,CONTROL_50nA.db::trial_1606,CONTROL|50|open_high|open_high|early_sustained_open_recruitment|open_high,zth,1.0,zs,1.25,open_high,unchanged_open,False,10.182589423207595,9.107704735525182,increase
MFA_like_from_control_legacy,CONTROL_50nA.db::trial_1606,CONTROL|50|open_high|open_high|early_sustained_open_recruitment|open_high,zth,1.25,zs,0.75,open_high,unchanged_open,False,3.3424414144222045,2.267556726739791,increase
MFA_like_from_control_legacy,CONTROL_50nA.db::trial_1606,CONTROL|50|open_high|open_high|early_sustained_open_recruitment|open_high,zth,1.25,zs,1.0,open_high,unchanged_open,False,3.333439452363904,2.2585547646814907,increase
MFA_like_from_control_legacy,CONTROL_50nA.db::trial_1606,CONTROL|50|open_high|open_high|early_sustained_open_recruitment|open_high,zth,1.25,zs,1.25,open_high,unchanged_open,False,3.3292390445099977,2.2543543568275846,increase
MFA_BA_stacked_on_control_legacy,CONTROL_50nA.db::trial_1606,CONTROL|50|open_high|open_high|early_sustained_open_recruitment|open_high,gki,0.75,P_gap_eff,0.75,open_high,unchanged_open,False,8.726610568245212,7.651725880562799,increase
MFA_BA_stacked_on_control_legacy,CONTROL_50nA.db::trial_1606,CONTROL|50|open_high|open_high|early_sustained_open_recruitment|open_high,gki,0.75,P_gap_eff,1.0,open_high,unchanged_open,False,9.747060511852027,8.672175824169614,increase
MFA_BA_stacked_on_control_legacy,CONTROL_50nA.db::trial_1606,CONTROL|50|open_high|open_high|early_sustained_open_recruitment|open_high,gki,0.75,P_gap_eff,1.25,open_high,unchanged_open,False,7.779479637268891,6.704594949586478,increase
MFA_BA_stacked_on_control_legacy,CONTROL_50nA.db::trial_1606,CONTROL|50|open_high|open_high|early_sustained_open_recruitment|open_high,gki,1.0,P_gap_eff,0.75,open_high,unchanged_open,False,8.736577679826283,7.66169299214387,increase
MFA_BA_stacked_on_control_legacy,CONTROL_50nA.db::trial_1606,CONTROL|50|open_high|open_high|early_sustained_open_recruitment|open_high,gki,1.0,P_gap_eff,1.0,open_high,unchanged_open,False,10.28625104208228,9.211366354399868,increase
MFA_BA_stacked_on_control_legacy,CONTROL_50nA.db::trial_1606,CONTROL|50|open_high|open_high|early_sustained_open_recruitment|open_high,gki,1.0,P_gap_eff,1.25,open_high,unchanged_open,False,7.730727791468835,6.655843103786422,increase
MFA_BA_stacked_on_control_legacy,CONTROL_50nA.db::trial_1606,CONTROL|50|open_high|open_high|early_sustained_open_recruitment|open_high,gki,1.25,P_gap_eff,0.75,open_high,unchanged_open,False,8.744715496593837,7.669830808911424,increase
MFA_BA_stacked_on_control_legacy,CONTROL_50nA.db::trial_1606,CONTROL|50|open_high|open_high|early_sustained_open_recruitment|open_high,gki,1.25,P_gap_eff,1.0,open_high,unchanged_open,False,10.15169677801541,9.076812090332997,increase
MFA_BA_stacked_on_control_legacy,CONTROL_50nA.db::trial_1606,CONTROL|50|open_high|open_high|early_sustained_open_recruitment|open_high,gki,1.25,P_gap_eff,1.25,open_high,unchanged_open,False,7.729671491581859,6.654786803899446,increase
MFA_like_from_control_legacy,CONTROL_50nA.db::trial_1622,CONTROL|50|closed_low|open_high|recruited_during_load_then_closed_by_end|closed_low,P_gap_eff,0.75,gamma_s_eff,0.75,closed_low,unchanged_closed,False,1.6571218019454377,0.8533712059515937,increase
MFA_like_from_control_legacy,CONTROL_50nA.db::trial_1622,CONTROL|50|closed_low|open_high|recruited_during_load_then_closed_by_end|closed_low,P_gap_eff,0.75,gamma_s_eff,1.0,closed_low,unchanged_closed,False,1.6571218019454377,0.8533712059515937,increase
MFA_like_from_control_legacy,CONTROL_50nA.db::trial_1622,CONTROL|50|closed_low|open_high|recruited_during_load_then_closed_by_end|closed_low,P_gap_eff,0.75,gamma_s_eff,1.25,closed_low,unchanged_closed,False,1.6571218019454377,0.8533712059515937,increase
MFA_like_from_control_legacy,CONTROL_50nA.db::trial_1622,CONTROL|50|closed_low|open_high|recruited_during_load_then_closed_by_end|closed_low,P_gap_eff,1.0,gamma_s_eff,0.75,closed_low,unchanged_closed,False,1.6631606466459818,0.8594100506521378,increase
MFA_like_from_control_legacy,CONTROL_50nA.db::trial_1622,CONTROL|50|closed_low|open_high|recruited_during_load_then_closed_by_end|closed_low,P_gap_eff,1.0,gamma_s_eff,1.0,closed_low,unchanged_closed,False,1.6631606466459818,0.8594100506521378,increase
MFA_like_from_control_legacy,CONTROL_50nA.db::trial_1622,CONTROL|50|closed_low|open_high|recruited_during_load_then_closed_by_end|closed_low,P_gap_eff,1.0,gamma_s_eff,1.25,closed_low,unchanged_closed,False,1.6631606466459818,0.8594100506521378,increase
MFA_like_from_control_legacy,CONTROL_50nA.db::trial_1622,CONTROL|50|closed_low|open_high|recruited_during_load_then_closed_by_end|closed_low,P_gap_eff,1.25,gamma_s_eff,0.75,closed_low,unchanged_closed,False,1.6732124477028223,0.8694618517089783,increase
MFA_like_from_control_legacy,CONTROL_50nA.db::trial_1622,CONTROL|50|closed_low|open_high|recruited_during_load_then_closed_by_end|closed_low,P_gap_eff,1.25,gamma_s_eff,1.0,closed_low,unchanged_closed,False,1.6732124477028223,0.8694618517089783,increase
MFA_like_from_control_legacy,CONTROL_50nA.db::trial_1622,CONTROL|50|closed_low|open_high|recruited_during_load_then_closed_by_end|closed_low,P_gap_eff,1.25,gamma_s_eff,1.25,closed_low,unchanged_closed,False,1.6732124477028223,0.8694618517089783,increase
MFA_like_from_control_legacy,CONTROL_50nA.db::trial_1622,CONTROL|50|closed_low|open_high|recruited_during_load_then_closed_by_end|closed_low,P_gap_eff,0.75,zth,0.75,closed_low,unchanged_closed,False,1.6571218019454377,0.8533712059515937,increase
MFA_like_from_control_legacy,CONTROL_50nA.db::trial_1622,CONTROL|50|closed_low|open_high|recruited_during_load_then_closed_by_end|closed_low,P_gap_eff,0.75,zth,1.0,closed_low,unchanged_closed,False,1.6571218019454377,0.8533712059515937,increase
MFA_like_from_control_legacy,CONTROL_50nA.db::trial_1622,CONTROL|50|closed_low|open_high|recruited_during_load_then_closed_by_end|closed_low,P_gap_eff,0.75,zth,1.25,closed_low,unchanged_closed,False,1.6571218019454377,0.8533712059515937,increase
MFA_like_from_control_legacy,CONTROL_50nA.db::trial_1622,CONTROL|50|closed_low|open_high|recruited_during_load_then_closed_by_end|closed_low,P_gap_eff,1.0,zth,0.75,closed_low,unchanged_closed,False,1.6631606466459818,0.8594100506521378,increase
MFA_like_from_control_legacy,CONTROL_50nA.db::trial_1622,CONTROL|50|closed_low|open_high|recruited_during_load_then_closed_by_end|closed_low,P_gap_eff,1.0,zth,1.0,closed_low,unchanged_closed,False,1.6631606466459818,0.8594100506521378,increase
MFA_like_from_control_legacy,CONTROL_50nA.db::trial_1622,CONTROL|50|closed_low|open_high|recruited_during_load_then_closed_by_end|closed_low,P_gap_eff,1.0,zth,1.25,closed_low,unchanged_closed,False,1.6631606466459818,0.8594100506521378,increase
MFA_like_from_control_legacy,CONTROL_50nA.db::trial_1622,CONTROL|50|closed_low|open_high|recruited_during_load_then_closed_by_end|closed_low,P_gap_eff,1.25,zth,0.75,closed_low,unchanged_closed,False,1.6732124477028223,0.8694618517089783,increase
MFA_like_from_control_legacy,CONTROL_50nA.db::trial_1622,CONTROL|50|closed_low|open_high|recruited_during_load_then_closed_by_end|closed_low,P_gap_eff,1.25,zth,1.0,closed_low,unchanged_closed,False,1.6732124477028223,0.8694618517089783,increase
MFA_like_from_control_legacy,CONTROL_50nA.db::trial_1622,CONTROL|50|closed_low|open_high|recruited_during_load_then_closed_by_end|closed_low,P_gap_eff,1.25,zth,1.25,closed_low,unchanged_closed,False,1.6732124477028223,0.8694618517089783,increase
MFA_like_from_control_legacy,CONTROL_50nA.db::trial_1622,CONTROL|50|closed_low|open_high|recruited_during_load_then_closed_by_end|closed_low,gamma_s_eff,0.75,zth,0.75,closed_low,unchanged_closed,False,1.6631606466459818,0.8594100506521378,increase
MFA_like_from_control_legacy,CONTROL_50nA.db::trial_1622,CONTROL|50|closed_low|open_high|recruited_during_load_then_closed_by_end|closed_low,gamma_s_eff,0.75,zth,1.0,closed_low,unchanged_closed,False,1.6631606466459818,0.8594100506521378,increase
MFA_like_from_control_legacy,CONTROL_50nA.db::trial_1622,CONTROL|50|closed_low|open_high|recruited_during_load_then_closed_by_end|closed_low,gamma_s_eff,0.75,zth,1.25,closed_low,unchanged_closed,False,1.6631606466459818,0.8594100506521378,increase
MFA_like_from_control_legacy,CONTROL_50nA.db::trial_1622,CONTROL|50|closed_low|open_high|recruited_during_load_then_closed_by_end|closed_low,gamma_s_eff,1.0,zth,0.75,closed_low,unchanged_closed,False,1.6631606466459818,0.8594100506521378,increase
MFA_like_from_control_legacy,CONTROL_50nA.db::trial_1622,CONTROL|50|closed_low|open_high|recruited_during_load_then_closed_by_end|closed_low,gamma_s_eff,1.0,zth,1.0,closed_low,unchanged_closed,False,1.6631606466459818,0.8594100506521378,increase
MFA_like_from_control_legacy,CONTROL_50nA.db::trial_1622,CONTROL|50|closed_low|open_high|recruited_during_load_then_closed_by_end|closed_low,gamma_s_eff,1.0,zth,1.25,closed_low,unchanged_closed,False,1.6631606466459818,0.8594100506521378,increase
MFA_like_from_control_legacy,CONTROL_50nA.db::trial_1622,CONTROL|50|closed_low|open_high|recruited_during_load_then_closed_by_end|closed_low,gamma_s_eff,1.25,zth,0.75,closed_low,unchanged_closed,False,1.6631606466459818,0.8594100506521378,increase
MFA_like_from_control_legacy,CONTROL_50nA.db::trial_1622,CONTROL|50|closed_low|open_high|recruited_during_load_then_closed_by_end|closed_low,gamma_s_eff,1.25,zth,1.0,closed_low,unchanged_closed,False,1.6631606466459818,0.8594100506521378,increase
MFA_like_from_control_legacy,CONTROL_50nA.db::trial_1622,CONTROL|50|closed_low|open_high|recruited_during_load_then_closed_by_end|closed_low,gamma_s_eff,1.25,zth,1.25,closed_low,unchanged_closed,False,1.6631606466459818,0.8594100506521378,increase
MFA_like_from_control_legacy,CONTROL_50nA.db::trial_1622,CONTROL|50|closed_low|open_high|recruited_during_load_then_closed_by_end|closed_low,zth,0.75,zs,0.75,closed_low,unchanged_closed,False,1.6631606466459818,0.8594100506521378,increase
MFA_like_from_control_legacy,CONTROL_50nA.db::trial_1622,CONTROL|50|closed_low|open_high|recruited_during_load_then_closed_by_end|closed_low,zth,0.75,zs,1.0,closed_low,unchanged_closed,False,1.6631606466459818,0.8594100506521378,increase
MFA_like_from_control_legacy,CONTROL_50nA.db::trial_1622,CONTROL|50|closed_low|open_high|recruited_during_load_then_closed_by_end|closed_low,zth,0.75,zs,1.25,closed_low,unchanged_closed,False,1.6631606466459818,0.8594100506521378,increase
MFA_like_from_control_legacy,CONTROL_50nA.db::trial_1622,CONTROL|50|closed_low|open_high|recruited_during_load_then_closed_by_end|closed_low,zth,1.0,zs,0.75,closed_low,unchanged_closed,False,1.6631606466459818,0.8594100506521378,increase
MFA_like_from_control_legacy,CONTROL_50nA.db::trial_1622,CONTROL|50|closed_low|open_high|recruited_during_load_then_closed_by_end|closed_low,zth,1.0,zs,1.0,closed_low,unchanged_closed,False,1.6631606466459818,0.8594100506521378,increase
MFA_like_from_control_legacy,CONTROL_50nA.db::trial_1622,CONTROL|50|closed_low|open_high|recruited_during_load_then_closed_by_end|closed_low,zth,1.0,zs,1.25,closed_low,unchanged_closed,False,1.6631606466459818,0.8594100506521378,increase
MFA_like_from_control_legacy,CONTROL_50nA.db::trial_1622,CONTROL|50|closed_low|open_high|recruited_during_load_then_closed_by_end|closed_low,zth,1.25,zs,0.75,closed_low,unchanged_closed,False,1.6631606466459818,0.8594100506521378,increase
MFA_like_from_control_legacy,CONTROL_50nA.db::trial_1622,CONTROL|50|closed_low|open_high|recruited_during_load_then_closed_by_end|closed_low,zth,1.25,zs,1.0,closed_low,unchanged_closed,False,1.6631606466459818,0.8594100506521378,increase
MFA_like_from_control_legacy,CONTROL_50nA.db::trial_1622,CONTROL|50|closed_low|open_high|recruited_during_load_then_closed_by_end|closed_low,zth,1.25,zs,1.25,closed_low,unchanged_closed,False,1.6631606466459818,0.8594100506521378,increase
MFA_BA_stacked_on_control_legacy,CONTROL_50nA.db::trial_1622,CONTROL|50|closed_low|open_high|recruited_during_load_then_closed_by_end|closed_low,gki,0.75,P_gap_eff,0.75,closed_low,unchanged_closed,False,1.6559859126945582,0.8522353167007142,increase
MFA_BA_stacked_on_control_legacy,CONTROL_50nA.db::trial_1622,CONTROL|50|closed_low|open_high|recruited_during_load_then_closed_by_end|closed_low,gki,0.75,P_gap_eff,1.0,closed_low,unchanged_closed,False,1.6616887951341732,0.8579381991403292,increase
MFA_BA_stacked_on_control_legacy,CONTROL_50nA.db::trial_1622,CONTROL|50|closed_low|open_high|recruited_during_load_then_closed_by_end|closed_low,gki,0.75,P_gap_eff,1.25,closed_low,unchanged_closed,False,1.6712980299302216,0.8675474339363776,increase
MFA_BA_stacked_on_control_legacy,CONTROL_50nA.db::trial_1622,CONTROL|50|closed_low|open_high|recruited_during_load_then_closed_by_end|closed_low,gki,1.0,P_gap_eff,0.75,closed_low,unchanged_closed,False,1.6571218019454377,0.8533712059515937,increase
MFA_BA_stacked_on_control_legacy,CONTROL_50nA.db::trial_1622,CONTROL|50|closed_low|open_high|recruited_during_load_then_closed_by_end|closed_low,gki,1.0,P_gap_eff,1.0,closed_low,unchanged_closed,False,1.6631606466459818,0.8594100506521378,increase
MFA_BA_stacked_on_control_legacy,CONTROL_50nA.db::trial_1622,CONTROL|50|closed_low|open_high|recruited_during_load_then_closed_by_end|closed_low,gki,1.0,P_gap_eff,1.25,closed_low,unchanged_closed,False,1.6732124477028223,0.8694618517089783,increase
MFA_BA_stacked_on_control_legacy,CONTROL_50nA.db::trial_1622,CONTROL|50|closed_low|open_high|recruited_during_load_then_closed_by_end|closed_low,gki,1.25,P_gap_eff,0.75,closed_low,unchanged_closed,False,1.657810991549797,0.8540603955559529,increase
MFA_BA_stacked_on_control_legacy,CONTROL_50nA.db::trial_1622,CONTROL|50|closed_low|open_high|recruited_during_load_then_closed_by_end|closed_low,gki,1.25,P_gap_eff,1.0,closed_low,unchanged_closed,False,1.6640555600079616,0.8603049640141176,increase
MFA_BA_stacked_on_control_legacy,CONTROL_50nA.db::trial_1622,CONTROL|50|closed_low|open_high|recruited_during_load_then_closed_by_end|closed_low,gki,1.25,P_gap_eff,1.25,closed_low,unchanged_closed,False,1.6743780262888093,0.8706274302949653,increase
MFA_like_from_control_legacy,CONTROL_75nA.db::trial_2425,CONTROL|75|closed_low|closed_low|fully_closed_at_sim_end|closed_low,P_gap_eff,0.75,gamma_s_eff,0.75,closed_low,unchanged_closed,False,1.4566714443102566,0.2955764431445116,increase
MFA_like_from_control_legacy,CONTROL_75nA.db::trial_2425,CONTROL|75|closed_low|closed_low|fully_closed_at_sim_end|closed_low,P_gap_eff,0.75,gamma_s_eff,1.0,closed_low,unchanged_closed,False,1.4566714443102566,0.2955764431445116,increase
MFA_like_from_control_legacy,CONTROL_75nA.db::trial_2425,CONTROL|75|closed_low|closed_low|fully_closed_at_sim_end|closed_low,P_gap_eff,0.75,gamma_s_eff,1.25,closed_low,unchanged_closed,False,1.4566714443102566,0.2955764431445116,increase
MFA_like_from_control_legacy,CONTROL_75nA.db::trial_2425,CONTROL|75|closed_low|closed_low|fully_closed_at_sim_end|closed_low,P_gap_eff,1.0,gamma_s_eff,0.75,closed_low,unchanged_closed,False,1.4478759551146003,0.2867809539488553,increase
MFA_like_from_control_legacy,CONTROL_75nA.db::trial_2425,CONTROL|75|closed_low|closed_low|fully_closed_at_sim_end|closed_low,P_gap_eff,1.0,gamma_s_eff,1.0,closed_low,unchanged_closed,False,1.4478759551146003,0.2867809539488553,increase
MFA_like_from_control_legacy,CONTROL_75nA.db::trial_2425,CONTROL|75|closed_low|closed_low|fully_closed_at_sim_end|closed_low,P_gap_eff,1.0,gamma_s_eff,1.25,closed_low,unchanged_closed,False,1.4478759551146003,0.2867809539488553,increase
MFA_like_from_control_legacy,CONTROL_75nA.db::trial_2425,CONTROL|75|closed_low|closed_low|fully_closed_at_sim_end|closed_low,P_gap_eff,1.25,gamma_s_eff,0.75,closed_low,unchanged_closed,False,1.4396378475248732,0.2785428463591282,increase
MFA_like_from_control_legacy,CONTROL_75nA.db::trial_2425,CONTROL|75|closed_low|closed_low|fully_closed_at_sim_end|closed_low,P_gap_eff,1.25,gamma_s_eff,1.0,closed_low,unchanged_closed,False,1.4396378475248732,0.2785428463591282,increase
MFA_like_from_control_legacy,CONTROL_75nA.db::trial_2425,CONTROL|75|closed_low|closed_low|fully_closed_at_sim_end|closed_low,P_gap_eff,1.25,gamma_s_eff,1.25,closed_low,unchanged_closed,False,1.4396378475248732,0.2785428463591282,increase
MFA_like_from_control_legacy,CONTROL_75nA.db::trial_2425,CONTROL|75|closed_low|closed_low|fully_closed_at_sim_end|closed_low,P_gap_eff,0.75,zth,0.75,closed_low,unchanged_closed,False,1.4566714443102566,0.2955764431445116,increase
MFA_like_from_control_legacy,CONTROL_75nA.db::trial_2425,CONTROL|75|closed_low|closed_low|fully_closed_at_sim_end|closed_low,P_gap_eff,0.75,zth,1.0,closed_low,unchanged_closed,False,1.4566714443102566,0.2955764431445116,increase
MFA_like_from_control_legacy,CONTROL_75nA.db::trial_2425,CONTROL|75|closed_low|closed_low|fully_closed_at_sim_end|closed_low,P_gap_eff,0.75,zth,1.25,closed_low,unchanged_closed,False,1.4566714443102566,0.2955764431445116,increase
MFA_like_from_control_legacy,CONTROL_75nA.db::trial_2425,CONTROL|75|closed_low|closed_low|fully_closed_at_sim_end|closed_low,P_gap_eff,1.0,zth,0.75,closed_low,unchanged_closed,False,1.4478759551146003,0.2867809539488553,increase
MFA_like_from_control_legacy,CONTROL_75nA.db::trial_2425,CONTROL|75|closed_low|closed_low|fully_closed_at_sim_end|closed_low,P_gap_eff,1.0,zth,1.0,closed_low,unchanged_closed,False,1.4478759551146003,0.2867809539488553,increase
MFA_like_from_control_legacy,CONTROL_75nA.db::trial_2425,CONTROL|75|closed_low|closed_low|fully_closed_at_sim_end|closed_low,P_gap_eff,1.0,zth,1.25,closed_low,unchanged_closed,False,1.4478759551146003,0.2867809539488553,increase
MFA_like_from_control_legacy,CONTROL_75nA.db::trial_2425,CONTROL|75|closed_low|closed_low|fully_closed_at_sim_end|closed_low,P_gap_eff,1.25,zth,0.75,closed_low,unchanged_closed,False,1.4396378475248732,0.2785428463591282,increase
MFA_like_from_control_legacy,CONTROL_75nA.db::trial_2425,CONTROL|75|closed_low|closed_low|fully_closed_at_sim_end|closed_low,P_gap_eff,1.25,zth,1.0,closed_low,unchanged_closed,False,1.4396378475248732,0.2785428463591282,increase
MFA_like_from_control_legacy,CONTROL_75nA.db::trial_2425,CONTROL|75|closed_low|closed_low|fully_closed_at_sim_end|closed_low,P_gap_eff,1.25,zth,1.25,closed_low,unchanged_closed,False,1.4396378475248732,0.2785428463591282,increase
MFA_like_from_control_legacy,CONTROL_75nA.db::trial_2425,CONTROL|75|closed_low|closed_low|fully_closed_at_sim_end|closed_low,gamma_s_eff,0.75,zth,0.75,closed_low,unchanged_closed,False,1.4478759551146003,0.2867809539488553,increase
MFA_like_from_control_legacy,CONTROL_75nA.db::trial_2425,CONTROL|75|closed_low|closed_low|fully_closed_at_sim_end|closed_low,gamma_s_eff,0.75,zth,1.0,closed_low,unchanged_closed,False,1.4478759551146003,0.2867809539488553,increase
MFA_like_from_control_legacy,CONTROL_75nA.db::trial_2425,CONTROL|75|closed_low|closed_low|fully_closed_at_sim_end|closed_low,gamma_s_eff,0.75,zth,1.25,closed_low,unchanged_closed,False,1.4478759551146003,0.2867809539488553,increase
MFA_like_from_control_legacy,CONTROL_75nA.db::trial_2425,CONTROL|75|closed_low|closed_low|fully_closed_at_sim_end|closed_low,gamma_s_eff,1.0,zth,0.75,closed_low,unchanged_closed,False,1.4478759551146003,0.2867809539488553,increase
MFA_like_from_control_legacy,CONTROL_75nA.db::trial_2425,CONTROL|75|closed_low|closed_low|fully_closed_at_sim_end|closed_low,gamma_s_eff,1.0,zth,1.0,closed_low,unchanged_closed,False,1.4478759551146003,0.2867809539488553,increase
MFA_like_from_control_legacy,CONTROL_75nA.db::trial_2425,CONTROL|75|closed_low|closed_low|fully_closed_at_sim_end|closed_low,gamma_s_eff,1.0,zth,1.25,closed_low,unchanged_closed,False,1.4478759551146003,0.2867809539488553,increase
MFA_like_from_control_legacy,CONTROL_75nA.db::trial_2425,CONTROL|75|closed_low|closed_low|fully_closed_at_sim_end|closed_low,gamma_s_eff,1.25,zth,0.75,closed_low,unchanged_closed,False,1.4478759551146003,0.2867809539488553,increase
MFA_like_from_control_legacy,CONTROL_75nA.db::trial_2425,CONTROL|75|closed_low|closed_low|fully_closed_at_sim_end|closed_low,gamma_s_eff,1.25,zth,1.0,closed_low,unchanged_closed,False,1.4478759551146003,0.2867809539488553,increase
MFA_like_from_control_legacy,CONTROL_75nA.db::trial_2425,CONTROL|75|closed_low|closed_low|fully_closed_at_sim_end|closed_low,gamma_s_eff,1.25,zth,1.25,closed_low,unchanged_closed,False,1.4478759551146003,0.2867809539488553,increase
MFA_like_from_control_legacy,CONTROL_75nA.db::trial_2425,CONTROL|75|closed_low|closed_low|fully_closed_at_sim_end|closed_low,zth,0.75,zs,0.75,closed_low,unchanged_closed,False,1.4478759551146003,0.2867809539488553,increase
MFA_like_from_control_legacy,CONTROL_75nA.db::trial_2425,CONTROL|75|closed_low|closed_low|fully_closed_at_sim_end|closed_low,zth,0.75,zs,1.0,closed_low,unchanged_closed,False,1.4478759551146003,0.2867809539488553,increase
MFA_like_from_control_legacy,CONTROL_75nA.db::trial_2425,CONTROL|75|closed_low|closed_low|fully_closed_at_sim_end|closed_low,zth,0.75,zs,1.25,closed_low,unchanged_closed,False,1.4478759551146003,0.2867809539488553,increase
MFA_like_from_control_legacy,CONTROL_75nA.db::trial_2425,CONTROL|75|closed_low|closed_low|fully_closed_at_sim_end|closed_low,zth,1.0,zs,0.75,closed_low,unchanged_closed,False,1.4478759551146003,0.2867809539488553,increase
MFA_like_from_control_legacy,CONTROL_75nA.db::trial_2425,CONTROL|75|closed_low|closed_low|fully_closed_at_sim_end|closed_low,zth,1.0,zs,1.0,closed_low,unchanged_closed,False,1.4478759551146003,0.2867809539488553,increase
MFA_like_from_control_legacy,CONTROL_75nA.db::trial_2425,CONTROL|75|closed_low|closed_low|fully_closed_at_sim_end|closed_low,zth,1.0,zs,1.25,closed_low,unchanged_closed,False,1.4478759551146003,0.2867809539488553,increase
MFA_like_from_control_legacy,CONTROL_75nA.db::trial_2425,CONTROL|75|closed_low|closed_low|fully_closed_at_sim_end|closed_low,zth,1.25,zs,0.75,closed_low,unchanged_closed,False,1.4478759551146003,0.2867809539488553,increase
MFA_like_from_control_legacy,CONTROL_75nA.db::trial_2425,CONTROL|75|closed_low|closed_low|fully_closed_at_sim_end|closed_low,zth,1.25,zs,1.0,closed_low,unchanged_closed,False,1.4478759551146003,0.2867809539488553,increase
MFA_like_from_control_legacy,CONTROL_75nA.db::trial_2425,CONTROL|75|closed_low|closed_low|fully_closed_at_sim_end|closed_low,zth,1.25,zs,1.25,closed_low,unchanged_closed,False,1.4478759551146003,0.2867809539488553,increase
MFA_BA_stacked_on_control_legacy,CONTROL_75nA.db::trial_2425,CONTROL|75|closed_low|closed_low|fully_closed_at_sim_end|closed_low,gki,0.75,P_gap_eff,0.75,closed_low,unchanged_closed,False,1.457447705437505,0.29635270427175997,increase
MFA_BA_stacked_on_control_legacy,CONTROL_75nA.db::trial_2425,CONTROL|75|closed_low|closed_low|fully_closed_at_sim_end|closed_low,gki,0.75,P_gap_eff,1.0,closed_low,unchanged_closed,False,1.4486865056949423,0.28759150452919724,increase
MFA_BA_stacked_on_control_legacy,CONTROL_75nA.db::trial_2425,CONTROL|75|closed_low|closed_low|fully_closed_at_sim_end|closed_low,gki,0.75,P_gap_eff,1.25,closed_low,unchanged_closed,False,1.440405418459938,0.2793104172941929,increase
MFA_BA_stacked_on_control_legacy,CONTROL_75nA.db::trial_2425,CONTROL|75|closed_low|closed_low|fully_closed_at_sim_end|closed_low,gki,1.0,P_gap_eff,0.75,closed_low,unchanged_closed,False,1.4566714443102566,0.2955764431445116,increase
MFA_BA_stacked_on_control_legacy,CONTROL_75nA.db::trial_2425,CONTROL|75|closed_low|closed_low|fully_closed_at_sim_end|closed_low,gki,1.0,P_gap_eff,1.0,closed_low,unchanged_closed,False,1.4478759551146003,0.2867809539488553,increase
MFA_BA_stacked_on_control_legacy,CONTROL_75nA.db::trial_2425,CONTROL|75|closed_low|closed_low|fully_closed_at_sim_end|closed_low,gki,1.0,P_gap_eff,1.25,closed_low,unchanged_closed,False,1.4396378475248732,0.2785428463591282,increase
MFA_BA_stacked_on_control_legacy,CONTROL_75nA.db::trial_2425,CONTROL|75|closed_low|closed_low|fully_closed_at_sim_end|closed_low,gki,1.25,P_gap_eff,0.75,closed_low,unchanged_closed,False,1.456275003422225,0.2951800022564799,increase
MFA_BA_stacked_on_control_legacy,CONTROL_75nA.db::trial_2425,CONTROL|75|closed_low|closed_low|fully_closed_at_sim_end|closed_low,gki,1.25,P_gap_eff,1.0,closed_low,unchanged_closed,False,1.4474844710019872,0.28638946983624214,increase
MFA_BA_stacked_on_control_legacy,CONTROL_75nA.db::trial_2425,CONTROL|75|closed_low|closed_low|fully_closed_at_sim_end|closed_low,gki,1.25,P_gap_eff,1.25,closed_low,unchanged_closed,False,1.4393059598192564,0.2782109586535113,increase
MFA_like_from_control_legacy,CONTROL_75nA.db::trial_706,CONTROL|75|closed_low|closed_low|fully_closed_at_sim_end|closed_low,P_gap_eff,0.75,gamma_s_eff,0.75,closed_low,unchanged_closed,False,1.5323661333857537,0.46692490239896345,increase
MFA_like_from_control_legacy,CONTROL_75nA.db::trial_706,CONTROL|75|closed_low|closed_low|fully_closed_at_sim_end|closed_low,P_gap_eff,0.75,gamma_s_eff,1.0,closed_low,unchanged_closed,False,1.5323661333857537,0.46692490239896345,increase
MFA_like_from_control_legacy,CONTROL_75nA.db::trial_706,CONTROL|75|closed_low|closed_low|fully_closed_at_sim_end|closed_low,P_gap_eff,0.75,gamma_s_eff,1.25,closed_low,unchanged_closed,False,1.5323661333857537,0.46692490239896345,increase
MFA_like_from_control_legacy,CONTROL_75nA.db::trial_706,CONTROL|75|closed_low|closed_low|fully_closed_at_sim_end|closed_low,P_gap_eff,1.0,gamma_s_eff,0.75,closed_low,unchanged_closed,False,1.5239255624039527,0.4584843314171625,increase
MFA_like_from_control_legacy,CONTROL_75nA.db::trial_706,CONTROL|75|closed_low|closed_low|fully_closed_at_sim_end|closed_low,P_gap_eff,1.0,gamma_s_eff,1.0,closed_low,unchanged_closed,False,1.5239255624039527,0.4584843314171625,increase
MFA_like_from_control_legacy,CONTROL_75nA.db::trial_706,CONTROL|75|closed_low|closed_low|fully_closed_at_sim_end|closed_low,P_gap_eff,1.0,gamma_s_eff,1.25,closed_low,unchanged_closed,False,1.5239255624039527,0.4584843314171625,increase
MFA_like_from_control_legacy,CONTROL_75nA.db::trial_706,CONTROL|75|closed_low|closed_low|fully_closed_at_sim_end|closed_low,P_gap_eff,1.25,gamma_s_eff,0.75,closed_low,unchanged_closed,False,1.5163042885572322,0.450863057570442,increase
MFA_like_from_control_legacy,CONTROL_75nA.db::trial_706,CONTROL|75|closed_low|closed_low|fully_closed_at_sim_end|closed_low,P_gap_eff,1.25,gamma_s_eff,1.0,closed_low,unchanged_closed,False,1.5163042885572322,0.450863057570442,increase
MFA_like_from_control_legacy,CONTROL_75nA.db::trial_706,CONTROL|75|closed_low|closed_low|fully_closed_at_sim_end|closed_low,P_gap_eff,1.25,gamma_s_eff,1.25,closed_low,unchanged_closed,False,1.5163042885572322,0.450863057570442,increase
MFA_like_from_control_legacy,CONTROL_75nA.db::trial_706,CONTROL|75|closed_low|closed_low|fully_closed_at_sim_end|closed_low,P_gap_eff,0.75,zth,0.75,closed_low,unchanged_closed,False,1.5323661333857537,0.46692490239896345,increase
MFA_like_from_control_legacy,CONTROL_75nA.db::trial_706,CONTROL|75|closed_low|closed_low|fully_closed_at_sim_end|closed_low,P_gap_eff,0.75,zth,1.0,closed_low,unchanged_closed,False,1.5323661333857537,0.46692490239896345,increase
MFA_like_from_control_legacy,CONTROL_75nA.db::trial_706,CONTROL|75|closed_low|closed_low|fully_closed_at_sim_end|closed_low,P_gap_eff,0.75,zth,1.25,closed_low,unchanged_closed,False,1.5323661333857537,0.46692490239896345,increase
MFA_like_from_control_legacy,CONTROL_75nA.db::trial_706,CONTROL|75|closed_low|closed_low|fully_closed_at_sim_end|closed_low,P_gap_eff,1.0,zth,0.75,closed_low,unchanged_closed,False,1.5239255624039527,0.4584843314171625,increase
MFA_like_from_control_legacy,CONTROL_75nA.db::trial_706,CONTROL|75|closed_low|closed_low|fully_closed_at_sim_end|closed_low,P_gap_eff,1.0,zth,1.0,closed_low,unchanged_closed,False,1.5239255624039527,0.4584843314171625,increase
MFA_like_from_control_legacy,CONTROL_75nA.db::trial_706,CONTROL|75|closed_low|closed_low|fully_closed_at_sim_end|closed_low,P_gap_eff,1.0,zth,1.25,closed_low,unchanged_closed,False,1.5239255624039527,0.4584843314171625,increase
MFA_like_from_control_legacy,CONTROL_75nA.db::trial_706,CONTROL|75|closed_low|closed_low|fully_closed_at_sim_end|closed_low,P_gap_eff,1.25,zth,0.75,closed_low,unchanged_closed,False,1.5163042885572322,0.450863057570442,increase
MFA_like_from_control_legacy,CONTROL_75nA.db::trial_706,CONTROL|75|closed_low|closed_low|fully_closed_at_sim_end|closed_low,P_gap_eff,1.25,zth,1.0,closed_low,unchanged_closed,False,1.5163042885572322,0.450863057570442,increase
MFA_like_from_control_legacy,CONTROL_75nA.db::trial_706,CONTROL|75|closed_low|closed_low|fully_closed_at_sim_end|closed_low,P_gap_eff,1.25,zth,1.25,closed_low,unchanged_closed,False,1.5163042885572322,0.450863057570442,increase
MFA_like_from_control_legacy,CONTROL_75nA.db::trial_706,CONTROL|75|closed_low|closed_low|fully_closed_at_sim_end|closed_low,gamma_s_eff,0.75,zth,0.75,closed_low,unchanged_closed,False,1.5239255624039527,0.4584843314171625,increase
MFA_like_from_control_legacy,CONTROL_75nA.db::trial_706,CONTROL|75|closed_low|closed_low|fully_closed_at_sim_end|closed_low,gamma_s_eff,0.75,zth,1.0,closed_low,unchanged_closed,False,1.5239255624039527,0.4584843314171625,increase
MFA_like_from_control_legacy,CONTROL_75nA.db::trial_706,CONTROL|75|closed_low|closed_low|fully_closed_at_sim_end|closed_low,gamma_s_eff,0.75,zth,1.25,closed_low,unchanged_closed,False,1.5239255624039527,0.4584843314171625,increase
MFA_like_from_control_legacy,CONTROL_75nA.db::trial_706,CONTROL|75|closed_low|closed_low|fully_closed_at_sim_end|closed_low,gamma_s_eff,1.0,zth,0.75,closed_low,unchanged_closed,False,1.5239255624039527,0.4584843314171625,increase
MFA_like_from_control_legacy,CONTROL_75nA.db::trial_706,CONTROL|75|closed_low|closed_low|fully_closed_at_sim_end|closed_low,gamma_s_eff,1.0,zth,1.0,closed_low,unchanged_closed,False,1.5239255624039527,0.4584843314171625,increase
MFA_like_from_control_legacy,CONTROL_75nA.db::trial_706,CONTROL|75|closed_low|closed_low|fully_closed_at_sim_end|closed_low,gamma_s_eff,1.0,zth,1.25,closed_low,unchanged_closed,False,1.5239255624039527,0.4584843314171625,increase
MFA_like_from_control_legacy,CONTROL_75nA.db::trial_706,CONTROL|75|closed_low|closed_low|fully_closed_at_sim_end|closed_low,gamma_s_eff,1.25,zth,0.75,closed_low,unchanged_closed,False,1.5239255624039527,0.4584843314171625,increase
MFA_like_from_control_legacy,CONTROL_75nA.db::trial_706,CONTROL|75|closed_low|closed_low|fully_closed_at_sim_end|closed_low,gamma_s_eff,1.25,zth,1.0,closed_low,unchanged_closed,False,1.5239255624039527,0.4584843314171625,increase
MFA_like_from_control_legacy,CONTROL_75nA.db::trial_706,CONTROL|75|closed_low|closed_low|fully_closed_at_sim_end|closed_low,gamma_s_eff,1.25,zth,1.25,closed_low,unchanged_closed,False,1.5239255624039527,0.4584843314171625,increase
MFA_like_from_control_legacy,CONTROL_75nA.db::trial_706,CONTROL|75|closed_low|closed_low|fully_closed_at_sim_end|closed_low,zth,0.75,zs,0.75,closed_low,unchanged_closed,False,1.5239255624039527,0.4584843314171625,increase
MFA_like_from_control_legacy,CONTROL_75nA.db::trial_706,CONTROL|75|closed_low|closed_low|fully_closed_at_sim_end|closed_low,zth,0.75,zs,1.0,closed_low,unchanged_closed,False,1.5239255624039527,0.4584843314171625,increase
MFA_like_from_control_legacy,CONTROL_75nA.db::trial_706,CONTROL|75|closed_low|closed_low|fully_closed_at_sim_end|closed_low,zth,0.75,zs,1.25,closed_low,unchanged_closed,False,1.5239255624039527,0.4584843314171625,increase
MFA_like_from_control_legacy,CONTROL_75nA.db::trial_706,CONTROL|75|closed_low|closed_low|fully_closed_at_sim_end|closed_low,zth,1.0,zs,0.75,closed_low,unchanged_closed,False,1.5239255624039527,0.4584843314171625,increase
MFA_like_from_control_legacy,CONTROL_75nA.db::trial_706,CONTROL|75|closed_low|closed_low|fully_closed_at_sim_end|closed_low,zth,1.0,zs,1.0,closed_low,unchanged_closed,False,1.5239255624039527,0.4584843314171625,increase
MFA_like_from_control_legacy,CONTROL_75nA.db::trial_706,CONTROL|75|closed_low|closed_low|fully_closed_at_sim_end|closed_low,zth,1.0,zs,1.25,closed_low,unchanged_closed,False,1.5239255624039527,0.4584843314171625,increase
MFA_like_from_control_legacy,CONTROL_75nA.db::trial_706,CONTROL|75|closed_low|closed_low|fully_closed_at_sim_end|closed_low,zth,1.25,zs,0.75,closed_low,unchanged_closed,False,1.5239255624039527,0.4584843314171625,increase
MFA_like_from_control_legacy,CONTROL_75nA.db::trial_706,CONTROL|75|closed_low|closed_low|fully_closed_at_sim_end|closed_low,zth,1.25,zs,1.0,closed_low,unchanged_closed,False,1.5239255624039527,0.4584843314171625,increase
MFA_like_from_control_legacy,CONTROL_75nA.db::trial_706,CONTROL|75|closed_low|closed_low|fully_closed_at_sim_end|closed_low,zth,1.25,zs,1.25,closed_low,unchanged_closed,False,1.5239255624039527,0.4584843314171625,increase
MFA_BA_stacked_on_control_legacy,CONTROL_75nA.db::trial_706,CONTROL|75|closed_low|closed_low|fully_closed_at_sim_end|closed_low,gki,0.75,P_gap_eff,0.75,closed_low,unchanged_closed,False,1.5330465797118327,0.46760534872504245,increase
MFA_BA_stacked_on_control_legacy,CONTROL_75nA.db::trial_706,CONTROL|75|closed_low|closed_low|fully_closed_at_sim_end|closed_low,gki,0.75,P_gap_eff,1.0,closed_low,unchanged_closed,False,1.5245718363689926,0.4591306053822024,increase
MFA_BA_stacked_on_control_legacy,CONTROL_75nA.db::trial_706,CONTROL|75|closed_low|closed_low|fully_closed_at_sim_end|closed_low,gki,0.75,P_gap_eff,1.25,closed_low,unchanged_closed,False,1.5167935827165875,0.45135235172979726,increase
MFA_BA_stacked_on_control_legacy,CONTROL_75nA.db::trial_706,CONTROL|75|closed_low|closed_low|fully_closed_at_sim_end|closed_low,gki,1.0,P_gap_eff,0.75,closed_low,unchanged_closed,False,1.5323661333857537,0.46692490239896345,increase
MFA_BA_stacked_on_control_legacy,CONTROL_75nA.db::trial_706,CONTROL|75|closed_low|closed_low|fully_closed_at_sim_end|closed_low,gki,1.0,P_gap_eff,1.0,closed_low,unchanged_closed,False,1.5239255624039527,0.4584843314171625,increase
MFA_BA_stacked_on_control_legacy,CONTROL_75nA.db::trial_706,CONTROL|75|closed_low|closed_low|fully_closed_at_sim_end|closed_low,gki,1.0,P_gap_eff,1.25,closed_low,unchanged_closed,False,1.5163042885572322,0.450863057570442,increase
MFA_BA_stacked_on_control_legacy,CONTROL_75nA.db::trial_706,CONTROL|75|closed_low|closed_low|fully_closed_at_sim_end|closed_low,gki,1.25,P_gap_eff,0.75,closed_low,unchanged_closed,False,1.5320087784952914,0.46656754750850116,increase
MFA_BA_stacked_on_control_legacy,CONTROL_75nA.db::trial_706,CONTROL|75|closed_low|closed_low|fully_closed_at_sim_end|closed_low,gki,1.25,P_gap_eff,1.0,closed_low,unchanged_closed,False,1.5236160533365022,0.45817482234971196,increase
MFA_BA_stacked_on_control_legacy,CONTROL_75nA.db::trial_706,CONTROL|75|closed_low|closed_low|fully_closed_at_sim_end|closed_low,gki,1.25,P_gap_eff,1.25,closed_low,unchanged_closed,False,1.5161313856656422,0.450690154678852,increase
MFA_like_from_control_legacy,CONTROL_100nA.db::trial_1943,CONTROL|100|closed_low|closed_low|fully_closed_at_sim_end|closed_low,P_gap_eff,0.75,gamma_s_eff,0.75,closed_low,unchanged_closed,False,1.1615295368234206,-0.22635199546745577,decrease
MFA_like_from_control_legacy,CONTROL_100nA.db::trial_1943,CONTROL|100|closed_low|closed_low|fully_closed_at_sim_end|closed_low,P_gap_eff,0.75,gamma_s_eff,1.0,closed_low,unchanged_closed,False,1.1615295368234206,-0.22635199546745577,decrease
MFA_like_from_control_legacy,CONTROL_100nA.db::trial_1943,CONTROL|100|closed_low|closed_low|fully_closed_at_sim_end|closed_low,P_gap_eff,0.75,gamma_s_eff,1.25,closed_low,unchanged_closed,False,1.1615295368234206,-0.22635199546745577,decrease
MFA_like_from_control_legacy,CONTROL_100nA.db::trial_1943,CONTROL|100|closed_low|closed_low|fully_closed_at_sim_end|closed_low,P_gap_eff,1.0,gamma_s_eff,0.75,closed_low,unchanged_closed,False,1.16122475586768,-0.22665677642319637,decrease
MFA_like_from_control_legacy,CONTROL_100nA.db::trial_1943,CONTROL|100|closed_low|closed_low|fully_closed_at_sim_end|closed_low,P_gap_eff,1.0,gamma_s_eff,1.0,closed_low,unchanged_closed,False,1.16122475586768,-0.22665677642319637,decrease
MFA_like_from_control_legacy,CONTROL_100nA.db::trial_1943,CONTROL|100|closed_low|closed_low|fully_closed_at_sim_end|closed_low,P_gap_eff,1.0,gamma_s_eff,1.25,closed_low,unchanged_closed,False,1.16122475586768,-0.22665677642319637,decrease
MFA_like_from_control_legacy,CONTROL_100nA.db::trial_1943,CONTROL|100|closed_low|closed_low|fully_closed_at_sim_end|closed_low,P_gap_eff,1.25,gamma_s_eff,0.75,closed_low,unchanged_closed,False,1.160920244987911,-0.2269612873029654,decrease
MFA_like_from_control_legacy,CONTROL_100nA.db::trial_1943,CONTROL|100|closed_low|closed_low|fully_closed_at_sim_end|closed_low,P_gap_eff,1.25,gamma_s_eff,1.0,closed_low,unchanged_closed,False,1.160920244987911,-0.2269612873029654,decrease
MFA_like_from_control_legacy,CONTROL_100nA.db::trial_1943,CONTROL|100|closed_low|closed_low|fully_closed_at_sim_end|closed_low,P_gap_eff,1.25,gamma_s_eff,1.25,closed_low,unchanged_closed,False,1.160920244987911,-0.2269612873029654,decrease
MFA_like_from_control_legacy,CONTROL_100nA.db::trial_1943,CONTROL|100|closed_low|closed_low|fully_closed_at_sim_end|closed_low,P_gap_eff,0.75,zth,0.75,closed_low,unchanged_closed,False,1.1615295368234206,-0.22635199546745577,decrease
MFA_like_from_control_legacy,CONTROL_100nA.db::trial_1943,CONTROL|100|closed_low|closed_low|fully_closed_at_sim_end|closed_low,P_gap_eff,0.75,zth,1.0,closed_low,unchanged_closed,False,1.1615295368234206,-0.22635199546745577,decrease
MFA_like_from_control_legacy,CONTROL_100nA.db::trial_1943,CONTROL|100|closed_low|closed_low|fully_closed_at_sim_end|closed_low,P_gap_eff,0.75,zth,1.25,closed_low,unchanged_closed,False,1.1615295368234206,-0.22635199546745577,decrease
MFA_like_from_control_legacy,CONTROL_100nA.db::trial_1943,CONTROL|100|closed_low|closed_low|fully_closed_at_sim_end|closed_low,P_gap_eff,1.0,zth,0.75,closed_low,unchanged_closed,False,1.16122475586768,-0.22665677642319637,decrease
MFA_like_from_control_legacy,CONTROL_100nA.db::trial_1943,CONTROL|100|closed_low|closed_low|fully_closed_at_sim_end|closed_low,P_gap_eff,1.0,zth,1.0,closed_low,unchanged_closed,False,1.16122475586768,-0.22665677642319637,decrease
MFA_like_from_control_legacy,CONTROL_100nA.db::trial_1943,CONTROL|100|closed_low|closed_low|fully_closed_at_sim_end|closed_low,P_gap_eff,1.0,zth,1.25,closed_low,unchanged_closed,False,1.16122475586768,-0.22665677642319637,decrease
MFA_like_from_control_legacy,CONTROL_100nA.db::trial_1943,CONTROL|100|closed_low|closed_low|fully_closed_at_sim_end|closed_low,P_gap_eff,1.25,zth,0.75,closed_low,unchanged_closed,False,1.160920244987911,-0.2269612873029654,decrease
MFA_like_from_control_legacy,CONTROL_100nA.db::trial_1943,CONTROL|100|closed_low|closed_low|fully_closed_at_sim_end|closed_low,P_gap_eff,1.25,zth,1.0,closed_low,unchanged_closed,False,1.160920244987911,-0.2269612873029654,decrease
MFA_like_from_control_legacy,CONTROL_100nA.db::trial_1943,CONTROL|100|closed_low|closed_low|fully_closed_at_sim_end|closed_low,P_gap_eff,1.25,zth,1.25,closed_low,unchanged_closed,False,1.160920244987911,-0.2269612873029654,decrease
MFA_like_from_control_legacy,CONTROL_100nA.db::trial_1943,CONTROL|100|closed_low|closed_low|fully_closed_at_sim_end|closed_low,gamma_s_eff,0.75,zth,0.75,closed_low,unchanged_closed,False,1.16122475586768,-0.22665677642319637,decrease
MFA_like_from_control_legacy,CONTROL_100nA.db::trial_1943,CONTROL|100|closed_low|closed_low|fully_closed_at_sim_end|closed_low,gamma_s_eff,0.75,zth,1.0,closed_low,unchanged_closed,False,1.16122475586768,-0.22665677642319637,decrease
MFA_like_from_control_legacy,CONTROL_100nA.db::trial_1943,CONTROL|100|closed_low|closed_low|fully_closed_at_sim_end|closed_low,gamma_s_eff,0.75,zth,1.25,closed_low,unchanged_closed,False,1.16122475586768,-0.22665677642319637,decrease
MFA_like_from_control_legacy,CONTROL_100nA.db::trial_1943,CONTROL|100|closed_low|closed_low|fully_closed_at_sim_end|closed_low,gamma_s_eff,1.0,zth,0.75,closed_low,unchanged_closed,False,1.16122475586768,-0.22665677642319637,decrease
MFA_like_from_control_legacy,CONTROL_100nA.db::trial_1943,CONTROL|100|closed_low|closed_low|fully_closed_at_sim_end|closed_low,gamma_s_eff,1.0,zth,1.0,closed_low,unchanged_closed,False,1.16122475586768,-0.22665677642319637,decrease
MFA_like_from_control_legacy,CONTROL_100nA.db::trial_1943,CONTROL|100|closed_low|closed_low|fully_closed_at_sim_end|closed_low,gamma_s_eff,1.0,zth,1.25,closed_low,unchanged_closed,False,1.16122475586768,-0.22665677642319637,decrease
MFA_like_from_control_legacy,CONTROL_100nA.db::trial_1943,CONTROL|100|closed_low|closed_low|fully_closed_at_sim_end|closed_low,gamma_s_eff,1.25,zth,0.75,closed_low,unchanged_closed,False,1.16122475586768,-0.22665677642319637,decrease
MFA_like_from_control_legacy,CONTROL_100nA.db::trial_1943,CONTROL|100|closed_low|closed_low|fully_closed_at_sim_end|closed_low,gamma_s_eff,1.25,zth,1.0,closed_low,unchanged_closed,False,1.16122475586768,-0.22665677642319637,decrease
MFA_like_from_control_legacy,CONTROL_100nA.db::trial_1943,CONTROL|100|closed_low|closed_low|fully_closed_at_sim_end|closed_low,gamma_s_eff,1.25,zth,1.25,closed_low,unchanged_closed,False,1.16122475586768,-0.22665677642319637,decrease
MFA_like_from_control_legacy,CONTROL_100nA.db::trial_1943,CONTROL|100|closed_low|closed_low|fully_closed_at_sim_end|closed_low,zth,0.75,zs,0.75,closed_low,unchanged_closed,False,1.16122475586768,-0.22665677642319637,decrease
MFA_like_from_control_legacy,CONTROL_100nA.db::trial_1943,CONTROL|100|closed_low|closed_low|fully_closed_at_sim_end|closed_low,zth,0.75,zs,1.0,closed_low,unchanged_closed,False,1.16122475586768,-0.22665677642319637,decrease
MFA_like_from_control_legacy,CONTROL_100nA.db::trial_1943,CONTROL|100|closed_low|closed_low|fully_closed_at_sim_end|closed_low,zth,0.75,zs,1.25,closed_low,unchanged_closed,False,1.16122475586768,-0.22665677642319637,decrease
MFA_like_from_control_legacy,CONTROL_100nA.db::trial_1943,CONTROL|100|closed_low|closed_low|fully_closed_at_sim_end|closed_low,zth,1.0,zs,0.75,closed_low,unchanged_closed,False,1.16122475586768,-0.22665677642319637,decrease
MFA_like_from_control_legacy,CONTROL_100nA.db::trial_1943,CONTROL|100|closed_low|closed_low|fully_closed_at_sim_end|closed_low,zth,1.0,zs,1.0,closed_low,unchanged_closed,False,1.16122475586768,-0.22665677642319637,decrease
MFA_like_from_control_legacy,CONTROL_100nA.db::trial_1943,CONTROL|100|closed_low|closed_low|fully_closed_at_sim_end|closed_low,zth,1.0,zs,1.25,closed_low,unchanged_closed,False,1.16122475586768,-0.22665677642319637,decrease
MFA_like_from_control_legacy,CONTROL_100nA.db::trial_1943,CONTROL|100|closed_low|closed_low|fully_closed_at_sim_end|closed_low,zth,1.25,zs,0.75,closed_low,unchanged_closed,False,1.16122475586768,-0.22665677642319637,decrease
MFA_like_from_control_legacy,CONTROL_100nA.db::trial_1943,CONTROL|100|closed_low|closed_low|fully_closed_at_sim_end|closed_low,zth,1.25,zs,1.0,closed_low,unchanged_closed,False,1.16122475586768,-0.22665677642319637,decrease
MFA_like_from_control_legacy,CONTROL_100nA.db::trial_1943,CONTROL|100|closed_low|closed_low|fully_closed_at_sim_end|closed_low,zth,1.25,zs,1.25,closed_low,unchanged_closed,False,1.16122475586768,-0.22665677642319637,decrease
MFA_BA_stacked_on_control_legacy,CONTROL_100nA.db::trial_1943,CONTROL|100|closed_low|closed_low|fully_closed_at_sim_end|closed_low,gki,0.75,P_gap_eff,0.75,closed_low,unchanged_closed,False,1.1605393721216537,-0.2273421601692227,decrease
MFA_BA_stacked_on_control_legacy,CONTROL_100nA.db::trial_1943,CONTROL|100|closed_low|closed_low|fully_closed_at_sim_end|closed_low,gki,0.75,P_gap_eff,1.0,closed_low,unchanged_closed,False,1.1602333835257737,-0.22764814876510275,decrease
MFA_BA_stacked_on_control_legacy,CONTROL_100nA.db::trial_1943,CONTROL|100|closed_low|closed_low|fully_closed_at_sim_end|closed_low,gki,0.75,P_gap_eff,1.25,closed_low,unchanged_closed,False,1.159927420563269,-0.22795411172760738,decrease
MFA_BA_stacked_on_control_legacy,CONTROL_100nA.db::trial_1943,CONTROL|100|closed_low|closed_low|fully_closed_at_sim_end|closed_low,gki,1.0,P_gap_eff,0.75,closed_low,unchanged_closed,False,1.1615295368234206,-0.22635199546745577,decrease
MFA_BA_stacked_on_control_legacy,CONTROL_100nA.db::trial_1943,CONTROL|100|closed_low|closed_low|fully_closed_at_sim_end|closed_low,gki,1.0,P_gap_eff,1.0,closed_low,unchanged_closed,False,1.16122475586768,-0.22665677642319637,decrease
MFA_BA_stacked_on_control_legacy,CONTROL_100nA.db::trial_1943,CONTROL|100|closed_low|closed_low|fully_closed_at_sim_end|closed_low,gki,1.0,P_gap_eff,1.25,closed_low,unchanged_closed,False,1.160920244987911,-0.2269612873029654,decrease
MFA_BA_stacked_on_control_legacy,CONTROL_100nA.db::trial_1943,CONTROL|100|closed_low|closed_low|fully_closed_at_sim_end|closed_low,gki,1.25,P_gap_eff,0.75,closed_low,unchanged_closed,False,1.1621321230933772,-0.2257494091974992,decrease
MFA_BA_stacked_on_control_legacy,CONTROL_100nA.db::trial_1943,CONTROL|100|closed_low|closed_low|fully_closed_at_sim_end|closed_low,gki,1.25,P_gap_eff,1.0,closed_low,unchanged_closed,False,1.1618282548906433,-0.22605327740023307,decrease
MFA_BA_stacked_on_control_legacy,CONTROL_100nA.db::trial_1943,CONTROL|100|closed_low|closed_low|fully_closed_at_sim_end|closed_low,gki,1.25,P_gap_eff,1.25,closed_low,unchanged_closed,False,1.1615246299774307,-0.22635690231344574,decrease
MFA_like_from_control_legacy,CONTROL_100nA.db::trial_2117,CONTROL|100|closed_low|closed_low|fully_closed_at_sim_end|closed_low,P_gap_eff,0.75,gamma_s_eff,0.75,closed_low,unchanged_closed,False,1.1148152482158933,-0.27304872663380864,decrease
MFA_like_from_control_legacy,CONTROL_100nA.db::trial_2117,CONTROL|100|closed_low|closed_low|fully_closed_at_sim_end|closed_low,P_gap_eff,0.75,gamma_s_eff,1.0,closed_low,unchanged_closed,False,1.1148152482158933,-0.27304872663380864,decrease
MFA_like_from_control_legacy,CONTROL_100nA.db::trial_2117,CONTROL|100|closed_low|closed_low|fully_closed_at_sim_end|closed_low,P_gap_eff,0.75,gamma_s_eff,1.25,closed_low,unchanged_closed,False,1.1148152482158933,-0.27304872663380864,decrease
MFA_like_from_control_legacy,CONTROL_100nA.db::trial_2117,CONTROL|100|closed_low|closed_low|fully_closed_at_sim_end|closed_low,P_gap_eff,1.0,gamma_s_eff,0.75,closed_low,unchanged_closed,False,1.1107061433311136,-0.2771578315185883,decrease
MFA_like_from_control_legacy,CONTROL_100nA.db::trial_2117,CONTROL|100|closed_low|closed_low|fully_closed_at_sim_end|closed_low,P_gap_eff,1.0,gamma_s_eff,1.0,closed_low,unchanged_closed,False,1.1107061433311136,-0.2771578315185883,decrease
MFA_like_from_control_legacy,CONTROL_100nA.db::trial_2117,CONTROL|100|closed_low|closed_low|fully_closed_at_sim_end|closed_low,P_gap_eff,1.0,gamma_s_eff,1.25,closed_low,unchanged_closed,False,1.1107061433311136,-0.2771578315185883,decrease
MFA_like_from_control_legacy,CONTROL_100nA.db::trial_2117,CONTROL|100|closed_low|closed_low|fully_closed_at_sim_end|closed_low,P_gap_eff,1.25,gamma_s_eff,0.75,closed_low,unchanged_closed,False,1.1065698832175193,-0.28129409163218266,decrease
MFA_like_from_control_legacy,CONTROL_100nA.db::trial_2117,CONTROL|100|closed_low|closed_low|fully_closed_at_sim_end|closed_low,P_gap_eff,1.25,gamma_s_eff,1.0,closed_low,unchanged_closed,False,1.1065698832175193,-0.28129409163218266,decrease
MFA_like_from_control_legacy,CONTROL_100nA.db::trial_2117,CONTROL|100|closed_low|closed_low|fully_closed_at_sim_end|closed_low,P_gap_eff,1.25,gamma_s_eff,1.25,closed_low,unchanged_closed,False,1.1065698832175193,-0.28129409163218266,decrease
MFA_like_from_control_legacy,CONTROL_100nA.db::trial_2117,CONTROL|100|closed_low|closed_low|fully_closed_at_sim_end|closed_low,P_gap_eff,0.75,zth,0.75,closed_low,unchanged_closed,False,1.1148152482158933,-0.27304872663380864,decrease
MFA_like_from_control_legacy,CONTROL_100nA.db::trial_2117,CONTROL|100|closed_low|closed_low|fully_closed_at_sim_end|closed_low,P_gap_eff,0.75,zth,1.0,closed_low,unchanged_closed,False,1.1148152482158933,-0.27304872663380864,decrease
MFA_like_from_control_legacy,CONTROL_100nA.db::trial_2117,CONTROL|100|closed_low|closed_low|fully_closed_at_sim_end|closed_low,P_gap_eff,0.75,zth,1.25,closed_low,unchanged_closed,False,1.1148152482158933,-0.27304872663380864,decrease
MFA_like_from_control_legacy,CONTROL_100nA.db::trial_2117,CONTROL|100|closed_low|closed_low|fully_closed_at_sim_end|closed_low,P_gap_eff,1.0,zth,0.75,closed_low,unchanged_closed,False,1.1107061433311136,-0.2771578315185883,decrease
MFA_like_from_control_legacy,CONTROL_100nA.db::trial_2117,CONTROL|100|closed_low|closed_low|fully_closed_at_sim_end|closed_low,P_gap_eff,1.0,zth,1.0,closed_low,unchanged_closed,False,1.1107061433311136,-0.2771578315185883,decrease
MFA_like_from_control_legacy,CONTROL_100nA.db::trial_2117,CONTROL|100|closed_low|closed_low|fully_closed_at_sim_end|closed_low,P_gap_eff,1.0,zth,1.25,closed_low,unchanged_closed,False,1.1107061433311136,-0.2771578315185883,decrease
MFA_like_from_control_legacy,CONTROL_100nA.db::trial_2117,CONTROL|100|closed_low|closed_low|fully_closed_at_sim_end|closed_low,P_gap_eff,1.25,zth,0.75,closed_low,unchanged_closed,False,1.1065698832175193,-0.28129409163218266,decrease
MFA_like_from_control_legacy,CONTROL_100nA.db::trial_2117,CONTROL|100|closed_low|closed_low|fully_closed_at_sim_end|closed_low,P_gap_eff,1.25,zth,1.0,closed_low,unchanged_closed,False,1.1065698832175193,-0.28129409163218266,decrease
MFA_like_from_control_legacy,CONTROL_100nA.db::trial_2117,CONTROL|100|closed_low|closed_low|fully_closed_at_sim_end|closed_low,P_gap_eff,1.25,zth,1.25,closed_low,unchanged_closed,False,1.1065698832175193,-0.28129409163218266,decrease
MFA_like_from_control_legacy,CONTROL_100nA.db::trial_2117,CONTROL|100|closed_low|closed_low|fully_closed_at_sim_end|closed_low,gamma_s_eff,0.75,zth,0.75,closed_low,unchanged_closed,False,1.1107061433311136,-0.2771578315185883,decrease
MFA_like_from_control_legacy,CONTROL_100nA.db::trial_2117,CONTROL|100|closed_low|closed_low|fully_closed_at_sim_end|closed_low,gamma_s_eff,0.75,zth,1.0,closed_low,unchanged_closed,False,1.1107061433311136,-0.2771578315185883,decrease
MFA_like_from_control_legacy,CONTROL_100nA.db::trial_2117,CONTROL|100|closed_low|closed_low|fully_closed_at_sim_end|closed_low,gamma_s_eff,0.75,zth,1.25,closed_low,unchanged_closed,False,1.1107061433311136,-0.2771578315185883,decrease
MFA_like_from_control_legacy,CONTROL_100nA.db::trial_2117,CONTROL|100|closed_low|closed_low|fully_closed_at_sim_end|closed_low,gamma_s_eff,1.0,zth,0.75,closed_low,unchanged_closed,False,1.1107061433311136,-0.2771578315185883,decrease
MFA_like_from_control_legacy,CONTROL_100nA.db::trial_2117,CONTROL|100|closed_low|closed_low|fully_closed_at_sim_end|closed_low,gamma_s_eff,1.0,zth,1.0,closed_low,unchanged_closed,False,1.1107061433311136,-0.2771578315185883,decrease
MFA_like_from_control_legacy,CONTROL_100nA.db::trial_2117,CONTROL|100|closed_low|closed_low|fully_closed_at_sim_end|closed_low,gamma_s_eff,1.0,zth,1.25,closed_low,unchanged_closed,False,1.1107061433311136,-0.2771578315185883,decrease
MFA_like_from_control_legacy,CONTROL_100nA.db::trial_2117,CONTROL|100|closed_low|closed_low|fully_closed_at_sim_end|closed_low,gamma_s_eff,1.25,zth,0.75,closed_low,unchanged_closed,False,1.1107061433311136,-0.2771578315185883,decrease
MFA_like_from_control_legacy,CONTROL_100nA.db::trial_2117,CONTROL|100|closed_low|closed_low|fully_closed_at_sim_end|closed_low,gamma_s_eff,1.25,zth,1.0,closed_low,unchanged_closed,False,1.1107061433311136,-0.2771578315185883,decrease
MFA_like_from_control_legacy,CONTROL_100nA.db::trial_2117,CONTROL|100|closed_low|closed_low|fully_closed_at_sim_end|closed_low,gamma_s_eff,1.25,zth,1.25,closed_low,unchanged_closed,False,1.1107061433311136,-0.2771578315185883,decrease
MFA_like_from_control_legacy,CONTROL_100nA.db::trial_2117,CONTROL|100|closed_low|closed_low|fully_closed_at_sim_end|closed_low,zth,0.75,zs,0.75,closed_low,unchanged_closed,False,1.1107061433311136,-0.2771578315185883,decrease
MFA_like_from_control_legacy,CONTROL_100nA.db::trial_2117,CONTROL|100|closed_low|closed_low|fully_closed_at_sim_end|closed_low,zth,0.75,zs,1.0,closed_low,unchanged_closed,False,1.1107061433311136,-0.2771578315185883,decrease
MFA_like_from_control_legacy,CONTROL_100nA.db::trial_2117,CONTROL|100|closed_low|closed_low|fully_closed_at_sim_end|closed_low,zth,0.75,zs,1.25,closed_low,unchanged_closed,False,1.1107061433311136,-0.2771578315185883,decrease
MFA_like_from_control_legacy,CONTROL_100nA.db::trial_2117,CONTROL|100|closed_low|closed_low|fully_closed_at_sim_end|closed_low,zth,1.0,zs,0.75,closed_low,unchanged_closed,False,1.1107061433311136,-0.2771578315185883,decrease
MFA_like_from_control_legacy,CONTROL_100nA.db::trial_2117,CONTROL|100|closed_low|closed_low|fully_closed_at_sim_end|closed_low,zth,1.0,zs,1.0,closed_low,unchanged_closed,False,1.1107061433311136,-0.2771578315185883,decrease
MFA_like_from_control_legacy,CONTROL_100nA.db::trial_2117,CONTROL|100|closed_low|closed_low|fully_closed_at_sim_end|closed_low,zth,1.0,zs,1.25,closed_low,unchanged_closed,False,1.1107061433311136,-0.2771578315185883,decrease
MFA_like_from_control_legacy,CONTROL_100nA.db::trial_2117,CONTROL|100|closed_low|closed_low|fully_closed_at_sim_end|closed_low,zth,1.25,zs,0.75,closed_low,unchanged_closed,False,1.1107061433311136,-0.2771578315185883,decrease
MFA_like_from_control_legacy,CONTROL_100nA.db::trial_2117,CONTROL|100|closed_low|closed_low|fully_closed_at_sim_end|closed_low,zth,1.25,zs,1.0,closed_low,unchanged_closed,False,1.1107061433311136,-0.2771578315185883,decrease
MFA_like_from_control_legacy,CONTROL_100nA.db::trial_2117,CONTROL|100|closed_low|closed_low|fully_closed_at_sim_end|closed_low,zth,1.25,zs,1.25,closed_low,unchanged_closed,False,1.1107061433311136,-0.2771578315185883,decrease
MFA_BA_stacked_on_control_legacy,CONTROL_100nA.db::trial_2117,CONTROL|100|closed_low|closed_low|fully_closed_at_sim_end|closed_low,gki,0.75,P_gap_eff,0.75,closed_low,unchanged_closed,False,1.1139274112893882,-0.2739365635603137,decrease
MFA_BA_stacked_on_control_legacy,CONTROL_100nA.db::trial_2117,CONTROL|100|closed_low|closed_low|fully_closed_at_sim_end|closed_low,gki,0.75,P_gap_eff,1.0,closed_low,unchanged_closed,False,1.1098047847538417,-0.2780591900958602,decrease
MFA_BA_stacked_on_control_legacy,CONTROL_100nA.db::trial_2117,CONTROL|100|closed_low|closed_low|fully_closed_at_sim_end|closed_low,gki,0.75,P_gap_eff,1.25,closed_low,unchanged_closed,False,1.105656538012302,-0.2822074368373999,decrease
MFA_BA_stacked_on_control_legacy,CONTROL_100nA.db::trial_2117,CONTROL|100|closed_low|closed_low|fully_closed_at_sim_end|closed_low,gki,1.0,P_gap_eff,0.75,closed_low,unchanged_closed,False,1.1148152482158933,-0.27304872663380864,decrease
MFA_BA_stacked_on_control_legacy,CONTROL_100nA.db::trial_2117,CONTROL|100|closed_low|closed_low|fully_closed_at_sim_end|closed_low,gki,1.0,P_gap_eff,1.0,closed_low,unchanged_closed,False,1.1107061433311136,-0.2771578315185883,decrease
MFA_BA_stacked_on_control_legacy,CONTROL_100nA.db::trial_2117,CONTROL|100|closed_low|closed_low|fully_closed_at_sim_end|closed_low,gki,1.0,P_gap_eff,1.25,closed_low,unchanged_closed,False,1.1065698832175193,-0.28129409163218266,decrease
MFA_BA_stacked_on_control_legacy,CONTROL_100nA.db::trial_2117,CONTROL|100|closed_low|closed_low|fully_closed_at_sim_end|closed_low,gki,1.25,P_gap_eff,0.75,closed_low,unchanged_closed,False,1.1153503437910115,-0.2725136310586904,decrease
MFA_BA_stacked_on_control_legacy,CONTROL_100nA.db::trial_2117,CONTROL|100|closed_low|closed_low|fully_closed_at_sim_end|closed_low,gki,1.25,P_gap_eff,1.0,closed_low,unchanged_closed,False,1.1112492884957608,-0.27661468635394115,decrease
MFA_BA_stacked_on_control_legacy,CONTROL_100nA.db::trial_2117,CONTROL|100|closed_low|closed_low|fully_closed_at_sim_end|closed_low,gki,1.25,P_gap_eff,1.25,closed_low,unchanged_closed,False,1.1071213800644575,-0.28074259478524444,decrease
MFA_like_from_control_legacy,CONTROL_100nA.db::trial_1096,CONTROL|100|closed_low|partial_mid|recruited_during_load_then_closed_by_end|closed_low,P_gap_eff,0.75,gamma_s_eff,0.75,closed_low,unchanged_closed,False,1.3848785144893143,0.012780239103277857,increase
MFA_like_from_control_legacy,CONTROL_100nA.db::trial_1096,CONTROL|100|closed_low|partial_mid|recruited_during_load_then_closed_by_end|closed_low,P_gap_eff,0.75,gamma_s_eff,1.0,closed_low,unchanged_closed,False,1.384878573178017,0.012780297791980644,increase
MFA_like_from_control_legacy,CONTROL_100nA.db::trial_1096,CONTROL|100|closed_low|partial_mid|recruited_during_load_then_closed_by_end|closed_low,P_gap_eff,0.75,gamma_s_eff,1.25,closed_low,unchanged_closed,False,1.3848786174060308,0.01278034201999434,increase
MFA_like_from_control_legacy,CONTROL_100nA.db::trial_1096,CONTROL|100|closed_low|partial_mid|recruited_during_load_then_closed_by_end|closed_low,P_gap_eff,1.0,gamma_s_eff,0.75,closed_low,unchanged_closed,False,1.3848779997768448,0.012779724390808322,increase
MFA_like_from_control_legacy,CONTROL_100nA.db::trial_1096,CONTROL|100|closed_low|partial_mid|recruited_during_load_then_closed_by_end|closed_low,P_gap_eff,1.0,gamma_s_eff,1.0,closed_low,unchanged_closed,False,1.3848779816745846,0.012779706288548187,increase
MFA_like_from_control_legacy,CONTROL_100nA.db::trial_1096,CONTROL|100|closed_low|partial_mid|recruited_during_load_then_closed_by_end|closed_low,P_gap_eff,1.0,gamma_s_eff,1.25,closed_low,unchanged_closed,False,1.384877947825224,0.01277967243918754,increase
MFA_like_from_control_legacy,CONTROL_100nA.db::trial_1096,CONTROL|100|closed_low|partial_mid|recruited_during_load_then_closed_by_end|closed_low,P_gap_eff,1.25,gamma_s_eff,0.75,closed_low,unchanged_closed,False,1.3848770987357628,0.012778823349726354,increase
MFA_like_from_control_legacy,CONTROL_100nA.db::trial_1096,CONTROL|100|closed_low|partial_mid|recruited_during_load_then_closed_by_end|closed_low,P_gap_eff,1.25,gamma_s_eff,1.0,closed_low,unchanged_closed,False,1.3848775653039955,0.012779289917959069,increase
MFA_like_from_control_legacy,CONTROL_100nA.db::trial_1096,CONTROL|100|closed_low|partial_mid|recruited_during_load_then_closed_by_end|closed_low,P_gap_eff,1.25,gamma_s_eff,1.25,closed_low,unchanged_closed,False,1.3848773334596949,0.012779058073658423,increase
MFA_like_from_control_legacy,CONTROL_100nA.db::trial_1096,CONTROL|100|closed_low|partial_mid|recruited_during_load_then_closed_by_end|closed_low,P_gap_eff,0.75,zth,0.75,closed_low,unchanged_closed,False,1.3848786268781623,0.012780351492125863,increase
MFA_like_from_control_legacy,CONTROL_100nA.db::trial_1096,CONTROL|100|closed_low|partial_mid|recruited_during_load_then_closed_by_end|closed_low,P_gap_eff,0.75,zth,1.0,closed_low,unchanged_closed,False,1.384878573178017,0.012780297791980644,increase
MFA_like_from_control_legacy,CONTROL_100nA.db::trial_1096,CONTROL|100|closed_low|partial_mid|recruited_during_load_then_closed_by_end|closed_low,P_gap_eff,0.75,zth,1.25,closed_low,unchanged_closed,False,1.3848784816817123,0.012780206295675889,increase
MFA_like_from_control_legacy,CONTROL_100nA.db::trial_1096,CONTROL|100|closed_low|partial_mid|recruited_during_load_then_closed_by_end|closed_low,P_gap_eff,1.0,zth,0.75,closed_low,unchanged_closed,False,1.3848779871624282,0.0127797117763917,increase
MFA_like_from_control_legacy,CONTROL_100nA.db::trial_1096,CONTROL|100|closed_low|partial_mid|recruited_during_load_then_closed_by_end|closed_low,P_gap_eff,1.0,zth,1.0,closed_low,unchanged_closed,False,1.3848779816745846,0.012779706288548187,increase
MFA_like_from_control_legacy,CONTROL_100nA.db::trial_1096,CONTROL|100|closed_low|partial_mid|recruited_during_load_then_closed_by_end|closed_low,P_gap_eff,1.0,zth,1.25,closed_low,unchanged_closed,False,1.3848779658908081,0.012779690504771679,increase
MFA_like_from_control_legacy,CONTROL_100nA.db::trial_1096,CONTROL|100|closed_low|partial_mid|recruited_during_load_then_closed_by_end|closed_low,P_gap_eff,1.25,zth,0.75,closed_low,unchanged_closed,False,1.3848773681556867,0.01277909276965028,increase
MFA_like_from_control_legacy,CONTROL_100nA.db::trial_1096,CONTROL|100|closed_low|partial_mid|recruited_during_load_then_closed_by_end|closed_low,P_gap_eff,1.25,zth,1.0,closed_low,unchanged_closed,False,1.3848775653039955,0.012779289917959069,increase
MFA_like_from_control_legacy,CONTROL_100nA.db::trial_1096,CONTROL|100|closed_low|partial_mid|recruited_during_load_then_closed_by_end|closed_low,P_gap_eff,1.25,zth,1.25,closed_low,unchanged_closed,False,1.3848773458578187,0.012779070471782283,increase
MFA_like_from_control_legacy,CONTROL_100nA.db::trial_1096,CONTROL|100|closed_low|partial_mid|recruited_during_load_then_closed_by_end|closed_low,gamma_s_eff,0.75,zth,0.75,closed_low,unchanged_closed,False,1.3848778589810722,0.012779583595035726,increase
MFA_like_from_control_legacy,CONTROL_100nA.db::trial_1096,CONTROL|100|closed_low|partial_mid|recruited_during_load_then_closed_by_end|closed_low,gamma_s_eff,0.75,zth,1.0,closed_low,unchanged_closed,False,1.3848779997768448,0.012779724390808322,increase
MFA_like_from_control_legacy,CONTROL_100nA.db::trial_1096,CONTROL|100|closed_low|partial_mid|recruited_during_load_then_closed_by_end|closed_low,gamma_s_eff,0.75,zth,1.25,closed_low,unchanged_closed,False,1.384877967242132,0.01277969185609562,increase
MFA_like_from_control_legacy,CONTROL_100nA.db::trial_1096,CONTROL|100|closed_low|partial_mid|recruited_during_load_then_closed_by_end|closed_low,gamma_s_eff,1.0,zth,0.75,closed_low,unchanged_closed,False,1.3848779871624282,0.0127797117763917,increase
MFA_like_from_control_legacy,CONTROL_100nA.db::trial_1096,CONTROL|100|closed_low|partial_mid|recruited_during_load_then_closed_by_end|closed_low,gamma_s_eff,1.0,zth,1.0,closed_low,unchanged_closed,False,1.3848779816745846,0.012779706288548187,increase
MFA_like_from_control_legacy,CONTROL_100nA.db::trial_1096,CONTROL|100|closed_low|partial_mid|recruited_during_load_then_closed_by_end|closed_low,gamma_s_eff,1.0,zth,1.25,closed_low,unchanged_closed,False,1.3848779658908081,0.012779690504771679,increase
MFA_like_from_control_legacy,CONTROL_100nA.db::trial_1096,CONTROL|100|closed_low|partial_mid|recruited_during_load_then_closed_by_end|closed_low,gamma_s_eff,1.25,zth,0.75,closed_low,unchanged_closed,False,1.3848779411384153,0.012779665752378877,increase
MFA_like_from_control_legacy,CONTROL_100nA.db::trial_1096,CONTROL|100|closed_low|partial_mid|recruited_during_load_then_closed_by_end|closed_low,gamma_s_eff,1.25,zth,1.0,closed_low,unchanged_closed,False,1.384877947825224,0.01277967243918754,increase
MFA_like_from_control_legacy,CONTROL_100nA.db::trial_1096,CONTROL|100|closed_low|partial_mid|recruited_during_load_then_closed_by_end|closed_low,gamma_s_eff,1.25,zth,1.25,closed_low,unchanged_closed,False,1.3848780378497987,0.012779762463762223,increase
MFA_like_from_control_legacy,CONTROL_100nA.db::trial_1096,CONTROL|100|closed_low|partial_mid|recruited_during_load_then_closed_by_end|closed_low,zth,0.75,zs,0.75,closed_low,unchanged_closed,False,1.384878003779368,0.012779728393331524,increase
MFA_like_from_control_legacy,CONTROL_100nA.db::trial_1096,CONTROL|100|closed_low|partial_mid|recruited_during_load_then_closed_by_end|closed_low,zth,0.75,zs,1.0,closed_low,unchanged_closed,False,1.3848779871624282,0.0127797117763917,increase
MFA_like_from_control_legacy,CONTROL_100nA.db::trial_1096,CONTROL|100|closed_low|partial_mid|recruited_during_load_then_closed_by_end|closed_low,zth,0.75,zs,1.25,closed_low,unchanged_closed,False,1.3848779761117807,0.012779700725744192,increase
MFA_like_from_control_legacy,CONTROL_100nA.db::trial_1096,CONTROL|100|closed_low|partial_mid|recruited_during_load_then_closed_by_end|closed_low,zth,1.0,zs,0.75,closed_low,unchanged_closed,False,1.3848778841980791,0.012779608812042653,increase
MFA_like_from_control_legacy,CONTROL_100nA.db::trial_1096,CONTROL|100|closed_low|partial_mid|recruited_during_load_then_closed_by_end|closed_low,zth,1.0,zs,1.0,closed_low,unchanged_closed,False,1.3848779816745846,0.012779706288548187,increase
MFA_like_from_control_legacy,CONTROL_100nA.db::trial_1096,CONTROL|100|closed_low|partial_mid|recruited_during_load_then_closed_by_end|closed_low,zth,1.0,zs,1.25,closed_low,unchanged_closed,False,1.38487801166443,0.012779736278393461,increase
MFA_like_from_control_legacy,CONTROL_100nA.db::trial_1096,CONTROL|100|closed_low|partial_mid|recruited_during_load_then_closed_by_end|closed_low,zth,1.25,zs,0.75,closed_low,unchanged_closed,False,1.3848780286639726,0.012779753277936123,increase
MFA_like_from_control_legacy,CONTROL_100nA.db::trial_1096,CONTROL|100|closed_low|partial_mid|recruited_during_load_then_closed_by_end|closed_low,zth,1.25,zs,1.0,closed_low,unchanged_closed,False,1.3848779658908081,0.012779690504771679,increase
MFA_like_from_control_legacy,CONTROL_100nA.db::trial_1096,CONTROL|100|closed_low|partial_mid|recruited_during_load_then_closed_by_end|closed_low,zth,1.25,zs,1.25,closed_low,unchanged_closed,False,1.3848779328127194,0.012779657426682967,increase
MFA_BA_stacked_on_control_legacy,CONTROL_100nA.db::trial_1096,CONTROL|100|closed_low|partial_mid|recruited_during_load_then_closed_by_end|closed_low,gki,0.75,P_gap_eff,0.75,closed_low,unchanged_closed,False,1.384192266989677,0.012093991603640442,increase
MFA_BA_stacked_on_control_legacy,CONTROL_100nA.db::trial_1096,CONTROL|100|closed_low|partial_mid|recruited_during_load_then_closed_by_end|closed_low,gki,0.75,P_gap_eff,1.0,closed_low,unchanged_closed,False,1.384191728626613,0.012093453240576535,increase
MFA_BA_stacked_on_control_legacy,CONTROL_100nA.db::trial_1096,CONTROL|100|closed_low|partial_mid|recruited_during_load_then_closed_by_end|closed_low,gki,0.75,P_gap_eff,1.25,closed_low,unchanged_closed,False,1.3841911551529738,0.012092879766937292,increase
MFA_BA_stacked_on_control_legacy,CONTROL_100nA.db::trial_1096,CONTROL|100|closed_low|partial_mid|recruited_during_load_then_closed_by_end|closed_low,gki,1.0,P_gap_eff,0.75,closed_low,unchanged_closed,False,1.384878573178017,0.012780297791980644,increase
MFA_BA_stacked_on_control_legacy,CONTROL_100nA.db::trial_1096,CONTROL|100|closed_low|partial_mid|recruited_during_load_then_closed_by_end|closed_low,gki,1.0,P_gap_eff,1.0,closed_low,unchanged_closed,False,1.3848779816745846,0.012779706288548187,increase
MFA_BA_stacked_on_control_legacy,CONTROL_100nA.db::trial_1096,CONTROL|100|closed_low|partial_mid|recruited_during_load_then_closed_by_end|closed_low,gki,1.0,P_gap_eff,1.25,closed_low,unchanged_closed,False,1.3848775653039955,0.012779289917959069,increase
MFA_BA_stacked_on_control_legacy,CONTROL_100nA.db::trial_1096,CONTROL|100|closed_low|partial_mid|recruited_during_load_then_closed_by_end|closed_low,gki,1.25,P_gap_eff,0.75,closed_low,unchanged_closed,False,1.3853053712246204,0.013207095838583927,increase
MFA_BA_stacked_on_control_legacy,CONTROL_100nA.db::trial_1096,CONTROL|100|closed_low|partial_mid|recruited_during_load_then_closed_by_end|closed_low,gki,1.25,P_gap_eff,1.0,closed_low,unchanged_closed,False,1.3853053578413728,0.013207082455336305,increase
MFA_BA_stacked_on_control_legacy,CONTROL_100nA.db::trial_1096,CONTROL|100|closed_low|partial_mid|recruited_during_load_then_closed_by_end|closed_low,gki,1.25,P_gap_eff,1.25,closed_low,unchanged_closed,False,1.3853046739469286,0.013206398560892119,increase
MFA_like_from_control_legacy,CONTROL_100nA.db::trial_1260,CONTROL|100|closed_low|partial_mid|recruited_during_load_then_closed_by_end|closed_low,P_gap_eff,0.75,gamma_s_eff,0.75,closed_low,unchanged_closed,False,1.4023618969385725,0.04488759190011948,increase
MFA_like_from_control_legacy,CONTROL_100nA.db::trial_1260,CONTROL|100|closed_low|partial_mid|recruited_during_load_then_closed_by_end|closed_low,P_gap_eff,0.75,gamma_s_eff,1.0,closed_low,unchanged_closed,False,1.4023621198264646,0.044887814788011626,increase
MFA_like_from_control_legacy,CONTROL_100nA.db::trial_1260,CONTROL|100|closed_low|partial_mid|recruited_during_load_then_closed_by_end|closed_low,P_gap_eff,0.75,gamma_s_eff,1.25,closed_low,unchanged_closed,False,1.402362325347055,0.04488802030860195,increase
MFA_like_from_control_legacy,CONTROL_100nA.db::trial_1260,CONTROL|100|closed_low|partial_mid|recruited_during_load_then_closed_by_end|closed_low,P_gap_eff,1.0,gamma_s_eff,0.75,closed_low,unchanged_closed,False,1.4023020976702247,0.04482779263177172,increase
MFA_like_from_control_legacy,CONTROL_100nA.db::trial_1260,CONTROL|100|closed_low|partial_mid|recruited_during_load_then_closed_by_end|closed_low,P_gap_eff,1.0,gamma_s_eff,1.0,closed_low,unchanged_closed,False,1.4023022562672098,0.044827951228756824,increase
MFA_like_from_control_legacy,CONTROL_100nA.db::trial_1260,CONTROL|100|closed_low|partial_mid|recruited_during_load_then_closed_by_end|closed_low,P_gap_eff,1.0,gamma_s_eff,1.25,closed_low,unchanged_closed,False,1.4023014287140487,0.044827123675595715,increase
MFA_like_from_control_legacy,CONTROL_100nA.db::trial_1260,CONTROL|100|closed_low|partial_mid|recruited_during_load_then_closed_by_end|closed_low,P_gap_eff,1.25,gamma_s_eff,0.75,closed_low,unchanged_closed,False,1.4022418904039804,0.044767585365527385,increase
MFA_like_from_control_legacy,CONTROL_100nA.db::trial_1260,CONTROL|100|closed_low|partial_mid|recruited_during_load_then_closed_by_end|closed_low,P_gap_eff,1.25,gamma_s_eff,1.0,closed_low,unchanged_closed,False,1.4022419695008617,0.04476766446240865,increase
MFA_like_from_control_legacy,CONTROL_100nA.db::trial_1260,CONTROL|100|closed_low|partial_mid|recruited_during_load_then_closed_by_end|closed_low,P_gap_eff,1.25,gamma_s_eff,1.25,closed_low,unchanged_closed,False,1.4022418220053197,0.04476751696686665,increase
MFA_like_from_control_legacy,CONTROL_100nA.db::trial_1260,CONTROL|100|closed_low|partial_mid|recruited_during_load_then_closed_by_end|closed_low,P_gap_eff,0.75,zth,0.75,closed_low,unchanged_closed,False,1.402362026321059,0.044887721282605986,increase
MFA_like_from_control_legacy,CONTROL_100nA.db::trial_1260,CONTROL|100|closed_low|partial_mid|recruited_during_load_then_closed_by_end|closed_low,P_gap_eff,0.75,zth,1.0,closed_low,unchanged_closed,False,1.4023621198264646,0.044887814788011626,increase
MFA_like_from_control_legacy,CONTROL_100nA.db::trial_1260,CONTROL|100|closed_low|partial_mid|recruited_during_load_then_closed_by_end|closed_low,P_gap_eff,0.75,zth,1.25,closed_low,unchanged_closed,False,1.4023618052784343,0.04488750023998134,increase
MFA_like_from_control_legacy,CONTROL_100nA.db::trial_1260,CONTROL|100|closed_low|partial_mid|recruited_during_load_then_closed_by_end|closed_low,P_gap_eff,1.0,zth,0.75,closed_low,unchanged_closed,False,1.4023021272899525,0.044827822251499505,increase
MFA_like_from_control_legacy,CONTROL_100nA.db::trial_1260,CONTROL|100|closed_low|partial_mid|recruited_during_load_then_closed_by_end|closed_low,P_gap_eff,1.0,zth,1.0,closed_low,unchanged_closed,False,1.4023022562672098,0.044827951228756824,increase
MFA_like_from_control_legacy,CONTROL_100nA.db::trial_1260,CONTROL|100|closed_low|partial_mid|recruited_during_load_then_closed_by_end|closed_low,P_gap_eff,1.0,zth,1.25,closed_low,unchanged_closed,False,1.4023020581024217,0.04482775306396869,increase
MFA_like_from_control_legacy,CONTROL_100nA.db::trial_1260,CONTROL|100|closed_low|partial_mid|recruited_during_load_then_closed_by_end|closed_low,P_gap_eff,1.25,zth,0.75,closed_low,unchanged_closed,False,1.4022417736342576,0.044767468595804605,increase
MFA_like_from_control_legacy,CONTROL_100nA.db::trial_1260,CONTROL|100|closed_low|partial_mid|recruited_during_load_then_closed_by_end|closed_low,P_gap_eff,1.25,zth,1.0,closed_low,unchanged_closed,False,1.4022419695008617,0.04476766446240865,increase
MFA_like_from_control_legacy,CONTROL_100nA.db::trial_1260,CONTROL|100|closed_low|partial_mid|recruited_during_load_then_closed_by_end|closed_low,P_gap_eff,1.25,zth,1.25,closed_low,unchanged_closed,False,1.4022418797901066,0.044767574751653605,increase
MFA_like_from_control_legacy,CONTROL_100nA.db::trial_1260,CONTROL|100|closed_low|partial_mid|recruited_during_load_then_closed_by_end|closed_low,gamma_s_eff,0.75,zth,0.75,closed_low,unchanged_closed,False,1.4023019089794408,0.04482760394098784,increase
MFA_like_from_control_legacy,CONTROL_100nA.db::trial_1260,CONTROL|100|closed_low|partial_mid|recruited_during_load_then_closed_by_end|closed_low,gamma_s_eff,0.75,zth,1.0,closed_low,unchanged_closed,False,1.4023020976702247,0.04482779263177172,increase
MFA_like_from_control_legacy,CONTROL_100nA.db::trial_1260,CONTROL|100|closed_low|partial_mid|recruited_during_load_then_closed_by_end|closed_low,gamma_s_eff,0.75,zth,1.25,closed_low,unchanged_closed,False,1.4023020581024217,0.04482775306396869,increase
MFA_like_from_control_legacy,CONTROL_100nA.db::trial_1260,CONTROL|100|closed_low|partial_mid|recruited_during_load_then_closed_by_end|closed_low,gamma_s_eff,1.0,zth,0.75,closed_low,unchanged_closed,False,1.4023021272899525,0.044827822251499505,increase
MFA_like_from_control_legacy,CONTROL_100nA.db::trial_1260,CONTROL|100|closed_low|partial_mid|recruited_during_load_then_closed_by_end|closed_low,gamma_s_eff,1.0,zth,1.0,closed_low,unchanged_closed,False,1.4023022562672098,0.044827951228756824,increase
MFA_like_from_control_legacy,CONTROL_100nA.db::trial_1260,CONTROL|100|closed_low|partial_mid|recruited_during_load_then_closed_by_end|closed_low,gamma_s_eff,1.0,zth,1.25,closed_low,unchanged_closed,False,1.4023020581024217,0.04482775306396869,increase
MFA_like_from_control_legacy,CONTROL_100nA.db::trial_1260,CONTROL|100|closed_low|partial_mid|recruited_during_load_then_closed_by_end|closed_low,gamma_s_eff,1.25,zth,0.75,closed_low,unchanged_closed,False,1.4023018710835322,0.044827566045079204,increase
MFA_like_from_control_legacy,CONTROL_100nA.db::trial_1260,CONTROL|100|closed_low|partial_mid|recruited_during_load_then_closed_by_end|closed_low,gamma_s_eff,1.25,zth,1.0,closed_low,unchanged_closed,False,1.4023014287140487,0.044827123675595715,increase
MFA_like_from_control_legacy,CONTROL_100nA.db::trial_1260,CONTROL|100|closed_low|partial_mid|recruited_during_load_then_closed_by_end|closed_low,gamma_s_eff,1.25,zth,1.25,closed_low,unchanged_closed,False,1.4023020581024217,0.04482775306396869,increase
MFA_like_from_control_legacy,CONTROL_100nA.db::trial_1260,CONTROL|100|closed_low|partial_mid|recruited_during_load_then_closed_by_end|closed_low,zth,0.75,zs,0.75,closed_low,unchanged_closed,False,1.4023020646152706,0.044827759576817616,increase
MFA_like_from_control_legacy,CONTROL_100nA.db::trial_1260,CONTROL|100|closed_low|partial_mid|recruited_during_load_then_closed_by_end|closed_low,zth,0.75,zs,1.0,closed_low,unchanged_closed,False,1.4023021272899525,0.044827822251499505,increase
MFA_like_from_control_legacy,CONTROL_100nA.db::trial_1260,CONTROL|100|closed_low|partial_mid|recruited_during_load_then_closed_by_end|closed_low,zth,0.75,zs,1.25,closed_low,unchanged_closed,False,1.4023018695782803,0.04482756453982728,increase
MFA_like_from_control_legacy,CONTROL_100nA.db::trial_1260,CONTROL|100|closed_low|partial_mid|recruited_during_load_then_closed_by_end|closed_low,zth,1.0,zs,0.75,closed_low,unchanged_closed,False,1.402302064006391,0.044827758967938,increase
MFA_like_from_control_legacy,CONTROL_100nA.db::trial_1260,CONTROL|100|closed_low|partial_mid|recruited_during_load_then_closed_by_end|closed_low,zth,1.0,zs,1.0,closed_low,unchanged_closed,False,1.4023022562672098,0.044827951228756824,increase
MFA_like_from_control_legacy,CONTROL_100nA.db::trial_1260,CONTROL|100|closed_low|partial_mid|recruited_during_load_then_closed_by_end|closed_low,zth,1.0,zs,1.25,closed_low,unchanged_closed,False,1.4023020581024217,0.04482775306396869,increase
MFA_like_from_control_legacy,CONTROL_100nA.db::trial_1260,CONTROL|100|closed_low|partial_mid|recruited_during_load_then_closed_by_end|closed_low,zth,1.25,zs,0.75,closed_low,unchanged_closed,False,1.4023020125535435,0.044827707515090465,increase
MFA_like_from_control_legacy,CONTROL_100nA.db::trial_1260,CONTROL|100|closed_low|partial_mid|recruited_during_load_then_closed_by_end|closed_low,zth,1.25,zs,1.0,closed_low,unchanged_closed,False,1.4023020581024217,0.04482775306396869,increase
MFA_like_from_control_legacy,CONTROL_100nA.db::trial_1260,CONTROL|100|closed_low|partial_mid|recruited_during_load_then_closed_by_end|closed_low,zth,1.25,zs,1.25,closed_low,unchanged_closed,False,1.4023020581024217,0.04482775306396869,increase
MFA_BA_stacked_on_control_legacy,CONTROL_100nA.db::trial_1260,CONTROL|100|closed_low|partial_mid|recruited_during_load_then_closed_by_end|closed_low,gki,0.75,P_gap_eff,0.75,closed_low,unchanged_closed,False,1.4028085562509398,0.0453342512124868,increase
MFA_BA_stacked_on_control_legacy,CONTROL_100nA.db::trial_1260,CONTROL|100|closed_low|partial_mid|recruited_during_load_then_closed_by_end|closed_low,gki,0.75,P_gap_eff,1.0,closed_low,unchanged_closed,False,1.4027475151165147,0.04527321007806173,increase
MFA_BA_stacked_on_control_legacy,CONTROL_100nA.db::trial_1260,CONTROL|100|closed_low|partial_mid|recruited_during_load_then_closed_by_end|closed_low,gki,0.75,P_gap_eff,1.25,closed_low,unchanged_closed,False,1.4026888265977533,0.04521452155930028,increase
MFA_BA_stacked_on_control_legacy,CONTROL_100nA.db::trial_1260,CONTROL|100|closed_low|partial_mid|recruited_during_load_then_closed_by_end|closed_low,gki,1.0,P_gap_eff,0.75,closed_low,unchanged_closed,False,1.4023621198264646,0.044887814788011626,increase
MFA_BA_stacked_on_control_legacy,CONTROL_100nA.db::trial_1260,CONTROL|100|closed_low|partial_mid|recruited_during_load_then_closed_by_end|closed_low,gki,1.0,P_gap_eff,1.0,closed_low,unchanged_closed,False,1.4023022562672098,0.044827951228756824,increase
MFA_BA_stacked_on_control_legacy,CONTROL_100nA.db::trial_1260,CONTROL|100|closed_low|partial_mid|recruited_during_load_then_closed_by_end|closed_low,gki,1.0,P_gap_eff,1.25,closed_low,unchanged_closed,False,1.4022419695008617,0.04476766446240865,increase
MFA_BA_stacked_on_control_legacy,CONTROL_100nA.db::trial_1260,CONTROL|100|closed_low|partial_mid|recruited_during_load_then_closed_by_end|closed_low,gki,1.25,P_gap_eff,0.75,closed_low,unchanged_closed,False,1.4021168771176407,0.04464257207918765,increase
MFA_BA_stacked_on_control_legacy,CONTROL_100nA.db::trial_1260,CONTROL|100|closed_low|partial_mid|recruited_during_load_then_closed_by_end|closed_low,gki,1.25,P_gap_eff,1.0,closed_low,unchanged_closed,False,1.402056179220724,0.044581874182271,increase
MFA_BA_stacked_on_control_legacy,CONTROL_100nA.db::trial_1260,CONTROL|100|closed_low|partial_mid|recruited_during_load_then_closed_by_end|closed_low,gki,1.25,P_gap_eff,1.25,closed_low,unchanged_closed,False,1.4019961237342924,0.04452181869583938,increase
MFA_like_from_control_legacy,CONTROL_100nA.db::trial_645,CONTROL|100|partial_mid|partial_mid|intermediate_or_mixed_temporal_recruitment|partial_mid,P_gap_eff,0.75,gamma_s_eff,0.75,closed_low,partial_to_closed,True,1.2835007824523181,-0.10986786409512739,decrease
MFA_like_from_control_legacy,CONTROL_100nA.db::trial_645,CONTROL|100|partial_mid|partial_mid|intermediate_or_mixed_temporal_recruitment|partial_mid,P_gap_eff,0.75,gamma_s_eff,1.0,closed_low,partial_to_closed,True,1.283500740901056,-0.1098679056463896,decrease
MFA_like_from_control_legacy,CONTROL_100nA.db::trial_645,CONTROL|100|partial_mid|partial_mid|intermediate_or_mixed_temporal_recruitment|partial_mid,P_gap_eff,0.75,gamma_s_eff,1.25,closed_low,partial_to_closed,True,1.2835009631862377,-0.10986768336120778,decrease
MFA_like_from_control_legacy,CONTROL_100nA.db::trial_645,CONTROL|100|partial_mid|partial_mid|intermediate_or_mixed_temporal_recruitment|partial_mid,P_gap_eff,1.0,gamma_s_eff,0.75,closed_low,partial_to_closed,True,1.2746081970659506,-0.11876044948149489,decrease
MFA_like_from_control_legacy,CONTROL_100nA.db::trial_645,CONTROL|100|partial_mid|partial_mid|intermediate_or_mixed_temporal_recruitment|partial_mid,P_gap_eff,1.0,gamma_s_eff,1.0,closed_low,partial_to_closed,True,1.2746081826802913,-0.11876046386715422,decrease
MFA_like_from_control_legacy,CONTROL_100nA.db::trial_645,CONTROL|100|partial_mid|partial_mid|intermediate_or_mixed_temporal_recruitment|partial_mid,P_gap_eff,1.0,gamma_s_eff,1.25,closed_low,partial_to_closed,True,1.2746082046944949,-0.11876044185295065,decrease
MFA_like_from_control_legacy,CONTROL_100nA.db::trial_645,CONTROL|100|partial_mid|partial_mid|intermediate_or_mixed_temporal_recruitment|partial_mid,P_gap_eff,1.25,gamma_s_eff,0.75,closed_low,partial_to_closed,True,1.2657140930980524,-0.12765455344939314,decrease
MFA_like_from_control_legacy,CONTROL_100nA.db::trial_645,CONTROL|100|partial_mid|partial_mid|intermediate_or_mixed_temporal_recruitment|partial_mid,P_gap_eff,1.25,gamma_s_eff,1.0,closed_low,partial_to_closed,True,1.265714134956671,-0.12765451159077457,decrease
MFA_like_from_control_legacy,CONTROL_100nA.db::trial_645,CONTROL|100|partial_mid|partial_mid|intermediate_or_mixed_temporal_recruitment|partial_mid,P_gap_eff,1.25,gamma_s_eff,1.25,closed_low,partial_to_closed,True,1.2657141526385831,-0.1276544939088624,decrease
MFA_like_from_control_legacy,CONTROL_100nA.db::trial_645,CONTROL|100|partial_mid|partial_mid|intermediate_or_mixed_temporal_recruitment|partial_mid,P_gap_eff,0.75,zth,0.75,closed_low,partial_to_closed,True,1.28350080208811,-0.1098678444593355,decrease
MFA_like_from_control_legacy,CONTROL_100nA.db::trial_645,CONTROL|100|partial_mid|partial_mid|intermediate_or_mixed_temporal_recruitment|partial_mid,P_gap_eff,0.75,zth,1.0,closed_low,partial_to_closed,True,1.283500740901056,-0.1098679056463896,decrease
MFA_like_from_control_legacy,CONTROL_100nA.db::trial_645,CONTROL|100|partial_mid|partial_mid|intermediate_or_mixed_temporal_recruitment|partial_mid,P_gap_eff,0.75,zth,1.25,closed_low,partial_to_closed,True,1.2835007825247178,-0.10986786402272775,decrease
MFA_like_from_control_legacy,CONTROL_100nA.db::trial_645,CONTROL|100|partial_mid|partial_mid|intermediate_or_mixed_temporal_recruitment|partial_mid,P_gap_eff,1.0,zth,0.75,closed_low,partial_to_closed,True,1.2746081799594253,-0.1187604665880202,decrease
MFA_like_from_control_legacy,CONTROL_100nA.db::trial_645,CONTROL|100|partial_mid|partial_mid|intermediate_or_mixed_temporal_recruitment|partial_mid,P_gap_eff,1.0,zth,1.0,closed_low,partial_to_closed,True,1.2746081826802913,-0.11876046386715422,decrease
MFA_like_from_control_legacy,CONTROL_100nA.db::trial_645,CONTROL|100|partial_mid|partial_mid|intermediate_or_mixed_temporal_recruitment|partial_mid,P_gap_eff,1.0,zth,1.25,closed_low,partial_to_closed,True,1.2746082384188826,-0.11876040812856292,decrease
MFA_like_from_control_legacy,CONTROL_100nA.db::trial_645,CONTROL|100|partial_mid|partial_mid|intermediate_or_mixed_temporal_recruitment|partial_mid,P_gap_eff,1.25,zth,0.75,closed_low,partial_to_closed,True,1.2657140195292382,-0.1276546270182073,decrease
MFA_like_from_control_legacy,CONTROL_100nA.db::trial_645,CONTROL|100|partial_mid|partial_mid|intermediate_or_mixed_temporal_recruitment|partial_mid,P_gap_eff,1.25,zth,1.0,closed_low,partial_to_closed,True,1.265714134956671,-0.12765451159077457,decrease
MFA_like_from_control_legacy,CONTROL_100nA.db::trial_645,CONTROL|100|partial_mid|partial_mid|intermediate_or_mixed_temporal_recruitment|partial_mid,P_gap_eff,1.25,zth,1.25,closed_low,partial_to_closed,True,1.265714005135791,-0.1276546414116546,decrease
MFA_like_from_control_legacy,CONTROL_100nA.db::trial_645,CONTROL|100|partial_mid|partial_mid|intermediate_or_mixed_temporal_recruitment|partial_mid,gamma_s_eff,0.75,zth,0.75,closed_low,partial_to_closed,True,1.2746082094103526,-0.11876043713709294,decrease
MFA_like_from_control_legacy,CONTROL_100nA.db::trial_645,CONTROL|100|partial_mid|partial_mid|intermediate_or_mixed_temporal_recruitment|partial_mid,gamma_s_eff,0.75,zth,1.0,closed_low,partial_to_closed,True,1.2746081970659506,-0.11876044948149489,decrease
MFA_like_from_control_legacy,CONTROL_100nA.db::trial_645,CONTROL|100|partial_mid|partial_mid|intermediate_or_mixed_temporal_recruitment|partial_mid,gamma_s_eff,0.75,zth,1.25,closed_low,partial_to_closed,True,1.2746081984020023,-0.11876044814544318,decrease
MFA_like_from_control_legacy,CONTROL_100nA.db::trial_645,CONTROL|100|partial_mid|partial_mid|intermediate_or_mixed_temporal_recruitment|partial_mid,gamma_s_eff,1.0,zth,0.75,closed_low,partial_to_closed,True,1.2746081799594253,-0.1187604665880202,decrease
MFA_like_from_control_legacy,CONTROL_100nA.db::trial_645,CONTROL|100|partial_mid|partial_mid|intermediate_or_mixed_temporal_recruitment|partial_mid,gamma_s_eff,1.0,zth,1.0,closed_low,partial_to_closed,True,1.2746081826802913,-0.11876046386715422,decrease
MFA_like_from_control_legacy,CONTROL_100nA.db::trial_645,CONTROL|100|partial_mid|partial_mid|intermediate_or_mixed_temporal_recruitment|partial_mid,gamma_s_eff,1.0,zth,1.25,closed_low,partial_to_closed,True,1.2746082384188826,-0.11876040812856292,decrease
MFA_like_from_control_legacy,CONTROL_100nA.db::trial_645,CONTROL|100|partial_mid|partial_mid|intermediate_or_mixed_temporal_recruitment|partial_mid,gamma_s_eff,1.25,zth,0.75,closed_low,partial_to_closed,True,1.2746082517413888,-0.11876039480605671,decrease
MFA_like_from_control_legacy,CONTROL_100nA.db::trial_645,CONTROL|100|partial_mid|partial_mid|intermediate_or_mixed_temporal_recruitment|partial_mid,gamma_s_eff,1.25,zth,1.0,closed_low,partial_to_closed,True,1.2746082046944949,-0.11876044185295065,decrease
MFA_like_from_control_legacy,CONTROL_100nA.db::trial_645,CONTROL|100|partial_mid|partial_mid|intermediate_or_mixed_temporal_recruitment|partial_mid,gamma_s_eff,1.25,zth,1.25,closed_low,partial_to_closed,True,1.2746082646440207,-0.11876038190342486,decrease
MFA_like_from_control_legacy,CONTROL_100nA.db::trial_645,CONTROL|100|partial_mid|partial_mid|intermediate_or_mixed_temporal_recruitment|partial_mid,zth,0.75,zs,0.75,closed_low,partial_to_closed,True,1.2746082273227837,-0.11876041922466185,decrease
MFA_like_from_control_legacy,CONTROL_100nA.db::trial_645,CONTROL|100|partial_mid|partial_mid|intermediate_or_mixed_temporal_recruitment|partial_mid,zth,0.75,zs,1.0,closed_low,partial_to_closed,True,1.2746081799594253,-0.1187604665880202,decrease
MFA_like_from_control_legacy,CONTROL_100nA.db::trial_645,CONTROL|100|partial_mid|partial_mid|intermediate_or_mixed_temporal_recruitment|partial_mid,zth,0.75,zs,1.25,closed_low,partial_to_closed,True,1.2746082363616833,-0.11876041018576222,decrease
MFA_like_from_control_legacy,CONTROL_100nA.db::trial_645,CONTROL|100|partial_mid|partial_mid|intermediate_or_mixed_temporal_recruitment|partial_mid,zth,1.0,zs,0.75,closed_low,partial_to_closed,True,1.27460823472416,-0.11876041182328545,decrease
MFA_like_from_control_legacy,CONTROL_100nA.db::trial_645,CONTROL|100|partial_mid|partial_mid|intermediate_or_mixed_temporal_recruitment|partial_mid,zth,1.0,zs,1.0,closed_low,partial_to_closed,True,1.2746081826802913,-0.11876046386715422,decrease
MFA_like_from_control_legacy,CONTROL_100nA.db::trial_645,CONTROL|100|partial_mid|partial_mid|intermediate_or_mixed_temporal_recruitment|partial_mid,zth,1.0,zs,1.25,closed_low,partial_to_closed,True,1.2746082541148809,-0.11876039243256464,decrease
MFA_like_from_control_legacy,CONTROL_100nA.db::trial_645,CONTROL|100|partial_mid|partial_mid|intermediate_or_mixed_temporal_recruitment|partial_mid,zth,1.25,zs,0.75,closed_low,partial_to_closed,True,1.2746082278234605,-0.11876041872398502,decrease
MFA_like_from_control_legacy,CONTROL_100nA.db::trial_645,CONTROL|100|partial_mid|partial_mid|intermediate_or_mixed_temporal_recruitment|partial_mid,zth,1.25,zs,1.0,closed_low,partial_to_closed,True,1.2746082384188826,-0.11876040812856292,decrease
MFA_like_from_control_legacy,CONTROL_100nA.db::trial_645,CONTROL|100|partial_mid|partial_mid|intermediate_or_mixed_temporal_recruitment|partial_mid,zth,1.25,zs,1.25,closed_low,partial_to_closed,True,1.274608271257107,-0.11876037529033856,decrease
MFA_BA_stacked_on_control_legacy,CONTROL_100nA.db::trial_645,CONTROL|100|partial_mid|partial_mid|intermediate_or_mixed_temporal_recruitment|partial_mid,gki,0.75,P_gap_eff,0.75,closed_low,partial_to_closed,True,1.28328852412902,-0.11008012241842557,decrease
MFA_BA_stacked_on_control_legacy,CONTROL_100nA.db::trial_645,CONTROL|100|partial_mid|partial_mid|intermediate_or_mixed_temporal_recruitment|partial_mid,gki,0.75,P_gap_eff,1.0,closed_low,partial_to_closed,True,1.2744434060762004,-0.11892524047124509,decrease
MFA_BA_stacked_on_control_legacy,CONTROL_100nA.db::trial_645,CONTROL|100|partial_mid|partial_mid|intermediate_or_mixed_temporal_recruitment|partial_mid,gki,0.75,P_gap_eff,1.25,closed_low,partial_to_closed,True,1.2656035502323193,-0.12776509631512623,decrease
MFA_BA_stacked_on_control_legacy,CONTROL_100nA.db::trial_645,CONTROL|100|partial_mid|partial_mid|intermediate_or_mixed_temporal_recruitment|partial_mid,gki,1.0,P_gap_eff,0.75,closed_low,partial_to_closed,True,1.283500740901056,-0.1098679056463896,decrease
MFA_BA_stacked_on_control_legacy,CONTROL_100nA.db::trial_645,CONTROL|100|partial_mid|partial_mid|intermediate_or_mixed_temporal_recruitment|partial_mid,gki,1.0,P_gap_eff,1.0,closed_low,partial_to_closed,True,1.2746081826802913,-0.11876046386715422,decrease
MFA_BA_stacked_on_control_legacy,CONTROL_100nA.db::trial_645,CONTROL|100|partial_mid|partial_mid|intermediate_or_mixed_temporal_recruitment|partial_mid,gki,1.0,P_gap_eff,1.25,closed_low,partial_to_closed,True,1.265714134956671,-0.12765451159077457,decrease
MFA_BA_stacked_on_control_legacy,CONTROL_100nA.db::trial_645,CONTROL|100|partial_mid|partial_mid|intermediate_or_mixed_temporal_recruitment|partial_mid,gki,1.25,P_gap_eff,0.75,closed_low,partial_to_closed,True,1.2836339705504216,-0.10973467599702391,decrease
MFA_BA_stacked_on_control_legacy,CONTROL_100nA.db::trial_645,CONTROL|100|partial_mid|partial_mid|intermediate_or_mixed_temporal_recruitment|partial_mid,gki,1.25,P_gap_eff,1.0,closed_low,partial_to_closed,True,1.2747136728034483,-0.11865497374399725,decrease
MFA_BA_stacked_on_control_legacy,CONTROL_100nA.db::trial_645,CONTROL|100|partial_mid|partial_mid|intermediate_or_mixed_temporal_recruitment|partial_mid,gki,1.25,P_gap_eff,1.25,closed_low,partial_to_closed,True,1.265786933061496,-0.1275817134859496,decrease
MFA_like_from_control_legacy,CONTROL_100nA.db::trial_1428,CONTROL|100|closed_low|open_high|recruited_during_load_then_closed_by_end|closed_low,P_gap_eff,0.75,gamma_s_eff,0.75,closed_low,unchanged_closed,False,1.2758901882286287,-0.1174985352069744,decrease
MFA_like_from_control_legacy,CONTROL_100nA.db::trial_1428,CONTROL|100|closed_low|open_high|recruited_during_load_then_closed_by_end|closed_low,P_gap_eff,0.75,gamma_s_eff,1.0,closed_low,unchanged_closed,False,1.2758903248685007,-0.11749839856710231,decrease
MFA_like_from_control_legacy,CONTROL_100nA.db::trial_1428,CONTROL|100|closed_low|open_high|recruited_during_load_then_closed_by_end|closed_low,P_gap_eff,0.75,gamma_s_eff,1.25,closed_low,unchanged_closed,False,1.275890422505845,-0.1174983009297581,decrease
MFA_like_from_control_legacy,CONTROL_100nA.db::trial_1428,CONTROL|100|closed_low|open_high|recruited_during_load_then_closed_by_end|closed_low,P_gap_eff,1.0,gamma_s_eff,0.75,closed_low,unchanged_closed,False,1.2757595365293228,-0.11762918690628021,decrease
MFA_like_from_control_legacy,CONTROL_100nA.db::trial_1428,CONTROL|100|closed_low|open_high|recruited_during_load_then_closed_by_end|closed_low,P_gap_eff,1.0,gamma_s_eff,1.0,closed_low,unchanged_closed,False,1.2757596605941135,-0.11762906284148955,decrease
MFA_like_from_control_legacy,CONTROL_100nA.db::trial_1428,CONTROL|100|closed_low|open_high|recruited_during_load_then_closed_by_end|closed_low,P_gap_eff,1.0,gamma_s_eff,1.25,closed_low,unchanged_closed,False,1.2757595976281328,-0.1176291258074702,decrease
MFA_like_from_control_legacy,CONTROL_100nA.db::trial_1428,CONTROL|100|closed_low|open_high|recruited_during_load_then_closed_by_end|closed_low,P_gap_eff,1.25,gamma_s_eff,0.75,closed_low,unchanged_closed,False,1.275628842158886,-0.1177598812767171,decrease
MFA_like_from_control_legacy,CONTROL_100nA.db::trial_1428,CONTROL|100|closed_low|open_high|recruited_during_load_then_closed_by_end|closed_low,P_gap_eff,1.25,gamma_s_eff,1.0,closed_low,unchanged_closed,False,1.2756287660929655,-0.11775995734263756,decrease
MFA_like_from_control_legacy,CONTROL_100nA.db::trial_1428,CONTROL|100|closed_low|open_high|recruited_during_load_then_closed_by_end|closed_low,P_gap_eff,1.25,gamma_s_eff,1.25,closed_low,unchanged_closed,False,1.2756288275543342,-0.1177598958812689,decrease
MFA_like_from_control_legacy,CONTROL_100nA.db::trial_1428,CONTROL|100|closed_low|open_high|recruited_during_load_then_closed_by_end|closed_low,P_gap_eff,0.75,zth,0.75,closed_low,unchanged_closed,False,1.2758902526482245,-0.11749847078737852,decrease
MFA_like_from_control_legacy,CONTROL_100nA.db::trial_1428,CONTROL|100|closed_low|open_high|recruited_during_load_then_closed_by_end|closed_low,P_gap_eff,0.75,zth,1.0,closed_low,unchanged_closed,False,1.2758903248685007,-0.11749839856710231,decrease
MFA_like_from_control_legacy,CONTROL_100nA.db::trial_1428,CONTROL|100|closed_low|open_high|recruited_during_load_then_closed_by_end|closed_low,P_gap_eff,0.75,zth,1.25,closed_low,unchanged_closed,False,1.2758901399701608,-0.11749858346544229,decrease
MFA_like_from_control_legacy,CONTROL_100nA.db::trial_1428,CONTROL|100|closed_low|open_high|recruited_during_load_then_closed_by_end|closed_low,P_gap_eff,1.0,zth,0.75,closed_low,unchanged_closed,False,1.2757595867006277,-0.11762913673497533,decrease
MFA_like_from_control_legacy,CONTROL_100nA.db::trial_1428,CONTROL|100|closed_low|open_high|recruited_during_load_then_closed_by_end|closed_low,P_gap_eff,1.0,zth,1.0,closed_low,unchanged_closed,False,1.2757596605941135,-0.11762906284148955,decrease
MFA_like_from_control_legacy,CONTROL_100nA.db::trial_1428,CONTROL|100|closed_low|open_high|recruited_during_load_then_closed_by_end|closed_low,P_gap_eff,1.0,zth,1.25,closed_low,unchanged_closed,False,1.2757596868069974,-0.11762903662860569,decrease
MFA_like_from_control_legacy,CONTROL_100nA.db::trial_1428,CONTROL|100|closed_low|open_high|recruited_during_load_then_closed_by_end|closed_low,P_gap_eff,1.25,zth,0.75,closed_low,unchanged_closed,False,1.2756287249876428,-0.11775999844796026,decrease
MFA_like_from_control_legacy,CONTROL_100nA.db::trial_1428,CONTROL|100|closed_low|open_high|recruited_during_load_then_closed_by_end|closed_low,P_gap_eff,1.25,zth,1.0,closed_low,unchanged_closed,False,1.2756287660929655,-0.11775995734263756,decrease
MFA_like_from_control_legacy,CONTROL_100nA.db::trial_1428,CONTROL|100|closed_low|open_high|recruited_during_load_then_closed_by_end|closed_low,P_gap_eff,1.25,zth,1.25,closed_low,unchanged_closed,False,1.2756288130340039,-0.11775991040159917,decrease
MFA_like_from_control_legacy,CONTROL_100nA.db::trial_1428,CONTROL|100|closed_low|open_high|recruited_during_load_then_closed_by_end|closed_low,gamma_s_eff,0.75,zth,0.75,closed_low,unchanged_closed,False,1.2757596458862528,-0.11762907754935026,decrease
MFA_like_from_control_legacy,CONTROL_100nA.db::trial_1428,CONTROL|100|closed_low|open_high|recruited_during_load_then_closed_by_end|closed_low,gamma_s_eff,0.75,zth,1.0,closed_low,unchanged_closed,False,1.2757595365293228,-0.11762918690628021,decrease
MFA_like_from_control_legacy,CONTROL_100nA.db::trial_1428,CONTROL|100|closed_low|open_high|recruited_during_load_then_closed_by_end|closed_low,gamma_s_eff,0.75,zth,1.25,closed_low,unchanged_closed,False,1.2757597570416261,-0.11762896639397691,decrease
MFA_like_from_control_legacy,CONTROL_100nA.db::trial_1428,CONTROL|100|closed_low|open_high|recruited_during_load_then_closed_by_end|closed_low,gamma_s_eff,1.0,zth,0.75,closed_low,unchanged_closed,False,1.2757595867006277,-0.11762913673497533,decrease
MFA_like_from_control_legacy,CONTROL_100nA.db::trial_1428,CONTROL|100|closed_low|open_high|recruited_during_load_then_closed_by_end|closed_low,gamma_s_eff,1.0,zth,1.0,closed_low,unchanged_closed,False,1.2757596605941135,-0.11762906284148955,decrease
MFA_like_from_control_legacy,CONTROL_100nA.db::trial_1428,CONTROL|100|closed_low|open_high|recruited_during_load_then_closed_by_end|closed_low,gamma_s_eff,1.0,zth,1.25,closed_low,unchanged_closed,False,1.2757596868069974,-0.11762903662860569,decrease
MFA_like_from_control_legacy,CONTROL_100nA.db::trial_1428,CONTROL|100|closed_low|open_high|recruited_during_load_then_closed_by_end|closed_low,gamma_s_eff,1.25,zth,0.75,closed_low,unchanged_closed,False,1.2757596588400157,-0.11762906459558731,decrease
MFA_like_from_control_legacy,CONTROL_100nA.db::trial_1428,CONTROL|100|closed_low|open_high|recruited_during_load_then_closed_by_end|closed_low,gamma_s_eff,1.25,zth,1.0,closed_low,unchanged_closed,False,1.2757595976281328,-0.1176291258074702,decrease
MFA_like_from_control_legacy,CONTROL_100nA.db::trial_1428,CONTROL|100|closed_low|open_high|recruited_during_load_then_closed_by_end|closed_low,gamma_s_eff,1.25,zth,1.25,closed_low,unchanged_closed,False,1.275759435156222,-0.11762928827938102,decrease
MFA_like_from_control_legacy,CONTROL_100nA.db::trial_1428,CONTROL|100|closed_low|open_high|recruited_during_load_then_closed_by_end|closed_low,zth,0.75,zs,0.75,closed_low,unchanged_closed,False,1.275759612135257,-0.11762911130034603,decrease
MFA_like_from_control_legacy,CONTROL_100nA.db::trial_1428,CONTROL|100|closed_low|open_high|recruited_during_load_then_closed_by_end|closed_low,zth,0.75,zs,1.0,closed_low,unchanged_closed,False,1.2757595867006277,-0.11762913673497533,decrease
MFA_like_from_control_legacy,CONTROL_100nA.db::trial_1428,CONTROL|100|closed_low|open_high|recruited_during_load_then_closed_by_end|closed_low,zth,0.75,zs,1.25,closed_low,unchanged_closed,False,1.2757596180201738,-0.11762910541542926,decrease
MFA_like_from_control_legacy,CONTROL_100nA.db::trial_1428,CONTROL|100|closed_low|open_high|recruited_during_load_then_closed_by_end|closed_low,zth,1.0,zs,0.75,closed_low,unchanged_closed,False,1.275759538483871,-0.11762918495173214,decrease
MFA_like_from_control_legacy,CONTROL_100nA.db::trial_1428,CONTROL|100|closed_low|open_high|recruited_during_load_then_closed_by_end|closed_low,zth,1.0,zs,1.0,closed_low,unchanged_closed,False,1.2757596605941135,-0.11762906284148955,decrease
MFA_like_from_control_legacy,CONTROL_100nA.db::trial_1428,CONTROL|100|closed_low|open_high|recruited_during_load_then_closed_by_end|closed_low,zth,1.0,zs,1.25,closed_low,unchanged_closed,False,1.2757596803797624,-0.11762904305584065,decrease
MFA_like_from_control_legacy,CONTROL_100nA.db::trial_1428,CONTROL|100|closed_low|open_high|recruited_during_load_then_closed_by_end|closed_low,zth,1.25,zs,0.75,closed_low,unchanged_closed,False,1.2757596510702318,-0.11762907236537123,decrease
MFA_like_from_control_legacy,CONTROL_100nA.db::trial_1428,CONTROL|100|closed_low|open_high|recruited_during_load_then_closed_by_end|closed_low,zth,1.25,zs,1.0,closed_low,unchanged_closed,False,1.2757596868069974,-0.11762903662860569,decrease
MFA_like_from_control_legacy,CONTROL_100nA.db::trial_1428,CONTROL|100|closed_low|open_high|recruited_during_load_then_closed_by_end|closed_low,zth,1.25,zs,1.25,closed_low,unchanged_closed,False,1.2757596838806673,-0.11762903955493575,decrease
MFA_BA_stacked_on_control_legacy,CONTROL_100nA.db::trial_1428,CONTROL|100|closed_low|open_high|recruited_during_load_then_closed_by_end|closed_low,gki,0.75,P_gap_eff,0.75,closed_low,unchanged_closed,False,1.2757083060857903,-0.11768041734981272,decrease
MFA_BA_stacked_on_control_legacy,CONTROL_100nA.db::trial_1428,CONTROL|100|closed_low|open_high|recruited_during_load_then_closed_by_end|closed_low,gki,0.75,P_gap_eff,1.0,closed_low,unchanged_closed,False,1.2755784733840643,-0.11781025005153878,decrease
MFA_BA_stacked_on_control_legacy,CONTROL_100nA.db::trial_1428,CONTROL|100|closed_low|open_high|recruited_during_load_then_closed_by_end|closed_low,gki,0.75,P_gap_eff,1.25,closed_low,unchanged_closed,False,1.2754484805649662,-0.11794024287063687,decrease
MFA_BA_stacked_on_control_legacy,CONTROL_100nA.db::trial_1428,CONTROL|100|closed_low|open_high|recruited_during_load_then_closed_by_end|closed_low,gki,1.0,P_gap_eff,0.75,closed_low,unchanged_closed,False,1.2758903248685007,-0.11749839856710231,decrease
MFA_BA_stacked_on_control_legacy,CONTROL_100nA.db::trial_1428,CONTROL|100|closed_low|open_high|recruited_during_load_then_closed_by_end|closed_low,gki,1.0,P_gap_eff,1.0,closed_low,unchanged_closed,False,1.2757596605941135,-0.11762906284148955,decrease
MFA_BA_stacked_on_control_legacy,CONTROL_100nA.db::trial_1428,CONTROL|100|closed_low|open_high|recruited_during_load_then_closed_by_end|closed_low,gki,1.0,P_gap_eff,1.25,closed_low,unchanged_closed,False,1.2756287660929655,-0.11775995734263756,decrease
MFA_BA_stacked_on_control_legacy,CONTROL_100nA.db::trial_1428,CONTROL|100|closed_low|open_high|recruited_during_load_then_closed_by_end|closed_low,gki,1.25,P_gap_eff,0.75,closed_low,unchanged_closed,False,1.2760140747342705,-0.11737464870133252,decrease
MFA_BA_stacked_on_control_legacy,CONTROL_100nA.db::trial_1428,CONTROL|100|closed_low|open_high|recruited_during_load_then_closed_by_end|closed_low,gki,1.25,P_gap_eff,1.0,closed_low,unchanged_closed,False,1.2758828230164552,-0.11750590041914788,decrease
MFA_BA_stacked_on_control_legacy,CONTROL_100nA.db::trial_1428,CONTROL|100|closed_low|open_high|recruited_during_load_then_closed_by_end|closed_low,gki,1.25,P_gap_eff,1.25,closed_low,unchanged_closed,False,1.2757516503229804,-0.11763707311262261,decrease
MFA_like_from_control_legacy,CONTROL_125nA.db::trial_1929,CONTROL|125|open_high|open_high|early_sustained_open_recruitment|open_high,P_gap_eff,0.75,gamma_s_eff,0.75,closed_low,open_to_closed,True,1.521499576026046,0.42645384699325994,increase
MFA_like_from_control_legacy,CONTROL_125nA.db::trial_1929,CONTROL|125|open_high|open_high|early_sustained_open_recruitment|open_high,P_gap_eff,0.75,gamma_s_eff,1.0,closed_low,open_to_closed,True,1.5214996541052561,0.42645392507247015,increase
MFA_like_from_control_legacy,CONTROL_125nA.db::trial_1929,CONTROL|125|open_high|open_high|early_sustained_open_recruitment|open_high,P_gap_eff,0.75,gamma_s_eff,1.25,closed_low,open_to_closed,True,1.5214998477207635,0.42645411868797756,increase
MFA_like_from_control_legacy,CONTROL_125nA.db::trial_1929,CONTROL|125|open_high|open_high|early_sustained_open_recruitment|open_high,P_gap_eff,1.0,gamma_s_eff,0.75,closed_low,open_to_closed,True,1.521437952713914,0.42639222368112795,increase
MFA_like_from_control_legacy,CONTROL_125nA.db::trial_1929,CONTROL|125|open_high|open_high|early_sustained_open_recruitment|open_high,P_gap_eff,1.0,gamma_s_eff,1.0,closed_low,open_to_closed,True,1.5214379516147918,0.4263922225820058,increase
MFA_like_from_control_legacy,CONTROL_125nA.db::trial_1929,CONTROL|125|open_high|open_high|early_sustained_open_recruitment|open_high,P_gap_eff,1.0,gamma_s_eff,1.25,closed_low,open_to_closed,True,1.5214378179036663,0.4263920888708803,increase
MFA_like_from_control_legacy,CONTROL_125nA.db::trial_1929,CONTROL|125|open_high|open_high|early_sustained_open_recruitment|open_high,P_gap_eff,1.25,gamma_s_eff,0.75,closed_low,open_to_closed,True,1.5213745076202798,0.42632877858749385,increase
MFA_like_from_control_legacy,CONTROL_125nA.db::trial_1929,CONTROL|125|open_high|open_high|early_sustained_open_recruitment|open_high,P_gap_eff,1.25,gamma_s_eff,1.0,closed_low,open_to_closed,True,1.521375772308777,0.4263300432759911,increase
MFA_like_from_control_legacy,CONTROL_125nA.db::trial_1929,CONTROL|125|open_high|open_high|early_sustained_open_recruitment|open_high,P_gap_eff,1.25,gamma_s_eff,1.25,closed_low,open_to_closed,True,1.5213760319459204,0.42633030291313445,increase
MFA_like_from_control_legacy,CONTROL_125nA.db::trial_1929,CONTROL|125|open_high|open_high|early_sustained_open_recruitment|open_high,P_gap_eff,0.75,zth,0.75,closed_low,open_to_closed,True,1.5214997013382703,0.4264539723054843,increase
MFA_like_from_control_legacy,CONTROL_125nA.db::trial_1929,CONTROL|125|open_high|open_high|early_sustained_open_recruitment|open_high,P_gap_eff,0.75,zth,1.0,closed_low,open_to_closed,True,1.5214996541052561,0.42645392507247015,increase
MFA_like_from_control_legacy,CONTROL_125nA.db::trial_1929,CONTROL|125|open_high|open_high|early_sustained_open_recruitment|open_high,P_gap_eff,0.75,zth,1.25,closed_low,open_to_closed,True,1.5214997835464004,0.4264540545136144,increase
MFA_like_from_control_legacy,CONTROL_125nA.db::trial_1929,CONTROL|125|open_high|open_high|early_sustained_open_recruitment|open_high,P_gap_eff,1.0,zth,0.75,closed_low,open_to_closed,True,1.42427760246221,0.32923187342942395,increase
MFA_like_from_control_legacy,CONTROL_125nA.db::trial_1929,CONTROL|125|open_high|open_high|early_sustained_open_recruitment|open_high,P_gap_eff,1.0,zth,1.0,closed_low,open_to_closed,True,1.5214379516147918,0.4263922225820058,increase
MFA_like_from_control_legacy,CONTROL_125nA.db::trial_1929,CONTROL|125|open_high|open_high|early_sustained_open_recruitment|open_high,P_gap_eff,1.0,zth,1.25,closed_low,open_to_closed,True,1.5214378878700645,0.42639215883727855,increase
MFA_like_from_control_legacy,CONTROL_125nA.db::trial_1929,CONTROL|125|open_high|open_high|early_sustained_open_recruitment|open_high,P_gap_eff,1.25,zth,0.75,closed_low,open_to_closed,True,1.521375524430845,0.42632979539805893,increase
MFA_like_from_control_legacy,CONTROL_125nA.db::trial_1929,CONTROL|125|open_high|open_high|early_sustained_open_recruitment|open_high,P_gap_eff,1.25,zth,1.0,closed_low,open_to_closed,True,1.521375772308777,0.4263300432759911,increase
MFA_like_from_control_legacy,CONTROL_125nA.db::trial_1929,CONTROL|125|open_high|open_high|early_sustained_open_recruitment|open_high,P_gap_eff,1.25,zth,1.25,closed_low,open_to_closed,True,1.5213752971631953,0.42632956813040934,increase
MFA_like_from_control_legacy,CONTROL_125nA.db::trial_1929,CONTROL|125|open_high|open_high|early_sustained_open_recruitment|open_high,gamma_s_eff,0.75,zth,0.75,closed_low,open_to_closed,True,1.5214375642993145,0.4263918352665286,increase
MFA_like_from_control_legacy,CONTROL_125nA.db::trial_1929,CONTROL|125|open_high|open_high|early_sustained_open_recruitment|open_high,gamma_s_eff,0.75,zth,1.0,closed_low,open_to_closed,True,1.521437952713914,0.42639222368112795,increase
MFA_like_from_control_legacy,CONTROL_125nA.db::trial_1929,CONTROL|125|open_high|open_high|early_sustained_open_recruitment|open_high,gamma_s_eff,0.75,zth,1.25,closed_low,open_to_closed,True,1.521437844975039,0.426392115942253,increase
MFA_like_from_control_legacy,CONTROL_125nA.db::trial_1929,CONTROL|125|open_high|open_high|early_sustained_open_recruitment|open_high,gamma_s_eff,1.0,zth,0.75,closed_low,open_to_closed,True,1.4243817687106546,0.3293360396778686,increase
MFA_like_from_control_legacy,CONTROL_125nA.db::trial_1929,CONTROL|125|open_high|open_high|early_sustained_open_recruitment|open_high,gamma_s_eff,1.0,zth,1.0,closed_low,open_to_closed,True,1.5214379516147918,0.4263922225820058,increase
MFA_like_from_control_legacy,CONTROL_125nA.db::trial_1929,CONTROL|125|open_high|open_high|early_sustained_open_recruitment|open_high,gamma_s_eff,1.0,zth,1.25,closed_low,open_to_closed,True,1.5214378878700645,0.42639215883727855,increase
MFA_like_from_control_legacy,CONTROL_125nA.db::trial_1929,CONTROL|125|open_high|open_high|early_sustained_open_recruitment|open_high,gamma_s_eff,1.25,zth,0.75,closed_low,open_to_closed,True,1.5214369801905125,0.4263912511577266,increase
MFA_like_from_control_legacy,CONTROL_125nA.db::trial_1929,CONTROL|125|open_high|open_high|early_sustained_open_recruitment|open_high,gamma_s_eff,1.25,zth,1.0,closed_low,open_to_closed,True,1.5214378179036663,0.4263920888708803,increase
MFA_like_from_control_legacy,CONTROL_125nA.db::trial_1929,CONTROL|125|open_high|open_high|early_sustained_open_recruitment|open_high,gamma_s_eff,1.25,zth,1.25,closed_low,open_to_closed,True,1.5214378684742382,0.42639213944145227,increase
MFA_like_from_control_legacy,CONTROL_125nA.db::trial_1929,CONTROL|125|open_high|open_high|early_sustained_open_recruitment|open_high,zth,0.75,zs,0.75,closed_low,open_to_closed,True,1.5214374857087085,0.42639175667592255,increase
MFA_like_from_control_legacy,CONTROL_125nA.db::trial_1929,CONTROL|125|open_high|open_high|early_sustained_open_recruitment|open_high,zth,0.75,zs,1.0,closed_low,open_to_closed,True,1.4243814572957125,0.32933572826292656,increase
MFA_like_from_control_legacy,CONTROL_125nA.db::trial_1929,CONTROL|125|open_high|open_high|early_sustained_open_recruitment|open_high,zth,0.75,zs,1.25,closed_low,open_to_closed,True,1.5214379881497375,0.42639225911695156,increase
MFA_like_from_control_legacy,CONTROL_125nA.db::trial_1929,CONTROL|125|open_high|open_high|early_sustained_open_recruitment|open_high,zth,1.0,zs,0.75,closed_low,open_to_closed,True,1.521437788078856,0.42639205904607014,increase
MFA_like_from_control_legacy,CONTROL_125nA.db::trial_1929,CONTROL|125|open_high|open_high|early_sustained_open_recruitment|open_high,zth,1.0,zs,1.0,closed_low,open_to_closed,True,1.5214379516147918,0.4263922225820058,increase
MFA_like_from_control_legacy,CONTROL_125nA.db::trial_1929,CONTROL|125|open_high|open_high|early_sustained_open_recruitment|open_high,zth,1.0,zs,1.25,closed_low,open_to_closed,True,1.5214373059731907,0.42639157694040475,increase
MFA_like_from_control_legacy,CONTROL_125nA.db::trial_1929,CONTROL|125|open_high|open_high|early_sustained_open_recruitment|open_high,zth,1.25,zs,0.75,closed_low,open_to_closed,True,1.5214373582792384,0.42639162924645246,increase
MFA_like_from_control_legacy,CONTROL_125nA.db::trial_1929,CONTROL|125|open_high|open_high|early_sustained_open_recruitment|open_high,zth,1.25,zs,1.0,closed_low,open_to_closed,True,1.5214378878700645,0.42639215883727855,increase
MFA_like_from_control_legacy,CONTROL_125nA.db::trial_1929,CONTROL|125|open_high|open_high|early_sustained_open_recruitment|open_high,zth,1.25,zs,1.25,closed_low,open_to_closed,True,1.5214379499270738,0.42639222089428785,increase
MFA_BA_stacked_on_control_legacy,CONTROL_125nA.db::trial_1929,CONTROL|125|open_high|open_high|early_sustained_open_recruitment|open_high,gki,0.75,P_gap_eff,0.75,closed_low,open_to_closed,True,1.5221930956704188,0.42714736663763286,increase
MFA_BA_stacked_on_control_legacy,CONTROL_125nA.db::trial_1929,CONTROL|125|open_high|open_high|early_sustained_open_recruitment|open_high,gki,0.75,P_gap_eff,1.0,closed_low,open_to_closed,True,1.5221327460448362,0.4270870170120502,increase
MFA_BA_stacked_on_control_legacy,CONTROL_125nA.db::trial_1929,CONTROL|125|open_high|open_high|early_sustained_open_recruitment|open_high,gki,0.75,P_gap_eff,1.25,closed_low,open_to_closed,True,1.5220711446913904,0.4270254156586044,increase
MFA_BA_stacked_on_control_legacy,CONTROL_125nA.db::trial_1929,CONTROL|125|open_high|open_high|early_sustained_open_recruitment|open_high,gki,1.0,P_gap_eff,0.75,closed_low,open_to_closed,True,1.5214996541052561,0.42645392507247015,increase
MFA_BA_stacked_on_control_legacy,CONTROL_125nA.db::trial_1929,CONTROL|125|open_high|open_high|early_sustained_open_recruitment|open_high,gki,1.0,P_gap_eff,1.0,closed_low,open_to_closed,True,1.5214379516147918,0.4263922225820058,increase
MFA_BA_stacked_on_control_legacy,CONTROL_125nA.db::trial_1929,CONTROL|125|open_high|open_high|early_sustained_open_recruitment|open_high,gki,1.0,P_gap_eff,1.25,closed_low,open_to_closed,True,1.521375772308777,0.4263300432759911,increase
MFA_BA_stacked_on_control_legacy,CONTROL_125nA.db::trial_1929,CONTROL|125|open_high|open_high|early_sustained_open_recruitment|open_high,gki,1.25,P_gap_eff,0.75,closed_low,open_to_closed,True,1.342889668635164,0.24784393960237794,increase
MFA_BA_stacked_on_control_legacy,CONTROL_125nA.db::trial_1929,CONTROL|125|open_high|open_high|early_sustained_open_recruitment|open_high,gki,1.25,P_gap_eff,1.0,closed_low,open_to_closed,True,1.5210301416042813,0.42598441257149533,increase
MFA_BA_stacked_on_control_legacy,CONTROL_125nA.db::trial_1929,CONTROL|125|open_high|open_high|early_sustained_open_recruitment|open_high,gki,1.25,P_gap_eff,1.25,closed_low,open_to_closed,True,1.520967745721655,0.4259220166888691,increase
MFA_like_from_control_legacy,CONTROL_125nA.db::trial_1429,CONTROL|125|open_high|open_high|early_sustained_open_recruitment|open_high,P_gap_eff,0.75,gamma_s_eff,0.75,closed_low,open_to_closed,True,1.438087441894891,0.23740196522803392,increase
MFA_like_from_control_legacy,CONTROL_125nA.db::trial_1429,CONTROL|125|open_high|open_high|early_sustained_open_recruitment|open_high,P_gap_eff,0.75,gamma_s_eff,1.0,closed_low,open_to_closed,True,1.4380887254886514,0.2374032488217943,increase
MFA_like_from_control_legacy,CONTROL_125nA.db::trial_1429,CONTROL|125|open_high|open_high|early_sustained_open_recruitment|open_high,P_gap_eff,0.75,gamma_s_eff,1.25,closed_low,open_to_closed,True,1.4380889825087866,0.23740350584192949,increase
MFA_like_from_control_legacy,CONTROL_125nA.db::trial_1429,CONTROL|125|open_high|open_high|early_sustained_open_recruitment|open_high,P_gap_eff,1.0,gamma_s_eff,0.75,closed_low,open_to_closed,True,1.4380441279179361,0.23735865125107902,increase
MFA_like_from_control_legacy,CONTROL_125nA.db::trial_1429,CONTROL|125|open_high|open_high|early_sustained_open_recruitment|open_high,P_gap_eff,1.0,gamma_s_eff,1.0,closed_low,open_to_closed,True,1.438044273051183,0.237358796384326,increase
MFA_like_from_control_legacy,CONTROL_125nA.db::trial_1429,CONTROL|125|open_high|open_high|early_sustained_open_recruitment|open_high,P_gap_eff,1.0,gamma_s_eff,1.25,closed_low,open_to_closed,True,1.4380442963027669,0.23735881963590977,increase
MFA_like_from_control_legacy,CONTROL_125nA.db::trial_1429,CONTROL|125|open_high|open_high|early_sustained_open_recruitment|open_high,P_gap_eff,1.25,gamma_s_eff,0.75,closed_low,open_to_closed,True,1.4380001787035759,0.23731470203671878,increase
MFA_like_from_control_legacy,CONTROL_125nA.db::trial_1429,CONTROL|125|open_high|open_high|early_sustained_open_recruitment|open_high,P_gap_eff,1.25,gamma_s_eff,1.0,closed_low,open_to_closed,True,1.4379996879725185,0.23731421130566144,increase
MFA_like_from_control_legacy,CONTROL_125nA.db::trial_1429,CONTROL|125|open_high|open_high|early_sustained_open_recruitment|open_high,P_gap_eff,1.25,gamma_s_eff,1.25,closed_low,open_to_closed,True,1.438000091079328,0.23731461441247093,increase
MFA_like_from_control_legacy,CONTROL_125nA.db::trial_1429,CONTROL|125|open_high|open_high|early_sustained_open_recruitment|open_high,P_gap_eff,0.75,zth,0.75,closed_low,open_to_closed,True,1.4380887324536964,0.2374032557868393,increase
MFA_like_from_control_legacy,CONTROL_125nA.db::trial_1429,CONTROL|125|open_high|open_high|early_sustained_open_recruitment|open_high,P_gap_eff,0.75,zth,1.0,closed_low,open_to_closed,True,1.4380887254886514,0.2374032488217943,increase
MFA_like_from_control_legacy,CONTROL_125nA.db::trial_1429,CONTROL|125|open_high|open_high|early_sustained_open_recruitment|open_high,P_gap_eff,0.75,zth,1.25,closed_low,open_to_closed,True,1.4380886731939215,0.23740319652706443,increase
MFA_like_from_control_legacy,CONTROL_125nA.db::trial_1429,CONTROL|125|open_high|open_high|early_sustained_open_recruitment|open_high,P_gap_eff,1.0,zth,0.75,closed_low,open_to_closed,True,1.4380443788371446,0.23735890217028754,increase
MFA_like_from_control_legacy,CONTROL_125nA.db::trial_1429,CONTROL|125|open_high|open_high|early_sustained_open_recruitment|open_high,P_gap_eff,1.0,zth,1.0,closed_low,open_to_closed,True,1.438044273051183,0.237358796384326,increase
MFA_like_from_control_legacy,CONTROL_125nA.db::trial_1429,CONTROL|125|open_high|open_high|early_sustained_open_recruitment|open_high,P_gap_eff,1.0,zth,1.25,closed_low,open_to_closed,True,1.4380442536635207,0.23735877699666363,increase
MFA_like_from_control_legacy,CONTROL_125nA.db::trial_1429,CONTROL|125|open_high|open_high|early_sustained_open_recruitment|open_high,P_gap_eff,1.25,zth,0.75,closed_low,open_to_closed,True,1.438000092048532,0.23731461538167498,increase
MFA_like_from_control_legacy,CONTROL_125nA.db::trial_1429,CONTROL|125|open_high|open_high|early_sustained_open_recruitment|open_high,P_gap_eff,1.25,zth,1.0,closed_low,open_to_closed,True,1.4379996879725185,0.23731421130566144,increase
MFA_like_from_control_legacy,CONTROL_125nA.db::trial_1429,CONTROL|125|open_high|open_high|early_sustained_open_recruitment|open_high,P_gap_eff,1.25,zth,1.25,closed_low,open_to_closed,True,1.4380001570563266,0.23731468038946946,increase
MFA_like_from_control_legacy,CONTROL_125nA.db::trial_1429,CONTROL|125|open_high|open_high|early_sustained_open_recruitment|open_high,gamma_s_eff,0.75,zth,0.75,closed_low,open_to_closed,True,1.4380424022073235,0.2373569255404664,increase
MFA_like_from_control_legacy,CONTROL_125nA.db::trial_1429,CONTROL|125|open_high|open_high|early_sustained_open_recruitment|open_high,gamma_s_eff,0.75,zth,1.0,closed_low,open_to_closed,True,1.4380441279179361,0.23735865125107902,increase
MFA_like_from_control_legacy,CONTROL_125nA.db::trial_1429,CONTROL|125|open_high|open_high|early_sustained_open_recruitment|open_high,gamma_s_eff,0.75,zth,1.25,closed_low,open_to_closed,True,1.4380443337425188,0.23735885707566173,increase
MFA_like_from_control_legacy,CONTROL_125nA.db::trial_1429,CONTROL|125|open_high|open_high|early_sustained_open_recruitment|open_high,gamma_s_eff,1.0,zth,0.75,closed_low,open_to_closed,True,1.4380443788371446,0.23735890217028754,increase
MFA_like_from_control_legacy,CONTROL_125nA.db::trial_1429,CONTROL|125|open_high|open_high|early_sustained_open_recruitment|open_high,gamma_s_eff,1.0,zth,1.0,closed_low,open_to_closed,True,1.438044273051183,0.237358796384326,increase
MFA_like_from_control_legacy,CONTROL_125nA.db::trial_1429,CONTROL|125|open_high|open_high|early_sustained_open_recruitment|open_high,gamma_s_eff,1.0,zth,1.25,closed_low,open_to_closed,True,1.4380442536635207,0.23735877699666363,increase
MFA_like_from_control_legacy,CONTROL_125nA.db::trial_1429,CONTROL|125|open_high|open_high|early_sustained_open_recruitment|open_high,gamma_s_eff,1.25,zth,0.75,closed_low,open_to_closed,True,1.4380445128723187,0.23735903620546162,increase
MFA_like_from_control_legacy,CONTROL_125nA.db::trial_1429,CONTROL|125|open_high|open_high|early_sustained_open_recruitment|open_high,gamma_s_eff,1.25,zth,1.0,closed_low,open_to_closed,True,1.4380442963027669,0.23735881963590977,increase
MFA_like_from_control_legacy,CONTROL_125nA.db::trial_1429,CONTROL|125|open_high|open_high|early_sustained_open_recruitment|open_high,gamma_s_eff,1.25,zth,1.25,closed_low,open_to_closed,True,1.4380444770023293,0.2373590003354722,increase
MFA_like_from_control_legacy,CONTROL_125nA.db::trial_1429,CONTROL|125|open_high|open_high|early_sustained_open_recruitment|open_high,zth,0.75,zs,0.75,closed_low,open_to_closed,True,1.438044452028107,0.23735897536124995,increase
MFA_like_from_control_legacy,CONTROL_125nA.db::trial_1429,CONTROL|125|open_high|open_high|early_sustained_open_recruitment|open_high,zth,0.75,zs,1.0,closed_low,open_to_closed,True,1.4380443788371446,0.23735890217028754,increase
MFA_like_from_control_legacy,CONTROL_125nA.db::trial_1429,CONTROL|125|open_high|open_high|early_sustained_open_recruitment|open_high,zth,0.75,zs,1.25,closed_low,open_to_closed,True,1.4380440558099772,0.23735857914312009,increase
MFA_like_from_control_legacy,CONTROL_125nA.db::trial_1429,CONTROL|125|open_high|open_high|early_sustained_open_recruitment|open_high,zth,1.0,zs,0.75,closed_low,open_to_closed,True,1.438044598515672,0.2373591218488149,increase
MFA_like_from_control_legacy,CONTROL_125nA.db::trial_1429,CONTROL|125|open_high|open_high|early_sustained_open_recruitment|open_high,zth,1.0,zs,1.0,closed_low,open_to_closed,True,1.438044273051183,0.237358796384326,increase
MFA_like_from_control_legacy,CONTROL_125nA.db::trial_1429,CONTROL|125|open_high|open_high|early_sustained_open_recruitment|open_high,zth,1.0,zs,1.25,closed_low,open_to_closed,True,1.4380440263035146,0.23735854963665748,increase
MFA_like_from_control_legacy,CONTROL_125nA.db::trial_1429,CONTROL|125|open_high|open_high|early_sustained_open_recruitment|open_high,zth,1.25,zs,0.75,closed_low,open_to_closed,True,1.4380441559384287,0.23735867927157162,increase
MFA_like_from_control_legacy,CONTROL_125nA.db::trial_1429,CONTROL|125|open_high|open_high|early_sustained_open_recruitment|open_high,zth,1.25,zs,1.0,closed_low,open_to_closed,True,1.4380442536635207,0.23735877699666363,increase
MFA_like_from_control_legacy,CONTROL_125nA.db::trial_1429,CONTROL|125|open_high|open_high|early_sustained_open_recruitment|open_high,zth,1.25,zs,1.25,closed_low,open_to_closed,True,1.4380442200509989,0.23735874338414176,increase
MFA_BA_stacked_on_control_legacy,CONTROL_125nA.db::trial_1429,CONTROL|125|open_high|open_high|early_sustained_open_recruitment|open_high,gki,0.75,P_gap_eff,0.75,closed_low,open_to_closed,True,1.4388938986137982,0.23820842194694114,increase
MFA_BA_stacked_on_control_legacy,CONTROL_125nA.db::trial_1429,CONTROL|125|open_high|open_high|early_sustained_open_recruitment|open_high,gki,0.75,P_gap_eff,1.0,closed_low,open_to_closed,True,1.4388495705207867,0.23816409385392956,increase
MFA_BA_stacked_on_control_legacy,CONTROL_125nA.db::trial_1429,CONTROL|125|open_high|open_high|early_sustained_open_recruitment|open_high,gki,0.75,P_gap_eff,1.25,closed_low,open_to_closed,True,1.4388054889002306,0.23812001223337353,increase
MFA_BA_stacked_on_control_legacy,CONTROL_125nA.db::trial_1429,CONTROL|125|open_high|open_high|early_sustained_open_recruitment|open_high,gki,1.0,P_gap_eff,0.75,closed_low,open_to_closed,True,1.4380887254886514,0.2374032488217943,increase
MFA_BA_stacked_on_control_legacy,CONTROL_125nA.db::trial_1429,CONTROL|125|open_high|open_high|early_sustained_open_recruitment|open_high,gki,1.0,P_gap_eff,1.0,closed_low,open_to_closed,True,1.438044273051183,0.237358796384326,increase
MFA_BA_stacked_on_control_legacy,CONTROL_125nA.db::trial_1429,CONTROL|125|open_high|open_high|early_sustained_open_recruitment|open_high,gki,1.0,P_gap_eff,1.25,closed_low,open_to_closed,True,1.4379996879725185,0.23731421130566144,increase
MFA_BA_stacked_on_control_legacy,CONTROL_125nA.db::trial_1429,CONTROL|125|open_high|open_high|early_sustained_open_recruitment|open_high,gki,1.25,P_gap_eff,0.75,closed_low,open_to_closed,True,1.437621841878032,0.2369363652111749,increase
MFA_BA_stacked_on_control_legacy,CONTROL_125nA.db::trial_1429,CONTROL|125|open_high|open_high|early_sustained_open_recruitment|open_high,gki,1.25,P_gap_eff,1.0,closed_low,open_to_closed,True,1.4375770533707009,0.23689157670384375,increase
MFA_BA_stacked_on_control_legacy,CONTROL_125nA.db::trial_1429,CONTROL|125|open_high|open_high|early_sustained_open_recruitment|open_high,gki,1.25,P_gap_eff,1.25,closed_low,open_to_closed,True,1.4375313203599516,0.23684584369309447,increase
MFA_like_from_control_legacy,CONTROL_125nA.db::trial_1746,CONTROL|125|partial_mid|open_high|intermediate_or_mixed_temporal_recruitment|partial_mid,P_gap_eff,0.75,gamma_s_eff,0.75,closed_low,partial_to_closed,True,1.395851808959608,0.11356441685833518,increase
MFA_like_from_control_legacy,CONTROL_125nA.db::trial_1746,CONTROL|125|partial_mid|open_high|intermediate_or_mixed_temporal_recruitment|partial_mid,P_gap_eff,0.75,gamma_s_eff,1.0,closed_low,partial_to_closed,True,1.395853522941828,0.11356613084055533,increase
MFA_like_from_control_legacy,CONTROL_125nA.db::trial_1746,CONTROL|125|partial_mid|open_high|intermediate_or_mixed_temporal_recruitment|partial_mid,P_gap_eff,0.75,gamma_s_eff,1.25,closed_low,partial_to_closed,True,1.3958527179945248,0.11356532589325208,increase
MFA_like_from_control_legacy,CONTROL_125nA.db::trial_1746,CONTROL|125|partial_mid|open_high|intermediate_or_mixed_temporal_recruitment|partial_mid,P_gap_eff,1.0,gamma_s_eff,0.75,closed_low,partial_to_closed,True,1.39580810421532,0.11352071211404735,increase
MFA_like_from_control_legacy,CONTROL_125nA.db::trial_1746,CONTROL|125|partial_mid|open_high|intermediate_or_mixed_temporal_recruitment|partial_mid,P_gap_eff,1.0,gamma_s_eff,1.0,closed_low,partial_to_closed,True,1.3958080983333758,0.11352070623210309,increase
MFA_like_from_control_legacy,CONTROL_125nA.db::trial_1746,CONTROL|125|partial_mid|open_high|intermediate_or_mixed_temporal_recruitment|partial_mid,P_gap_eff,1.0,gamma_s_eff,1.25,closed_low,partial_to_closed,True,1.3958082621701133,0.1135208700688406,increase
MFA_like_from_control_legacy,CONTROL_125nA.db::trial_1746,CONTROL|125|partial_mid|open_high|intermediate_or_mixed_temporal_recruitment|partial_mid,P_gap_eff,1.25,gamma_s_eff,0.75,closed_low,partial_to_closed,True,1.3957626453655003,0.11347525326422758,increase
MFA_like_from_control_legacy,CONTROL_125nA.db::trial_1746,CONTROL|125|partial_mid|open_high|intermediate_or_mixed_temporal_recruitment|partial_mid,P_gap_eff,1.25,gamma_s_eff,1.0,closed_low,partial_to_closed,True,1.3957624984220107,0.11347510632073798,increase
MFA_like_from_control_legacy,CONTROL_125nA.db::trial_1746,CONTROL|125|partial_mid|open_high|intermediate_or_mixed_temporal_recruitment|partial_mid,P_gap_eff,1.25,gamma_s_eff,1.25,closed_low,partial_to_closed,True,1.3531170442078013,0.07082965210652858,increase
MFA_like_from_control_legacy,CONTROL_125nA.db::trial_1746,CONTROL|125|partial_mid|open_high|intermediate_or_mixed_temporal_recruitment|partial_mid,P_gap_eff,0.75,zth,0.75,closed_low,partial_to_closed,True,1.3958533205885215,0.11356592848724878,increase
MFA_like_from_control_legacy,CONTROL_125nA.db::trial_1746,CONTROL|125|partial_mid|open_high|intermediate_or_mixed_temporal_recruitment|partial_mid,P_gap_eff,0.75,zth,1.0,closed_low,partial_to_closed,True,1.395853522941828,0.11356613084055533,increase
MFA_like_from_control_legacy,CONTROL_125nA.db::trial_1746,CONTROL|125|partial_mid|open_high|intermediate_or_mixed_temporal_recruitment|partial_mid,P_gap_eff,0.75,zth,1.25,closed_low,partial_to_closed,True,1.3958520962947294,0.11356470419345666,increase
MFA_like_from_control_legacy,CONTROL_125nA.db::trial_1746,CONTROL|125|partial_mid|open_high|intermediate_or_mixed_temporal_recruitment|partial_mid,P_gap_eff,1.0,zth,0.75,closed_low,partial_to_closed,True,1.3958081435692546,0.1135207514679819,increase
MFA_like_from_control_legacy,CONTROL_125nA.db::trial_1746,CONTROL|125|partial_mid|open_high|intermediate_or_mixed_temporal_recruitment|partial_mid,P_gap_eff,1.0,zth,1.0,closed_low,partial_to_closed,True,1.3958080983333758,0.11352070623210309,increase
MFA_like_from_control_legacy,CONTROL_125nA.db::trial_1746,CONTROL|125|partial_mid|open_high|intermediate_or_mixed_temporal_recruitment|partial_mid,P_gap_eff,1.0,zth,1.25,closed_low,partial_to_closed,True,1.3958081643641194,0.11352077226284663,increase
MFA_like_from_control_legacy,CONTROL_125nA.db::trial_1746,CONTROL|125|partial_mid|open_high|intermediate_or_mixed_temporal_recruitment|partial_mid,P_gap_eff,1.25,zth,0.75,closed_low,partial_to_closed,True,1.3957626268007337,0.11347523469946097,increase
MFA_like_from_control_legacy,CONTROL_125nA.db::trial_1746,CONTROL|125|partial_mid|open_high|intermediate_or_mixed_temporal_recruitment|partial_mid,P_gap_eff,1.25,zth,1.0,closed_low,partial_to_closed,True,1.3957624984220107,0.11347510632073798,increase
MFA_like_from_control_legacy,CONTROL_125nA.db::trial_1746,CONTROL|125|partial_mid|open_high|intermediate_or_mixed_temporal_recruitment|partial_mid,P_gap_eff,1.25,zth,1.25,closed_low,partial_to_closed,True,1.3957625959939788,0.11347520389270604,increase
MFA_like_from_control_legacy,CONTROL_125nA.db::trial_1746,CONTROL|125|partial_mid|open_high|intermediate_or_mixed_temporal_recruitment|partial_mid,gamma_s_eff,0.75,zth,0.75,closed_low,partial_to_closed,True,1.395808277298617,0.11352088519734416,increase
MFA_like_from_control_legacy,CONTROL_125nA.db::trial_1746,CONTROL|125|partial_mid|open_high|intermediate_or_mixed_temporal_recruitment|partial_mid,gamma_s_eff,0.75,zth,1.0,closed_low,partial_to_closed,True,1.39580810421532,0.11352071211404735,increase
MFA_like_from_control_legacy,CONTROL_125nA.db::trial_1746,CONTROL|125|partial_mid|open_high|intermediate_or_mixed_temporal_recruitment|partial_mid,gamma_s_eff,0.75,zth,1.25,closed_low,partial_to_closed,True,1.3958081038294714,0.11352071172819866,increase
MFA_like_from_control_legacy,CONTROL_125nA.db::trial_1746,CONTROL|125|partial_mid|open_high|intermediate_or_mixed_temporal_recruitment|partial_mid,gamma_s_eff,1.0,zth,0.75,closed_low,partial_to_closed,True,1.3958081435692546,0.1135207514679819,increase
MFA_like_from_control_legacy,CONTROL_125nA.db::trial_1746,CONTROL|125|partial_mid|open_high|intermediate_or_mixed_temporal_recruitment|partial_mid,gamma_s_eff,1.0,zth,1.0,closed_low,partial_to_closed,True,1.3958080983333758,0.11352070623210309,increase
MFA_like_from_control_legacy,CONTROL_125nA.db::trial_1746,CONTROL|125|partial_mid|open_high|intermediate_or_mixed_temporal_recruitment|partial_mid,gamma_s_eff,1.0,zth,1.25,closed_low,partial_to_closed,True,1.3958081643641194,0.11352077226284663,increase
MFA_like_from_control_legacy,CONTROL_125nA.db::trial_1746,CONTROL|125|partial_mid|open_high|intermediate_or_mixed_temporal_recruitment|partial_mid,gamma_s_eff,1.25,zth,0.75,closed_low,partial_to_closed,True,1.3958081762432495,0.11352078414197675,increase
MFA_like_from_control_legacy,CONTROL_125nA.db::trial_1746,CONTROL|125|partial_mid|open_high|intermediate_or_mixed_temporal_recruitment|partial_mid,gamma_s_eff,1.25,zth,1.0,closed_low,partial_to_closed,True,1.3958082621701133,0.1135208700688406,increase
MFA_like_from_control_legacy,CONTROL_125nA.db::trial_1746,CONTROL|125|partial_mid|open_high|intermediate_or_mixed_temporal_recruitment|partial_mid,gamma_s_eff,1.25,zth,1.25,closed_low,partial_to_closed,True,1.3958082691466607,0.11352087704538794,increase
MFA_like_from_control_legacy,CONTROL_125nA.db::trial_1746,CONTROL|125|partial_mid|open_high|intermediate_or_mixed_temporal_recruitment|partial_mid,zth,0.75,zs,0.75,closed_low,partial_to_closed,True,1.3958083053458348,0.11352091324456204,increase
MFA_like_from_control_legacy,CONTROL_125nA.db::trial_1746,CONTROL|125|partial_mid|open_high|intermediate_or_mixed_temporal_recruitment|partial_mid,zth,0.75,zs,1.0,closed_low,partial_to_closed,True,1.3958081435692546,0.1135207514679819,increase
MFA_like_from_control_legacy,CONTROL_125nA.db::trial_1746,CONTROL|125|partial_mid|open_high|intermediate_or_mixed_temporal_recruitment|partial_mid,zth,0.75,zs,1.25,closed_low,partial_to_closed,True,1.395808169783952,0.11352077768267921,increase
MFA_like_from_control_legacy,CONTROL_125nA.db::trial_1746,CONTROL|125|partial_mid|open_high|intermediate_or_mixed_temporal_recruitment|partial_mid,zth,1.0,zs,0.75,closed_low,partial_to_closed,True,1.395807938579389,0.11352054647811616,increase
MFA_like_from_control_legacy,CONTROL_125nA.db::trial_1746,CONTROL|125|partial_mid|open_high|intermediate_or_mixed_temporal_recruitment|partial_mid,zth,1.0,zs,1.0,closed_low,partial_to_closed,True,1.3958080983333758,0.11352070623210309,increase
MFA_like_from_control_legacy,CONTROL_125nA.db::trial_1746,CONTROL|125|partial_mid|open_high|intermediate_or_mixed_temporal_recruitment|partial_mid,zth,1.0,zs,1.25,closed_low,partial_to_closed,True,1.395807927730685,0.11352053562941222,increase
MFA_like_from_control_legacy,CONTROL_125nA.db::trial_1746,CONTROL|125|partial_mid|open_high|intermediate_or_mixed_temporal_recruitment|partial_mid,zth,1.25,zs,0.75,closed_low,partial_to_closed,True,1.3958077912737752,0.11352039917250245,increase
MFA_like_from_control_legacy,CONTROL_125nA.db::trial_1746,CONTROL|125|partial_mid|open_high|intermediate_or_mixed_temporal_recruitment|partial_mid,zth,1.25,zs,1.0,closed_low,partial_to_closed,True,1.3958081643641194,0.11352077226284663,increase
MFA_like_from_control_legacy,CONTROL_125nA.db::trial_1746,CONTROL|125|partial_mid|open_high|intermediate_or_mixed_temporal_recruitment|partial_mid,zth,1.25,zs,1.25,closed_low,partial_to_closed,True,1.3958080799890498,0.11352068788777703,increase
MFA_BA_stacked_on_control_legacy,CONTROL_125nA.db::trial_1746,CONTROL|125|partial_mid|open_high|intermediate_or_mixed_temporal_recruitment|partial_mid,gki,0.75,P_gap_eff,0.75,closed_low,partial_to_closed,True,1.396775493862162,0.1144881017608892,increase
MFA_BA_stacked_on_control_legacy,CONTROL_125nA.db::trial_1746,CONTROL|125|partial_mid|open_high|intermediate_or_mixed_temporal_recruitment|partial_mid,gki,0.75,P_gap_eff,1.0,closed_low,partial_to_closed,True,1.3967300880891502,0.11444269598787749,increase
MFA_BA_stacked_on_control_legacy,CONTROL_125nA.db::trial_1746,CONTROL|125|partial_mid|open_high|intermediate_or_mixed_temporal_recruitment|partial_mid,gki,0.75,P_gap_eff,1.25,closed_low,partial_to_closed,True,1.396685207944314,0.1143978158430412,increase
MFA_BA_stacked_on_control_legacy,CONTROL_125nA.db::trial_1746,CONTROL|125|partial_mid|open_high|intermediate_or_mixed_temporal_recruitment|partial_mid,gki,1.0,P_gap_eff,0.75,closed_low,partial_to_closed,True,1.395853522941828,0.11356613084055533,increase
MFA_BA_stacked_on_control_legacy,CONTROL_125nA.db::trial_1746,CONTROL|125|partial_mid|open_high|intermediate_or_mixed_temporal_recruitment|partial_mid,gki,1.0,P_gap_eff,1.0,closed_low,partial_to_closed,True,1.3958080983333758,0.11352070623210309,increase
MFA_BA_stacked_on_control_legacy,CONTROL_125nA.db::trial_1746,CONTROL|125|partial_mid|open_high|intermediate_or_mixed_temporal_recruitment|partial_mid,gki,1.0,P_gap_eff,1.25,closed_low,partial_to_closed,True,1.3957624984220107,0.11347510632073798,increase
MFA_BA_stacked_on_control_legacy,CONTROL_125nA.db::trial_1746,CONTROL|125|partial_mid|open_high|intermediate_or_mixed_temporal_recruitment|partial_mid,gki,1.25,P_gap_eff,0.75,closed_low,partial_to_closed,True,1.3953182170570333,0.11303082495576056,increase
MFA_BA_stacked_on_control_legacy,CONTROL_125nA.db::trial_1746,CONTROL|125|partial_mid|open_high|intermediate_or_mixed_temporal_recruitment|partial_mid,gki,1.25,P_gap_eff,1.0,closed_low,partial_to_closed,True,1.3952723271252456,0.11298493502397289,increase
MFA_BA_stacked_on_control_legacy,CONTROL_125nA.db::trial_1746,CONTROL|125|partial_mid|open_high|intermediate_or_mixed_temporal_recruitment|partial_mid,gki,1.25,P_gap_eff,1.25,closed_low,partial_to_closed,True,1.3952267997961698,0.11293940769489708,increase
MFA_like_from_control_legacy,CONTROL_125nA.db::trial_2260,CONTROL|125|closed_low|open_high|recruited_during_load_then_closed_by_end|closed_low,P_gap_eff,0.75,gamma_s_eff,0.75,closed_low,unchanged_closed,False,1.5421101992408102,0.4825749571329714,increase
MFA_like_from_control_legacy,CONTROL_125nA.db::trial_2260,CONTROL|125|closed_low|open_high|recruited_during_load_then_closed_by_end|closed_low,P_gap_eff,0.75,gamma_s_eff,1.0,closed_low,unchanged_closed,False,1.5421105709497869,0.4825753288419481,increase
MFA_like_from_control_legacy,CONTROL_125nA.db::trial_2260,CONTROL|125|closed_low|open_high|recruited_during_load_then_closed_by_end|closed_low,P_gap_eff,0.75,gamma_s_eff,1.25,closed_low,unchanged_closed,False,1.5421108649281097,0.4825756228202709,increase
MFA_like_from_control_legacy,CONTROL_125nA.db::trial_2260,CONTROL|125|closed_low|open_high|recruited_during_load_then_closed_by_end|closed_low,P_gap_eff,1.0,gamma_s_eff,0.75,closed_low,unchanged_closed,False,1.5420474362240202,0.4825121941161814,increase
MFA_like_from_control_legacy,CONTROL_125nA.db::trial_2260,CONTROL|125|closed_low|open_high|recruited_during_load_then_closed_by_end|closed_low,P_gap_eff,1.0,gamma_s_eff,1.0,closed_low,unchanged_closed,False,1.5420474362240202,0.4825121941161814,increase
MFA_like_from_control_legacy,CONTROL_125nA.db::trial_2260,CONTROL|125|closed_low|open_high|recruited_during_load_then_closed_by_end|closed_low,P_gap_eff,1.0,gamma_s_eff,1.25,closed_low,unchanged_closed,False,1.5420474908388886,0.4825122487310498,increase
MFA_like_from_control_legacy,CONTROL_125nA.db::trial_2260,CONTROL|125|closed_low|open_high|recruited_during_load_then_closed_by_end|closed_low,P_gap_eff,1.25,gamma_s_eff,0.75,closed_low,unchanged_closed,False,1.541984663633796,0.48244942152595716,increase
MFA_like_from_control_legacy,CONTROL_125nA.db::trial_2260,CONTROL|125|closed_low|open_high|recruited_during_load_then_closed_by_end|closed_low,P_gap_eff,1.25,gamma_s_eff,1.0,closed_low,unchanged_closed,False,1.424507859009649,0.36497261690181015,increase
MFA_like_from_control_legacy,CONTROL_125nA.db::trial_2260,CONTROL|125|closed_low|open_high|recruited_during_load_then_closed_by_end|closed_low,P_gap_eff,1.25,gamma_s_eff,1.25,closed_low,unchanged_closed,False,1.541984737877913,0.48244949577007423,increase
MFA_like_from_control_legacy,CONTROL_125nA.db::trial_2260,CONTROL|125|closed_low|open_high|recruited_during_load_then_closed_by_end|closed_low,P_gap_eff,0.75,zth,0.75,closed_low,unchanged_closed,False,1.5421108739718479,0.4825756318640091,increase
MFA_like_from_control_legacy,CONTROL_125nA.db::trial_2260,CONTROL|125|closed_low|open_high|recruited_during_load_then_closed_by_end|closed_low,P_gap_eff,0.75,zth,1.0,closed_low,unchanged_closed,False,1.5421105709497869,0.4825753288419481,increase
MFA_like_from_control_legacy,CONTROL_125nA.db::trial_2260,CONTROL|125|closed_low|open_high|recruited_during_load_then_closed_by_end|closed_low,P_gap_eff,0.75,zth,1.25,closed_low,unchanged_closed,False,1.542110826328228,0.48257558422038915,increase
MFA_like_from_control_legacy,CONTROL_125nA.db::trial_2260,CONTROL|125|closed_low|open_high|recruited_during_load_then_closed_by_end|closed_low,P_gap_eff,1.0,zth,0.75,closed_low,unchanged_closed,False,1.5420477470751393,0.48251250496730047,increase
MFA_like_from_control_legacy,CONTROL_125nA.db::trial_2260,CONTROL|125|closed_low|open_high|recruited_during_load_then_closed_by_end|closed_low,P_gap_eff,1.0,zth,1.0,closed_low,unchanged_closed,False,1.5420474362240202,0.4825121941161814,increase
MFA_like_from_control_legacy,CONTROL_125nA.db::trial_2260,CONTROL|125|closed_low|open_high|recruited_during_load_then_closed_by_end|closed_low,P_gap_eff,1.0,zth,1.25,closed_low,unchanged_closed,False,1.5420470692865524,0.48251182717871366,increase
MFA_like_from_control_legacy,CONTROL_125nA.db::trial_2260,CONTROL|125|closed_low|open_high|recruited_during_load_then_closed_by_end|closed_low,P_gap_eff,1.25,zth,0.75,closed_low,unchanged_closed,False,1.5419841096976665,0.48244886758982775,increase
MFA_like_from_control_legacy,CONTROL_125nA.db::trial_2260,CONTROL|125|closed_low|open_high|recruited_during_load_then_closed_by_end|closed_low,P_gap_eff,1.25,zth,1.0,closed_low,unchanged_closed,False,1.4245073907798385,0.3649721486719997,increase
MFA_like_from_control_legacy,CONTROL_125nA.db::trial_2260,CONTROL|125|closed_low|open_high|recruited_during_load_then_closed_by_end|closed_low,P_gap_eff,1.25,zth,1.25,closed_low,unchanged_closed,False,1.4238147283346363,0.3642794862267975,increase
MFA_like_from_control_legacy,CONTROL_125nA.db::trial_2260,CONTROL|125|closed_low|open_high|recruited_during_load_then_closed_by_end|closed_low,gamma_s_eff,0.75,zth,0.75,closed_low,unchanged_closed,False,1.542047648741677,0.4825124066338382,increase
MFA_like_from_control_legacy,CONTROL_125nA.db::trial_2260,CONTROL|125|closed_low|open_high|recruited_during_load_then_closed_by_end|closed_low,gamma_s_eff,0.75,zth,1.0,closed_low,unchanged_closed,False,1.5420474362240202,0.4825121941161814,increase
MFA_like_from_control_legacy,CONTROL_125nA.db::trial_2260,CONTROL|125|closed_low|open_high|recruited_during_load_then_closed_by_end|closed_low,gamma_s_eff,0.75,zth,1.25,closed_low,unchanged_closed,False,1.5420470692865524,0.48251182717871366,increase
MFA_like_from_control_legacy,CONTROL_125nA.db::trial_2260,CONTROL|125|closed_low|open_high|recruited_during_load_then_closed_by_end|closed_low,gamma_s_eff,1.0,zth,0.75,closed_low,unchanged_closed,False,1.5420477470751393,0.48251250496730047,increase
MFA_like_from_control_legacy,CONTROL_125nA.db::trial_2260,CONTROL|125|closed_low|open_high|recruited_during_load_then_closed_by_end|closed_low,gamma_s_eff,1.0,zth,1.0,closed_low,unchanged_closed,False,1.5420474362240202,0.4825121941161814,increase
MFA_like_from_control_legacy,CONTROL_125nA.db::trial_2260,CONTROL|125|closed_low|open_high|recruited_during_load_then_closed_by_end|closed_low,gamma_s_eff,1.0,zth,1.25,closed_low,unchanged_closed,False,1.5420470692865524,0.48251182717871366,increase
MFA_like_from_control_legacy,CONTROL_125nA.db::trial_2260,CONTROL|125|closed_low|open_high|recruited_during_load_then_closed_by_end|closed_low,gamma_s_eff,1.25,zth,0.75,closed_low,unchanged_closed,False,1.5420472726149153,0.4825120305070765,increase
MFA_like_from_control_legacy,CONTROL_125nA.db::trial_2260,CONTROL|125|closed_low|open_high|recruited_during_load_then_closed_by_end|closed_low,gamma_s_eff,1.25,zth,1.0,closed_low,unchanged_closed,False,1.5420474908388886,0.4825122487310498,increase
MFA_like_from_control_legacy,CONTROL_125nA.db::trial_2260,CONTROL|125|closed_low|open_high|recruited_during_load_then_closed_by_end|closed_low,gamma_s_eff,1.25,zth,1.25,closed_low,unchanged_closed,False,1.5420470692865524,0.48251182717871366,increase
MFA_like_from_control_legacy,CONTROL_125nA.db::trial_2260,CONTROL|125|closed_low|open_high|recruited_during_load_then_closed_by_end|closed_low,zth,0.75,zs,0.75,closed_low,unchanged_closed,False,1.542046661257821,0.4825114191499822,increase
MFA_like_from_control_legacy,CONTROL_125nA.db::trial_2260,CONTROL|125|closed_low|open_high|recruited_during_load_then_closed_by_end|closed_low,zth,0.75,zs,1.0,closed_low,unchanged_closed,False,1.5420477470751393,0.48251250496730047,increase
MFA_like_from_control_legacy,CONTROL_125nA.db::trial_2260,CONTROL|125|closed_low|open_high|recruited_during_load_then_closed_by_end|closed_low,zth,0.75,zs,1.25,closed_low,unchanged_closed,False,1.542047765182377,0.4825125230745382,increase
MFA_like_from_control_legacy,CONTROL_125nA.db::trial_2260,CONTROL|125|closed_low|open_high|recruited_during_load_then_closed_by_end|closed_low,zth,1.0,zs,0.75,closed_low,unchanged_closed,False,1.542047649083773,0.4825124069759341,increase
MFA_like_from_control_legacy,CONTROL_125nA.db::trial_2260,CONTROL|125|closed_low|open_high|recruited_during_load_then_closed_by_end|closed_low,zth,1.0,zs,1.0,closed_low,unchanged_closed,False,1.5420474362240202,0.4825121941161814,increase
MFA_like_from_control_legacy,CONTROL_125nA.db::trial_2260,CONTROL|125|closed_low|open_high|recruited_during_load_then_closed_by_end|closed_low,zth,1.0,zs,1.25,closed_low,unchanged_closed,False,1.5420470692865524,0.48251182717871366,increase
MFA_like_from_control_legacy,CONTROL_125nA.db::trial_2260,CONTROL|125|closed_low|open_high|recruited_during_load_then_closed_by_end|closed_low,zth,1.25,zs,0.75,closed_low,unchanged_closed,False,1.542047858890997,0.48251261678315815,increase
MFA_like_from_control_legacy,CONTROL_125nA.db::trial_2260,CONTROL|125|closed_low|open_high|recruited_during_load_then_closed_by_end|closed_low,zth,1.25,zs,1.0,closed_low,unchanged_closed,False,1.5420470692865524,0.48251182717871366,increase
MFA_like_from_control_legacy,CONTROL_125nA.db::trial_2260,CONTROL|125|closed_low|open_high|recruited_during_load_then_closed_by_end|closed_low,zth,1.25,zs,1.25,closed_low,unchanged_closed,False,1.5420470692865524,0.48251182717871366,increase
MFA_BA_stacked_on_control_legacy,CONTROL_125nA.db::trial_2260,CONTROL|125|closed_low|open_high|recruited_during_load_then_closed_by_end|closed_low,gki,0.75,P_gap_eff,0.75,closed_low,unchanged_closed,False,1.542439589251126,0.4829043471432872,increase
MFA_BA_stacked_on_control_legacy,CONTROL_125nA.db::trial_2260,CONTROL|125|closed_low|open_high|recruited_during_load_then_closed_by_end|closed_low,gki,0.75,P_gap_eff,1.0,closed_low,unchanged_closed,False,1.5423765211580793,0.48284127905024055,increase
MFA_BA_stacked_on_control_legacy,CONTROL_125nA.db::trial_2260,CONTROL|125|closed_low|open_high|recruited_during_load_then_closed_by_end|closed_low,gki,0.75,P_gap_eff,1.25,closed_low,unchanged_closed,False,1.5423139286863363,0.48277868657849754,increase
MFA_BA_stacked_on_control_legacy,CONTROL_125nA.db::trial_2260,CONTROL|125|closed_low|open_high|recruited_during_load_then_closed_by_end|closed_low,gki,1.0,P_gap_eff,0.75,closed_low,unchanged_closed,False,1.5421105709497869,0.4825753288419481,increase
MFA_BA_stacked_on_control_legacy,CONTROL_125nA.db::trial_2260,CONTROL|125|closed_low|open_high|recruited_during_load_then_closed_by_end|closed_low,gki,1.0,P_gap_eff,1.0,closed_low,unchanged_closed,False,1.5420474362240202,0.4825121941161814,increase
MFA_BA_stacked_on_control_legacy,CONTROL_125nA.db::trial_2260,CONTROL|125|closed_low|open_high|recruited_during_load_then_closed_by_end|closed_low,gki,1.0,P_gap_eff,1.25,closed_low,unchanged_closed,False,1.424371934321949,0.3648366922141102,increase
MFA_BA_stacked_on_control_legacy,CONTROL_125nA.db::trial_2260,CONTROL|125|closed_low|open_high|recruited_during_load_then_closed_by_end|closed_low,gki,1.25,P_gap_eff,0.75,closed_low,unchanged_closed,False,1.2176873160968726,0.15815207398903386,increase
MFA_BA_stacked_on_control_legacy,CONTROL_125nA.db::trial_2260,CONTROL|125|closed_low|open_high|recruited_during_load_then_closed_by_end|closed_low,gki,1.25,P_gap_eff,1.0,closed_low,unchanged_closed,False,1.2124787370850298,0.15294349497719106,increase
MFA_BA_stacked_on_control_legacy,CONTROL_125nA.db::trial_2260,CONTROL|125|closed_low|open_high|recruited_during_load_then_closed_by_end|closed_low,gki,1.25,P_gap_eff,1.25,closed_low,unchanged_closed,False,1.2126611319018736,0.15312588979403485,increase
MFA_like_from_control_legacy,CONTROL_125nA.db::trial_2220,CONTROL|125|partial_mid|open_high|intermediate_or_mixed_temporal_recruitment|partial_mid,P_gap_eff,0.75,gamma_s_eff,0.75,closed_low,partial_to_closed,True,1.5558903103065,0.5322453681624768,increase
MFA_like_from_control_legacy,CONTROL_125nA.db::trial_2220,CONTROL|125|partial_mid|open_high|intermediate_or_mixed_temporal_recruitment|partial_mid,P_gap_eff,0.75,gamma_s_eff,1.0,closed_low,partial_to_closed,True,1.5558896705066678,0.5322447283626446,increase
MFA_like_from_control_legacy,CONTROL_125nA.db::trial_2220,CONTROL|125|partial_mid|open_high|intermediate_or_mixed_temporal_recruitment|partial_mid,P_gap_eff,0.75,gamma_s_eff,1.25,closed_low,partial_to_closed,True,1.555890651784687,0.5322457096406639,increase
MFA_like_from_control_legacy,CONTROL_125nA.db::trial_2220,CONTROL|125|partial_mid|open_high|intermediate_or_mixed_temporal_recruitment|partial_mid,P_gap_eff,1.0,gamma_s_eff,0.75,closed_low,partial_to_closed,True,1.5558703932543565,0.5322254511103333,increase
MFA_like_from_control_legacy,CONTROL_125nA.db::trial_2220,CONTROL|125|partial_mid|open_high|intermediate_or_mixed_temporal_recruitment|partial_mid,P_gap_eff,1.0,gamma_s_eff,1.0,closed_low,partial_to_closed,True,1.5558710482523352,0.532226106108312,increase
MFA_like_from_control_legacy,CONTROL_125nA.db::trial_2220,CONTROL|125|partial_mid|open_high|intermediate_or_mixed_temporal_recruitment|partial_mid,P_gap_eff,1.0,gamma_s_eff,1.25,closed_low,partial_to_closed,True,1.5558702558165285,0.5322253136725053,increase
MFA_like_from_control_legacy,CONTROL_125nA.db::trial_2220,CONTROL|125|partial_mid|open_high|intermediate_or_mixed_temporal_recruitment|partial_mid,P_gap_eff,1.25,gamma_s_eff,0.75,closed_low,partial_to_closed,True,1.5558509456556509,0.5322060035116276,increase
MFA_like_from_control_legacy,CONTROL_125nA.db::trial_2220,CONTROL|125|partial_mid|open_high|intermediate_or_mixed_temporal_recruitment|partial_mid,P_gap_eff,1.25,gamma_s_eff,1.0,closed_low,partial_to_closed,True,1.555851056715323,0.5322061145712997,increase
MFA_like_from_control_legacy,CONTROL_125nA.db::trial_2220,CONTROL|125|partial_mid|open_high|intermediate_or_mixed_temporal_recruitment|partial_mid,P_gap_eff,1.25,gamma_s_eff,1.25,closed_low,partial_to_closed,True,1.5558516798187156,0.5322067376746924,increase
MFA_like_from_control_legacy,CONTROL_125nA.db::trial_2220,CONTROL|125|partial_mid|open_high|intermediate_or_mixed_temporal_recruitment|partial_mid,P_gap_eff,0.75,zth,0.75,closed_low,partial_to_closed,True,1.5558902128261793,0.5322452706821561,increase
MFA_like_from_control_legacy,CONTROL_125nA.db::trial_2220,CONTROL|125|partial_mid|open_high|intermediate_or_mixed_temporal_recruitment|partial_mid,P_gap_eff,0.75,zth,1.0,closed_low,partial_to_closed,True,1.5558896705066678,0.5322447283626446,increase
MFA_like_from_control_legacy,CONTROL_125nA.db::trial_2220,CONTROL|125|partial_mid|open_high|intermediate_or_mixed_temporal_recruitment|partial_mid,P_gap_eff,0.75,zth,1.25,closed_low,partial_to_closed,True,1.5558897235881743,0.5322447814441511,increase
MFA_like_from_control_legacy,CONTROL_125nA.db::trial_2220,CONTROL|125|partial_mid|open_high|intermediate_or_mixed_temporal_recruitment|partial_mid,P_gap_eff,1.0,zth,0.75,closed_low,partial_to_closed,True,1.5558708769173495,0.5322259347733262,increase
MFA_like_from_control_legacy,CONTROL_125nA.db::trial_2220,CONTROL|125|partial_mid|open_high|intermediate_or_mixed_temporal_recruitment|partial_mid,P_gap_eff,1.0,zth,1.0,closed_low,partial_to_closed,True,1.5558710482523352,0.532226106108312,increase
MFA_like_from_control_legacy,CONTROL_125nA.db::trial_2220,CONTROL|125|partial_mid|open_high|intermediate_or_mixed_temporal_recruitment|partial_mid,P_gap_eff,1.0,zth,1.25,closed_low,partial_to_closed,True,1.5558709296041824,0.5322259874601591,increase
MFA_like_from_control_legacy,CONTROL_125nA.db::trial_2220,CONTROL|125|partial_mid|open_high|intermediate_or_mixed_temporal_recruitment|partial_mid,P_gap_eff,1.25,zth,0.75,closed_low,partial_to_closed,True,1.5558516075440842,0.532206665400061,increase
MFA_like_from_control_legacy,CONTROL_125nA.db::trial_2220,CONTROL|125|partial_mid|open_high|intermediate_or_mixed_temporal_recruitment|partial_mid,P_gap_eff,1.25,zth,1.0,closed_low,partial_to_closed,True,1.555851056715323,0.5322061145712997,increase
MFA_like_from_control_legacy,CONTROL_125nA.db::trial_2220,CONTROL|125|partial_mid|open_high|intermediate_or_mixed_temporal_recruitment|partial_mid,P_gap_eff,1.25,zth,1.25,closed_low,partial_to_closed,True,1.5558514699378236,0.5322065277938004,increase
MFA_like_from_control_legacy,CONTROL_125nA.db::trial_2220,CONTROL|125|partial_mid|open_high|intermediate_or_mixed_temporal_recruitment|partial_mid,gamma_s_eff,0.75,zth,0.75,closed_low,partial_to_closed,True,1.555870084897482,0.5322251427534588,increase
MFA_like_from_control_legacy,CONTROL_125nA.db::trial_2220,CONTROL|125|partial_mid|open_high|intermediate_or_mixed_temporal_recruitment|partial_mid,gamma_s_eff,0.75,zth,1.0,closed_low,partial_to_closed,True,1.5558703932543565,0.5322254511103333,increase
MFA_like_from_control_legacy,CONTROL_125nA.db::trial_2220,CONTROL|125|partial_mid|open_high|intermediate_or_mixed_temporal_recruitment|partial_mid,gamma_s_eff,0.75,zth,1.25,closed_low,partial_to_closed,True,1.5558709296041824,0.5322259874601591,increase
MFA_like_from_control_legacy,CONTROL_125nA.db::trial_2220,CONTROL|125|partial_mid|open_high|intermediate_or_mixed_temporal_recruitment|partial_mid,gamma_s_eff,1.0,zth,0.75,closed_low,partial_to_closed,True,1.5558708769173495,0.5322259347733262,increase
MFA_like_from_control_legacy,CONTROL_125nA.db::trial_2220,CONTROL|125|partial_mid|open_high|intermediate_or_mixed_temporal_recruitment|partial_mid,gamma_s_eff,1.0,zth,1.0,closed_low,partial_to_closed,True,1.5558710482523352,0.532226106108312,increase
MFA_like_from_control_legacy,CONTROL_125nA.db::trial_2220,CONTROL|125|partial_mid|open_high|intermediate_or_mixed_temporal_recruitment|partial_mid,gamma_s_eff,1.0,zth,1.25,closed_low,partial_to_closed,True,1.5558709296041824,0.5322259874601591,increase
MFA_like_from_control_legacy,CONTROL_125nA.db::trial_2220,CONTROL|125|partial_mid|open_high|intermediate_or_mixed_temporal_recruitment|partial_mid,gamma_s_eff,1.25,zth,0.75,closed_low,partial_to_closed,True,1.5558707155567177,0.5322257734126945,increase
MFA_like_from_control_legacy,CONTROL_125nA.db::trial_2220,CONTROL|125|partial_mid|open_high|intermediate_or_mixed_temporal_recruitment|partial_mid,gamma_s_eff,1.25,zth,1.0,closed_low,partial_to_closed,True,1.5558702558165285,0.5322253136725053,increase
MFA_like_from_control_legacy,CONTROL_125nA.db::trial_2220,CONTROL|125|partial_mid|open_high|intermediate_or_mixed_temporal_recruitment|partial_mid,gamma_s_eff,1.25,zth,1.25,closed_low,partial_to_closed,True,1.5558709296041824,0.5322259874601591,increase
MFA_like_from_control_legacy,CONTROL_125nA.db::trial_2220,CONTROL|125|partial_mid|open_high|intermediate_or_mixed_temporal_recruitment|partial_mid,zth,0.75,zs,0.75,closed_low,partial_to_closed,True,1.5558712644452735,0.5322263223012502,increase
MFA_like_from_control_legacy,CONTROL_125nA.db::trial_2220,CONTROL|125|partial_mid|open_high|intermediate_or_mixed_temporal_recruitment|partial_mid,zth,0.75,zs,1.0,closed_low,partial_to_closed,True,1.5558708769173495,0.5322259347733262,increase
MFA_like_from_control_legacy,CONTROL_125nA.db::trial_2220,CONTROL|125|partial_mid|open_high|intermediate_or_mixed_temporal_recruitment|partial_mid,zth,0.75,zs,1.25,closed_low,partial_to_closed,True,1.5558702630595251,0.5322253209155019,increase
MFA_like_from_control_legacy,CONTROL_125nA.db::trial_2220,CONTROL|125|partial_mid|open_high|intermediate_or_mixed_temporal_recruitment|partial_mid,zth,1.0,zs,0.75,closed_low,partial_to_closed,True,1.5558708229865992,0.5322258808425759,increase
MFA_like_from_control_legacy,CONTROL_125nA.db::trial_2220,CONTROL|125|partial_mid|open_high|intermediate_or_mixed_temporal_recruitment|partial_mid,zth,1.0,zs,1.0,closed_low,partial_to_closed,True,1.5558710482523352,0.532226106108312,increase
MFA_like_from_control_legacy,CONTROL_125nA.db::trial_2220,CONTROL|125|partial_mid|open_high|intermediate_or_mixed_temporal_recruitment|partial_mid,zth,1.0,zs,1.25,closed_low,partial_to_closed,True,1.5558709296041824,0.5322259874601591,increase
MFA_like_from_control_legacy,CONTROL_125nA.db::trial_2220,CONTROL|125|partial_mid|open_high|intermediate_or_mixed_temporal_recruitment|partial_mid,zth,1.25,zs,0.75,closed_low,partial_to_closed,True,1.555869927378067,0.5322249852340437,increase
MFA_like_from_control_legacy,CONTROL_125nA.db::trial_2220,CONTROL|125|partial_mid|open_high|intermediate_or_mixed_temporal_recruitment|partial_mid,zth,1.25,zs,1.0,closed_low,partial_to_closed,True,1.5558709296041824,0.5322259874601591,increase
MFA_like_from_control_legacy,CONTROL_125nA.db::trial_2220,CONTROL|125|partial_mid|open_high|intermediate_or_mixed_temporal_recruitment|partial_mid,zth,1.25,zs,1.25,closed_low,partial_to_closed,True,1.5558709640447133,0.53222602190069,increase
MFA_BA_stacked_on_control_legacy,CONTROL_125nA.db::trial_2220,CONTROL|125|partial_mid|open_high|intermediate_or_mixed_temporal_recruitment|partial_mid,gki,0.75,P_gap_eff,0.75,closed_low,partial_to_closed,True,1.5562098988025685,0.5325649566585453,increase
MFA_BA_stacked_on_control_legacy,CONTROL_125nA.db::trial_2220,CONTROL|125|partial_mid|open_high|intermediate_or_mixed_temporal_recruitment|partial_mid,gki,0.75,P_gap_eff,1.0,closed_low,partial_to_closed,True,1.5561903259728358,0.5325453838288126,increase
MFA_BA_stacked_on_control_legacy,CONTROL_125nA.db::trial_2220,CONTROL|125|partial_mid|open_high|intermediate_or_mixed_temporal_recruitment|partial_mid,gki,0.75,P_gap_eff,1.25,closed_low,partial_to_closed,True,1.556171422559265,0.5325264804152419,increase
MFA_BA_stacked_on_control_legacy,CONTROL_125nA.db::trial_2220,CONTROL|125|partial_mid|open_high|intermediate_or_mixed_temporal_recruitment|partial_mid,gki,1.0,P_gap_eff,0.75,closed_low,partial_to_closed,True,1.5558896705066678,0.5322447283626446,increase
MFA_BA_stacked_on_control_legacy,CONTROL_125nA.db::trial_2220,CONTROL|125|partial_mid|open_high|intermediate_or_mixed_temporal_recruitment|partial_mid,gki,1.0,P_gap_eff,1.0,closed_low,partial_to_closed,True,1.5558710482523352,0.532226106108312,increase
MFA_BA_stacked_on_control_legacy,CONTROL_125nA.db::trial_2220,CONTROL|125|partial_mid|open_high|intermediate_or_mixed_temporal_recruitment|partial_mid,gki,1.0,P_gap_eff,1.25,closed_low,partial_to_closed,True,1.555851056715323,0.5322061145712997,increase
MFA_BA_stacked_on_control_legacy,CONTROL_125nA.db::trial_2220,CONTROL|125|partial_mid|open_high|intermediate_or_mixed_temporal_recruitment|partial_mid,gki,1.25,P_gap_eff,0.75,closed_low,partial_to_closed,True,1.3770346930583532,0.35338975091433,increase
MFA_BA_stacked_on_control_legacy,CONTROL_125nA.db::trial_2220,CONTROL|125|partial_mid|open_high|intermediate_or_mixed_temporal_recruitment|partial_mid,gki,1.25,P_gap_eff,1.0,closed_low,partial_to_closed,True,1.3777602858621991,0.3541153437181759,increase
MFA_BA_stacked_on_control_legacy,CONTROL_125nA.db::trial_2220,CONTROL|125|partial_mid|open_high|intermediate_or_mixed_temporal_recruitment|partial_mid,gki,1.25,P_gap_eff,1.25,closed_low,partial_to_closed,True,1.5556706075651736,0.5320256654211504,increase
MFA_like_from_control_legacy,CONTROL_125nA.db::trial_1683,CONTROL|125|closed_low|open_high|recruited_during_load_then_closed_by_end|closed_low,P_gap_eff,0.75,gamma_s_eff,0.75,closed_low,unchanged_closed,False,1.3859336983290151,0.04405867397852292,increase
MFA_like_from_control_legacy,CONTROL_125nA.db::trial_1683,CONTROL|125|closed_low|open_high|recruited_during_load_then_closed_by_end|closed_low,P_gap_eff,0.75,gamma_s_eff,1.0,closed_low,unchanged_closed,False,1.3859337528870417,0.04405872853654946,increase
MFA_like_from_control_legacy,CONTROL_125nA.db::trial_1683,CONTROL|125|closed_low|open_high|recruited_during_load_then_closed_by_end|closed_low,P_gap_eff,0.75,gamma_s_eff,1.25,closed_low,unchanged_closed,False,1.3859338866639097,0.04405886231341749,increase
MFA_like_from_control_legacy,CONTROL_125nA.db::trial_1683,CONTROL|125|closed_low|open_high|recruited_during_load_then_closed_by_end|closed_low,P_gap_eff,1.0,gamma_s_eff,0.75,closed_low,unchanged_closed,False,1.3854846611817344,0.04360963683124219,increase
MFA_like_from_control_legacy,CONTROL_125nA.db::trial_1683,CONTROL|125|closed_low|open_high|recruited_during_load_then_closed_by_end|closed_low,P_gap_eff,1.0,gamma_s_eff,1.0,closed_low,unchanged_closed,False,1.3854846678177835,0.04360964346729124,increase
MFA_like_from_control_legacy,CONTROL_125nA.db::trial_1683,CONTROL|125|closed_low|open_high|recruited_during_load_then_closed_by_end|closed_low,P_gap_eff,1.0,gamma_s_eff,1.25,closed_low,unchanged_closed,False,1.3854844832379214,0.043609458887429176,increase
MFA_like_from_control_legacy,CONTROL_125nA.db::trial_1683,CONTROL|125|closed_low|open_high|recruited_during_load_then_closed_by_end|closed_low,P_gap_eff,1.25,gamma_s_eff,0.75,closed_low,unchanged_closed,False,1.3850367105094277,0.04316168615893545,increase
MFA_like_from_control_legacy,CONTROL_125nA.db::trial_1683,CONTROL|125|closed_low|open_high|recruited_during_load_then_closed_by_end|closed_low,P_gap_eff,1.25,gamma_s_eff,1.0,closed_low,unchanged_closed,False,1.3341707366560493,-0.007704287694442868,decrease
MFA_like_from_control_legacy,CONTROL_125nA.db::trial_1683,CONTROL|125|closed_low|open_high|recruited_during_load_then_closed_by_end|closed_low,P_gap_eff,1.25,gamma_s_eff,1.25,closed_low,unchanged_closed,False,1.3850362216720173,0.043161197321525124,increase
MFA_like_from_control_legacy,CONTROL_125nA.db::trial_1683,CONTROL|125|closed_low|open_high|recruited_during_load_then_closed_by_end|closed_low,P_gap_eff,0.75,zth,0.75,closed_low,unchanged_closed,False,1.3859339033019222,0.044058878951430014,increase
MFA_like_from_control_legacy,CONTROL_125nA.db::trial_1683,CONTROL|125|closed_low|open_high|recruited_during_load_then_closed_by_end|closed_low,P_gap_eff,0.75,zth,1.0,closed_low,unchanged_closed,False,1.3859337528870417,0.04405872853654946,increase
MFA_like_from_control_legacy,CONTROL_125nA.db::trial_1683,CONTROL|125|closed_low|open_high|recruited_during_load_then_closed_by_end|closed_low,P_gap_eff,0.75,zth,1.25,closed_low,unchanged_closed,False,1.3859336995467473,0.04405867519625506,increase
MFA_like_from_control_legacy,CONTROL_125nA.db::trial_1683,CONTROL|125|closed_low|open_high|recruited_during_load_then_closed_by_end|closed_low,P_gap_eff,1.0,zth,0.75,closed_low,unchanged_closed,False,1.3410339831105014,-0.0008410412399908473,decrease
MFA_like_from_control_legacy,CONTROL_125nA.db::trial_1683,CONTROL|125|closed_low|open_high|recruited_during_load_then_closed_by_end|closed_low,P_gap_eff,1.0,zth,1.0,closed_low,unchanged_closed,False,1.3854846678177835,0.04360964346729124,increase
MFA_like_from_control_legacy,CONTROL_125nA.db::trial_1683,CONTROL|125|closed_low|open_high|recruited_during_load_then_closed_by_end|closed_low,P_gap_eff,1.0,zth,1.25,closed_low,unchanged_closed,False,1.3854848896191228,0.04360986526863053,increase
MFA_like_from_control_legacy,CONTROL_125nA.db::trial_1683,CONTROL|125|closed_low|open_high|recruited_during_load_then_closed_by_end|closed_low,P_gap_eff,1.25,zth,0.75,closed_low,unchanged_closed,False,1.3400518620159099,-0.001823162334582351,decrease
MFA_like_from_control_legacy,CONTROL_125nA.db::trial_1683,CONTROL|125|closed_low|open_high|recruited_during_load_then_closed_by_end|closed_low,P_gap_eff,1.25,zth,1.0,closed_low,unchanged_closed,False,1.3338822800734254,-0.007992744277066866,decrease
MFA_like_from_control_legacy,CONTROL_125nA.db::trial_1683,CONTROL|125|closed_low|open_high|recruited_during_load_then_closed_by_end|closed_low,P_gap_eff,1.25,zth,1.25,closed_low,unchanged_closed,False,1.3850364273461355,0.043161402995643305,increase
MFA_like_from_control_legacy,CONTROL_125nA.db::trial_1683,CONTROL|125|closed_low|open_high|recruited_during_load_then_closed_by_end|closed_low,gamma_s_eff,0.75,zth,0.75,closed_low,unchanged_closed,False,1.385484993698439,0.04360996934794681,increase
MFA_like_from_control_legacy,CONTROL_125nA.db::trial_1683,CONTROL|125|closed_low|open_high|recruited_during_load_then_closed_by_end|closed_low,gamma_s_eff,0.75,zth,1.0,closed_low,unchanged_closed,False,1.3854846611817344,0.04360963683124219,increase
MFA_like_from_control_legacy,CONTROL_125nA.db::trial_1683,CONTROL|125|closed_low|open_high|recruited_during_load_then_closed_by_end|closed_low,gamma_s_eff,0.75,zth,1.25,closed_low,unchanged_closed,False,1.3854846720184517,0.043609647667959495,increase
MFA_like_from_control_legacy,CONTROL_125nA.db::trial_1683,CONTROL|125|closed_low|open_high|recruited_during_load_then_closed_by_end|closed_low,gamma_s_eff,1.0,zth,0.75,closed_low,unchanged_closed,False,1.3413231865337762,-0.0005518378167159721,decrease
MFA_like_from_control_legacy,CONTROL_125nA.db::trial_1683,CONTROL|125|closed_low|open_high|recruited_during_load_then_closed_by_end|closed_low,gamma_s_eff,1.0,zth,1.0,closed_low,unchanged_closed,False,1.3854846678177835,0.04360964346729124,increase
MFA_like_from_control_legacy,CONTROL_125nA.db::trial_1683,CONTROL|125|closed_low|open_high|recruited_during_load_then_closed_by_end|closed_low,gamma_s_eff,1.0,zth,1.25,closed_low,unchanged_closed,False,1.3854848896191228,0.04360986526863053,increase
MFA_like_from_control_legacy,CONTROL_125nA.db::trial_1683,CONTROL|125|closed_low|open_high|recruited_during_load_then_closed_by_end|closed_low,gamma_s_eff,1.25,zth,0.75,closed_low,unchanged_closed,False,1.3854846241308256,0.04360959978033341,increase
MFA_like_from_control_legacy,CONTROL_125nA.db::trial_1683,CONTROL|125|closed_low|open_high|recruited_during_load_then_closed_by_end|closed_low,gamma_s_eff,1.25,zth,1.0,closed_low,unchanged_closed,False,1.3854844832379214,0.043609458887429176,increase
MFA_like_from_control_legacy,CONTROL_125nA.db::trial_1683,CONTROL|125|closed_low|open_high|recruited_during_load_then_closed_by_end|closed_low,gamma_s_eff,1.25,zth,1.25,closed_low,unchanged_closed,False,1.348991366203961,0.007116341853468766,increase
MFA_like_from_control_legacy,CONTROL_125nA.db::trial_1683,CONTROL|125|closed_low|open_high|recruited_during_load_then_closed_by_end|closed_low,zth,0.75,zs,0.75,closed_low,unchanged_closed,False,1.337739727741404,-0.004135296609088179,decrease
MFA_like_from_control_legacy,CONTROL_125nA.db::trial_1683,CONTROL|125|closed_low|open_high|recruited_during_load_then_closed_by_end|closed_low,zth,0.75,zs,1.0,closed_low,unchanged_closed,False,1.3413233223156342,-0.0005517020348579926,decrease
MFA_like_from_control_legacy,CONTROL_125nA.db::trial_1683,CONTROL|125|closed_low|open_high|recruited_during_load_then_closed_by_end|closed_low,zth,0.75,zs,1.25,closed_low,unchanged_closed,False,1.335723341740627,-0.0061516826098653166,decrease
MFA_like_from_control_legacy,CONTROL_125nA.db::trial_1683,CONTROL|125|closed_low|open_high|recruited_during_load_then_closed_by_end|closed_low,zth,1.0,zs,0.75,closed_low,unchanged_closed,False,1.3854849192951904,0.043609894944698135,increase
MFA_like_from_control_legacy,CONTROL_125nA.db::trial_1683,CONTROL|125|closed_low|open_high|recruited_during_load_then_closed_by_end|closed_low,zth,1.0,zs,1.0,closed_low,unchanged_closed,False,1.3854846678177835,0.04360964346729124,increase
MFA_like_from_control_legacy,CONTROL_125nA.db::trial_1683,CONTROL|125|closed_low|open_high|recruited_during_load_then_closed_by_end|closed_low,zth,1.0,zs,1.25,closed_low,unchanged_closed,False,1.335588200033861,-0.00628682431663119,decrease
MFA_like_from_control_legacy,CONTROL_125nA.db::trial_1683,CONTROL|125|closed_low|open_high|recruited_during_load_then_closed_by_end|closed_low,zth,1.25,zs,0.75,closed_low,unchanged_closed,False,1.3854846643343215,0.043609639983829274,increase
MFA_like_from_control_legacy,CONTROL_125nA.db::trial_1683,CONTROL|125|closed_low|open_high|recruited_during_load_then_closed_by_end|closed_low,zth,1.25,zs,1.0,closed_low,unchanged_closed,False,1.3854848896191228,0.04360986526863053,increase
MFA_like_from_control_legacy,CONTROL_125nA.db::trial_1683,CONTROL|125|closed_low|open_high|recruited_during_load_then_closed_by_end|closed_low,zth,1.25,zs,1.25,closed_low,unchanged_closed,False,1.3854844985738455,0.04360947422335326,increase
MFA_BA_stacked_on_control_legacy,CONTROL_125nA.db::trial_1683,CONTROL|125|closed_low|open_high|recruited_during_load_then_closed_by_end|closed_low,gki,0.75,P_gap_eff,0.75,closed_low,unchanged_closed,False,1.3868196137453892,0.04494458939489698,increase
MFA_BA_stacked_on_control_legacy,CONTROL_125nA.db::trial_1683,CONTROL|125|closed_low|open_high|recruited_during_load_then_closed_by_end|closed_low,gki,0.75,P_gap_eff,1.0,closed_low,unchanged_closed,False,1.3863753900722764,0.044500365721784174,increase
MFA_BA_stacked_on_control_legacy,CONTROL_125nA.db::trial_1683,CONTROL|125|closed_low|open_high|recruited_during_load_then_closed_by_end|closed_low,gki,0.75,P_gap_eff,1.25,closed_low,unchanged_closed,False,1.3859316515428837,0.04405662719239145,increase
MFA_BA_stacked_on_control_legacy,CONTROL_125nA.db::trial_1683,CONTROL|125|closed_low|open_high|recruited_during_load_then_closed_by_end|closed_low,gki,1.0,P_gap_eff,0.75,closed_low,unchanged_closed,False,1.3859337528870417,0.04405872853654946,increase
MFA_BA_stacked_on_control_legacy,CONTROL_125nA.db::trial_1683,CONTROL|125|closed_low|open_high|recruited_during_load_then_closed_by_end|closed_low,gki,1.0,P_gap_eff,1.0,closed_low,unchanged_closed,False,1.3854846678177835,0.04360964346729124,increase
MFA_BA_stacked_on_control_legacy,CONTROL_125nA.db::trial_1683,CONTROL|125|closed_low|open_high|recruited_during_load_then_closed_by_end|closed_low,gki,1.0,P_gap_eff,1.25,closed_low,unchanged_closed,False,1.3338824018498907,-0.00799262250060151,decrease
MFA_BA_stacked_on_control_legacy,CONTROL_125nA.db::trial_1683,CONTROL|125|closed_low|open_high|recruited_during_load_then_closed_by_end|closed_low,gki,1.25,P_gap_eff,0.75,closed_low,unchanged_closed,False,1.3854133342553279,0.04353830990483565,increase
MFA_BA_stacked_on_control_legacy,CONTROL_125nA.db::trial_1683,CONTROL|125|closed_low|open_high|recruited_during_load_then_closed_by_end|closed_low,gki,1.25,P_gap_eff,1.0,closed_low,unchanged_closed,False,1.3849615325431819,0.043086508192689665,increase
MFA_BA_stacked_on_control_legacy,CONTROL_125nA.db::trial_1683,CONTROL|125|closed_low|open_high|recruited_during_load_then_closed_by_end|closed_low,gki,1.25,P_gap_eff,1.25,closed_low,unchanged_closed,False,1.2616946174984902,-0.080180406852002,decrease
MFA_like_from_control_legacy,CONTROL_125nA.db::trial_2038,CONTROL|125|closed_low|closed_low|fully_closed_at_sim_end|closed_low,P_gap_eff,0.75,gamma_s_eff,0.75,closed_low,unchanged_closed,False,1.507775440976373,0.4315951052566074,increase
MFA_like_from_control_legacy,CONTROL_125nA.db::trial_2038,CONTROL|125|closed_low|closed_low|fully_closed_at_sim_end|closed_low,P_gap_eff,0.75,gamma_s_eff,1.0,closed_low,unchanged_closed,False,1.507775440976373,0.4315951052566074,increase
MFA_like_from_control_legacy,CONTROL_125nA.db::trial_2038,CONTROL|125|closed_low|closed_low|fully_closed_at_sim_end|closed_low,P_gap_eff,0.75,gamma_s_eff,1.25,closed_low,unchanged_closed,False,1.507775440976373,0.4315951052566074,increase
MFA_like_from_control_legacy,CONTROL_125nA.db::trial_2038,CONTROL|125|closed_low|closed_low|fully_closed_at_sim_end|closed_low,P_gap_eff,1.0,gamma_s_eff,0.75,closed_low,unchanged_closed,False,1.5076235703750733,0.43144323465530765,increase
MFA_like_from_control_legacy,CONTROL_125nA.db::trial_2038,CONTROL|125|closed_low|closed_low|fully_closed_at_sim_end|closed_low,P_gap_eff,1.0,gamma_s_eff,1.0,closed_low,unchanged_closed,False,1.5076235703750733,0.43144323465530765,increase
MFA_like_from_control_legacy,CONTROL_125nA.db::trial_2038,CONTROL|125|closed_low|closed_low|fully_closed_at_sim_end|closed_low,P_gap_eff,1.0,gamma_s_eff,1.25,closed_low,unchanged_closed,False,1.5076235703750733,0.43144323465530765,increase
MFA_like_from_control_legacy,CONTROL_125nA.db::trial_2038,CONTROL|125|closed_low|closed_low|fully_closed_at_sim_end|closed_low,P_gap_eff,1.25,gamma_s_eff,0.75,closed_low,unchanged_closed,False,1.5074711850466966,0.43129084932693096,increase
MFA_like_from_control_legacy,CONTROL_125nA.db::trial_2038,CONTROL|125|closed_low|closed_low|fully_closed_at_sim_end|closed_low,P_gap_eff,1.25,gamma_s_eff,1.0,closed_low,unchanged_closed,False,1.5074711850466966,0.43129084932693096,increase
MFA_like_from_control_legacy,CONTROL_125nA.db::trial_2038,CONTROL|125|closed_low|closed_low|fully_closed_at_sim_end|closed_low,P_gap_eff,1.25,gamma_s_eff,1.25,closed_low,unchanged_closed,False,1.5074711850466966,0.43129084932693096,increase
MFA_like_from_control_legacy,CONTROL_125nA.db::trial_2038,CONTROL|125|closed_low|closed_low|fully_closed_at_sim_end|closed_low,P_gap_eff,0.75,zth,0.75,closed_low,unchanged_closed,False,1.507775440976373,0.4315951052566074,increase
MFA_like_from_control_legacy,CONTROL_125nA.db::trial_2038,CONTROL|125|closed_low|closed_low|fully_closed_at_sim_end|closed_low,P_gap_eff,0.75,zth,1.0,closed_low,unchanged_closed,False,1.507775440976373,0.4315951052566074,increase
MFA_like_from_control_legacy,CONTROL_125nA.db::trial_2038,CONTROL|125|closed_low|closed_low|fully_closed_at_sim_end|closed_low,P_gap_eff,0.75,zth,1.25,closed_low,unchanged_closed,False,1.507775440976373,0.4315951052566074,increase
MFA_like_from_control_legacy,CONTROL_125nA.db::trial_2038,CONTROL|125|closed_low|closed_low|fully_closed_at_sim_end|closed_low,P_gap_eff,1.0,zth,0.75,closed_low,unchanged_closed,False,1.5076235703750733,0.43144323465530765,increase
MFA_like_from_control_legacy,CONTROL_125nA.db::trial_2038,CONTROL|125|closed_low|closed_low|fully_closed_at_sim_end|closed_low,P_gap_eff,1.0,zth,1.0,closed_low,unchanged_closed,False,1.5076235703750733,0.43144323465530765,increase
MFA_like_from_control_legacy,CONTROL_125nA.db::trial_2038,CONTROL|125|closed_low|closed_low|fully_closed_at_sim_end|closed_low,P_gap_eff,1.0,zth,1.25,closed_low,unchanged_closed,False,1.5076235703750733,0.43144323465530765,increase
MFA_like_from_control_legacy,CONTROL_125nA.db::trial_2038,CONTROL|125|closed_low|closed_low|fully_closed_at_sim_end|closed_low,P_gap_eff,1.25,zth,0.75,closed_low,unchanged_closed,False,1.5074711850466966,0.43129084932693096,increase
MFA_like_from_control_legacy,CONTROL_125nA.db::trial_2038,CONTROL|125|closed_low|closed_low|fully_closed_at_sim_end|closed_low,P_gap_eff,1.25,zth,1.0,closed_low,unchanged_closed,False,1.5074711850466966,0.43129084932693096,increase
MFA_like_from_control_legacy,CONTROL_125nA.db::trial_2038,CONTROL|125|closed_low|closed_low|fully_closed_at_sim_end|closed_low,P_gap_eff,1.25,zth,1.25,closed_low,unchanged_closed,False,1.5074711850466966,0.43129084932693096,increase
MFA_like_from_control_legacy,CONTROL_125nA.db::trial_2038,CONTROL|125|closed_low|closed_low|fully_closed_at_sim_end|closed_low,gamma_s_eff,0.75,zth,0.75,closed_low,unchanged_closed,False,1.5076235703750733,0.43144323465530765,increase
MFA_like_from_control_legacy,CONTROL_125nA.db::trial_2038,CONTROL|125|closed_low|closed_low|fully_closed_at_sim_end|closed_low,gamma_s_eff,0.75,zth,1.0,closed_low,unchanged_closed,False,1.5076235703750733,0.43144323465530765,increase
MFA_like_from_control_legacy,CONTROL_125nA.db::trial_2038,CONTROL|125|closed_low|closed_low|fully_closed_at_sim_end|closed_low,gamma_s_eff,0.75,zth,1.25,closed_low,unchanged_closed,False,1.5076235703750733,0.43144323465530765,increase
MFA_like_from_control_legacy,CONTROL_125nA.db::trial_2038,CONTROL|125|closed_low|closed_low|fully_closed_at_sim_end|closed_low,gamma_s_eff,1.0,zth,0.75,closed_low,unchanged_closed,False,1.5076235703750733,0.43144323465530765,increase
MFA_like_from_control_legacy,CONTROL_125nA.db::trial_2038,CONTROL|125|closed_low|closed_low|fully_closed_at_sim_end|closed_low,gamma_s_eff,1.0,zth,1.0,closed_low,unchanged_closed,False,1.5076235703750733,0.43144323465530765,increase
MFA_like_from_control_legacy,CONTROL_125nA.db::trial_2038,CONTROL|125|closed_low|closed_low|fully_closed_at_sim_end|closed_low,gamma_s_eff,1.0,zth,1.25,closed_low,unchanged_closed,False,1.5076235703750733,0.43144323465530765,increase
MFA_like_from_control_legacy,CONTROL_125nA.db::trial_2038,CONTROL|125|closed_low|closed_low|fully_closed_at_sim_end|closed_low,gamma_s_eff,1.25,zth,0.75,closed_low,unchanged_closed,False,1.5076235703750733,0.43144323465530765,increase
MFA_like_from_control_legacy,CONTROL_125nA.db::trial_2038,CONTROL|125|closed_low|closed_low|fully_closed_at_sim_end|closed_low,gamma_s_eff,1.25,zth,1.0,closed_low,unchanged_closed,False,1.5076235703750733,0.43144323465530765,increase
MFA_like_from_control_legacy,CONTROL_125nA.db::trial_2038,CONTROL|125|closed_low|closed_low|fully_closed_at_sim_end|closed_low,gamma_s_eff,1.25,zth,1.25,closed_low,unchanged_closed,False,1.5076235703750733,0.43144323465530765,increase
MFA_like_from_control_legacy,CONTROL_125nA.db::trial_2038,CONTROL|125|closed_low|closed_low|fully_closed_at_sim_end|closed_low,zth,0.75,zs,0.75,closed_low,unchanged_closed,False,1.5076235703750733,0.43144323465530765,increase
MFA_like_from_control_legacy,CONTROL_125nA.db::trial_2038,CONTROL|125|closed_low|closed_low|fully_closed_at_sim_end|closed_low,zth,0.75,zs,1.0,closed_low,unchanged_closed,False,1.5076235703750733,0.43144323465530765,increase
MFA_like_from_control_legacy,CONTROL_125nA.db::trial_2038,CONTROL|125|closed_low|closed_low|fully_closed_at_sim_end|closed_low,zth,0.75,zs,1.25,closed_low,unchanged_closed,False,1.5076235703750733,0.43144323465530765,increase
MFA_like_from_control_legacy,CONTROL_125nA.db::trial_2038,CONTROL|125|closed_low|closed_low|fully_closed_at_sim_end|closed_low,zth,1.0,zs,0.75,closed_low,unchanged_closed,False,1.5076235703750733,0.43144323465530765,increase
MFA_like_from_control_legacy,CONTROL_125nA.db::trial_2038,CONTROL|125|closed_low|closed_low|fully_closed_at_sim_end|closed_low,zth,1.0,zs,1.0,closed_low,unchanged_closed,False,1.5076235703750733,0.43144323465530765,increase
MFA_like_from_control_legacy,CONTROL_125nA.db::trial_2038,CONTROL|125|closed_low|closed_low|fully_closed_at_sim_end|closed_low,zth,1.0,zs,1.25,closed_low,unchanged_closed,False,1.5076235703750733,0.43144323465530765,increase
MFA_like_from_control_legacy,CONTROL_125nA.db::trial_2038,CONTROL|125|closed_low|closed_low|fully_closed_at_sim_end|closed_low,zth,1.25,zs,0.75,closed_low,unchanged_closed,False,1.5076235703750733,0.43144323465530765,increase
MFA_like_from_control_legacy,CONTROL_125nA.db::trial_2038,CONTROL|125|closed_low|closed_low|fully_closed_at_sim_end|closed_low,zth,1.25,zs,1.0,closed_low,unchanged_closed,False,1.5076235703750733,0.43144323465530765,increase
MFA_like_from_control_legacy,CONTROL_125nA.db::trial_2038,CONTROL|125|closed_low|closed_low|fully_closed_at_sim_end|closed_low,zth,1.25,zs,1.25,closed_low,unchanged_closed,False,1.5076235703750733,0.43144323465530765,increase
MFA_BA_stacked_on_control_legacy,CONTROL_125nA.db::trial_2038,CONTROL|125|closed_low|closed_low|fully_closed_at_sim_end|closed_low,gki,0.75,P_gap_eff,0.75,closed_low,unchanged_closed,False,1.5081839610506937,0.43200362533092806,increase
MFA_BA_stacked_on_control_legacy,CONTROL_125nA.db::trial_2038,CONTROL|125|closed_low|closed_low|fully_closed_at_sim_end|closed_low,gki,0.75,P_gap_eff,1.0,closed_low,unchanged_closed,False,1.508031442941126,0.4318511072213602,increase
MFA_BA_stacked_on_control_legacy,CONTROL_125nA.db::trial_2038,CONTROL|125|closed_low|closed_low|fully_closed_at_sim_end|closed_low,gki,0.75,P_gap_eff,1.25,closed_low,unchanged_closed,False,1.507878859537752,0.43169852381798623,increase
MFA_BA_stacked_on_control_legacy,CONTROL_125nA.db::trial_2038,CONTROL|125|closed_low|closed_low|fully_closed_at_sim_end|closed_low,gki,1.0,P_gap_eff,0.75,closed_low,unchanged_closed,False,1.507775440976373,0.4315951052566074,increase
MFA_BA_stacked_on_control_legacy,CONTROL_125nA.db::trial_2038,CONTROL|125|closed_low|closed_low|fully_closed_at_sim_end|closed_low,gki,1.0,P_gap_eff,1.0,closed_low,unchanged_closed,False,1.5076235703750733,0.43144323465530765,increase
MFA_BA_stacked_on_control_legacy,CONTROL_125nA.db::trial_2038,CONTROL|125|closed_low|closed_low|fully_closed_at_sim_end|closed_low,gki,1.0,P_gap_eff,1.25,closed_low,unchanged_closed,False,1.5074711850466966,0.43129084932693096,increase
MFA_BA_stacked_on_control_legacy,CONTROL_125nA.db::trial_2038,CONTROL|125|closed_low|closed_low|fully_closed_at_sim_end|closed_low,gki,1.25,P_gap_eff,0.75,closed_low,unchanged_closed,False,1.5075496210353265,0.43136928531556085,increase
MFA_BA_stacked_on_control_legacy,CONTROL_125nA.db::trial_2038,CONTROL|125|closed_low|closed_low|fully_closed_at_sim_end|closed_low,gki,1.25,P_gap_eff,1.0,closed_low,unchanged_closed,False,1.5073968520567886,0.43121651633702296,increase
MFA_BA_stacked_on_control_legacy,CONTROL_125nA.db::trial_2038,CONTROL|125|closed_low|closed_low|fully_closed_at_sim_end|closed_low,gki,1.25,P_gap_eff,1.25,closed_low,unchanged_closed,False,1.5072438176054208,0.43106348188565513,increase
MFA_like_from_control_legacy,CONTROL_125nA.db::trial_2169,CONTROL|125|closed_low|closed_low|fully_closed_at_sim_end|closed_low,P_gap_eff,0.75,gamma_s_eff,0.75,closed_low,unchanged_closed,False,1.4793860829432275,0.43232609378453346,increase
MFA_like_from_control_legacy,CONTROL_125nA.db::trial_2169,CONTROL|125|closed_low|closed_low|fully_closed_at_sim_end|closed_low,P_gap_eff,0.75,gamma_s_eff,1.0,closed_low,unchanged_closed,False,1.4793860829432275,0.43232609378453346,increase
MFA_like_from_control_legacy,CONTROL_125nA.db::trial_2169,CONTROL|125|closed_low|closed_low|fully_closed_at_sim_end|closed_low,P_gap_eff,0.75,gamma_s_eff,1.25,closed_low,unchanged_closed,False,1.4793860829432275,0.43232609378453346,increase
MFA_like_from_control_legacy,CONTROL_125nA.db::trial_2169,CONTROL|125|closed_low|closed_low|fully_closed_at_sim_end|closed_low,P_gap_eff,1.0,gamma_s_eff,0.75,closed_low,unchanged_closed,False,1.471400602958984,0.42434061380028987,increase
MFA_like_from_control_legacy,CONTROL_125nA.db::trial_2169,CONTROL|125|closed_low|closed_low|fully_closed_at_sim_end|closed_low,P_gap_eff,1.0,gamma_s_eff,1.0,closed_low,unchanged_closed,False,1.471400602958984,0.42434061380028987,increase
MFA_like_from_control_legacy,CONTROL_125nA.db::trial_2169,CONTROL|125|closed_low|closed_low|fully_closed_at_sim_end|closed_low,P_gap_eff,1.0,gamma_s_eff,1.25,closed_low,unchanged_closed,False,1.471400602958984,0.42434061380028987,increase
MFA_like_from_control_legacy,CONTROL_125nA.db::trial_2169,CONTROL|125|closed_low|closed_low|fully_closed_at_sim_end|closed_low,P_gap_eff,1.25,gamma_s_eff,0.75,closed_low,unchanged_closed,False,1.464465931366125,0.417405942207431,increase
MFA_like_from_control_legacy,CONTROL_125nA.db::trial_2169,CONTROL|125|closed_low|closed_low|fully_closed_at_sim_end|closed_low,P_gap_eff,1.25,gamma_s_eff,1.0,closed_low,unchanged_closed,False,1.464465931366125,0.417405942207431,increase
MFA_like_from_control_legacy,CONTROL_125nA.db::trial_2169,CONTROL|125|closed_low|closed_low|fully_closed_at_sim_end|closed_low,P_gap_eff,1.25,gamma_s_eff,1.25,closed_low,unchanged_closed,False,1.464465931366125,0.417405942207431,increase
MFA_like_from_control_legacy,CONTROL_125nA.db::trial_2169,CONTROL|125|closed_low|closed_low|fully_closed_at_sim_end|closed_low,P_gap_eff,0.75,zth,0.75,closed_low,unchanged_closed,False,1.4793860829432275,0.43232609378453346,increase
MFA_like_from_control_legacy,CONTROL_125nA.db::trial_2169,CONTROL|125|closed_low|closed_low|fully_closed_at_sim_end|closed_low,P_gap_eff,0.75,zth,1.0,closed_low,unchanged_closed,False,1.4793860829432275,0.43232609378453346,increase
MFA_like_from_control_legacy,CONTROL_125nA.db::trial_2169,CONTROL|125|closed_low|closed_low|fully_closed_at_sim_end|closed_low,P_gap_eff,0.75,zth,1.25,closed_low,unchanged_closed,False,1.4793860829432275,0.43232609378453346,increase
MFA_like_from_control_legacy,CONTROL_125nA.db::trial_2169,CONTROL|125|closed_low|closed_low|fully_closed_at_sim_end|closed_low,P_gap_eff,1.0,zth,0.75,closed_low,unchanged_closed,False,1.471400602958984,0.42434061380028987,increase
MFA_like_from_control_legacy,CONTROL_125nA.db::trial_2169,CONTROL|125|closed_low|closed_low|fully_closed_at_sim_end|closed_low,P_gap_eff,1.0,zth,1.0,closed_low,unchanged_closed,False,1.471400602958984,0.42434061380028987,increase
MFA_like_from_control_legacy,CONTROL_125nA.db::trial_2169,CONTROL|125|closed_low|closed_low|fully_closed_at_sim_end|closed_low,P_gap_eff,1.0,zth,1.25,closed_low,unchanged_closed,False,1.471400602958984,0.42434061380028987,increase
MFA_like_from_control_legacy,CONTROL_125nA.db::trial_2169,CONTROL|125|closed_low|closed_low|fully_closed_at_sim_end|closed_low,P_gap_eff,1.25,zth,0.75,closed_low,unchanged_closed,False,1.464465931366125,0.417405942207431,increase
MFA_like_from_control_legacy,CONTROL_125nA.db::trial_2169,CONTROL|125|closed_low|closed_low|fully_closed_at_sim_end|closed_low,P_gap_eff,1.25,zth,1.0,closed_low,unchanged_closed,False,1.464465931366125,0.417405942207431,increase
MFA_like_from_control_legacy,CONTROL_125nA.db::trial_2169,CONTROL|125|closed_low|closed_low|fully_closed_at_sim_end|closed_low,P_gap_eff,1.25,zth,1.25,closed_low,unchanged_closed,False,1.464465931366125,0.417405942207431,increase
MFA_like_from_control_legacy,CONTROL_125nA.db::trial_2169,CONTROL|125|closed_low|closed_low|fully_closed_at_sim_end|closed_low,gamma_s_eff,0.75,zth,0.75,closed_low,unchanged_closed,False,1.471400602958984,0.42434061380028987,increase
MFA_like_from_control_legacy,CONTROL_125nA.db::trial_2169,CONTROL|125|closed_low|closed_low|fully_closed_at_sim_end|closed_low,gamma_s_eff,0.75,zth,1.0,closed_low,unchanged_closed,False,1.471400602958984,0.42434061380028987,increase
MFA_like_from_control_legacy,CONTROL_125nA.db::trial_2169,CONTROL|125|closed_low|closed_low|fully_closed_at_sim_end|closed_low,gamma_s_eff,0.75,zth,1.25,closed_low,unchanged_closed,False,1.471400602958984,0.42434061380028987,increase
MFA_like_from_control_legacy,CONTROL_125nA.db::trial_2169,CONTROL|125|closed_low|closed_low|fully_closed_at_sim_end|closed_low,gamma_s_eff,1.0,zth,0.75,closed_low,unchanged_closed,False,1.471400602958984,0.42434061380028987,increase
MFA_like_from_control_legacy,CONTROL_125nA.db::trial_2169,CONTROL|125|closed_low|closed_low|fully_closed_at_sim_end|closed_low,gamma_s_eff,1.0,zth,1.0,closed_low,unchanged_closed,False,1.471400602958984,0.42434061380028987,increase
MFA_like_from_control_legacy,CONTROL_125nA.db::trial_2169,CONTROL|125|closed_low|closed_low|fully_closed_at_sim_end|closed_low,gamma_s_eff,1.0,zth,1.25,closed_low,unchanged_closed,False,1.471400602958984,0.42434061380028987,increase
MFA_like_from_control_legacy,CONTROL_125nA.db::trial_2169,CONTROL|125|closed_low|closed_low|fully_closed_at_sim_end|closed_low,gamma_s_eff,1.25,zth,0.75,closed_low,unchanged_closed,False,1.471400602958984,0.42434061380028987,increase
MFA_like_from_control_legacy,CONTROL_125nA.db::trial_2169,CONTROL|125|closed_low|closed_low|fully_closed_at_sim_end|closed_low,gamma_s_eff,1.25,zth,1.0,closed_low,unchanged_closed,False,1.471400602958984,0.42434061380028987,increase
MFA_like_from_control_legacy,CONTROL_125nA.db::trial_2169,CONTROL|125|closed_low|closed_low|fully_closed_at_sim_end|closed_low,gamma_s_eff,1.25,zth,1.25,closed_low,unchanged_closed,False,1.471400602958984,0.42434061380028987,increase
MFA_like_from_control_legacy,CONTROL_125nA.db::trial_2169,CONTROL|125|closed_low|closed_low|fully_closed_at_sim_end|closed_low,zth,0.75,zs,0.75,closed_low,unchanged_closed,False,1.471400602958984,0.42434061380028987,increase
MFA_like_from_control_legacy,CONTROL_125nA.db::trial_2169,CONTROL|125|closed_low|closed_low|fully_closed_at_sim_end|closed_low,zth,0.75,zs,1.0,closed_low,unchanged_closed,False,1.471400602958984,0.42434061380028987,increase
MFA_like_from_control_legacy,CONTROL_125nA.db::trial_2169,CONTROL|125|closed_low|closed_low|fully_closed_at_sim_end|closed_low,zth,0.75,zs,1.25,closed_low,unchanged_closed,False,1.471400602958984,0.42434061380028987,increase
MFA_like_from_control_legacy,CONTROL_125nA.db::trial_2169,CONTROL|125|closed_low|closed_low|fully_closed_at_sim_end|closed_low,zth,1.0,zs,0.75,closed_low,unchanged_closed,False,1.471400602958984,0.42434061380028987,increase
MFA_like_from_control_legacy,CONTROL_125nA.db::trial_2169,CONTROL|125|closed_low|closed_low|fully_closed_at_sim_end|closed_low,zth,1.0,zs,1.0,closed_low,unchanged_closed,False,1.471400602958984,0.42434061380028987,increase
MFA_like_from_control_legacy,CONTROL_125nA.db::trial_2169,CONTROL|125|closed_low|closed_low|fully_closed_at_sim_end|closed_low,zth,1.0,zs,1.25,closed_low,unchanged_closed,False,1.471400602958984,0.42434061380028987,increase
MFA_like_from_control_legacy,CONTROL_125nA.db::trial_2169,CONTROL|125|closed_low|closed_low|fully_closed_at_sim_end|closed_low,zth,1.25,zs,0.75,closed_low,unchanged_closed,False,1.471400602958984,0.42434061380028987,increase
MFA_like_from_control_legacy,CONTROL_125nA.db::trial_2169,CONTROL|125|closed_low|closed_low|fully_closed_at_sim_end|closed_low,zth,1.25,zs,1.0,closed_low,unchanged_closed,False,1.471400602958984,0.42434061380028987,increase
MFA_like_from_control_legacy,CONTROL_125nA.db::trial_2169,CONTROL|125|closed_low|closed_low|fully_closed_at_sim_end|closed_low,zth,1.25,zs,1.25,closed_low,unchanged_closed,False,1.471400602958984,0.42434061380028987,increase
MFA_BA_stacked_on_control_legacy,CONTROL_125nA.db::trial_2169,CONTROL|125|closed_low|closed_low|fully_closed_at_sim_end|closed_low,gki,0.75,P_gap_eff,0.75,closed_low,unchanged_closed,False,1.4801886898112633,0.43312870065256925,increase
MFA_BA_stacked_on_control_legacy,CONTROL_125nA.db::trial_2169,CONTROL|125|closed_low|closed_low|fully_closed_at_sim_end|closed_low,gki,0.75,P_gap_eff,1.0,closed_low,unchanged_closed,False,1.4721515285505824,0.4250915393918884,increase
MFA_BA_stacked_on_control_legacy,CONTROL_125nA.db::trial_2169,CONTROL|125|closed_low|closed_low|fully_closed_at_sim_end|closed_low,gki,0.75,P_gap_eff,1.25,closed_low,unchanged_closed,False,1.4650778284087587,0.41801783925006464,increase
MFA_BA_stacked_on_control_legacy,CONTROL_125nA.db::trial_2169,CONTROL|125|closed_low|closed_low|fully_closed_at_sim_end|closed_low,gki,1.0,P_gap_eff,0.75,closed_low,unchanged_closed,False,1.4793860829432275,0.43232609378453346,increase
MFA_BA_stacked_on_control_legacy,CONTROL_125nA.db::trial_2169,CONTROL|125|closed_low|closed_low|fully_closed_at_sim_end|closed_low,gki,1.0,P_gap_eff,1.0,closed_low,unchanged_closed,False,1.471400602958984,0.42434061380028987,increase
MFA_BA_stacked_on_control_legacy,CONTROL_125nA.db::trial_2169,CONTROL|125|closed_low|closed_low|fully_closed_at_sim_end|closed_low,gki,1.0,P_gap_eff,1.25,closed_low,unchanged_closed,False,1.464465931366125,0.417405942207431,increase
MFA_BA_stacked_on_control_legacy,CONTROL_125nA.db::trial_2169,CONTROL|125|closed_low|closed_low|fully_closed_at_sim_end|closed_low,gki,1.25,P_gap_eff,0.75,closed_low,unchanged_closed,False,1.2839957266226605,0.23693573746396646,increase
MFA_BA_stacked_on_control_legacy,CONTROL_125nA.db::trial_2169,CONTROL|125|closed_low|closed_low|fully_closed_at_sim_end|closed_low,gki,1.25,P_gap_eff,1.0,closed_low,unchanged_closed,False,1.533803555236391,0.48674356607769687,increase
MFA_BA_stacked_on_control_legacy,CONTROL_125nA.db::trial_2169,CONTROL|125|closed_low|closed_low|fully_closed_at_sim_end|closed_low,gki,1.25,P_gap_eff,1.25,closed_low,unchanged_closed,False,1.4641339277284002,0.4170739385697062,increase
MFA_like_from_control_legacy,CONTROL_150nA.db::trial_894,CONTROL|150|closed_low|closed_low|fully_closed_at_sim_end|closed_low,P_gap_eff,0.75,gamma_s_eff,0.75,closed_low,unchanged_closed,False,1.2176469620493953,-0.18492195233338116,decrease
MFA_like_from_control_legacy,CONTROL_150nA.db::trial_894,CONTROL|150|closed_low|closed_low|fully_closed_at_sim_end|closed_low,P_gap_eff,0.75,gamma_s_eff,1.0,closed_low,unchanged_closed,False,1.2176469620493953,-0.18492195233338116,decrease
MFA_like_from_control_legacy,CONTROL_150nA.db::trial_894,CONTROL|150|closed_low|closed_low|fully_closed_at_sim_end|closed_low,P_gap_eff,0.75,gamma_s_eff,1.25,closed_low,unchanged_closed,False,1.2176469620493953,-0.18492195233338116,decrease
MFA_like_from_control_legacy,CONTROL_150nA.db::trial_894,CONTROL|150|closed_low|closed_low|fully_closed_at_sim_end|closed_low,P_gap_eff,1.0,gamma_s_eff,0.75,closed_low,unchanged_closed,False,1.2085296164572568,-0.19403929792551966,decrease
MFA_like_from_control_legacy,CONTROL_150nA.db::trial_894,CONTROL|150|closed_low|closed_low|fully_closed_at_sim_end|closed_low,P_gap_eff,1.0,gamma_s_eff,1.0,closed_low,unchanged_closed,False,1.2085296164572568,-0.19403929792551966,decrease
MFA_like_from_control_legacy,CONTROL_150nA.db::trial_894,CONTROL|150|closed_low|closed_low|fully_closed_at_sim_end|closed_low,P_gap_eff,1.0,gamma_s_eff,1.25,closed_low,unchanged_closed,False,1.2085296164572568,-0.19403929792551966,decrease
MFA_like_from_control_legacy,CONTROL_150nA.db::trial_894,CONTROL|150|closed_low|closed_low|fully_closed_at_sim_end|closed_low,P_gap_eff,1.25,gamma_s_eff,0.75,closed_low,unchanged_closed,False,1.19935052218071,-0.2032183922020665,decrease
MFA_like_from_control_legacy,CONTROL_150nA.db::trial_894,CONTROL|150|closed_low|closed_low|fully_closed_at_sim_end|closed_low,P_gap_eff,1.25,gamma_s_eff,1.0,closed_low,unchanged_closed,False,1.19935052218071,-0.2032183922020665,decrease
MFA_like_from_control_legacy,CONTROL_150nA.db::trial_894,CONTROL|150|closed_low|closed_low|fully_closed_at_sim_end|closed_low,P_gap_eff,1.25,gamma_s_eff,1.25,closed_low,unchanged_closed,False,1.19935052218071,-0.2032183922020665,decrease
MFA_like_from_control_legacy,CONTROL_150nA.db::trial_894,CONTROL|150|closed_low|closed_low|fully_closed_at_sim_end|closed_low,P_gap_eff,0.75,zth,0.75,closed_low,unchanged_closed,False,1.2176469620493953,-0.18492195233338116,decrease
MFA_like_from_control_legacy,CONTROL_150nA.db::trial_894,CONTROL|150|closed_low|closed_low|fully_closed_at_sim_end|closed_low,P_gap_eff,0.75,zth,1.0,closed_low,unchanged_closed,False,1.2176469620493953,-0.18492195233338116,decrease
MFA_like_from_control_legacy,CONTROL_150nA.db::trial_894,CONTROL|150|closed_low|closed_low|fully_closed_at_sim_end|closed_low,P_gap_eff,0.75,zth,1.25,closed_low,unchanged_closed,False,1.2176469620493953,-0.18492195233338116,decrease
MFA_like_from_control_legacy,CONTROL_150nA.db::trial_894,CONTROL|150|closed_low|closed_low|fully_closed_at_sim_end|closed_low,P_gap_eff,1.0,zth,0.75,closed_low,unchanged_closed,False,1.2085296164572568,-0.19403929792551966,decrease
MFA_like_from_control_legacy,CONTROL_150nA.db::trial_894,CONTROL|150|closed_low|closed_low|fully_closed_at_sim_end|closed_low,P_gap_eff,1.0,zth,1.0,closed_low,unchanged_closed,False,1.2085296164572568,-0.19403929792551966,decrease
MFA_like_from_control_legacy,CONTROL_150nA.db::trial_894,CONTROL|150|closed_low|closed_low|fully_closed_at_sim_end|closed_low,P_gap_eff,1.0,zth,1.25,closed_low,unchanged_closed,False,1.2085296164572568,-0.19403929792551966,decrease
MFA_like_from_control_legacy,CONTROL_150nA.db::trial_894,CONTROL|150|closed_low|closed_low|fully_closed_at_sim_end|closed_low,P_gap_eff,1.25,zth,0.75,closed_low,unchanged_closed,False,1.19935052218071,-0.2032183922020665,decrease
MFA_like_from_control_legacy,CONTROL_150nA.db::trial_894,CONTROL|150|closed_low|closed_low|fully_closed_at_sim_end|closed_low,P_gap_eff,1.25,zth,1.0,closed_low,unchanged_closed,False,1.19935052218071,-0.2032183922020665,decrease
MFA_like_from_control_legacy,CONTROL_150nA.db::trial_894,CONTROL|150|closed_low|closed_low|fully_closed_at_sim_end|closed_low,P_gap_eff,1.25,zth,1.25,closed_low,unchanged_closed,False,1.19935052218071,-0.2032183922020665,decrease
MFA_like_from_control_legacy,CONTROL_150nA.db::trial_894,CONTROL|150|closed_low|closed_low|fully_closed_at_sim_end|closed_low,gamma_s_eff,0.75,zth,0.75,closed_low,unchanged_closed,False,1.2085296164572568,-0.19403929792551966,decrease
MFA_like_from_control_legacy,CONTROL_150nA.db::trial_894,CONTROL|150|closed_low|closed_low|fully_closed_at_sim_end|closed_low,gamma_s_eff,0.75,zth,1.0,closed_low,unchanged_closed,False,1.2085296164572568,-0.19403929792551966,decrease
MFA_like_from_control_legacy,CONTROL_150nA.db::trial_894,CONTROL|150|closed_low|closed_low|fully_closed_at_sim_end|closed_low,gamma_s_eff,0.75,zth,1.25,closed_low,unchanged_closed,False,1.2085296164572568,-0.19403929792551966,decrease
MFA_like_from_control_legacy,CONTROL_150nA.db::trial_894,CONTROL|150|closed_low|closed_low|fully_closed_at_sim_end|closed_low,gamma_s_eff,1.0,zth,0.75,closed_low,unchanged_closed,False,1.2085296164572568,-0.19403929792551966,decrease
MFA_like_from_control_legacy,CONTROL_150nA.db::trial_894,CONTROL|150|closed_low|closed_low|fully_closed_at_sim_end|closed_low,gamma_s_eff,1.0,zth,1.0,closed_low,unchanged_closed,False,1.2085296164572568,-0.19403929792551966,decrease
MFA_like_from_control_legacy,CONTROL_150nA.db::trial_894,CONTROL|150|closed_low|closed_low|fully_closed_at_sim_end|closed_low,gamma_s_eff,1.0,zth,1.25,closed_low,unchanged_closed,False,1.2085296164572568,-0.19403929792551966,decrease
MFA_like_from_control_legacy,CONTROL_150nA.db::trial_894,CONTROL|150|closed_low|closed_low|fully_closed_at_sim_end|closed_low,gamma_s_eff,1.25,zth,0.75,closed_low,unchanged_closed,False,1.2085296164572568,-0.19403929792551966,decrease
MFA_like_from_control_legacy,CONTROL_150nA.db::trial_894,CONTROL|150|closed_low|closed_low|fully_closed_at_sim_end|closed_low,gamma_s_eff,1.25,zth,1.0,closed_low,unchanged_closed,False,1.2085296164572568,-0.19403929792551966,decrease
MFA_like_from_control_legacy,CONTROL_150nA.db::trial_894,CONTROL|150|closed_low|closed_low|fully_closed_at_sim_end|closed_low,gamma_s_eff,1.25,zth,1.25,closed_low,unchanged_closed,False,1.2085296164572568,-0.19403929792551966,decrease
MFA_like_from_control_legacy,CONTROL_150nA.db::trial_894,CONTROL|150|closed_low|closed_low|fully_closed_at_sim_end|closed_low,zth,0.75,zs,0.75,closed_low,unchanged_closed,False,1.2085296164572568,-0.19403929792551966,decrease
MFA_like_from_control_legacy,CONTROL_150nA.db::trial_894,CONTROL|150|closed_low|closed_low|fully_closed_at_sim_end|closed_low,zth,0.75,zs,1.0,closed_low,unchanged_closed,False,1.2085296164572568,-0.19403929792551966,decrease
MFA_like_from_control_legacy,CONTROL_150nA.db::trial_894,CONTROL|150|closed_low|closed_low|fully_closed_at_sim_end|closed_low,zth,0.75,zs,1.25,closed_low,unchanged_closed,False,1.2085296164572568,-0.19403929792551966,decrease
MFA_like_from_control_legacy,CONTROL_150nA.db::trial_894,CONTROL|150|closed_low|closed_low|fully_closed_at_sim_end|closed_low,zth,1.0,zs,0.75,closed_low,unchanged_closed,False,1.2085296164572568,-0.19403929792551966,decrease
MFA_like_from_control_legacy,CONTROL_150nA.db::trial_894,CONTROL|150|closed_low|closed_low|fully_closed_at_sim_end|closed_low,zth,1.0,zs,1.0,closed_low,unchanged_closed,False,1.2085296164572568,-0.19403929792551966,decrease
MFA_like_from_control_legacy,CONTROL_150nA.db::trial_894,CONTROL|150|closed_low|closed_low|fully_closed_at_sim_end|closed_low,zth,1.0,zs,1.25,closed_low,unchanged_closed,False,1.2085296164572568,-0.19403929792551966,decrease
MFA_like_from_control_legacy,CONTROL_150nA.db::trial_894,CONTROL|150|closed_low|closed_low|fully_closed_at_sim_end|closed_low,zth,1.25,zs,0.75,closed_low,unchanged_closed,False,1.2085296164572568,-0.19403929792551966,decrease
MFA_like_from_control_legacy,CONTROL_150nA.db::trial_894,CONTROL|150|closed_low|closed_low|fully_closed_at_sim_end|closed_low,zth,1.25,zs,1.0,closed_low,unchanged_closed,False,1.2085296164572568,-0.19403929792551966,decrease
MFA_like_from_control_legacy,CONTROL_150nA.db::trial_894,CONTROL|150|closed_low|closed_low|fully_closed_at_sim_end|closed_low,zth,1.25,zs,1.25,closed_low,unchanged_closed,False,1.2085296164572568,-0.19403929792551966,decrease
MFA_BA_stacked_on_control_legacy,CONTROL_150nA.db::trial_894,CONTROL|150|closed_low|closed_low|fully_closed_at_sim_end|closed_low,gki,0.75,P_gap_eff,0.75,closed_low,unchanged_closed,False,1.2165527513948475,-0.1860161629879289,decrease
MFA_BA_stacked_on_control_legacy,CONTROL_150nA.db::trial_894,CONTROL|150|closed_low|closed_low|fully_closed_at_sim_end|closed_low,gki,0.75,P_gap_eff,1.0,closed_low,unchanged_closed,False,1.2073711711211732,-0.19519774326160322,decrease
MFA_BA_stacked_on_control_legacy,CONTROL_150nA.db::trial_894,CONTROL|150|closed_low|closed_low|fully_closed_at_sim_end|closed_low,gki,0.75,P_gap_eff,1.25,closed_low,unchanged_closed,False,1.1981330036631652,-0.2044359107196112,decrease
MFA_BA_stacked_on_control_legacy,CONTROL_150nA.db::trial_894,CONTROL|150|closed_low|closed_low|fully_closed_at_sim_end|closed_low,gki,1.0,P_gap_eff,0.75,closed_low,unchanged_closed,False,1.2176469620493953,-0.18492195233338116,decrease
MFA_BA_stacked_on_control_legacy,CONTROL_150nA.db::trial_894,CONTROL|150|closed_low|closed_low|fully_closed_at_sim_end|closed_low,gki,1.0,P_gap_eff,1.0,closed_low,unchanged_closed,False,1.2085296164572568,-0.19403929792551966,decrease
MFA_BA_stacked_on_control_legacy,CONTROL_150nA.db::trial_894,CONTROL|150|closed_low|closed_low|fully_closed_at_sim_end|closed_low,gki,1.0,P_gap_eff,1.25,closed_low,unchanged_closed,False,1.19935052218071,-0.2032183922020665,decrease
MFA_BA_stacked_on_control_legacy,CONTROL_150nA.db::trial_894,CONTROL|150|closed_low|closed_low|fully_closed_at_sim_end|closed_low,gki,1.25,P_gap_eff,0.75,closed_low,unchanged_closed,False,1.2182994757250045,-0.1842694386577719,decrease
MFA_BA_stacked_on_control_legacy,CONTROL_150nA.db::trial_894,CONTROL|150|closed_low|closed_low|fully_closed_at_sim_end|closed_low,gki,1.25,P_gap_eff,1.0,closed_low,unchanged_closed,False,1.2092221962173342,-0.19334671816544224,decrease
MFA_BA_stacked_on_control_legacy,CONTROL_150nA.db::trial_894,CONTROL|150|closed_low|closed_low|fully_closed_at_sim_end|closed_low,gki,1.25,P_gap_eff,1.25,closed_low,unchanged_closed,False,1.2000806533396575,-0.2024882610431189,decrease
MFA_like_from_control_legacy,CONTROL_150nA.db::trial_2274,CONTROL|150|closed_low|closed_low|fully_closed_at_sim_end|closed_low,P_gap_eff,0.75,gamma_s_eff,0.75,closed_low,unchanged_closed,False,1.40047796523079,0.8256233889316966,increase
MFA_like_from_control_legacy,CONTROL_150nA.db::trial_2274,CONTROL|150|closed_low|closed_low|fully_closed_at_sim_end|closed_low,P_gap_eff,0.75,gamma_s_eff,1.0,closed_low,unchanged_closed,False,1.4004775147221293,0.825622938423036,increase
MFA_like_from_control_legacy,CONTROL_150nA.db::trial_2274,CONTROL|150|closed_low|closed_low|fully_closed_at_sim_end|closed_low,P_gap_eff,0.75,gamma_s_eff,1.25,closed_low,unchanged_closed,False,1.40047762271614,0.8256230464170466,increase
MFA_like_from_control_legacy,CONTROL_150nA.db::trial_2274,CONTROL|150|closed_low|closed_low|fully_closed_at_sim_end|closed_low,P_gap_eff,1.0,gamma_s_eff,0.75,closed_low,unchanged_closed,False,1.3942249031205176,0.8193703268214243,increase
MFA_like_from_control_legacy,CONTROL_150nA.db::trial_2274,CONTROL|150|closed_low|closed_low|fully_closed_at_sim_end|closed_low,P_gap_eff,1.0,gamma_s_eff,1.0,closed_low,unchanged_closed,False,1.3942250657989677,0.8193704894998743,increase
MFA_like_from_control_legacy,CONTROL_150nA.db::trial_2274,CONTROL|150|closed_low|closed_low|fully_closed_at_sim_end|closed_low,P_gap_eff,1.0,gamma_s_eff,1.25,closed_low,unchanged_closed,False,1.3942249877166475,0.8193704114175542,increase
MFA_like_from_control_legacy,CONTROL_150nA.db::trial_2274,CONTROL|150|closed_low|closed_low|fully_closed_at_sim_end|closed_low,P_gap_eff,1.25,gamma_s_eff,0.75,closed_low,unchanged_closed,False,1.387931309003258,0.8130767327041646,increase
MFA_like_from_control_legacy,CONTROL_150nA.db::trial_2274,CONTROL|150|closed_low|closed_low|fully_closed_at_sim_end|closed_low,P_gap_eff,1.25,gamma_s_eff,1.0,closed_low,unchanged_closed,False,1.3879314562374485,0.8130768799383552,increase
MFA_like_from_control_legacy,CONTROL_150nA.db::trial_2274,CONTROL|150|closed_low|closed_low|fully_closed_at_sim_end|closed_low,P_gap_eff,1.25,gamma_s_eff,1.25,closed_low,unchanged_closed,False,1.3879313151103252,0.8130767388112319,increase
MFA_like_from_control_legacy,CONTROL_150nA.db::trial_2274,CONTROL|150|closed_low|closed_low|fully_closed_at_sim_end|closed_low,P_gap_eff,0.75,zth,0.75,closed_low,unchanged_closed,False,1.4004774512155338,0.8256228749164405,increase
MFA_like_from_control_legacy,CONTROL_150nA.db::trial_2274,CONTROL|150|closed_low|closed_low|fully_closed_at_sim_end|closed_low,P_gap_eff,0.75,zth,1.0,closed_low,unchanged_closed,False,1.4004775147221293,0.825622938423036,increase
MFA_like_from_control_legacy,CONTROL_150nA.db::trial_2274,CONTROL|150|closed_low|closed_low|fully_closed_at_sim_end|closed_low,P_gap_eff,0.75,zth,1.25,closed_low,unchanged_closed,False,1.400477461944826,0.8256228856457326,increase
MFA_like_from_control_legacy,CONTROL_150nA.db::trial_2274,CONTROL|150|closed_low|closed_low|fully_closed_at_sim_end|closed_low,P_gap_eff,1.0,zth,0.75,closed_low,unchanged_closed,False,1.3942249947929697,0.8193704184938764,increase
MFA_like_from_control_legacy,CONTROL_150nA.db::trial_2274,CONTROL|150|closed_low|closed_low|fully_closed_at_sim_end|closed_low,P_gap_eff,1.0,zth,1.0,closed_low,unchanged_closed,False,1.3942250657989677,0.8193704894998743,increase
MFA_like_from_control_legacy,CONTROL_150nA.db::trial_2274,CONTROL|150|closed_low|closed_low|fully_closed_at_sim_end|closed_low,P_gap_eff,1.0,zth,1.25,closed_low,unchanged_closed,False,1.3942251135315458,0.8193705372324525,increase
MFA_like_from_control_legacy,CONTROL_150nA.db::trial_2274,CONTROL|150|closed_low|closed_low|fully_closed_at_sim_end|closed_low,P_gap_eff,1.25,zth,0.75,closed_low,unchanged_closed,False,1.387931461705122,0.8130768854060286,increase
MFA_like_from_control_legacy,CONTROL_150nA.db::trial_2274,CONTROL|150|closed_low|closed_low|fully_closed_at_sim_end|closed_low,P_gap_eff,1.25,zth,1.0,closed_low,unchanged_closed,False,1.3879314562374485,0.8130768799383552,increase
MFA_like_from_control_legacy,CONTROL_150nA.db::trial_2274,CONTROL|150|closed_low|closed_low|fully_closed_at_sim_end|closed_low,P_gap_eff,1.25,zth,1.25,closed_low,unchanged_closed,False,1.3879314004897427,0.8130768241906494,increase
MFA_like_from_control_legacy,CONTROL_150nA.db::trial_2274,CONTROL|150|closed_low|closed_low|fully_closed_at_sim_end|closed_low,gamma_s_eff,0.75,zth,0.75,closed_low,unchanged_closed,False,1.394225092441025,0.8193705161419318,increase
MFA_like_from_control_legacy,CONTROL_150nA.db::trial_2274,CONTROL|150|closed_low|closed_low|fully_closed_at_sim_end|closed_low,gamma_s_eff,0.75,zth,1.0,closed_low,unchanged_closed,False,1.3942249031205176,0.8193703268214243,increase
MFA_like_from_control_legacy,CONTROL_150nA.db::trial_2274,CONTROL|150|closed_low|closed_low|fully_closed_at_sim_end|closed_low,gamma_s_eff,0.75,zth,1.25,closed_low,unchanged_closed,False,1.3942250423966223,0.819370466097529,increase
MFA_like_from_control_legacy,CONTROL_150nA.db::trial_2274,CONTROL|150|closed_low|closed_low|fully_closed_at_sim_end|closed_low,gamma_s_eff,1.0,zth,0.75,closed_low,unchanged_closed,False,1.3942249947929697,0.8193704184938764,increase
MFA_like_from_control_legacy,CONTROL_150nA.db::trial_2274,CONTROL|150|closed_low|closed_low|fully_closed_at_sim_end|closed_low,gamma_s_eff,1.0,zth,1.0,closed_low,unchanged_closed,False,1.3942250657989677,0.8193704894998743,increase
MFA_like_from_control_legacy,CONTROL_150nA.db::trial_2274,CONTROL|150|closed_low|closed_low|fully_closed_at_sim_end|closed_low,gamma_s_eff,1.0,zth,1.25,closed_low,unchanged_closed,False,1.3942251135315458,0.8193705372324525,increase
MFA_like_from_control_legacy,CONTROL_150nA.db::trial_2274,CONTROL|150|closed_low|closed_low|fully_closed_at_sim_end|closed_low,gamma_s_eff,1.25,zth,0.75,closed_low,unchanged_closed,False,1.39422508689747,0.8193705105983766,increase
MFA_like_from_control_legacy,CONTROL_150nA.db::trial_2274,CONTROL|150|closed_low|closed_low|fully_closed_at_sim_end|closed_low,gamma_s_eff,1.25,zth,1.0,closed_low,unchanged_closed,False,1.3942249877166475,0.8193704114175542,increase
MFA_like_from_control_legacy,CONTROL_150nA.db::trial_2274,CONTROL|150|closed_low|closed_low|fully_closed_at_sim_end|closed_low,gamma_s_eff,1.25,zth,1.25,closed_low,unchanged_closed,False,1.3942249898565062,0.8193704135574129,increase
MFA_like_from_control_legacy,CONTROL_150nA.db::trial_2274,CONTROL|150|closed_low|closed_low|fully_closed_at_sim_end|closed_low,zth,0.75,zs,0.75,closed_low,unchanged_closed,False,1.3942251150933924,0.8193705387942991,increase
MFA_like_from_control_legacy,CONTROL_150nA.db::trial_2274,CONTROL|150|closed_low|closed_low|fully_closed_at_sim_end|closed_low,zth,0.75,zs,1.0,closed_low,unchanged_closed,False,1.3942249947929697,0.8193704184938764,increase
MFA_like_from_control_legacy,CONTROL_150nA.db::trial_2274,CONTROL|150|closed_low|closed_low|fully_closed_at_sim_end|closed_low,zth,0.75,zs,1.25,closed_low,unchanged_closed,False,1.3942250610362918,0.8193704847371985,increase
MFA_like_from_control_legacy,CONTROL_150nA.db::trial_2274,CONTROL|150|closed_low|closed_low|fully_closed_at_sim_end|closed_low,zth,1.0,zs,0.75,closed_low,unchanged_closed,False,1.3942251055243822,0.8193705292252889,increase
MFA_like_from_control_legacy,CONTROL_150nA.db::trial_2274,CONTROL|150|closed_low|closed_low|fully_closed_at_sim_end|closed_low,zth,1.0,zs,1.0,closed_low,unchanged_closed,False,1.3942250657989677,0.8193704894998743,increase
MFA_like_from_control_legacy,CONTROL_150nA.db::trial_2274,CONTROL|150|closed_low|closed_low|fully_closed_at_sim_end|closed_low,zth,1.0,zs,1.25,closed_low,unchanged_closed,False,1.3942250375895362,0.8193704612904429,increase
MFA_like_from_control_legacy,CONTROL_150nA.db::trial_2274,CONTROL|150|closed_low|closed_low|fully_closed_at_sim_end|closed_low,zth,1.25,zs,0.75,closed_low,unchanged_closed,False,1.394225014444451,0.8193704381453577,increase
MFA_like_from_control_legacy,CONTROL_150nA.db::trial_2274,CONTROL|150|closed_low|closed_low|fully_closed_at_sim_end|closed_low,zth,1.25,zs,1.0,closed_low,unchanged_closed,False,1.3942251135315458,0.8193705372324525,increase
MFA_like_from_control_legacy,CONTROL_150nA.db::trial_2274,CONTROL|150|closed_low|closed_low|fully_closed_at_sim_end|closed_low,zth,1.25,zs,1.25,closed_low,unchanged_closed,False,1.3942250179451074,0.8193704416460141,increase
MFA_BA_stacked_on_control_legacy,CONTROL_150nA.db::trial_2274,CONTROL|150|closed_low|closed_low|fully_closed_at_sim_end|closed_low,gki,0.75,P_gap_eff,0.75,closed_low,unchanged_closed,False,1.399879816989866,0.8250252406907728,increase
MFA_BA_stacked_on_control_legacy,CONTROL_150nA.db::trial_2274,CONTROL|150|closed_low|closed_low|fully_closed_at_sim_end|closed_low,gki,0.75,P_gap_eff,1.0,closed_low,unchanged_closed,False,1.3936110859218593,0.818756509622766,increase
MFA_BA_stacked_on_control_legacy,CONTROL_150nA.db::trial_2274,CONTROL|150|closed_low|closed_low|fully_closed_at_sim_end|closed_low,gki,0.75,P_gap_eff,1.25,closed_low,unchanged_closed,False,1.387301093279748,0.8124465169806547,increase
MFA_BA_stacked_on_control_legacy,CONTROL_150nA.db::trial_2274,CONTROL|150|closed_low|closed_low|fully_closed_at_sim_end|closed_low,gki,1.0,P_gap_eff,0.75,closed_low,unchanged_closed,False,1.4004775147221293,0.825622938423036,increase
MFA_BA_stacked_on_control_legacy,CONTROL_150nA.db::trial_2274,CONTROL|150|closed_low|closed_low|fully_closed_at_sim_end|closed_low,gki,1.0,P_gap_eff,1.0,closed_low,unchanged_closed,False,1.3942250657989677,0.8193704894998743,increase
MFA_BA_stacked_on_control_legacy,CONTROL_150nA.db::trial_2274,CONTROL|150|closed_low|closed_low|fully_closed_at_sim_end|closed_low,gki,1.0,P_gap_eff,1.25,closed_low,unchanged_closed,False,1.3879314562374485,0.8130768799383552,increase
MFA_BA_stacked_on_control_legacy,CONTROL_150nA.db::trial_2274,CONTROL|150|closed_low|closed_low|fully_closed_at_sim_end|closed_low,gki,1.25,P_gap_eff,0.75,closed_low,unchanged_closed,False,1.0959410853345704,0.521086509035477,increase
MFA_BA_stacked_on_control_legacy,CONTROL_150nA.db::trial_2274,CONTROL|150|closed_low|closed_low|fully_closed_at_sim_end|closed_low,gki,1.25,P_gap_eff,1.0,closed_low,unchanged_closed,False,1.1132203704330434,0.5383657941339501,increase
MFA_BA_stacked_on_control_legacy,CONTROL_150nA.db::trial_2274,CONTROL|150|closed_low|closed_low|fully_closed_at_sim_end|closed_low,gki,1.25,P_gap_eff,1.25,closed_low,unchanged_closed,False,1.069488914516682,0.4946343382175886,increase
MFA_like_from_control_legacy,CONTROL_150nA.db::trial_2380,CONTROL|150|partial_mid|partial_mid|intermediate_or_mixed_temporal_recruitment|partial_mid,P_gap_eff,0.75,gamma_s_eff,0.75,partial_mid,unchanged_partial,False,1.320699236593451,-0.07695114789273294,decrease
MFA_like_from_control_legacy,CONTROL_150nA.db::trial_2380,CONTROL|150|partial_mid|partial_mid|intermediate_or_mixed_temporal_recruitment|partial_mid,P_gap_eff,0.75,gamma_s_eff,1.0,partial_mid,unchanged_partial,False,1.2510629399694428,-0.146587444516741,decrease
MFA_like_from_control_legacy,CONTROL_150nA.db::trial_2380,CONTROL|150|partial_mid|partial_mid|intermediate_or_mixed_temporal_recruitment|partial_mid,P_gap_eff,0.75,gamma_s_eff,1.25,partial_mid,unchanged_partial,False,1.20519914196387,-0.19245124252231394,decrease
MFA_like_from_control_legacy,CONTROL_150nA.db::trial_2380,CONTROL|150|partial_mid|partial_mid|intermediate_or_mixed_temporal_recruitment|partial_mid,P_gap_eff,1.0,gamma_s_eff,0.75,partial_mid,unchanged_partial,False,1.4676678753781536,0.07001749089196974,increase
MFA_like_from_control_legacy,CONTROL_150nA.db::trial_2380,CONTROL|150|partial_mid|partial_mid|intermediate_or_mixed_temporal_recruitment|partial_mid,P_gap_eff,1.0,gamma_s_eff,1.0,partial_mid,unchanged_partial,False,1.471200406489774,0.07355002200359007,increase
MFA_like_from_control_legacy,CONTROL_150nA.db::trial_2380,CONTROL|150|partial_mid|partial_mid|intermediate_or_mixed_temporal_recruitment|partial_mid,P_gap_eff,1.0,gamma_s_eff,1.25,partial_mid,unchanged_partial,False,1.433864253637927,0.03621386915174307,increase
MFA_like_from_control_legacy,CONTROL_150nA.db::trial_2380,CONTROL|150|partial_mid|partial_mid|intermediate_or_mixed_temporal_recruitment|partial_mid,P_gap_eff,1.25,gamma_s_eff,0.75,partial_mid,unchanged_partial,False,1.5914246325724752,0.1937742480862914,increase
MFA_like_from_control_legacy,CONTROL_150nA.db::trial_2380,CONTROL|150|partial_mid|partial_mid|intermediate_or_mixed_temporal_recruitment|partial_mid,P_gap_eff,1.25,gamma_s_eff,1.0,partial_mid,unchanged_partial,False,1.592278680942059,0.1946282964558752,increase
MFA_like_from_control_legacy,CONTROL_150nA.db::trial_2380,CONTROL|150|partial_mid|partial_mid|intermediate_or_mixed_temporal_recruitment|partial_mid,P_gap_eff,1.25,gamma_s_eff,1.25,partial_mid,unchanged_partial,False,1.5659998126870152,0.16834942820083132,increase
MFA_like_from_control_legacy,CONTROL_150nA.db::trial_2380,CONTROL|150|partial_mid|partial_mid|intermediate_or_mixed_temporal_recruitment|partial_mid,P_gap_eff,0.75,zth,0.75,partial_mid,unchanged_partial,False,1.337261064232928,-0.06038932025325594,decrease
MFA_like_from_control_legacy,CONTROL_150nA.db::trial_2380,CONTROL|150|partial_mid|partial_mid|intermediate_or_mixed_temporal_recruitment|partial_mid,P_gap_eff,0.75,zth,1.0,partial_mid,unchanged_partial,False,1.2527514342076782,-0.14489895027850563,decrease
MFA_like_from_control_legacy,CONTROL_150nA.db::trial_2380,CONTROL|150|partial_mid|partial_mid|intermediate_or_mixed_temporal_recruitment|partial_mid,P_gap_eff,0.75,zth,1.25,partial_mid,unchanged_partial,False,1.261875438008828,-0.13577494647735588,decrease
MFA_like_from_control_legacy,CONTROL_150nA.db::trial_2380,CONTROL|150|partial_mid|partial_mid|intermediate_or_mixed_temporal_recruitment|partial_mid,P_gap_eff,1.0,zth,0.75,partial_mid,unchanged_partial,False,1.5006561816365531,0.10300579715036928,increase
MFA_like_from_control_legacy,CONTROL_150nA.db::trial_2380,CONTROL|150|partial_mid|partial_mid|intermediate_or_mixed_temporal_recruitment|partial_mid,P_gap_eff,1.0,zth,1.0,partial_mid,unchanged_partial,False,1.471200406489774,0.07355002200359007,increase
MFA_like_from_control_legacy,CONTROL_150nA.db::trial_2380,CONTROL|150|partial_mid|partial_mid|intermediate_or_mixed_temporal_recruitment|partial_mid,P_gap_eff,1.0,zth,1.25,partial_mid,unchanged_partial,False,1.5243969760316254,0.12674659154544154,increase
MFA_like_from_control_legacy,CONTROL_150nA.db::trial_2380,CONTROL|150|partial_mid|partial_mid|intermediate_or_mixed_temporal_recruitment|partial_mid,P_gap_eff,1.25,zth,0.75,partial_mid,unchanged_partial,False,1.540759880006775,0.14310949552059116,increase
MFA_like_from_control_legacy,CONTROL_150nA.db::trial_2380,CONTROL|150|partial_mid|partial_mid|intermediate_or_mixed_temporal_recruitment|partial_mid,P_gap_eff,1.25,zth,1.0,partial_mid,unchanged_partial,False,1.592278680942059,0.1946282964558752,increase
MFA_like_from_control_legacy,CONTROL_150nA.db::trial_2380,CONTROL|150|partial_mid|partial_mid|intermediate_or_mixed_temporal_recruitment|partial_mid,P_gap_eff,1.25,zth,1.25,partial_mid,unchanged_partial,False,1.5670439938479046,0.16939360936172076,increase
MFA_like_from_control_legacy,CONTROL_150nA.db::trial_2380,CONTROL|150|partial_mid|partial_mid|intermediate_or_mixed_temporal_recruitment|partial_mid,gamma_s_eff,0.75,zth,0.75,partial_mid,unchanged_partial,False,1.4799845585885776,0.08233417410239374,increase
MFA_like_from_control_legacy,CONTROL_150nA.db::trial_2380,CONTROL|150|partial_mid|partial_mid|intermediate_or_mixed_temporal_recruitment|partial_mid,gamma_s_eff,0.75,zth,1.0,partial_mid,unchanged_partial,False,1.4676678753781536,0.07001749089196974,increase
MFA_like_from_control_legacy,CONTROL_150nA.db::trial_2380,CONTROL|150|partial_mid|partial_mid|intermediate_or_mixed_temporal_recruitment|partial_mid,gamma_s_eff,0.75,zth,1.25,partial_mid,unchanged_partial,False,1.4315194273868432,0.033869042900659396,increase
MFA_like_from_control_legacy,CONTROL_150nA.db::trial_2380,CONTROL|150|partial_mid|partial_mid|intermediate_or_mixed_temporal_recruitment|partial_mid,gamma_s_eff,1.0,zth,0.75,partial_mid,unchanged_partial,False,1.5006561816365531,0.10300579715036928,increase
MFA_like_from_control_legacy,CONTROL_150nA.db::trial_2380,CONTROL|150|partial_mid|partial_mid|intermediate_or_mixed_temporal_recruitment|partial_mid,gamma_s_eff,1.0,zth,1.0,partial_mid,unchanged_partial,False,1.471200406489774,0.07355002200359007,increase
MFA_like_from_control_legacy,CONTROL_150nA.db::trial_2380,CONTROL|150|partial_mid|partial_mid|intermediate_or_mixed_temporal_recruitment|partial_mid,gamma_s_eff,1.0,zth,1.25,partial_mid,unchanged_partial,False,1.5243969760316254,0.12674659154544154,increase
MFA_like_from_control_legacy,CONTROL_150nA.db::trial_2380,CONTROL|150|partial_mid|partial_mid|intermediate_or_mixed_temporal_recruitment|partial_mid,gamma_s_eff,1.25,zth,0.75,partial_mid,unchanged_partial,False,1.472756858533868,0.07510647404768411,increase
MFA_like_from_control_legacy,CONTROL_150nA.db::trial_2380,CONTROL|150|partial_mid|partial_mid|intermediate_or_mixed_temporal_recruitment|partial_mid,gamma_s_eff,1.25,zth,1.0,partial_mid,unchanged_partial,False,1.433864253637927,0.03621386915174307,increase
MFA_like_from_control_legacy,CONTROL_150nA.db::trial_2380,CONTROL|150|partial_mid|partial_mid|intermediate_or_mixed_temporal_recruitment|partial_mid,gamma_s_eff,1.25,zth,1.25,partial_mid,unchanged_partial,False,1.475824572986807,0.07817418850062308,increase
MFA_like_from_control_legacy,CONTROL_150nA.db::trial_2380,CONTROL|150|partial_mid|partial_mid|intermediate_or_mixed_temporal_recruitment|partial_mid,zth,0.75,zs,0.75,partial_mid,unchanged_partial,False,1.4995949222556608,0.10194453776947698,increase
MFA_like_from_control_legacy,CONTROL_150nA.db::trial_2380,CONTROL|150|partial_mid|partial_mid|intermediate_or_mixed_temporal_recruitment|partial_mid,zth,0.75,zs,1.0,partial_mid,unchanged_partial,False,1.5006561816365531,0.10300579715036928,increase
MFA_like_from_control_legacy,CONTROL_150nA.db::trial_2380,CONTROL|150|partial_mid|partial_mid|intermediate_or_mixed_temporal_recruitment|partial_mid,zth,0.75,zs,1.25,partial_mid,unchanged_partial,False,1.4812321848439134,0.08358180035772955,increase
MFA_like_from_control_legacy,CONTROL_150nA.db::trial_2380,CONTROL|150|partial_mid|partial_mid|intermediate_or_mixed_temporal_recruitment|partial_mid,zth,1.0,zs,0.75,partial_mid,unchanged_partial,False,1.4490550621564837,0.05140467767029988,increase
MFA_like_from_control_legacy,CONTROL_150nA.db::trial_2380,CONTROL|150|partial_mid|partial_mid|intermediate_or_mixed_temporal_recruitment|partial_mid,zth,1.0,zs,1.0,partial_mid,unchanged_partial,False,1.471200406489774,0.07355002200359007,increase
MFA_like_from_control_legacy,CONTROL_150nA.db::trial_2380,CONTROL|150|partial_mid|partial_mid|intermediate_or_mixed_temporal_recruitment|partial_mid,zth,1.0,zs,1.25,partial_mid,unchanged_partial,False,1.48624412156189,0.08859373707570617,increase
MFA_like_from_control_legacy,CONTROL_150nA.db::trial_2380,CONTROL|150|partial_mid|partial_mid|intermediate_or_mixed_temporal_recruitment|partial_mid,zth,1.25,zs,0.75,partial_mid,unchanged_partial,False,1.4772751765744374,0.07962479208825357,increase
MFA_like_from_control_legacy,CONTROL_150nA.db::trial_2380,CONTROL|150|partial_mid|partial_mid|intermediate_or_mixed_temporal_recruitment|partial_mid,zth,1.25,zs,1.0,partial_mid,unchanged_partial,False,1.5243969760316254,0.12674659154544154,increase
MFA_like_from_control_legacy,CONTROL_150nA.db::trial_2380,CONTROL|150|partial_mid|partial_mid|intermediate_or_mixed_temporal_recruitment|partial_mid,zth,1.25,zs,1.25,partial_mid,unchanged_partial,False,1.4158001873234016,0.018149802837217788,increase
MFA_BA_stacked_on_control_legacy,CONTROL_150nA.db::trial_2380,CONTROL|150|partial_mid|partial_mid|intermediate_or_mixed_temporal_recruitment|partial_mid,gki,0.75,P_gap_eff,0.75,partial_mid,unchanged_partial,False,1.2051078094068606,-0.19254257507932326,decrease
MFA_BA_stacked_on_control_legacy,CONTROL_150nA.db::trial_2380,CONTROL|150|partial_mid|partial_mid|intermediate_or_mixed_temporal_recruitment|partial_mid,gki,0.75,P_gap_eff,1.0,partial_mid,unchanged_partial,False,1.186614298127868,-0.21103608635831583,decrease
MFA_BA_stacked_on_control_legacy,CONTROL_150nA.db::trial_2380,CONTROL|150|partial_mid|partial_mid|intermediate_or_mixed_temporal_recruitment|partial_mid,gki,0.75,P_gap_eff,1.25,partial_mid,unchanged_partial,False,1.2328380601211602,-0.1648123243650237,decrease
MFA_BA_stacked_on_control_legacy,CONTROL_150nA.db::trial_2380,CONTROL|150|partial_mid|partial_mid|intermediate_or_mixed_temporal_recruitment|partial_mid,gki,1.0,P_gap_eff,0.75,partial_mid,unchanged_partial,False,1.2555857605373975,-0.14206462394878638,decrease
MFA_BA_stacked_on_control_legacy,CONTROL_150nA.db::trial_2380,CONTROL|150|partial_mid|partial_mid|intermediate_or_mixed_temporal_recruitment|partial_mid,gki,1.0,P_gap_eff,1.0,partial_mid,unchanged_partial,False,1.4703003717502294,0.07264998726404559,increase
MFA_BA_stacked_on_control_legacy,CONTROL_150nA.db::trial_2380,CONTROL|150|partial_mid|partial_mid|intermediate_or_mixed_temporal_recruitment|partial_mid,gki,1.0,P_gap_eff,1.25,partial_mid,unchanged_partial,False,1.5895086799824534,0.19185829549626954,increase
MFA_BA_stacked_on_control_legacy,CONTROL_150nA.db::trial_2380,CONTROL|150|partial_mid|partial_mid|intermediate_or_mixed_temporal_recruitment|partial_mid,gki,1.25,P_gap_eff,0.75,partial_mid,unchanged_partial,False,1.5379330432229483,0.1402826587367645,increase
MFA_BA_stacked_on_control_legacy,CONTROL_150nA.db::trial_2380,CONTROL|150|partial_mid|partial_mid|intermediate_or_mixed_temporal_recruitment|partial_mid,gki,1.25,P_gap_eff,1.0,partial_mid,unchanged_partial,False,1.6208871944904133,0.22323681000422946,increase
MFA_BA_stacked_on_control_legacy,CONTROL_150nA.db::trial_2380,CONTROL|150|partial_mid|partial_mid|intermediate_or_mixed_temporal_recruitment|partial_mid,gki,1.25,P_gap_eff,1.25,partial_mid,unchanged_partial,False,1.644804050504876,0.24715366601869215,increase
MFA_like_from_control_legacy,CONTROL_150nA.db::trial_2008,CONTROL|150|partial_mid|partial_mid|intermediate_or_mixed_temporal_recruitment|partial_mid,P_gap_eff,0.75,gamma_s_eff,0.75,partial_mid,unchanged_partial,False,1.3149768908557233,-0.0867664374553343,decrease
MFA_like_from_control_legacy,CONTROL_150nA.db::trial_2008,CONTROL|150|partial_mid|partial_mid|intermediate_or_mixed_temporal_recruitment|partial_mid,P_gap_eff,0.75,gamma_s_eff,1.0,partial_mid,unchanged_partial,False,1.3149653683226745,-0.08677795998838311,decrease
MFA_like_from_control_legacy,CONTROL_150nA.db::trial_2008,CONTROL|150|partial_mid|partial_mid|intermediate_or_mixed_temporal_recruitment|partial_mid,P_gap_eff,0.75,gamma_s_eff,1.25,partial_mid,unchanged_partial,False,1.3149575586055466,-0.086785769705511,decrease
MFA_like_from_control_legacy,CONTROL_150nA.db::trial_2008,CONTROL|150|partial_mid|partial_mid|intermediate_or_mixed_temporal_recruitment|partial_mid,P_gap_eff,1.0,gamma_s_eff,0.75,partial_mid,unchanged_partial,False,1.3057966576712714,-0.09594667063978624,decrease
MFA_like_from_control_legacy,CONTROL_150nA.db::trial_2008,CONTROL|150|partial_mid|partial_mid|intermediate_or_mixed_temporal_recruitment|partial_mid,P_gap_eff,1.0,gamma_s_eff,1.0,partial_mid,unchanged_partial,False,1.3057821482129608,-0.09596118009809684,decrease
MFA_like_from_control_legacy,CONTROL_150nA.db::trial_2008,CONTROL|150|partial_mid|partial_mid|intermediate_or_mixed_temporal_recruitment|partial_mid,P_gap_eff,1.0,gamma_s_eff,1.25,partial_mid,unchanged_partial,False,1.305773877977716,-0.0959694503333417,decrease
MFA_like_from_control_legacy,CONTROL_150nA.db::trial_2008,CONTROL|150|partial_mid|partial_mid|intermediate_or_mixed_temporal_recruitment|partial_mid,P_gap_eff,1.25,gamma_s_eff,0.75,partial_mid,unchanged_partial,False,1.2965174544438294,-0.10522587386722826,decrease
MFA_like_from_control_legacy,CONTROL_150nA.db::trial_2008,CONTROL|150|partial_mid|partial_mid|intermediate_or_mixed_temporal_recruitment|partial_mid,P_gap_eff,1.25,gamma_s_eff,1.0,partial_mid,unchanged_partial,False,1.2965022812768932,-0.10524104703416448,decrease
MFA_like_from_control_legacy,CONTROL_150nA.db::trial_2008,CONTROL|150|partial_mid|partial_mid|intermediate_or_mixed_temporal_recruitment|partial_mid,P_gap_eff,1.25,gamma_s_eff,1.25,partial_mid,unchanged_partial,False,1.2964959477447577,-0.1052473805662999,decrease
MFA_like_from_control_legacy,CONTROL_150nA.db::trial_2008,CONTROL|150|partial_mid|partial_mid|intermediate_or_mixed_temporal_recruitment|partial_mid,P_gap_eff,0.75,zth,0.75,partial_mid,unchanged_partial,False,1.3149557419793783,-0.08678758633167938,decrease
MFA_like_from_control_legacy,CONTROL_150nA.db::trial_2008,CONTROL|150|partial_mid|partial_mid|intermediate_or_mixed_temporal_recruitment|partial_mid,P_gap_eff,0.75,zth,1.0,partial_mid,unchanged_partial,False,1.3149653683226745,-0.08677795998838311,decrease
MFA_like_from_control_legacy,CONTROL_150nA.db::trial_2008,CONTROL|150|partial_mid|partial_mid|intermediate_or_mixed_temporal_recruitment|partial_mid,P_gap_eff,0.75,zth,1.25,partial_mid,unchanged_partial,False,1.3149772807872293,-0.08676604752382833,decrease
MFA_like_from_control_legacy,CONTROL_150nA.db::trial_2008,CONTROL|150|partial_mid|partial_mid|intermediate_or_mixed_temporal_recruitment|partial_mid,P_gap_eff,1.0,zth,0.75,partial_mid,unchanged_partial,False,1.3057728620752438,-0.09597046623581384,decrease
MFA_like_from_control_legacy,CONTROL_150nA.db::trial_2008,CONTROL|150|partial_mid|partial_mid|intermediate_or_mixed_temporal_recruitment|partial_mid,P_gap_eff,1.0,zth,1.0,partial_mid,unchanged_partial,False,1.3057821482129608,-0.09596118009809684,decrease
MFA_like_from_control_legacy,CONTROL_150nA.db::trial_2008,CONTROL|150|partial_mid|partial_mid|intermediate_or_mixed_temporal_recruitment|partial_mid,P_gap_eff,1.0,zth,1.25,partial_mid,unchanged_partial,False,1.3057967604049665,-0.09594656790609113,decrease
MFA_like_from_control_legacy,CONTROL_150nA.db::trial_2008,CONTROL|150|partial_mid|partial_mid|intermediate_or_mixed_temporal_recruitment|partial_mid,P_gap_eff,1.25,zth,0.75,partial_mid,unchanged_partial,False,1.2964954825085473,-0.10524784580251034,decrease
MFA_like_from_control_legacy,CONTROL_150nA.db::trial_2008,CONTROL|150|partial_mid|partial_mid|intermediate_or_mixed_temporal_recruitment|partial_mid,P_gap_eff,1.25,zth,1.0,partial_mid,unchanged_partial,False,1.2965022812768932,-0.10524104703416448,decrease
MFA_like_from_control_legacy,CONTROL_150nA.db::trial_2008,CONTROL|150|partial_mid|partial_mid|intermediate_or_mixed_temporal_recruitment|partial_mid,P_gap_eff,1.25,zth,1.25,partial_mid,unchanged_partial,False,1.2965172387326955,-0.1052260895783621,decrease
MFA_like_from_control_legacy,CONTROL_150nA.db::trial_2008,CONTROL|150|partial_mid|partial_mid|intermediate_or_mixed_temporal_recruitment|partial_mid,gamma_s_eff,0.75,zth,0.75,partial_mid,unchanged_partial,False,1.3057832054524268,-0.09596012285863087,decrease
MFA_like_from_control_legacy,CONTROL_150nA.db::trial_2008,CONTROL|150|partial_mid|partial_mid|intermediate_or_mixed_temporal_recruitment|partial_mid,gamma_s_eff,0.75,zth,1.0,partial_mid,unchanged_partial,False,1.3057966576712714,-0.09594667063978624,decrease
MFA_like_from_control_legacy,CONTROL_150nA.db::trial_2008,CONTROL|150|partial_mid|partial_mid|intermediate_or_mixed_temporal_recruitment|partial_mid,gamma_s_eff,0.75,zth,1.25,partial_mid,unchanged_partial,False,1.3058134369321253,-0.09592989137893237,decrease
MFA_like_from_control_legacy,CONTROL_150nA.db::trial_2008,CONTROL|150|partial_mid|partial_mid|intermediate_or_mixed_temporal_recruitment|partial_mid,gamma_s_eff,1.0,zth,0.75,partial_mid,unchanged_partial,False,1.3057728620752438,-0.09597046623581384,decrease
MFA_like_from_control_legacy,CONTROL_150nA.db::trial_2008,CONTROL|150|partial_mid|partial_mid|intermediate_or_mixed_temporal_recruitment|partial_mid,gamma_s_eff,1.0,zth,1.0,partial_mid,unchanged_partial,False,1.3057821482129608,-0.09596118009809684,decrease
MFA_like_from_control_legacy,CONTROL_150nA.db::trial_2008,CONTROL|150|partial_mid|partial_mid|intermediate_or_mixed_temporal_recruitment|partial_mid,gamma_s_eff,1.0,zth,1.25,partial_mid,unchanged_partial,False,1.3057967604049665,-0.09594656790609113,decrease
MFA_like_from_control_legacy,CONTROL_150nA.db::trial_2008,CONTROL|150|partial_mid|partial_mid|intermediate_or_mixed_temporal_recruitment|partial_mid,gamma_s_eff,1.25,zth,0.75,partial_mid,unchanged_partial,False,1.3057686731724356,-0.09597465513862202,decrease
MFA_like_from_control_legacy,CONTROL_150nA.db::trial_2008,CONTROL|150|partial_mid|partial_mid|intermediate_or_mixed_temporal_recruitment|partial_mid,gamma_s_eff,1.25,zth,1.0,partial_mid,unchanged_partial,False,1.305773877977716,-0.0959694503333417,decrease
MFA_like_from_control_legacy,CONTROL_150nA.db::trial_2008,CONTROL|150|partial_mid|partial_mid|intermediate_or_mixed_temporal_recruitment|partial_mid,gamma_s_eff,1.25,zth,1.25,partial_mid,unchanged_partial,False,1.3057851220985777,-0.09595820621247997,decrease
MFA_like_from_control_legacy,CONTROL_150nA.db::trial_2008,CONTROL|150|partial_mid|partial_mid|intermediate_or_mixed_temporal_recruitment|partial_mid,zth,0.75,zs,0.75,partial_mid,unchanged_partial,False,1.305769857163013,-0.09597347114804466,decrease
MFA_like_from_control_legacy,CONTROL_150nA.db::trial_2008,CONTROL|150|partial_mid|partial_mid|intermediate_or_mixed_temporal_recruitment|partial_mid,zth,0.75,zs,1.0,partial_mid,unchanged_partial,False,1.3057728620752438,-0.09597046623581384,decrease
MFA_like_from_control_legacy,CONTROL_150nA.db::trial_2008,CONTROL|150|partial_mid|partial_mid|intermediate_or_mixed_temporal_recruitment|partial_mid,zth,0.75,zs,1.25,partial_mid,unchanged_partial,False,1.305778073164914,-0.09596525514614362,decrease
MFA_like_from_control_legacy,CONTROL_150nA.db::trial_2008,CONTROL|150|partial_mid|partial_mid|intermediate_or_mixed_temporal_recruitment|partial_mid,zth,1.0,zs,0.75,partial_mid,unchanged_partial,False,1.3057737709653876,-0.09596955734567003,decrease
MFA_like_from_control_legacy,CONTROL_150nA.db::trial_2008,CONTROL|150|partial_mid|partial_mid|intermediate_or_mixed_temporal_recruitment|partial_mid,zth,1.0,zs,1.0,partial_mid,unchanged_partial,False,1.3057821482129608,-0.09596118009809684,decrease
MFA_like_from_control_legacy,CONTROL_150nA.db::trial_2008,CONTROL|150|partial_mid|partial_mid|intermediate_or_mixed_temporal_recruitment|partial_mid,zth,1.0,zs,1.25,partial_mid,unchanged_partial,False,1.3057952842823393,-0.09594804402871837,decrease
MFA_like_from_control_legacy,CONTROL_150nA.db::trial_2008,CONTROL|150|partial_mid|partial_mid|intermediate_or_mixed_temporal_recruitment|partial_mid,zth,1.25,zs,0.75,partial_mid,unchanged_partial,False,1.3057805828121967,-0.09596274549886097,decrease
MFA_like_from_control_legacy,CONTROL_150nA.db::trial_2008,CONTROL|150|partial_mid|partial_mid|intermediate_or_mixed_temporal_recruitment|partial_mid,zth,1.25,zs,1.0,partial_mid,unchanged_partial,False,1.3057967604049665,-0.09594656790609113,decrease
MFA_like_from_control_legacy,CONTROL_150nA.db::trial_2008,CONTROL|150|partial_mid|partial_mid|intermediate_or_mixed_temporal_recruitment|partial_mid,zth,1.25,zs,1.25,partial_mid,unchanged_partial,False,1.3058182649653785,-0.09592506334567918,decrease
MFA_BA_stacked_on_control_legacy,CONTROL_150nA.db::trial_2008,CONTROL|150|partial_mid|partial_mid|intermediate_or_mixed_temporal_recruitment|partial_mid,gki,0.75,P_gap_eff,0.75,partial_mid,unchanged_partial,False,1.3148255796765762,-0.08691774863448143,decrease
MFA_BA_stacked_on_control_legacy,CONTROL_150nA.db::trial_2008,CONTROL|150|partial_mid|partial_mid|intermediate_or_mixed_temporal_recruitment|partial_mid,gki,0.75,P_gap_eff,1.0,partial_mid,unchanged_partial,False,1.3056436553562536,-0.09609967295480404,decrease
MFA_BA_stacked_on_control_legacy,CONTROL_150nA.db::trial_2008,CONTROL|150|partial_mid|partial_mid|intermediate_or_mixed_temporal_recruitment|partial_mid,gki,0.75,P_gap_eff,1.25,partial_mid,unchanged_partial,False,1.2963788166756791,-0.10536451163537852,decrease
MFA_BA_stacked_on_control_legacy,CONTROL_150nA.db::trial_2008,CONTROL|150|partial_mid|partial_mid|intermediate_or_mixed_temporal_recruitment|partial_mid,gki,1.0,P_gap_eff,0.75,partial_mid,unchanged_partial,False,1.3149653683226745,-0.08677795998838311,decrease
MFA_BA_stacked_on_control_legacy,CONTROL_150nA.db::trial_2008,CONTROL|150|partial_mid|partial_mid|intermediate_or_mixed_temporal_recruitment|partial_mid,gki,1.0,P_gap_eff,1.0,partial_mid,unchanged_partial,False,1.3057821482129608,-0.09596118009809684,decrease
MFA_BA_stacked_on_control_legacy,CONTROL_150nA.db::trial_2008,CONTROL|150|partial_mid|partial_mid|intermediate_or_mixed_temporal_recruitment|partial_mid,gki,1.0,P_gap_eff,1.25,partial_mid,unchanged_partial,False,1.2965022812768932,-0.10524104703416448,decrease
MFA_BA_stacked_on_control_legacy,CONTROL_150nA.db::trial_2008,CONTROL|150|partial_mid|partial_mid|intermediate_or_mixed_temporal_recruitment|partial_mid,gki,1.25,P_gap_eff,0.75,partial_mid,unchanged_partial,False,1.3150509127694312,-0.08669241554162643,decrease
MFA_BA_stacked_on_control_legacy,CONTROL_150nA.db::trial_2008,CONTROL|150|partial_mid|partial_mid|intermediate_or_mixed_temporal_recruitment|partial_mid,gki,1.25,P_gap_eff,1.0,partial_mid,unchanged_partial,False,1.3058655189717947,-0.09587780933926293,decrease
MFA_BA_stacked_on_control_legacy,CONTROL_150nA.db::trial_2008,CONTROL|150|partial_mid|partial_mid|intermediate_or_mixed_temporal_recruitment|partial_mid,gki,1.25,P_gap_eff,1.25,partial_mid,unchanged_partial,False,1.2965766376506258,-0.10516669066043183,decrease
MFA_like_from_control_legacy,CONTROL_175nA.db::trial_1537,CONTROL|175|closed_low|closed_low|fully_closed_at_sim_end|closed_low,P_gap_eff,0.75,gamma_s_eff,0.75,closed_low,unchanged_closed,False,0.8996649368279273,-0.49466862898413444,decrease
MFA_like_from_control_legacy,CONTROL_175nA.db::trial_1537,CONTROL|175|closed_low|closed_low|fully_closed_at_sim_end|closed_low,P_gap_eff,0.75,gamma_s_eff,1.0,closed_low,unchanged_closed,False,0.8996649368279273,-0.49466862898413444,decrease
MFA_like_from_control_legacy,CONTROL_175nA.db::trial_1537,CONTROL|175|closed_low|closed_low|fully_closed_at_sim_end|closed_low,P_gap_eff,0.75,gamma_s_eff,1.25,closed_low,unchanged_closed,False,0.8996649368279273,-0.49466862898413444,decrease
MFA_like_from_control_legacy,CONTROL_175nA.db::trial_1537,CONTROL|175|closed_low|closed_low|fully_closed_at_sim_end|closed_low,P_gap_eff,1.0,gamma_s_eff,0.75,closed_low,unchanged_closed,False,0.8991585307628088,-0.49517503504925287,decrease
MFA_like_from_control_legacy,CONTROL_175nA.db::trial_1537,CONTROL|175|closed_low|closed_low|fully_closed_at_sim_end|closed_low,P_gap_eff,1.0,gamma_s_eff,1.0,closed_low,unchanged_closed,False,0.8991585307628088,-0.49517503504925287,decrease
MFA_like_from_control_legacy,CONTROL_175nA.db::trial_1537,CONTROL|175|closed_low|closed_low|fully_closed_at_sim_end|closed_low,P_gap_eff,1.0,gamma_s_eff,1.25,closed_low,unchanged_closed,False,0.8991585307628088,-0.49517503504925287,decrease
MFA_like_from_control_legacy,CONTROL_175nA.db::trial_1537,CONTROL|175|closed_low|closed_low|fully_closed_at_sim_end|closed_low,P_gap_eff,1.25,gamma_s_eff,0.75,closed_low,unchanged_closed,False,0.8986463585988321,-0.49568720721322956,decrease
MFA_like_from_control_legacy,CONTROL_175nA.db::trial_1537,CONTROL|175|closed_low|closed_low|fully_closed_at_sim_end|closed_low,P_gap_eff,1.25,gamma_s_eff,1.0,closed_low,unchanged_closed,False,0.8986463585988321,-0.49568720721322956,decrease
MFA_like_from_control_legacy,CONTROL_175nA.db::trial_1537,CONTROL|175|closed_low|closed_low|fully_closed_at_sim_end|closed_low,P_gap_eff,1.25,gamma_s_eff,1.25,closed_low,unchanged_closed,False,0.8986463585988321,-0.49568720721322956,decrease
MFA_like_from_control_legacy,CONTROL_175nA.db::trial_1537,CONTROL|175|closed_low|closed_low|fully_closed_at_sim_end|closed_low,P_gap_eff,0.75,zth,0.75,closed_low,unchanged_closed,False,0.8996649368279273,-0.49466862898413444,decrease
MFA_like_from_control_legacy,CONTROL_175nA.db::trial_1537,CONTROL|175|closed_low|closed_low|fully_closed_at_sim_end|closed_low,P_gap_eff,0.75,zth,1.0,closed_low,unchanged_closed,False,0.8996649368279273,-0.49466862898413444,decrease
MFA_like_from_control_legacy,CONTROL_175nA.db::trial_1537,CONTROL|175|closed_low|closed_low|fully_closed_at_sim_end|closed_low,P_gap_eff,0.75,zth,1.25,closed_low,unchanged_closed,False,0.8996649368279273,-0.49466862898413444,decrease
MFA_like_from_control_legacy,CONTROL_175nA.db::trial_1537,CONTROL|175|closed_low|closed_low|fully_closed_at_sim_end|closed_low,P_gap_eff,1.0,zth,0.75,closed_low,unchanged_closed,False,0.8991585307628088,-0.49517503504925287,decrease
MFA_like_from_control_legacy,CONTROL_175nA.db::trial_1537,CONTROL|175|closed_low|closed_low|fully_closed_at_sim_end|closed_low,P_gap_eff,1.0,zth,1.0,closed_low,unchanged_closed,False,0.8991585307628088,-0.49517503504925287,decrease
MFA_like_from_control_legacy,CONTROL_175nA.db::trial_1537,CONTROL|175|closed_low|closed_low|fully_closed_at_sim_end|closed_low,P_gap_eff,1.0,zth,1.25,closed_low,unchanged_closed,False,0.8991585307628088,-0.49517503504925287,decrease
MFA_like_from_control_legacy,CONTROL_175nA.db::trial_1537,CONTROL|175|closed_low|closed_low|fully_closed_at_sim_end|closed_low,P_gap_eff,1.25,zth,0.75,closed_low,unchanged_closed,False,0.8986463585988321,-0.49568720721322956,decrease
MFA_like_from_control_legacy,CONTROL_175nA.db::trial_1537,CONTROL|175|closed_low|closed_low|fully_closed_at_sim_end|closed_low,P_gap_eff,1.25,zth,1.0,closed_low,unchanged_closed,False,0.8986463585988321,-0.49568720721322956,decrease
MFA_like_from_control_legacy,CONTROL_175nA.db::trial_1537,CONTROL|175|closed_low|closed_low|fully_closed_at_sim_end|closed_low,P_gap_eff,1.25,zth,1.25,closed_low,unchanged_closed,False,0.8986463585988321,-0.49568720721322956,decrease
MFA_like_from_control_legacy,CONTROL_175nA.db::trial_1537,CONTROL|175|closed_low|closed_low|fully_closed_at_sim_end|closed_low,gamma_s_eff,0.75,zth,0.75,closed_low,unchanged_closed,False,0.8991585307628088,-0.49517503504925287,decrease
MFA_like_from_control_legacy,CONTROL_175nA.db::trial_1537,CONTROL|175|closed_low|closed_low|fully_closed_at_sim_end|closed_low,gamma_s_eff,0.75,zth,1.0,closed_low,unchanged_closed,False,0.8991585307628088,-0.49517503504925287,decrease
MFA_like_from_control_legacy,CONTROL_175nA.db::trial_1537,CONTROL|175|closed_low|closed_low|fully_closed_at_sim_end|closed_low,gamma_s_eff,0.75,zth,1.25,closed_low,unchanged_closed,False,0.8991585307628088,-0.49517503504925287,decrease
MFA_like_from_control_legacy,CONTROL_175nA.db::trial_1537,CONTROL|175|closed_low|closed_low|fully_closed_at_sim_end|closed_low,gamma_s_eff,1.0,zth,0.75,closed_low,unchanged_closed,False,0.8991585307628088,-0.49517503504925287,decrease
MFA_like_from_control_legacy,CONTROL_175nA.db::trial_1537,CONTROL|175|closed_low|closed_low|fully_closed_at_sim_end|closed_low,gamma_s_eff,1.0,zth,1.0,closed_low,unchanged_closed,False,0.8991585307628088,-0.49517503504925287,decrease
MFA_like_from_control_legacy,CONTROL_175nA.db::trial_1537,CONTROL|175|closed_low|closed_low|fully_closed_at_sim_end|closed_low,gamma_s_eff,1.0,zth,1.25,closed_low,unchanged_closed,False,0.8991585307628088,-0.49517503504925287,decrease
MFA_like_from_control_legacy,CONTROL_175nA.db::trial_1537,CONTROL|175|closed_low|closed_low|fully_closed_at_sim_end|closed_low,gamma_s_eff,1.25,zth,0.75,closed_low,unchanged_closed,False,0.8991585307628088,-0.49517503504925287,decrease
MFA_like_from_control_legacy,CONTROL_175nA.db::trial_1537,CONTROL|175|closed_low|closed_low|fully_closed_at_sim_end|closed_low,gamma_s_eff,1.25,zth,1.0,closed_low,unchanged_closed,False,0.8991585307628088,-0.49517503504925287,decrease
MFA_like_from_control_legacy,CONTROL_175nA.db::trial_1537,CONTROL|175|closed_low|closed_low|fully_closed_at_sim_end|closed_low,gamma_s_eff,1.25,zth,1.25,closed_low,unchanged_closed,False,0.8991585307628088,-0.49517503504925287,decrease
MFA_like_from_control_legacy,CONTROL_175nA.db::trial_1537,CONTROL|175|closed_low|closed_low|fully_closed_at_sim_end|closed_low,zth,0.75,zs,0.75,closed_low,unchanged_closed,False,0.8991585307628088,-0.49517503504925287,decrease
MFA_like_from_control_legacy,CONTROL_175nA.db::trial_1537,CONTROL|175|closed_low|closed_low|fully_closed_at_sim_end|closed_low,zth,0.75,zs,1.0,closed_low,unchanged_closed,False,0.8991585307628088,-0.49517503504925287,decrease
MFA_like_from_control_legacy,CONTROL_175nA.db::trial_1537,CONTROL|175|closed_low|closed_low|fully_closed_at_sim_end|closed_low,zth,0.75,zs,1.25,closed_low,unchanged_closed,False,0.8991585307628088,-0.49517503504925287,decrease
MFA_like_from_control_legacy,CONTROL_175nA.db::trial_1537,CONTROL|175|closed_low|closed_low|fully_closed_at_sim_end|closed_low,zth,1.0,zs,0.75,closed_low,unchanged_closed,False,0.8991585307628088,-0.49517503504925287,decrease
MFA_like_from_control_legacy,CONTROL_175nA.db::trial_1537,CONTROL|175|closed_low|closed_low|fully_closed_at_sim_end|closed_low,zth,1.0,zs,1.0,closed_low,unchanged_closed,False,0.8991585307628088,-0.49517503504925287,decrease
MFA_like_from_control_legacy,CONTROL_175nA.db::trial_1537,CONTROL|175|closed_low|closed_low|fully_closed_at_sim_end|closed_low,zth,1.0,zs,1.25,closed_low,unchanged_closed,False,0.8991585307628088,-0.49517503504925287,decrease
MFA_like_from_control_legacy,CONTROL_175nA.db::trial_1537,CONTROL|175|closed_low|closed_low|fully_closed_at_sim_end|closed_low,zth,1.25,zs,0.75,closed_low,unchanged_closed,False,0.8991585307628088,-0.49517503504925287,decrease
MFA_like_from_control_legacy,CONTROL_175nA.db::trial_1537,CONTROL|175|closed_low|closed_low|fully_closed_at_sim_end|closed_low,zth,1.25,zs,1.0,closed_low,unchanged_closed,False,0.8991585307628088,-0.49517503504925287,decrease
MFA_like_from_control_legacy,CONTROL_175nA.db::trial_1537,CONTROL|175|closed_low|closed_low|fully_closed_at_sim_end|closed_low,zth,1.25,zs,1.25,closed_low,unchanged_closed,False,0.8991585307628088,-0.49517503504925287,decrease
MFA_BA_stacked_on_control_legacy,CONTROL_175nA.db::trial_1537,CONTROL|175|closed_low|closed_low|fully_closed_at_sim_end|closed_low,gki,0.75,P_gap_eff,0.75,closed_low,unchanged_closed,False,0.8999039584621679,-0.49442960734989383,decrease
MFA_BA_stacked_on_control_legacy,CONTROL_175nA.db::trial_1537,CONTROL|175|closed_low|closed_low|fully_closed_at_sim_end|closed_low,gki,0.75,P_gap_eff,1.0,closed_low,unchanged_closed,False,0.899393962235745,-0.4949396035763167,decrease
MFA_BA_stacked_on_control_legacy,CONTROL_175nA.db::trial_1537,CONTROL|175|closed_low|closed_low|fully_closed_at_sim_end|closed_low,gki,0.75,P_gap_eff,1.25,closed_low,unchanged_closed,False,0.8988782071359762,-0.4954553586760855,decrease
MFA_BA_stacked_on_control_legacy,CONTROL_175nA.db::trial_1537,CONTROL|175|closed_low|closed_low|fully_closed_at_sim_end|closed_low,gki,1.0,P_gap_eff,0.75,closed_low,unchanged_closed,False,0.8996649368279273,-0.49466862898413444,decrease
MFA_BA_stacked_on_control_legacy,CONTROL_175nA.db::trial_1537,CONTROL|175|closed_low|closed_low|fully_closed_at_sim_end|closed_low,gki,1.0,P_gap_eff,1.0,closed_low,unchanged_closed,False,0.8991585307628088,-0.49517503504925287,decrease
MFA_BA_stacked_on_control_legacy,CONTROL_175nA.db::trial_1537,CONTROL|175|closed_low|closed_low|fully_closed_at_sim_end|closed_low,gki,1.0,P_gap_eff,1.25,closed_low,unchanged_closed,False,0.8986463585988321,-0.49568720721322956,decrease
MFA_BA_stacked_on_control_legacy,CONTROL_175nA.db::trial_1537,CONTROL|175|closed_low|closed_low|fully_closed_at_sim_end|closed_low,gki,1.25,P_gap_eff,0.75,closed_low,unchanged_closed,False,0.8995246959273174,-0.49480886988474426,decrease
MFA_BA_stacked_on_control_legacy,CONTROL_175nA.db::trial_1537,CONTROL|175|closed_low|closed_low|fully_closed_at_sim_end|closed_low,gki,1.25,P_gap_eff,1.0,closed_low,unchanged_closed,False,0.8990203177299712,-0.49531324808209054,decrease
MFA_BA_stacked_on_control_legacy,CONTROL_175nA.db::trial_1537,CONTROL|175|closed_low|closed_low|fully_closed_at_sim_end|closed_low,gki,1.25,P_gap_eff,1.25,closed_low,unchanged_closed,False,0.8985102264830959,-0.49582333932896583,decrease
MFA_like_from_control_legacy,CONTROL_175nA.db::trial_1669,CONTROL|175|closed_low|closed_low|fully_closed_at_sim_end|closed_low,P_gap_eff,0.75,gamma_s_eff,0.75,closed_low,unchanged_closed,False,0.9093609701468992,-0.4877038085968848,decrease
MFA_like_from_control_legacy,CONTROL_175nA.db::trial_1669,CONTROL|175|closed_low|closed_low|fully_closed_at_sim_end|closed_low,P_gap_eff,0.75,gamma_s_eff,1.0,closed_low,unchanged_closed,False,0.9093609701468992,-0.4877038085968848,decrease
MFA_like_from_control_legacy,CONTROL_175nA.db::trial_1669,CONTROL|175|closed_low|closed_low|fully_closed_at_sim_end|closed_low,P_gap_eff,0.75,gamma_s_eff,1.25,closed_low,unchanged_closed,False,0.9093609701468992,-0.4877038085968848,decrease
MFA_like_from_control_legacy,CONTROL_175nA.db::trial_1669,CONTROL|175|closed_low|closed_low|fully_closed_at_sim_end|closed_low,P_gap_eff,1.0,gamma_s_eff,0.75,closed_low,unchanged_closed,False,0.9088504927799388,-0.4882142859638452,decrease
MFA_like_from_control_legacy,CONTROL_175nA.db::trial_1669,CONTROL|175|closed_low|closed_low|fully_closed_at_sim_end|closed_low,P_gap_eff,1.0,gamma_s_eff,1.0,closed_low,unchanged_closed,False,0.9088504927799388,-0.4882142859638452,decrease
MFA_like_from_control_legacy,CONTROL_175nA.db::trial_1669,CONTROL|175|closed_low|closed_low|fully_closed_at_sim_end|closed_low,P_gap_eff,1.0,gamma_s_eff,1.25,closed_low,unchanged_closed,False,0.9088504927799388,-0.4882142859638452,decrease
MFA_like_from_control_legacy,CONTROL_175nA.db::trial_1669,CONTROL|175|closed_low|closed_low|fully_closed_at_sim_end|closed_low,P_gap_eff,1.25,gamma_s_eff,0.75,closed_low,unchanged_closed,False,0.9083368489938719,-0.4887279297499121,decrease
MFA_like_from_control_legacy,CONTROL_175nA.db::trial_1669,CONTROL|175|closed_low|closed_low|fully_closed_at_sim_end|closed_low,P_gap_eff,1.25,gamma_s_eff,1.0,closed_low,unchanged_closed,False,0.9083368489938719,-0.4887279297499121,decrease
MFA_like_from_control_legacy,CONTROL_175nA.db::trial_1669,CONTROL|175|closed_low|closed_low|fully_closed_at_sim_end|closed_low,P_gap_eff,1.25,gamma_s_eff,1.25,closed_low,unchanged_closed,False,0.9083368489938719,-0.4887279297499121,decrease
MFA_like_from_control_legacy,CONTROL_175nA.db::trial_1669,CONTROL|175|closed_low|closed_low|fully_closed_at_sim_end|closed_low,P_gap_eff,0.75,zth,0.75,closed_low,unchanged_closed,False,0.9093609701468992,-0.4877038085968848,decrease
MFA_like_from_control_legacy,CONTROL_175nA.db::trial_1669,CONTROL|175|closed_low|closed_low|fully_closed_at_sim_end|closed_low,P_gap_eff,0.75,zth,1.0,closed_low,unchanged_closed,False,0.9093609701468992,-0.4877038085968848,decrease
MFA_like_from_control_legacy,CONTROL_175nA.db::trial_1669,CONTROL|175|closed_low|closed_low|fully_closed_at_sim_end|closed_low,P_gap_eff,0.75,zth,1.25,closed_low,unchanged_closed,False,0.9093609701468992,-0.4877038085968848,decrease
MFA_like_from_control_legacy,CONTROL_175nA.db::trial_1669,CONTROL|175|closed_low|closed_low|fully_closed_at_sim_end|closed_low,P_gap_eff,1.0,zth,0.75,closed_low,unchanged_closed,False,0.9088504927799388,-0.4882142859638452,decrease
MFA_like_from_control_legacy,CONTROL_175nA.db::trial_1669,CONTROL|175|closed_low|closed_low|fully_closed_at_sim_end|closed_low,P_gap_eff,1.0,zth,1.0,closed_low,unchanged_closed,False,0.9088504927799388,-0.4882142859638452,decrease
MFA_like_from_control_legacy,CONTROL_175nA.db::trial_1669,CONTROL|175|closed_low|closed_low|fully_closed_at_sim_end|closed_low,P_gap_eff,1.0,zth,1.25,closed_low,unchanged_closed,False,0.9088504927799388,-0.4882142859638452,decrease
MFA_like_from_control_legacy,CONTROL_175nA.db::trial_1669,CONTROL|175|closed_low|closed_low|fully_closed_at_sim_end|closed_low,P_gap_eff,1.25,zth,0.75,closed_low,unchanged_closed,False,0.9083368489938719,-0.4887279297499121,decrease
MFA_like_from_control_legacy,CONTROL_175nA.db::trial_1669,CONTROL|175|closed_low|closed_low|fully_closed_at_sim_end|closed_low,P_gap_eff,1.25,zth,1.0,closed_low,unchanged_closed,False,0.9083368489938719,-0.4887279297499121,decrease
MFA_like_from_control_legacy,CONTROL_175nA.db::trial_1669,CONTROL|175|closed_low|closed_low|fully_closed_at_sim_end|closed_low,P_gap_eff,1.25,zth,1.25,closed_low,unchanged_closed,False,0.9083368489938719,-0.4887279297499121,decrease
MFA_like_from_control_legacy,CONTROL_175nA.db::trial_1669,CONTROL|175|closed_low|closed_low|fully_closed_at_sim_end|closed_low,gamma_s_eff,0.75,zth,0.75,closed_low,unchanged_closed,False,0.9088504927799388,-0.4882142859638452,decrease
MFA_like_from_control_legacy,CONTROL_175nA.db::trial_1669,CONTROL|175|closed_low|closed_low|fully_closed_at_sim_end|closed_low,gamma_s_eff,0.75,zth,1.0,closed_low,unchanged_closed,False,0.9088504927799388,-0.4882142859638452,decrease
MFA_like_from_control_legacy,CONTROL_175nA.db::trial_1669,CONTROL|175|closed_low|closed_low|fully_closed_at_sim_end|closed_low,gamma_s_eff,0.75,zth,1.25,closed_low,unchanged_closed,False,0.9088504927799388,-0.4882142859638452,decrease
MFA_like_from_control_legacy,CONTROL_175nA.db::trial_1669,CONTROL|175|closed_low|closed_low|fully_closed_at_sim_end|closed_low,gamma_s_eff,1.0,zth,0.75,closed_low,unchanged_closed,False,0.9088504927799388,-0.4882142859638452,decrease
MFA_like_from_control_legacy,CONTROL_175nA.db::trial_1669,CONTROL|175|closed_low|closed_low|fully_closed_at_sim_end|closed_low,gamma_s_eff,1.0,zth,1.0,closed_low,unchanged_closed,False,0.9088504927799388,-0.4882142859638452,decrease
MFA_like_from_control_legacy,CONTROL_175nA.db::trial_1669,CONTROL|175|closed_low|closed_low|fully_closed_at_sim_end|closed_low,gamma_s_eff,1.0,zth,1.25,closed_low,unchanged_closed,False,0.9088504927799388,-0.4882142859638452,decrease
MFA_like_from_control_legacy,CONTROL_175nA.db::trial_1669,CONTROL|175|closed_low|closed_low|fully_closed_at_sim_end|closed_low,gamma_s_eff,1.25,zth,0.75,closed_low,unchanged_closed,False,0.9088504927799388,-0.4882142859638452,decrease
MFA_like_from_control_legacy,CONTROL_175nA.db::trial_1669,CONTROL|175|closed_low|closed_low|fully_closed_at_sim_end|closed_low,gamma_s_eff,1.25,zth,1.0,closed_low,unchanged_closed,False,0.9088504927799388,-0.4882142859638452,decrease
MFA_like_from_control_legacy,CONTROL_175nA.db::trial_1669,CONTROL|175|closed_low|closed_low|fully_closed_at_sim_end|closed_low,gamma_s_eff,1.25,zth,1.25,closed_low,unchanged_closed,False,0.9088504927799388,-0.4882142859638452,decrease
MFA_like_from_control_legacy,CONTROL_175nA.db::trial_1669,CONTROL|175|closed_low|closed_low|fully_closed_at_sim_end|closed_low,zth,0.75,zs,0.75,closed_low,unchanged_closed,False,0.9088504927799388,-0.4882142859638452,decrease
MFA_like_from_control_legacy,CONTROL_175nA.db::trial_1669,CONTROL|175|closed_low|closed_low|fully_closed_at_sim_end|closed_low,zth,0.75,zs,1.0,closed_low,unchanged_closed,False,0.9088504927799388,-0.4882142859638452,decrease
MFA_like_from_control_legacy,CONTROL_175nA.db::trial_1669,CONTROL|175|closed_low|closed_low|fully_closed_at_sim_end|closed_low,zth,0.75,zs,1.25,closed_low,unchanged_closed,False,0.9088504927799388,-0.4882142859638452,decrease
MFA_like_from_control_legacy,CONTROL_175nA.db::trial_1669,CONTROL|175|closed_low|closed_low|fully_closed_at_sim_end|closed_low,zth,1.0,zs,0.75,closed_low,unchanged_closed,False,0.9088504927799388,-0.4882142859638452,decrease
MFA_like_from_control_legacy,CONTROL_175nA.db::trial_1669,CONTROL|175|closed_low|closed_low|fully_closed_at_sim_end|closed_low,zth,1.0,zs,1.0,closed_low,unchanged_closed,False,0.9088504927799388,-0.4882142859638452,decrease
MFA_like_from_control_legacy,CONTROL_175nA.db::trial_1669,CONTROL|175|closed_low|closed_low|fully_closed_at_sim_end|closed_low,zth,1.0,zs,1.25,closed_low,unchanged_closed,False,0.9088504927799388,-0.4882142859638452,decrease
MFA_like_from_control_legacy,CONTROL_175nA.db::trial_1669,CONTROL|175|closed_low|closed_low|fully_closed_at_sim_end|closed_low,zth,1.25,zs,0.75,closed_low,unchanged_closed,False,0.9088504927799388,-0.4882142859638452,decrease
MFA_like_from_control_legacy,CONTROL_175nA.db::trial_1669,CONTROL|175|closed_low|closed_low|fully_closed_at_sim_end|closed_low,zth,1.25,zs,1.0,closed_low,unchanged_closed,False,0.9088504927799388,-0.4882142859638452,decrease
MFA_like_from_control_legacy,CONTROL_175nA.db::trial_1669,CONTROL|175|closed_low|closed_low|fully_closed_at_sim_end|closed_low,zth,1.25,zs,1.25,closed_low,unchanged_closed,False,0.9088504927799388,-0.4882142859638452,decrease
MFA_BA_stacked_on_control_legacy,CONTROL_175nA.db::trial_1669,CONTROL|175|closed_low|closed_low|fully_closed_at_sim_end|closed_low,gki,0.75,P_gap_eff,0.75,closed_low,unchanged_closed,False,0.9095458921042765,-0.4875188866395075,decrease
MFA_BA_stacked_on_control_legacy,CONTROL_175nA.db::trial_1669,CONTROL|175|closed_low|closed_low|fully_closed_at_sim_end|closed_low,gki,0.75,P_gap_eff,1.0,closed_low,unchanged_closed,False,0.9090326290540806,-0.48803214968970343,decrease
MFA_BA_stacked_on_control_legacy,CONTROL_175nA.db::trial_1669,CONTROL|175|closed_low|closed_low|fully_closed_at_sim_end|closed_low,gki,0.75,P_gap_eff,1.25,closed_low,unchanged_closed,False,0.9085160704422434,-0.4885487083015406,decrease
MFA_BA_stacked_on_control_legacy,CONTROL_175nA.db::trial_1669,CONTROL|175|closed_low|closed_low|fully_closed_at_sim_end|closed_low,gki,1.0,P_gap_eff,0.75,closed_low,unchanged_closed,False,0.9093609701468992,-0.4877038085968848,decrease
MFA_BA_stacked_on_control_legacy,CONTROL_175nA.db::trial_1669,CONTROL|175|closed_low|closed_low|fully_closed_at_sim_end|closed_low,gki,1.0,P_gap_eff,1.0,closed_low,unchanged_closed,False,0.9088504927799388,-0.4882142859638452,decrease
MFA_BA_stacked_on_control_legacy,CONTROL_175nA.db::trial_1669,CONTROL|175|closed_low|closed_low|fully_closed_at_sim_end|closed_low,gki,1.0,P_gap_eff,1.25,closed_low,unchanged_closed,False,0.9083368489938719,-0.4887279297499121,decrease
MFA_BA_stacked_on_control_legacy,CONTROL_175nA.db::trial_1669,CONTROL|175|closed_low|closed_low|fully_closed_at_sim_end|closed_low,gki,1.25,P_gap_eff,0.75,closed_low,unchanged_closed,False,0.9092521196426323,-0.4878126591011517,decrease
MFA_BA_stacked_on_control_legacy,CONTROL_175nA.db::trial_1669,CONTROL|175|closed_low|closed_low|fully_closed_at_sim_end|closed_low,gki,1.25,P_gap_eff,1.0,closed_low,unchanged_closed,False,0.9087431472327435,-0.48832163151104047,decrease
MFA_BA_stacked_on_control_legacy,CONTROL_175nA.db::trial_1669,CONTROL|175|closed_low|closed_low|fully_closed_at_sim_end|closed_low,gki,1.25,P_gap_eff,1.25,closed_low,unchanged_closed,False,0.9082308966496715,-0.4888338820941125,decrease
MFA_like_from_control_legacy,CONTROL_175nA.db::trial_1327,CONTROL|175|partial_mid|closed_low|delayed_ionic_recruitment_after_load|partial_mid,P_gap_eff,0.75,gamma_s_eff,0.75,closed_low,partial_to_closed,True,0.8748982993117527,-0.2779630881541353,decrease
MFA_like_from_control_legacy,CONTROL_175nA.db::trial_1327,CONTROL|175|partial_mid|closed_low|delayed_ionic_recruitment_after_load|partial_mid,P_gap_eff,0.75,gamma_s_eff,1.0,closed_low,partial_to_closed,True,0.8748982994537696,-0.27796308801211833,decrease
MFA_like_from_control_legacy,CONTROL_175nA.db::trial_1327,CONTROL|175|partial_mid|closed_low|delayed_ionic_recruitment_after_load|partial_mid,P_gap_eff,0.75,gamma_s_eff,1.25,closed_low,partial_to_closed,True,0.8748982996525814,-0.2779630878133066,decrease
MFA_like_from_control_legacy,CONTROL_175nA.db::trial_1327,CONTROL|175|partial_mid|closed_low|delayed_ionic_recruitment_after_load|partial_mid,P_gap_eff,1.0,gamma_s_eff,0.75,closed_low,partial_to_closed,True,0.8747720910182846,-0.2780892964476034,decrease
MFA_like_from_control_legacy,CONTROL_175nA.db::trial_1327,CONTROL|175|partial_mid|closed_low|delayed_ionic_recruitment_after_load|partial_mid,P_gap_eff,1.0,gamma_s_eff,1.0,closed_low,partial_to_closed,True,0.8747720904476879,-0.27808929701820007,decrease
MFA_like_from_control_legacy,CONTROL_175nA.db::trial_1327,CONTROL|175|partial_mid|closed_low|delayed_ionic_recruitment_after_load|partial_mid,P_gap_eff,1.0,gamma_s_eff,1.25,closed_low,partial_to_closed,True,0.8747720916266204,-0.27808929583926756,decrease
MFA_like_from_control_legacy,CONTROL_175nA.db::trial_1327,CONTROL|175|partial_mid|closed_low|delayed_ionic_recruitment_after_load|partial_mid,P_gap_eff,1.25,gamma_s_eff,0.75,closed_low,partial_to_closed,True,0.8746380532913679,-0.27822333417452005,decrease
MFA_like_from_control_legacy,CONTROL_175nA.db::trial_1327,CONTROL|175|partial_mid|closed_low|delayed_ionic_recruitment_after_load|partial_mid,P_gap_eff,1.25,gamma_s_eff,1.0,closed_low,partial_to_closed,True,0.8746380532131619,-0.27822333425272605,decrease
MFA_like_from_control_legacy,CONTROL_175nA.db::trial_1327,CONTROL|175|partial_mid|closed_low|delayed_ionic_recruitment_after_load|partial_mid,P_gap_eff,1.25,gamma_s_eff,1.25,closed_low,partial_to_closed,True,0.874638053931039,-0.27822333353484896,decrease
MFA_like_from_control_legacy,CONTROL_175nA.db::trial_1327,CONTROL|175|partial_mid|closed_low|delayed_ionic_recruitment_after_load|partial_mid,P_gap_eff,0.75,zth,0.75,closed_low,partial_to_closed,True,0.874898338973692,-0.277963048492196,decrease
MFA_like_from_control_legacy,CONTROL_175nA.db::trial_1327,CONTROL|175|partial_mid|closed_low|delayed_ionic_recruitment_after_load|partial_mid,P_gap_eff,0.75,zth,1.0,closed_low,partial_to_closed,True,0.8748982994537696,-0.27796308801211833,decrease
MFA_like_from_control_legacy,CONTROL_175nA.db::trial_1327,CONTROL|175|partial_mid|closed_low|delayed_ionic_recruitment_after_load|partial_mid,P_gap_eff,0.75,zth,1.25,closed_low,partial_to_closed,True,0.8748983024145741,-0.27796308505131384,decrease
MFA_like_from_control_legacy,CONTROL_175nA.db::trial_1327,CONTROL|175|partial_mid|closed_low|delayed_ionic_recruitment_after_load|partial_mid,P_gap_eff,1.0,zth,0.75,closed_low,partial_to_closed,True,0.8747720463173976,-0.2780893411484904,decrease
MFA_like_from_control_legacy,CONTROL_175nA.db::trial_1327,CONTROL|175|partial_mid|closed_low|delayed_ionic_recruitment_after_load|partial_mid,P_gap_eff,1.0,zth,1.0,closed_low,partial_to_closed,True,0.8747720904476879,-0.27808929701820007,decrease
MFA_like_from_control_legacy,CONTROL_175nA.db::trial_1327,CONTROL|175|partial_mid|closed_low|delayed_ionic_recruitment_after_load|partial_mid,P_gap_eff,1.0,zth,1.25,closed_low,partial_to_closed,True,0.8747720902227649,-0.27808929724312303,decrease
MFA_like_from_control_legacy,CONTROL_175nA.db::trial_1327,CONTROL|175|partial_mid|closed_low|delayed_ionic_recruitment_after_load|partial_mid,P_gap_eff,1.25,zth,0.75,closed_low,partial_to_closed,True,0.874637287965419,-0.278224099500469,decrease
MFA_like_from_control_legacy,CONTROL_175nA.db::trial_1327,CONTROL|175|partial_mid|closed_low|delayed_ionic_recruitment_after_load|partial_mid,P_gap_eff,1.25,zth,1.0,closed_low,partial_to_closed,True,0.8746380532131619,-0.27822333425272605,decrease
MFA_like_from_control_legacy,CONTROL_175nA.db::trial_1327,CONTROL|175|partial_mid|closed_low|delayed_ionic_recruitment_after_load|partial_mid,P_gap_eff,1.25,zth,1.25,closed_low,partial_to_closed,True,0.8746380538113958,-0.27822333365449214,decrease
MFA_like_from_control_legacy,CONTROL_175nA.db::trial_1327,CONTROL|175|partial_mid|closed_low|delayed_ionic_recruitment_after_load|partial_mid,gamma_s_eff,0.75,zth,0.75,closed_low,partial_to_closed,True,0.8747720415143624,-0.27808934595152557,decrease
MFA_like_from_control_legacy,CONTROL_175nA.db::trial_1327,CONTROL|175|partial_mid|closed_low|delayed_ionic_recruitment_after_load|partial_mid,gamma_s_eff,0.75,zth,1.0,closed_low,partial_to_closed,True,0.8747720910182846,-0.2780892964476034,decrease
MFA_like_from_control_legacy,CONTROL_175nA.db::trial_1327,CONTROL|175|partial_mid|closed_low|delayed_ionic_recruitment_after_load|partial_mid,gamma_s_eff,0.75,zth,1.25,closed_low,partial_to_closed,True,0.874772091897654,-0.2780892955682339,decrease
MFA_like_from_control_legacy,CONTROL_175nA.db::trial_1327,CONTROL|175|partial_mid|closed_low|delayed_ionic_recruitment_after_load|partial_mid,gamma_s_eff,1.0,zth,0.75,closed_low,partial_to_closed,True,0.8747720463173976,-0.2780893411484904,decrease
MFA_like_from_control_legacy,CONTROL_175nA.db::trial_1327,CONTROL|175|partial_mid|closed_low|delayed_ionic_recruitment_after_load|partial_mid,gamma_s_eff,1.0,zth,1.0,closed_low,partial_to_closed,True,0.8747720904476879,-0.27808929701820007,decrease
MFA_like_from_control_legacy,CONTROL_175nA.db::trial_1327,CONTROL|175|partial_mid|closed_low|delayed_ionic_recruitment_after_load|partial_mid,gamma_s_eff,1.0,zth,1.25,closed_low,partial_to_closed,True,0.8747720902227649,-0.27808929724312303,decrease
MFA_like_from_control_legacy,CONTROL_175nA.db::trial_1327,CONTROL|175|partial_mid|closed_low|delayed_ionic_recruitment_after_load|partial_mid,gamma_s_eff,1.25,zth,0.75,closed_low,partial_to_closed,True,0.8747720528947264,-0.2780893345711616,decrease
MFA_like_from_control_legacy,CONTROL_175nA.db::trial_1327,CONTROL|175|partial_mid|closed_low|delayed_ionic_recruitment_after_load|partial_mid,gamma_s_eff,1.25,zth,1.0,closed_low,partial_to_closed,True,0.8747720916266204,-0.27808929583926756,decrease
MFA_like_from_control_legacy,CONTROL_175nA.db::trial_1327,CONTROL|175|partial_mid|closed_low|delayed_ionic_recruitment_after_load|partial_mid,gamma_s_eff,1.25,zth,1.25,closed_low,partial_to_closed,True,0.8747720918713988,-0.27808929559448914,decrease
MFA_like_from_control_legacy,CONTROL_175nA.db::trial_1327,CONTROL|175|partial_mid|closed_low|delayed_ionic_recruitment_after_load|partial_mid,zth,0.75,zs,0.75,closed_low,partial_to_closed,True,0.8747722394999238,-0.2780891479659642,decrease
MFA_like_from_control_legacy,CONTROL_175nA.db::trial_1327,CONTROL|175|partial_mid|closed_low|delayed_ionic_recruitment_after_load|partial_mid,zth,0.75,zs,1.0,closed_low,partial_to_closed,True,0.8747720463173976,-0.2780893411484904,decrease
MFA_like_from_control_legacy,CONTROL_175nA.db::trial_1327,CONTROL|175|partial_mid|closed_low|delayed_ionic_recruitment_after_load|partial_mid,zth,0.75,zs,1.25,closed_low,partial_to_closed,True,0.8747720365770679,-0.27808935088882003,decrease
MFA_like_from_control_legacy,CONTROL_175nA.db::trial_1327,CONTROL|175|partial_mid|closed_low|delayed_ionic_recruitment_after_load|partial_mid,zth,1.0,zs,0.75,closed_low,partial_to_closed,True,0.874772036580945,-0.2780893508849429,decrease
MFA_like_from_control_legacy,CONTROL_175nA.db::trial_1327,CONTROL|175|partial_mid|closed_low|delayed_ionic_recruitment_after_load|partial_mid,zth,1.0,zs,1.0,closed_low,partial_to_closed,True,0.8747720904476879,-0.27808929701820007,decrease
MFA_like_from_control_legacy,CONTROL_175nA.db::trial_1327,CONTROL|175|partial_mid|closed_low|delayed_ionic_recruitment_after_load|partial_mid,zth,1.0,zs,1.25,closed_low,partial_to_closed,True,0.8747720917706545,-0.27808929569523344,decrease
MFA_like_from_control_legacy,CONTROL_175nA.db::trial_1327,CONTROL|175|partial_mid|closed_low|delayed_ionic_recruitment_after_load|partial_mid,zth,1.25,zs,0.75,closed_low,partial_to_closed,True,0.8747720377574953,-0.2780893497083926,decrease
MFA_like_from_control_legacy,CONTROL_175nA.db::trial_1327,CONTROL|175|partial_mid|closed_low|delayed_ionic_recruitment_after_load|partial_mid,zth,1.25,zs,1.0,closed_low,partial_to_closed,True,0.8747720902227649,-0.27808929724312303,decrease
MFA_like_from_control_legacy,CONTROL_175nA.db::trial_1327,CONTROL|175|partial_mid|closed_low|delayed_ionic_recruitment_after_load|partial_mid,zth,1.25,zs,1.25,closed_low,partial_to_closed,True,0.8747720919331261,-0.27808929553276185,decrease
MFA_BA_stacked_on_control_legacy,CONTROL_175nA.db::trial_1327,CONTROL|175|partial_mid|closed_low|delayed_ionic_recruitment_after_load|partial_mid,gki,0.75,P_gap_eff,0.75,closed_low,partial_to_closed,True,0.8750698506028489,-0.27779153686303903,decrease
MFA_BA_stacked_on_control_legacy,CONTROL_175nA.db::trial_1327,CONTROL|175|partial_mid|closed_low|delayed_ionic_recruitment_after_load|partial_mid,gki,0.75,P_gap_eff,1.0,closed_low,partial_to_closed,True,0.8749432772877511,-0.27791811017813683,decrease
MFA_BA_stacked_on_control_legacy,CONTROL_175nA.db::trial_1327,CONTROL|175|partial_mid|closed_low|delayed_ionic_recruitment_after_load|partial_mid,gki,0.75,P_gap_eff,1.25,closed_low,partial_to_closed,True,0.8748089511282017,-0.2780524363376863,decrease
MFA_BA_stacked_on_control_legacy,CONTROL_175nA.db::trial_1327,CONTROL|175|partial_mid|closed_low|delayed_ionic_recruitment_after_load|partial_mid,gki,1.0,P_gap_eff,0.75,closed_low,partial_to_closed,True,0.8748982994537696,-0.27796308801211833,decrease
MFA_BA_stacked_on_control_legacy,CONTROL_175nA.db::trial_1327,CONTROL|175|partial_mid|closed_low|delayed_ionic_recruitment_after_load|partial_mid,gki,1.0,P_gap_eff,1.0,closed_low,partial_to_closed,True,0.8747720904476879,-0.27808929701820007,decrease
MFA_BA_stacked_on_control_legacy,CONTROL_175nA.db::trial_1327,CONTROL|175|partial_mid|closed_low|delayed_ionic_recruitment_after_load|partial_mid,gki,1.0,P_gap_eff,1.25,closed_low,partial_to_closed,True,0.8746380532131619,-0.27822333425272605,decrease
MFA_BA_stacked_on_control_legacy,CONTROL_175nA.db::trial_1327,CONTROL|175|partial_mid|closed_low|delayed_ionic_recruitment_after_load|partial_mid,gki,1.25,P_gap_eff,0.75,closed_low,partial_to_closed,True,0.874798080226327,-0.27806330723956096,decrease
MFA_BA_stacked_on_control_legacy,CONTROL_175nA.db::trial_1327,CONTROL|175|partial_mid|closed_low|delayed_ionic_recruitment_after_load|partial_mid,gki,1.25,P_gap_eff,1.0,closed_low,partial_to_closed,True,0.8746719113260623,-0.2781894761398257,decrease
MFA_BA_stacked_on_control_legacy,CONTROL_175nA.db::trial_1327,CONTROL|175|partial_mid|closed_low|delayed_ionic_recruitment_after_load|partial_mid,gki,1.25,P_gap_eff,1.25,closed_low,partial_to_closed,True,0.8745382570890258,-0.2783231303768622,decrease
MFA_like_from_control_legacy,CONTROL_175nA.db::trial_293,CONTROL|175|open_high|open_high|early_sustained_open_recruitment|open_high,P_gap_eff,0.75,gamma_s_eff,0.75,open_high,unchanged_open,False,0.8943526634392546,-0.27338925486009635,decrease
MFA_like_from_control_legacy,CONTROL_175nA.db::trial_293,CONTROL|175|open_high|open_high|early_sustained_open_recruitment|open_high,P_gap_eff,0.75,gamma_s_eff,1.0,open_high,unchanged_open,False,0.8943684717415498,-0.27337344655780116,decrease
MFA_like_from_control_legacy,CONTROL_175nA.db::trial_293,CONTROL|175|open_high|open_high|early_sustained_open_recruitment|open_high,P_gap_eff,0.75,gamma_s_eff,1.25,open_high,unchanged_open,False,0.8943822351087792,-0.2733596831905717,decrease
MFA_like_from_control_legacy,CONTROL_175nA.db::trial_293,CONTROL|175|open_high|open_high|early_sustained_open_recruitment|open_high,P_gap_eff,1.0,gamma_s_eff,0.75,open_high,unchanged_open,False,0.8935923360694815,-0.2741495822298694,decrease
MFA_like_from_control_legacy,CONTROL_175nA.db::trial_293,CONTROL|175|open_high|open_high|early_sustained_open_recruitment|open_high,P_gap_eff,1.0,gamma_s_eff,1.0,open_high,unchanged_open,False,0.8935973495238441,-0.27414456877550686,decrease
MFA_like_from_control_legacy,CONTROL_175nA.db::trial_293,CONTROL|175|open_high|open_high|early_sustained_open_recruitment|open_high,P_gap_eff,1.0,gamma_s_eff,1.25,open_high,unchanged_open,False,0.8936027670060646,-0.27413915129328636,decrease
MFA_like_from_control_legacy,CONTROL_175nA.db::trial_293,CONTROL|175|open_high|open_high|early_sustained_open_recruitment|open_high,P_gap_eff,1.25,gamma_s_eff,0.75,open_high,unchanged_open,False,0.9065787594443021,-0.2611631588550488,decrease
MFA_like_from_control_legacy,CONTROL_175nA.db::trial_293,CONTROL|175|open_high|open_high|early_sustained_open_recruitment|open_high,P_gap_eff,1.25,gamma_s_eff,1.0,open_high,unchanged_open,False,0.9355121700721108,-0.23222974822724007,decrease
MFA_like_from_control_legacy,CONTROL_175nA.db::trial_293,CONTROL|175|open_high|open_high|early_sustained_open_recruitment|open_high,P_gap_eff,1.25,gamma_s_eff,1.25,open_high,unchanged_open,False,0.9216650748852946,-0.24607684341405633,decrease
MFA_like_from_control_legacy,CONTROL_175nA.db::trial_293,CONTROL|175|open_high|open_high|early_sustained_open_recruitment|open_high,P_gap_eff,0.75,zth,0.75,open_high,unchanged_open,False,0.8944786247230293,-0.2732632935763216,decrease
MFA_like_from_control_legacy,CONTROL_175nA.db::trial_293,CONTROL|175|open_high|open_high|early_sustained_open_recruitment|open_high,P_gap_eff,0.75,zth,1.0,open_high,unchanged_open,False,0.8943684717415498,-0.27337344655780116,decrease
MFA_like_from_control_legacy,CONTROL_175nA.db::trial_293,CONTROL|175|open_high|open_high|early_sustained_open_recruitment|open_high,P_gap_eff,0.75,zth,1.25,closed_low,open_to_closed,True,0.8944311296460633,-0.2733107886532876,decrease
MFA_like_from_control_legacy,CONTROL_175nA.db::trial_293,CONTROL|175|open_high|open_high|early_sustained_open_recruitment|open_high,P_gap_eff,1.0,zth,0.75,open_high,unchanged_open,False,0.8937278434026297,-0.27401407489672125,decrease
MFA_like_from_control_legacy,CONTROL_175nA.db::trial_293,CONTROL|175|open_high|open_high|early_sustained_open_recruitment|open_high,P_gap_eff,1.0,zth,1.0,open_high,unchanged_open,False,0.8935973495238441,-0.27414456877550686,decrease
MFA_like_from_control_legacy,CONTROL_175nA.db::trial_293,CONTROL|175|open_high|open_high|early_sustained_open_recruitment|open_high,P_gap_eff,1.0,zth,1.25,open_high,unchanged_open,False,0.8987203789208484,-0.2690215393785025,decrease
MFA_like_from_control_legacy,CONTROL_175nA.db::trial_293,CONTROL|175|open_high|open_high|early_sustained_open_recruitment|open_high,P_gap_eff,1.25,zth,0.75,open_high,unchanged_open,False,0.9300642651455858,-0.2376776531537651,decrease
MFA_like_from_control_legacy,CONTROL_175nA.db::trial_293,CONTROL|175|open_high|open_high|early_sustained_open_recruitment|open_high,P_gap_eff,1.25,zth,1.0,open_high,unchanged_open,False,0.9355121700721046,-0.2322297482272463,decrease
MFA_like_from_control_legacy,CONTROL_175nA.db::trial_293,CONTROL|175|open_high|open_high|early_sustained_open_recruitment|open_high,P_gap_eff,1.25,zth,1.25,open_high,unchanged_open,False,0.9430088705036521,-0.2247330477956988,decrease
MFA_like_from_control_legacy,CONTROL_175nA.db::trial_293,CONTROL|175|open_high|open_high|early_sustained_open_recruitment|open_high,gamma_s_eff,0.75,zth,0.75,open_high,unchanged_open,False,0.8937259304674005,-0.27401598783195047,decrease
MFA_like_from_control_legacy,CONTROL_175nA.db::trial_293,CONTROL|175|open_high|open_high|early_sustained_open_recruitment|open_high,gamma_s_eff,0.75,zth,1.0,open_high,unchanged_open,False,0.8935923360694815,-0.2741495822298694,decrease
MFA_like_from_control_legacy,CONTROL_175nA.db::trial_293,CONTROL|175|open_high|open_high|early_sustained_open_recruitment|open_high,gamma_s_eff,0.75,zth,1.25,open_high,unchanged_open,False,0.898378356929117,-0.2693635613702339,decrease
MFA_like_from_control_legacy,CONTROL_175nA.db::trial_293,CONTROL|175|open_high|open_high|early_sustained_open_recruitment|open_high,gamma_s_eff,1.0,zth,0.75,open_high,unchanged_open,False,0.8937278434026297,-0.27401407489672125,decrease
MFA_like_from_control_legacy,CONTROL_175nA.db::trial_293,CONTROL|175|open_high|open_high|early_sustained_open_recruitment|open_high,gamma_s_eff,1.0,zth,1.0,open_high,unchanged_open,False,0.8935973495238441,-0.27414456877550686,decrease
MFA_like_from_control_legacy,CONTROL_175nA.db::trial_293,CONTROL|175|open_high|open_high|early_sustained_open_recruitment|open_high,gamma_s_eff,1.0,zth,1.25,open_high,unchanged_open,False,0.8987203789208484,-0.2690215393785025,decrease
MFA_like_from_control_legacy,CONTROL_175nA.db::trial_293,CONTROL|175|open_high|open_high|early_sustained_open_recruitment|open_high,gamma_s_eff,1.25,zth,0.75,open_high,unchanged_open,False,0.9326785681015758,-0.23506335019777513,decrease
MFA_like_from_control_legacy,CONTROL_175nA.db::trial_293,CONTROL|175|open_high|open_high|early_sustained_open_recruitment|open_high,gamma_s_eff,1.25,zth,1.0,open_high,unchanged_open,False,0.8936027670060646,-0.27413915129328636,decrease
MFA_like_from_control_legacy,CONTROL_175nA.db::trial_293,CONTROL|175|open_high|open_high|early_sustained_open_recruitment|open_high,gamma_s_eff,1.25,zth,1.25,open_high,unchanged_open,False,0.9027708835047503,-0.2649710347946006,decrease
MFA_like_from_control_legacy,CONTROL_175nA.db::trial_293,CONTROL|175|open_high|open_high|early_sustained_open_recruitment|open_high,zth,0.75,zs,0.75,open_high,unchanged_open,False,0.893739076581545,-0.27400284171780587,decrease
MFA_like_from_control_legacy,CONTROL_175nA.db::trial_293,CONTROL|175|open_high|open_high|early_sustained_open_recruitment|open_high,zth,0.75,zs,1.0,open_high,unchanged_open,False,0.8937278434026297,-0.27401407489672125,decrease
MFA_like_from_control_legacy,CONTROL_175nA.db::trial_293,CONTROL|175|open_high|open_high|early_sustained_open_recruitment|open_high,zth,0.75,zs,1.25,open_high,unchanged_open,False,0.8972673070248142,-0.27047461127453676,decrease
MFA_like_from_control_legacy,CONTROL_175nA.db::trial_293,CONTROL|175|open_high|open_high|early_sustained_open_recruitment|open_high,zth,1.0,zs,0.75,open_high,unchanged_open,False,0.9059061402598038,-0.26183577803954716,decrease
MFA_like_from_control_legacy,CONTROL_175nA.db::trial_293,CONTROL|175|open_high|open_high|early_sustained_open_recruitment|open_high,zth,1.0,zs,1.0,open_high,unchanged_open,False,0.8935973495238441,-0.27414456877550686,decrease
MFA_like_from_control_legacy,CONTROL_175nA.db::trial_293,CONTROL|175|open_high|open_high|early_sustained_open_recruitment|open_high,zth,1.0,zs,1.25,open_high,unchanged_open,False,0.8935880523558284,-0.27415386594352253,decrease
MFA_like_from_control_legacy,CONTROL_175nA.db::trial_293,CONTROL|175|open_high|open_high|early_sustained_open_recruitment|open_high,zth,1.25,zs,0.75,open_high,unchanged_open,False,0.8934784894988991,-0.27426342880045185,decrease
MFA_like_from_control_legacy,CONTROL_175nA.db::trial_293,CONTROL|175|open_high|open_high|early_sustained_open_recruitment|open_high,zth,1.25,zs,1.0,open_high,unchanged_open,False,0.8987203789208491,-0.2690215393785018,decrease
MFA_like_from_control_legacy,CONTROL_175nA.db::trial_293,CONTROL|175|open_high|open_high|early_sustained_open_recruitment|open_high,zth,1.25,zs,1.25,open_high,unchanged_open,False,0.893448494800963,-0.2742934234983879,decrease
MFA_BA_stacked_on_control_legacy,CONTROL_175nA.db::trial_293,CONTROL|175|open_high|open_high|early_sustained_open_recruitment|open_high,gki,0.75,P_gap_eff,0.75,open_high,unchanged_open,False,0.8944214906126564,-0.2733204276866945,decrease
MFA_BA_stacked_on_control_legacy,CONTROL_175nA.db::trial_293,CONTROL|175|open_high|open_high|early_sustained_open_recruitment|open_high,gki,0.75,P_gap_eff,1.0,open_high,unchanged_open,False,0.8936488717924642,-0.2740930465068867,decrease
MFA_BA_stacked_on_control_legacy,CONTROL_175nA.db::trial_293,CONTROL|175|open_high|open_high|early_sustained_open_recruitment|open_high,gki,0.75,P_gap_eff,1.25,open_high,unchanged_open,False,0.8929100215394922,-0.27483189675985875,decrease
MFA_BA_stacked_on_control_legacy,CONTROL_175nA.db::trial_293,CONTROL|175|open_high|open_high|early_sustained_open_recruitment|open_high,gki,1.0,P_gap_eff,0.75,open_high,unchanged_open,False,0.8943684717415498,-0.27337344655780116,decrease
MFA_BA_stacked_on_control_legacy,CONTROL_175nA.db::trial_293,CONTROL|175|open_high|open_high|early_sustained_open_recruitment|open_high,gki,1.0,P_gap_eff,1.0,open_high,unchanged_open,False,0.8935973495238441,-0.27414456877550686,decrease
MFA_BA_stacked_on_control_legacy,CONTROL_175nA.db::trial_293,CONTROL|175|open_high|open_high|early_sustained_open_recruitment|open_high,gki,1.0,P_gap_eff,1.25,open_high,unchanged_open,False,0.9355121700721046,-0.2322297482272463,decrease
MFA_BA_stacked_on_control_legacy,CONTROL_175nA.db::trial_293,CONTROL|175|open_high|open_high|early_sustained_open_recruitment|open_high,gki,1.25,P_gap_eff,0.75,open_high,unchanged_open,False,0.9304653661493688,-0.2372765521499821,decrease
MFA_BA_stacked_on_control_legacy,CONTROL_175nA.db::trial_293,CONTROL|175|open_high|open_high|early_sustained_open_recruitment|open_high,gki,1.25,P_gap_eff,1.0,open_high,unchanged_open,False,0.9943473580222498,-0.1733945602771011,decrease
MFA_BA_stacked_on_control_legacy,CONTROL_175nA.db::trial_293,CONTROL|175|open_high|open_high|early_sustained_open_recruitment|open_high,gki,1.25,P_gap_eff,1.25,open_high,unchanged_open,False,1.169858601967829,0.0021166836684780588,increase
MFA_like_from_control_legacy,CONTROL_175nA.db::trial_234,CONTROL|175|open_high|open_high|early_sustained_open_recruitment|open_high,P_gap_eff,0.75,gamma_s_eff,0.75,open_high,unchanged_open,False,1.0714240586471375,-0.2512966073368983,decrease
MFA_like_from_control_legacy,CONTROL_175nA.db::trial_234,CONTROL|175|open_high|open_high|early_sustained_open_recruitment|open_high,P_gap_eff,0.75,gamma_s_eff,1.0,open_high,unchanged_open,False,1.1717387230978804,-0.1509819428861554,decrease
MFA_like_from_control_legacy,CONTROL_175nA.db::trial_234,CONTROL|175|open_high|open_high|early_sustained_open_recruitment|open_high,P_gap_eff,0.75,gamma_s_eff,1.25,open_high,unchanged_open,False,1.2500122190599023,-0.07270844692413347,decrease
MFA_like_from_control_legacy,CONTROL_175nA.db::trial_234,CONTROL|175|open_high|open_high|early_sustained_open_recruitment|open_high,P_gap_eff,1.0,gamma_s_eff,0.75,open_high,unchanged_open,False,1.3990339535805212,0.07631328759648537,increase
MFA_like_from_control_legacy,CONTROL_175nA.db::trial_234,CONTROL|175|open_high|open_high|early_sustained_open_recruitment|open_high,P_gap_eff,1.0,gamma_s_eff,1.0,open_high,unchanged_open,False,1.4442779442040947,0.1215572782200589,increase
MFA_like_from_control_legacy,CONTROL_175nA.db::trial_234,CONTROL|175|open_high|open_high|early_sustained_open_recruitment|open_high,P_gap_eff,1.0,gamma_s_eff,1.25,open_high,unchanged_open,False,1.385911960894816,0.06319129491078024,increase
MFA_like_from_control_legacy,CONTROL_175nA.db::trial_234,CONTROL|175|open_high|open_high|early_sustained_open_recruitment|open_high,P_gap_eff,1.25,gamma_s_eff,0.75,open_high,unchanged_open,False,1.4736771801383388,0.150956514154303,increase
MFA_like_from_control_legacy,CONTROL_175nA.db::trial_234,CONTROL|175|open_high|open_high|early_sustained_open_recruitment|open_high,P_gap_eff,1.25,gamma_s_eff,1.0,open_high,unchanged_open,False,1.4812521705078103,0.1585315045237745,increase
MFA_like_from_control_legacy,CONTROL_175nA.db::trial_234,CONTROL|175|open_high|open_high|early_sustained_open_recruitment|open_high,P_gap_eff,1.25,gamma_s_eff,1.25,open_high,unchanged_open,False,1.4912802569580437,0.16855959097400786,increase
MFA_like_from_control_legacy,CONTROL_175nA.db::trial_234,CONTROL|175|open_high|open_high|early_sustained_open_recruitment|open_high,P_gap_eff,0.75,zth,0.75,open_high,unchanged_open,False,1.1365474558964441,-0.1861732100875917,decrease
MFA_like_from_control_legacy,CONTROL_175nA.db::trial_234,CONTROL|175|open_high|open_high|early_sustained_open_recruitment|open_high,P_gap_eff,0.75,zth,1.0,open_high,unchanged_open,False,1.1717387230978804,-0.1509819428861554,decrease
MFA_like_from_control_legacy,CONTROL_175nA.db::trial_234,CONTROL|175|open_high|open_high|early_sustained_open_recruitment|open_high,P_gap_eff,0.75,zth,1.25,open_high,unchanged_open,False,1.2730738672743382,-0.04964679870969757,decrease
MFA_like_from_control_legacy,CONTROL_175nA.db::trial_234,CONTROL|175|open_high|open_high|early_sustained_open_recruitment|open_high,P_gap_eff,1.0,zth,0.75,open_high,unchanged_open,False,1.4619701046764628,0.139249438692427,increase
MFA_like_from_control_legacy,CONTROL_175nA.db::trial_234,CONTROL|175|open_high|open_high|early_sustained_open_recruitment|open_high,P_gap_eff,1.0,zth,1.0,open_high,unchanged_open,False,1.4442779442040947,0.1215572782200589,increase
MFA_like_from_control_legacy,CONTROL_175nA.db::trial_234,CONTROL|175|open_high|open_high|early_sustained_open_recruitment|open_high,P_gap_eff,1.0,zth,1.25,open_high,unchanged_open,False,1.4687998492011571,0.14607918321712132,increase
MFA_like_from_control_legacy,CONTROL_175nA.db::trial_234,CONTROL|175|open_high|open_high|early_sustained_open_recruitment|open_high,P_gap_eff,1.25,zth,0.75,open_high,unchanged_open,False,1.5410112879075526,0.21829062192351678,increase
MFA_like_from_control_legacy,CONTROL_175nA.db::trial_234,CONTROL|175|open_high|open_high|early_sustained_open_recruitment|open_high,P_gap_eff,1.25,zth,1.0,open_high,unchanged_open,False,1.4812521705078103,0.1585315045237745,increase
MFA_like_from_control_legacy,CONTROL_175nA.db::trial_234,CONTROL|175|open_high|open_high|early_sustained_open_recruitment|open_high,P_gap_eff,1.25,zth,1.25,open_high,unchanged_open,False,1.5196496640753863,0.19692899809135045,increase
MFA_like_from_control_legacy,CONTROL_175nA.db::trial_234,CONTROL|175|open_high|open_high|early_sustained_open_recruitment|open_high,gamma_s_eff,0.75,zth,0.75,open_high,unchanged_open,False,1.4130262808310157,0.09030561484697985,increase
MFA_like_from_control_legacy,CONTROL_175nA.db::trial_234,CONTROL|175|open_high|open_high|early_sustained_open_recruitment|open_high,gamma_s_eff,0.75,zth,1.0,open_high,unchanged_open,False,1.3990339535805212,0.07631328759648537,increase
MFA_like_from_control_legacy,CONTROL_175nA.db::trial_234,CONTROL|175|open_high|open_high|early_sustained_open_recruitment|open_high,gamma_s_eff,0.75,zth,1.25,open_high,unchanged_open,False,1.3723362776182477,0.04961561163421191,increase
MFA_like_from_control_legacy,CONTROL_175nA.db::trial_234,CONTROL|175|open_high|open_high|early_sustained_open_recruitment|open_high,gamma_s_eff,1.0,zth,0.75,open_high,unchanged_open,False,1.4619701046764628,0.139249438692427,increase
MFA_like_from_control_legacy,CONTROL_175nA.db::trial_234,CONTROL|175|open_high|open_high|early_sustained_open_recruitment|open_high,gamma_s_eff,1.0,zth,1.0,open_high,unchanged_open,False,1.4442779442040947,0.1215572782200589,increase
MFA_like_from_control_legacy,CONTROL_175nA.db::trial_234,CONTROL|175|open_high|open_high|early_sustained_open_recruitment|open_high,gamma_s_eff,1.0,zth,1.25,open_high,unchanged_open,False,1.4687998492011571,0.14607918321712132,increase
MFA_like_from_control_legacy,CONTROL_175nA.db::trial_234,CONTROL|175|open_high|open_high|early_sustained_open_recruitment|open_high,gamma_s_eff,1.25,zth,0.75,open_high,unchanged_open,False,1.4011460943386935,0.07842542835465771,increase
MFA_like_from_control_legacy,CONTROL_175nA.db::trial_234,CONTROL|175|open_high|open_high|early_sustained_open_recruitment|open_high,gamma_s_eff,1.25,zth,1.0,open_high,unchanged_open,False,1.385911960894816,0.06319129491078024,increase
MFA_like_from_control_legacy,CONTROL_175nA.db::trial_234,CONTROL|175|open_high|open_high|early_sustained_open_recruitment|open_high,gamma_s_eff,1.25,zth,1.25,open_high,unchanged_open,False,1.3616850954607855,0.03896442947674972,increase
MFA_like_from_control_legacy,CONTROL_175nA.db::trial_234,CONTROL|175|open_high|open_high|early_sustained_open_recruitment|open_high,zth,0.75,zs,0.75,open_high,unchanged_open,False,1.3672692900342505,0.04454862405021465,increase
MFA_like_from_control_legacy,CONTROL_175nA.db::trial_234,CONTROL|175|open_high|open_high|early_sustained_open_recruitment|open_high,zth,0.75,zs,1.0,open_high,unchanged_open,False,1.4619701046764628,0.139249438692427,increase
MFA_like_from_control_legacy,CONTROL_175nA.db::trial_234,CONTROL|175|open_high|open_high|early_sustained_open_recruitment|open_high,zth,0.75,zs,1.25,open_high,unchanged_open,False,1.480920910556752,0.1582002445727162,increase
MFA_like_from_control_legacy,CONTROL_175nA.db::trial_234,CONTROL|175|open_high|open_high|early_sustained_open_recruitment|open_high,zth,1.0,zs,0.75,open_high,unchanged_open,False,1.376884197052433,0.05416353106839722,increase
MFA_like_from_control_legacy,CONTROL_175nA.db::trial_234,CONTROL|175|open_high|open_high|early_sustained_open_recruitment|open_high,zth,1.0,zs,1.0,open_high,unchanged_open,False,1.4442779442040947,0.1215572782200589,increase
MFA_like_from_control_legacy,CONTROL_175nA.db::trial_234,CONTROL|175|open_high|open_high|early_sustained_open_recruitment|open_high,zth,1.0,zs,1.25,open_high,unchanged_open,False,1.4193471222420935,0.09662645625805766,increase
MFA_like_from_control_legacy,CONTROL_175nA.db::trial_234,CONTROL|175|open_high|open_high|early_sustained_open_recruitment|open_high,zth,1.25,zs,0.75,open_high,unchanged_open,False,1.3610706078836659,0.038349941899630036,increase
MFA_like_from_control_legacy,CONTROL_175nA.db::trial_234,CONTROL|175|open_high|open_high|early_sustained_open_recruitment|open_high,zth,1.25,zs,1.0,open_high,unchanged_open,False,1.4687998492011571,0.14607918321712132,increase
MFA_like_from_control_legacy,CONTROL_175nA.db::trial_234,CONTROL|175|open_high|open_high|early_sustained_open_recruitment|open_high,zth,1.25,zs,1.25,open_high,unchanged_open,False,1.4532010265221054,0.13048036053806955,increase
MFA_BA_stacked_on_control_legacy,CONTROL_175nA.db::trial_234,CONTROL|175|open_high|open_high|early_sustained_open_recruitment|open_high,gki,0.75,P_gap_eff,0.75,open_high,unchanged_open,False,0.92222139418643,-0.4004992717976058,decrease
MFA_BA_stacked_on_control_legacy,CONTROL_175nA.db::trial_234,CONTROL|175|open_high|open_high|early_sustained_open_recruitment|open_high,gki,0.75,P_gap_eff,1.0,open_high,unchanged_open,False,0.9396401387743788,-0.383080527209657,decrease
MFA_BA_stacked_on_control_legacy,CONTROL_175nA.db::trial_234,CONTROL|175|open_high|open_high|early_sustained_open_recruitment|open_high,gki,0.75,P_gap_eff,1.25,open_high,unchanged_open,False,1.12279589270408,-0.19992477327995584,decrease
MFA_BA_stacked_on_control_legacy,CONTROL_175nA.db::trial_234,CONTROL|175|open_high|open_high|early_sustained_open_recruitment|open_high,gki,1.0,P_gap_eff,0.75,open_high,unchanged_open,False,1.1772987121109304,-0.14542195387310541,decrease
MFA_BA_stacked_on_control_legacy,CONTROL_175nA.db::trial_234,CONTROL|175|open_high|open_high|early_sustained_open_recruitment|open_high,gki,1.0,P_gap_eff,1.0,open_high,unchanged_open,False,1.445799830479392,0.12307916449535616,increase
MFA_BA_stacked_on_control_legacy,CONTROL_175nA.db::trial_234,CONTROL|175|open_high|open_high|early_sustained_open_recruitment|open_high,gki,1.0,P_gap_eff,1.25,open_high,unchanged_open,False,1.4822142470591486,0.1594935810751128,increase
MFA_BA_stacked_on_control_legacy,CONTROL_175nA.db::trial_234,CONTROL|175|open_high|open_high|early_sustained_open_recruitment|open_high,gki,1.25,P_gap_eff,0.75,open_high,unchanged_open,False,1.4962727554707054,0.17355208948666956,increase
MFA_BA_stacked_on_control_legacy,CONTROL_175nA.db::trial_234,CONTROL|175|open_high|open_high|early_sustained_open_recruitment|open_high,gki,1.25,P_gap_eff,1.0,open_high,unchanged_open,False,1.5693727118205372,0.24665204583650135,increase
MFA_BA_stacked_on_control_legacy,CONTROL_175nA.db::trial_234,CONTROL|175|open_high|open_high|early_sustained_open_recruitment|open_high,gki,1.25,P_gap_eff,1.25,open_high,unchanged_open,False,1.5864866373379456,0.2637659713539098,increase
MFA_like_from_control_legacy,CONTROL_175nA.db::trial_163,CONTROL|175|open_high|closed_low|delayed_ionic_recruitment_after_load|open_high,P_gap_eff,0.75,gamma_s_eff,0.75,closed_low,open_to_closed,True,0.9904183252316464,-0.2717224061550775,decrease
MFA_like_from_control_legacy,CONTROL_175nA.db::trial_163,CONTROL|175|open_high|closed_low|delayed_ionic_recruitment_after_load|open_high,P_gap_eff,0.75,gamma_s_eff,1.0,closed_low,open_to_closed,True,0.9904181067238486,-0.27172262466287533,decrease
MFA_like_from_control_legacy,CONTROL_175nA.db::trial_163,CONTROL|175|open_high|closed_low|delayed_ionic_recruitment_after_load|open_high,P_gap_eff,0.75,gamma_s_eff,1.25,closed_low,open_to_closed,True,0.9904182207319627,-0.27172251065476116,decrease
MFA_like_from_control_legacy,CONTROL_175nA.db::trial_163,CONTROL|175|open_high|closed_low|delayed_ionic_recruitment_after_load|open_high,P_gap_eff,1.0,gamma_s_eff,0.75,closed_low,open_to_closed,True,0.9895754276144723,-0.27256530377225163,decrease
MFA_like_from_control_legacy,CONTROL_175nA.db::trial_163,CONTROL|175|open_high|closed_low|delayed_ionic_recruitment_after_load|open_high,P_gap_eff,1.0,gamma_s_eff,1.0,closed_low,open_to_closed,True,0.9895754466356701,-0.2725652847510538,decrease
MFA_like_from_control_legacy,CONTROL_175nA.db::trial_163,CONTROL|175|open_high|closed_low|delayed_ionic_recruitment_after_load|open_high,P_gap_eff,1.0,gamma_s_eff,1.25,closed_low,open_to_closed,True,0.9895754212730402,-0.2725653101136837,decrease
MFA_like_from_control_legacy,CONTROL_175nA.db::trial_163,CONTROL|175|open_high|closed_low|delayed_ionic_recruitment_after_load|open_high,P_gap_eff,1.25,gamma_s_eff,0.75,closed_low,open_to_closed,True,0.9887385953427613,-0.2734021360439626,decrease
MFA_like_from_control_legacy,CONTROL_175nA.db::trial_163,CONTROL|175|open_high|closed_low|delayed_ionic_recruitment_after_load|open_high,P_gap_eff,1.25,gamma_s_eff,1.0,closed_low,open_to_closed,True,0.9887382790142393,-0.2734024523724846,decrease
MFA_like_from_control_legacy,CONTROL_175nA.db::trial_163,CONTROL|175|open_high|closed_low|delayed_ionic_recruitment_after_load|open_high,P_gap_eff,1.25,gamma_s_eff,1.25,closed_low,open_to_closed,True,0.9887385509789345,-0.2734021804077894,decrease
MFA_like_from_control_legacy,CONTROL_175nA.db::trial_163,CONTROL|175|open_high|closed_low|delayed_ionic_recruitment_after_load|open_high,P_gap_eff,0.75,zth,0.75,closed_low,open_to_closed,True,0.9904182838964399,-0.27172244749028396,decrease
MFA_like_from_control_legacy,CONTROL_175nA.db::trial_163,CONTROL|175|open_high|closed_low|delayed_ionic_recruitment_after_load|open_high,P_gap_eff,0.75,zth,1.0,closed_low,open_to_closed,True,0.9904181067238486,-0.27172262466287533,decrease
MFA_like_from_control_legacy,CONTROL_175nA.db::trial_163,CONTROL|175|open_high|closed_low|delayed_ionic_recruitment_after_load|open_high,P_gap_eff,0.75,zth,1.25,closed_low,open_to_closed,True,0.9904182001732393,-0.27172253121348455,decrease
MFA_like_from_control_legacy,CONTROL_175nA.db::trial_163,CONTROL|175|open_high|closed_low|delayed_ionic_recruitment_after_load|open_high,P_gap_eff,1.0,zth,0.75,closed_low,open_to_closed,True,0.9895754608117684,-0.2725652705749555,decrease
MFA_like_from_control_legacy,CONTROL_175nA.db::trial_163,CONTROL|175|open_high|closed_low|delayed_ionic_recruitment_after_load|open_high,P_gap_eff,1.0,zth,1.0,closed_low,open_to_closed,True,0.9895754466356701,-0.2725652847510538,decrease
MFA_like_from_control_legacy,CONTROL_175nA.db::trial_163,CONTROL|175|open_high|closed_low|delayed_ionic_recruitment_after_load|open_high,P_gap_eff,1.0,zth,1.25,closed_low,open_to_closed,True,0.9895751832206995,-0.2725655481660244,decrease
MFA_like_from_control_legacy,CONTROL_175nA.db::trial_163,CONTROL|175|open_high|closed_low|delayed_ionic_recruitment_after_load|open_high,P_gap_eff,1.25,zth,0.75,closed_low,open_to_closed,True,0.9887381885035617,-0.27340254288316224,decrease
MFA_like_from_control_legacy,CONTROL_175nA.db::trial_163,CONTROL|175|open_high|closed_low|delayed_ionic_recruitment_after_load|open_high,P_gap_eff,1.25,zth,1.0,closed_low,open_to_closed,True,0.9887382790142393,-0.2734024523724846,decrease
MFA_like_from_control_legacy,CONTROL_175nA.db::trial_163,CONTROL|175|open_high|closed_low|delayed_ionic_recruitment_after_load|open_high,P_gap_eff,1.25,zth,1.25,closed_low,open_to_closed,True,0.988738350779482,-0.27340238060724187,decrease
MFA_like_from_control_legacy,CONTROL_175nA.db::trial_163,CONTROL|175|open_high|closed_low|delayed_ionic_recruitment_after_load|open_high,gamma_s_eff,0.75,zth,0.75,closed_low,open_to_closed,True,0.9895753761378031,-0.2725653552489208,decrease
MFA_like_from_control_legacy,CONTROL_175nA.db::trial_163,CONTROL|175|open_high|closed_low|delayed_ionic_recruitment_after_load|open_high,gamma_s_eff,0.75,zth,1.0,closed_low,open_to_closed,True,0.9895754276144723,-0.27256530377225163,decrease
MFA_like_from_control_legacy,CONTROL_175nA.db::trial_163,CONTROL|175|open_high|closed_low|delayed_ionic_recruitment_after_load|open_high,gamma_s_eff,0.75,zth,1.25,closed_low,open_to_closed,True,0.9895754622919152,-0.2725652690948087,decrease
MFA_like_from_control_legacy,CONTROL_175nA.db::trial_163,CONTROL|175|open_high|closed_low|delayed_ionic_recruitment_after_load|open_high,gamma_s_eff,1.0,zth,0.75,closed_low,open_to_closed,True,0.9895754608117684,-0.2725652705749555,decrease
MFA_like_from_control_legacy,CONTROL_175nA.db::trial_163,CONTROL|175|open_high|closed_low|delayed_ionic_recruitment_after_load|open_high,gamma_s_eff,1.0,zth,1.0,closed_low,open_to_closed,True,0.9895754466356701,-0.2725652847510538,decrease
MFA_like_from_control_legacy,CONTROL_175nA.db::trial_163,CONTROL|175|open_high|closed_low|delayed_ionic_recruitment_after_load|open_high,gamma_s_eff,1.0,zth,1.25,closed_low,open_to_closed,True,0.9895751832206995,-0.2725655481660244,decrease
MFA_like_from_control_legacy,CONTROL_175nA.db::trial_163,CONTROL|175|open_high|closed_low|delayed_ionic_recruitment_after_load|open_high,gamma_s_eff,1.25,zth,0.75,closed_low,open_to_closed,True,0.9895753358662231,-0.27256539552050074,decrease
MFA_like_from_control_legacy,CONTROL_175nA.db::trial_163,CONTROL|175|open_high|closed_low|delayed_ionic_recruitment_after_load|open_high,gamma_s_eff,1.25,zth,1.0,closed_low,open_to_closed,True,0.9895754212730402,-0.2725653101136837,decrease
MFA_like_from_control_legacy,CONTROL_175nA.db::trial_163,CONTROL|175|open_high|closed_low|delayed_ionic_recruitment_after_load|open_high,gamma_s_eff,1.25,zth,1.25,closed_low,open_to_closed,True,0.9895754561339307,-0.27256527525279317,decrease
MFA_like_from_control_legacy,CONTROL_175nA.db::trial_163,CONTROL|175|open_high|closed_low|delayed_ionic_recruitment_after_load|open_high,zth,0.75,zs,0.75,closed_low,open_to_closed,True,0.9895754724181365,-0.2725652589685874,decrease
MFA_like_from_control_legacy,CONTROL_175nA.db::trial_163,CONTROL|175|open_high|closed_low|delayed_ionic_recruitment_after_load|open_high,zth,0.75,zs,1.0,closed_low,open_to_closed,True,0.9895754608117684,-0.2725652705749555,decrease
MFA_like_from_control_legacy,CONTROL_175nA.db::trial_163,CONTROL|175|open_high|closed_low|delayed_ionic_recruitment_after_load|open_high,zth,0.75,zs,1.25,closed_low,open_to_closed,True,0.9895754536826313,-0.27256527770409256,decrease
MFA_like_from_control_legacy,CONTROL_175nA.db::trial_163,CONTROL|175|open_high|closed_low|delayed_ionic_recruitment_after_load|open_high,zth,1.0,zs,0.75,closed_low,open_to_closed,True,0.9895753754481386,-0.27256535593858533,decrease
MFA_like_from_control_legacy,CONTROL_175nA.db::trial_163,CONTROL|175|open_high|closed_low|delayed_ionic_recruitment_after_load|open_high,zth,1.0,zs,1.0,closed_low,open_to_closed,True,0.9895754466356701,-0.2725652847510538,decrease
MFA_like_from_control_legacy,CONTROL_175nA.db::trial_163,CONTROL|175|open_high|closed_low|delayed_ionic_recruitment_after_load|open_high,zth,1.0,zs,1.25,closed_low,open_to_closed,True,0.9895753094202565,-0.2725654219664674,decrease
MFA_like_from_control_legacy,CONTROL_175nA.db::trial_163,CONTROL|175|open_high|closed_low|delayed_ionic_recruitment_after_load|open_high,zth,1.25,zs,0.75,closed_low,open_to_closed,True,0.9895753601389337,-0.27256537124779023,decrease
MFA_like_from_control_legacy,CONTROL_175nA.db::trial_163,CONTROL|175|open_high|closed_low|delayed_ionic_recruitment_after_load|open_high,zth,1.25,zs,1.0,closed_low,open_to_closed,True,0.9895751832206995,-0.2725655481660244,decrease
MFA_like_from_control_legacy,CONTROL_175nA.db::trial_163,CONTROL|175|open_high|closed_low|delayed_ionic_recruitment_after_load|open_high,zth,1.25,zs,1.25,closed_low,open_to_closed,True,0.9895751024812558,-0.2725656289054681,decrease
MFA_BA_stacked_on_control_legacy,CONTROL_175nA.db::trial_163,CONTROL|175|open_high|closed_low|delayed_ionic_recruitment_after_load|open_high,gki,0.75,P_gap_eff,0.75,closed_low,open_to_closed,True,0.9902211709524643,-0.2719195604342596,decrease
MFA_BA_stacked_on_control_legacy,CONTROL_175nA.db::trial_163,CONTROL|175|open_high|closed_low|delayed_ionic_recruitment_after_load|open_high,gki,0.75,P_gap_eff,1.0,closed_low,open_to_closed,True,0.9893753907209553,-0.27276534066576863,decrease
MFA_BA_stacked_on_control_legacy,CONTROL_175nA.db::trial_163,CONTROL|175|open_high|closed_low|delayed_ionic_recruitment_after_load|open_high,gki,0.75,P_gap_eff,1.25,closed_low,open_to_closed,True,0.9885355650619405,-0.2736051663247834,decrease
MFA_BA_stacked_on_control_legacy,CONTROL_175nA.db::trial_163,CONTROL|175|open_high|closed_low|delayed_ionic_recruitment_after_load|open_high,gki,1.0,P_gap_eff,0.75,closed_low,open_to_closed,True,0.9904181067238486,-0.27172262466287533,decrease
MFA_BA_stacked_on_control_legacy,CONTROL_175nA.db::trial_163,CONTROL|175|open_high|closed_low|delayed_ionic_recruitment_after_load|open_high,gki,1.0,P_gap_eff,1.0,closed_low,open_to_closed,True,0.9895754466356701,-0.2725652847510538,decrease
MFA_BA_stacked_on_control_legacy,CONTROL_175nA.db::trial_163,CONTROL|175|open_high|closed_low|delayed_ionic_recruitment_after_load|open_high,gki,1.0,P_gap_eff,1.25,closed_low,open_to_closed,True,0.9887382790142393,-0.2734024523724846,decrease
MFA_BA_stacked_on_control_legacy,CONTROL_175nA.db::trial_163,CONTROL|175|open_high|closed_low|delayed_ionic_recruitment_after_load|open_high,gki,1.25,P_gap_eff,0.75,closed_low,open_to_closed,True,0.990535591619406,-0.2716051397673179,decrease
MFA_BA_stacked_on_control_legacy,CONTROL_175nA.db::trial_163,CONTROL|175|open_high|closed_low|delayed_ionic_recruitment_after_load|open_high,gki,1.25,P_gap_eff,1.0,closed_low,open_to_closed,True,1.008903818567217,-0.2532369128195069,decrease
MFA_BA_stacked_on_control_legacy,CONTROL_175nA.db::trial_163,CONTROL|175|open_high|closed_low|delayed_ionic_recruitment_after_load|open_high,gki,1.25,P_gap_eff,1.25,closed_low,open_to_closed,True,0.9888593556240116,-0.2732813757627123,decrease
MFA_like_from_control_legacy,CONTROL_175nA.db::trial_179,CONTROL|175|closed_low|open_high|recruited_during_load_then_closed_by_end|closed_low,P_gap_eff,0.75,gamma_s_eff,0.75,open_high,closed_to_open,True,1.4604622214689773,-0.5723308153719431,decrease
MFA_like_from_control_legacy,CONTROL_175nA.db::trial_179,CONTROL|175|closed_low|open_high|recruited_during_load_then_closed_by_end|closed_low,P_gap_eff,0.75,gamma_s_eff,1.0,open_high,closed_to_open,True,1.434184848260902,-0.5986081885800183,decrease
MFA_like_from_control_legacy,CONTROL_175nA.db::trial_179,CONTROL|175|closed_low|open_high|recruited_during_load_then_closed_by_end|closed_low,P_gap_eff,0.75,gamma_s_eff,1.25,open_high,closed_to_open,True,1.4849012367875998,-0.5478918000533206,decrease
MFA_like_from_control_legacy,CONTROL_175nA.db::trial_179,CONTROL|175|closed_low|open_high|recruited_during_load_then_closed_by_end|closed_low,P_gap_eff,1.0,gamma_s_eff,0.75,open_high,closed_to_open,True,1.5974818514221887,-0.4353111854187317,decrease
MFA_like_from_control_legacy,CONTROL_175nA.db::trial_179,CONTROL|175|closed_low|open_high|recruited_during_load_then_closed_by_end|closed_low,P_gap_eff,1.0,gamma_s_eff,1.0,open_high,closed_to_open,True,1.5783309290387504,-0.45446210780217,decrease
MFA_like_from_control_legacy,CONTROL_175nA.db::trial_179,CONTROL|175|closed_low|open_high|recruited_during_load_then_closed_by_end|closed_low,P_gap_eff,1.0,gamma_s_eff,1.25,open_high,closed_to_open,True,1.561642749221292,-0.4711502876196283,decrease
MFA_like_from_control_legacy,CONTROL_175nA.db::trial_179,CONTROL|175|closed_low|open_high|recruited_during_load_then_closed_by_end|closed_low,P_gap_eff,1.25,gamma_s_eff,0.75,open_high,closed_to_open,True,1.603147196413836,-0.4296458404270844,decrease
MFA_like_from_control_legacy,CONTROL_175nA.db::trial_179,CONTROL|175|closed_low|open_high|recruited_during_load_then_closed_by_end|closed_low,P_gap_eff,1.25,gamma_s_eff,1.0,open_high,closed_to_open,True,1.615718086460469,-0.4170749503804514,decrease
MFA_like_from_control_legacy,CONTROL_175nA.db::trial_179,CONTROL|175|closed_low|open_high|recruited_during_load_then_closed_by_end|closed_low,P_gap_eff,1.25,gamma_s_eff,1.25,open_high,closed_to_open,True,0.9313019935668471,-1.1014910432740734,decrease
MFA_like_from_control_legacy,CONTROL_175nA.db::trial_179,CONTROL|175|closed_low|open_high|recruited_during_load_then_closed_by_end|closed_low,P_gap_eff,0.75,zth,0.75,open_high,closed_to_open,True,1.4489328976849543,-0.5838601391559661,decrease
MFA_like_from_control_legacy,CONTROL_175nA.db::trial_179,CONTROL|175|closed_low|open_high|recruited_during_load_then_closed_by_end|closed_low,P_gap_eff,0.75,zth,1.0,open_high,closed_to_open,True,1.4309932924539541,-0.6017997443869663,decrease
MFA_like_from_control_legacy,CONTROL_175nA.db::trial_179,CONTROL|175|closed_low|open_high|recruited_during_load_then_closed_by_end|closed_low,P_gap_eff,0.75,zth,1.25,open_high,closed_to_open,True,1.4869051124800308,-0.5458879243608896,decrease
MFA_like_from_control_legacy,CONTROL_175nA.db::trial_179,CONTROL|175|closed_low|open_high|recruited_during_load_then_closed_by_end|closed_low,P_gap_eff,1.0,zth,0.75,open_high,closed_to_open,True,1.5591357221899584,-0.47365731465096195,decrease
MFA_like_from_control_legacy,CONTROL_175nA.db::trial_179,CONTROL|175|closed_low|open_high|recruited_during_load_then_closed_by_end|closed_low,P_gap_eff,1.0,zth,1.0,open_high,closed_to_open,True,1.5612376550651619,-0.4715553817757585,decrease
MFA_like_from_control_legacy,CONTROL_175nA.db::trial_179,CONTROL|175|closed_low|open_high|recruited_during_load_then_closed_by_end|closed_low,P_gap_eff,1.0,zth,1.25,open_high,closed_to_open,True,1.575723079519369,-0.4570699573215513,decrease
MFA_like_from_control_legacy,CONTROL_175nA.db::trial_179,CONTROL|175|closed_low|open_high|recruited_during_load_then_closed_by_end|closed_low,P_gap_eff,1.25,zth,0.75,open_high,closed_to_open,True,1.586696281061595,-0.4460967557793254,decrease
MFA_like_from_control_legacy,CONTROL_175nA.db::trial_179,CONTROL|175|closed_low|open_high|recruited_during_load_then_closed_by_end|closed_low,P_gap_eff,1.25,zth,1.0,open_high,closed_to_open,True,1.5939485963501843,-0.4388444404907361,decrease
MFA_like_from_control_legacy,CONTROL_175nA.db::trial_179,CONTROL|175|closed_low|open_high|recruited_during_load_then_closed_by_end|closed_low,P_gap_eff,1.25,zth,1.25,open_high,closed_to_open,True,1.5876941868757042,-0.4450988499652162,decrease
MFA_like_from_control_legacy,CONTROL_175nA.db::trial_179,CONTROL|175|closed_low|open_high|recruited_during_load_then_closed_by_end|closed_low,gamma_s_eff,0.75,zth,0.75,open_high,closed_to_open,True,1.5389695921617406,-0.4938234446791798,decrease
MFA_like_from_control_legacy,CONTROL_175nA.db::trial_179,CONTROL|175|closed_low|open_high|recruited_during_load_then_closed_by_end|closed_low,gamma_s_eff,0.75,zth,1.0,open_high,closed_to_open,True,1.5782867313210733,-0.45450630551984705,decrease
MFA_like_from_control_legacy,CONTROL_175nA.db::trial_179,CONTROL|175|closed_low|open_high|recruited_during_load_then_closed_by_end|closed_low,gamma_s_eff,0.75,zth,1.25,open_high,closed_to_open,True,1.54942408018247,-0.4833689566584505,decrease
MFA_like_from_control_legacy,CONTROL_175nA.db::trial_179,CONTROL|175|closed_low|open_high|recruited_during_load_then_closed_by_end|closed_low,gamma_s_eff,1.0,zth,0.75,open_high,closed_to_open,True,1.5591357221899584,-0.47365731465096195,decrease
MFA_like_from_control_legacy,CONTROL_175nA.db::trial_179,CONTROL|175|closed_low|open_high|recruited_during_load_then_closed_by_end|closed_low,gamma_s_eff,1.0,zth,1.0,open_high,closed_to_open,True,1.5612376550651619,-0.4715553817757585,decrease
MFA_like_from_control_legacy,CONTROL_175nA.db::trial_179,CONTROL|175|closed_low|open_high|recruited_during_load_then_closed_by_end|closed_low,gamma_s_eff,1.0,zth,1.25,open_high,closed_to_open,True,1.575723079519369,-0.4570699573215513,decrease
MFA_like_from_control_legacy,CONTROL_175nA.db::trial_179,CONTROL|175|closed_low|open_high|recruited_during_load_then_closed_by_end|closed_low,gamma_s_eff,1.25,zth,0.75,open_high,closed_to_open,True,1.5543921976454769,-0.4784008391954435,decrease
MFA_like_from_control_legacy,CONTROL_175nA.db::trial_179,CONTROL|175|closed_low|open_high|recruited_during_load_then_closed_by_end|closed_low,gamma_s_eff,1.25,zth,1.0,open_high,closed_to_open,True,1.5462463317546875,-0.4865467050862329,decrease
MFA_like_from_control_legacy,CONTROL_175nA.db::trial_179,CONTROL|175|closed_low|open_high|recruited_during_load_then_closed_by_end|closed_low,gamma_s_eff,1.25,zth,1.25,open_high,closed_to_open,True,1.545150427650886,-0.4876426091900343,decrease
MFA_like_from_control_legacy,CONTROL_175nA.db::trial_179,CONTROL|175|closed_low|open_high|recruited_during_load_then_closed_by_end|closed_low,zth,0.75,zs,0.75,open_high,closed_to_open,True,1.5573109347892062,-0.47548210205171415,decrease
MFA_like_from_control_legacy,CONTROL_175nA.db::trial_179,CONTROL|175|closed_low|open_high|recruited_during_load_then_closed_by_end|closed_low,zth,0.75,zs,1.0,open_high,closed_to_open,True,1.5591357221899584,-0.47365731465096195,decrease
MFA_like_from_control_legacy,CONTROL_175nA.db::trial_179,CONTROL|175|closed_low|open_high|recruited_during_load_then_closed_by_end|closed_low,zth,0.75,zs,1.25,open_high,closed_to_open,True,1.5698208062269983,-0.4629722306139221,decrease
MFA_like_from_control_legacy,CONTROL_175nA.db::trial_179,CONTROL|175|closed_low|open_high|recruited_during_load_then_closed_by_end|closed_low,zth,1.0,zs,0.75,open_high,closed_to_open,True,1.5687570420146624,-0.464035994826258,decrease
MFA_like_from_control_legacy,CONTROL_175nA.db::trial_179,CONTROL|175|closed_low|open_high|recruited_during_load_then_closed_by_end|closed_low,zth,1.0,zs,1.0,open_high,closed_to_open,True,1.5612376550651619,-0.4715553817757585,decrease
MFA_like_from_control_legacy,CONTROL_175nA.db::trial_179,CONTROL|175|closed_low|open_high|recruited_during_load_then_closed_by_end|closed_low,zth,1.0,zs,1.25,open_high,closed_to_open,True,1.548667852977462,-0.4841251838634584,decrease
MFA_like_from_control_legacy,CONTROL_175nA.db::trial_179,CONTROL|175|closed_low|open_high|recruited_during_load_then_closed_by_end|closed_low,zth,1.25,zs,0.75,open_high,closed_to_open,True,1.5433516873531834,-0.489441349487737,decrease
MFA_like_from_control_legacy,CONTROL_175nA.db::trial_179,CONTROL|175|closed_low|open_high|recruited_during_load_then_closed_by_end|closed_low,zth,1.25,zs,1.0,open_high,closed_to_open,True,1.575723079519369,-0.4570699573215513,decrease
MFA_like_from_control_legacy,CONTROL_175nA.db::trial_179,CONTROL|175|closed_low|open_high|recruited_during_load_then_closed_by_end|closed_low,zth,1.25,zs,1.25,open_high,closed_to_open,True,1.559632373747313,-0.4731606630936074,decrease
MFA_BA_stacked_on_control_legacy,CONTROL_175nA.db::trial_179,CONTROL|175|closed_low|open_high|recruited_during_load_then_closed_by_end|closed_low,gki,0.75,P_gap_eff,0.75,open_high,closed_to_open,True,0.9825444169671832,-1.050248619873737,decrease
MFA_BA_stacked_on_control_legacy,CONTROL_175nA.db::trial_179,CONTROL|175|closed_low|open_high|recruited_during_load_then_closed_by_end|closed_low,gki,0.75,P_gap_eff,1.0,open_high,closed_to_open,True,1.3944055122579473,-0.6383875245829731,decrease
MFA_BA_stacked_on_control_legacy,CONTROL_175nA.db::trial_179,CONTROL|175|closed_low|open_high|recruited_during_load_then_closed_by_end|closed_low,gki,0.75,P_gap_eff,1.25,open_high,closed_to_open,True,1.4555390016761929,-0.5772540351647275,decrease
MFA_BA_stacked_on_control_legacy,CONTROL_175nA.db::trial_179,CONTROL|175|closed_low|open_high|recruited_during_load_then_closed_by_end|closed_low,gki,1.0,P_gap_eff,0.75,open_high,closed_to_open,True,1.4309932924539541,-0.6017997443869663,decrease
MFA_BA_stacked_on_control_legacy,CONTROL_175nA.db::trial_179,CONTROL|175|closed_low|open_high|recruited_during_load_then_closed_by_end|closed_low,gki,1.0,P_gap_eff,1.0,open_high,closed_to_open,True,1.5612376550651619,-0.4715553817757585,decrease
MFA_BA_stacked_on_control_legacy,CONTROL_175nA.db::trial_179,CONTROL|175|closed_low|open_high|recruited_during_load_then_closed_by_end|closed_low,gki,1.0,P_gap_eff,1.25,open_high,closed_to_open,True,1.5939485963501843,-0.4388444404907361,decrease
MFA_BA_stacked_on_control_legacy,CONTROL_175nA.db::trial_179,CONTROL|175|closed_low|open_high|recruited_during_load_then_closed_by_end|closed_low,gki,1.25,P_gap_eff,0.75,open_high,closed_to_open,True,1.5739933828944892,-0.4587996539464312,decrease
MFA_BA_stacked_on_control_legacy,CONTROL_175nA.db::trial_179,CONTROL|175|closed_low|open_high|recruited_during_load_then_closed_by_end|closed_low,gki,1.25,P_gap_eff,1.0,open_high,closed_to_open,True,0.9373302859239535,-1.0954627509169668,decrease
MFA_BA_stacked_on_control_legacy,CONTROL_175nA.db::trial_179,CONTROL|175|closed_low|open_high|recruited_during_load_then_closed_by_end|closed_low,gki,1.25,P_gap_eff,1.25,open_high,closed_to_open,True,0.9314085121020635,-1.1013845247388567,decrease
MFA_like_from_control_legacy,CONTROL_175nA.db::trial_136,CONTROL|175|partial_mid|closed_low|delayed_ionic_recruitment_after_load|partial_mid,P_gap_eff,0.75,gamma_s_eff,0.75,closed_low,partial_to_closed,True,0.9281648478920812,-0.41107508018533,decrease
MFA_like_from_control_legacy,CONTROL_175nA.db::trial_136,CONTROL|175|partial_mid|closed_low|delayed_ionic_recruitment_after_load|partial_mid,P_gap_eff,0.75,gamma_s_eff,1.0,closed_low,partial_to_closed,True,0.928164805686618,-0.41107512239079325,decrease
MFA_like_from_control_legacy,CONTROL_175nA.db::trial_136,CONTROL|175|partial_mid|closed_low|delayed_ionic_recruitment_after_load|partial_mid,P_gap_eff,0.75,gamma_s_eff,1.25,closed_low,partial_to_closed,True,0.9281647052239266,-0.41107522285348463,decrease
MFA_like_from_control_legacy,CONTROL_175nA.db::trial_136,CONTROL|175|partial_mid|closed_low|delayed_ionic_recruitment_after_load|partial_mid,P_gap_eff,1.0,gamma_s_eff,0.75,closed_low,partial_to_closed,True,0.9262419825015373,-0.4129979455758739,decrease
MFA_like_from_control_legacy,CONTROL_175nA.db::trial_136,CONTROL|175|partial_mid|closed_low|delayed_ionic_recruitment_after_load|partial_mid,P_gap_eff,1.0,gamma_s_eff,1.0,closed_low,partial_to_closed,True,0.9606249573293557,-0.3786149707480555,decrease
MFA_like_from_control_legacy,CONTROL_175nA.db::trial_136,CONTROL|175|partial_mid|closed_low|delayed_ionic_recruitment_after_load|partial_mid,P_gap_eff,1.0,gamma_s_eff,1.25,closed_low,partial_to_closed,True,0.9262418258559308,-0.41299810222148037,decrease
MFA_like_from_control_legacy,CONTROL_175nA.db::trial_136,CONTROL|175|partial_mid|closed_low|delayed_ionic_recruitment_after_load|partial_mid,P_gap_eff,1.25,gamma_s_eff,0.75,closed_low,partial_to_closed,True,0.9656794474998397,-0.3735604805775715,decrease
MFA_like_from_control_legacy,CONTROL_175nA.db::trial_136,CONTROL|175|partial_mid|closed_low|delayed_ionic_recruitment_after_load|partial_mid,P_gap_eff,1.25,gamma_s_eff,1.0,closed_low,partial_to_closed,True,0.9391194016625314,-0.40012052641487983,decrease
MFA_like_from_control_legacy,CONTROL_175nA.db::trial_136,CONTROL|175|partial_mid|closed_low|delayed_ionic_recruitment_after_load|partial_mid,P_gap_eff,1.25,gamma_s_eff,1.25,closed_low,partial_to_closed,True,0.9527497442400998,-0.3864901838373114,decrease
MFA_like_from_control_legacy,CONTROL_175nA.db::trial_136,CONTROL|175|partial_mid|closed_low|delayed_ionic_recruitment_after_load|partial_mid,P_gap_eff,0.75,zth,0.75,closed_low,partial_to_closed,True,0.9281631969974125,-0.41107673107999876,decrease
MFA_like_from_control_legacy,CONTROL_175nA.db::trial_136,CONTROL|175|partial_mid|closed_low|delayed_ionic_recruitment_after_load|partial_mid,P_gap_eff,0.75,zth,1.0,closed_low,partial_to_closed,True,0.928164805686618,-0.41107512239079325,decrease
MFA_like_from_control_legacy,CONTROL_175nA.db::trial_136,CONTROL|175|partial_mid|closed_low|delayed_ionic_recruitment_after_load|partial_mid,P_gap_eff,0.75,zth,1.25,closed_low,partial_to_closed,True,0.9281646329246077,-0.4110752951528035,decrease
MFA_like_from_control_legacy,CONTROL_175nA.db::trial_136,CONTROL|175|partial_mid|closed_low|delayed_ionic_recruitment_after_load|partial_mid,P_gap_eff,1.0,zth,0.75,closed_low,partial_to_closed,True,0.930418706912259,-0.4088212211651522,decrease
MFA_like_from_control_legacy,CONTROL_175nA.db::trial_136,CONTROL|175|partial_mid|closed_low|delayed_ionic_recruitment_after_load|partial_mid,P_gap_eff,1.0,zth,1.0,closed_low,partial_to_closed,True,0.9606249573293546,-0.3786149707480566,decrease
MFA_like_from_control_legacy,CONTROL_175nA.db::trial_136,CONTROL|175|partial_mid|closed_low|delayed_ionic_recruitment_after_load|partial_mid,P_gap_eff,1.0,zth,1.25,closed_low,partial_to_closed,True,0.9262421958262402,-0.412997732251171,decrease
MFA_like_from_control_legacy,CONTROL_175nA.db::trial_136,CONTROL|175|partial_mid|closed_low|delayed_ionic_recruitment_after_load|partial_mid,P_gap_eff,1.25,zth,0.75,closed_low,opened_during_stim_then_closed_by_end,True,0.9841038777611243,-0.3551360503162869,decrease
MFA_like_from_control_legacy,CONTROL_175nA.db::trial_136,CONTROL|175|partial_mid|closed_low|delayed_ionic_recruitment_after_load|partial_mid,P_gap_eff,1.25,zth,1.0,closed_low,partial_to_closed,True,0.9391194016625314,-0.40012052641487983,decrease
MFA_like_from_control_legacy,CONTROL_175nA.db::trial_136,CONTROL|175|partial_mid|closed_low|delayed_ionic_recruitment_after_load|partial_mid,P_gap_eff,1.25,zth,1.25,closed_low,partial_to_closed,True,0.9621056949112344,-0.3771342331661768,decrease
MFA_like_from_control_legacy,CONTROL_175nA.db::trial_136,CONTROL|175|partial_mid|closed_low|delayed_ionic_recruitment_after_load|partial_mid,gamma_s_eff,0.75,zth,0.75,closed_low,partial_to_closed,True,0.9341238436008916,-0.4051160844765196,decrease
MFA_like_from_control_legacy,CONTROL_175nA.db::trial_136,CONTROL|175|partial_mid|closed_low|delayed_ionic_recruitment_after_load|partial_mid,gamma_s_eff,0.75,zth,1.0,closed_low,partial_to_closed,True,0.9262419825015373,-0.4129979455758739,decrease
MFA_like_from_control_legacy,CONTROL_175nA.db::trial_136,CONTROL|175|partial_mid|closed_low|delayed_ionic_recruitment_after_load|partial_mid,gamma_s_eff,0.75,zth,1.25,closed_low,partial_to_closed,True,0.9498869321627177,-0.3893529959146935,decrease
MFA_like_from_control_legacy,CONTROL_175nA.db::trial_136,CONTROL|175|partial_mid|closed_low|delayed_ionic_recruitment_after_load|partial_mid,gamma_s_eff,1.0,zth,0.75,closed_low,partial_to_closed,True,0.9304187069122627,-0.4088212211651485,decrease
MFA_like_from_control_legacy,CONTROL_175nA.db::trial_136,CONTROL|175|partial_mid|closed_low|delayed_ionic_recruitment_after_load|partial_mid,gamma_s_eff,1.0,zth,1.0,closed_low,partial_to_closed,True,0.9606249573293557,-0.3786149707480555,decrease
MFA_like_from_control_legacy,CONTROL_175nA.db::trial_136,CONTROL|175|partial_mid|closed_low|delayed_ionic_recruitment_after_load|partial_mid,gamma_s_eff,1.0,zth,1.25,closed_low,partial_to_closed,True,0.9262421958262402,-0.412997732251171,decrease
MFA_like_from_control_legacy,CONTROL_175nA.db::trial_136,CONTROL|175|partial_mid|closed_low|delayed_ionic_recruitment_after_load|partial_mid,gamma_s_eff,1.25,zth,0.75,closed_low,partial_to_closed,True,0.9261642028801879,-0.41307572519722335,decrease
MFA_like_from_control_legacy,CONTROL_175nA.db::trial_136,CONTROL|175|partial_mid|closed_low|delayed_ionic_recruitment_after_load|partial_mid,gamma_s_eff,1.25,zth,1.0,closed_low,partial_to_closed,True,0.9262418258559308,-0.41299810222148037,decrease
MFA_like_from_control_legacy,CONTROL_175nA.db::trial_136,CONTROL|175|partial_mid|closed_low|delayed_ionic_recruitment_after_load|partial_mid,gamma_s_eff,1.25,zth,1.25,closed_low,partial_to_closed,True,0.9440110592373349,-0.39522886884007635,decrease
MFA_like_from_control_legacy,CONTROL_175nA.db::trial_136,CONTROL|175|partial_mid|closed_low|delayed_ionic_recruitment_after_load|partial_mid,zth,0.75,zs,0.75,partial_mid,unchanged_partial,False,0.9300641145489028,-0.4091758135285084,decrease
MFA_like_from_control_legacy,CONTROL_175nA.db::trial_136,CONTROL|175|partial_mid|closed_low|delayed_ionic_recruitment_after_load|partial_mid,zth,0.75,zs,1.0,closed_low,partial_to_closed,True,0.9304187069122597,-0.4088212211651515,decrease
MFA_like_from_control_legacy,CONTROL_175nA.db::trial_136,CONTROL|175|partial_mid|closed_low|delayed_ionic_recruitment_after_load|partial_mid,zth,0.75,zs,1.25,closed_low,partial_to_closed,True,0.9351997813351611,-0.4040401467422501,decrease
MFA_like_from_control_legacy,CONTROL_175nA.db::trial_136,CONTROL|175|partial_mid|closed_low|delayed_ionic_recruitment_after_load|partial_mid,zth,1.0,zs,0.75,closed_low,partial_to_closed,True,0.9403000931697096,-0.3989398349077016,decrease
MFA_like_from_control_legacy,CONTROL_175nA.db::trial_136,CONTROL|175|partial_mid|closed_low|delayed_ionic_recruitment_after_load|partial_mid,zth,1.0,zs,1.0,closed_low,partial_to_closed,True,0.9606249573293576,-0.3786149707480536,decrease
MFA_like_from_control_legacy,CONTROL_175nA.db::trial_136,CONTROL|175|partial_mid|closed_low|delayed_ionic_recruitment_after_load|partial_mid,zth,1.0,zs,1.25,closed_low,partial_to_closed,True,0.9421207863736117,-0.39711914170379947,decrease
MFA_like_from_control_legacy,CONTROL_175nA.db::trial_136,CONTROL|175|partial_mid|closed_low|delayed_ionic_recruitment_after_load|partial_mid,zth,1.25,zs,0.75,closed_low,partial_to_closed,True,0.9262421806746077,-0.4129977474028035,decrease
MFA_like_from_control_legacy,CONTROL_175nA.db::trial_136,CONTROL|175|partial_mid|closed_low|delayed_ionic_recruitment_after_load|partial_mid,zth,1.25,zs,1.0,closed_low,partial_to_closed,True,0.9262421958262402,-0.412997732251171,decrease
MFA_like_from_control_legacy,CONTROL_175nA.db::trial_136,CONTROL|175|partial_mid|closed_low|delayed_ionic_recruitment_after_load|partial_mid,zth,1.25,zs,1.25,closed_low,partial_to_closed,True,0.92624223835078,-0.4129976897266312,decrease
MFA_BA_stacked_on_control_legacy,CONTROL_175nA.db::trial_136,CONTROL|175|partial_mid|closed_low|delayed_ionic_recruitment_after_load|partial_mid,gki,0.75,P_gap_eff,0.75,closed_low,partial_to_closed,True,0.9279640218619863,-0.41127590621542487,decrease
MFA_BA_stacked_on_control_legacy,CONTROL_175nA.db::trial_136,CONTROL|175|partial_mid|closed_low|delayed_ionic_recruitment_after_load|partial_mid,gki,0.75,P_gap_eff,1.0,closed_low,partial_to_closed,True,0.9260327892771342,-0.41320713880027704,decrease
MFA_BA_stacked_on_control_legacy,CONTROL_175nA.db::trial_136,CONTROL|175|partial_mid|closed_low|delayed_ionic_recruitment_after_load|partial_mid,gki,0.75,P_gap_eff,1.25,closed_low,partial_to_closed,True,0.9241307189312814,-0.4151092091461298,decrease
MFA_BA_stacked_on_control_legacy,CONTROL_175nA.db::trial_136,CONTROL|175|partial_mid|closed_low|delayed_ionic_recruitment_after_load|partial_mid,gki,1.0,P_gap_eff,0.75,closed_low,partial_to_closed,True,0.928164805686618,-0.41107512239079325,decrease
MFA_BA_stacked_on_control_legacy,CONTROL_175nA.db::trial_136,CONTROL|175|partial_mid|closed_low|delayed_ionic_recruitment_after_load|partial_mid,gki,1.0,P_gap_eff,1.0,closed_low,partial_to_closed,True,0.9606249573293574,-0.37861497074805384,decrease
MFA_BA_stacked_on_control_legacy,CONTROL_175nA.db::trial_136,CONTROL|175|partial_mid|closed_low|delayed_ionic_recruitment_after_load|partial_mid,gki,1.0,P_gap_eff,1.25,closed_low,partial_to_closed,True,0.9391194016625313,-0.40012052641487994,decrease
MFA_BA_stacked_on_control_legacy,CONTROL_175nA.db::trial_136,CONTROL|175|partial_mid|closed_low|delayed_ionic_recruitment_after_load|partial_mid,gki,1.25,P_gap_eff,0.75,closed_low,partial_to_closed,True,1.0308984923937736,-0.3083414356836376,decrease
MFA_BA_stacked_on_control_legacy,CONTROL_175nA.db::trial_136,CONTROL|175|partial_mid|closed_low|delayed_ionic_recruitment_after_load|partial_mid,gki,1.25,P_gap_eff,1.0,closed_low,partial_to_closed,True,1.2685791311713228,-0.0706607969060884,decrease
MFA_BA_stacked_on_control_legacy,CONTROL_175nA.db::trial_136,CONTROL|175|partial_mid|closed_low|delayed_ionic_recruitment_after_load|partial_mid,gki,1.25,P_gap_eff,1.25,closed_low,partial_to_closed,True,1.324338605255806,-0.014901322821605278,decrease
MFA_like_from_control_legacy,CONTROL_175nA.db::trial_282,CONTROL|175|closed_low|open_high|recruited_during_load_then_closed_by_end|closed_low,P_gap_eff,0.75,gamma_s_eff,0.75,closed_low,unchanged_closed,False,0.9073206044912844,-0.39469030732849875,decrease
MFA_like_from_control_legacy,CONTROL_175nA.db::trial_282,CONTROL|175|closed_low|open_high|recruited_during_load_then_closed_by_end|closed_low,P_gap_eff,0.75,gamma_s_eff,1.0,closed_low,unchanged_closed,False,0.9073205859471272,-0.39469032587265596,decrease
MFA_like_from_control_legacy,CONTROL_175nA.db::trial_282,CONTROL|175|closed_low|open_high|recruited_during_load_then_closed_by_end|closed_low,P_gap_eff,0.75,gamma_s_eff,1.25,closed_low,unchanged_closed,False,0.9073205919885392,-0.3946903198312439,decrease
MFA_like_from_control_legacy,CONTROL_175nA.db::trial_282,CONTROL|175|closed_low|open_high|recruited_during_load_then_closed_by_end|closed_low,P_gap_eff,1.0,gamma_s_eff,0.75,closed_low,unchanged_closed,False,0.9071967521209156,-0.3948141596988676,decrease
MFA_like_from_control_legacy,CONTROL_175nA.db::trial_282,CONTROL|175|closed_low|open_high|recruited_during_load_then_closed_by_end|closed_low,P_gap_eff,1.0,gamma_s_eff,1.0,closed_low,unchanged_closed,False,0.9071967572604834,-0.3948141545592997,decrease
MFA_like_from_control_legacy,CONTROL_175nA.db::trial_282,CONTROL|175|closed_low|open_high|recruited_during_load_then_closed_by_end|closed_low,P_gap_eff,1.0,gamma_s_eff,1.25,closed_low,unchanged_closed,False,0.9071967528565051,-0.394814158963278,decrease
MFA_like_from_control_legacy,CONTROL_175nA.db::trial_282,CONTROL|175|closed_low|open_high|recruited_during_load_then_closed_by_end|closed_low,P_gap_eff,1.25,gamma_s_eff,0.75,closed_low,unchanged_closed,False,0.9070727993261701,-0.394938112493613,decrease
MFA_like_from_control_legacy,CONTROL_175nA.db::trial_282,CONTROL|175|closed_low|open_high|recruited_during_load_then_closed_by_end|closed_low,P_gap_eff,1.25,gamma_s_eff,1.0,closed_low,unchanged_closed,False,0.9070727731880804,-0.3949381386317027,decrease
MFA_like_from_control_legacy,CONTROL_175nA.db::trial_282,CONTROL|175|closed_low|open_high|recruited_during_load_then_closed_by_end|closed_low,P_gap_eff,1.25,gamma_s_eff,1.25,closed_low,unchanged_closed,False,0.9070727837598913,-0.3949381280598918,decrease
MFA_like_from_control_legacy,CONTROL_175nA.db::trial_282,CONTROL|175|closed_low|open_high|recruited_during_load_then_closed_by_end|closed_low,P_gap_eff,0.75,zth,0.75,closed_low,unchanged_closed,False,0.9073205826729078,-0.3946903291468753,decrease
MFA_like_from_control_legacy,CONTROL_175nA.db::trial_282,CONTROL|175|closed_low|open_high|recruited_during_load_then_closed_by_end|closed_low,P_gap_eff,0.75,zth,1.0,closed_low,unchanged_closed,False,0.9073205859471272,-0.39469032587265596,decrease
MFA_like_from_control_legacy,CONTROL_175nA.db::trial_282,CONTROL|175|closed_low|open_high|recruited_during_load_then_closed_by_end|closed_low,P_gap_eff,0.75,zth,1.25,closed_low,unchanged_closed,False,0.9073205804850397,-0.3946903313347434,decrease
MFA_like_from_control_legacy,CONTROL_175nA.db::trial_282,CONTROL|175|closed_low|open_high|recruited_during_load_then_closed_by_end|closed_low,P_gap_eff,1.0,zth,0.75,closed_low,unchanged_closed,False,0.9071967618204371,-0.39481414999934605,decrease
MFA_like_from_control_legacy,CONTROL_175nA.db::trial_282,CONTROL|175|closed_low|open_high|recruited_during_load_then_closed_by_end|closed_low,P_gap_eff,1.0,zth,1.0,closed_low,unchanged_closed,False,0.9071967572604834,-0.3948141545592997,decrease
MFA_like_from_control_legacy,CONTROL_175nA.db::trial_282,CONTROL|175|closed_low|open_high|recruited_during_load_then_closed_by_end|closed_low,P_gap_eff,1.0,zth,1.25,closed_low,unchanged_closed,False,0.9071967552960503,-0.39481415652373286,decrease
MFA_like_from_control_legacy,CONTROL_175nA.db::trial_282,CONTROL|175|closed_low|open_high|recruited_during_load_then_closed_by_end|closed_low,P_gap_eff,1.25,zth,0.75,closed_low,unchanged_closed,False,0.9070727955938634,-0.3949381162259197,decrease
MFA_like_from_control_legacy,CONTROL_175nA.db::trial_282,CONTROL|175|closed_low|open_high|recruited_during_load_then_closed_by_end|closed_low,P_gap_eff,1.25,zth,1.0,closed_low,unchanged_closed,False,0.9070727731880804,-0.3949381386317027,decrease
MFA_like_from_control_legacy,CONTROL_175nA.db::trial_282,CONTROL|175|closed_low|open_high|recruited_during_load_then_closed_by_end|closed_low,P_gap_eff,1.25,zth,1.25,closed_low,unchanged_closed,False,0.9070727861683433,-0.3949381256514398,decrease
MFA_like_from_control_legacy,CONTROL_175nA.db::trial_282,CONTROL|175|closed_low|open_high|recruited_during_load_then_closed_by_end|closed_low,gamma_s_eff,0.75,zth,0.75,closed_low,unchanged_closed,False,0.9071967585825843,-0.3948141532371988,decrease
MFA_like_from_control_legacy,CONTROL_175nA.db::trial_282,CONTROL|175|closed_low|open_high|recruited_during_load_then_closed_by_end|closed_low,gamma_s_eff,0.75,zth,1.0,closed_low,unchanged_closed,False,0.9071967521209156,-0.3948141596988676,decrease
MFA_like_from_control_legacy,CONTROL_175nA.db::trial_282,CONTROL|175|closed_low|open_high|recruited_during_load_then_closed_by_end|closed_low,gamma_s_eff,0.75,zth,1.25,closed_low,unchanged_closed,False,0.9071967379451538,-0.39481417387462936,decrease
MFA_like_from_control_legacy,CONTROL_175nA.db::trial_282,CONTROL|175|closed_low|open_high|recruited_during_load_then_closed_by_end|closed_low,gamma_s_eff,1.0,zth,0.75,closed_low,unchanged_closed,False,0.9071967618204371,-0.39481414999934605,decrease
MFA_like_from_control_legacy,CONTROL_175nA.db::trial_282,CONTROL|175|closed_low|open_high|recruited_during_load_then_closed_by_end|closed_low,gamma_s_eff,1.0,zth,1.0,closed_low,unchanged_closed,False,0.9071967572604834,-0.3948141545592997,decrease
MFA_like_from_control_legacy,CONTROL_175nA.db::trial_282,CONTROL|175|closed_low|open_high|recruited_during_load_then_closed_by_end|closed_low,gamma_s_eff,1.0,zth,1.25,closed_low,unchanged_closed,False,0.9071967552960503,-0.39481415652373286,decrease
MFA_like_from_control_legacy,CONTROL_175nA.db::trial_282,CONTROL|175|closed_low|open_high|recruited_during_load_then_closed_by_end|closed_low,gamma_s_eff,1.25,zth,0.75,closed_low,unchanged_closed,False,0.9071967585528945,-0.3948141532668886,decrease
MFA_like_from_control_legacy,CONTROL_175nA.db::trial_282,CONTROL|175|closed_low|open_high|recruited_during_load_then_closed_by_end|closed_low,gamma_s_eff,1.25,zth,1.0,closed_low,unchanged_closed,False,0.9071967528565051,-0.394814158963278,decrease
MFA_like_from_control_legacy,CONTROL_175nA.db::trial_282,CONTROL|175|closed_low|open_high|recruited_during_load_then_closed_by_end|closed_low,gamma_s_eff,1.25,zth,1.25,closed_low,unchanged_closed,False,0.9071967449154337,-0.39481416690434945,decrease
MFA_like_from_control_legacy,CONTROL_175nA.db::trial_282,CONTROL|175|closed_low|open_high|recruited_during_load_then_closed_by_end|closed_low,zth,0.75,zs,0.75,closed_low,unchanged_closed,False,0.9071967417497631,-0.39481417007002007,decrease
MFA_like_from_control_legacy,CONTROL_175nA.db::trial_282,CONTROL|175|closed_low|open_high|recruited_during_load_then_closed_by_end|closed_low,zth,0.75,zs,1.0,closed_low,unchanged_closed,False,0.9071967618204371,-0.39481414999934605,decrease
MFA_like_from_control_legacy,CONTROL_175nA.db::trial_282,CONTROL|175|closed_low|open_high|recruited_during_load_then_closed_by_end|closed_low,zth,0.75,zs,1.25,closed_low,unchanged_closed,False,0.9071967433037816,-0.3948141685160015,decrease
MFA_like_from_control_legacy,CONTROL_175nA.db::trial_282,CONTROL|175|closed_low|open_high|recruited_during_load_then_closed_by_end|closed_low,zth,1.0,zs,0.75,closed_low,unchanged_closed,False,0.9071967466398609,-0.3948141651799222,decrease
MFA_like_from_control_legacy,CONTROL_175nA.db::trial_282,CONTROL|175|closed_low|open_high|recruited_during_load_then_closed_by_end|closed_low,zth,1.0,zs,1.0,closed_low,unchanged_closed,False,0.9071967572604834,-0.3948141545592997,decrease
MFA_like_from_control_legacy,CONTROL_175nA.db::trial_282,CONTROL|175|closed_low|open_high|recruited_during_load_then_closed_by_end|closed_low,zth,1.0,zs,1.25,closed_low,unchanged_closed,False,0.9071967606054271,-0.39481415121435603,decrease
MFA_like_from_control_legacy,CONTROL_175nA.db::trial_282,CONTROL|175|closed_low|open_high|recruited_during_load_then_closed_by_end|closed_low,zth,1.25,zs,0.75,closed_low,unchanged_closed,False,0.9071967489860289,-0.39481416283375426,decrease
MFA_like_from_control_legacy,CONTROL_175nA.db::trial_282,CONTROL|175|closed_low|open_high|recruited_during_load_then_closed_by_end|closed_low,zth,1.25,zs,1.0,closed_low,unchanged_closed,False,0.9071967552960503,-0.39481415652373286,decrease
MFA_like_from_control_legacy,CONTROL_175nA.db::trial_282,CONTROL|175|closed_low|open_high|recruited_during_load_then_closed_by_end|closed_low,zth,1.25,zs,1.25,closed_low,unchanged_closed,False,0.907196747380332,-0.39481416443945117,decrease
MFA_BA_stacked_on_control_legacy,CONTROL_175nA.db::trial_282,CONTROL|175|closed_low|open_high|recruited_during_load_then_closed_by_end|closed_low,gki,0.75,P_gap_eff,0.75,closed_low,unchanged_closed,False,0.9073680811220923,-0.3946428306976908,decrease
MFA_BA_stacked_on_control_legacy,CONTROL_175nA.db::trial_282,CONTROL|175|closed_low|open_high|recruited_during_load_then_closed_by_end|closed_low,gki,0.75,P_gap_eff,1.0,closed_low,unchanged_closed,False,0.907244167564644,-0.39476674425513913,decrease
MFA_BA_stacked_on_control_legacy,CONTROL_175nA.db::trial_282,CONTROL|175|closed_low|open_high|recruited_during_load_then_closed_by_end|closed_low,gki,0.75,P_gap_eff,1.25,closed_low,unchanged_closed,False,0.9071201208019469,-0.3948907910178362,decrease
MFA_BA_stacked_on_control_legacy,CONTROL_175nA.db::trial_282,CONTROL|175|closed_low|open_high|recruited_during_load_then_closed_by_end|closed_low,gki,1.0,P_gap_eff,0.75,closed_low,unchanged_closed,False,0.9073205859471272,-0.39469032587265596,decrease
MFA_BA_stacked_on_control_legacy,CONTROL_175nA.db::trial_282,CONTROL|175|closed_low|open_high|recruited_during_load_then_closed_by_end|closed_low,gki,1.0,P_gap_eff,1.0,closed_low,unchanged_closed,False,0.9071967572604834,-0.3948141545592997,decrease
MFA_BA_stacked_on_control_legacy,CONTROL_175nA.db::trial_282,CONTROL|175|closed_low|open_high|recruited_during_load_then_closed_by_end|closed_low,gki,1.0,P_gap_eff,1.25,closed_low,unchanged_closed,False,0.9070727731880804,-0.3949381386317027,decrease
MFA_BA_stacked_on_control_legacy,CONTROL_175nA.db::trial_282,CONTROL|175|closed_low|open_high|recruited_during_load_then_closed_by_end|closed_low,gki,1.25,P_gap_eff,0.75,closed_low,unchanged_closed,False,0.907292229852083,-0.3947186819677001,decrease
MFA_BA_stacked_on_control_legacy,CONTROL_175nA.db::trial_282,CONTROL|175|closed_low|open_high|recruited_during_load_then_closed_by_end|closed_low,gki,1.25,P_gap_eff,1.0,closed_low,unchanged_closed,False,0.9071684175952287,-0.3948424942245544,decrease
MFA_BA_stacked_on_control_legacy,CONTROL_175nA.db::trial_282,CONTROL|175|closed_low|open_high|recruited_during_load_then_closed_by_end|closed_low,gki,1.25,P_gap_eff,1.25,closed_low,unchanged_closed,False,0.9070444801494405,-0.3949664316703426,decrease
MFA_like_from_mfa_legacy,MFA_50nA.db::trial_0,MFA|50|closed_low|closed_low|fully_closed_at_sim_end|closed_low,P_gap_eff,0.75,gamma_s_eff,0.75,closed_low,unchanged_closed,False,1.36103812334964,-0.04759201535348501,decrease
MFA_like_from_mfa_legacy,MFA_50nA.db::trial_0,MFA|50|closed_low|closed_low|fully_closed_at_sim_end|closed_low,P_gap_eff,0.75,gamma_s_eff,1.0,closed_low,unchanged_closed,False,1.359677590840241,-0.048952547862884055,decrease
MFA_like_from_mfa_legacy,MFA_50nA.db::trial_0,MFA|50|closed_low|closed_low|fully_closed_at_sim_end|closed_low,P_gap_eff,0.75,gamma_s_eff,1.25,closed_low,unchanged_closed,False,1.358835759672012,-0.049794379031113056,decrease
MFA_like_from_mfa_legacy,MFA_50nA.db::trial_0,MFA|50|closed_low|closed_low|fully_closed_at_sim_end|closed_low,P_gap_eff,1.0,gamma_s_eff,0.75,closed_low,unchanged_closed,False,1.3071421483024186,-0.10148799040070644,decrease
MFA_like_from_mfa_legacy,MFA_50nA.db::trial_0,MFA|50|closed_low|closed_low|fully_closed_at_sim_end|closed_low,P_gap_eff,1.0,gamma_s_eff,1.0,closed_low,unchanged_closed,False,1.3046014127472825,-0.10402872595584256,decrease
MFA_like_from_mfa_legacy,MFA_50nA.db::trial_0,MFA|50|closed_low|closed_low|fully_closed_at_sim_end|closed_low,P_gap_eff,1.0,gamma_s_eff,1.25,closed_low,unchanged_closed,False,1.3030777664311655,-0.10555237227195957,decrease
MFA_like_from_mfa_legacy,MFA_50nA.db::trial_0,MFA|50|closed_low|closed_low|fully_closed_at_sim_end|closed_low,P_gap_eff,1.25,gamma_s_eff,0.75,closed_low,unchanged_closed,False,1.22167342579961,-0.186956712903515,decrease
MFA_like_from_mfa_legacy,MFA_50nA.db::trial_0,MFA|50|closed_low|closed_low|fully_closed_at_sim_end|closed_low,P_gap_eff,1.25,gamma_s_eff,1.0,closed_low,unchanged_closed,False,1.217440761225819,-0.19118937747730613,decrease
MFA_like_from_mfa_legacy,MFA_50nA.db::trial_0,MFA|50|closed_low|closed_low|fully_closed_at_sim_end|closed_low,P_gap_eff,1.25,gamma_s_eff,1.25,closed_low,unchanged_closed,False,1.214949880885354,-0.19368025781777098,decrease
MFA_like_from_mfa_legacy,MFA_50nA.db::trial_0,MFA|50|closed_low|closed_low|fully_closed_at_sim_end|closed_low,P_gap_eff,0.75,zth,0.75,partial_mid,closed_to_partial,True,1.3578661806382415,-0.05076395806488354,decrease
MFA_like_from_mfa_legacy,MFA_50nA.db::trial_0,MFA|50|closed_low|closed_low|fully_closed_at_sim_end|closed_low,P_gap_eff,0.75,zth,1.0,closed_low,unchanged_closed,False,1.359677590840241,-0.048952547862884055,decrease
MFA_like_from_mfa_legacy,MFA_50nA.db::trial_0,MFA|50|closed_low|closed_low|fully_closed_at_sim_end|closed_low,P_gap_eff,0.75,zth,1.25,closed_low,unchanged_closed,False,1.362823913751353,-0.04580622495177211,decrease
MFA_like_from_mfa_legacy,MFA_50nA.db::trial_0,MFA|50|closed_low|closed_low|fully_closed_at_sim_end|closed_low,P_gap_eff,1.0,zth,0.75,partial_mid,closed_to_partial,True,1.3013787991963,-0.10725133950682508,decrease
MFA_like_from_mfa_legacy,MFA_50nA.db::trial_0,MFA|50|closed_low|closed_low|fully_closed_at_sim_end|closed_low,P_gap_eff,1.0,zth,1.0,closed_low,unchanged_closed,False,1.3046014127472825,-0.10402872595584256,decrease
MFA_like_from_mfa_legacy,MFA_50nA.db::trial_0,MFA|50|closed_low|closed_low|fully_closed_at_sim_end|closed_low,P_gap_eff,1.0,zth,1.25,closed_low,unchanged_closed,False,1.3105858997339617,-0.09804423896916337,decrease
MFA_like_from_mfa_legacy,MFA_50nA.db::trial_0,MFA|50|closed_low|closed_low|fully_closed_at_sim_end|closed_low,P_gap_eff,1.25,zth,0.75,partial_mid,closed_to_partial,True,1.2121974308679946,-0.19643270783513045,decrease
MFA_like_from_mfa_legacy,MFA_50nA.db::trial_0,MFA|50|closed_low|closed_low|fully_closed_at_sim_end|closed_low,P_gap_eff,1.25,zth,1.0,closed_low,unchanged_closed,False,1.217440761225819,-0.19118937747730613,decrease
MFA_like_from_mfa_legacy,MFA_50nA.db::trial_0,MFA|50|closed_low|closed_low|fully_closed_at_sim_end|closed_low,P_gap_eff,1.25,zth,1.25,closed_low,unchanged_closed,False,1.227521937197255,-0.18110820150587004,decrease
MFA_like_from_mfa_legacy,MFA_50nA.db::trial_0,MFA|50|closed_low|closed_low|fully_closed_at_sim_end|closed_low,gamma_s_eff,0.75,zth,0.75,partial_mid,closed_to_partial,True,1.3028038464514449,-0.10582629225168017,decrease
MFA_like_from_mfa_legacy,MFA_50nA.db::trial_0,MFA|50|closed_low|closed_low|fully_closed_at_sim_end|closed_low,gamma_s_eff,0.75,zth,1.0,closed_low,unchanged_closed,False,1.3071421483024186,-0.10148799040070644,decrease
MFA_like_from_mfa_legacy,MFA_50nA.db::trial_0,MFA|50|closed_low|closed_low|fully_closed_at_sim_end|closed_low,gamma_s_eff,0.75,zth,1.25,closed_low,unchanged_closed,False,1.3148226849288558,-0.09380745377426924,decrease
MFA_like_from_mfa_legacy,MFA_50nA.db::trial_0,MFA|50|closed_low|closed_low|fully_closed_at_sim_end|closed_low,gamma_s_eff,1.0,zth,0.75,partial_mid,closed_to_partial,True,1.3013787991963,-0.10725133950682508,decrease
MFA_like_from_mfa_legacy,MFA_50nA.db::trial_0,MFA|50|closed_low|closed_low|fully_closed_at_sim_end|closed_low,gamma_s_eff,1.0,zth,1.0,closed_low,unchanged_closed,False,1.3046014127472825,-0.10402872595584256,decrease
MFA_like_from_mfa_legacy,MFA_50nA.db::trial_0,MFA|50|closed_low|closed_low|fully_closed_at_sim_end|closed_low,gamma_s_eff,1.0,zth,1.25,closed_low,unchanged_closed,False,1.3105858997339617,-0.09804423896916337,decrease
MFA_like_from_mfa_legacy,MFA_50nA.db::trial_0,MFA|50|closed_low|closed_low|fully_closed_at_sim_end|closed_low,gamma_s_eff,1.25,zth,0.75,partial_mid,closed_to_partial,True,1.3005433989576107,-0.1080867397455143,decrease
MFA_like_from_mfa_legacy,MFA_50nA.db::trial_0,MFA|50|closed_low|closed_low|fully_closed_at_sim_end|closed_low,gamma_s_eff,1.25,zth,1.0,closed_low,unchanged_closed,False,1.3030777664311655,-0.10555237227195957,decrease
MFA_like_from_mfa_legacy,MFA_50nA.db::trial_0,MFA|50|closed_low|closed_low|fully_closed_at_sim_end|closed_low,gamma_s_eff,1.25,zth,1.25,closed_low,unchanged_closed,False,1.3079291916682378,-0.10070094703488719,decrease
MFA_like_from_mfa_legacy,MFA_50nA.db::trial_0,MFA|50|closed_low|closed_low|fully_closed_at_sim_end|closed_low,zth,0.75,zs,0.75,partial_mid,closed_to_partial,True,1.300070993542235,-0.10855914516089005,decrease
MFA_like_from_mfa_legacy,MFA_50nA.db::trial_0,MFA|50|closed_low|closed_low|fully_closed_at_sim_end|closed_low,zth,0.75,zs,1.0,partial_mid,closed_to_partial,True,1.3013787991963,-0.10725133950682508,decrease
MFA_like_from_mfa_legacy,MFA_50nA.db::trial_0,MFA|50|closed_low|closed_low|fully_closed_at_sim_end|closed_low,zth,0.75,zs,1.25,closed_low,unchanged_closed,False,1.3034909897744724,-0.10513914892865261,decrease
MFA_like_from_mfa_legacy,MFA_50nA.db::trial_0,MFA|50|closed_low|closed_low|fully_closed_at_sim_end|closed_low,zth,1.0,zs,0.75,partial_mid,closed_to_partial,True,1.3014312491675586,-0.10719888953556644,decrease
MFA_like_from_mfa_legacy,MFA_50nA.db::trial_0,MFA|50|closed_low|closed_low|fully_closed_at_sim_end|closed_low,zth,1.0,zs,1.0,closed_low,unchanged_closed,False,1.3046014127472825,-0.10402872595584256,decrease
MFA_like_from_mfa_legacy,MFA_50nA.db::trial_0,MFA|50|closed_low|closed_low|fully_closed_at_sim_end|closed_low,zth,1.0,zs,1.25,closed_low,unchanged_closed,False,1.310327693019926,-0.09830244568319912,decrease
MFA_like_from_mfa_legacy,MFA_50nA.db::trial_0,MFA|50|closed_low|closed_low|fully_closed_at_sim_end|closed_low,zth,1.25,zs,0.75,closed_low,unchanged_closed,False,1.3036856788240465,-0.10494445987907852,decrease
MFA_like_from_mfa_legacy,MFA_50nA.db::trial_0,MFA|50|closed_low|closed_low|fully_closed_at_sim_end|closed_low,zth,1.25,zs,1.0,closed_low,unchanged_closed,False,1.3105858997339617,-0.09804423896916337,decrease
MFA_like_from_mfa_legacy,MFA_50nA.db::trial_0,MFA|50|closed_low|closed_low|fully_closed_at_sim_end|closed_low,zth,1.25,zs,1.25,closed_low,unchanged_closed,False,1.3232256143548995,-0.08540452434822554,decrease
MFA_BA_from_MFA_legacy,MFA_50nA.db::trial_0,MFA|50|closed_low|closed_low|fully_closed_at_sim_end|closed_low,gki,0.75,P_gap_eff,0.75,closed_low,unchanged_closed,False,1.3686142529493663,-0.040015885753758695,decrease
MFA_BA_from_MFA_legacy,MFA_50nA.db::trial_0,MFA|50|closed_low|closed_low|fully_closed_at_sim_end|closed_low,gki,0.75,P_gap_eff,1.0,closed_low,unchanged_closed,False,1.327484832142408,-0.08114530656071706,decrease
MFA_BA_from_MFA_legacy,MFA_50nA.db::trial_0,MFA|50|closed_low|closed_low|fully_closed_at_sim_end|closed_low,gki,0.75,P_gap_eff,1.25,closed_low,unchanged_closed,False,1.2627782641341598,-0.1458518745689652,decrease
MFA_BA_from_MFA_legacy,MFA_50nA.db::trial_0,MFA|50|closed_low|closed_low|fully_closed_at_sim_end|closed_low,gki,1.0,P_gap_eff,0.75,closed_low,unchanged_closed,False,1.359677590840241,-0.048952547862884055,decrease
MFA_BA_from_MFA_legacy,MFA_50nA.db::trial_0,MFA|50|closed_low|closed_low|fully_closed_at_sim_end|closed_low,gki,1.0,P_gap_eff,1.0,closed_low,unchanged_closed,False,1.3046014127472825,-0.10402872595584256,decrease
MFA_BA_from_MFA_legacy,MFA_50nA.db::trial_0,MFA|50|closed_low|closed_low|fully_closed_at_sim_end|closed_low,gki,1.0,P_gap_eff,1.25,closed_low,unchanged_closed,False,1.217440761225819,-0.19118937747730613,decrease
MFA_BA_from_MFA_legacy,MFA_50nA.db::trial_0,MFA|50|closed_low|closed_low|fully_closed_at_sim_end|closed_low,gki,1.25,P_gap_eff,0.75,closed_low,unchanged_closed,False,1.353182208497594,-0.05544793020553107,decrease
MFA_BA_from_MFA_legacy,MFA_50nA.db::trial_0,MFA|50|closed_low|closed_low|fully_closed_at_sim_end|closed_low,gki,1.25,P_gap_eff,1.0,closed_low,unchanged_closed,False,1.2875859360891917,-0.12104420261393334,decrease
MFA_BA_from_MFA_legacy,MFA_50nA.db::trial_0,MFA|50|closed_low|closed_low|fully_closed_at_sim_end|closed_low,gki,1.25,P_gap_eff,1.25,closed_low,unchanged_closed,False,1.1827414486354664,-0.22588869006765866,decrease
MFA_like_from_mfa_legacy,MFA_50nA.db::trial_5044,MFA|50|closed_low|closed_low|fully_closed_at_sim_end|closed_low,P_gap_eff,0.75,gamma_s_eff,0.75,closed_low,unchanged_closed,False,0.9515328839424473,-0.1477522236400648,decrease
MFA_like_from_mfa_legacy,MFA_50nA.db::trial_5044,MFA|50|closed_low|closed_low|fully_closed_at_sim_end|closed_low,P_gap_eff,0.75,gamma_s_eff,1.0,closed_low,unchanged_closed,False,0.9515338996360356,-0.14775120794647645,decrease
MFA_like_from_mfa_legacy,MFA_50nA.db::trial_5044,MFA|50|closed_low|closed_low|fully_closed_at_sim_end|closed_low,P_gap_eff,0.75,gamma_s_eff,1.25,closed_low,unchanged_closed,False,0.9515321576460052,-0.1477529499365069,decrease
MFA_like_from_mfa_legacy,MFA_50nA.db::trial_5044,MFA|50|closed_low|closed_low|fully_closed_at_sim_end|closed_low,P_gap_eff,1.0,gamma_s_eff,0.75,closed_low,unchanged_closed,False,0.8424209148990923,-0.25686419268341976,decrease
MFA_like_from_mfa_legacy,MFA_50nA.db::trial_5044,MFA|50|closed_low|closed_low|fully_closed_at_sim_end|closed_low,P_gap_eff,1.0,gamma_s_eff,1.0,closed_low,unchanged_closed,False,0.8424198824431399,-0.25686522513937216,decrease
MFA_like_from_mfa_legacy,MFA_50nA.db::trial_5044,MFA|50|closed_low|closed_low|fully_closed_at_sim_end|closed_low,P_gap_eff,1.0,gamma_s_eff,1.25,closed_low,unchanged_closed,False,0.8424207203437273,-0.2568643872387848,decrease
MFA_like_from_mfa_legacy,MFA_50nA.db::trial_5044,MFA|50|closed_low|closed_low|fully_closed_at_sim_end|closed_low,P_gap_eff,1.25,gamma_s_eff,0.75,closed_low,unchanged_closed,False,0.742878969118827,-0.3564061384636851,decrease
MFA_like_from_mfa_legacy,MFA_50nA.db::trial_5044,MFA|50|closed_low|closed_low|fully_closed_at_sim_end|closed_low,P_gap_eff,1.25,gamma_s_eff,1.0,closed_low,unchanged_closed,False,0.7428794191605151,-0.35640568842199694,decrease
MFA_like_from_mfa_legacy,MFA_50nA.db::trial_5044,MFA|50|closed_low|closed_low|fully_closed_at_sim_end|closed_low,P_gap_eff,1.25,gamma_s_eff,1.25,closed_low,unchanged_closed,False,0.7428803645235096,-0.3564047430590025,decrease
MFA_like_from_mfa_legacy,MFA_50nA.db::trial_5044,MFA|50|closed_low|closed_low|fully_closed_at_sim_end|closed_low,P_gap_eff,0.75,zth,0.75,closed_low,unchanged_closed,False,0.9515348126091873,-0.1477502949733248,decrease
MFA_like_from_mfa_legacy,MFA_50nA.db::trial_5044,MFA|50|closed_low|closed_low|fully_closed_at_sim_end|closed_low,P_gap_eff,0.75,zth,1.0,closed_low,unchanged_closed,False,0.9515338996360356,-0.14775120794647645,decrease
MFA_like_from_mfa_legacy,MFA_50nA.db::trial_5044,MFA|50|closed_low|closed_low|fully_closed_at_sim_end|closed_low,P_gap_eff,0.75,zth,1.25,closed_low,unchanged_closed,False,0.9515321126114352,-0.14775299497107686,decrease
MFA_like_from_mfa_legacy,MFA_50nA.db::trial_5044,MFA|50|closed_low|closed_low|fully_closed_at_sim_end|closed_low,P_gap_eff,1.0,zth,0.75,closed_low,unchanged_closed,False,0.8424317246027411,-0.256853382979771,decrease
MFA_like_from_mfa_legacy,MFA_50nA.db::trial_5044,MFA|50|closed_low|closed_low|fully_closed_at_sim_end|closed_low,P_gap_eff,1.0,zth,1.0,closed_low,unchanged_closed,False,0.8424198824431399,-0.25686522513937216,decrease
MFA_like_from_mfa_legacy,MFA_50nA.db::trial_5044,MFA|50|closed_low|closed_low|fully_closed_at_sim_end|closed_low,P_gap_eff,1.0,zth,1.25,closed_low,unchanged_closed,False,0.842420591193024,-0.25686451638948804,decrease
MFA_like_from_mfa_legacy,MFA_50nA.db::trial_5044,MFA|50|closed_low|closed_low|fully_closed_at_sim_end|closed_low,P_gap_eff,1.25,zth,0.75,closed_low,unchanged_closed,False,0.7428984718312963,-0.35638663575121576,decrease
MFA_like_from_mfa_legacy,MFA_50nA.db::trial_5044,MFA|50|closed_low|closed_low|fully_closed_at_sim_end|closed_low,P_gap_eff,1.25,zth,1.0,closed_low,unchanged_closed,False,0.7428794191605151,-0.35640568842199694,decrease
MFA_like_from_mfa_legacy,MFA_50nA.db::trial_5044,MFA|50|closed_low|closed_low|fully_closed_at_sim_end|closed_low,P_gap_eff,1.25,zth,1.25,closed_low,unchanged_closed,False,0.7428800092461684,-0.3564050983363437,decrease
MFA_like_from_mfa_legacy,MFA_50nA.db::trial_5044,MFA|50|closed_low|closed_low|fully_closed_at_sim_end|closed_low,gamma_s_eff,0.75,zth,0.75,closed_low,unchanged_closed,False,0.84242851258366,-0.25685659499885205,decrease
MFA_like_from_mfa_legacy,MFA_50nA.db::trial_5044,MFA|50|closed_low|closed_low|fully_closed_at_sim_end|closed_low,gamma_s_eff,0.75,zth,1.0,closed_low,unchanged_closed,False,0.8424209148990923,-0.25686419268341976,decrease
MFA_like_from_mfa_legacy,MFA_50nA.db::trial_5044,MFA|50|closed_low|closed_low|fully_closed_at_sim_end|closed_low,gamma_s_eff,0.75,zth,1.25,closed_low,unchanged_closed,False,0.8424214322966258,-0.2568636752858863,decrease
MFA_like_from_mfa_legacy,MFA_50nA.db::trial_5044,MFA|50|closed_low|closed_low|fully_closed_at_sim_end|closed_low,gamma_s_eff,1.0,zth,0.75,closed_low,unchanged_closed,False,0.8424317246027411,-0.256853382979771,decrease
MFA_like_from_mfa_legacy,MFA_50nA.db::trial_5044,MFA|50|closed_low|closed_low|fully_closed_at_sim_end|closed_low,gamma_s_eff,1.0,zth,1.0,closed_low,unchanged_closed,False,0.8424198824431399,-0.25686522513937216,decrease
MFA_like_from_mfa_legacy,MFA_50nA.db::trial_5044,MFA|50|closed_low|closed_low|fully_closed_at_sim_end|closed_low,gamma_s_eff,1.0,zth,1.25,closed_low,unchanged_closed,False,0.842420591193024,-0.25686451638948804,decrease
MFA_like_from_mfa_legacy,MFA_50nA.db::trial_5044,MFA|50|closed_low|closed_low|fully_closed_at_sim_end|closed_low,gamma_s_eff,1.25,zth,0.75,closed_low,unchanged_closed,False,0.8424345212388578,-0.2568505863436543,decrease
MFA_like_from_mfa_legacy,MFA_50nA.db::trial_5044,MFA|50|closed_low|closed_low|fully_closed_at_sim_end|closed_low,gamma_s_eff,1.25,zth,1.0,closed_low,unchanged_closed,False,0.8424207203437273,-0.2568643872387848,decrease
MFA_like_from_mfa_legacy,MFA_50nA.db::trial_5044,MFA|50|closed_low|closed_low|fully_closed_at_sim_end|closed_low,gamma_s_eff,1.25,zth,1.25,closed_low,unchanged_closed,False,0.8424206073702161,-0.256864500212296,decrease
MFA_like_from_mfa_legacy,MFA_50nA.db::trial_5044,MFA|50|closed_low|closed_low|fully_closed_at_sim_end|closed_low,zth,0.75,zs,0.75,closed_low,unchanged_closed,False,0.843124836366617,-0.25616027121589513,decrease
MFA_like_from_mfa_legacy,MFA_50nA.db::trial_5044,MFA|50|closed_low|closed_low|fully_closed_at_sim_end|closed_low,zth,0.75,zs,1.0,closed_low,unchanged_closed,False,0.8424317246027411,-0.256853382979771,decrease
MFA_like_from_mfa_legacy,MFA_50nA.db::trial_5044,MFA|50|closed_low|closed_low|fully_closed_at_sim_end|closed_low,zth,0.75,zs,1.25,closed_low,unchanged_closed,False,0.8424206883112961,-0.25686441927121595,decrease
MFA_like_from_mfa_legacy,MFA_50nA.db::trial_5044,MFA|50|closed_low|closed_low|fully_closed_at_sim_end|closed_low,zth,1.0,zs,0.75,closed_low,unchanged_closed,False,0.842432484141034,-0.2568526234414781,decrease
MFA_like_from_mfa_legacy,MFA_50nA.db::trial_5044,MFA|50|closed_low|closed_low|fully_closed_at_sim_end|closed_low,zth,1.0,zs,1.0,closed_low,unchanged_closed,False,0.8424198824431399,-0.25686522513937216,decrease
MFA_like_from_mfa_legacy,MFA_50nA.db::trial_5044,MFA|50|closed_low|closed_low|fully_closed_at_sim_end|closed_low,zth,1.0,zs,1.25,closed_low,unchanged_closed,False,0.8424197103746714,-0.25686539720784063,decrease
MFA_like_from_mfa_legacy,MFA_50nA.db::trial_5044,MFA|50|closed_low|closed_low|fully_closed_at_sim_end|closed_low,zth,1.25,zs,0.75,closed_low,unchanged_closed,False,0.8424204752564622,-0.25686463232604984,decrease
MFA_like_from_mfa_legacy,MFA_50nA.db::trial_5044,MFA|50|closed_low|closed_low|fully_closed_at_sim_end|closed_low,zth,1.25,zs,1.0,closed_low,unchanged_closed,False,0.842420591193024,-0.25686451638948804,decrease
MFA_like_from_mfa_legacy,MFA_50nA.db::trial_5044,MFA|50|closed_low|closed_low|fully_closed_at_sim_end|closed_low,zth,1.25,zs,1.25,closed_low,unchanged_closed,False,0.8424202959804122,-0.25686481160209984,decrease
MFA_BA_from_MFA_legacy,MFA_50nA.db::trial_5044,MFA|50|closed_low|closed_low|fully_closed_at_sim_end|closed_low,gki,0.75,P_gap_eff,0.75,closed_low,unchanged_closed,False,0.9620733641297046,-0.1372117434528075,decrease
MFA_BA_from_MFA_legacy,MFA_50nA.db::trial_5044,MFA|50|closed_low|closed_low|fully_closed_at_sim_end|closed_low,gki,0.75,P_gap_eff,1.0,closed_low,unchanged_closed,False,0.8653780994302647,-0.2339070081522474,decrease
MFA_BA_from_MFA_legacy,MFA_50nA.db::trial_5044,MFA|50|closed_low|closed_low|fully_closed_at_sim_end|closed_low,gki,0.75,P_gap_eff,1.25,closed_low,unchanged_closed,False,0.7623071735030962,-0.3369779340794159,decrease
MFA_BA_from_MFA_legacy,MFA_50nA.db::trial_5044,MFA|50|closed_low|closed_low|fully_closed_at_sim_end|closed_low,gki,1.0,P_gap_eff,0.75,closed_low,unchanged_closed,False,0.9515338996360356,-0.14775120794647645,decrease
MFA_BA_from_MFA_legacy,MFA_50nA.db::trial_5044,MFA|50|closed_low|closed_low|fully_closed_at_sim_end|closed_low,gki,1.0,P_gap_eff,1.0,closed_low,unchanged_closed,False,0.8424198824431399,-0.25686522513937216,decrease
MFA_BA_from_MFA_legacy,MFA_50nA.db::trial_5044,MFA|50|closed_low|closed_low|fully_closed_at_sim_end|closed_low,gki,1.0,P_gap_eff,1.25,closed_low,unchanged_closed,False,0.7428794191605151,-0.35640568842199694,decrease
MFA_BA_from_MFA_legacy,MFA_50nA.db::trial_5044,MFA|50|closed_low|closed_low|fully_closed_at_sim_end|closed_low,gki,1.25,P_gap_eff,0.75,closed_low,unchanged_closed,False,0.9442986936371116,-0.15498641394540047,decrease
MFA_BA_from_MFA_legacy,MFA_50nA.db::trial_5044,MFA|50|closed_low|closed_low|fully_closed_at_sim_end|closed_low,gki,1.25,P_gap_eff,1.0,closed_low,unchanged_closed,False,0.8266011821216636,-0.2726839254608485,decrease
MFA_BA_from_MFA_legacy,MFA_50nA.db::trial_5044,MFA|50|closed_low|closed_low|fully_closed_at_sim_end|closed_low,gki,1.25,P_gap_eff,1.25,closed_low,unchanged_closed,False,0.7292646162694784,-0.3700204913130337,decrease
MFA_like_from_mfa_legacy,MFA_75nA.db::trial_0,MFA|75|closed_low|closed_low|fully_closed_at_sim_end|closed_low,P_gap_eff,0.75,gamma_s_eff,0.75,closed_low,unchanged_closed,False,1.347552888852758,-0.05218173516153546,decrease
MFA_like_from_mfa_legacy,MFA_75nA.db::trial_0,MFA|75|closed_low|closed_low|fully_closed_at_sim_end|closed_low,P_gap_eff,0.75,gamma_s_eff,1.0,closed_low,unchanged_closed,False,1.3462745142687074,-0.053460109745586015,decrease
MFA_like_from_mfa_legacy,MFA_75nA.db::trial_0,MFA|75|closed_low|closed_low|fully_closed_at_sim_end|closed_low,P_gap_eff,0.75,gamma_s_eff,1.25,closed_low,unchanged_closed,False,1.3454848897533371,-0.05424973426095625,decrease
MFA_like_from_mfa_legacy,MFA_75nA.db::trial_0,MFA|75|closed_low|closed_low|fully_closed_at_sim_end|closed_low,P_gap_eff,1.0,gamma_s_eff,0.75,closed_low,unchanged_closed,False,1.2931895410130358,-0.10654508300125753,decrease
MFA_like_from_mfa_legacy,MFA_75nA.db::trial_0,MFA|75|closed_low|closed_low|fully_closed_at_sim_end|closed_low,P_gap_eff,1.0,gamma_s_eff,1.0,closed_low,unchanged_closed,False,1.2909804574623815,-0.10875416655191184,decrease
MFA_like_from_mfa_legacy,MFA_75nA.db::trial_0,MFA|75|closed_low|closed_low|fully_closed_at_sim_end|closed_low,P_gap_eff,1.0,gamma_s_eff,1.25,closed_low,unchanged_closed,False,1.2896500629462804,-0.11008456106801301,decrease
MFA_like_from_mfa_legacy,MFA_75nA.db::trial_0,MFA|75|closed_low|closed_low|fully_closed_at_sim_end|closed_low,P_gap_eff,1.25,gamma_s_eff,0.75,closed_low,unchanged_closed,False,1.2070398172002401,-0.19269480681405327,decrease
MFA_like_from_mfa_legacy,MFA_75nA.db::trial_0,MFA|75|closed_low|closed_low|fully_closed_at_sim_end|closed_low,P_gap_eff,1.25,gamma_s_eff,1.0,closed_low,unchanged_closed,False,1.2035085712516265,-0.1962260527626669,decrease
MFA_like_from_mfa_legacy,MFA_75nA.db::trial_0,MFA|75|closed_low|closed_low|fully_closed_at_sim_end|closed_low,P_gap_eff,1.25,gamma_s_eff,1.25,closed_low,unchanged_closed,False,1.201415754647442,-0.1983188693668514,decrease
MFA_like_from_mfa_legacy,MFA_75nA.db::trial_0,MFA|75|closed_low|closed_low|fully_closed_at_sim_end|closed_low,P_gap_eff,0.75,zth,0.75,partial_mid,closed_to_partial,True,1.3445781021615493,-0.05515652185274411,decrease
MFA_like_from_mfa_legacy,MFA_75nA.db::trial_0,MFA|75|closed_low|closed_low|fully_closed_at_sim_end|closed_low,P_gap_eff,0.75,zth,1.0,closed_low,unchanged_closed,False,1.3462745142687074,-0.053460109745586015,decrease
MFA_like_from_mfa_legacy,MFA_75nA.db::trial_0,MFA|75|closed_low|closed_low|fully_closed_at_sim_end|closed_low,P_gap_eff,0.75,zth,1.25,closed_low,unchanged_closed,False,1.349216829217012,-0.05051779479728147,decrease
MFA_like_from_mfa_legacy,MFA_75nA.db::trial_0,MFA|75|closed_low|closed_low|fully_closed_at_sim_end|closed_low,P_gap_eff,1.0,zth,0.75,partial_mid,closed_to_partial,True,1.2881744171086544,-0.11156020690563895,decrease
MFA_like_from_mfa_legacy,MFA_75nA.db::trial_0,MFA|75|closed_low|closed_low|fully_closed_at_sim_end|closed_low,P_gap_eff,1.0,zth,1.0,closed_low,unchanged_closed,False,1.2909804574623815,-0.10875416655191184,decrease
MFA_like_from_mfa_legacy,MFA_75nA.db::trial_0,MFA|75|closed_low|closed_low|fully_closed_at_sim_end|closed_low,P_gap_eff,1.0,zth,1.25,closed_low,unchanged_closed,False,1.2961915938770234,-0.10354303013726995,decrease
MFA_like_from_mfa_legacy,MFA_75nA.db::trial_0,MFA|75|closed_low|closed_low|fully_closed_at_sim_end|closed_low,P_gap_eff,1.25,zth,0.75,partial_mid,closed_to_partial,True,1.1991199226031048,-0.20061470141118853,decrease
MFA_like_from_mfa_legacy,MFA_75nA.db::trial_0,MFA|75|closed_low|closed_low|fully_closed_at_sim_end|closed_low,P_gap_eff,1.25,zth,1.0,closed_low,unchanged_closed,False,1.2035085712516265,-0.1962260527626669,decrease
MFA_like_from_mfa_legacy,MFA_75nA.db::trial_0,MFA|75|closed_low|closed_low|fully_closed_at_sim_end|closed_low,P_gap_eff,1.25,zth,1.25,closed_low,unchanged_closed,False,1.211928121887572,-0.18780650212672145,decrease
MFA_like_from_mfa_legacy,MFA_75nA.db::trial_0,MFA|75|closed_low|closed_low|fully_closed_at_sim_end|closed_low,gamma_s_eff,0.75,zth,0.75,partial_mid,closed_to_partial,True,1.2894190577150608,-0.11031556629923256,decrease
MFA_like_from_mfa_legacy,MFA_75nA.db::trial_0,MFA|75|closed_low|closed_low|fully_closed_at_sim_end|closed_low,gamma_s_eff,0.75,zth,1.0,closed_low,unchanged_closed,False,1.2931895410130358,-0.10654508300125753,decrease
MFA_like_from_mfa_legacy,MFA_75nA.db::trial_0,MFA|75|closed_low|closed_low|fully_closed_at_sim_end|closed_low,gamma_s_eff,0.75,zth,1.25,closed_low,unchanged_closed,False,1.299886999497832,-0.09984762451646145,decrease
MFA_like_from_mfa_legacy,MFA_75nA.db::trial_0,MFA|75|closed_low|closed_low|fully_closed_at_sim_end|closed_low,gamma_s_eff,1.0,zth,0.75,partial_mid,closed_to_partial,True,1.2881744171086544,-0.11156020690563895,decrease
MFA_like_from_mfa_legacy,MFA_75nA.db::trial_0,MFA|75|closed_low|closed_low|fully_closed_at_sim_end|closed_low,gamma_s_eff,1.0,zth,1.0,closed_low,unchanged_closed,False,1.2909804574623815,-0.10875416655191184,decrease
MFA_like_from_mfa_legacy,MFA_75nA.db::trial_0,MFA|75|closed_low|closed_low|fully_closed_at_sim_end|closed_low,gamma_s_eff,1.0,zth,1.25,closed_low,unchanged_closed,False,1.2961915938770234,-0.10354303013726995,decrease
MFA_like_from_mfa_legacy,MFA_75nA.db::trial_0,MFA|75|closed_low|closed_low|fully_closed_at_sim_end|closed_low,gamma_s_eff,1.25,zth,0.75,partial_mid,closed_to_partial,True,1.2874429832955268,-0.11229164071876663,decrease
MFA_like_from_mfa_legacy,MFA_75nA.db::trial_0,MFA|75|closed_low|closed_low|fully_closed_at_sim_end|closed_low,gamma_s_eff,1.25,zth,1.0,closed_low,unchanged_closed,False,1.2896500629462804,-0.11008456106801301,decrease
MFA_like_from_mfa_legacy,MFA_75nA.db::trial_0,MFA|75|closed_low|closed_low|fully_closed_at_sim_end|closed_low,gamma_s_eff,1.25,zth,1.25,closed_low,unchanged_closed,False,1.293871676793756,-0.10586294722053746,decrease
MFA_like_from_mfa_legacy,MFA_75nA.db::trial_0,MFA|75|closed_low|closed_low|fully_closed_at_sim_end|closed_low,zth,0.75,zs,0.75,partial_mid,closed_to_partial,True,1.2870377260945052,-0.11269689791978821,decrease
MFA_like_from_mfa_legacy,MFA_75nA.db::trial_0,MFA|75|closed_low|closed_low|fully_closed_at_sim_end|closed_low,zth,0.75,zs,1.0,partial_mid,closed_to_partial,True,1.2881744171086544,-0.11156020690563895,decrease
MFA_like_from_mfa_legacy,MFA_75nA.db::trial_0,MFA|75|closed_low|closed_low|fully_closed_at_sim_end|closed_low,zth,0.75,zs,1.25,closed_low,unchanged_closed,False,1.2899824478664348,-0.1097521761478586,decrease
MFA_like_from_mfa_legacy,MFA_75nA.db::trial_0,MFA|75|closed_low|closed_low|fully_closed_at_sim_end|closed_low,zth,1.0,zs,0.75,partial_mid,closed_to_partial,True,1.2882397832746577,-0.11149484073963567,decrease
MFA_like_from_mfa_legacy,MFA_75nA.db::trial_0,MFA|75|closed_low|closed_low|fully_closed_at_sim_end|closed_low,zth,1.0,zs,1.0,closed_low,unchanged_closed,False,1.2909804574623815,-0.10875416655191184,decrease
MFA_like_from_mfa_legacy,MFA_75nA.db::trial_0,MFA|75|closed_low|closed_low|fully_closed_at_sim_end|closed_low,zth,1.0,zs,1.25,closed_low,unchanged_closed,False,1.2958791882903298,-0.10385543572396361,decrease
MFA_like_from_mfa_legacy,MFA_75nA.db::trial_0,MFA|75|closed_low|closed_low|fully_closed_at_sim_end|closed_low,zth,1.25,zs,0.75,closed_low,unchanged_closed,False,1.2902178354571654,-0.10951678855712799,decrease
MFA_like_from_mfa_legacy,MFA_75nA.db::trial_0,MFA|75|closed_low|closed_low|fully_closed_at_sim_end|closed_low,zth,1.25,zs,1.0,closed_low,unchanged_closed,False,1.2961915938770234,-0.10354303013726995,decrease
MFA_like_from_mfa_legacy,MFA_75nA.db::trial_0,MFA|75|closed_low|closed_low|fully_closed_at_sim_end|closed_low,zth,1.25,zs,1.25,closed_low,unchanged_closed,False,1.3068764919175024,-0.09285813209679095,decrease
MFA_BA_from_MFA_legacy,MFA_75nA.db::trial_0,MFA|75|closed_low|closed_low|fully_closed_at_sim_end|closed_low,gki,0.75,P_gap_eff,0.75,closed_low,unchanged_closed,False,1.3559168974150344,-0.04381772659925898,decrease
MFA_BA_from_MFA_legacy,MFA_75nA.db::trial_0,MFA|75|closed_low|closed_low|fully_closed_at_sim_end|closed_low,gki,0.75,P_gap_eff,1.0,closed_low,unchanged_closed,False,1.3144591871167182,-0.08527543689757522,decrease
MFA_BA_from_MFA_legacy,MFA_75nA.db::trial_0,MFA|75|closed_low|closed_low|fully_closed_at_sim_end|closed_low,gki,0.75,P_gap_eff,1.25,closed_low,unchanged_closed,False,1.249321260190448,-0.1504133638238454,decrease
MFA_BA_from_MFA_legacy,MFA_75nA.db::trial_0,MFA|75|closed_low|closed_low|fully_closed_at_sim_end|closed_low,gki,1.0,P_gap_eff,0.75,closed_low,unchanged_closed,False,1.3462745142687074,-0.053460109745586015,decrease
MFA_BA_from_MFA_legacy,MFA_75nA.db::trial_0,MFA|75|closed_low|closed_low|fully_closed_at_sim_end|closed_low,gki,1.0,P_gap_eff,1.0,closed_low,unchanged_closed,False,1.2909804574623815,-0.10875416655191184,decrease
MFA_BA_from_MFA_legacy,MFA_75nA.db::trial_0,MFA|75|closed_low|closed_low|fully_closed_at_sim_end|closed_low,gki,1.0,P_gap_eff,1.25,closed_low,unchanged_closed,False,1.2035085712516265,-0.1962260527626669,decrease
MFA_BA_from_MFA_legacy,MFA_75nA.db::trial_0,MFA|75|closed_low|closed_low|fully_closed_at_sim_end|closed_low,gki,1.25,P_gap_eff,0.75,closed_low,unchanged_closed,False,1.339377525887099,-0.060357098127194364,decrease
MFA_BA_from_MFA_legacy,MFA_75nA.db::trial_0,MFA|75|closed_low|closed_low|fully_closed_at_sim_end|closed_low,gki,1.25,P_gap_eff,1.0,closed_low,unchanged_closed,False,1.2736721029943165,-0.12606252101997684,decrease
MFA_BA_from_MFA_legacy,MFA_75nA.db::trial_0,MFA|75|closed_low|closed_low|fully_closed_at_sim_end|closed_low,gki,1.25,P_gap_eff,1.25,closed_low,unchanged_closed,False,1.1686216056635295,-0.23111301835076392,decrease
MFA_like_from_mfa_legacy,MFA_75nA.db::trial_19137,MFA|75|closed_low|closed_low|fully_closed_at_sim_end|closed_low,P_gap_eff,0.75,gamma_s_eff,0.75,closed_low,unchanged_closed,False,1.4637025187822383,-1.84836514173609,decrease
MFA_like_from_mfa_legacy,MFA_75nA.db::trial_19137,MFA|75|closed_low|closed_low|fully_closed_at_sim_end|closed_low,P_gap_eff,0.75,gamma_s_eff,1.0,closed_low,unchanged_closed,False,1.4637025187822383,-1.84836514173609,decrease
MFA_like_from_mfa_legacy,MFA_75nA.db::trial_19137,MFA|75|closed_low|closed_low|fully_closed_at_sim_end|closed_low,P_gap_eff,0.75,gamma_s_eff,1.25,closed_low,unchanged_closed,False,1.4637025187822383,-1.84836514173609,decrease
MFA_like_from_mfa_legacy,MFA_75nA.db::trial_19137,MFA|75|closed_low|closed_low|fully_closed_at_sim_end|closed_low,P_gap_eff,1.0,gamma_s_eff,0.75,closed_low,unchanged_closed,False,1.4637015939844817,-1.8483660665338466,decrease
MFA_like_from_mfa_legacy,MFA_75nA.db::trial_19137,MFA|75|closed_low|closed_low|fully_closed_at_sim_end|closed_low,P_gap_eff,1.0,gamma_s_eff,1.0,closed_low,unchanged_closed,False,1.4637015939844817,-1.8483660665338466,decrease
MFA_like_from_mfa_legacy,MFA_75nA.db::trial_19137,MFA|75|closed_low|closed_low|fully_closed_at_sim_end|closed_low,P_gap_eff,1.0,gamma_s_eff,1.25,closed_low,unchanged_closed,False,1.4637015939844817,-1.8483660665338466,decrease
MFA_like_from_mfa_legacy,MFA_75nA.db::trial_19137,MFA|75|closed_low|closed_low|fully_closed_at_sim_end|closed_low,P_gap_eff,1.25,gamma_s_eff,0.75,closed_low,unchanged_closed,False,1.4637013632513491,-1.8483662972669792,decrease
MFA_like_from_mfa_legacy,MFA_75nA.db::trial_19137,MFA|75|closed_low|closed_low|fully_closed_at_sim_end|closed_low,P_gap_eff,1.25,gamma_s_eff,1.0,closed_low,unchanged_closed,False,1.4637013632513491,-1.8483662972669792,decrease
MFA_like_from_mfa_legacy,MFA_75nA.db::trial_19137,MFA|75|closed_low|closed_low|fully_closed_at_sim_end|closed_low,P_gap_eff,1.25,gamma_s_eff,1.25,closed_low,unchanged_closed,False,1.4637013632513491,-1.8483662972669792,decrease
MFA_like_from_mfa_legacy,MFA_75nA.db::trial_19137,MFA|75|closed_low|closed_low|fully_closed_at_sim_end|closed_low,P_gap_eff,0.75,zth,0.75,closed_low,unchanged_closed,False,1.4637025187822383,-1.84836514173609,decrease
MFA_like_from_mfa_legacy,MFA_75nA.db::trial_19137,MFA|75|closed_low|closed_low|fully_closed_at_sim_end|closed_low,P_gap_eff,0.75,zth,1.0,closed_low,unchanged_closed,False,1.4637025187822383,-1.84836514173609,decrease
MFA_like_from_mfa_legacy,MFA_75nA.db::trial_19137,MFA|75|closed_low|closed_low|fully_closed_at_sim_end|closed_low,P_gap_eff,0.75,zth,1.25,closed_low,unchanged_closed,False,1.4637025187822383,-1.84836514173609,decrease
MFA_like_from_mfa_legacy,MFA_75nA.db::trial_19137,MFA|75|closed_low|closed_low|fully_closed_at_sim_end|closed_low,P_gap_eff,1.0,zth,0.75,closed_low,unchanged_closed,False,1.4637015939844817,-1.8483660665338466,decrease
MFA_like_from_mfa_legacy,MFA_75nA.db::trial_19137,MFA|75|closed_low|closed_low|fully_closed_at_sim_end|closed_low,P_gap_eff,1.0,zth,1.0,closed_low,unchanged_closed,False,1.4637015939844817,-1.8483660665338466,decrease
MFA_like_from_mfa_legacy,MFA_75nA.db::trial_19137,MFA|75|closed_low|closed_low|fully_closed_at_sim_end|closed_low,P_gap_eff,1.0,zth,1.25,closed_low,unchanged_closed,False,1.4637015939844817,-1.8483660665338466,decrease
MFA_like_from_mfa_legacy,MFA_75nA.db::trial_19137,MFA|75|closed_low|closed_low|fully_closed_at_sim_end|closed_low,P_gap_eff,1.25,zth,0.75,closed_low,unchanged_closed,False,1.4637013632513491,-1.8483662972669792,decrease
MFA_like_from_mfa_legacy,MFA_75nA.db::trial_19137,MFA|75|closed_low|closed_low|fully_closed_at_sim_end|closed_low,P_gap_eff,1.25,zth,1.0,closed_low,unchanged_closed,False,1.4637013632513491,-1.8483662972669792,decrease
MFA_like_from_mfa_legacy,MFA_75nA.db::trial_19137,MFA|75|closed_low|closed_low|fully_closed_at_sim_end|closed_low,P_gap_eff,1.25,zth,1.25,closed_low,unchanged_closed,False,1.4637013632513491,-1.8483662972669792,decrease
MFA_like_from_mfa_legacy,MFA_75nA.db::trial_19137,MFA|75|closed_low|closed_low|fully_closed_at_sim_end|closed_low,gamma_s_eff,0.75,zth,0.75,closed_low,unchanged_closed,False,1.4637015939844817,-1.8483660665338466,decrease
MFA_like_from_mfa_legacy,MFA_75nA.db::trial_19137,MFA|75|closed_low|closed_low|fully_closed_at_sim_end|closed_low,gamma_s_eff,0.75,zth,1.0,closed_low,unchanged_closed,False,1.4637015939844817,-1.8483660665338466,decrease
MFA_like_from_mfa_legacy,MFA_75nA.db::trial_19137,MFA|75|closed_low|closed_low|fully_closed_at_sim_end|closed_low,gamma_s_eff,0.75,zth,1.25,closed_low,unchanged_closed,False,1.4637015939844817,-1.8483660665338466,decrease
MFA_like_from_mfa_legacy,MFA_75nA.db::trial_19137,MFA|75|closed_low|closed_low|fully_closed_at_sim_end|closed_low,gamma_s_eff,1.0,zth,0.75,closed_low,unchanged_closed,False,1.4637015939844817,-1.8483660665338466,decrease
MFA_like_from_mfa_legacy,MFA_75nA.db::trial_19137,MFA|75|closed_low|closed_low|fully_closed_at_sim_end|closed_low,gamma_s_eff,1.0,zth,1.0,closed_low,unchanged_closed,False,1.4637015939844817,-1.8483660665338466,decrease
MFA_like_from_mfa_legacy,MFA_75nA.db::trial_19137,MFA|75|closed_low|closed_low|fully_closed_at_sim_end|closed_low,gamma_s_eff,1.0,zth,1.25,closed_low,unchanged_closed,False,1.4637015939844817,-1.8483660665338466,decrease
MFA_like_from_mfa_legacy,MFA_75nA.db::trial_19137,MFA|75|closed_low|closed_low|fully_closed_at_sim_end|closed_low,gamma_s_eff,1.25,zth,0.75,closed_low,unchanged_closed,False,1.4637015939844817,-1.8483660665338466,decrease
MFA_like_from_mfa_legacy,MFA_75nA.db::trial_19137,MFA|75|closed_low|closed_low|fully_closed_at_sim_end|closed_low,gamma_s_eff,1.25,zth,1.0,closed_low,unchanged_closed,False,1.4637015939844817,-1.8483660665338466,decrease
MFA_like_from_mfa_legacy,MFA_75nA.db::trial_19137,MFA|75|closed_low|closed_low|fully_closed_at_sim_end|closed_low,gamma_s_eff,1.25,zth,1.25,closed_low,unchanged_closed,False,1.4637015939844817,-1.8483660665338466,decrease
MFA_like_from_mfa_legacy,MFA_75nA.db::trial_19137,MFA|75|closed_low|closed_low|fully_closed_at_sim_end|closed_low,zth,0.75,zs,0.75,closed_low,unchanged_closed,False,1.4637015939844817,-1.8483660665338466,decrease
MFA_like_from_mfa_legacy,MFA_75nA.db::trial_19137,MFA|75|closed_low|closed_low|fully_closed_at_sim_end|closed_low,zth,0.75,zs,1.0,closed_low,unchanged_closed,False,1.4637015939844817,-1.8483660665338466,decrease
MFA_like_from_mfa_legacy,MFA_75nA.db::trial_19137,MFA|75|closed_low|closed_low|fully_closed_at_sim_end|closed_low,zth,0.75,zs,1.25,closed_low,unchanged_closed,False,1.4637015939844817,-1.8483660665338466,decrease
MFA_like_from_mfa_legacy,MFA_75nA.db::trial_19137,MFA|75|closed_low|closed_low|fully_closed_at_sim_end|closed_low,zth,1.0,zs,0.75,closed_low,unchanged_closed,False,1.4637015939844817,-1.8483660665338466,decrease
MFA_like_from_mfa_legacy,MFA_75nA.db::trial_19137,MFA|75|closed_low|closed_low|fully_closed_at_sim_end|closed_low,zth,1.0,zs,1.0,closed_low,unchanged_closed,False,1.4637015939844817,-1.8483660665338466,decrease
MFA_like_from_mfa_legacy,MFA_75nA.db::trial_19137,MFA|75|closed_low|closed_low|fully_closed_at_sim_end|closed_low,zth,1.0,zs,1.25,closed_low,unchanged_closed,False,1.4637015939844817,-1.8483660665338466,decrease
MFA_like_from_mfa_legacy,MFA_75nA.db::trial_19137,MFA|75|closed_low|closed_low|fully_closed_at_sim_end|closed_low,zth,1.25,zs,0.75,closed_low,unchanged_closed,False,1.4637015939844817,-1.8483660665338466,decrease
MFA_like_from_mfa_legacy,MFA_75nA.db::trial_19137,MFA|75|closed_low|closed_low|fully_closed_at_sim_end|closed_low,zth,1.25,zs,1.0,closed_low,unchanged_closed,False,1.4637015939844817,-1.8483660665338466,decrease
MFA_like_from_mfa_legacy,MFA_75nA.db::trial_19137,MFA|75|closed_low|closed_low|fully_closed_at_sim_end|closed_low,zth,1.25,zs,1.25,closed_low,unchanged_closed,False,1.4637015939844817,-1.8483660665338466,decrease
MFA_BA_from_MFA_legacy,MFA_75nA.db::trial_19137,MFA|75|closed_low|closed_low|fully_closed_at_sim_end|closed_low,gki,0.75,P_gap_eff,0.75,closed_low,unchanged_closed,False,1.463830407238503,-1.8482372532798252,decrease
MFA_BA_from_MFA_legacy,MFA_75nA.db::trial_19137,MFA|75|closed_low|closed_low|fully_closed_at_sim_end|closed_low,gki,0.75,P_gap_eff,1.0,closed_low,unchanged_closed,False,1.4638298022902179,-1.8482378582281105,decrease
MFA_BA_from_MFA_legacy,MFA_75nA.db::trial_19137,MFA|75|closed_low|closed_low|fully_closed_at_sim_end|closed_low,gki,0.75,P_gap_eff,1.25,closed_low,unchanged_closed,False,1.4638296582821286,-1.8482380022361997,decrease
MFA_BA_from_MFA_legacy,MFA_75nA.db::trial_19137,MFA|75|closed_low|closed_low|fully_closed_at_sim_end|closed_low,gki,1.0,P_gap_eff,0.75,closed_low,unchanged_closed,False,1.4637025187822383,-1.84836514173609,decrease
MFA_BA_from_MFA_legacy,MFA_75nA.db::trial_19137,MFA|75|closed_low|closed_low|fully_closed_at_sim_end|closed_low,gki,1.0,P_gap_eff,1.0,closed_low,unchanged_closed,False,1.4637015939844817,-1.8483660665338466,decrease
MFA_BA_from_MFA_legacy,MFA_75nA.db::trial_19137,MFA|75|closed_low|closed_low|fully_closed_at_sim_end|closed_low,gki,1.0,P_gap_eff,1.25,closed_low,unchanged_closed,False,1.4637013632513491,-1.8483662972669792,decrease
MFA_BA_from_MFA_legacy,MFA_75nA.db::trial_19137,MFA|75|closed_low|closed_low|fully_closed_at_sim_end|closed_low,gki,1.25,P_gap_eff,0.75,closed_low,unchanged_closed,False,1.463625546797233,-1.8484421137210953,decrease
MFA_BA_from_MFA_legacy,MFA_75nA.db::trial_19137,MFA|75|closed_low|closed_low|fully_closed_at_sim_end|closed_low,gki,1.25,P_gap_eff,1.0,closed_low,unchanged_closed,False,1.463625163608303,-1.8484424969100253,decrease
MFA_BA_from_MFA_legacy,MFA_75nA.db::trial_19137,MFA|75|closed_low|closed_low|fully_closed_at_sim_end|closed_low,gki,1.25,P_gap_eff,1.25,closed_low,unchanged_closed,False,1.463625242266776,-1.8484424182515524,decrease
MFA_like_from_mfa_legacy,MFA_100nA.db::trial_0,MFA|100|partial_mid|closed_low|delayed_ionic_recruitment_after_load|partial_mid,P_gap_eff,0.75,gamma_s_eff,0.75,closed_low,partial_to_closed,True,1.0756686969979714,-0.5335413174217292,decrease
MFA_like_from_mfa_legacy,MFA_100nA.db::trial_0,MFA|100|partial_mid|closed_low|delayed_ionic_recruitment_after_load|partial_mid,P_gap_eff,0.75,gamma_s_eff,1.0,closed_low,partial_to_closed,True,1.0756823351601466,-0.533527679259554,decrease
MFA_like_from_mfa_legacy,MFA_100nA.db::trial_0,MFA|100|partial_mid|closed_low|delayed_ionic_recruitment_after_load|partial_mid,P_gap_eff,0.75,gamma_s_eff,1.25,closed_low,partial_to_closed,True,1.0756563717756096,-0.533553642644091,decrease
MFA_like_from_mfa_legacy,MFA_100nA.db::trial_0,MFA|100|partial_mid|closed_low|delayed_ionic_recruitment_after_load|partial_mid,P_gap_eff,1.0,gamma_s_eff,0.75,closed_low,partial_to_closed,True,1.1008545863471515,-0.5083554280725491,decrease
MFA_like_from_mfa_legacy,MFA_100nA.db::trial_0,MFA|100|partial_mid|closed_low|delayed_ionic_recruitment_after_load|partial_mid,P_gap_eff,1.0,gamma_s_eff,1.0,closed_low,partial_to_closed,True,1.100897833051307,-0.5083121813683935,decrease
MFA_like_from_mfa_legacy,MFA_100nA.db::trial_0,MFA|100|partial_mid|closed_low|delayed_ionic_recruitment_after_load|partial_mid,P_gap_eff,1.0,gamma_s_eff,1.25,closed_low,partial_to_closed,True,1.100896098188448,-0.5083139162312527,decrease
MFA_like_from_mfa_legacy,MFA_100nA.db::trial_0,MFA|100|partial_mid|closed_low|delayed_ionic_recruitment_after_load|partial_mid,P_gap_eff,1.25,gamma_s_eff,0.75,closed_low,partial_to_closed,True,1.1314863114508886,-0.47772370296881195,decrease
MFA_like_from_mfa_legacy,MFA_100nA.db::trial_0,MFA|100|partial_mid|closed_low|delayed_ionic_recruitment_after_load|partial_mid,P_gap_eff,1.25,gamma_s_eff,1.0,closed_low,partial_to_closed,True,1.131616463122248,-0.4775935512974525,decrease
MFA_like_from_mfa_legacy,MFA_100nA.db::trial_0,MFA|100|partial_mid|closed_low|delayed_ionic_recruitment_after_load|partial_mid,P_gap_eff,1.25,gamma_s_eff,1.25,closed_low,partial_to_closed,True,1.1316657149806462,-0.4775442994390544,decrease
MFA_like_from_mfa_legacy,MFA_100nA.db::trial_0,MFA|100|partial_mid|closed_low|delayed_ionic_recruitment_after_load|partial_mid,P_gap_eff,0.75,zth,0.75,partial_mid,unchanged_partial,False,1.075593325111331,-0.5336166893083696,decrease
MFA_like_from_mfa_legacy,MFA_100nA.db::trial_0,MFA|100|partial_mid|closed_low|delayed_ionic_recruitment_after_load|partial_mid,P_gap_eff,0.75,zth,1.0,closed_low,partial_to_closed,True,1.0756823351601466,-0.533527679259554,decrease
MFA_like_from_mfa_legacy,MFA_100nA.db::trial_0,MFA|100|partial_mid|closed_low|delayed_ionic_recruitment_after_load|partial_mid,P_gap_eff,0.75,zth,1.25,closed_low,partial_to_closed,True,1.0755208050624152,-0.5336892093572854,decrease
MFA_like_from_mfa_legacy,MFA_100nA.db::trial_0,MFA|100|partial_mid|closed_low|delayed_ionic_recruitment_after_load|partial_mid,P_gap_eff,1.0,zth,0.75,partial_mid,unchanged_partial,False,1.1008634729128295,-0.5083465415068711,decrease
MFA_like_from_mfa_legacy,MFA_100nA.db::trial_0,MFA|100|partial_mid|closed_low|delayed_ionic_recruitment_after_load|partial_mid,P_gap_eff,1.0,zth,1.0,closed_low,partial_to_closed,True,1.100897833051307,-0.5083121813683935,decrease
MFA_like_from_mfa_legacy,MFA_100nA.db::trial_0,MFA|100|partial_mid|closed_low|delayed_ionic_recruitment_after_load|partial_mid,P_gap_eff,1.0,zth,1.25,closed_low,partial_to_closed,True,1.1006953811773468,-0.5085146332423538,decrease
MFA_like_from_mfa_legacy,MFA_100nA.db::trial_0,MFA|100|partial_mid|closed_low|delayed_ionic_recruitment_after_load|partial_mid,P_gap_eff,1.25,zth,0.75,partial_mid,unchanged_partial,False,1.1316815928860946,-0.477528421533606,decrease
MFA_like_from_mfa_legacy,MFA_100nA.db::trial_0,MFA|100|partial_mid|closed_low|delayed_ionic_recruitment_after_load|partial_mid,P_gap_eff,1.25,zth,1.0,closed_low,partial_to_closed,True,1.131616463122248,-0.4775935512974525,decrease
MFA_like_from_mfa_legacy,MFA_100nA.db::trial_0,MFA|100|partial_mid|closed_low|delayed_ionic_recruitment_after_load|partial_mid,P_gap_eff,1.25,zth,1.25,closed_low,partial_to_closed,True,1.131222743263936,-0.47798727115576467,decrease
MFA_like_from_mfa_legacy,MFA_100nA.db::trial_0,MFA|100|partial_mid|closed_low|delayed_ionic_recruitment_after_load|partial_mid,gamma_s_eff,0.75,zth,0.75,partial_mid,unchanged_partial,False,1.100883987654922,-0.5083260267647787,decrease
MFA_like_from_mfa_legacy,MFA_100nA.db::trial_0,MFA|100|partial_mid|closed_low|delayed_ionic_recruitment_after_load|partial_mid,gamma_s_eff,0.75,zth,1.0,closed_low,partial_to_closed,True,1.1008545863471515,-0.5083554280725491,decrease
MFA_like_from_mfa_legacy,MFA_100nA.db::trial_0,MFA|100|partial_mid|closed_low|delayed_ionic_recruitment_after_load|partial_mid,gamma_s_eff,0.75,zth,1.25,closed_low,partial_to_closed,True,1.1002522687858654,-0.5089577456338352,decrease
MFA_like_from_mfa_legacy,MFA_100nA.db::trial_0,MFA|100|partial_mid|closed_low|delayed_ionic_recruitment_after_load|partial_mid,gamma_s_eff,1.0,zth,0.75,partial_mid,unchanged_partial,False,1.1008634729128295,-0.5083465415068711,decrease
MFA_like_from_mfa_legacy,MFA_100nA.db::trial_0,MFA|100|partial_mid|closed_low|delayed_ionic_recruitment_after_load|partial_mid,gamma_s_eff,1.0,zth,1.0,closed_low,partial_to_closed,True,1.100897833051307,-0.5083121813683935,decrease
MFA_like_from_mfa_legacy,MFA_100nA.db::trial_0,MFA|100|partial_mid|closed_low|delayed_ionic_recruitment_after_load|partial_mid,gamma_s_eff,1.0,zth,1.25,closed_low,partial_to_closed,True,1.1006953811773468,-0.5085146332423538,decrease
MFA_like_from_mfa_legacy,MFA_100nA.db::trial_0,MFA|100|partial_mid|closed_low|delayed_ionic_recruitment_after_load|partial_mid,gamma_s_eff,1.25,zth,0.75,partial_mid,unchanged_partial,False,1.1008400564404783,-0.5083699579792222,decrease
MFA_like_from_mfa_legacy,MFA_100nA.db::trial_0,MFA|100|partial_mid|closed_low|delayed_ionic_recruitment_after_load|partial_mid,gamma_s_eff,1.25,zth,1.0,closed_low,partial_to_closed,True,1.100896098188448,-0.5083139162312527,decrease
MFA_like_from_mfa_legacy,MFA_100nA.db::trial_0,MFA|100|partial_mid|closed_low|delayed_ionic_recruitment_after_load|partial_mid,gamma_s_eff,1.25,zth,1.25,closed_low,partial_to_closed,True,1.1008364248568099,-0.5083735895628907,decrease
MFA_like_from_mfa_legacy,MFA_100nA.db::trial_0,MFA|100|partial_mid|closed_low|delayed_ionic_recruitment_after_load|partial_mid,zth,0.75,zs,0.75,partial_mid,unchanged_partial,False,1.10079914349798,-0.5084108709217205,decrease
MFA_like_from_mfa_legacy,MFA_100nA.db::trial_0,MFA|100|partial_mid|closed_low|delayed_ionic_recruitment_after_load|partial_mid,zth,0.75,zs,1.0,partial_mid,unchanged_partial,False,1.1008634729128295,-0.5083465415068711,decrease
MFA_like_from_mfa_legacy,MFA_100nA.db::trial_0,MFA|100|partial_mid|closed_low|delayed_ionic_recruitment_after_load|partial_mid,zth,0.75,zs,1.25,partial_mid,unchanged_partial,False,1.1009339523894377,-0.5082760620302629,decrease
MFA_like_from_mfa_legacy,MFA_100nA.db::trial_0,MFA|100|partial_mid|closed_low|delayed_ionic_recruitment_after_load|partial_mid,zth,1.0,zs,0.75,partial_mid,unchanged_partial,False,1.1008370006667636,-0.508373013752937,decrease
MFA_like_from_mfa_legacy,MFA_100nA.db::trial_0,MFA|100|partial_mid|closed_low|delayed_ionic_recruitment_after_load|partial_mid,zth,1.0,zs,1.0,closed_low,partial_to_closed,True,1.100897833051307,-0.5083121813683935,decrease
MFA_like_from_mfa_legacy,MFA_100nA.db::trial_0,MFA|100|partial_mid|closed_low|delayed_ionic_recruitment_after_load|partial_mid,zth,1.0,zs,1.25,closed_low,partial_to_closed,True,1.1007571718374045,-0.5084528425822961,decrease
MFA_like_from_mfa_legacy,MFA_100nA.db::trial_0,MFA|100|partial_mid|closed_low|delayed_ionic_recruitment_after_load|partial_mid,zth,1.25,zs,0.75,closed_low,partial_to_closed,True,1.1008575782078875,-0.508352436211813,decrease
MFA_like_from_mfa_legacy,MFA_100nA.db::trial_0,MFA|100|partial_mid|closed_low|delayed_ionic_recruitment_after_load|partial_mid,zth,1.25,zs,1.0,closed_low,partial_to_closed,True,1.1006953811773468,-0.5085146332423538,decrease
MFA_like_from_mfa_legacy,MFA_100nA.db::trial_0,MFA|100|partial_mid|closed_low|delayed_ionic_recruitment_after_load|partial_mid,zth,1.25,zs,1.25,closed_low,partial_to_closed,True,1.098311888614353,-0.5108981258053475,decrease
MFA_BA_from_MFA_legacy,MFA_100nA.db::trial_0,MFA|100|partial_mid|closed_low|delayed_ionic_recruitment_after_load|partial_mid,gki,0.75,P_gap_eff,0.75,closed_low,partial_to_closed,True,1.0976614875895434,-0.5115485268301572,decrease
MFA_BA_from_MFA_legacy,MFA_100nA.db::trial_0,MFA|100|partial_mid|closed_low|delayed_ionic_recruitment_after_load|partial_mid,gki,0.75,P_gap_eff,1.0,closed_low,partial_to_closed,True,1.0963277589022666,-0.5128822555174339,decrease
MFA_BA_from_MFA_legacy,MFA_100nA.db::trial_0,MFA|100|partial_mid|closed_low|delayed_ionic_recruitment_after_load|partial_mid,gki,0.75,P_gap_eff,1.25,closed_low,partial_to_closed,True,1.1228735304256199,-0.4863364839940807,decrease
MFA_BA_from_MFA_legacy,MFA_100nA.db::trial_0,MFA|100|partial_mid|closed_low|delayed_ionic_recruitment_after_load|partial_mid,gki,1.0,P_gap_eff,0.75,closed_low,partial_to_closed,True,1.0756823351601466,-0.533527679259554,decrease
MFA_BA_from_MFA_legacy,MFA_100nA.db::trial_0,MFA|100|partial_mid|closed_low|delayed_ionic_recruitment_after_load|partial_mid,gki,1.0,P_gap_eff,1.0,closed_low,partial_to_closed,True,1.100897833051307,-0.5083121813683935,decrease
MFA_BA_from_MFA_legacy,MFA_100nA.db::trial_0,MFA|100|partial_mid|closed_low|delayed_ionic_recruitment_after_load|partial_mid,gki,1.0,P_gap_eff,1.25,closed_low,partial_to_closed,True,1.131616463122248,-0.4775935512974525,decrease
MFA_BA_from_MFA_legacy,MFA_100nA.db::trial_0,MFA|100|partial_mid|closed_low|delayed_ionic_recruitment_after_load|partial_mid,gki,1.25,P_gap_eff,0.75,closed_low,partial_to_closed,True,1.0769840574596237,-0.5322259569600769,decrease
MFA_BA_from_MFA_legacy,MFA_100nA.db::trial_0,MFA|100|partial_mid|closed_low|delayed_ionic_recruitment_after_load|partial_mid,gki,1.25,P_gap_eff,1.0,closed_low,partial_to_closed,True,1.1041980178928898,-0.5050119965268107,decrease
MFA_BA_from_MFA_legacy,MFA_100nA.db::trial_0,MFA|100|partial_mid|closed_low|delayed_ionic_recruitment_after_load|partial_mid,gki,1.25,P_gap_eff,1.25,closed_low,partial_to_closed,True,1.1380426989104855,-0.4711673155092151,decrease
MFA_like_from_mfa_legacy,MFA_100nA.db::trial_1,MFA|100|open_high|open_high|early_sustained_open_recruitment|open_high,P_gap_eff,0.75,gamma_s_eff,0.75,open_high,unchanged_open,False,3.6278522230889374,2.502092083359914,increase
MFA_like_from_mfa_legacy,MFA_100nA.db::trial_1,MFA|100|open_high|open_high|early_sustained_open_recruitment|open_high,P_gap_eff,0.75,gamma_s_eff,1.0,open_high,unchanged_open,False,3.698499463349288,2.5727393236202643,increase
MFA_like_from_mfa_legacy,MFA_100nA.db::trial_1,MFA|100|open_high|open_high|early_sustained_open_recruitment|open_high,P_gap_eff,0.75,gamma_s_eff,1.25,open_high,unchanged_open,False,3.7737963744673664,2.648036234738343,increase
MFA_like_from_mfa_legacy,MFA_100nA.db::trial_1,MFA|100|open_high|open_high|early_sustained_open_recruitment|open_high,P_gap_eff,1.0,gamma_s_eff,0.75,open_high,unchanged_open,False,3.944051617661824,2.8182914779328003,increase
MFA_like_from_mfa_legacy,MFA_100nA.db::trial_1,MFA|100|open_high|open_high|early_sustained_open_recruitment|open_high,P_gap_eff,1.0,gamma_s_eff,1.0,open_high,unchanged_open,False,3.9638525697318503,2.8380924300028267,increase
MFA_like_from_mfa_legacy,MFA_100nA.db::trial_1,MFA|100|open_high|open_high|early_sustained_open_recruitment|open_high,P_gap_eff,1.0,gamma_s_eff,1.25,open_high,unchanged_open,False,3.97995006984972,2.8541899301206963,increase
MFA_like_from_mfa_legacy,MFA_100nA.db::trial_1,MFA|100|open_high|open_high|early_sustained_open_recruitment|open_high,P_gap_eff,1.25,gamma_s_eff,0.75,open_high,unchanged_open,False,3.4025728529199464,2.276812713190923,increase
MFA_like_from_mfa_legacy,MFA_100nA.db::trial_1,MFA|100|open_high|open_high|early_sustained_open_recruitment|open_high,P_gap_eff,1.25,gamma_s_eff,1.0,open_high,unchanged_open,False,3.410910398658968,2.2851502589299444,increase
MFA_like_from_mfa_legacy,MFA_100nA.db::trial_1,MFA|100|open_high|open_high|early_sustained_open_recruitment|open_high,P_gap_eff,1.25,gamma_s_eff,1.25,open_high,unchanged_open,False,3.419706831880972,2.2939466921519482,increase
MFA_like_from_mfa_legacy,MFA_100nA.db::trial_1,MFA|100|open_high|open_high|early_sustained_open_recruitment|open_high,P_gap_eff,0.75,zth,0.75,open_high,unchanged_open,False,13.353931057939501,12.228170918210477,increase
MFA_like_from_mfa_legacy,MFA_100nA.db::trial_1,MFA|100|open_high|open_high|early_sustained_open_recruitment|open_high,P_gap_eff,0.75,zth,1.0,open_high,unchanged_open,False,3.698499463349288,2.5727393236202643,increase
MFA_like_from_mfa_legacy,MFA_100nA.db::trial_1,MFA|100|open_high|open_high|early_sustained_open_recruitment|open_high,P_gap_eff,0.75,zth,1.25,open_high,unchanged_open,False,1.1261121558052278,0.00035201607620427566,increase
MFA_like_from_mfa_legacy,MFA_100nA.db::trial_1,MFA|100|open_high|open_high|early_sustained_open_recruitment|open_high,P_gap_eff,1.0,zth,0.75,open_high,unchanged_open,False,13.841855811499418,12.716095671770393,increase
MFA_like_from_mfa_legacy,MFA_100nA.db::trial_1,MFA|100|open_high|open_high|early_sustained_open_recruitment|open_high,P_gap_eff,1.0,zth,1.0,open_high,unchanged_open,False,3.9638525697318503,2.8380924300028267,increase
MFA_like_from_mfa_legacy,MFA_100nA.db::trial_1,MFA|100|open_high|open_high|early_sustained_open_recruitment|open_high,P_gap_eff,1.0,zth,1.25,open_high,unchanged_open,False,1.4201922416652561,0.2944321019362326,increase
MFA_like_from_mfa_legacy,MFA_100nA.db::trial_1,MFA|100|open_high|open_high|early_sustained_open_recruitment|open_high,P_gap_eff,1.25,zth,0.75,open_high,unchanged_open,False,11.295921896589219,10.170161756860196,increase
MFA_like_from_mfa_legacy,MFA_100nA.db::trial_1,MFA|100|open_high|open_high|early_sustained_open_recruitment|open_high,P_gap_eff,1.25,zth,1.0,open_high,unchanged_open,False,3.410910398658968,2.2851502589299444,increase
MFA_like_from_mfa_legacy,MFA_100nA.db::trial_1,MFA|100|open_high|open_high|early_sustained_open_recruitment|open_high,P_gap_eff,1.25,zth,1.25,open_high,unchanged_open,False,1.5722388432120438,0.4464787034830202,increase
MFA_like_from_mfa_legacy,MFA_100nA.db::trial_1,MFA|100|open_high|open_high|early_sustained_open_recruitment|open_high,gamma_s_eff,0.75,zth,0.75,open_high,unchanged_open,False,13.819332233286215,12.69357209355719,increase
MFA_like_from_mfa_legacy,MFA_100nA.db::trial_1,MFA|100|open_high|open_high|early_sustained_open_recruitment|open_high,gamma_s_eff,0.75,zth,1.0,open_high,unchanged_open,False,3.944051617661824,2.8182914779328003,increase
MFA_like_from_mfa_legacy,MFA_100nA.db::trial_1,MFA|100|open_high|open_high|early_sustained_open_recruitment|open_high,gamma_s_eff,0.75,zth,1.25,open_high,unchanged_open,False,1.4120169913322924,0.28625685160326886,increase
MFA_like_from_mfa_legacy,MFA_100nA.db::trial_1,MFA|100|open_high|open_high|early_sustained_open_recruitment|open_high,gamma_s_eff,1.0,zth,0.75,open_high,unchanged_open,False,13.841855811499418,12.716095671770393,increase
MFA_like_from_mfa_legacy,MFA_100nA.db::trial_1,MFA|100|open_high|open_high|early_sustained_open_recruitment|open_high,gamma_s_eff,1.0,zth,1.0,open_high,unchanged_open,False,3.9638525697318503,2.8380924300028267,increase
MFA_like_from_mfa_legacy,MFA_100nA.db::trial_1,MFA|100|open_high|open_high|early_sustained_open_recruitment|open_high,gamma_s_eff,1.0,zth,1.25,open_high,unchanged_open,False,1.4201922416652561,0.2944321019362326,increase
MFA_like_from_mfa_legacy,MFA_100nA.db::trial_1,MFA|100|open_high|open_high|early_sustained_open_recruitment|open_high,gamma_s_eff,1.25,zth,0.75,open_high,unchanged_open,False,13.856606455124918,12.730846315395894,increase
MFA_like_from_mfa_legacy,MFA_100nA.db::trial_1,MFA|100|open_high|open_high|early_sustained_open_recruitment|open_high,gamma_s_eff,1.25,zth,1.0,open_high,unchanged_open,False,3.97995006984972,2.8541899301206963,increase
MFA_like_from_mfa_legacy,MFA_100nA.db::trial_1,MFA|100|open_high|open_high|early_sustained_open_recruitment|open_high,gamma_s_eff,1.25,zth,1.25,open_high,unchanged_open,False,1.4251724444229361,0.29941230469391256,increase
MFA_like_from_mfa_legacy,MFA_100nA.db::trial_1,MFA|100|open_high|open_high|early_sustained_open_recruitment|open_high,zth,0.75,zs,0.75,open_high,unchanged_open,False,13.892913695093648,12.767153555364626,increase
MFA_like_from_mfa_legacy,MFA_100nA.db::trial_1,MFA|100|open_high|open_high|early_sustained_open_recruitment|open_high,zth,0.75,zs,1.0,open_high,unchanged_open,False,13.841855811499418,12.716095671770393,increase
MFA_like_from_mfa_legacy,MFA_100nA.db::trial_1,MFA|100|open_high|open_high|early_sustained_open_recruitment|open_high,zth,0.75,zs,1.25,open_high,unchanged_open,False,13.805513154104665,12.679753014375642,increase
MFA_like_from_mfa_legacy,MFA_100nA.db::trial_1,MFA|100|open_high|open_high|early_sustained_open_recruitment|open_high,zth,1.0,zs,0.75,open_high,unchanged_open,False,4.028135868880063,2.9023757291510393,increase
MFA_like_from_mfa_legacy,MFA_100nA.db::trial_1,MFA|100|open_high|open_high|early_sustained_open_recruitment|open_high,zth,1.0,zs,1.0,open_high,unchanged_open,False,3.9638525697318503,2.8380924300028267,increase
MFA_like_from_mfa_legacy,MFA_100nA.db::trial_1,MFA|100|open_high|open_high|early_sustained_open_recruitment|open_high,zth,1.0,zs,1.25,open_high,unchanged_open,False,3.933463502405989,2.8077033626769654,increase
MFA_like_from_mfa_legacy,MFA_100nA.db::trial_1,MFA|100|open_high|open_high|early_sustained_open_recruitment|open_high,zth,1.25,zs,0.75,open_high,unchanged_open,False,1.4370969547333867,0.31133681500436317,increase
MFA_like_from_mfa_legacy,MFA_100nA.db::trial_1,MFA|100|open_high|open_high|early_sustained_open_recruitment|open_high,zth,1.25,zs,1.0,open_high,unchanged_open,False,1.4201922416652561,0.2944321019362326,increase
MFA_like_from_mfa_legacy,MFA_100nA.db::trial_1,MFA|100|open_high|open_high|early_sustained_open_recruitment|open_high,zth,1.25,zs,1.25,open_high,unchanged_open,False,1.4052456369386717,0.2794854972096481,increase
MFA_BA_from_MFA_legacy,MFA_100nA.db::trial_1,MFA|100|open_high|open_high|early_sustained_open_recruitment|open_high,gki,0.75,P_gap_eff,0.75,open_high,unchanged_open,False,3.6454497827136687,2.519689642984645,increase
MFA_BA_from_MFA_legacy,MFA_100nA.db::trial_1,MFA|100|open_high|open_high|early_sustained_open_recruitment|open_high,gki,0.75,P_gap_eff,1.0,open_high,unchanged_open,False,3.8848092610000755,2.759049121271052,increase
MFA_BA_from_MFA_legacy,MFA_100nA.db::trial_1,MFA|100|open_high|open_high|early_sustained_open_recruitment|open_high,gki,0.75,P_gap_eff,1.25,open_high,unchanged_open,False,3.510152747898853,2.3843926081698292,increase
MFA_BA_from_MFA_legacy,MFA_100nA.db::trial_1,MFA|100|open_high|open_high|early_sustained_open_recruitment|open_high,gki,1.0,P_gap_eff,0.75,open_high,unchanged_open,False,3.698499463349288,2.5727393236202643,increase
MFA_BA_from_MFA_legacy,MFA_100nA.db::trial_1,MFA|100|open_high|open_high|early_sustained_open_recruitment|open_high,gki,1.0,P_gap_eff,1.0,open_high,unchanged_open,False,3.9638525697318503,2.8380924300028267,increase
MFA_BA_from_MFA_legacy,MFA_100nA.db::trial_1,MFA|100|open_high|open_high|early_sustained_open_recruitment|open_high,gki,1.0,P_gap_eff,1.25,open_high,unchanged_open,False,3.410910398658968,2.2851502589299444,increase
MFA_BA_from_MFA_legacy,MFA_100nA.db::trial_1,MFA|100|open_high|open_high|early_sustained_open_recruitment|open_high,gki,1.25,P_gap_eff,0.75,open_high,unchanged_open,False,4.260416696871234,3.1346565571422103,increase
MFA_BA_from_MFA_legacy,MFA_100nA.db::trial_1,MFA|100|open_high|open_high|early_sustained_open_recruitment|open_high,gki,1.25,P_gap_eff,1.0,open_high,unchanged_open,False,3.9503767980240165,2.824616658294993,increase
MFA_BA_from_MFA_legacy,MFA_100nA.db::trial_1,MFA|100|open_high|open_high|early_sustained_open_recruitment|open_high,gki,1.25,P_gap_eff,1.25,open_high,unchanged_open,False,3.4443081745589943,2.3185480348299707,increase
MFA_like_from_mfa_legacy,MFA_100nA.db::trial_12761,MFA|100|closed_low|closed_low|fully_closed_at_sim_end|closed_low,P_gap_eff,0.75,gamma_s_eff,0.75,closed_low,unchanged_closed,False,1.3431375132188972,-1.9789906883238078,decrease
MFA_like_from_mfa_legacy,MFA_100nA.db::trial_12761,MFA|100|closed_low|closed_low|fully_closed_at_sim_end|closed_low,P_gap_eff,0.75,gamma_s_eff,1.0,closed_low,unchanged_closed,False,1.3431375132188972,-1.9789906883238078,decrease
MFA_like_from_mfa_legacy,MFA_100nA.db::trial_12761,MFA|100|closed_low|closed_low|fully_closed_at_sim_end|closed_low,P_gap_eff,0.75,gamma_s_eff,1.25,closed_low,unchanged_closed,False,1.3431375132188972,-1.9789906883238078,decrease
MFA_like_from_mfa_legacy,MFA_100nA.db::trial_12761,MFA|100|closed_low|closed_low|fully_closed_at_sim_end|closed_low,P_gap_eff,1.0,gamma_s_eff,0.75,closed_low,unchanged_closed,False,1.3431098236588648,-1.9790183778838402,decrease
MFA_like_from_mfa_legacy,MFA_100nA.db::trial_12761,MFA|100|closed_low|closed_low|fully_closed_at_sim_end|closed_low,P_gap_eff,1.0,gamma_s_eff,1.0,closed_low,unchanged_closed,False,1.3431098236588648,-1.9790183778838402,decrease
MFA_like_from_mfa_legacy,MFA_100nA.db::trial_12761,MFA|100|closed_low|closed_low|fully_closed_at_sim_end|closed_low,P_gap_eff,1.0,gamma_s_eff,1.25,closed_low,unchanged_closed,False,1.3431098236588648,-1.9790183778838402,decrease
MFA_like_from_mfa_legacy,MFA_100nA.db::trial_12761,MFA|100|closed_low|closed_low|fully_closed_at_sim_end|closed_low,P_gap_eff,1.25,gamma_s_eff,0.75,closed_low,unchanged_closed,False,1.3430929068221376,-1.9790352947205674,decrease
MFA_like_from_mfa_legacy,MFA_100nA.db::trial_12761,MFA|100|closed_low|closed_low|fully_closed_at_sim_end|closed_low,P_gap_eff,1.25,gamma_s_eff,1.0,closed_low,unchanged_closed,False,1.3430929068221376,-1.9790352947205674,decrease
MFA_like_from_mfa_legacy,MFA_100nA.db::trial_12761,MFA|100|closed_low|closed_low|fully_closed_at_sim_end|closed_low,P_gap_eff,1.25,gamma_s_eff,1.25,closed_low,unchanged_closed,False,1.3430929068221376,-1.9790352947205674,decrease
MFA_like_from_mfa_legacy,MFA_100nA.db::trial_12761,MFA|100|closed_low|closed_low|fully_closed_at_sim_end|closed_low,P_gap_eff,0.75,zth,0.75,closed_low,unchanged_closed,False,1.3431375132188972,-1.9789906883238078,decrease
MFA_like_from_mfa_legacy,MFA_100nA.db::trial_12761,MFA|100|closed_low|closed_low|fully_closed_at_sim_end|closed_low,P_gap_eff,0.75,zth,1.0,closed_low,unchanged_closed,False,1.3431375132188972,-1.9789906883238078,decrease
MFA_like_from_mfa_legacy,MFA_100nA.db::trial_12761,MFA|100|closed_low|closed_low|fully_closed_at_sim_end|closed_low,P_gap_eff,0.75,zth,1.25,closed_low,unchanged_closed,False,1.3431375132188972,-1.9789906883238078,decrease
MFA_like_from_mfa_legacy,MFA_100nA.db::trial_12761,MFA|100|closed_low|closed_low|fully_closed_at_sim_end|closed_low,P_gap_eff,1.0,zth,0.75,closed_low,unchanged_closed,False,1.3431098236588648,-1.9790183778838402,decrease
MFA_like_from_mfa_legacy,MFA_100nA.db::trial_12761,MFA|100|closed_low|closed_low|fully_closed_at_sim_end|closed_low,P_gap_eff,1.0,zth,1.0,closed_low,unchanged_closed,False,1.3431098236588648,-1.9790183778838402,decrease
MFA_like_from_mfa_legacy,MFA_100nA.db::trial_12761,MFA|100|closed_low|closed_low|fully_closed_at_sim_end|closed_low,P_gap_eff,1.0,zth,1.25,closed_low,unchanged_closed,False,1.3431098236588648,-1.9790183778838402,decrease
MFA_like_from_mfa_legacy,MFA_100nA.db::trial_12761,MFA|100|closed_low|closed_low|fully_closed_at_sim_end|closed_low,P_gap_eff,1.25,zth,0.75,closed_low,unchanged_closed,False,1.3430929068221376,-1.9790352947205674,decrease
MFA_like_from_mfa_legacy,MFA_100nA.db::trial_12761,MFA|100|closed_low|closed_low|fully_closed_at_sim_end|closed_low,P_gap_eff,1.25,zth,1.0,closed_low,unchanged_closed,False,1.3430929068221376,-1.9790352947205674,decrease
MFA_like_from_mfa_legacy,MFA_100nA.db::trial_12761,MFA|100|closed_low|closed_low|fully_closed_at_sim_end|closed_low,P_gap_eff,1.25,zth,1.25,closed_low,unchanged_closed,False,1.3430929068221376,-1.9790352947205674,decrease
MFA_like_from_mfa_legacy,MFA_100nA.db::trial_12761,MFA|100|closed_low|closed_low|fully_closed_at_sim_end|closed_low,gamma_s_eff,0.75,zth,0.75,closed_low,unchanged_closed,False,1.3431098236588648,-1.9790183778838402,decrease
MFA_like_from_mfa_legacy,MFA_100nA.db::trial_12761,MFA|100|closed_low|closed_low|fully_closed_at_sim_end|closed_low,gamma_s_eff,0.75,zth,1.0,closed_low,unchanged_closed,False,1.3431098236588648,-1.9790183778838402,decrease
MFA_like_from_mfa_legacy,MFA_100nA.db::trial_12761,MFA|100|closed_low|closed_low|fully_closed_at_sim_end|closed_low,gamma_s_eff,0.75,zth,1.25,closed_low,unchanged_closed,False,1.3431098236588648,-1.9790183778838402,decrease
MFA_like_from_mfa_legacy,MFA_100nA.db::trial_12761,MFA|100|closed_low|closed_low|fully_closed_at_sim_end|closed_low,gamma_s_eff,1.0,zth,0.75,closed_low,unchanged_closed,False,1.3431098236588648,-1.9790183778838402,decrease
MFA_like_from_mfa_legacy,MFA_100nA.db::trial_12761,MFA|100|closed_low|closed_low|fully_closed_at_sim_end|closed_low,gamma_s_eff,1.0,zth,1.0,closed_low,unchanged_closed,False,1.3431098236588648,-1.9790183778838402,decrease
MFA_like_from_mfa_legacy,MFA_100nA.db::trial_12761,MFA|100|closed_low|closed_low|fully_closed_at_sim_end|closed_low,gamma_s_eff,1.0,zth,1.25,closed_low,unchanged_closed,False,1.3431098236588648,-1.9790183778838402,decrease
MFA_like_from_mfa_legacy,MFA_100nA.db::trial_12761,MFA|100|closed_low|closed_low|fully_closed_at_sim_end|closed_low,gamma_s_eff,1.25,zth,0.75,closed_low,unchanged_closed,False,1.3431098236588648,-1.9790183778838402,decrease
MFA_like_from_mfa_legacy,MFA_100nA.db::trial_12761,MFA|100|closed_low|closed_low|fully_closed_at_sim_end|closed_low,gamma_s_eff,1.25,zth,1.0,closed_low,unchanged_closed,False,1.3431098236588648,-1.9790183778838402,decrease
MFA_like_from_mfa_legacy,MFA_100nA.db::trial_12761,MFA|100|closed_low|closed_low|fully_closed_at_sim_end|closed_low,gamma_s_eff,1.25,zth,1.25,closed_low,unchanged_closed,False,1.3431098236588648,-1.9790183778838402,decrease
MFA_like_from_mfa_legacy,MFA_100nA.db::trial_12761,MFA|100|closed_low|closed_low|fully_closed_at_sim_end|closed_low,zth,0.75,zs,0.75,closed_low,unchanged_closed,False,1.3431098236588648,-1.9790183778838402,decrease
MFA_like_from_mfa_legacy,MFA_100nA.db::trial_12761,MFA|100|closed_low|closed_low|fully_closed_at_sim_end|closed_low,zth,0.75,zs,1.0,closed_low,unchanged_closed,False,1.3431098236588648,-1.9790183778838402,decrease
MFA_like_from_mfa_legacy,MFA_100nA.db::trial_12761,MFA|100|closed_low|closed_low|fully_closed_at_sim_end|closed_low,zth,0.75,zs,1.25,closed_low,unchanged_closed,False,1.3431098236588648,-1.9790183778838402,decrease
MFA_like_from_mfa_legacy,MFA_100nA.db::trial_12761,MFA|100|closed_low|closed_low|fully_closed_at_sim_end|closed_low,zth,1.0,zs,0.75,closed_low,unchanged_closed,False,1.3431098236588648,-1.9790183778838402,decrease
MFA_like_from_mfa_legacy,MFA_100nA.db::trial_12761,MFA|100|closed_low|closed_low|fully_closed_at_sim_end|closed_low,zth,1.0,zs,1.0,closed_low,unchanged_closed,False,1.3431098236588648,-1.9790183778838402,decrease
MFA_like_from_mfa_legacy,MFA_100nA.db::trial_12761,MFA|100|closed_low|closed_low|fully_closed_at_sim_end|closed_low,zth,1.0,zs,1.25,closed_low,unchanged_closed,False,1.3431098236588648,-1.9790183778838402,decrease
MFA_like_from_mfa_legacy,MFA_100nA.db::trial_12761,MFA|100|closed_low|closed_low|fully_closed_at_sim_end|closed_low,zth,1.25,zs,0.75,closed_low,unchanged_closed,False,1.3431098236588648,-1.9790183778838402,decrease
MFA_like_from_mfa_legacy,MFA_100nA.db::trial_12761,MFA|100|closed_low|closed_low|fully_closed_at_sim_end|closed_low,zth,1.25,zs,1.0,closed_low,unchanged_closed,False,1.3431098236588648,-1.9790183778838402,decrease
MFA_like_from_mfa_legacy,MFA_100nA.db::trial_12761,MFA|100|closed_low|closed_low|fully_closed_at_sim_end|closed_low,zth,1.25,zs,1.25,closed_low,unchanged_closed,False,1.3431098236588648,-1.9790183778838402,decrease
MFA_BA_from_MFA_legacy,MFA_100nA.db::trial_12761,MFA|100|closed_low|closed_low|fully_closed_at_sim_end|closed_low,gki,0.75,P_gap_eff,0.75,closed_low,unchanged_closed,False,1.3438561477705862,-1.9782720537721188,decrease
MFA_BA_from_MFA_legacy,MFA_100nA.db::trial_12761,MFA|100|closed_low|closed_low|fully_closed_at_sim_end|closed_low,gki,0.75,P_gap_eff,1.0,closed_low,unchanged_closed,False,1.3438281668190826,-1.9783000347236224,decrease
MFA_BA_from_MFA_legacy,MFA_100nA.db::trial_12761,MFA|100|closed_low|closed_low|fully_closed_at_sim_end|closed_low,gki,0.75,P_gap_eff,1.25,closed_low,unchanged_closed,False,1.3438109664182287,-1.9783172351244762,decrease
MFA_BA_from_MFA_legacy,MFA_100nA.db::trial_12761,MFA|100|closed_low|closed_low|fully_closed_at_sim_end|closed_low,gki,1.0,P_gap_eff,0.75,closed_low,unchanged_closed,False,1.3431375132188972,-1.9789906883238078,decrease
MFA_BA_from_MFA_legacy,MFA_100nA.db::trial_12761,MFA|100|closed_low|closed_low|fully_closed_at_sim_end|closed_low,gki,1.0,P_gap_eff,1.0,closed_low,unchanged_closed,False,1.3431098236588648,-1.9790183778838402,decrease
MFA_BA_from_MFA_legacy,MFA_100nA.db::trial_12761,MFA|100|closed_low|closed_low|fully_closed_at_sim_end|closed_low,gki,1.0,P_gap_eff,1.25,closed_low,unchanged_closed,False,1.3430929068221376,-1.9790352947205674,decrease
MFA_BA_from_MFA_legacy,MFA_100nA.db::trial_12761,MFA|100|closed_low|closed_low|fully_closed_at_sim_end|closed_low,gki,1.25,P_gap_eff,0.75,closed_low,unchanged_closed,False,1.342710896808366,-1.9794173047343389,decrease
MFA_BA_from_MFA_legacy,MFA_100nA.db::trial_12761,MFA|100|closed_low|closed_low|fully_closed_at_sim_end|closed_low,gki,1.25,P_gap_eff,1.0,closed_low,unchanged_closed,False,1.3426829174981896,-1.9794452840445154,decrease
MFA_BA_from_MFA_legacy,MFA_100nA.db::trial_12761,MFA|100|closed_low|closed_low|fully_closed_at_sim_end|closed_low,gki,1.25,P_gap_eff,1.25,closed_low,unchanged_closed,False,1.3426662410324162,-1.9794619605102888,decrease
MFA_like_from_mfa_legacy,MFA_100nA.db::trial_18126,MFA|100|closed_low|closed_low|fully_closed_at_sim_end|closed_low,P_gap_eff,0.75,gamma_s_eff,0.75,closed_low,unchanged_closed,False,1.3431376310550684,-1.9789908338157505,decrease
MFA_like_from_mfa_legacy,MFA_100nA.db::trial_18126,MFA|100|closed_low|closed_low|fully_closed_at_sim_end|closed_low,P_gap_eff,0.75,gamma_s_eff,1.0,closed_low,unchanged_closed,False,1.3431376310550684,-1.9789908338157505,decrease
MFA_like_from_mfa_legacy,MFA_100nA.db::trial_18126,MFA|100|closed_low|closed_low|fully_closed_at_sim_end|closed_low,P_gap_eff,0.75,gamma_s_eff,1.25,closed_low,unchanged_closed,False,1.3431376310550684,-1.9789908338157505,decrease
MFA_like_from_mfa_legacy,MFA_100nA.db::trial_18126,MFA|100|closed_low|closed_low|fully_closed_at_sim_end|closed_low,P_gap_eff,1.0,gamma_s_eff,0.75,closed_low,unchanged_closed,False,1.343109628794365,-1.979018836076454,decrease
MFA_like_from_mfa_legacy,MFA_100nA.db::trial_18126,MFA|100|closed_low|closed_low|fully_closed_at_sim_end|closed_low,P_gap_eff,1.0,gamma_s_eff,1.0,closed_low,unchanged_closed,False,1.343109628794365,-1.979018836076454,decrease
MFA_like_from_mfa_legacy,MFA_100nA.db::trial_18126,MFA|100|closed_low|closed_low|fully_closed_at_sim_end|closed_low,P_gap_eff,1.0,gamma_s_eff,1.25,closed_low,unchanged_closed,False,1.343109628794365,-1.979018836076454,decrease
MFA_like_from_mfa_legacy,MFA_100nA.db::trial_18126,MFA|100|closed_low|closed_low|fully_closed_at_sim_end|closed_low,P_gap_eff,1.25,gamma_s_eff,0.75,closed_low,unchanged_closed,False,1.3430931240005275,-1.9790353408702914,decrease
MFA_like_from_mfa_legacy,MFA_100nA.db::trial_18126,MFA|100|closed_low|closed_low|fully_closed_at_sim_end|closed_low,P_gap_eff,1.25,gamma_s_eff,1.0,closed_low,unchanged_closed,False,1.3430931240005275,-1.9790353408702914,decrease
MFA_like_from_mfa_legacy,MFA_100nA.db::trial_18126,MFA|100|closed_low|closed_low|fully_closed_at_sim_end|closed_low,P_gap_eff,1.25,gamma_s_eff,1.25,closed_low,unchanged_closed,False,1.3430931240005275,-1.9790353408702914,decrease
MFA_like_from_mfa_legacy,MFA_100nA.db::trial_18126,MFA|100|closed_low|closed_low|fully_closed_at_sim_end|closed_low,P_gap_eff,0.75,zth,0.75,closed_low,unchanged_closed,False,1.3431376310550684,-1.9789908338157505,decrease
MFA_like_from_mfa_legacy,MFA_100nA.db::trial_18126,MFA|100|closed_low|closed_low|fully_closed_at_sim_end|closed_low,P_gap_eff,0.75,zth,1.0,closed_low,unchanged_closed,False,1.3431376310550684,-1.9789908338157505,decrease
MFA_like_from_mfa_legacy,MFA_100nA.db::trial_18126,MFA|100|closed_low|closed_low|fully_closed_at_sim_end|closed_low,P_gap_eff,0.75,zth,1.25,closed_low,unchanged_closed,False,1.3431376310550684,-1.9789908338157505,decrease
MFA_like_from_mfa_legacy,MFA_100nA.db::trial_18126,MFA|100|closed_low|closed_low|fully_closed_at_sim_end|closed_low,P_gap_eff,1.0,zth,0.75,closed_low,unchanged_closed,False,1.343109628794365,-1.979018836076454,decrease
MFA_like_from_mfa_legacy,MFA_100nA.db::trial_18126,MFA|100|closed_low|closed_low|fully_closed_at_sim_end|closed_low,P_gap_eff,1.0,zth,1.0,closed_low,unchanged_closed,False,1.343109628794365,-1.979018836076454,decrease
MFA_like_from_mfa_legacy,MFA_100nA.db::trial_18126,MFA|100|closed_low|closed_low|fully_closed_at_sim_end|closed_low,P_gap_eff,1.0,zth,1.25,closed_low,unchanged_closed,False,1.343109628794365,-1.979018836076454,decrease
MFA_like_from_mfa_legacy,MFA_100nA.db::trial_18126,MFA|100|closed_low|closed_low|fully_closed_at_sim_end|closed_low,P_gap_eff,1.25,zth,0.75,closed_low,unchanged_closed,False,1.3430931240005275,-1.9790353408702914,decrease
MFA_like_from_mfa_legacy,MFA_100nA.db::trial_18126,MFA|100|closed_low|closed_low|fully_closed_at_sim_end|closed_low,P_gap_eff,1.25,zth,1.0,closed_low,unchanged_closed,False,1.3430931240005275,-1.9790353408702914,decrease
MFA_like_from_mfa_legacy,MFA_100nA.db::trial_18126,MFA|100|closed_low|closed_low|fully_closed_at_sim_end|closed_low,P_gap_eff,1.25,zth,1.25,closed_low,unchanged_closed,False,1.3430931240005275,-1.9790353408702914,decrease
MFA_like_from_mfa_legacy,MFA_100nA.db::trial_18126,MFA|100|closed_low|closed_low|fully_closed_at_sim_end|closed_low,gamma_s_eff,0.75,zth,0.75,closed_low,unchanged_closed,False,1.343109628794365,-1.979018836076454,decrease
MFA_like_from_mfa_legacy,MFA_100nA.db::trial_18126,MFA|100|closed_low|closed_low|fully_closed_at_sim_end|closed_low,gamma_s_eff,0.75,zth,1.0,closed_low,unchanged_closed,False,1.343109628794365,-1.979018836076454,decrease
MFA_like_from_mfa_legacy,MFA_100nA.db::trial_18126,MFA|100|closed_low|closed_low|fully_closed_at_sim_end|closed_low,gamma_s_eff,0.75,zth,1.25,closed_low,unchanged_closed,False,1.343109628794365,-1.979018836076454,decrease
MFA_like_from_mfa_legacy,MFA_100nA.db::trial_18126,MFA|100|closed_low|closed_low|fully_closed_at_sim_end|closed_low,gamma_s_eff,1.0,zth,0.75,closed_low,unchanged_closed,False,1.343109628794365,-1.979018836076454,decrease
MFA_like_from_mfa_legacy,MFA_100nA.db::trial_18126,MFA|100|closed_low|closed_low|fully_closed_at_sim_end|closed_low,gamma_s_eff,1.0,zth,1.0,closed_low,unchanged_closed,False,1.343109628794365,-1.979018836076454,decrease
MFA_like_from_mfa_legacy,MFA_100nA.db::trial_18126,MFA|100|closed_low|closed_low|fully_closed_at_sim_end|closed_low,gamma_s_eff,1.0,zth,1.25,closed_low,unchanged_closed,False,1.343109628794365,-1.979018836076454,decrease
MFA_like_from_mfa_legacy,MFA_100nA.db::trial_18126,MFA|100|closed_low|closed_low|fully_closed_at_sim_end|closed_low,gamma_s_eff,1.25,zth,0.75,closed_low,unchanged_closed,False,1.343109628794365,-1.979018836076454,decrease
MFA_like_from_mfa_legacy,MFA_100nA.db::trial_18126,MFA|100|closed_low|closed_low|fully_closed_at_sim_end|closed_low,gamma_s_eff,1.25,zth,1.0,closed_low,unchanged_closed,False,1.343109628794365,-1.979018836076454,decrease
MFA_like_from_mfa_legacy,MFA_100nA.db::trial_18126,MFA|100|closed_low|closed_low|fully_closed_at_sim_end|closed_low,gamma_s_eff,1.25,zth,1.25,closed_low,unchanged_closed,False,1.343109628794365,-1.979018836076454,decrease
MFA_like_from_mfa_legacy,MFA_100nA.db::trial_18126,MFA|100|closed_low|closed_low|fully_closed_at_sim_end|closed_low,zth,0.75,zs,0.75,closed_low,unchanged_closed,False,1.343109628794365,-1.979018836076454,decrease
MFA_like_from_mfa_legacy,MFA_100nA.db::trial_18126,MFA|100|closed_low|closed_low|fully_closed_at_sim_end|closed_low,zth,0.75,zs,1.0,closed_low,unchanged_closed,False,1.343109628794365,-1.979018836076454,decrease
MFA_like_from_mfa_legacy,MFA_100nA.db::trial_18126,MFA|100|closed_low|closed_low|fully_closed_at_sim_end|closed_low,zth,0.75,zs,1.25,closed_low,unchanged_closed,False,1.343109628794365,-1.979018836076454,decrease
MFA_like_from_mfa_legacy,MFA_100nA.db::trial_18126,MFA|100|closed_low|closed_low|fully_closed_at_sim_end|closed_low,zth,1.0,zs,0.75,closed_low,unchanged_closed,False,1.343109628794365,-1.979018836076454,decrease
MFA_like_from_mfa_legacy,MFA_100nA.db::trial_18126,MFA|100|closed_low|closed_low|fully_closed_at_sim_end|closed_low,zth,1.0,zs,1.0,closed_low,unchanged_closed,False,1.343109628794365,-1.979018836076454,decrease
MFA_like_from_mfa_legacy,MFA_100nA.db::trial_18126,MFA|100|closed_low|closed_low|fully_closed_at_sim_end|closed_low,zth,1.0,zs,1.25,closed_low,unchanged_closed,False,1.343109628794365,-1.979018836076454,decrease
MFA_like_from_mfa_legacy,MFA_100nA.db::trial_18126,MFA|100|closed_low|closed_low|fully_closed_at_sim_end|closed_low,zth,1.25,zs,0.75,closed_low,unchanged_closed,False,1.343109628794365,-1.979018836076454,decrease
MFA_like_from_mfa_legacy,MFA_100nA.db::trial_18126,MFA|100|closed_low|closed_low|fully_closed_at_sim_end|closed_low,zth,1.25,zs,1.0,closed_low,unchanged_closed,False,1.343109628794365,-1.979018836076454,decrease
MFA_like_from_mfa_legacy,MFA_100nA.db::trial_18126,MFA|100|closed_low|closed_low|fully_closed_at_sim_end|closed_low,zth,1.25,zs,1.25,closed_low,unchanged_closed,False,1.343109628794365,-1.979018836076454,decrease
MFA_BA_from_MFA_legacy,MFA_100nA.db::trial_18126,MFA|100|closed_low|closed_low|fully_closed_at_sim_end|closed_low,gki,0.75,P_gap_eff,0.75,closed_low,unchanged_closed,False,1.3438560706825506,-1.9782723941882683,decrease
MFA_BA_from_MFA_legacy,MFA_100nA.db::trial_18126,MFA|100|closed_low|closed_low|fully_closed_at_sim_end|closed_low,gki,0.75,P_gap_eff,1.0,closed_low,unchanged_closed,False,1.3438277625045612,-1.9783007023662578,decrease
MFA_BA_from_MFA_legacy,MFA_100nA.db::trial_18126,MFA|100|closed_low|closed_low|fully_closed_at_sim_end|closed_low,gki,0.75,P_gap_eff,1.25,closed_low,unchanged_closed,False,1.343810893661945,-1.9783175712088739,decrease
MFA_BA_from_MFA_legacy,MFA_100nA.db::trial_18126,MFA|100|closed_low|closed_low|fully_closed_at_sim_end|closed_low,gki,1.0,P_gap_eff,0.75,closed_low,unchanged_closed,False,1.3431376310550684,-1.9789908338157505,decrease
MFA_BA_from_MFA_legacy,MFA_100nA.db::trial_18126,MFA|100|closed_low|closed_low|fully_closed_at_sim_end|closed_low,gki,1.0,P_gap_eff,1.0,closed_low,unchanged_closed,False,1.343109628794365,-1.979018836076454,decrease
MFA_BA_from_MFA_legacy,MFA_100nA.db::trial_18126,MFA|100|closed_low|closed_low|fully_closed_at_sim_end|closed_low,gki,1.0,P_gap_eff,1.25,closed_low,unchanged_closed,False,1.3430931240005275,-1.9790353408702914,decrease
MFA_BA_from_MFA_legacy,MFA_100nA.db::trial_18126,MFA|100|closed_low|closed_low|fully_closed_at_sim_end|closed_low,gki,1.25,P_gap_eff,0.75,closed_low,unchanged_closed,False,1.3427107795342599,-1.979417685336559,decrease
MFA_BA_from_MFA_legacy,MFA_100nA.db::trial_18126,MFA|100|closed_low|closed_low|fully_closed_at_sim_end|closed_low,gki,1.25,P_gap_eff,1.0,closed_low,unchanged_closed,False,1.3426832245199876,-1.9794452403508314,decrease
MFA_BA_from_MFA_legacy,MFA_100nA.db::trial_18126,MFA|100|closed_low|closed_low|fully_closed_at_sim_end|closed_low,gki,1.25,P_gap_eff,1.25,closed_low,unchanged_closed,False,1.3426662762199284,-1.9794621886508905,decrease
MFA_like_from_mfa_legacy,MFA_125nA.db::trial_0,MFA|125|open_high|partial_mid|fully_open_at_sim_end|open_high,P_gap_eff,0.75,gamma_s_eff,0.75,partial_mid,open_to_partial,True,1.2537173530744714,0.11399154169339831,increase
MFA_like_from_mfa_legacy,MFA_125nA.db::trial_0,MFA|125|open_high|partial_mid|fully_open_at_sim_end|open_high,P_gap_eff,0.75,gamma_s_eff,1.0,partial_mid,open_to_partial,True,1.2532442595451183,0.11351844816404522,increase
MFA_like_from_mfa_legacy,MFA_125nA.db::trial_0,MFA|125|open_high|partial_mid|fully_open_at_sim_end|open_high,P_gap_eff,0.75,gamma_s_eff,1.25,partial_mid,open_to_partial,True,1.2529572009037022,0.11323138952262912,increase
MFA_like_from_mfa_legacy,MFA_125nA.db::trial_0,MFA|125|open_high|partial_mid|fully_open_at_sim_end|open_high,P_gap_eff,1.0,gamma_s_eff,0.75,partial_mid,open_to_partial,True,1.1305576388879948,-0.00916817249307833,decrease
MFA_like_from_mfa_legacy,MFA_125nA.db::trial_0,MFA|125|open_high|partial_mid|fully_open_at_sim_end|open_high,P_gap_eff,1.0,gamma_s_eff,1.0,partial_mid,open_to_partial,True,1.12986233554204,-0.00986347583903302,decrease
MFA_like_from_mfa_legacy,MFA_125nA.db::trial_0,MFA|125|open_high|partial_mid|fully_open_at_sim_end|open_high,P_gap_eff,1.0,gamma_s_eff,1.25,partial_mid,open_to_partial,True,1.1294537671894427,-0.010272044191630414,decrease
MFA_like_from_mfa_legacy,MFA_125nA.db::trial_0,MFA|125|open_high|partial_mid|fully_open_at_sim_end|open_high,P_gap_eff,1.25,gamma_s_eff,0.75,partial_mid,open_to_partial,True,1.0761649393415744,-0.06356087203949867,decrease
MFA_like_from_mfa_legacy,MFA_125nA.db::trial_0,MFA|125|open_high|partial_mid|fully_open_at_sim_end|open_high,P_gap_eff,1.25,gamma_s_eff,1.0,partial_mid,open_to_partial,True,1.0759651977441067,-0.06376061363696639,decrease
MFA_like_from_mfa_legacy,MFA_125nA.db::trial_0,MFA|125|open_high|partial_mid|fully_open_at_sim_end|open_high,P_gap_eff,1.25,gamma_s_eff,1.25,partial_mid,open_to_partial,True,1.0758285371039789,-0.06389727427709424,decrease
MFA_like_from_mfa_legacy,MFA_125nA.db::trial_0,MFA|125|open_high|partial_mid|fully_open_at_sim_end|open_high,P_gap_eff,0.75,zth,0.75,partial_mid,open_to_partial,True,1.2532251480224796,0.11349933664140655,increase
MFA_like_from_mfa_legacy,MFA_125nA.db::trial_0,MFA|125|open_high|partial_mid|fully_open_at_sim_end|open_high,P_gap_eff,0.75,zth,1.0,partial_mid,open_to_partial,True,1.2532442595451183,0.11351844816404522,increase
MFA_like_from_mfa_legacy,MFA_125nA.db::trial_0,MFA|125|open_high|partial_mid|fully_open_at_sim_end|open_high,P_gap_eff,0.75,zth,1.25,partial_mid,open_to_partial,True,1.2532646657969966,0.11353885441592348,increase
MFA_like_from_mfa_legacy,MFA_125nA.db::trial_0,MFA|125|open_high|partial_mid|fully_open_at_sim_end|open_high,P_gap_eff,1.0,zth,0.75,partial_mid,open_to_partial,True,1.1298422186308323,-0.009883592750240755,decrease
MFA_like_from_mfa_legacy,MFA_125nA.db::trial_0,MFA|125|open_high|partial_mid|fully_open_at_sim_end|open_high,P_gap_eff,1.0,zth,1.0,partial_mid,open_to_partial,True,1.12986233554204,-0.00986347583903302,decrease
MFA_like_from_mfa_legacy,MFA_125nA.db::trial_0,MFA|125|open_high|partial_mid|fully_open_at_sim_end|open_high,P_gap_eff,1.0,zth,1.25,partial_mid,open_to_partial,True,1.1298817528305471,-0.009844058550525947,decrease
MFA_like_from_mfa_legacy,MFA_125nA.db::trial_0,MFA|125|open_high|partial_mid|fully_open_at_sim_end|open_high,P_gap_eff,1.25,zth,0.75,partial_mid,open_to_partial,True,1.0759427823277392,-0.06378302905333388,decrease
MFA_like_from_mfa_legacy,MFA_125nA.db::trial_0,MFA|125|open_high|partial_mid|fully_open_at_sim_end|open_high,P_gap_eff,1.25,zth,1.0,partial_mid,open_to_partial,True,1.0759651977441067,-0.06376061363696639,decrease
MFA_like_from_mfa_legacy,MFA_125nA.db::trial_0,MFA|125|open_high|partial_mid|fully_open_at_sim_end|open_high,P_gap_eff,1.25,zth,1.25,partial_mid,open_to_partial,True,1.0759886081090124,-0.06373720327206067,decrease
MFA_like_from_mfa_legacy,MFA_125nA.db::trial_0,MFA|125|open_high|partial_mid|fully_open_at_sim_end|open_high,gamma_s_eff,0.75,zth,0.75,partial_mid,open_to_partial,True,1.1305316523200764,-0.009194159060996743,decrease
MFA_like_from_mfa_legacy,MFA_125nA.db::trial_0,MFA|125|open_high|partial_mid|fully_open_at_sim_end|open_high,gamma_s_eff,0.75,zth,1.0,partial_mid,open_to_partial,True,1.1305576388879948,-0.00916817249307833,decrease
MFA_like_from_mfa_legacy,MFA_125nA.db::trial_0,MFA|125|open_high|partial_mid|fully_open_at_sim_end|open_high,gamma_s_eff,0.75,zth,1.25,partial_mid,open_to_partial,True,1.1305831558447197,-0.009142655536353406,decrease
MFA_like_from_mfa_legacy,MFA_125nA.db::trial_0,MFA|125|open_high|partial_mid|fully_open_at_sim_end|open_high,gamma_s_eff,1.0,zth,0.75,partial_mid,open_to_partial,True,1.1298422186308323,-0.009883592750240755,decrease
MFA_like_from_mfa_legacy,MFA_125nA.db::trial_0,MFA|125|open_high|partial_mid|fully_open_at_sim_end|open_high,gamma_s_eff,1.0,zth,1.0,partial_mid,open_to_partial,True,1.12986233554204,-0.00986347583903302,decrease
MFA_like_from_mfa_legacy,MFA_125nA.db::trial_0,MFA|125|open_high|partial_mid|fully_open_at_sim_end|open_high,gamma_s_eff,1.0,zth,1.25,partial_mid,open_to_partial,True,1.1298817528305471,-0.009844058550525947,decrease
MFA_like_from_mfa_legacy,MFA_125nA.db::trial_0,MFA|125|open_high|partial_mid|fully_open_at_sim_end|open_high,gamma_s_eff,1.25,zth,0.75,partial_mid,open_to_partial,True,1.1294262823811287,-0.010299528999944352,decrease
MFA_like_from_mfa_legacy,MFA_125nA.db::trial_0,MFA|125|open_high|partial_mid|fully_open_at_sim_end|open_high,gamma_s_eff,1.25,zth,1.0,partial_mid,open_to_partial,True,1.1294537671894427,-0.010272044191630414,decrease
MFA_like_from_mfa_legacy,MFA_125nA.db::trial_0,MFA|125|open_high|partial_mid|fully_open_at_sim_end|open_high,gamma_s_eff,1.25,zth,1.25,partial_mid,open_to_partial,True,1.1294705681276387,-0.01025524325343441,decrease
MFA_like_from_mfa_legacy,MFA_125nA.db::trial_0,MFA|125|open_high|partial_mid|fully_open_at_sim_end|open_high,zth,0.75,zs,0.75,partial_mid,open_to_partial,True,1.1299613205290329,-0.00976449085204023,decrease
MFA_like_from_mfa_legacy,MFA_125nA.db::trial_0,MFA|125|open_high|partial_mid|fully_open_at_sim_end|open_high,zth,0.75,zs,1.0,partial_mid,open_to_partial,True,1.1298422186308323,-0.009883592750240755,decrease
MFA_like_from_mfa_legacy,MFA_125nA.db::trial_0,MFA|125|open_high|partial_mid|fully_open_at_sim_end|open_high,zth,0.75,zs,1.25,partial_mid,open_to_partial,True,1.1297770673375573,-0.009948744043515756,decrease
MFA_like_from_mfa_legacy,MFA_125nA.db::trial_0,MFA|125|open_high|partial_mid|fully_open_at_sim_end|open_high,zth,1.0,zs,0.75,partial_mid,open_to_partial,True,1.1299786665391152,-0.009747144841957933,decrease
MFA_like_from_mfa_legacy,MFA_125nA.db::trial_0,MFA|125|open_high|partial_mid|fully_open_at_sim_end|open_high,zth,1.0,zs,1.0,partial_mid,open_to_partial,True,1.12986233554204,-0.00986347583903302,decrease
MFA_like_from_mfa_legacy,MFA_125nA.db::trial_0,MFA|125|open_high|partial_mid|fully_open_at_sim_end|open_high,zth,1.0,zs,1.25,partial_mid,open_to_partial,True,1.129799185920111,-0.009926625460962013,decrease
MFA_like_from_mfa_legacy,MFA_125nA.db::trial_0,MFA|125|open_high|partial_mid|fully_open_at_sim_end|open_high,zth,1.25,zs,0.75,partial_mid,open_to_partial,True,1.1299966507618304,-0.009729160619242672,decrease
MFA_like_from_mfa_legacy,MFA_125nA.db::trial_0,MFA|125|open_high|partial_mid|fully_open_at_sim_end|open_high,zth,1.25,zs,1.0,partial_mid,open_to_partial,True,1.1298817528305471,-0.009844058550525947,decrease
MFA_like_from_mfa_legacy,MFA_125nA.db::trial_0,MFA|125|open_high|partial_mid|fully_open_at_sim_end|open_high,zth,1.25,zs,1.25,partial_mid,open_to_partial,True,1.1298215217561787,-0.009904289624894425,decrease
MFA_BA_from_MFA_legacy,MFA_125nA.db::trial_0,MFA|125|open_high|partial_mid|fully_open_at_sim_end|open_high,gki,0.75,P_gap_eff,0.75,partial_mid,open_to_partial,True,1.2733769024081947,0.13365109102712158,increase
MFA_BA_from_MFA_legacy,MFA_125nA.db::trial_0,MFA|125|open_high|partial_mid|fully_open_at_sim_end|open_high,gki,0.75,P_gap_eff,1.0,partial_mid,open_to_partial,True,1.1759378688661266,0.03621205748505352,increase
MFA_BA_from_MFA_legacy,MFA_125nA.db::trial_0,MFA|125|open_high|partial_mid|fully_open_at_sim_end|open_high,gki,0.75,P_gap_eff,1.25,partial_mid,open_to_partial,True,1.0688224320397168,-0.07090337934135627,decrease
MFA_BA_from_MFA_legacy,MFA_125nA.db::trial_0,MFA|125|open_high|partial_mid|fully_open_at_sim_end|open_high,gki,1.0,P_gap_eff,0.75,partial_mid,open_to_partial,True,1.2532442595451183,0.11351844816404522,increase
MFA_BA_from_MFA_legacy,MFA_125nA.db::trial_0,MFA|125|open_high|partial_mid|fully_open_at_sim_end|open_high,gki,1.0,P_gap_eff,1.0,partial_mid,open_to_partial,True,1.12986233554204,-0.00986347583903302,decrease
MFA_BA_from_MFA_legacy,MFA_125nA.db::trial_0,MFA|125|open_high|partial_mid|fully_open_at_sim_end|open_high,gki,1.0,P_gap_eff,1.25,partial_mid,open_to_partial,True,1.0759651977441067,-0.06376061363696639,decrease
MFA_BA_from_MFA_legacy,MFA_125nA.db::trial_0,MFA|125|open_high|partial_mid|fully_open_at_sim_end|open_high,gki,1.25,P_gap_eff,0.75,partial_mid,open_to_partial,True,1.2391682255753174,0.09944241419424427,increase
MFA_BA_from_MFA_legacy,MFA_125nA.db::trial_0,MFA|125|open_high|partial_mid|fully_open_at_sim_end|open_high,gki,1.25,P_gap_eff,1.0,partial_mid,open_to_partial,True,1.096111882179348,-0.04361392920172502,decrease
MFA_BA_from_MFA_legacy,MFA_125nA.db::trial_0,MFA|125|open_high|partial_mid|fully_open_at_sim_end|open_high,gki,1.25,P_gap_eff,1.25,partial_mid,open_to_partial,True,1.0815890071313528,-0.05813680424972034,decrease
MFA_like_from_mfa_legacy,MFA_125nA.db::trial_15071,MFA|125|closed_low|closed_low|fully_closed_at_sim_end|closed_low,P_gap_eff,0.75,gamma_s_eff,0.75,closed_low,unchanged_closed,False,1.241699521055039,-2.095345913033439,decrease
MFA_like_from_mfa_legacy,MFA_125nA.db::trial_15071,MFA|125|closed_low|closed_low|fully_closed_at_sim_end|closed_low,P_gap_eff,0.75,gamma_s_eff,1.0,closed_low,unchanged_closed,False,1.241699521055039,-2.095345913033439,decrease
MFA_like_from_mfa_legacy,MFA_125nA.db::trial_15071,MFA|125|closed_low|closed_low|fully_closed_at_sim_end|closed_low,P_gap_eff,0.75,gamma_s_eff,1.25,closed_low,unchanged_closed,False,1.241699521055039,-2.095345913033439,decrease
MFA_like_from_mfa_legacy,MFA_125nA.db::trial_15071,MFA|125|closed_low|closed_low|fully_closed_at_sim_end|closed_low,P_gap_eff,1.0,gamma_s_eff,0.75,closed_low,unchanged_closed,False,1.2417115422929965,-2.095333891795482,decrease
MFA_like_from_mfa_legacy,MFA_125nA.db::trial_15071,MFA|125|closed_low|closed_low|fully_closed_at_sim_end|closed_low,P_gap_eff,1.0,gamma_s_eff,1.0,closed_low,unchanged_closed,False,1.2417115422929965,-2.095333891795482,decrease
MFA_like_from_mfa_legacy,MFA_125nA.db::trial_15071,MFA|125|closed_low|closed_low|fully_closed_at_sim_end|closed_low,P_gap_eff,1.0,gamma_s_eff,1.25,closed_low,unchanged_closed,False,1.2417115422929965,-2.095333891795482,decrease
MFA_like_from_mfa_legacy,MFA_125nA.db::trial_15071,MFA|125|closed_low|closed_low|fully_closed_at_sim_end|closed_low,P_gap_eff,1.25,gamma_s_eff,0.75,closed_low,unchanged_closed,False,1.2417188847866314,-2.0953265493018467,decrease
MFA_like_from_mfa_legacy,MFA_125nA.db::trial_15071,MFA|125|closed_low|closed_low|fully_closed_at_sim_end|closed_low,P_gap_eff,1.25,gamma_s_eff,1.0,closed_low,unchanged_closed,False,1.2417188847866314,-2.0953265493018467,decrease
MFA_like_from_mfa_legacy,MFA_125nA.db::trial_15071,MFA|125|closed_low|closed_low|fully_closed_at_sim_end|closed_low,P_gap_eff,1.25,gamma_s_eff,1.25,closed_low,unchanged_closed,False,1.2417188847866314,-2.0953265493018467,decrease
MFA_like_from_mfa_legacy,MFA_125nA.db::trial_15071,MFA|125|closed_low|closed_low|fully_closed_at_sim_end|closed_low,P_gap_eff,0.75,zth,0.75,closed_low,unchanged_closed,False,1.241699521055039,-2.095345913033439,decrease
MFA_like_from_mfa_legacy,MFA_125nA.db::trial_15071,MFA|125|closed_low|closed_low|fully_closed_at_sim_end|closed_low,P_gap_eff,0.75,zth,1.0,closed_low,unchanged_closed,False,1.241699521055039,-2.095345913033439,decrease
MFA_like_from_mfa_legacy,MFA_125nA.db::trial_15071,MFA|125|closed_low|closed_low|fully_closed_at_sim_end|closed_low,P_gap_eff,0.75,zth,1.25,closed_low,unchanged_closed,False,1.241699521055039,-2.095345913033439,decrease
MFA_like_from_mfa_legacy,MFA_125nA.db::trial_15071,MFA|125|closed_low|closed_low|fully_closed_at_sim_end|closed_low,P_gap_eff,1.0,zth,0.75,closed_low,unchanged_closed,False,1.2417115422929965,-2.095333891795482,decrease
MFA_like_from_mfa_legacy,MFA_125nA.db::trial_15071,MFA|125|closed_low|closed_low|fully_closed_at_sim_end|closed_low,P_gap_eff,1.0,zth,1.0,closed_low,unchanged_closed,False,1.2417115422929965,-2.095333891795482,decrease
MFA_like_from_mfa_legacy,MFA_125nA.db::trial_15071,MFA|125|closed_low|closed_low|fully_closed_at_sim_end|closed_low,P_gap_eff,1.0,zth,1.25,closed_low,unchanged_closed,False,1.2417115422929965,-2.095333891795482,decrease
MFA_like_from_mfa_legacy,MFA_125nA.db::trial_15071,MFA|125|closed_low|closed_low|fully_closed_at_sim_end|closed_low,P_gap_eff,1.25,zth,0.75,closed_low,unchanged_closed,False,1.2417188847866314,-2.0953265493018467,decrease
MFA_like_from_mfa_legacy,MFA_125nA.db::trial_15071,MFA|125|closed_low|closed_low|fully_closed_at_sim_end|closed_low,P_gap_eff,1.25,zth,1.0,closed_low,unchanged_closed,False,1.2417188847866314,-2.0953265493018467,decrease
MFA_like_from_mfa_legacy,MFA_125nA.db::trial_15071,MFA|125|closed_low|closed_low|fully_closed_at_sim_end|closed_low,P_gap_eff,1.25,zth,1.25,closed_low,unchanged_closed,False,1.2417188847866314,-2.0953265493018467,decrease
MFA_like_from_mfa_legacy,MFA_125nA.db::trial_15071,MFA|125|closed_low|closed_low|fully_closed_at_sim_end|closed_low,gamma_s_eff,0.75,zth,0.75,closed_low,unchanged_closed,False,1.2417115422929965,-2.095333891795482,decrease
MFA_like_from_mfa_legacy,MFA_125nA.db::trial_15071,MFA|125|closed_low|closed_low|fully_closed_at_sim_end|closed_low,gamma_s_eff,0.75,zth,1.0,closed_low,unchanged_closed,False,1.2417115422929965,-2.095333891795482,decrease
MFA_like_from_mfa_legacy,MFA_125nA.db::trial_15071,MFA|125|closed_low|closed_low|fully_closed_at_sim_end|closed_low,gamma_s_eff,0.75,zth,1.25,closed_low,unchanged_closed,False,1.2417115422929965,-2.095333891795482,decrease
MFA_like_from_mfa_legacy,MFA_125nA.db::trial_15071,MFA|125|closed_low|closed_low|fully_closed_at_sim_end|closed_low,gamma_s_eff,1.0,zth,0.75,closed_low,unchanged_closed,False,1.2417115422929965,-2.095333891795482,decrease
MFA_like_from_mfa_legacy,MFA_125nA.db::trial_15071,MFA|125|closed_low|closed_low|fully_closed_at_sim_end|closed_low,gamma_s_eff,1.0,zth,1.0,closed_low,unchanged_closed,False,1.2417115422929965,-2.095333891795482,decrease
MFA_like_from_mfa_legacy,MFA_125nA.db::trial_15071,MFA|125|closed_low|closed_low|fully_closed_at_sim_end|closed_low,gamma_s_eff,1.0,zth,1.25,closed_low,unchanged_closed,False,1.2417115422929965,-2.095333891795482,decrease
MFA_like_from_mfa_legacy,MFA_125nA.db::trial_15071,MFA|125|closed_low|closed_low|fully_closed_at_sim_end|closed_low,gamma_s_eff,1.25,zth,0.75,closed_low,unchanged_closed,False,1.2417115422929965,-2.095333891795482,decrease
MFA_like_from_mfa_legacy,MFA_125nA.db::trial_15071,MFA|125|closed_low|closed_low|fully_closed_at_sim_end|closed_low,gamma_s_eff,1.25,zth,1.0,closed_low,unchanged_closed,False,1.2417115422929965,-2.095333891795482,decrease
MFA_like_from_mfa_legacy,MFA_125nA.db::trial_15071,MFA|125|closed_low|closed_low|fully_closed_at_sim_end|closed_low,gamma_s_eff,1.25,zth,1.25,closed_low,unchanged_closed,False,1.2417115422929965,-2.095333891795482,decrease
MFA_like_from_mfa_legacy,MFA_125nA.db::trial_15071,MFA|125|closed_low|closed_low|fully_closed_at_sim_end|closed_low,zth,0.75,zs,0.75,closed_low,unchanged_closed,False,1.2417115422929965,-2.095333891795482,decrease
MFA_like_from_mfa_legacy,MFA_125nA.db::trial_15071,MFA|125|closed_low|closed_low|fully_closed_at_sim_end|closed_low,zth,0.75,zs,1.0,closed_low,unchanged_closed,False,1.2417115422929965,-2.095333891795482,decrease
MFA_like_from_mfa_legacy,MFA_125nA.db::trial_15071,MFA|125|closed_low|closed_low|fully_closed_at_sim_end|closed_low,zth,0.75,zs,1.25,closed_low,unchanged_closed,False,1.2417115422929965,-2.095333891795482,decrease
MFA_like_from_mfa_legacy,MFA_125nA.db::trial_15071,MFA|125|closed_low|closed_low|fully_closed_at_sim_end|closed_low,zth,1.0,zs,0.75,closed_low,unchanged_closed,False,1.2417115422929965,-2.095333891795482,decrease
MFA_like_from_mfa_legacy,MFA_125nA.db::trial_15071,MFA|125|closed_low|closed_low|fully_closed_at_sim_end|closed_low,zth,1.0,zs,1.0,closed_low,unchanged_closed,False,1.2417115422929965,-2.095333891795482,decrease
MFA_like_from_mfa_legacy,MFA_125nA.db::trial_15071,MFA|125|closed_low|closed_low|fully_closed_at_sim_end|closed_low,zth,1.0,zs,1.25,closed_low,unchanged_closed,False,1.2417115422929965,-2.095333891795482,decrease
MFA_like_from_mfa_legacy,MFA_125nA.db::trial_15071,MFA|125|closed_low|closed_low|fully_closed_at_sim_end|closed_low,zth,1.25,zs,0.75,closed_low,unchanged_closed,False,1.2417115422929965,-2.095333891795482,decrease
MFA_like_from_mfa_legacy,MFA_125nA.db::trial_15071,MFA|125|closed_low|closed_low|fully_closed_at_sim_end|closed_low,zth,1.25,zs,1.0,closed_low,unchanged_closed,False,1.2417115422929965,-2.095333891795482,decrease
MFA_like_from_mfa_legacy,MFA_125nA.db::trial_15071,MFA|125|closed_low|closed_low|fully_closed_at_sim_end|closed_low,zth,1.25,zs,1.25,closed_low,unchanged_closed,False,1.2417115422929965,-2.095333891795482,decrease
MFA_BA_from_MFA_legacy,MFA_125nA.db::trial_15071,MFA|125|closed_low|closed_low|fully_closed_at_sim_end|closed_low,gki,0.75,P_gap_eff,0.75,closed_low,unchanged_closed,False,1.2419058869766004,-2.095139547111878,decrease
MFA_BA_from_MFA_legacy,MFA_125nA.db::trial_15071,MFA|125|closed_low|closed_low|fully_closed_at_sim_end|closed_low,gki,0.75,P_gap_eff,1.0,closed_low,unchanged_closed,False,1.241918061836217,-2.0951273722522616,decrease
MFA_BA_from_MFA_legacy,MFA_125nA.db::trial_15071,MFA|125|closed_low|closed_low|fully_closed_at_sim_end|closed_low,gki,0.75,P_gap_eff,1.25,closed_low,unchanged_closed,False,1.2419253457001687,-2.0951200883883097,decrease
MFA_BA_from_MFA_legacy,MFA_125nA.db::trial_15071,MFA|125|closed_low|closed_low|fully_closed_at_sim_end|closed_low,gki,1.0,P_gap_eff,0.75,closed_low,unchanged_closed,False,1.241699521055039,-2.095345913033439,decrease
MFA_BA_from_MFA_legacy,MFA_125nA.db::trial_15071,MFA|125|closed_low|closed_low|fully_closed_at_sim_end|closed_low,gki,1.0,P_gap_eff,1.0,closed_low,unchanged_closed,False,1.2417115422929965,-2.095333891795482,decrease
MFA_BA_from_MFA_legacy,MFA_125nA.db::trial_15071,MFA|125|closed_low|closed_low|fully_closed_at_sim_end|closed_low,gki,1.0,P_gap_eff,1.25,closed_low,unchanged_closed,False,1.2417188847866314,-2.0953265493018467,decrease
MFA_BA_from_MFA_legacy,MFA_125nA.db::trial_15071,MFA|125|closed_low|closed_low|fully_closed_at_sim_end|closed_low,gki,1.25,P_gap_eff,0.75,closed_low,unchanged_closed,False,1.2415762368718302,-2.095469197216648,decrease
MFA_BA_from_MFA_legacy,MFA_125nA.db::trial_15071,MFA|125|closed_low|closed_low|fully_closed_at_sim_end|closed_low,gki,1.25,P_gap_eff,1.0,closed_low,unchanged_closed,False,1.2415879404647117,-2.0954574936237664,decrease
MFA_BA_from_MFA_legacy,MFA_125nA.db::trial_15071,MFA|125|closed_low|closed_low|fully_closed_at_sim_end|closed_low,gki,1.25,P_gap_eff,1.25,closed_low,unchanged_closed,False,1.2415954088066974,-2.0954500252817807,decrease
MFA_like_from_mfa_legacy,MFA_125nA.db::trial_16661,MFA|125|closed_low|closed_low|fully_closed_at_sim_end|closed_low,P_gap_eff,0.75,gamma_s_eff,0.75,closed_low,unchanged_closed,False,1.2416996971415497,-2.095346222929459,decrease
MFA_like_from_mfa_legacy,MFA_125nA.db::trial_16661,MFA|125|closed_low|closed_low|fully_closed_at_sim_end|closed_low,P_gap_eff,0.75,gamma_s_eff,1.0,closed_low,unchanged_closed,False,1.2416996971415497,-2.095346222929459,decrease
MFA_like_from_mfa_legacy,MFA_125nA.db::trial_16661,MFA|125|closed_low|closed_low|fully_closed_at_sim_end|closed_low,P_gap_eff,0.75,gamma_s_eff,1.25,closed_low,unchanged_closed,False,1.2416996971415497,-2.095346222929459,decrease
MFA_like_from_mfa_legacy,MFA_125nA.db::trial_16661,MFA|125|closed_low|closed_low|fully_closed_at_sim_end|closed_low,P_gap_eff,1.0,gamma_s_eff,0.75,closed_low,unchanged_closed,False,1.241711607798886,-2.095334312272123,decrease
MFA_like_from_mfa_legacy,MFA_125nA.db::trial_16661,MFA|125|closed_low|closed_low|fully_closed_at_sim_end|closed_low,P_gap_eff,1.0,gamma_s_eff,1.0,closed_low,unchanged_closed,False,1.241711607798886,-2.095334312272123,decrease
MFA_like_from_mfa_legacy,MFA_125nA.db::trial_16661,MFA|125|closed_low|closed_low|fully_closed_at_sim_end|closed_low,P_gap_eff,1.0,gamma_s_eff,1.25,closed_low,unchanged_closed,False,1.241711607798886,-2.095334312272123,decrease
MFA_like_from_mfa_legacy,MFA_125nA.db::trial_16661,MFA|125|closed_low|closed_low|fully_closed_at_sim_end|closed_low,P_gap_eff,1.25,gamma_s_eff,0.75,closed_low,unchanged_closed,False,1.2417188746575913,-2.0953270454134176,decrease
MFA_like_from_mfa_legacy,MFA_125nA.db::trial_16661,MFA|125|closed_low|closed_low|fully_closed_at_sim_end|closed_low,P_gap_eff,1.25,gamma_s_eff,1.0,closed_low,unchanged_closed,False,1.2417188746575913,-2.0953270454134176,decrease
MFA_like_from_mfa_legacy,MFA_125nA.db::trial_16661,MFA|125|closed_low|closed_low|fully_closed_at_sim_end|closed_low,P_gap_eff,1.25,gamma_s_eff,1.25,closed_low,unchanged_closed,False,1.2417188746575913,-2.0953270454134176,decrease
MFA_like_from_mfa_legacy,MFA_125nA.db::trial_16661,MFA|125|closed_low|closed_low|fully_closed_at_sim_end|closed_low,P_gap_eff,0.75,zth,0.75,closed_low,unchanged_closed,False,1.2416996971415497,-2.095346222929459,decrease
MFA_like_from_mfa_legacy,MFA_125nA.db::trial_16661,MFA|125|closed_low|closed_low|fully_closed_at_sim_end|closed_low,P_gap_eff,0.75,zth,1.0,closed_low,unchanged_closed,False,1.2416996971415497,-2.095346222929459,decrease
MFA_like_from_mfa_legacy,MFA_125nA.db::trial_16661,MFA|125|closed_low|closed_low|fully_closed_at_sim_end|closed_low,P_gap_eff,0.75,zth,1.25,closed_low,unchanged_closed,False,1.2416996971415497,-2.095346222929459,decrease
MFA_like_from_mfa_legacy,MFA_125nA.db::trial_16661,MFA|125|closed_low|closed_low|fully_closed_at_sim_end|closed_low,P_gap_eff,1.0,zth,0.75,closed_low,unchanged_closed,False,1.241711607798886,-2.095334312272123,decrease
MFA_like_from_mfa_legacy,MFA_125nA.db::trial_16661,MFA|125|closed_low|closed_low|fully_closed_at_sim_end|closed_low,P_gap_eff,1.0,zth,1.0,closed_low,unchanged_closed,False,1.241711607798886,-2.095334312272123,decrease
MFA_like_from_mfa_legacy,MFA_125nA.db::trial_16661,MFA|125|closed_low|closed_low|fully_closed_at_sim_end|closed_low,P_gap_eff,1.0,zth,1.25,closed_low,unchanged_closed,False,1.241711607798886,-2.095334312272123,decrease
MFA_like_from_mfa_legacy,MFA_125nA.db::trial_16661,MFA|125|closed_low|closed_low|fully_closed_at_sim_end|closed_low,P_gap_eff,1.25,zth,0.75,closed_low,unchanged_closed,False,1.2417188746575913,-2.0953270454134176,decrease
MFA_like_from_mfa_legacy,MFA_125nA.db::trial_16661,MFA|125|closed_low|closed_low|fully_closed_at_sim_end|closed_low,P_gap_eff,1.25,zth,1.0,closed_low,unchanged_closed,False,1.2417188746575913,-2.0953270454134176,decrease
MFA_like_from_mfa_legacy,MFA_125nA.db::trial_16661,MFA|125|closed_low|closed_low|fully_closed_at_sim_end|closed_low,P_gap_eff,1.25,zth,1.25,closed_low,unchanged_closed,False,1.2417188746575913,-2.0953270454134176,decrease
MFA_like_from_mfa_legacy,MFA_125nA.db::trial_16661,MFA|125|closed_low|closed_low|fully_closed_at_sim_end|closed_low,gamma_s_eff,0.75,zth,0.75,closed_low,unchanged_closed,False,1.241711607798886,-2.095334312272123,decrease
MFA_like_from_mfa_legacy,MFA_125nA.db::trial_16661,MFA|125|closed_low|closed_low|fully_closed_at_sim_end|closed_low,gamma_s_eff,0.75,zth,1.0,closed_low,unchanged_closed,False,1.241711607798886,-2.095334312272123,decrease
MFA_like_from_mfa_legacy,MFA_125nA.db::trial_16661,MFA|125|closed_low|closed_low|fully_closed_at_sim_end|closed_low,gamma_s_eff,0.75,zth,1.25,closed_low,unchanged_closed,False,1.241711607798886,-2.095334312272123,decrease
MFA_like_from_mfa_legacy,MFA_125nA.db::trial_16661,MFA|125|closed_low|closed_low|fully_closed_at_sim_end|closed_low,gamma_s_eff,1.0,zth,0.75,closed_low,unchanged_closed,False,1.241711607798886,-2.095334312272123,decrease
MFA_like_from_mfa_legacy,MFA_125nA.db::trial_16661,MFA|125|closed_low|closed_low|fully_closed_at_sim_end|closed_low,gamma_s_eff,1.0,zth,1.0,closed_low,unchanged_closed,False,1.241711607798886,-2.095334312272123,decrease
MFA_like_from_mfa_legacy,MFA_125nA.db::trial_16661,MFA|125|closed_low|closed_low|fully_closed_at_sim_end|closed_low,gamma_s_eff,1.0,zth,1.25,closed_low,unchanged_closed,False,1.241711607798886,-2.095334312272123,decrease
MFA_like_from_mfa_legacy,MFA_125nA.db::trial_16661,MFA|125|closed_low|closed_low|fully_closed_at_sim_end|closed_low,gamma_s_eff,1.25,zth,0.75,closed_low,unchanged_closed,False,1.241711607798886,-2.095334312272123,decrease
MFA_like_from_mfa_legacy,MFA_125nA.db::trial_16661,MFA|125|closed_low|closed_low|fully_closed_at_sim_end|closed_low,gamma_s_eff,1.25,zth,1.0,closed_low,unchanged_closed,False,1.241711607798886,-2.095334312272123,decrease
MFA_like_from_mfa_legacy,MFA_125nA.db::trial_16661,MFA|125|closed_low|closed_low|fully_closed_at_sim_end|closed_low,gamma_s_eff,1.25,zth,1.25,closed_low,unchanged_closed,False,1.241711607798886,-2.095334312272123,decrease
MFA_like_from_mfa_legacy,MFA_125nA.db::trial_16661,MFA|125|closed_low|closed_low|fully_closed_at_sim_end|closed_low,zth,0.75,zs,0.75,closed_low,unchanged_closed,False,1.241711607798886,-2.095334312272123,decrease
MFA_like_from_mfa_legacy,MFA_125nA.db::trial_16661,MFA|125|closed_low|closed_low|fully_closed_at_sim_end|closed_low,zth,0.75,zs,1.0,closed_low,unchanged_closed,False,1.241711607798886,-2.095334312272123,decrease
MFA_like_from_mfa_legacy,MFA_125nA.db::trial_16661,MFA|125|closed_low|closed_low|fully_closed_at_sim_end|closed_low,zth,0.75,zs,1.25,closed_low,unchanged_closed,False,1.241711607798886,-2.095334312272123,decrease
MFA_like_from_mfa_legacy,MFA_125nA.db::trial_16661,MFA|125|closed_low|closed_low|fully_closed_at_sim_end|closed_low,zth,1.0,zs,0.75,closed_low,unchanged_closed,False,1.241711607798886,-2.095334312272123,decrease
MFA_like_from_mfa_legacy,MFA_125nA.db::trial_16661,MFA|125|closed_low|closed_low|fully_closed_at_sim_end|closed_low,zth,1.0,zs,1.0,closed_low,unchanged_closed,False,1.241711607798886,-2.095334312272123,decrease
MFA_like_from_mfa_legacy,MFA_125nA.db::trial_16661,MFA|125|closed_low|closed_low|fully_closed_at_sim_end|closed_low,zth,1.0,zs,1.25,closed_low,unchanged_closed,False,1.241711607798886,-2.095334312272123,decrease
MFA_like_from_mfa_legacy,MFA_125nA.db::trial_16661,MFA|125|closed_low|closed_low|fully_closed_at_sim_end|closed_low,zth,1.25,zs,0.75,closed_low,unchanged_closed,False,1.241711607798886,-2.095334312272123,decrease
MFA_like_from_mfa_legacy,MFA_125nA.db::trial_16661,MFA|125|closed_low|closed_low|fully_closed_at_sim_end|closed_low,zth,1.25,zs,1.0,closed_low,unchanged_closed,False,1.241711607798886,-2.095334312272123,decrease
MFA_like_from_mfa_legacy,MFA_125nA.db::trial_16661,MFA|125|closed_low|closed_low|fully_closed_at_sim_end|closed_low,zth,1.25,zs,1.25,closed_low,unchanged_closed,False,1.241711607798886,-2.095334312272123,decrease
MFA_BA_from_MFA_legacy,MFA_125nA.db::trial_16661,MFA|125|closed_low|closed_low|fully_closed_at_sim_end|closed_low,gki,0.75,P_gap_eff,0.75,closed_low,unchanged_closed,False,1.2419059095726337,-2.0951400104983753,decrease
MFA_BA_from_MFA_legacy,MFA_125nA.db::trial_16661,MFA|125|closed_low|closed_low|fully_closed_at_sim_end|closed_low,gki,0.75,P_gap_eff,1.0,closed_low,unchanged_closed,False,1.2419180782836505,-2.0951278417873587,decrease
MFA_BA_from_MFA_legacy,MFA_125nA.db::trial_16661,MFA|125|closed_low|closed_low|fully_closed_at_sim_end|closed_low,gki,0.75,P_gap_eff,1.25,closed_low,unchanged_closed,False,1.2419253804877581,-2.0951205395832506,decrease
MFA_BA_from_MFA_legacy,MFA_125nA.db::trial_16661,MFA|125|closed_low|closed_low|fully_closed_at_sim_end|closed_low,gki,1.0,P_gap_eff,0.75,closed_low,unchanged_closed,False,1.2416996971415497,-2.095346222929459,decrease
MFA_BA_from_MFA_legacy,MFA_125nA.db::trial_16661,MFA|125|closed_low|closed_low|fully_closed_at_sim_end|closed_low,gki,1.0,P_gap_eff,1.0,closed_low,unchanged_closed,False,1.241711607798886,-2.095334312272123,decrease
MFA_BA_from_MFA_legacy,MFA_125nA.db::trial_16661,MFA|125|closed_low|closed_low|fully_closed_at_sim_end|closed_low,gki,1.0,P_gap_eff,1.25,closed_low,unchanged_closed,False,1.2417188746575913,-2.0953270454134176,decrease
MFA_BA_from_MFA_legacy,MFA_125nA.db::trial_16661,MFA|125|closed_low|closed_low|fully_closed_at_sim_end|closed_low,gki,1.25,P_gap_eff,0.75,closed_low,unchanged_closed,False,1.2415758662233398,-2.095470053847669,decrease
MFA_BA_from_MFA_legacy,MFA_125nA.db::trial_16661,MFA|125|closed_low|closed_low|fully_closed_at_sim_end|closed_low,gki,1.25,P_gap_eff,1.0,closed_low,unchanged_closed,False,1.2415880882378914,-2.0954578318331176,decrease
MFA_BA_from_MFA_legacy,MFA_125nA.db::trial_16661,MFA|125|closed_low|closed_low|fully_closed_at_sim_end|closed_low,gki,1.25,P_gap_eff,1.25,closed_low,unchanged_closed,False,1.241595341857265,-2.095450578213744,decrease
MFA_like_from_mfa_legacy,MFA_150nA.db::trial_13422,MFA|150|closed_low|closed_low|fully_closed_at_sim_end|closed_low,P_gap_eff,0.75,gamma_s_eff,0.75,closed_low,unchanged_closed,False,1.3258360436585863,0.35243731374654197,increase
MFA_like_from_mfa_legacy,MFA_150nA.db::trial_13422,MFA|150|closed_low|closed_low|fully_closed_at_sim_end|closed_low,P_gap_eff,0.75,gamma_s_eff,1.0,closed_low,unchanged_closed,False,1.3270106065798926,0.3536118766678482,increase
MFA_like_from_mfa_legacy,MFA_150nA.db::trial_13422,MFA|150|closed_low|closed_low|fully_closed_at_sim_end|closed_low,P_gap_eff,0.75,gamma_s_eff,1.25,closed_low,unchanged_closed,False,1.3274801800409963,0.354081450128952,increase
MFA_like_from_mfa_legacy,MFA_150nA.db::trial_13422,MFA|150|closed_low|closed_low|fully_closed_at_sim_end|closed_low,P_gap_eff,1.0,gamma_s_eff,0.75,closed_low,unchanged_closed,False,1.3011582872734708,0.3277595573614265,increase
MFA_like_from_mfa_legacy,MFA_150nA.db::trial_13422,MFA|150|closed_low|closed_low|fully_closed_at_sim_end|closed_low,P_gap_eff,1.0,gamma_s_eff,1.0,closed_low,unchanged_closed,False,1.3026591096297964,0.329260379717752,increase
MFA_like_from_mfa_legacy,MFA_150nA.db::trial_13422,MFA|150|closed_low|closed_low|fully_closed_at_sim_end|closed_low,P_gap_eff,1.0,gamma_s_eff,1.25,closed_low,unchanged_closed,False,1.3032566905481606,0.3298579606361163,increase
MFA_like_from_mfa_legacy,MFA_150nA.db::trial_13422,MFA|150|closed_low|closed_low|fully_closed_at_sim_end|closed_low,P_gap_eff,1.25,gamma_s_eff,0.75,closed_low,unchanged_closed,False,1.2545714449890795,0.2811727150770351,increase
MFA_like_from_mfa_legacy,MFA_150nA.db::trial_13422,MFA|150|closed_low|closed_low|fully_closed_at_sim_end|closed_low,P_gap_eff,1.25,gamma_s_eff,1.0,closed_low,unchanged_closed,False,1.2563305179416648,0.2829317880296205,increase
MFA_like_from_mfa_legacy,MFA_150nA.db::trial_13422,MFA|150|closed_low|closed_low|fully_closed_at_sim_end|closed_low,P_gap_eff,1.25,gamma_s_eff,1.25,closed_low,unchanged_closed,False,1.2570001241629973,0.283601394250953,increase
MFA_like_from_mfa_legacy,MFA_150nA.db::trial_13422,MFA|150|closed_low|closed_low|fully_closed_at_sim_end|closed_low,P_gap_eff,0.75,zth,0.75,partial_mid,closed_to_partial,True,1.3279240211583647,0.3545252912463204,increase
MFA_like_from_mfa_legacy,MFA_150nA.db::trial_13422,MFA|150|closed_low|closed_low|fully_closed_at_sim_end|closed_low,P_gap_eff,0.75,zth,1.0,closed_low,unchanged_closed,False,1.3270106065798926,0.3536118766678482,increase
MFA_like_from_mfa_legacy,MFA_150nA.db::trial_13422,MFA|150|closed_low|closed_low|fully_closed_at_sim_end|closed_low,P_gap_eff,0.75,zth,1.25,closed_low,unchanged_closed,False,1.3215422412341074,0.348143511322063,increase
MFA_like_from_mfa_legacy,MFA_150nA.db::trial_13422,MFA|150|closed_low|closed_low|fully_closed_at_sim_end|closed_low,P_gap_eff,1.0,zth,0.75,partial_mid,closed_to_partial,True,1.3039052749556603,0.330506545043616,increase
MFA_like_from_mfa_legacy,MFA_150nA.db::trial_13422,MFA|150|closed_low|closed_low|fully_closed_at_sim_end|closed_low,P_gap_eff,1.0,zth,1.0,closed_low,unchanged_closed,False,1.3026591096297964,0.329260379717752,increase
MFA_like_from_mfa_legacy,MFA_150nA.db::trial_13422,MFA|150|closed_low|closed_low|fully_closed_at_sim_end|closed_low,P_gap_eff,1.0,zth,1.25,closed_low,unchanged_closed,False,1.2951133088831102,0.3217145789710658,increase
MFA_like_from_mfa_legacy,MFA_150nA.db::trial_13422,MFA|150|closed_low|closed_low|fully_closed_at_sim_end|closed_low,P_gap_eff,1.25,zth,0.75,partial_mid,closed_to_partial,True,1.2576782201207632,0.2842794902087189,increase
MFA_like_from_mfa_legacy,MFA_150nA.db::trial_13422,MFA|150|closed_low|closed_low|fully_closed_at_sim_end|closed_low,P_gap_eff,1.25,zth,1.0,closed_low,unchanged_closed,False,1.2563305179416648,0.2829317880296205,increase
MFA_like_from_mfa_legacy,MFA_150nA.db::trial_13422,MFA|150|closed_low|closed_low|fully_closed_at_sim_end|closed_low,P_gap_eff,1.25,zth,1.25,closed_low,unchanged_closed,False,1.246656412533554,0.2732576826215096,increase
MFA_like_from_mfa_legacy,MFA_150nA.db::trial_13422,MFA|150|closed_low|closed_low|fully_closed_at_sim_end|closed_low,gamma_s_eff,0.75,zth,0.75,partial_mid,closed_to_partial,True,1.3037679291776516,0.33036919926560726,increase
MFA_like_from_mfa_legacy,MFA_150nA.db::trial_13422,MFA|150|closed_low|closed_low|fully_closed_at_sim_end|closed_low,gamma_s_eff,0.75,zth,1.0,closed_low,unchanged_closed,False,1.3011582872734708,0.3277595573614265,increase
MFA_like_from_mfa_legacy,MFA_150nA.db::trial_13422,MFA|150|closed_low|closed_low|fully_closed_at_sim_end|closed_low,gamma_s_eff,0.75,zth,1.25,closed_low,unchanged_closed,False,1.2893989467380886,0.3160002168260443,increase
MFA_like_from_mfa_legacy,MFA_150nA.db::trial_13422,MFA|150|closed_low|closed_low|fully_closed_at_sim_end|closed_low,gamma_s_eff,1.0,zth,0.75,partial_mid,closed_to_partial,True,1.3039052749556603,0.330506545043616,increase
MFA_like_from_mfa_legacy,MFA_150nA.db::trial_13422,MFA|150|closed_low|closed_low|fully_closed_at_sim_end|closed_low,gamma_s_eff,1.0,zth,1.0,closed_low,unchanged_closed,False,1.3026591096297964,0.329260379717752,increase
MFA_like_from_mfa_legacy,MFA_150nA.db::trial_13422,MFA|150|closed_low|closed_low|fully_closed_at_sim_end|closed_low,gamma_s_eff,1.0,zth,1.25,closed_low,unchanged_closed,False,1.2951133088831102,0.3217145789710658,increase
MFA_like_from_mfa_legacy,MFA_150nA.db::trial_13422,MFA|150|closed_low|closed_low|fully_closed_at_sim_end|closed_low,gamma_s_eff,1.25,zth,0.75,partial_mid,closed_to_partial,True,1.303895728011438,0.3304969980993937,increase
MFA_like_from_mfa_legacy,MFA_150nA.db::trial_13422,MFA|150|closed_low|closed_low|fully_closed_at_sim_end|closed_low,gamma_s_eff,1.25,zth,1.0,closed_low,unchanged_closed,False,1.3032566905481606,0.3298579606361163,increase
MFA_like_from_mfa_legacy,MFA_150nA.db::trial_13422,MFA|150|closed_low|closed_low|fully_closed_at_sim_end|closed_low,gamma_s_eff,1.25,zth,1.25,closed_low,unchanged_closed,False,1.2984194071130455,0.32502067720100114,increase
MFA_like_from_mfa_legacy,MFA_150nA.db::trial_13422,MFA|150|closed_low|closed_low|fully_closed_at_sim_end|closed_low,zth,0.75,zs,0.75,partial_mid,closed_to_partial,True,1.304012433972483,0.33061370406043866,increase
MFA_like_from_mfa_legacy,MFA_150nA.db::trial_13422,MFA|150|closed_low|closed_low|fully_closed_at_sim_end|closed_low,zth,0.75,zs,1.0,partial_mid,closed_to_partial,True,1.3039052749556603,0.330506545043616,increase
MFA_like_from_mfa_legacy,MFA_150nA.db::trial_13422,MFA|150|closed_low|closed_low|fully_closed_at_sim_end|closed_low,zth,0.75,zs,1.25,partial_mid,delayed_opening_after_load,True,1.3027652279287574,0.329366498016713,increase
MFA_like_from_mfa_legacy,MFA_150nA.db::trial_13422,MFA|150|closed_low|closed_low|fully_closed_at_sim_end|closed_low,zth,1.0,zs,0.75,partial_mid,closed_to_partial,True,1.304165922800635,0.3307671928885907,increase
MFA_like_from_mfa_legacy,MFA_150nA.db::trial_13422,MFA|150|closed_low|closed_low|fully_closed_at_sim_end|closed_low,zth,1.0,zs,1.0,closed_low,unchanged_closed,False,1.3026591096297964,0.329260379717752,increase
MFA_like_from_mfa_legacy,MFA_150nA.db::trial_13422,MFA|150|closed_low|closed_low|fully_closed_at_sim_end|closed_low,zth,1.0,zs,1.25,closed_low,unchanged_closed,False,1.2941445716517597,0.3207458417397153,increase
MFA_like_from_mfa_legacy,MFA_150nA.db::trial_13422,MFA|150|closed_low|closed_low|fully_closed_at_sim_end|closed_low,zth,1.25,zs,0.75,closed_low,unchanged_closed,False,1.3038788715364014,0.330480141624357,increase
MFA_like_from_mfa_legacy,MFA_150nA.db::trial_13422,MFA|150|closed_low|closed_low|fully_closed_at_sim_end|closed_low,zth,1.25,zs,1.0,closed_low,unchanged_closed,False,1.2951133088831102,0.3217145789710658,increase
MFA_like_from_mfa_legacy,MFA_150nA.db::trial_13422,MFA|150|closed_low|closed_low|fully_closed_at_sim_end|closed_low,zth,1.25,zs,1.25,closed_low,unchanged_closed,False,1.266271292550741,0.29287256263869654,increase
MFA_BA_from_MFA_legacy,MFA_150nA.db::trial_13422,MFA|150|closed_low|closed_low|fully_closed_at_sim_end|closed_low,gki,0.75,P_gap_eff,0.75,closed_low,unchanged_closed,False,1.3278361032267514,0.35443737331470704,increase
MFA_BA_from_MFA_legacy,MFA_150nA.db::trial_13422,MFA|150|closed_low|closed_low|fully_closed_at_sim_end|closed_low,gki,0.75,P_gap_eff,1.0,closed_low,unchanged_closed,False,1.3045839874047391,0.3311852574926948,increase
MFA_BA_from_MFA_legacy,MFA_150nA.db::trial_13422,MFA|150|closed_low|closed_low|fully_closed_at_sim_end|closed_low,gki,0.75,P_gap_eff,1.25,closed_low,unchanged_closed,False,1.2604781526816584,0.28707942276961407,increase
MFA_BA_from_MFA_legacy,MFA_150nA.db::trial_13422,MFA|150|closed_low|closed_low|fully_closed_at_sim_end|closed_low,gki,1.0,P_gap_eff,0.75,closed_low,unchanged_closed,False,1.3270106065798926,0.3536118766678482,increase
MFA_BA_from_MFA_legacy,MFA_150nA.db::trial_13422,MFA|150|closed_low|closed_low|fully_closed_at_sim_end|closed_low,gki,1.0,P_gap_eff,1.0,closed_low,unchanged_closed,False,1.3026591096297964,0.329260379717752,increase
MFA_BA_from_MFA_legacy,MFA_150nA.db::trial_13422,MFA|150|closed_low|closed_low|fully_closed_at_sim_end|closed_low,gki,1.0,P_gap_eff,1.25,closed_low,unchanged_closed,False,1.2563305179416648,0.2829317880296205,increase
MFA_BA_from_MFA_legacy,MFA_150nA.db::trial_13422,MFA|150|closed_low|closed_low|fully_closed_at_sim_end|closed_low,gki,1.25,P_gap_eff,0.75,closed_low,unchanged_closed,False,1.5331364154252822,0.5597376855132379,increase
MFA_BA_from_MFA_legacy,MFA_150nA.db::trial_13422,MFA|150|closed_low|closed_low|fully_closed_at_sim_end|closed_low,gki,1.25,P_gap_eff,1.0,closed_low,unchanged_closed,False,1.3014774723541014,0.32807874244205704,increase
MFA_BA_from_MFA_legacy,MFA_150nA.db::trial_13422,MFA|150|closed_low|closed_low|fully_closed_at_sim_end|closed_low,gki,1.25,P_gap_eff,1.25,closed_low,unchanged_closed,False,1.2537556301461914,0.28035690023414706,increase
MFA_like_from_mfa_legacy,MFA_150nA.db::trial_11130,MFA|150|closed_low|closed_low|fully_closed_at_sim_end|closed_low,P_gap_eff,0.75,gamma_s_eff,0.75,closed_low,unchanged_closed,False,0.9744401732320214,-0.3169493274189181,decrease
MFA_like_from_mfa_legacy,MFA_150nA.db::trial_11130,MFA|150|closed_low|closed_low|fully_closed_at_sim_end|closed_low,P_gap_eff,0.75,gamma_s_eff,1.0,closed_low,unchanged_closed,False,0.9744401728418325,-0.316949327809107,decrease
MFA_like_from_mfa_legacy,MFA_150nA.db::trial_11130,MFA|150|closed_low|closed_low|fully_closed_at_sim_end|closed_low,P_gap_eff,0.75,gamma_s_eff,1.25,closed_low,unchanged_closed,False,0.9744401786793759,-0.31694932197156356,decrease
MFA_like_from_mfa_legacy,MFA_150nA.db::trial_11130,MFA|150|closed_low|closed_low|fully_closed_at_sim_end|closed_low,P_gap_eff,1.0,gamma_s_eff,0.75,closed_low,unchanged_closed,False,0.9476320055864176,-0.3437574950645219,decrease
MFA_like_from_mfa_legacy,MFA_150nA.db::trial_11130,MFA|150|closed_low|closed_low|fully_closed_at_sim_end|closed_low,P_gap_eff,1.0,gamma_s_eff,1.0,closed_low,unchanged_closed,False,0.9476321699420517,-0.3437573307088878,decrease
MFA_like_from_mfa_legacy,MFA_150nA.db::trial_11130,MFA|150|closed_low|closed_low|fully_closed_at_sim_end|closed_low,P_gap_eff,1.0,gamma_s_eff,1.25,closed_low,unchanged_closed,False,0.9476320522800129,-0.3437574483709266,decrease
MFA_like_from_mfa_legacy,MFA_150nA.db::trial_11130,MFA|150|closed_low|closed_low|fully_closed_at_sim_end|closed_low,P_gap_eff,1.25,gamma_s_eff,0.75,closed_low,unchanged_closed,False,0.9096297359031698,-0.38175976474776974,decrease
MFA_like_from_mfa_legacy,MFA_150nA.db::trial_11130,MFA|150|closed_low|closed_low|fully_closed_at_sim_end|closed_low,P_gap_eff,1.25,gamma_s_eff,1.0,closed_low,unchanged_closed,False,0.9096297366896372,-0.3817597639613023,decrease
MFA_like_from_mfa_legacy,MFA_150nA.db::trial_11130,MFA|150|closed_low|closed_low|fully_closed_at_sim_end|closed_low,P_gap_eff,1.25,gamma_s_eff,1.25,closed_low,unchanged_closed,False,0.9096299370390859,-0.3817595636118536,decrease
MFA_like_from_mfa_legacy,MFA_150nA.db::trial_11130,MFA|150|closed_low|closed_low|fully_closed_at_sim_end|closed_low,P_gap_eff,0.75,zth,0.75,closed_low,unchanged_closed,False,0.9744401920279284,-0.3169493086230111,decrease
MFA_like_from_mfa_legacy,MFA_150nA.db::trial_11130,MFA|150|closed_low|closed_low|fully_closed_at_sim_end|closed_low,P_gap_eff,0.75,zth,1.0,closed_low,unchanged_closed,False,0.9744401728418325,-0.316949327809107,decrease
MFA_like_from_mfa_legacy,MFA_150nA.db::trial_11130,MFA|150|closed_low|closed_low|fully_closed_at_sim_end|closed_low,P_gap_eff,0.75,zth,1.25,closed_low,unchanged_closed,False,0.9744401294830948,-0.3169493711678447,decrease
MFA_like_from_mfa_legacy,MFA_150nA.db::trial_11130,MFA|150|closed_low|closed_low|fully_closed_at_sim_end|closed_low,P_gap_eff,1.0,zth,0.75,closed_low,unchanged_closed,False,0.9476321780923378,-0.3437573225586017,decrease
MFA_like_from_mfa_legacy,MFA_150nA.db::trial_11130,MFA|150|closed_low|closed_low|fully_closed_at_sim_end|closed_low,P_gap_eff,1.0,zth,1.0,closed_low,unchanged_closed,False,0.9476321699420517,-0.3437573307088878,decrease
MFA_like_from_mfa_legacy,MFA_150nA.db::trial_11130,MFA|150|closed_low|closed_low|fully_closed_at_sim_end|closed_low,P_gap_eff,1.0,zth,1.25,closed_low,unchanged_closed,False,0.9476321592472715,-0.343757341403668,decrease
MFA_like_from_mfa_legacy,MFA_150nA.db::trial_11130,MFA|150|closed_low|closed_low|fully_closed_at_sim_end|closed_low,P_gap_eff,1.25,zth,0.75,closed_low,unchanged_closed,False,0.9096298716192192,-0.38175962903172034,decrease
MFA_like_from_mfa_legacy,MFA_150nA.db::trial_11130,MFA|150|closed_low|closed_low|fully_closed_at_sim_end|closed_low,P_gap_eff,1.25,zth,1.0,closed_low,unchanged_closed,False,0.9096297366896372,-0.3817597639613023,decrease
MFA_like_from_mfa_legacy,MFA_150nA.db::trial_11130,MFA|150|closed_low|closed_low|fully_closed_at_sim_end|closed_low,P_gap_eff,1.25,zth,1.25,closed_low,unchanged_closed,False,0.909629798683941,-0.3817597019669985,decrease
MFA_like_from_mfa_legacy,MFA_150nA.db::trial_11130,MFA|150|closed_low|closed_low|fully_closed_at_sim_end|closed_low,gamma_s_eff,0.75,zth,0.75,closed_low,unchanged_closed,False,0.9476322263375203,-0.3437572743134192,decrease
MFA_like_from_mfa_legacy,MFA_150nA.db::trial_11130,MFA|150|closed_low|closed_low|fully_closed_at_sim_end|closed_low,gamma_s_eff,0.75,zth,1.0,closed_low,unchanged_closed,False,0.9476320055864176,-0.3437574950645219,decrease
MFA_like_from_mfa_legacy,MFA_150nA.db::trial_11130,MFA|150|closed_low|closed_low|fully_closed_at_sim_end|closed_low,gamma_s_eff,0.75,zth,1.25,closed_low,unchanged_closed,False,0.9476321592472715,-0.343757341403668,decrease
MFA_like_from_mfa_legacy,MFA_150nA.db::trial_11130,MFA|150|closed_low|closed_low|fully_closed_at_sim_end|closed_low,gamma_s_eff,1.0,zth,0.75,closed_low,unchanged_closed,False,0.9476321780923378,-0.3437573225586017,decrease
MFA_like_from_mfa_legacy,MFA_150nA.db::trial_11130,MFA|150|closed_low|closed_low|fully_closed_at_sim_end|closed_low,gamma_s_eff,1.0,zth,1.0,closed_low,unchanged_closed,False,0.9476321699420517,-0.3437573307088878,decrease
MFA_like_from_mfa_legacy,MFA_150nA.db::trial_11130,MFA|150|closed_low|closed_low|fully_closed_at_sim_end|closed_low,gamma_s_eff,1.0,zth,1.25,closed_low,unchanged_closed,False,0.9476321592472715,-0.343757341403668,decrease
MFA_like_from_mfa_legacy,MFA_150nA.db::trial_11130,MFA|150|closed_low|closed_low|fully_closed_at_sim_end|closed_low,gamma_s_eff,1.25,zth,0.75,closed_low,unchanged_closed,False,0.947632037008861,-0.3437574636420785,decrease
MFA_like_from_mfa_legacy,MFA_150nA.db::trial_11130,MFA|150|closed_low|closed_low|fully_closed_at_sim_end|closed_low,gamma_s_eff,1.25,zth,1.0,closed_low,unchanged_closed,False,0.9476320522800129,-0.3437574483709266,decrease
MFA_like_from_mfa_legacy,MFA_150nA.db::trial_11130,MFA|150|closed_low|closed_low|fully_closed_at_sim_end|closed_low,gamma_s_eff,1.25,zth,1.25,closed_low,unchanged_closed,False,0.9476321592472715,-0.343757341403668,decrease
MFA_like_from_mfa_legacy,MFA_150nA.db::trial_11130,MFA|150|closed_low|closed_low|fully_closed_at_sim_end|closed_low,zth,0.75,zs,0.75,closed_low,unchanged_closed,False,0.9476320500593599,-0.3437574505915796,decrease
MFA_like_from_mfa_legacy,MFA_150nA.db::trial_11130,MFA|150|closed_low|closed_low|fully_closed_at_sim_end|closed_low,zth,0.75,zs,1.0,closed_low,unchanged_closed,False,0.9476321780923378,-0.3437573225586017,decrease
MFA_like_from_mfa_legacy,MFA_150nA.db::trial_11130,MFA|150|closed_low|closed_low|fully_closed_at_sim_end|closed_low,zth,0.75,zs,1.25,closed_low,unchanged_closed,False,0.9476320192496895,-0.34375748140124995,decrease
MFA_like_from_mfa_legacy,MFA_150nA.db::trial_11130,MFA|150|closed_low|closed_low|fully_closed_at_sim_end|closed_low,zth,1.0,zs,0.75,closed_low,unchanged_closed,False,0.9476321729800661,-0.3437573276708734,decrease
MFA_like_from_mfa_legacy,MFA_150nA.db::trial_11130,MFA|150|closed_low|closed_low|fully_closed_at_sim_end|closed_low,zth,1.0,zs,1.0,closed_low,unchanged_closed,False,0.9476321699420517,-0.3437573307088878,decrease
MFA_like_from_mfa_legacy,MFA_150nA.db::trial_11130,MFA|150|closed_low|closed_low|fully_closed_at_sim_end|closed_low,zth,1.0,zs,1.25,closed_low,unchanged_closed,False,0.9476321592472715,-0.343757341403668,decrease
MFA_like_from_mfa_legacy,MFA_150nA.db::trial_11130,MFA|150|closed_low|closed_low|fully_closed_at_sim_end|closed_low,zth,1.25,zs,0.75,closed_low,unchanged_closed,False,0.9476322717952462,-0.34375722885569326,decrease
MFA_like_from_mfa_legacy,MFA_150nA.db::trial_11130,MFA|150|closed_low|closed_low|fully_closed_at_sim_end|closed_low,zth,1.25,zs,1.0,closed_low,unchanged_closed,False,0.9476321592472715,-0.343757341403668,decrease
MFA_like_from_mfa_legacy,MFA_150nA.db::trial_11130,MFA|150|closed_low|closed_low|fully_closed_at_sim_end|closed_low,zth,1.25,zs,1.25,closed_low,unchanged_closed,False,0.9476321592472715,-0.343757341403668,decrease
MFA_BA_from_MFA_legacy,MFA_150nA.db::trial_11130,MFA|150|closed_low|closed_low|fully_closed_at_sim_end|closed_low,gki,0.75,P_gap_eff,0.75,closed_low,unchanged_closed,False,0.9749931319046266,-0.31639636874631294,decrease
MFA_BA_from_MFA_legacy,MFA_150nA.db::trial_11130,MFA|150|closed_low|closed_low|fully_closed_at_sim_end|closed_low,gki,0.75,P_gap_eff,1.0,closed_low,unchanged_closed,False,0.9486837786261436,-0.3427057220247959,decrease
MFA_BA_from_MFA_legacy,MFA_150nA.db::trial_11130,MFA|150|closed_low|closed_low|fully_closed_at_sim_end|closed_low,gki,0.75,P_gap_eff,1.25,closed_low,unchanged_closed,False,0.9113821683184948,-0.38000733233244466,decrease
MFA_BA_from_MFA_legacy,MFA_150nA.db::trial_11130,MFA|150|closed_low|closed_low|fully_closed_at_sim_end|closed_low,gki,1.0,P_gap_eff,0.75,closed_low,unchanged_closed,False,0.9744401728418325,-0.316949327809107,decrease
MFA_BA_from_MFA_legacy,MFA_150nA.db::trial_11130,MFA|150|closed_low|closed_low|fully_closed_at_sim_end|closed_low,gki,1.0,P_gap_eff,1.0,closed_low,unchanged_closed,False,0.9476321699420517,-0.3437573307088878,decrease
MFA_BA_from_MFA_legacy,MFA_150nA.db::trial_11130,MFA|150|closed_low|closed_low|fully_closed_at_sim_end|closed_low,gki,1.0,P_gap_eff,1.25,closed_low,unchanged_closed,False,0.9096297366896372,-0.3817597639613023,decrease
MFA_BA_from_MFA_legacy,MFA_150nA.db::trial_11130,MFA|150|closed_low|closed_low|fully_closed_at_sim_end|closed_low,gki,1.25,P_gap_eff,0.75,closed_low,unchanged_closed,False,0.9741036298101824,-0.3172858708407571,decrease
MFA_BA_from_MFA_legacy,MFA_150nA.db::trial_11130,MFA|150|closed_low|closed_low|fully_closed_at_sim_end|closed_low,gki,1.25,P_gap_eff,1.0,closed_low,unchanged_closed,False,0.9469911416303582,-0.34439835902058125,decrease
MFA_BA_from_MFA_legacy,MFA_150nA.db::trial_11130,MFA|150|closed_low|closed_low|fully_closed_at_sim_end|closed_low,gki,1.25,P_gap_eff,1.25,closed_low,unchanged_closed,False,0.9085610880349181,-0.3828284126160214,decrease
MFA_like_from_mfa_legacy,MFA_150nA.db::trial_0,MFA|150|partial_mid|open_high|intermediate_or_mixed_temporal_recruitment|partial_mid,P_gap_eff,0.75,gamma_s_eff,0.75,partial_mid,unchanged_partial,False,1.5394313283435084,,undefined
MFA_like_from_mfa_legacy,MFA_150nA.db::trial_0,MFA|150|partial_mid|open_high|intermediate_or_mixed_temporal_recruitment|partial_mid,P_gap_eff,0.75,gamma_s_eff,1.0,partial_mid,unchanged_partial,False,1.5394397491144167,,undefined
MFA_like_from_mfa_legacy,MFA_150nA.db::trial_0,MFA|150|partial_mid|open_high|intermediate_or_mixed_temporal_recruitment|partial_mid,P_gap_eff,0.75,gamma_s_eff,1.25,partial_mid,unchanged_partial,False,1.539424843383154,,undefined
MFA_like_from_mfa_legacy,MFA_150nA.db::trial_0,MFA|150|partial_mid|open_high|intermediate_or_mixed_temporal_recruitment|partial_mid,P_gap_eff,1.0,gamma_s_eff,0.75,open_high,partial_to_open,True,1.6765424243694755,,undefined
MFA_like_from_mfa_legacy,MFA_150nA.db::trial_0,MFA|150|partial_mid|open_high|intermediate_or_mixed_temporal_recruitment|partial_mid,P_gap_eff,1.0,gamma_s_eff,1.0,open_high,partial_to_open,True,1.6765153962415824,,undefined
MFA_like_from_mfa_legacy,MFA_150nA.db::trial_0,MFA|150|partial_mid|open_high|intermediate_or_mixed_temporal_recruitment|partial_mid,P_gap_eff,1.0,gamma_s_eff,1.25,open_high,partial_to_open,True,1.6764766948274967,,undefined
MFA_like_from_mfa_legacy,MFA_150nA.db::trial_0,MFA|150|partial_mid|open_high|intermediate_or_mixed_temporal_recruitment|partial_mid,P_gap_eff,1.25,gamma_s_eff,0.75,open_high,partial_to_open,True,1.8520116898285717,,undefined
MFA_like_from_mfa_legacy,MFA_150nA.db::trial_0,MFA|150|partial_mid|open_high|intermediate_or_mixed_temporal_recruitment|partial_mid,P_gap_eff,1.25,gamma_s_eff,1.0,open_high,partial_to_open,True,1.8519391240029621,,undefined
MFA_like_from_mfa_legacy,MFA_150nA.db::trial_0,MFA|150|partial_mid|open_high|intermediate_or_mixed_temporal_recruitment|partial_mid,P_gap_eff,1.25,gamma_s_eff,1.25,open_high,partial_to_open,True,1.8518671868169092,,undefined
MFA_like_from_mfa_legacy,MFA_150nA.db::trial_0,MFA|150|partial_mid|open_high|intermediate_or_mixed_temporal_recruitment|partial_mid,P_gap_eff,0.75,zth,0.75,partial_mid,unchanged_partial,False,1.5394329279090042,,undefined
MFA_like_from_mfa_legacy,MFA_150nA.db::trial_0,MFA|150|partial_mid|open_high|intermediate_or_mixed_temporal_recruitment|partial_mid,P_gap_eff,0.75,zth,1.0,partial_mid,unchanged_partial,False,1.5394397491144167,,undefined
MFA_like_from_mfa_legacy,MFA_150nA.db::trial_0,MFA|150|partial_mid|open_high|intermediate_or_mixed_temporal_recruitment|partial_mid,P_gap_eff,0.75,zth,1.25,partial_mid,unchanged_partial,False,1.539446667180312,,undefined
MFA_like_from_mfa_legacy,MFA_150nA.db::trial_0,MFA|150|partial_mid|open_high|intermediate_or_mixed_temporal_recruitment|partial_mid,P_gap_eff,1.0,zth,0.75,open_high,partial_to_open,True,1.676499459876173,,undefined
MFA_like_from_mfa_legacy,MFA_150nA.db::trial_0,MFA|150|partial_mid|open_high|intermediate_or_mixed_temporal_recruitment|partial_mid,P_gap_eff,1.0,zth,1.0,open_high,partial_to_open,True,1.6765153962415824,,undefined
MFA_like_from_mfa_legacy,MFA_150nA.db::trial_0,MFA|150|partial_mid|open_high|intermediate_or_mixed_temporal_recruitment|partial_mid,P_gap_eff,1.0,zth,1.25,open_high,partial_to_open,True,1.6765294235424988,,undefined
MFA_like_from_mfa_legacy,MFA_150nA.db::trial_0,MFA|150|partial_mid|open_high|intermediate_or_mixed_temporal_recruitment|partial_mid,P_gap_eff,1.25,zth,0.75,open_high,partial_to_open,True,1.8519147551760542,,undefined
MFA_like_from_mfa_legacy,MFA_150nA.db::trial_0,MFA|150|partial_mid|open_high|intermediate_or_mixed_temporal_recruitment|partial_mid,P_gap_eff,1.25,zth,1.0,open_high,partial_to_open,True,1.8519391240029621,,undefined
MFA_like_from_mfa_legacy,MFA_150nA.db::trial_0,MFA|150|partial_mid|open_high|intermediate_or_mixed_temporal_recruitment|partial_mid,P_gap_eff,1.25,zth,1.25,open_high,partial_to_open,True,1.8519645905530393,,undefined
MFA_like_from_mfa_legacy,MFA_150nA.db::trial_0,MFA|150|partial_mid|open_high|intermediate_or_mixed_temporal_recruitment|partial_mid,gamma_s_eff,0.75,zth,0.75,open_high,partial_to_open,True,1.6765276071034987,,undefined
MFA_like_from_mfa_legacy,MFA_150nA.db::trial_0,MFA|150|partial_mid|open_high|intermediate_or_mixed_temporal_recruitment|partial_mid,gamma_s_eff,0.75,zth,1.0,open_high,partial_to_open,True,1.6765424243694755,,undefined
MFA_like_from_mfa_legacy,MFA_150nA.db::trial_0,MFA|150|partial_mid|open_high|intermediate_or_mixed_temporal_recruitment|partial_mid,gamma_s_eff,0.75,zth,1.25,open_high,partial_to_open,True,1.676557458484921,,undefined
MFA_like_from_mfa_legacy,MFA_150nA.db::trial_0,MFA|150|partial_mid|open_high|intermediate_or_mixed_temporal_recruitment|partial_mid,gamma_s_eff,1.0,zth,0.75,open_high,partial_to_open,True,1.676499459876173,,undefined
MFA_like_from_mfa_legacy,MFA_150nA.db::trial_0,MFA|150|partial_mid|open_high|intermediate_or_mixed_temporal_recruitment|partial_mid,gamma_s_eff,1.0,zth,1.0,open_high,partial_to_open,True,1.6765153962415824,,undefined
MFA_like_from_mfa_legacy,MFA_150nA.db::trial_0,MFA|150|partial_mid|open_high|intermediate_or_mixed_temporal_recruitment|partial_mid,gamma_s_eff,1.0,zth,1.25,open_high,partial_to_open,True,1.6765294235424988,,undefined
MFA_like_from_mfa_legacy,MFA_150nA.db::trial_0,MFA|150|partial_mid|open_high|intermediate_or_mixed_temporal_recruitment|partial_mid,gamma_s_eff,1.25,zth,0.75,open_high,partial_to_open,True,1.6764641898240047,,undefined
MFA_like_from_mfa_legacy,MFA_150nA.db::trial_0,MFA|150|partial_mid|open_high|intermediate_or_mixed_temporal_recruitment|partial_mid,gamma_s_eff,1.25,zth,1.0,open_high,partial_to_open,True,1.6764766948274967,,undefined
MFA_like_from_mfa_legacy,MFA_150nA.db::trial_0,MFA|150|partial_mid|open_high|intermediate_or_mixed_temporal_recruitment|partial_mid,gamma_s_eff,1.25,zth,1.25,open_high,partial_to_open,True,1.676488903596814,,undefined
MFA_like_from_mfa_legacy,MFA_150nA.db::trial_0,MFA|150|partial_mid|open_high|intermediate_or_mixed_temporal_recruitment|partial_mid,zth,0.75,zs,0.75,partial_mid,unchanged_partial,False,1.676398315427911,,undefined
MFA_like_from_mfa_legacy,MFA_150nA.db::trial_0,MFA|150|partial_mid|open_high|intermediate_or_mixed_temporal_recruitment|partial_mid,zth,0.75,zs,1.0,open_high,partial_to_open,True,1.676499459876173,,undefined
MFA_like_from_mfa_legacy,MFA_150nA.db::trial_0,MFA|150|partial_mid|open_high|intermediate_or_mixed_temporal_recruitment|partial_mid,zth,0.75,zs,1.25,open_high,partial_to_open,True,1.676589138921947,,undefined
MFA_like_from_mfa_legacy,MFA_150nA.db::trial_0,MFA|150|partial_mid|open_high|intermediate_or_mixed_temporal_recruitment|partial_mid,zth,1.0,zs,0.75,partial_mid,unchanged_partial,False,1.6764050026133737,,undefined
MFA_like_from_mfa_legacy,MFA_150nA.db::trial_0,MFA|150|partial_mid|open_high|intermediate_or_mixed_temporal_recruitment|partial_mid,zth,1.0,zs,1.0,open_high,partial_to_open,True,1.6765153962415824,,undefined
MFA_like_from_mfa_legacy,MFA_150nA.db::trial_0,MFA|150|partial_mid|open_high|intermediate_or_mixed_temporal_recruitment|partial_mid,zth,1.0,zs,1.25,open_high,partial_to_open,True,1.6766107320337018,,undefined
MFA_like_from_mfa_legacy,MFA_150nA.db::trial_0,MFA|150|partial_mid|open_high|intermediate_or_mixed_temporal_recruitment|partial_mid,zth,1.25,zs,0.75,partial_mid,unchanged_partial,False,1.6764118512998605,,undefined
MFA_like_from_mfa_legacy,MFA_150nA.db::trial_0,MFA|150|partial_mid|open_high|intermediate_or_mixed_temporal_recruitment|partial_mid,zth,1.25,zs,1.0,open_high,partial_to_open,True,1.6765294235424988,,undefined
MFA_like_from_mfa_legacy,MFA_150nA.db::trial_0,MFA|150|partial_mid|open_high|intermediate_or_mixed_temporal_recruitment|partial_mid,zth,1.25,zs,1.25,open_high,partial_to_open,True,1.6766347036800358,,undefined
MFA_BA_from_MFA_legacy,MFA_150nA.db::trial_0,MFA|150|partial_mid|open_high|intermediate_or_mixed_temporal_recruitment|partial_mid,gki,0.75,P_gap_eff,0.75,partial_mid,unchanged_partial,False,1.5288594800836,,undefined
MFA_BA_from_MFA_legacy,MFA_150nA.db::trial_0,MFA|150|partial_mid|open_high|intermediate_or_mixed_temporal_recruitment|partial_mid,gki,0.75,P_gap_eff,1.0,open_high,partial_to_open,True,1.6531801197461278,,undefined
MFA_BA_from_MFA_legacy,MFA_150nA.db::trial_0,MFA|150|partial_mid|open_high|intermediate_or_mixed_temporal_recruitment|partial_mid,gki,0.75,P_gap_eff,1.25,open_high,partial_to_open,True,1.8063204281278704,,undefined
MFA_BA_from_MFA_legacy,MFA_150nA.db::trial_0,MFA|150|partial_mid|open_high|intermediate_or_mixed_temporal_recruitment|partial_mid,gki,1.0,P_gap_eff,0.75,partial_mid,unchanged_partial,False,1.5394397491144167,,undefined
MFA_BA_from_MFA_legacy,MFA_150nA.db::trial_0,MFA|150|partial_mid|open_high|intermediate_or_mixed_temporal_recruitment|partial_mid,gki,1.0,P_gap_eff,1.0,open_high,partial_to_open,True,1.6765153962415824,,undefined
MFA_BA_from_MFA_legacy,MFA_150nA.db::trial_0,MFA|150|partial_mid|open_high|intermediate_or_mixed_temporal_recruitment|partial_mid,gki,1.0,P_gap_eff,1.25,open_high,partial_to_open,True,1.8519391240029621,,undefined
MFA_BA_from_MFA_legacy,MFA_150nA.db::trial_0,MFA|150|partial_mid|open_high|intermediate_or_mixed_temporal_recruitment|partial_mid,gki,1.25,P_gap_eff,0.75,partial_mid,unchanged_partial,False,1.5464257765368201,,undefined
MFA_BA_from_MFA_legacy,MFA_150nA.db::trial_0,MFA|150|partial_mid|open_high|intermediate_or_mixed_temporal_recruitment|partial_mid,gki,1.25,P_gap_eff,1.0,open_high,partial_to_open,True,1.6924785512328362,,undefined
MFA_BA_from_MFA_legacy,MFA_150nA.db::trial_0,MFA|150|partial_mid|open_high|intermediate_or_mixed_temporal_recruitment|partial_mid,gki,1.25,P_gap_eff,1.25,open_high,partial_to_open,True,1.8844099857858783,,undefined
MFA_like_from_mfa_legacy,MFA_150nA.db::trial_6935,MFA|150|partial_mid|partial_mid|intermediate_or_mixed_temporal_recruitment|partial_mid,P_gap_eff,0.75,gamma_s_eff,0.75,closed_low,partial_to_closed,True,1.1985918414821564,-0.20593363755350458,decrease
MFA_like_from_mfa_legacy,MFA_150nA.db::trial_6935,MFA|150|partial_mid|partial_mid|intermediate_or_mixed_temporal_recruitment|partial_mid,P_gap_eff,0.75,gamma_s_eff,1.0,closed_low,partial_to_closed,True,1.2068162061100596,-0.19770927292560136,decrease
MFA_like_from_mfa_legacy,MFA_150nA.db::trial_6935,MFA|150|partial_mid|partial_mid|intermediate_or_mixed_temporal_recruitment|partial_mid,P_gap_eff,0.75,gamma_s_eff,1.25,partial_mid,delayed_opening_after_load,True,1.213197184397362,-0.19132829463829903,decrease
MFA_like_from_mfa_legacy,MFA_150nA.db::trial_6935,MFA|150|partial_mid|partial_mid|intermediate_or_mixed_temporal_recruitment|partial_mid,P_gap_eff,1.0,gamma_s_eff,0.75,partial_mid,unchanged_partial,False,1.2708265243519483,-0.13369895468371262,decrease
MFA_like_from_mfa_legacy,MFA_150nA.db::trial_6935,MFA|150|partial_mid|partial_mid|intermediate_or_mixed_temporal_recruitment|partial_mid,P_gap_eff,1.0,gamma_s_eff,1.0,partial_mid,unchanged_partial,False,1.2927864639087938,-0.11173901512686713,decrease
MFA_like_from_mfa_legacy,MFA_150nA.db::trial_6935,MFA|150|partial_mid|partial_mid|intermediate_or_mixed_temporal_recruitment|partial_mid,P_gap_eff,1.0,gamma_s_eff,1.25,partial_mid,unchanged_partial,False,1.30112495196034,-0.10340052707532088,decrease
MFA_like_from_mfa_legacy,MFA_150nA.db::trial_6935,MFA|150|partial_mid|partial_mid|intermediate_or_mixed_temporal_recruitment|partial_mid,P_gap_eff,1.25,gamma_s_eff,0.75,partial_mid,unchanged_partial,False,1.3254592997983352,-0.07906617923732573,decrease
MFA_like_from_mfa_legacy,MFA_150nA.db::trial_6935,MFA|150|partial_mid|partial_mid|intermediate_or_mixed_temporal_recruitment|partial_mid,P_gap_eff,1.25,gamma_s_eff,1.0,partial_mid,unchanged_partial,False,1.3663586780955028,-0.03816680094015812,decrease
MFA_like_from_mfa_legacy,MFA_150nA.db::trial_6935,MFA|150|partial_mid|partial_mid|intermediate_or_mixed_temporal_recruitment|partial_mid,P_gap_eff,1.25,gamma_s_eff,1.25,partial_mid,unchanged_partial,False,1.3611765482731806,-0.043348930762480364,decrease
MFA_like_from_mfa_legacy,MFA_150nA.db::trial_6935,MFA|150|partial_mid|partial_mid|intermediate_or_mixed_temporal_recruitment|partial_mid,P_gap_eff,0.75,zth,0.75,partial_mid,unchanged_partial,False,1.247089044635671,-0.1574364343999899,decrease
MFA_like_from_mfa_legacy,MFA_150nA.db::trial_6935,MFA|150|partial_mid|partial_mid|intermediate_or_mixed_temporal_recruitment|partial_mid,P_gap_eff,0.75,zth,1.0,closed_low,partial_to_closed,True,1.2068162061100596,-0.19770927292560136,decrease
MFA_like_from_mfa_legacy,MFA_150nA.db::trial_6935,MFA|150|partial_mid|partial_mid|intermediate_or_mixed_temporal_recruitment|partial_mid,P_gap_eff,0.75,zth,1.25,closed_low,partial_to_closed,True,1.1581903862789131,-0.2463350927567478,decrease
MFA_like_from_mfa_legacy,MFA_150nA.db::trial_6935,MFA|150|partial_mid|partial_mid|intermediate_or_mixed_temporal_recruitment|partial_mid,P_gap_eff,1.0,zth,0.75,partial_mid,unchanged_partial,False,1.4400304949757468,0.035505015940085816,increase
MFA_like_from_mfa_legacy,MFA_150nA.db::trial_6935,MFA|150|partial_mid|partial_mid|intermediate_or_mixed_temporal_recruitment|partial_mid,P_gap_eff,1.0,zth,1.0,closed_low,opened_during_stim_then_closed_by_end,True,1.3779912380152322,-0.026534241020428784,decrease
MFA_like_from_mfa_legacy,MFA_150nA.db::trial_6935,MFA|150|partial_mid|partial_mid|intermediate_or_mixed_temporal_recruitment|partial_mid,P_gap_eff,1.0,zth,1.25,closed_low,partial_to_closed,True,1.199341712030693,-0.20518376700496788,decrease
MFA_like_from_mfa_legacy,MFA_150nA.db::trial_6935,MFA|150|partial_mid|partial_mid|intermediate_or_mixed_temporal_recruitment|partial_mid,P_gap_eff,1.25,zth,0.75,partial_mid,unchanged_partial,False,1.3470163471566732,-0.05750913187898776,decrease
MFA_like_from_mfa_legacy,MFA_150nA.db::trial_6935,MFA|150|partial_mid|partial_mid|intermediate_or_mixed_temporal_recruitment|partial_mid,P_gap_eff,1.25,zth,1.0,partial_mid,unchanged_partial,False,1.366032293360229,-0.03849318567543203,decrease
MFA_like_from_mfa_legacy,MFA_150nA.db::trial_6935,MFA|150|partial_mid|partial_mid|intermediate_or_mixed_temporal_recruitment|partial_mid,P_gap_eff,1.25,zth,1.25,partial_mid,delayed_opening_after_load,True,1.2594175756096937,-0.14510790342596724,decrease
MFA_like_from_mfa_legacy,MFA_150nA.db::trial_6935,MFA|150|partial_mid|partial_mid|intermediate_or_mixed_temporal_recruitment|partial_mid,gamma_s_eff,0.75,zth,0.75,partial_mid,unchanged_partial,False,1.3067571344754072,-0.09776834456025374,decrease
MFA_like_from_mfa_legacy,MFA_150nA.db::trial_6935,MFA|150|partial_mid|partial_mid|intermediate_or_mixed_temporal_recruitment|partial_mid,gamma_s_eff,0.75,zth,1.0,partial_mid,unchanged_partial,False,1.2708265243519483,-0.13369895468371262,decrease
MFA_like_from_mfa_legacy,MFA_150nA.db::trial_6935,MFA|150|partial_mid|partial_mid|intermediate_or_mixed_temporal_recruitment|partial_mid,gamma_s_eff,0.75,zth,1.25,closed_low,partial_to_closed,True,1.177291765509523,-0.22723371352613797,decrease
MFA_like_from_mfa_legacy,MFA_150nA.db::trial_6935,MFA|150|partial_mid|partial_mid|intermediate_or_mixed_temporal_recruitment|partial_mid,gamma_s_eff,1.0,zth,0.75,partial_mid,unchanged_partial,False,1.3483272177894545,-0.056198261246206416,decrease
MFA_like_from_mfa_legacy,MFA_150nA.db::trial_6935,MFA|150|partial_mid|partial_mid|intermediate_or_mixed_temporal_recruitment|partial_mid,gamma_s_eff,1.0,zth,1.0,partial_mid,unchanged_partial,False,1.2927864639087938,-0.11173901512686713,decrease
MFA_like_from_mfa_legacy,MFA_150nA.db::trial_6935,MFA|150|partial_mid|partial_mid|intermediate_or_mixed_temporal_recruitment|partial_mid,gamma_s_eff,1.0,zth,1.25,closed_low,partial_to_closed,True,1.199341712030693,-0.20518376700496788,decrease
MFA_like_from_mfa_legacy,MFA_150nA.db::trial_6935,MFA|150|partial_mid|partial_mid|intermediate_or_mixed_temporal_recruitment|partial_mid,gamma_s_eff,1.25,zth,0.75,partial_mid,unchanged_partial,False,1.3514599670041534,-0.053065512031507556,decrease
MFA_like_from_mfa_legacy,MFA_150nA.db::trial_6935,MFA|150|partial_mid|partial_mid|intermediate_or_mixed_temporal_recruitment|partial_mid,gamma_s_eff,1.25,zth,1.0,partial_mid,unchanged_partial,False,1.305486256593783,-0.0990392224418779,decrease
MFA_like_from_mfa_legacy,MFA_150nA.db::trial_6935,MFA|150|partial_mid|partial_mid|intermediate_or_mixed_temporal_recruitment|partial_mid,gamma_s_eff,1.25,zth,1.25,closed_low,partial_to_closed,True,1.216565103633019,-0.187960375402642,decrease
MFA_like_from_mfa_legacy,MFA_150nA.db::trial_6935,MFA|150|partial_mid|partial_mid|intermediate_or_mixed_temporal_recruitment|partial_mid,zth,0.75,zs,0.75,partial_mid,unchanged_partial,False,1.358362277190513,-0.04616320184514788,decrease
MFA_like_from_mfa_legacy,MFA_150nA.db::trial_6935,MFA|150|partial_mid|partial_mid|intermediate_or_mixed_temporal_recruitment|partial_mid,zth,0.75,zs,1.0,partial_mid,unchanged_partial,False,1.3529506910296296,-0.051574788006031325,decrease
MFA_like_from_mfa_legacy,MFA_150nA.db::trial_6935,MFA|150|partial_mid|partial_mid|intermediate_or_mixed_temporal_recruitment|partial_mid,zth,0.75,zs,1.25,partial_mid,unchanged_partial,False,1.3283686447944307,-0.07615683424123021,decrease
MFA_like_from_mfa_legacy,MFA_150nA.db::trial_6935,MFA|150|partial_mid|partial_mid|intermediate_or_mixed_temporal_recruitment|partial_mid,zth,1.0,zs,0.75,partial_mid,unchanged_partial,False,1.3389469894028014,-0.0655784896328595,decrease
MFA_like_from_mfa_legacy,MFA_150nA.db::trial_6935,MFA|150|partial_mid|partial_mid|intermediate_or_mixed_temporal_recruitment|partial_mid,zth,1.0,zs,1.0,partial_mid,unchanged_partial,False,1.2923252980595696,-0.1122001809760913,decrease
MFA_like_from_mfa_legacy,MFA_150nA.db::trial_6935,MFA|150|partial_mid|partial_mid|intermediate_or_mixed_temporal_recruitment|partial_mid,zth,1.0,zs,1.25,partial_mid,unchanged_partial,False,1.2253254404033875,-0.1792000386322734,decrease
MFA_like_from_mfa_legacy,MFA_150nA.db::trial_6935,MFA|150|partial_mid|partial_mid|intermediate_or_mixed_temporal_recruitment|partial_mid,zth,1.25,zs,0.75,partial_mid,delayed_opening_after_load,True,1.2869810304191638,-0.11754444861649715,decrease
MFA_like_from_mfa_legacy,MFA_150nA.db::trial_6935,MFA|150|partial_mid|partial_mid|intermediate_or_mixed_temporal_recruitment|partial_mid,zth,1.25,zs,1.0,closed_low,partial_to_closed,True,1.199341712030693,-0.20518376700496788,decrease
MFA_like_from_mfa_legacy,MFA_150nA.db::trial_6935,MFA|150|partial_mid|partial_mid|intermediate_or_mixed_temporal_recruitment|partial_mid,zth,1.25,zs,1.25,closed_low,partial_to_closed,True,1.133250985633677,-0.27127449340198395,decrease
MFA_BA_from_MFA_legacy,MFA_150nA.db::trial_6935,MFA|150|partial_mid|partial_mid|intermediate_or_mixed_temporal_recruitment|partial_mid,gki,0.75,P_gap_eff,0.75,closed_low,partial_to_closed,True,1.2048311792275221,-0.1996942998081388,decrease
MFA_BA_from_MFA_legacy,MFA_150nA.db::trial_6935,MFA|150|partial_mid|partial_mid|intermediate_or_mixed_temporal_recruitment|partial_mid,gki,0.75,P_gap_eff,1.0,partial_mid,unchanged_partial,False,1.2792006513968608,-0.12532482763880015,decrease
MFA_BA_from_MFA_legacy,MFA_150nA.db::trial_6935,MFA|150|partial_mid|partial_mid|intermediate_or_mixed_temporal_recruitment|partial_mid,gki,0.75,P_gap_eff,1.25,partial_mid,unchanged_partial,False,1.333011131314578,-0.0715143477210829,decrease
MFA_BA_from_MFA_legacy,MFA_150nA.db::trial_6935,MFA|150|partial_mid|partial_mid|intermediate_or_mixed_temporal_recruitment|partial_mid,gki,1.0,P_gap_eff,0.75,closed_low,partial_to_closed,True,1.2068162061100596,-0.19770927292560136,decrease
MFA_BA_from_MFA_legacy,MFA_150nA.db::trial_6935,MFA|150|partial_mid|partial_mid|intermediate_or_mixed_temporal_recruitment|partial_mid,gki,1.0,P_gap_eff,1.0,closed_low,opened_during_stim_then_closed_by_end,True,1.3551287778922532,-0.04939670114340777,decrease
MFA_BA_from_MFA_legacy,MFA_150nA.db::trial_6935,MFA|150|partial_mid|partial_mid|intermediate_or_mixed_temporal_recruitment|partial_mid,gki,1.0,P_gap_eff,1.25,closed_low,opened_during_stim_then_closed_by_end,True,1.4886554454712846,0.08412996643562365,increase
MFA_BA_from_MFA_legacy,MFA_150nA.db::trial_6935,MFA|150|partial_mid|partial_mid|intermediate_or_mixed_temporal_recruitment|partial_mid,gki,1.25,P_gap_eff,0.75,closed_low,partial_to_closed,True,1.2161483784456033,-0.18837710059005763,decrease
MFA_BA_from_MFA_legacy,MFA_150nA.db::trial_6935,MFA|150|partial_mid|partial_mid|intermediate_or_mixed_temporal_recruitment|partial_mid,gki,1.25,P_gap_eff,1.0,partial_mid,unchanged_partial,False,1.2886920318190966,-0.1158334472165643,decrease
MFA_BA_from_MFA_legacy,MFA_150nA.db::trial_6935,MFA|150|partial_mid|partial_mid|intermediate_or_mixed_temporal_recruitment|partial_mid,gki,1.25,P_gap_eff,1.25,partial_mid,unchanged_partial,False,1.3276990949399277,-0.07682638409573328,decrease
MFA_like_from_mfa_legacy,MFA_150nA.db::trial_14777,MFA|150|open_high|open_high|early_sustained_open_recruitment|open_high,P_gap_eff,0.75,gamma_s_eff,0.75,closed_low,open_to_closed,True,0.34817552388990936,-8.9261996731074,decrease
MFA_like_from_mfa_legacy,MFA_150nA.db::trial_14777,MFA|150|open_high|open_high|early_sustained_open_recruitment|open_high,P_gap_eff,0.75,gamma_s_eff,1.0,closed_low,open_to_closed,True,0.3481128525341775,-8.926262344463131,decrease
MFA_like_from_mfa_legacy,MFA_150nA.db::trial_14777,MFA|150|open_high|open_high|early_sustained_open_recruitment|open_high,P_gap_eff,0.75,gamma_s_eff,1.25,closed_low,open_to_closed,True,0.34805179789182944,-8.92632339910548,decrease
MFA_like_from_mfa_legacy,MFA_150nA.db::trial_14777,MFA|150|open_high|open_high|early_sustained_open_recruitment|open_high,P_gap_eff,1.0,gamma_s_eff,0.75,closed_low,open_to_closed,True,0.5379245144995677,-8.73645068249774,decrease
MFA_like_from_mfa_legacy,MFA_150nA.db::trial_14777,MFA|150|open_high|open_high|early_sustained_open_recruitment|open_high,P_gap_eff,1.0,gamma_s_eff,1.0,closed_low,open_to_closed,True,0.5378783346226246,-8.736496862374684,decrease
MFA_like_from_mfa_legacy,MFA_150nA.db::trial_14777,MFA|150|open_high|open_high|early_sustained_open_recruitment|open_high,P_gap_eff,1.0,gamma_s_eff,1.25,closed_low,open_to_closed,True,0.5378312534508832,-8.736543943546424,decrease
MFA_like_from_mfa_legacy,MFA_150nA.db::trial_14777,MFA|150|open_high|open_high|early_sustained_open_recruitment|open_high,P_gap_eff,1.25,gamma_s_eff,0.75,closed_low,open_to_closed,True,0.6740831100582552,-8.600292086939053,decrease
MFA_like_from_mfa_legacy,MFA_150nA.db::trial_14777,MFA|150|open_high|open_high|early_sustained_open_recruitment|open_high,P_gap_eff,1.25,gamma_s_eff,1.0,closed_low,open_to_closed,True,0.6740916990539482,-8.60028349794336,decrease
MFA_like_from_mfa_legacy,MFA_150nA.db::trial_14777,MFA|150|open_high|open_high|early_sustained_open_recruitment|open_high,P_gap_eff,1.25,gamma_s_eff,1.25,closed_low,open_to_closed,True,0.6741006208596471,-8.60027457613766,decrease
MFA_like_from_mfa_legacy,MFA_150nA.db::trial_14777,MFA|150|open_high|open_high|early_sustained_open_recruitment|open_high,P_gap_eff,0.75,zth,0.75,closed_low,open_to_closed,True,0.2968246675670331,-8.977550529430275,decrease
MFA_like_from_mfa_legacy,MFA_150nA.db::trial_14777,MFA|150|open_high|open_high|early_sustained_open_recruitment|open_high,P_gap_eff,0.75,zth,1.0,closed_low,open_to_closed,True,0.3481128525341775,-8.926262344463131,decrease
MFA_like_from_mfa_legacy,MFA_150nA.db::trial_14777,MFA|150|open_high|open_high|early_sustained_open_recruitment|open_high,P_gap_eff,0.75,zth,1.25,closed_low,open_to_closed,True,0.3483593677953188,-8.92601582920199,decrease
MFA_like_from_mfa_legacy,MFA_150nA.db::trial_14777,MFA|150|open_high|open_high|early_sustained_open_recruitment|open_high,P_gap_eff,1.0,zth,0.75,closed_low,open_to_closed,True,0.4089362822624579,-8.86543891473485,decrease
MFA_like_from_mfa_legacy,MFA_150nA.db::trial_14777,MFA|150|open_high|open_high|early_sustained_open_recruitment|open_high,P_gap_eff,1.0,zth,1.0,closed_low,open_to_closed,True,0.5378783346226246,-8.736496862374684,decrease
MFA_like_from_mfa_legacy,MFA_150nA.db::trial_14777,MFA|150|open_high|open_high|early_sustained_open_recruitment|open_high,P_gap_eff,1.0,zth,1.25,closed_low,open_to_closed,True,0.5380641982381197,-8.736310998759189,decrease
MFA_like_from_mfa_legacy,MFA_150nA.db::trial_14777,MFA|150|open_high|open_high|early_sustained_open_recruitment|open_high,P_gap_eff,1.25,zth,0.75,closed_low,open_to_closed,True,0.4168917875946115,-8.857483409402697,decrease
MFA_like_from_mfa_legacy,MFA_150nA.db::trial_14777,MFA|150|open_high|open_high|early_sustained_open_recruitment|open_high,P_gap_eff,1.25,zth,1.0,closed_low,open_to_closed,True,0.6740916990539482,-8.60028349794336,decrease
MFA_like_from_mfa_legacy,MFA_150nA.db::trial_14777,MFA|150|open_high|open_high|early_sustained_open_recruitment|open_high,P_gap_eff,1.25,zth,1.25,closed_low,open_to_closed,True,0.6740551853250959,-8.600320011672212,decrease
MFA_like_from_mfa_legacy,MFA_150nA.db::trial_14777,MFA|150|open_high|open_high|early_sustained_open_recruitment|open_high,gamma_s_eff,0.75,zth,0.75,closed_low,open_to_closed,True,0.46325069742772146,-8.811124499569587,decrease
MFA_like_from_mfa_legacy,MFA_150nA.db::trial_14777,MFA|150|open_high|open_high|early_sustained_open_recruitment|open_high,gamma_s_eff,0.75,zth,1.0,closed_low,open_to_closed,True,0.5379245144995677,-8.73645068249774,decrease
MFA_like_from_mfa_legacy,MFA_150nA.db::trial_14777,MFA|150|open_high|open_high|early_sustained_open_recruitment|open_high,gamma_s_eff,0.75,zth,1.25,closed_low,open_to_closed,True,0.5380647692990712,-8.736310427698237,decrease
MFA_like_from_mfa_legacy,MFA_150nA.db::trial_14777,MFA|150|open_high|open_high|early_sustained_open_recruitment|open_high,gamma_s_eff,1.0,zth,0.75,closed_low,open_to_closed,True,0.4089362822624579,-8.86543891473485,decrease
MFA_like_from_mfa_legacy,MFA_150nA.db::trial_14777,MFA|150|open_high|open_high|early_sustained_open_recruitment|open_high,gamma_s_eff,1.0,zth,1.0,closed_low,open_to_closed,True,0.5378783346226246,-8.736496862374684,decrease
MFA_like_from_mfa_legacy,MFA_150nA.db::trial_14777,MFA|150|open_high|open_high|early_sustained_open_recruitment|open_high,gamma_s_eff,1.0,zth,1.25,closed_low,open_to_closed,True,0.5380641982381197,-8.736310998759189,decrease
MFA_like_from_mfa_legacy,MFA_150nA.db::trial_14777,MFA|150|open_high|open_high|early_sustained_open_recruitment|open_high,gamma_s_eff,1.25,zth,0.75,closed_low,open_to_closed,True,0.33970620747149516,-8.934668989525813,decrease
MFA_like_from_mfa_legacy,MFA_150nA.db::trial_14777,MFA|150|open_high|open_high|early_sustained_open_recruitment|open_high,gamma_s_eff,1.25,zth,1.0,closed_low,open_to_closed,True,0.5378312534508832,-8.736543943546424,decrease
MFA_like_from_mfa_legacy,MFA_150nA.db::trial_14777,MFA|150|open_high|open_high|early_sustained_open_recruitment|open_high,gamma_s_eff,1.25,zth,1.25,closed_low,open_to_closed,True,0.5380644505701978,-8.73631074642711,decrease
MFA_like_from_mfa_legacy,MFA_150nA.db::trial_14777,MFA|150|open_high|open_high|early_sustained_open_recruitment|open_high,zth,0.75,zs,0.75,closed_low,open_to_closed,True,0.24557387439551728,-9.02880132260179,decrease
MFA_like_from_mfa_legacy,MFA_150nA.db::trial_14777,MFA|150|open_high|open_high|early_sustained_open_recruitment|open_high,zth,0.75,zs,1.0,closed_low,open_to_closed,True,0.4089362822624579,-8.86543891473485,decrease
MFA_like_from_mfa_legacy,MFA_150nA.db::trial_14777,MFA|150|open_high|open_high|early_sustained_open_recruitment|open_high,zth,0.75,zs,1.25,closed_low,open_to_closed,True,0.5228167635405843,-8.751558433456724,decrease
MFA_like_from_mfa_legacy,MFA_150nA.db::trial_14777,MFA|150|open_high|open_high|early_sustained_open_recruitment|open_high,zth,1.0,zs,0.75,closed_low,open_to_closed,True,0.5346281531764364,-8.739747043820872,decrease
MFA_like_from_mfa_legacy,MFA_150nA.db::trial_14777,MFA|150|open_high|open_high|early_sustained_open_recruitment|open_high,zth,1.0,zs,1.0,closed_low,open_to_closed,True,0.5378783346226246,-8.736496862374684,decrease
MFA_like_from_mfa_legacy,MFA_150nA.db::trial_14777,MFA|150|open_high|open_high|early_sustained_open_recruitment|open_high,zth,1.0,zs,1.25,closed_low,open_to_closed,True,0.5380535063835592,-8.73632169061375,decrease
MFA_like_from_mfa_legacy,MFA_150nA.db::trial_14777,MFA|150|open_high|open_high|early_sustained_open_recruitment|open_high,zth,1.25,zs,0.75,closed_low,open_to_closed,True,0.5380140897089776,-8.736361107288332,decrease
MFA_like_from_mfa_legacy,MFA_150nA.db::trial_14777,MFA|150|open_high|open_high|early_sustained_open_recruitment|open_high,zth,1.25,zs,1.0,closed_low,open_to_closed,True,0.5380641982381197,-8.736310998759189,decrease
MFA_like_from_mfa_legacy,MFA_150nA.db::trial_14777,MFA|150|open_high|open_high|early_sustained_open_recruitment|open_high,zth,1.25,zs,1.25,closed_low,open_to_closed,True,0.538065208502119,-8.73630998849519,decrease
MFA_BA_from_MFA_legacy,MFA_150nA.db::trial_14777,MFA|150|open_high|open_high|early_sustained_open_recruitment|open_high,gki,0.75,P_gap_eff,0.75,closed_low,open_to_closed,True,0.33461667984813204,-8.939758517149176,decrease
MFA_BA_from_MFA_legacy,MFA_150nA.db::trial_14777,MFA|150|open_high|open_high|early_sustained_open_recruitment|open_high,gki,0.75,P_gap_eff,1.0,closed_low,open_to_closed,True,0.5217363727211485,-8.75263882427616,decrease
MFA_BA_from_MFA_legacy,MFA_150nA.db::trial_14777,MFA|150|open_high|open_high|early_sustained_open_recruitment|open_high,gki,0.75,P_gap_eff,1.25,closed_low,open_to_closed,True,0.656220749947598,-8.61815444704971,decrease
MFA_BA_from_MFA_legacy,MFA_150nA.db::trial_14777,MFA|150|open_high|open_high|early_sustained_open_recruitment|open_high,gki,1.0,P_gap_eff,0.75,closed_low,open_to_closed,True,0.3481128525341775,-8.926262344463131,decrease
MFA_BA_from_MFA_legacy,MFA_150nA.db::trial_14777,MFA|150|open_high|open_high|early_sustained_open_recruitment|open_high,gki,1.0,P_gap_eff,1.0,closed_low,open_to_closed,True,0.5378783346226246,-8.736496862374684,decrease
MFA_BA_from_MFA_legacy,MFA_150nA.db::trial_14777,MFA|150|open_high|open_high|early_sustained_open_recruitment|open_high,gki,1.0,P_gap_eff,1.25,closed_low,open_to_closed,True,0.6740916990539482,-8.60028349794336,decrease
MFA_BA_from_MFA_legacy,MFA_150nA.db::trial_14777,MFA|150|open_high|open_high|early_sustained_open_recruitment|open_high,gki,1.25,P_gap_eff,0.75,closed_low,open_to_closed,True,0.35623803137782895,-8.918137165619479,decrease
MFA_BA_from_MFA_legacy,MFA_150nA.db::trial_14777,MFA|150|open_high|open_high|early_sustained_open_recruitment|open_high,gki,1.25,P_gap_eff,1.0,closed_low,open_to_closed,True,0.5476379359919121,-8.726737261005397,decrease
MFA_BA_from_MFA_legacy,MFA_150nA.db::trial_14777,MFA|150|open_high|open_high|early_sustained_open_recruitment|open_high,gki,1.25,P_gap_eff,1.25,closed_low,open_to_closed,True,0.6849516166074717,-8.589423580389836,decrease
MFA_like_from_mfa_legacy,MFA_150nA.db::trial_10270,MFA|150|partial_mid|partial_mid|intermediate_or_mixed_temporal_recruitment|partial_mid,P_gap_eff,0.75,gamma_s_eff,0.75,closed_low,partial_to_closed,True,2.1478165895764945,1.0927387182935855,increase
MFA_like_from_mfa_legacy,MFA_150nA.db::trial_10270,MFA|150|partial_mid|partial_mid|intermediate_or_mixed_temporal_recruitment|partial_mid,P_gap_eff,0.75,gamma_s_eff,1.0,closed_low,partial_to_closed,True,3.2058525962217734,2.1507747249388647,increase
MFA_like_from_mfa_legacy,MFA_150nA.db::trial_10270,MFA|150|partial_mid|partial_mid|intermediate_or_mixed_temporal_recruitment|partial_mid,P_gap_eff,0.75,gamma_s_eff,1.25,closed_low,partial_to_closed,True,4.327061283446769,3.27198341216386,increase
MFA_like_from_mfa_legacy,MFA_150nA.db::trial_10270,MFA|150|partial_mid|partial_mid|intermediate_or_mixed_temporal_recruitment|partial_mid,P_gap_eff,1.0,gamma_s_eff,0.75,partial_mid,delayed_opening_after_load,True,2.8351624162145943,1.7800845449316853,increase
MFA_like_from_mfa_legacy,MFA_150nA.db::trial_10270,MFA|150|partial_mid|partial_mid|intermediate_or_mixed_temporal_recruitment|partial_mid,P_gap_eff,1.0,gamma_s_eff,1.0,partial_mid,unchanged_partial,False,4.054321048551463,2.9992431772685544,increase
MFA_like_from_mfa_legacy,MFA_150nA.db::trial_10270,MFA|150|partial_mid|partial_mid|intermediate_or_mixed_temporal_recruitment|partial_mid,P_gap_eff,1.0,gamma_s_eff,1.25,partial_mid,unchanged_partial,False,5.447456134785407,4.392378263502498,increase
MFA_like_from_mfa_legacy,MFA_150nA.db::trial_10270,MFA|150|partial_mid|partial_mid|intermediate_or_mixed_temporal_recruitment|partial_mid,P_gap_eff,1.25,gamma_s_eff,0.75,partial_mid,unchanged_partial,False,3.206387405848775,2.1513095345658657,increase
MFA_like_from_mfa_legacy,MFA_150nA.db::trial_10270,MFA|150|partial_mid|partial_mid|intermediate_or_mixed_temporal_recruitment|partial_mid,P_gap_eff,1.25,gamma_s_eff,1.0,partial_mid,unchanged_partial,False,4.528693087352159,3.47361521606925,increase
MFA_like_from_mfa_legacy,MFA_150nA.db::trial_10270,MFA|150|partial_mid|partial_mid|intermediate_or_mixed_temporal_recruitment|partial_mid,P_gap_eff,1.25,gamma_s_eff,1.25,partial_mid,unchanged_partial,False,5.88379057822294,4.828712706940031,increase
MFA_like_from_mfa_legacy,MFA_150nA.db::trial_10270,MFA|150|partial_mid|partial_mid|intermediate_or_mixed_temporal_recruitment|partial_mid,P_gap_eff,0.75,zth,0.75,partial_mid,unchanged_partial,False,1.0875077565994655,0.03242988531655655,increase
MFA_like_from_mfa_legacy,MFA_150nA.db::trial_10270,MFA|150|partial_mid|partial_mid|intermediate_or_mixed_temporal_recruitment|partial_mid,P_gap_eff,0.75,zth,1.0,closed_low,partial_to_closed,True,3.2058525962217734,2.1507747249388647,increase
MFA_like_from_mfa_legacy,MFA_150nA.db::trial_10270,MFA|150|partial_mid|partial_mid|intermediate_or_mixed_temporal_recruitment|partial_mid,P_gap_eff,0.75,zth,1.25,closed_low,partial_to_closed,True,0.18183155701490542,-0.8732463142680036,decrease
MFA_like_from_mfa_legacy,MFA_150nA.db::trial_10270,MFA|150|partial_mid|partial_mid|intermediate_or_mixed_temporal_recruitment|partial_mid,P_gap_eff,1.0,zth,0.75,partial_mid,unchanged_partial,False,1.1932389344980694,0.13816106321516042,increase
MFA_like_from_mfa_legacy,MFA_150nA.db::trial_10270,MFA|150|partial_mid|partial_mid|intermediate_or_mixed_temporal_recruitment|partial_mid,P_gap_eff,1.0,zth,1.0,partial_mid,unchanged_partial,False,4.054321048551463,2.9992431772685544,increase
MFA_like_from_mfa_legacy,MFA_150nA.db::trial_10270,MFA|150|partial_mid|partial_mid|intermediate_or_mixed_temporal_recruitment|partial_mid,P_gap_eff,1.0,zth,1.25,closed_low,partial_to_closed,True,0.18551960500216177,-0.8695582662807472,decrease
MFA_like_from_mfa_legacy,MFA_150nA.db::trial_10270,MFA|150|partial_mid|partial_mid|intermediate_or_mixed_temporal_recruitment|partial_mid,P_gap_eff,1.25,zth,0.75,partial_mid,unchanged_partial,False,1.3424263640885423,0.28734849280563335,increase
MFA_like_from_mfa_legacy,MFA_150nA.db::trial_10270,MFA|150|partial_mid|partial_mid|intermediate_or_mixed_temporal_recruitment|partial_mid,P_gap_eff,1.25,zth,1.0,partial_mid,unchanged_partial,False,4.528693087352159,3.47361521606925,increase
MFA_like_from_mfa_legacy,MFA_150nA.db::trial_10270,MFA|150|partial_mid|partial_mid|intermediate_or_mixed_temporal_recruitment|partial_mid,P_gap_eff,1.25,zth,1.25,closed_low,partial_to_closed,True,0.3047456586172239,-0.7503322126656851,decrease
MFA_like_from_mfa_legacy,MFA_150nA.db::trial_10270,MFA|150|partial_mid|partial_mid|intermediate_or_mixed_temporal_recruitment|partial_mid,gamma_s_eff,0.75,zth,0.75,partial_mid,unchanged_partial,False,8.725120239618422,7.670042368335513,increase
MFA_like_from_mfa_legacy,MFA_150nA.db::trial_10270,MFA|150|partial_mid|partial_mid|intermediate_or_mixed_temporal_recruitment|partial_mid,gamma_s_eff,0.75,zth,1.0,partial_mid,delayed_opening_after_load,True,2.8351624162145943,1.7800845449316853,increase
MFA_like_from_mfa_legacy,MFA_150nA.db::trial_10270,MFA|150|partial_mid|partial_mid|intermediate_or_mixed_temporal_recruitment|partial_mid,gamma_s_eff,0.75,zth,1.25,closed_low,partial_to_closed,True,0.1742452801971546,-0.8808325910857544,decrease
MFA_like_from_mfa_legacy,MFA_150nA.db::trial_10270,MFA|150|partial_mid|partial_mid|intermediate_or_mixed_temporal_recruitment|partial_mid,gamma_s_eff,1.0,zth,0.75,partial_mid,unchanged_partial,False,1.1932389344980694,0.13816106321516042,increase
MFA_like_from_mfa_legacy,MFA_150nA.db::trial_10270,MFA|150|partial_mid|partial_mid|intermediate_or_mixed_temporal_recruitment|partial_mid,gamma_s_eff,1.0,zth,1.0,partial_mid,unchanged_partial,False,4.054321048551463,2.9992431772685544,increase
MFA_like_from_mfa_legacy,MFA_150nA.db::trial_10270,MFA|150|partial_mid|partial_mid|intermediate_or_mixed_temporal_recruitment|partial_mid,gamma_s_eff,1.0,zth,1.25,closed_low,partial_to_closed,True,0.18551960500216177,-0.8695582662807472,decrease
MFA_like_from_mfa_legacy,MFA_150nA.db::trial_10270,MFA|150|partial_mid|partial_mid|intermediate_or_mixed_temporal_recruitment|partial_mid,gamma_s_eff,1.25,zth,0.75,partial_mid,unchanged_partial,False,1.2475414282930253,0.1924635570101163,increase
MFA_like_from_mfa_legacy,MFA_150nA.db::trial_10270,MFA|150|partial_mid|partial_mid|intermediate_or_mixed_temporal_recruitment|partial_mid,gamma_s_eff,1.25,zth,1.0,partial_mid,unchanged_partial,False,5.447456134785407,4.392378263502498,increase
MFA_like_from_mfa_legacy,MFA_150nA.db::trial_10270,MFA|150|partial_mid|partial_mid|intermediate_or_mixed_temporal_recruitment|partial_mid,gamma_s_eff,1.25,zth,1.25,closed_low,partial_to_closed,True,0.2597887834735221,-0.7952890878093869,decrease
MFA_like_from_mfa_legacy,MFA_150nA.db::trial_10270,MFA|150|partial_mid|partial_mid|intermediate_or_mixed_temporal_recruitment|partial_mid,zth,0.75,zs,0.75,partial_mid,unchanged_partial,False,1.374377740112278,0.3192998688293691,increase
MFA_like_from_mfa_legacy,MFA_150nA.db::trial_10270,MFA|150|partial_mid|partial_mid|intermediate_or_mixed_temporal_recruitment|partial_mid,zth,0.75,zs,1.0,partial_mid,unchanged_partial,False,1.1932389344980694,0.13816106321516042,increase
MFA_like_from_mfa_legacy,MFA_150nA.db::trial_10270,MFA|150|partial_mid|partial_mid|intermediate_or_mixed_temporal_recruitment|partial_mid,zth,0.75,zs,1.25,partial_mid,unchanged_partial,False,11.093134659325608,10.038056788042699,increase
MFA_like_from_mfa_legacy,MFA_150nA.db::trial_10270,MFA|150|partial_mid|partial_mid|intermediate_or_mixed_temporal_recruitment|partial_mid,zth,1.0,zs,0.75,partial_mid,unchanged_partial,False,1.1201284964868534,0.06505062520394445,increase
MFA_like_from_mfa_legacy,MFA_150nA.db::trial_10270,MFA|150|partial_mid|partial_mid|intermediate_or_mixed_temporal_recruitment|partial_mid,zth,1.0,zs,1.0,partial_mid,unchanged_partial,False,4.054321048551463,2.9992431772685544,increase
MFA_like_from_mfa_legacy,MFA_150nA.db::trial_10270,MFA|150|partial_mid|partial_mid|intermediate_or_mixed_temporal_recruitment|partial_mid,zth,1.0,zs,1.25,closed_low,partial_to_closed,True,0.8621620423711022,-0.1929158289118068,decrease
MFA_like_from_mfa_legacy,MFA_150nA.db::trial_10270,MFA|150|partial_mid|partial_mid|intermediate_or_mixed_temporal_recruitment|partial_mid,zth,1.25,zs,0.75,closed_low,partial_to_closed,True,3.3783449583939875,2.3232670871110788,increase
MFA_like_from_mfa_legacy,MFA_150nA.db::trial_10270,MFA|150|partial_mid|partial_mid|intermediate_or_mixed_temporal_recruitment|partial_mid,zth,1.25,zs,1.0,closed_low,partial_to_closed,True,0.18551960500216177,-0.8695582662807472,decrease
MFA_like_from_mfa_legacy,MFA_150nA.db::trial_10270,MFA|150|partial_mid|partial_mid|intermediate_or_mixed_temporal_recruitment|partial_mid,zth,1.25,zs,1.25,closed_low,partial_to_closed,True,0.1764314060913954,-0.8786464651915136,decrease
MFA_BA_from_MFA_legacy,MFA_150nA.db::trial_10270,MFA|150|partial_mid|partial_mid|intermediate_or_mixed_temporal_recruitment|partial_mid,gki,0.75,P_gap_eff,0.75,closed_low,partial_to_closed,True,3.03106781392646,1.9759899426435512,increase
MFA_BA_from_MFA_legacy,MFA_150nA.db::trial_10270,MFA|150|partial_mid|partial_mid|intermediate_or_mixed_temporal_recruitment|partial_mid,gki,0.75,P_gap_eff,1.0,partial_mid,delayed_opening_after_load,True,4.000061617302609,2.9449837460197,increase
MFA_BA_from_MFA_legacy,MFA_150nA.db::trial_10270,MFA|150|partial_mid|partial_mid|intermediate_or_mixed_temporal_recruitment|partial_mid,gki,0.75,P_gap_eff,1.25,partial_mid,unchanged_partial,False,4.4878305060306705,3.4327526347477617,increase
MFA_BA_from_MFA_legacy,MFA_150nA.db::trial_10270,MFA|150|partial_mid|partial_mid|intermediate_or_mixed_temporal_recruitment|partial_mid,gki,1.0,P_gap_eff,0.75,closed_low,partial_to_closed,True,3.2058525962217734,2.1507747249388647,increase
MFA_BA_from_MFA_legacy,MFA_150nA.db::trial_10270,MFA|150|partial_mid|partial_mid|intermediate_or_mixed_temporal_recruitment|partial_mid,gki,1.0,P_gap_eff,1.0,partial_mid,unchanged_partial,False,4.054321048551463,2.9992431772685544,increase
MFA_BA_from_MFA_legacy,MFA_150nA.db::trial_10270,MFA|150|partial_mid|partial_mid|intermediate_or_mixed_temporal_recruitment|partial_mid,gki,1.0,P_gap_eff,1.25,partial_mid,unchanged_partial,False,4.528693087352159,3.47361521606925,increase
MFA_BA_from_MFA_legacy,MFA_150nA.db::trial_10270,MFA|150|partial_mid|partial_mid|intermediate_or_mixed_temporal_recruitment|partial_mid,gki,1.25,P_gap_eff,0.75,closed_low,partial_to_closed,True,3.286055539787384,2.230977668504475,increase
MFA_BA_from_MFA_legacy,MFA_150nA.db::trial_10270,MFA|150|partial_mid|partial_mid|intermediate_or_mixed_temporal_recruitment|partial_mid,gki,1.25,P_gap_eff,1.0,partial_mid,unchanged_partial,False,4.081408817879131,3.0263309465962225,increase
MFA_BA_from_MFA_legacy,MFA_150nA.db::trial_10270,MFA|150|partial_mid|partial_mid|intermediate_or_mixed_temporal_recruitment|partial_mid,gki,1.25,P_gap_eff,1.25,partial_mid,unchanged_partial,False,4.50134546570117,3.446267594418261,increase
MFA_like_from_mfa_legacy,MFA_150nA.db::trial_12230,MFA|150|open_high|open_high|early_sustained_open_recruitment|open_high,P_gap_eff,0.75,gamma_s_eff,0.75,open_high,unchanged_open,False,1.5729888938786472,-6.770139753961044,decrease
MFA_like_from_mfa_legacy,MFA_150nA.db::trial_12230,MFA|150|open_high|open_high|early_sustained_open_recruitment|open_high,P_gap_eff,0.75,gamma_s_eff,1.0,open_high,unchanged_open,False,1.8539545182804829,-6.489174129559208,decrease
MFA_like_from_mfa_legacy,MFA_150nA.db::trial_12230,MFA|150|open_high|open_high|early_sustained_open_recruitment|open_high,P_gap_eff,0.75,gamma_s_eff,1.25,open_high,unchanged_open,False,2.1360738331077864,-6.2070548147319045,decrease
MFA_like_from_mfa_legacy,MFA_150nA.db::trial_12230,MFA|150|open_high|open_high|early_sustained_open_recruitment|open_high,P_gap_eff,1.0,gamma_s_eff,0.75,open_high,unchanged_open,False,1.7056808723409742,-6.637447775498718,decrease
MFA_like_from_mfa_legacy,MFA_150nA.db::trial_12230,MFA|150|open_high|open_high|early_sustained_open_recruitment|open_high,P_gap_eff,1.0,gamma_s_eff,1.0,open_high,unchanged_open,False,2.0046430439206175,-6.338485603919073,decrease
MFA_like_from_mfa_legacy,MFA_150nA.db::trial_12230,MFA|150|open_high|open_high|early_sustained_open_recruitment|open_high,P_gap_eff,1.0,gamma_s_eff,1.25,open_high,unchanged_open,False,2.23955734477736,-6.103571303062331,decrease
MFA_like_from_mfa_legacy,MFA_150nA.db::trial_12230,MFA|150|open_high|open_high|early_sustained_open_recruitment|open_high,P_gap_eff,1.25,gamma_s_eff,0.75,open_high,unchanged_open,False,1.8081883711091842,-6.534940276730508,decrease
MFA_like_from_mfa_legacy,MFA_150nA.db::trial_12230,MFA|150|open_high|open_high|early_sustained_open_recruitment|open_high,P_gap_eff,1.25,gamma_s_eff,1.0,open_high,unchanged_open,False,2.0669358340197785,-6.276192813819913,decrease
MFA_like_from_mfa_legacy,MFA_150nA.db::trial_12230,MFA|150|open_high|open_high|early_sustained_open_recruitment|open_high,P_gap_eff,1.25,gamma_s_eff,1.25,open_high,unchanged_open,False,2.3241743828900243,-6.018954264949667,decrease
MFA_like_from_mfa_legacy,MFA_150nA.db::trial_12230,MFA|150|open_high|open_high|early_sustained_open_recruitment|open_high,P_gap_eff,0.75,zth,0.75,open_high,unchanged_open,False,9.70991422570954,1.3667855778698481,increase
MFA_like_from_mfa_legacy,MFA_150nA.db::trial_12230,MFA|150|open_high|open_high|early_sustained_open_recruitment|open_high,P_gap_eff,0.75,zth,1.0,open_high,unchanged_open,False,1.8539545182804829,-6.489174129559208,decrease
MFA_like_from_mfa_legacy,MFA_150nA.db::trial_12230,MFA|150|open_high|open_high|early_sustained_open_recruitment|open_high,P_gap_eff,0.75,zth,1.25,partial_mid,open_to_partial,True,0.29019202535047944,-8.052936622489211,decrease
MFA_like_from_mfa_legacy,MFA_150nA.db::trial_12230,MFA|150|open_high|open_high|early_sustained_open_recruitment|open_high,P_gap_eff,1.0,zth,0.75,open_high,unchanged_open,False,10.07288424369165,1.7297555958519588,increase
MFA_like_from_mfa_legacy,MFA_150nA.db::trial_12230,MFA|150|open_high|open_high|early_sustained_open_recruitment|open_high,P_gap_eff,1.0,zth,1.0,open_high,unchanged_open,False,2.0046430439206175,-6.338485603919073,decrease
MFA_like_from_mfa_legacy,MFA_150nA.db::trial_12230,MFA|150|open_high|open_high|early_sustained_open_recruitment|open_high,P_gap_eff,1.0,zth,1.25,partial_mid,open_to_partial,True,0.4167320258532586,-7.926396621986433,decrease
MFA_like_from_mfa_legacy,MFA_150nA.db::trial_12230,MFA|150|open_high|open_high|early_sustained_open_recruitment|open_high,P_gap_eff,1.25,zth,0.75,open_high,unchanged_open,False,9.55620274267402,1.2130740948343295,increase
MFA_like_from_mfa_legacy,MFA_150nA.db::trial_12230,MFA|150|open_high|open_high|early_sustained_open_recruitment|open_high,P_gap_eff,1.25,zth,1.0,open_high,unchanged_open,False,2.0669358340197785,-6.276192813819913,decrease
MFA_like_from_mfa_legacy,MFA_150nA.db::trial_12230,MFA|150|open_high|open_high|early_sustained_open_recruitment|open_high,P_gap_eff,1.25,zth,1.25,partial_mid,open_to_partial,True,0.4945580561236697,-7.848570591716022,decrease
MFA_like_from_mfa_legacy,MFA_150nA.db::trial_12230,MFA|150|open_high|open_high|early_sustained_open_recruitment|open_high,gamma_s_eff,0.75,zth,0.75,open_high,unchanged_open,False,7.5685920724700075,-0.7745365753696838,decrease
MFA_like_from_mfa_legacy,MFA_150nA.db::trial_12230,MFA|150|open_high|open_high|early_sustained_open_recruitment|open_high,gamma_s_eff,0.75,zth,1.0,open_high,unchanged_open,False,1.7056808723409742,-6.637447775498718,decrease
MFA_like_from_mfa_legacy,MFA_150nA.db::trial_12230,MFA|150|open_high|open_high|early_sustained_open_recruitment|open_high,gamma_s_eff,0.75,zth,1.25,partial_mid,open_to_partial,True,0.32028183515269437,-8.022846812686996,decrease
MFA_like_from_mfa_legacy,MFA_150nA.db::trial_12230,MFA|150|open_high|open_high|early_sustained_open_recruitment|open_high,gamma_s_eff,1.0,zth,0.75,open_high,unchanged_open,False,10.07288424369165,1.7297555958519588,increase
MFA_like_from_mfa_legacy,MFA_150nA.db::trial_12230,MFA|150|open_high|open_high|early_sustained_open_recruitment|open_high,gamma_s_eff,1.0,zth,1.0,open_high,unchanged_open,False,2.0046430439206175,-6.338485603919073,decrease
MFA_like_from_mfa_legacy,MFA_150nA.db::trial_12230,MFA|150|open_high|open_high|early_sustained_open_recruitment|open_high,gamma_s_eff,1.0,zth,1.25,partial_mid,open_to_partial,True,0.4167320258532586,-7.926396621986433,decrease
MFA_like_from_mfa_legacy,MFA_150nA.db::trial_12230,MFA|150|open_high|open_high|early_sustained_open_recruitment|open_high,gamma_s_eff,1.25,zth,0.75,open_high,unchanged_open,False,11.419332428591597,3.0762037807519054,increase
MFA_like_from_mfa_legacy,MFA_150nA.db::trial_12230,MFA|150|open_high|open_high|early_sustained_open_recruitment|open_high,gamma_s_eff,1.25,zth,1.0,open_high,unchanged_open,False,2.23955734477736,-6.103571303062331,decrease
MFA_like_from_mfa_legacy,MFA_150nA.db::trial_12230,MFA|150|open_high|open_high|early_sustained_open_recruitment|open_high,gamma_s_eff,1.25,zth,1.25,partial_mid,open_to_partial,True,0.49505991501648267,-7.848068732823209,decrease
MFA_like_from_mfa_legacy,MFA_150nA.db::trial_12230,MFA|150|open_high|open_high|early_sustained_open_recruitment|open_high,zth,0.75,zs,0.75,open_high,unchanged_open,False,15.118932233348483,6.7758035855087915,increase
MFA_like_from_mfa_legacy,MFA_150nA.db::trial_12230,MFA|150|open_high|open_high|early_sustained_open_recruitment|open_high,zth,0.75,zs,1.0,open_high,unchanged_open,False,10.07288424369165,1.7297555958519588,increase
MFA_like_from_mfa_legacy,MFA_150nA.db::trial_12230,MFA|150|open_high|open_high|early_sustained_open_recruitment|open_high,zth,0.75,zs,1.25,open_high,unchanged_open,False,5.460730433148459,-2.882398214691232,decrease
MFA_like_from_mfa_legacy,MFA_150nA.db::trial_12230,MFA|150|open_high|open_high|early_sustained_open_recruitment|open_high,zth,1.0,zs,0.75,open_high,unchanged_open,False,4.180226338969713,-4.162902308869978,decrease
MFA_like_from_mfa_legacy,MFA_150nA.db::trial_12230,MFA|150|open_high|open_high|early_sustained_open_recruitment|open_high,zth,1.0,zs,1.0,open_high,unchanged_open,False,2.0046430439206175,-6.338485603919073,decrease
MFA_like_from_mfa_legacy,MFA_150nA.db::trial_12230,MFA|150|open_high|open_high|early_sustained_open_recruitment|open_high,zth,1.0,zs,1.25,open_high,unchanged_open,False,1.3043621573750894,-7.038766490464602,decrease
MFA_like_from_mfa_legacy,MFA_150nA.db::trial_12230,MFA|150|open_high|open_high|early_sustained_open_recruitment|open_high,zth,1.25,zs,0.75,partial_mid,open_to_partial,True,1.0362760253641508,-7.306852622475541,decrease
MFA_like_from_mfa_legacy,MFA_150nA.db::trial_12230,MFA|150|open_high|open_high|early_sustained_open_recruitment|open_high,zth,1.25,zs,1.0,partial_mid,open_to_partial,True,0.4167320258532586,-7.926396621986433,decrease
MFA_like_from_mfa_legacy,MFA_150nA.db::trial_12230,MFA|150|open_high|open_high|early_sustained_open_recruitment|open_high,zth,1.25,zs,1.25,partial_mid,open_to_partial,True,0.1882357520230506,-8.15489289581664,decrease
MFA_BA_from_MFA_legacy,MFA_150nA.db::trial_12230,MFA|150|open_high|open_high|early_sustained_open_recruitment|open_high,gki,0.75,P_gap_eff,0.75,open_high,unchanged_open,False,1.8146852506217408,-6.52844339721795,decrease
MFA_BA_from_MFA_legacy,MFA_150nA.db::trial_12230,MFA|150|open_high|open_high|early_sustained_open_recruitment|open_high,gki,0.75,P_gap_eff,1.0,open_high,unchanged_open,False,1.9667294829306774,-6.376399164909014,decrease
MFA_BA_from_MFA_legacy,MFA_150nA.db::trial_12230,MFA|150|open_high|open_high|early_sustained_open_recruitment|open_high,gki,0.75,P_gap_eff,1.25,open_high,unchanged_open,False,2.0287558033982287,-6.314372844441463,decrease
MFA_BA_from_MFA_legacy,MFA_150nA.db::trial_12230,MFA|150|open_high|open_high|early_sustained_open_recruitment|open_high,gki,1.0,P_gap_eff,0.75,open_high,unchanged_open,False,1.8539545182804829,-6.489174129559208,decrease
MFA_BA_from_MFA_legacy,MFA_150nA.db::trial_12230,MFA|150|open_high|open_high|early_sustained_open_recruitment|open_high,gki,1.0,P_gap_eff,1.0,open_high,unchanged_open,False,2.0046430439206175,-6.338485603919073,decrease
MFA_BA_from_MFA_legacy,MFA_150nA.db::trial_12230,MFA|150|open_high|open_high|early_sustained_open_recruitment|open_high,gki,1.0,P_gap_eff,1.25,open_high,unchanged_open,False,2.0669358340197785,-6.276192813819913,decrease
MFA_BA_from_MFA_legacy,MFA_150nA.db::trial_12230,MFA|150|open_high|open_high|early_sustained_open_recruitment|open_high,gki,1.25,P_gap_eff,0.75,open_high,unchanged_open,False,1.8792504514332384,-6.463878196406453,decrease
MFA_BA_from_MFA_legacy,MFA_150nA.db::trial_12230,MFA|150|open_high|open_high|early_sustained_open_recruitment|open_high,gki,1.25,P_gap_eff,1.0,open_high,unchanged_open,False,2.0177542450751966,-6.325374402764495,decrease
MFA_BA_from_MFA_legacy,MFA_150nA.db::trial_12230,MFA|150|open_high|open_high|early_sustained_open_recruitment|open_high,gki,1.25,P_gap_eff,1.25,open_high,unchanged_open,False,2.0909715361762005,-6.252157111663491,decrease
MFA_like_from_mfa_legacy,MFA_175nA.db::trial_0,MFA|175|partial_mid|partial_mid|intermediate_or_mixed_temporal_recruitment|partial_mid,P_gap_eff,0.75,gamma_s_eff,0.75,closed_low,partial_to_closed,True,1.079054509445791,-0.8541683983704369,decrease
MFA_like_from_mfa_legacy,MFA_175nA.db::trial_0,MFA|175|partial_mid|partial_mid|intermediate_or_mixed_temporal_recruitment|partial_mid,P_gap_eff,0.75,gamma_s_eff,1.0,closed_low,partial_to_closed,True,1.0775251719011623,-0.8556977359150657,decrease
MFA_like_from_mfa_legacy,MFA_175nA.db::trial_0,MFA|175|partial_mid|partial_mid|intermediate_or_mixed_temporal_recruitment|partial_mid,P_gap_eff,0.75,gamma_s_eff,1.25,closed_low,partial_to_closed,True,1.0766096434319818,-0.8566132643842461,decrease
MFA_like_from_mfa_legacy,MFA_175nA.db::trial_0,MFA|175|partial_mid|partial_mid|intermediate_or_mixed_temporal_recruitment|partial_mid,P_gap_eff,1.0,gamma_s_eff,0.75,closed_low,partial_to_closed,True,1.073057463467258,-0.8601654443489699,decrease
MFA_like_from_mfa_legacy,MFA_175nA.db::trial_0,MFA|175|partial_mid|partial_mid|intermediate_or_mixed_temporal_recruitment|partial_mid,P_gap_eff,1.0,gamma_s_eff,1.0,closed_low,partial_to_closed,True,1.0729671445681699,-0.8602557632480581,decrease
MFA_like_from_mfa_legacy,MFA_175nA.db::trial_0,MFA|175|partial_mid|partial_mid|intermediate_or_mixed_temporal_recruitment|partial_mid,P_gap_eff,1.0,gamma_s_eff,1.25,closed_low,partial_to_closed,True,1.0728976324194581,-0.8603252753967698,decrease
MFA_like_from_mfa_legacy,MFA_175nA.db::trial_0,MFA|175|partial_mid|partial_mid|intermediate_or_mixed_temporal_recruitment|partial_mid,P_gap_eff,1.25,gamma_s_eff,0.75,closed_low,partial_to_closed,True,1.0986177382900102,-0.8346051695262178,decrease
MFA_like_from_mfa_legacy,MFA_175nA.db::trial_0,MFA|175|partial_mid|partial_mid|intermediate_or_mixed_temporal_recruitment|partial_mid,P_gap_eff,1.25,gamma_s_eff,1.0,closed_low,partial_to_closed,True,1.0985536492344108,-0.8346692585818172,decrease
MFA_like_from_mfa_legacy,MFA_175nA.db::trial_0,MFA|175|partial_mid|partial_mid|intermediate_or_mixed_temporal_recruitment|partial_mid,P_gap_eff,1.25,gamma_s_eff,1.25,closed_low,partial_to_closed,True,1.098494950429756,-0.8347279573864719,decrease
MFA_like_from_mfa_legacy,MFA_175nA.db::trial_0,MFA|175|partial_mid|partial_mid|intermediate_or_mixed_temporal_recruitment|partial_mid,P_gap_eff,0.75,zth,0.75,partial_mid,unchanged_partial,False,1.0756021015894708,-0.8576208062267572,decrease
MFA_like_from_mfa_legacy,MFA_175nA.db::trial_0,MFA|175|partial_mid|partial_mid|intermediate_or_mixed_temporal_recruitment|partial_mid,P_gap_eff,0.75,zth,1.0,closed_low,partial_to_closed,True,1.0775251719011623,-0.8556977359150657,decrease
MFA_like_from_mfa_legacy,MFA_175nA.db::trial_0,MFA|175|partial_mid|partial_mid|intermediate_or_mixed_temporal_recruitment|partial_mid,P_gap_eff,0.75,zth,1.25,closed_low,partial_to_closed,True,1.0811359115463872,-0.8520869962698407,decrease
MFA_like_from_mfa_legacy,MFA_175nA.db::trial_0,MFA|175|partial_mid|partial_mid|intermediate_or_mixed_temporal_recruitment|partial_mid,P_gap_eff,1.0,zth,0.75,partial_mid,unchanged_partial,False,1.0727949742404002,-0.8604279335758278,decrease
MFA_like_from_mfa_legacy,MFA_175nA.db::trial_0,MFA|175|partial_mid|partial_mid|intermediate_or_mixed_temporal_recruitment|partial_mid,P_gap_eff,1.0,zth,1.0,closed_low,partial_to_closed,True,1.0729671445681699,-0.8602557632480581,decrease
MFA_like_from_mfa_legacy,MFA_175nA.db::trial_0,MFA|175|partial_mid|partial_mid|intermediate_or_mixed_temporal_recruitment|partial_mid,P_gap_eff,1.0,zth,1.25,closed_low,partial_to_closed,True,1.0731421612615641,-0.8600807465546638,decrease
MFA_like_from_mfa_legacy,MFA_175nA.db::trial_0,MFA|175|partial_mid|partial_mid|intermediate_or_mixed_temporal_recruitment|partial_mid,P_gap_eff,1.25,zth,0.75,partial_mid,unchanged_partial,False,1.0983983576092031,-0.8348245502070248,decrease
MFA_like_from_mfa_legacy,MFA_175nA.db::trial_0,MFA|175|partial_mid|partial_mid|intermediate_or_mixed_temporal_recruitment|partial_mid,P_gap_eff,1.25,zth,1.0,closed_low,partial_to_closed,True,1.0985536492344108,-0.8346692585818172,decrease
MFA_like_from_mfa_legacy,MFA_175nA.db::trial_0,MFA|175|partial_mid|partial_mid|intermediate_or_mixed_temporal_recruitment|partial_mid,P_gap_eff,1.25,zth,1.25,closed_low,partial_to_closed,True,1.0986533260726454,-0.8345695817435825,decrease
MFA_like_from_mfa_legacy,MFA_175nA.db::trial_0,MFA|175|partial_mid|partial_mid|intermediate_or_mixed_temporal_recruitment|partial_mid,gamma_s_eff,0.75,zth,0.75,partial_mid,unchanged_partial,False,1.072873225153904,-0.860349682662324,decrease
MFA_like_from_mfa_legacy,MFA_175nA.db::trial_0,MFA|175|partial_mid|partial_mid|intermediate_or_mixed_temporal_recruitment|partial_mid,gamma_s_eff,0.75,zth,1.0,closed_low,partial_to_closed,True,1.073057463467258,-0.8601654443489699,decrease
MFA_like_from_mfa_legacy,MFA_175nA.db::trial_0,MFA|175|partial_mid|partial_mid|intermediate_or_mixed_temporal_recruitment|partial_mid,gamma_s_eff,0.75,zth,1.25,closed_low,partial_to_closed,True,1.0731351828333517,-0.8600877249828762,decrease
MFA_like_from_mfa_legacy,MFA_175nA.db::trial_0,MFA|175|partial_mid|partial_mid|intermediate_or_mixed_temporal_recruitment|partial_mid,gamma_s_eff,1.0,zth,0.75,partial_mid,unchanged_partial,False,1.0727949742404002,-0.8604279335758278,decrease
MFA_like_from_mfa_legacy,MFA_175nA.db::trial_0,MFA|175|partial_mid|partial_mid|intermediate_or_mixed_temporal_recruitment|partial_mid,gamma_s_eff,1.0,zth,1.0,closed_low,partial_to_closed,True,1.0729671445681699,-0.8602557632480581,decrease
MFA_like_from_mfa_legacy,MFA_175nA.db::trial_0,MFA|175|partial_mid|partial_mid|intermediate_or_mixed_temporal_recruitment|partial_mid,gamma_s_eff,1.0,zth,1.25,closed_low,partial_to_closed,True,1.0731421612615641,-0.8600807465546638,decrease
MFA_like_from_mfa_legacy,MFA_175nA.db::trial_0,MFA|175|partial_mid|partial_mid|intermediate_or_mixed_temporal_recruitment|partial_mid,gamma_s_eff,1.25,zth,0.75,partial_mid,unchanged_partial,False,1.072739193757557,-0.860483714058671,decrease
MFA_like_from_mfa_legacy,MFA_175nA.db::trial_0,MFA|175|partial_mid|partial_mid|intermediate_or_mixed_temporal_recruitment|partial_mid,gamma_s_eff,1.25,zth,1.0,closed_low,partial_to_closed,True,1.0728976324194581,-0.8603252753967698,decrease
MFA_like_from_mfa_legacy,MFA_175nA.db::trial_0,MFA|175|partial_mid|partial_mid|intermediate_or_mixed_temporal_recruitment|partial_mid,gamma_s_eff,1.25,zth,1.25,closed_low,partial_to_closed,True,1.073088928770731,-0.8601339790454969,decrease
MFA_like_from_mfa_legacy,MFA_175nA.db::trial_0,MFA|175|partial_mid|partial_mid|intermediate_or_mixed_temporal_recruitment|partial_mid,zth,0.75,zs,0.75,partial_mid,unchanged_partial,False,1.0726786748786423,-0.8605442329375856,decrease
MFA_like_from_mfa_legacy,MFA_175nA.db::trial_0,MFA|175|partial_mid|partial_mid|intermediate_or_mixed_temporal_recruitment|partial_mid,zth,0.75,zs,1.0,partial_mid,unchanged_partial,False,1.0727949742404002,-0.8604279335758278,decrease
MFA_like_from_mfa_legacy,MFA_175nA.db::trial_0,MFA|175|partial_mid|partial_mid|intermediate_or_mixed_temporal_recruitment|partial_mid,zth,0.75,zs,1.25,partial_mid,unchanged_partial,False,1.0729556061690848,-0.8602673016471432,decrease
MFA_like_from_mfa_legacy,MFA_175nA.db::trial_0,MFA|175|partial_mid|partial_mid|intermediate_or_mixed_temporal_recruitment|partial_mid,zth,1.0,zs,0.75,partial_mid,unchanged_partial,False,1.0727704443746786,-0.8604524634415494,decrease
MFA_like_from_mfa_legacy,MFA_175nA.db::trial_0,MFA|175|partial_mid|partial_mid|intermediate_or_mixed_temporal_recruitment|partial_mid,zth,1.0,zs,1.0,closed_low,partial_to_closed,True,1.0729671445681699,-0.8602557632480581,decrease
MFA_like_from_mfa_legacy,MFA_175nA.db::trial_0,MFA|175|partial_mid|partial_mid|intermediate_or_mixed_temporal_recruitment|partial_mid,zth,1.0,zs,1.25,closed_low,partial_to_closed,True,1.0732111096569315,-0.8600117981592965,decrease
MFA_like_from_mfa_legacy,MFA_175nA.db::trial_0,MFA|175|partial_mid|partial_mid|intermediate_or_mixed_temporal_recruitment|partial_mid,zth,1.25,zs,0.75,partial_mid,unchanged_partial,False,1.072882786339299,-0.8603401214769291,decrease
MFA_like_from_mfa_legacy,MFA_175nA.db::trial_0,MFA|175|partial_mid|partial_mid|intermediate_or_mixed_temporal_recruitment|partial_mid,zth,1.25,zs,1.0,closed_low,partial_to_closed,True,1.0731421612615641,-0.8600807465546638,decrease
MFA_like_from_mfa_legacy,MFA_175nA.db::trial_0,MFA|175|partial_mid|partial_mid|intermediate_or_mixed_temporal_recruitment|partial_mid,zth,1.25,zs,1.25,closed_low,partial_to_closed,True,1.0726916257955577,-0.8605312820206703,decrease
MFA_BA_from_MFA_legacy,MFA_175nA.db::trial_0,MFA|175|partial_mid|partial_mid|intermediate_or_mixed_temporal_recruitment|partial_mid,gki,0.75,P_gap_eff,0.75,closed_low,partial_to_closed,True,1.1060275355578342,-0.8271953722583938,decrease
MFA_BA_from_MFA_legacy,MFA_175nA.db::trial_0,MFA|175|partial_mid|partial_mid|intermediate_or_mixed_temporal_recruitment|partial_mid,gki,0.75,P_gap_eff,1.0,closed_low,partial_to_closed,True,1.0710539617814636,-0.8621689460347643,decrease
MFA_BA_from_MFA_legacy,MFA_175nA.db::trial_0,MFA|175|partial_mid|partial_mid|intermediate_or_mixed_temporal_recruitment|partial_mid,gki,0.75,P_gap_eff,1.25,closed_low,partial_to_closed,True,1.0936929868869183,-0.8395299209293097,decrease
MFA_BA_from_MFA_legacy,MFA_175nA.db::trial_0,MFA|175|partial_mid|partial_mid|intermediate_or_mixed_temporal_recruitment|partial_mid,gki,1.0,P_gap_eff,0.75,closed_low,partial_to_closed,True,1.0775251719011623,-0.8556977359150657,decrease
MFA_BA_from_MFA_legacy,MFA_175nA.db::trial_0,MFA|175|partial_mid|partial_mid|intermediate_or_mixed_temporal_recruitment|partial_mid,gki,1.0,P_gap_eff,1.0,closed_low,partial_to_closed,True,1.0729671445681699,-0.8602557632480581,decrease
MFA_BA_from_MFA_legacy,MFA_175nA.db::trial_0,MFA|175|partial_mid|partial_mid|intermediate_or_mixed_temporal_recruitment|partial_mid,gki,1.0,P_gap_eff,1.25,closed_low,partial_to_closed,True,1.0985536492344108,-0.8346692585818172,decrease
MFA_BA_from_MFA_legacy,MFA_175nA.db::trial_0,MFA|175|partial_mid|partial_mid|intermediate_or_mixed_temporal_recruitment|partial_mid,gki,1.25,P_gap_eff,0.75,closed_low,partial_to_closed,True,1.0582125176988486,-0.8750103901173794,decrease
MFA_BA_from_MFA_legacy,MFA_175nA.db::trial_0,MFA|175|partial_mid|partial_mid|intermediate_or_mixed_temporal_recruitment|partial_mid,gki,1.25,P_gap_eff,1.0,closed_low,partial_to_closed,True,1.0744277060308265,-0.8587952017854015,decrease
MFA_BA_from_MFA_legacy,MFA_175nA.db::trial_0,MFA|175|partial_mid|partial_mid|intermediate_or_mixed_temporal_recruitment|partial_mid,gki,1.25,P_gap_eff,1.25,closed_low,partial_to_closed,True,1.1021950511880638,-0.8310278566281641,decrease
MFA_like_from_mfa_legacy,MFA_175nA.db::trial_16902,MFA|175|open_high|open_high|early_sustained_open_recruitment|open_high,P_gap_eff,0.75,gamma_s_eff,0.75,open_high,unchanged_open,False,0.8392038749062725,-0.763682031223955,decrease
MFA_like_from_mfa_legacy,MFA_175nA.db::trial_16902,MFA|175|open_high|open_high|early_sustained_open_recruitment|open_high,P_gap_eff,0.75,gamma_s_eff,1.0,open_high,unchanged_open,False,0.8810017885843191,-0.7218841175459083,decrease
MFA_like_from_mfa_legacy,MFA_175nA.db::trial_16902,MFA|175|open_high|open_high|early_sustained_open_recruitment|open_high,P_gap_eff,0.75,gamma_s_eff,1.25,open_high,unchanged_open,False,0.9190862179444443,-0.6837996881857831,decrease
MFA_like_from_mfa_legacy,MFA_175nA.db::trial_16902,MFA|175|open_high|open_high|early_sustained_open_recruitment|open_high,P_gap_eff,1.0,gamma_s_eff,0.75,open_high,unchanged_open,False,6.187698632555635,4.584812726425407,increase
MFA_like_from_mfa_legacy,MFA_175nA.db::trial_16902,MFA|175|open_high|open_high|early_sustained_open_recruitment|open_high,P_gap_eff,1.0,gamma_s_eff,1.0,open_high,unchanged_open,False,7.048730955016221,5.445845048885993,increase
MFA_like_from_mfa_legacy,MFA_175nA.db::trial_16902,MFA|175|open_high|open_high|early_sustained_open_recruitment|open_high,P_gap_eff,1.0,gamma_s_eff,1.25,open_high,unchanged_open,False,7.700844729285993,6.097958823155766,increase
MFA_like_from_mfa_legacy,MFA_175nA.db::trial_16902,MFA|175|open_high|open_high|early_sustained_open_recruitment|open_high,P_gap_eff,1.25,gamma_s_eff,0.75,open_high,unchanged_open,False,7.847424342943315,6.244538436813087,increase
MFA_like_from_mfa_legacy,MFA_175nA.db::trial_16902,MFA|175|open_high|open_high|early_sustained_open_recruitment|open_high,P_gap_eff,1.25,gamma_s_eff,1.0,open_high,unchanged_open,False,9.590156352225264,7.987270446095037,increase
MFA_like_from_mfa_legacy,MFA_175nA.db::trial_16902,MFA|175|open_high|open_high|early_sustained_open_recruitment|open_high,P_gap_eff,1.25,gamma_s_eff,1.25,open_high,unchanged_open,False,10.75901714541458,9.156131239284353,increase
MFA_like_from_mfa_legacy,MFA_175nA.db::trial_16902,MFA|175|open_high|open_high|early_sustained_open_recruitment|open_high,P_gap_eff,0.75,zth,0.75,open_high,unchanged_open,False,1.160419048023996,-0.44246685810623143,decrease
MFA_like_from_mfa_legacy,MFA_175nA.db::trial_16902,MFA|175|open_high|open_high|early_sustained_open_recruitment|open_high,P_gap_eff,0.75,zth,1.0,open_high,unchanged_open,False,0.8810017885843191,-0.7218841175459083,decrease
MFA_like_from_mfa_legacy,MFA_175nA.db::trial_16902,MFA|175|open_high|open_high|early_sustained_open_recruitment|open_high,P_gap_eff,0.75,zth,1.25,open_high,unchanged_open,False,2.6788157892698052,1.0759298831395778,increase
MFA_like_from_mfa_legacy,MFA_175nA.db::trial_16902,MFA|175|open_high|open_high|early_sustained_open_recruitment|open_high,P_gap_eff,1.0,zth,0.75,open_high,unchanged_open,False,1.1636819930119986,-0.4392039131182288,decrease
MFA_like_from_mfa_legacy,MFA_175nA.db::trial_16902,MFA|175|open_high|open_high|early_sustained_open_recruitment|open_high,P_gap_eff,1.0,zth,1.0,open_high,unchanged_open,False,7.048730955016221,5.445845048885993,increase
MFA_like_from_mfa_legacy,MFA_175nA.db::trial_16902,MFA|175|open_high|open_high|early_sustained_open_recruitment|open_high,P_gap_eff,1.0,zth,1.25,open_high,unchanged_open,False,3.8233130167099976,2.22042711057977,increase
MFA_like_from_mfa_legacy,MFA_175nA.db::trial_16902,MFA|175|open_high|open_high|early_sustained_open_recruitment|open_high,P_gap_eff,1.25,zth,0.75,open_high,unchanged_open,False,1.0428399714581975,-0.5600459346720299,decrease
MFA_like_from_mfa_legacy,MFA_175nA.db::trial_16902,MFA|175|open_high|open_high|early_sustained_open_recruitment|open_high,P_gap_eff,1.25,zth,1.0,open_high,unchanged_open,False,9.590156352225264,7.987270446095037,increase
MFA_like_from_mfa_legacy,MFA_175nA.db::trial_16902,MFA|175|open_high|open_high|early_sustained_open_recruitment|open_high,P_gap_eff,1.25,zth,1.25,open_high,unchanged_open,False,4.320891401151709,2.7180054950214814,increase
MFA_like_from_mfa_legacy,MFA_175nA.db::trial_16902,MFA|175|open_high|open_high|early_sustained_open_recruitment|open_high,gamma_s_eff,0.75,zth,0.75,open_high,unchanged_open,False,1.1406726037102852,-0.4622133024199422,decrease
MFA_like_from_mfa_legacy,MFA_175nA.db::trial_16902,MFA|175|open_high|open_high|early_sustained_open_recruitment|open_high,gamma_s_eff,0.75,zth,1.0,open_high,unchanged_open,False,6.187698632555635,4.584812726425407,increase
MFA_like_from_mfa_legacy,MFA_175nA.db::trial_16902,MFA|175|open_high|open_high|early_sustained_open_recruitment|open_high,gamma_s_eff,0.75,zth,1.25,open_high,unchanged_open,False,3.077250977672387,1.4743650715421595,increase
MFA_like_from_mfa_legacy,MFA_175nA.db::trial_16902,MFA|175|open_high|open_high|early_sustained_open_recruitment|open_high,gamma_s_eff,1.0,zth,0.75,open_high,unchanged_open,False,1.1636819930119986,-0.4392039131182288,decrease
MFA_like_from_mfa_legacy,MFA_175nA.db::trial_16902,MFA|175|open_high|open_high|early_sustained_open_recruitment|open_high,gamma_s_eff,1.0,zth,1.0,open_high,unchanged_open,False,7.048730955016221,5.445845048885993,increase
MFA_like_from_mfa_legacy,MFA_175nA.db::trial_16902,MFA|175|open_high|open_high|early_sustained_open_recruitment|open_high,gamma_s_eff,1.0,zth,1.25,open_high,unchanged_open,False,3.8233130167099976,2.22042711057977,increase
MFA_like_from_mfa_legacy,MFA_175nA.db::trial_16902,MFA|175|open_high|open_high|early_sustained_open_recruitment|open_high,gamma_s_eff,1.25,zth,0.75,open_high,unchanged_open,False,1.1791094586807793,-0.4237764474494481,decrease
MFA_like_from_mfa_legacy,MFA_175nA.db::trial_16902,MFA|175|open_high|open_high|early_sustained_open_recruitment|open_high,gamma_s_eff,1.25,zth,1.0,open_high,unchanged_open,False,7.700844729285993,6.097958823155766,increase
MFA_like_from_mfa_legacy,MFA_175nA.db::trial_16902,MFA|175|open_high|open_high|early_sustained_open_recruitment|open_high,gamma_s_eff,1.25,zth,1.25,open_high,unchanged_open,False,4.2707689118013175,2.66788300567109,increase
MFA_like_from_mfa_legacy,MFA_175nA.db::trial_16902,MFA|175|open_high|open_high|early_sustained_open_recruitment|open_high,zth,0.75,zs,0.75,open_high,unchanged_open,False,1.2121704994191365,-0.39071540671109095,decrease
MFA_like_from_mfa_legacy,MFA_175nA.db::trial_16902,MFA|175|open_high|open_high|early_sustained_open_recruitment|open_high,zth,0.75,zs,1.0,open_high,unchanged_open,False,1.1636819930119986,-0.4392039131182288,decrease
MFA_like_from_mfa_legacy,MFA_175nA.db::trial_16902,MFA|175|open_high|open_high|early_sustained_open_recruitment|open_high,zth,0.75,zs,1.25,open_high,unchanged_open,False,1.1114254035091955,-0.4914605026210319,decrease
MFA_like_from_mfa_legacy,MFA_175nA.db::trial_16902,MFA|175|open_high|open_high|early_sustained_open_recruitment|open_high,zth,1.0,zs,0.75,open_high,unchanged_open,False,1.1066389702925234,-0.49624693583770396,decrease
MFA_like_from_mfa_legacy,MFA_175nA.db::trial_16902,MFA|175|open_high|open_high|early_sustained_open_recruitment|open_high,zth,1.0,zs,1.0,open_high,unchanged_open,False,7.048730955016221,5.445845048885993,increase
MFA_like_from_mfa_legacy,MFA_175nA.db::trial_16902,MFA|175|open_high|open_high|early_sustained_open_recruitment|open_high,zth,1.0,zs,1.25,open_high,unchanged_open,False,5.945171636158602,4.342285730028374,increase
MFA_like_from_mfa_legacy,MFA_175nA.db::trial_16902,MFA|175|open_high|open_high|early_sustained_open_recruitment|open_high,zth,1.25,zs,0.75,open_high,unchanged_open,False,5.203908307505887,3.6010224013756593,increase
MFA_like_from_mfa_legacy,MFA_175nA.db::trial_16902,MFA|175|open_high|open_high|early_sustained_open_recruitment|open_high,zth,1.25,zs,1.0,open_high,unchanged_open,False,3.8233130167099976,2.22042711057977,increase
MFA_like_from_mfa_legacy,MFA_175nA.db::trial_16902,MFA|175|open_high|open_high|early_sustained_open_recruitment|open_high,zth,1.25,zs,1.25,open_high,unchanged_open,False,2.576245921311851,0.9733600151816235,increase
MFA_BA_from_MFA_legacy,MFA_175nA.db::trial_16902,MFA|175|open_high|open_high|early_sustained_open_recruitment|open_high,gki,0.75,P_gap_eff,0.75,open_high,unchanged_open,False,0.8813110250189573,-0.7215748811112701,decrease
MFA_BA_from_MFA_legacy,MFA_175nA.db::trial_16902,MFA|175|open_high|open_high|early_sustained_open_recruitment|open_high,gki,0.75,P_gap_eff,1.0,open_high,unchanged_open,False,7.022586584874092,5.419700678743864,increase
MFA_BA_from_MFA_legacy,MFA_175nA.db::trial_16902,MFA|175|open_high|open_high|early_sustained_open_recruitment|open_high,gki,0.75,P_gap_eff,1.25,open_high,unchanged_open,False,9.569282938562726,7.966397032432498,increase
MFA_BA_from_MFA_legacy,MFA_175nA.db::trial_16902,MFA|175|open_high|open_high|early_sustained_open_recruitment|open_high,gki,1.0,P_gap_eff,0.75,open_high,unchanged_open,False,0.8810017885843191,-0.7218841175459083,decrease
MFA_BA_from_MFA_legacy,MFA_175nA.db::trial_16902,MFA|175|open_high|open_high|early_sustained_open_recruitment|open_high,gki,1.0,P_gap_eff,1.0,open_high,unchanged_open,False,7.048730955016221,5.445845048885993,increase
MFA_BA_from_MFA_legacy,MFA_175nA.db::trial_16902,MFA|175|open_high|open_high|early_sustained_open_recruitment|open_high,gki,1.0,P_gap_eff,1.25,open_high,unchanged_open,False,9.590156352225264,7.987270446095037,increase
MFA_BA_from_MFA_legacy,MFA_175nA.db::trial_16902,MFA|175|open_high|open_high|early_sustained_open_recruitment|open_high,gki,1.25,P_gap_eff,0.75,open_high,unchanged_open,False,0.8808184662539,-0.7220674398763274,decrease
MFA_BA_from_MFA_legacy,MFA_175nA.db::trial_16902,MFA|175|open_high|open_high|early_sustained_open_recruitment|open_high,gki,1.25,P_gap_eff,1.0,open_high,unchanged_open,False,7.0646603984927525,5.461774492362525,increase
MFA_BA_from_MFA_legacy,MFA_175nA.db::trial_16902,MFA|175|open_high|open_high|early_sustained_open_recruitment|open_high,gki,1.25,P_gap_eff,1.25,open_high,unchanged_open,False,9.602847656761883,7.999961750631655,increase
MFA_like_from_mfa_legacy,MFA_175nA.db::trial_6244,MFA|175|partial_mid|partial_mid|intermediate_or_mixed_temporal_recruitment|partial_mid,P_gap_eff,0.75,gamma_s_eff,0.75,partial_mid,unchanged_partial,False,26.28128497054909,22.886629250240066,increase
MFA_like_from_mfa_legacy,MFA_175nA.db::trial_6244,MFA|175|partial_mid|partial_mid|intermediate_or_mixed_temporal_recruitment|partial_mid,P_gap_eff,0.75,gamma_s_eff,1.0,partial_mid,unchanged_partial,False,26.285042761865675,22.89038704155665,increase
MFA_like_from_mfa_legacy,MFA_175nA.db::trial_6244,MFA|175|partial_mid|partial_mid|intermediate_or_mixed_temporal_recruitment|partial_mid,P_gap_eff,0.75,gamma_s_eff,1.25,partial_mid,unchanged_partial,False,26.29007223443978,22.895416514130755,increase
MFA_like_from_mfa_legacy,MFA_175nA.db::trial_6244,MFA|175|partial_mid|partial_mid|intermediate_or_mixed_temporal_recruitment|partial_mid,P_gap_eff,1.0,gamma_s_eff,0.75,partial_mid,unchanged_partial,False,1.2140841486662057,-2.1805715716428185,decrease
MFA_like_from_mfa_legacy,MFA_175nA.db::trial_6244,MFA|175|partial_mid|partial_mid|intermediate_or_mixed_temporal_recruitment|partial_mid,P_gap_eff,1.0,gamma_s_eff,1.0,partial_mid,unchanged_partial,False,1.2138657359644398,-2.1807899843445844,decrease
MFA_like_from_mfa_legacy,MFA_175nA.db::trial_6244,MFA|175|partial_mid|partial_mid|intermediate_or_mixed_temporal_recruitment|partial_mid,P_gap_eff,1.0,gamma_s_eff,1.25,partial_mid,unchanged_partial,False,1.2137287042409597,-2.1809270160680647,decrease
MFA_like_from_mfa_legacy,MFA_175nA.db::trial_6244,MFA|175|partial_mid|partial_mid|intermediate_or_mixed_temporal_recruitment|partial_mid,P_gap_eff,1.25,gamma_s_eff,0.75,partial_mid,unchanged_partial,False,1.3335408478912474,-2.061114872417777,decrease
MFA_like_from_mfa_legacy,MFA_175nA.db::trial_6244,MFA|175|partial_mid|partial_mid|intermediate_or_mixed_temporal_recruitment|partial_mid,P_gap_eff,1.25,gamma_s_eff,1.0,partial_mid,unchanged_partial,False,1.333495177569108,-2.0611605427399162,decrease
MFA_like_from_mfa_legacy,MFA_175nA.db::trial_6244,MFA|175|partial_mid|partial_mid|intermediate_or_mixed_temporal_recruitment|partial_mid,P_gap_eff,1.25,gamma_s_eff,1.25,partial_mid,unchanged_partial,False,1.3334585346289822,-2.061197185680042,decrease
MFA_like_from_mfa_legacy,MFA_175nA.db::trial_6244,MFA|175|partial_mid|partial_mid|intermediate_or_mixed_temporal_recruitment|partial_mid,P_gap_eff,0.75,zth,0.75,partial_mid,unchanged_partial,False,0.9364064617960467,-2.4582492585129776,decrease
MFA_like_from_mfa_legacy,MFA_175nA.db::trial_6244,MFA|175|partial_mid|partial_mid|intermediate_or_mixed_temporal_recruitment|partial_mid,P_gap_eff,0.75,zth,1.0,partial_mid,unchanged_partial,False,0.9367400791844273,-2.457915641124597,decrease
MFA_like_from_mfa_legacy,MFA_175nA.db::trial_6244,MFA|175|partial_mid|partial_mid|intermediate_or_mixed_temporal_recruitment|partial_mid,P_gap_eff,0.75,zth,1.25,closed_low,partial_to_closed,True,0.9366538587934141,-2.4580018615156103,decrease
MFA_like_from_mfa_legacy,MFA_175nA.db::trial_6244,MFA|175|partial_mid|partial_mid|intermediate_or_mixed_temporal_recruitment|partial_mid,P_gap_eff,1.0,zth,0.75,partial_mid,unchanged_partial,False,0.8972036623630935,-2.4974520579459307,decrease
MFA_like_from_mfa_legacy,MFA_175nA.db::trial_6244,MFA|175|partial_mid|partial_mid|intermediate_or_mixed_temporal_recruitment|partial_mid,P_gap_eff,1.0,zth,1.0,partial_mid,unchanged_partial,False,1.2138657359644398,-2.1807899843445844,decrease
MFA_like_from_mfa_legacy,MFA_175nA.db::trial_6244,MFA|175|partial_mid|partial_mid|intermediate_or_mixed_temporal_recruitment|partial_mid,P_gap_eff,1.0,zth,1.25,closed_low,partial_to_closed,True,0.8740695878712532,-2.5205861324377707,decrease
MFA_like_from_mfa_legacy,MFA_175nA.db::trial_6244,MFA|175|partial_mid|partial_mid|intermediate_or_mixed_temporal_recruitment|partial_mid,P_gap_eff,1.25,zth,0.75,partial_mid,unchanged_partial,False,1.3333969274893571,-2.0612587928196673,decrease
MFA_like_from_mfa_legacy,MFA_175nA.db::trial_6244,MFA|175|partial_mid|partial_mid|intermediate_or_mixed_temporal_recruitment|partial_mid,P_gap_eff,1.25,zth,1.0,partial_mid,unchanged_partial,False,1.333495177569108,-2.0611605427399162,decrease
MFA_like_from_mfa_legacy,MFA_175nA.db::trial_6244,MFA|175|partial_mid|partial_mid|intermediate_or_mixed_temporal_recruitment|partial_mid,P_gap_eff,1.25,zth,1.25,closed_low,partial_to_closed,True,1.3336465056839923,-2.061009214625032,decrease
MFA_like_from_mfa_legacy,MFA_175nA.db::trial_6244,MFA|175|partial_mid|partial_mid|intermediate_or_mixed_temporal_recruitment|partial_mid,gamma_s_eff,0.75,zth,0.75,partial_mid,unchanged_partial,False,0.8973586121342487,-2.4972971081747755,decrease
MFA_like_from_mfa_legacy,MFA_175nA.db::trial_6244,MFA|175|partial_mid|partial_mid|intermediate_or_mixed_temporal_recruitment|partial_mid,gamma_s_eff,0.75,zth,1.0,partial_mid,unchanged_partial,False,1.2140841486662057,-2.1805715716428185,decrease
MFA_like_from_mfa_legacy,MFA_175nA.db::trial_6244,MFA|175|partial_mid|partial_mid|intermediate_or_mixed_temporal_recruitment|partial_mid,gamma_s_eff,0.75,zth,1.25,closed_low,partial_to_closed,True,0.8741071370518309,-2.5205485832571934,decrease
MFA_like_from_mfa_legacy,MFA_175nA.db::trial_6244,MFA|175|partial_mid|partial_mid|intermediate_or_mixed_temporal_recruitment|partial_mid,gamma_s_eff,1.0,zth,0.75,partial_mid,unchanged_partial,False,0.8747188856353627,-2.5199368346736613,decrease
MFA_like_from_mfa_legacy,MFA_175nA.db::trial_6244,MFA|175|partial_mid|partial_mid|intermediate_or_mixed_temporal_recruitment|partial_mid,gamma_s_eff,1.0,zth,1.0,partial_mid,unchanged_partial,False,1.2138657359644398,-2.1807899843445844,decrease
MFA_like_from_mfa_legacy,MFA_175nA.db::trial_6244,MFA|175|partial_mid|partial_mid|intermediate_or_mixed_temporal_recruitment|partial_mid,gamma_s_eff,1.0,zth,1.25,closed_low,partial_to_closed,True,0.8740695878712532,-2.5205861324377707,decrease
MFA_like_from_mfa_legacy,MFA_175nA.db::trial_6244,MFA|175|partial_mid|partial_mid|intermediate_or_mixed_temporal_recruitment|partial_mid,gamma_s_eff,1.25,zth,0.75,partial_mid,unchanged_partial,False,1.2133824917578033,-2.1812732285512206,decrease
MFA_like_from_mfa_legacy,MFA_175nA.db::trial_6244,MFA|175|partial_mid|partial_mid|intermediate_or_mixed_temporal_recruitment|partial_mid,gamma_s_eff,1.25,zth,1.0,partial_mid,unchanged_partial,False,1.2137287042409597,-2.1809270160680647,decrease
MFA_like_from_mfa_legacy,MFA_175nA.db::trial_6244,MFA|175|partial_mid|partial_mid|intermediate_or_mixed_temporal_recruitment|partial_mid,gamma_s_eff,1.25,zth,1.25,closed_low,partial_to_closed,True,0.874416704178302,-2.520239016130722,decrease
MFA_like_from_mfa_legacy,MFA_175nA.db::trial_6244,MFA|175|partial_mid|partial_mid|intermediate_or_mixed_temporal_recruitment|partial_mid,zth,0.75,zs,0.75,partial_mid,unchanged_partial,False,0.8746535020104481,-2.520002218298576,decrease
MFA_like_from_mfa_legacy,MFA_175nA.db::trial_6244,MFA|175|partial_mid|partial_mid|intermediate_or_mixed_temporal_recruitment|partial_mid,zth,0.75,zs,1.0,partial_mid,unchanged_partial,False,0.8745908980119396,-2.5200648222970847,decrease
MFA_like_from_mfa_legacy,MFA_175nA.db::trial_6244,MFA|175|partial_mid|partial_mid|intermediate_or_mixed_temporal_recruitment|partial_mid,zth,0.75,zs,1.25,partial_mid,unchanged_partial,False,0.8745210119072757,-2.5201347084017485,decrease
MFA_like_from_mfa_legacy,MFA_175nA.db::trial_6244,MFA|175|partial_mid|partial_mid|intermediate_or_mixed_temporal_recruitment|partial_mid,zth,1.0,zs,0.75,partial_mid,unchanged_partial,False,0.8745979192580312,-2.520057801050993,decrease
MFA_like_from_mfa_legacy,MFA_175nA.db::trial_6244,MFA|175|partial_mid|partial_mid|intermediate_or_mixed_temporal_recruitment|partial_mid,zth,1.0,zs,1.0,partial_mid,unchanged_partial,False,1.2138657359644398,-2.1807899843445844,decrease
MFA_like_from_mfa_legacy,MFA_175nA.db::trial_6244,MFA|175|partial_mid|partial_mid|intermediate_or_mixed_temporal_recruitment|partial_mid,zth,1.0,zs,1.25,closed_low,partial_to_closed,True,0.8740892332188781,-2.520566487090146,decrease
MFA_like_from_mfa_legacy,MFA_175nA.db::trial_6244,MFA|175|partial_mid|partial_mid|intermediate_or_mixed_temporal_recruitment|partial_mid,zth,1.25,zs,0.75,partial_mid,unchanged_partial,False,0.8745993977173233,-2.5200563225917008,decrease
MFA_like_from_mfa_legacy,MFA_175nA.db::trial_6244,MFA|175|partial_mid|partial_mid|intermediate_or_mixed_temporal_recruitment|partial_mid,zth,1.25,zs,1.0,closed_low,partial_to_closed,True,0.8740695878712532,-2.5205861324377707,decrease
MFA_like_from_mfa_legacy,MFA_175nA.db::trial_6244,MFA|175|partial_mid|partial_mid|intermediate_or_mixed_temporal_recruitment|partial_mid,zth,1.25,zs,1.25,closed_low,partial_to_closed,True,0.8737054830694038,-2.5209502372396204,decrease
MFA_BA_from_MFA_legacy,MFA_175nA.db::trial_6244,MFA|175|partial_mid|partial_mid|intermediate_or_mixed_temporal_recruitment|partial_mid,gki,0.75,P_gap_eff,0.75,partial_mid,unchanged_partial,False,0.9903085861333877,-2.4043471341756364,decrease
MFA_BA_from_MFA_legacy,MFA_175nA.db::trial_6244,MFA|175|partial_mid|partial_mid|intermediate_or_mixed_temporal_recruitment|partial_mid,gki,0.75,P_gap_eff,1.0,partial_mid,unchanged_partial,False,0.9331684795427103,-2.461487240766314,decrease
MFA_BA_from_MFA_legacy,MFA_175nA.db::trial_6244,MFA|175|partial_mid|partial_mid|intermediate_or_mixed_temporal_recruitment|partial_mid,gki,0.75,P_gap_eff,1.25,partial_mid,unchanged_partial,False,1.3102724277993032,-2.084383292509721,decrease
MFA_BA_from_MFA_legacy,MFA_175nA.db::trial_6244,MFA|175|partial_mid|partial_mid|intermediate_or_mixed_temporal_recruitment|partial_mid,gki,1.0,P_gap_eff,0.75,partial_mid,unchanged_partial,False,0.9168149952614207,-2.4778407250476033,decrease
MFA_BA_from_MFA_legacy,MFA_175nA.db::trial_6244,MFA|175|partial_mid|partial_mid|intermediate_or_mixed_temporal_recruitment|partial_mid,gki,1.0,P_gap_eff,1.0,partial_mid,unchanged_partial,False,1.2138657359644398,-2.1807899843445844,decrease
MFA_BA_from_MFA_legacy,MFA_175nA.db::trial_6244,MFA|175|partial_mid|partial_mid|intermediate_or_mixed_temporal_recruitment|partial_mid,gki,1.0,P_gap_eff,1.25,partial_mid,unchanged_partial,False,1.333495177569108,-2.0611605427399162,decrease
MFA_BA_from_MFA_legacy,MFA_175nA.db::trial_6244,MFA|175|partial_mid|partial_mid|intermediate_or_mixed_temporal_recruitment|partial_mid,gki,1.25,P_gap_eff,0.75,partial_mid,unchanged_partial,False,1.1158349441175344,-2.27882077619149,decrease
MFA_BA_from_MFA_legacy,MFA_175nA.db::trial_6244,MFA|175|partial_mid|partial_mid|intermediate_or_mixed_temporal_recruitment|partial_mid,gki,1.25,P_gap_eff,1.0,partial_mid,unchanged_partial,False,1.2286322295979981,-2.166023490711026,decrease
MFA_BA_from_MFA_legacy,MFA_175nA.db::trial_6244,MFA|175|partial_mid|partial_mid|intermediate_or_mixed_temporal_recruitment|partial_mid,gki,1.25,P_gap_eff,1.25,partial_mid,unchanged_partial,False,1.3298738133301478,-2.0647819069788764,decrease
MFA_like_from_mfa_legacy,MFA_175nA.db::trial_19361,MFA|175|closed_low|closed_low|fully_closed_at_sim_end|closed_low,P_gap_eff,0.75,gamma_s_eff,0.75,closed_low,unchanged_closed,False,1.0327108983147695,-0.6723063060508583,decrease
MFA_like_from_mfa_legacy,MFA_175nA.db::trial_19361,MFA|175|closed_low|closed_low|fully_closed_at_sim_end|closed_low,P_gap_eff,0.75,gamma_s_eff,1.0,closed_low,unchanged_closed,False,1.0327108983147695,-0.6723063060508583,decrease
MFA_like_from_mfa_legacy,MFA_175nA.db::trial_19361,MFA|175|closed_low|closed_low|fully_closed_at_sim_end|closed_low,P_gap_eff,0.75,gamma_s_eff,1.25,closed_low,unchanged_closed,False,1.0327108983147695,-0.6723063060508583,decrease
MFA_like_from_mfa_legacy,MFA_175nA.db::trial_19361,MFA|175|closed_low|closed_low|fully_closed_at_sim_end|closed_low,P_gap_eff,1.0,gamma_s_eff,0.75,closed_low,unchanged_closed,False,1.0291643247130953,-0.6758528796525325,decrease
MFA_like_from_mfa_legacy,MFA_175nA.db::trial_19361,MFA|175|closed_low|closed_low|fully_closed_at_sim_end|closed_low,P_gap_eff,1.0,gamma_s_eff,1.0,closed_low,unchanged_closed,False,1.0291643247130953,-0.6758528796525325,decrease
MFA_like_from_mfa_legacy,MFA_175nA.db::trial_19361,MFA|175|closed_low|closed_low|fully_closed_at_sim_end|closed_low,P_gap_eff,1.0,gamma_s_eff,1.25,closed_low,unchanged_closed,False,1.0291643247130953,-0.6758528796525325,decrease
MFA_like_from_mfa_legacy,MFA_175nA.db::trial_19361,MFA|175|closed_low|closed_low|fully_closed_at_sim_end|closed_low,P_gap_eff,1.25,gamma_s_eff,0.75,closed_low,unchanged_closed,False,1.0215839245656633,-0.6834332797999645,decrease
MFA_like_from_mfa_legacy,MFA_175nA.db::trial_19361,MFA|175|closed_low|closed_low|fully_closed_at_sim_end|closed_low,P_gap_eff,1.25,gamma_s_eff,1.0,closed_low,unchanged_closed,False,1.0215839245656633,-0.6834332797999645,decrease
MFA_like_from_mfa_legacy,MFA_175nA.db::trial_19361,MFA|175|closed_low|closed_low|fully_closed_at_sim_end|closed_low,P_gap_eff,1.25,gamma_s_eff,1.25,closed_low,unchanged_closed,False,1.0215839245656633,-0.6834332797999645,decrease
MFA_like_from_mfa_legacy,MFA_175nA.db::trial_19361,MFA|175|closed_low|closed_low|fully_closed_at_sim_end|closed_low,P_gap_eff,0.75,zth,0.75,closed_low,unchanged_closed,False,1.0327108285470286,-0.6723063758185992,decrease
MFA_like_from_mfa_legacy,MFA_175nA.db::trial_19361,MFA|175|closed_low|closed_low|fully_closed_at_sim_end|closed_low,P_gap_eff,0.75,zth,1.0,closed_low,unchanged_closed,False,1.0327108983147695,-0.6723063060508583,decrease
MFA_like_from_mfa_legacy,MFA_175nA.db::trial_19361,MFA|175|closed_low|closed_low|fully_closed_at_sim_end|closed_low,P_gap_eff,0.75,zth,1.25,closed_low,unchanged_closed,False,1.0327108983147695,-0.6723063060508583,decrease
MFA_like_from_mfa_legacy,MFA_175nA.db::trial_19361,MFA|175|closed_low|closed_low|fully_closed_at_sim_end|closed_low,P_gap_eff,1.0,zth,0.75,closed_low,unchanged_closed,False,1.0291648820421566,-0.6758523223234711,decrease
MFA_like_from_mfa_legacy,MFA_175nA.db::trial_19361,MFA|175|closed_low|closed_low|fully_closed_at_sim_end|closed_low,P_gap_eff,1.0,zth,1.0,closed_low,unchanged_closed,False,1.0291643247130953,-0.6758528796525325,decrease
MFA_like_from_mfa_legacy,MFA_175nA.db::trial_19361,MFA|175|closed_low|closed_low|fully_closed_at_sim_end|closed_low,P_gap_eff,1.0,zth,1.25,closed_low,unchanged_closed,False,1.0291643247130953,-0.6758528796525325,decrease
MFA_like_from_mfa_legacy,MFA_175nA.db::trial_19361,MFA|175|closed_low|closed_low|fully_closed_at_sim_end|closed_low,P_gap_eff,1.25,zth,0.75,closed_low,unchanged_closed,False,1.0215838486487385,-0.6834333557168892,decrease
MFA_like_from_mfa_legacy,MFA_175nA.db::trial_19361,MFA|175|closed_low|closed_low|fully_closed_at_sim_end|closed_low,P_gap_eff,1.25,zth,1.0,closed_low,unchanged_closed,False,1.0215839245656633,-0.6834332797999645,decrease
MFA_like_from_mfa_legacy,MFA_175nA.db::trial_19361,MFA|175|closed_low|closed_low|fully_closed_at_sim_end|closed_low,P_gap_eff,1.25,zth,1.25,closed_low,unchanged_closed,False,1.0215839245656633,-0.6834332797999645,decrease
MFA_like_from_mfa_legacy,MFA_175nA.db::trial_19361,MFA|175|closed_low|closed_low|fully_closed_at_sim_end|closed_low,gamma_s_eff,0.75,zth,0.75,closed_low,unchanged_closed,False,1.029164432321962,-0.6758527720436658,decrease
MFA_like_from_mfa_legacy,MFA_175nA.db::trial_19361,MFA|175|closed_low|closed_low|fully_closed_at_sim_end|closed_low,gamma_s_eff,0.75,zth,1.0,closed_low,unchanged_closed,False,1.0291643247130953,-0.6758528796525325,decrease
MFA_like_from_mfa_legacy,MFA_175nA.db::trial_19361,MFA|175|closed_low|closed_low|fully_closed_at_sim_end|closed_low,gamma_s_eff,0.75,zth,1.25,closed_low,unchanged_closed,False,1.0291643247130953,-0.6758528796525325,decrease
MFA_like_from_mfa_legacy,MFA_175nA.db::trial_19361,MFA|175|closed_low|closed_low|fully_closed_at_sim_end|closed_low,gamma_s_eff,1.0,zth,0.75,closed_low,unchanged_closed,False,1.0291648820421566,-0.6758523223234711,decrease
MFA_like_from_mfa_legacy,MFA_175nA.db::trial_19361,MFA|175|closed_low|closed_low|fully_closed_at_sim_end|closed_low,gamma_s_eff,1.0,zth,1.0,closed_low,unchanged_closed,False,1.0291643247130953,-0.6758528796525325,decrease
MFA_like_from_mfa_legacy,MFA_175nA.db::trial_19361,MFA|175|closed_low|closed_low|fully_closed_at_sim_end|closed_low,gamma_s_eff,1.0,zth,1.25,closed_low,unchanged_closed,False,1.0291643247130953,-0.6758528796525325,decrease
MFA_like_from_mfa_legacy,MFA_175nA.db::trial_19361,MFA|175|closed_low|closed_low|fully_closed_at_sim_end|closed_low,gamma_s_eff,1.25,zth,0.75,closed_low,unchanged_closed,False,1.0291639839696254,-0.6758532203960024,decrease
MFA_like_from_mfa_legacy,MFA_175nA.db::trial_19361,MFA|175|closed_low|closed_low|fully_closed_at_sim_end|closed_low,gamma_s_eff,1.25,zth,1.0,closed_low,unchanged_closed,False,1.0291643247130953,-0.6758528796525325,decrease
MFA_like_from_mfa_legacy,MFA_175nA.db::trial_19361,MFA|175|closed_low|closed_low|fully_closed_at_sim_end|closed_low,gamma_s_eff,1.25,zth,1.25,closed_low,unchanged_closed,False,1.0291643247130953,-0.6758528796525325,decrease
MFA_like_from_mfa_legacy,MFA_175nA.db::trial_19361,MFA|175|closed_low|closed_low|fully_closed_at_sim_end|closed_low,zth,0.75,zs,0.75,closed_low,unchanged_closed,False,1.0291644831783908,-0.6758527211872369,decrease
MFA_like_from_mfa_legacy,MFA_175nA.db::trial_19361,MFA|175|closed_low|closed_low|fully_closed_at_sim_end|closed_low,zth,0.75,zs,1.0,closed_low,unchanged_closed,False,1.0291648820421566,-0.6758523223234711,decrease
MFA_like_from_mfa_legacy,MFA_175nA.db::trial_19361,MFA|175|closed_low|closed_low|fully_closed_at_sim_end|closed_low,zth,0.75,zs,1.25,closed_low,unchanged_closed,False,1.0291643247130953,-0.6758528796525325,decrease
MFA_like_from_mfa_legacy,MFA_175nA.db::trial_19361,MFA|175|closed_low|closed_low|fully_closed_at_sim_end|closed_low,zth,1.0,zs,0.75,closed_low,unchanged_closed,False,1.0291648092147907,-0.6758523951508371,decrease
MFA_like_from_mfa_legacy,MFA_175nA.db::trial_19361,MFA|175|closed_low|closed_low|fully_closed_at_sim_end|closed_low,zth,1.0,zs,1.0,closed_low,unchanged_closed,False,1.0291643247130953,-0.6758528796525325,decrease
MFA_like_from_mfa_legacy,MFA_175nA.db::trial_19361,MFA|175|closed_low|closed_low|fully_closed_at_sim_end|closed_low,zth,1.0,zs,1.25,closed_low,unchanged_closed,False,1.0291643247130953,-0.6758528796525325,decrease
MFA_like_from_mfa_legacy,MFA_175nA.db::trial_19361,MFA|175|closed_low|closed_low|fully_closed_at_sim_end|closed_low,zth,1.25,zs,0.75,closed_low,unchanged_closed,False,1.0291643247130953,-0.6758528796525325,decrease
MFA_like_from_mfa_legacy,MFA_175nA.db::trial_19361,MFA|175|closed_low|closed_low|fully_closed_at_sim_end|closed_low,zth,1.25,zs,1.0,closed_low,unchanged_closed,False,1.0291643247130953,-0.6758528796525325,decrease
MFA_like_from_mfa_legacy,MFA_175nA.db::trial_19361,MFA|175|closed_low|closed_low|fully_closed_at_sim_end|closed_low,zth,1.25,zs,1.25,closed_low,unchanged_closed,False,1.0291643247130953,-0.6758528796525325,decrease
MFA_BA_from_MFA_legacy,MFA_175nA.db::trial_19361,MFA|175|closed_low|closed_low|fully_closed_at_sim_end|closed_low,gki,0.75,P_gap_eff,0.75,closed_low,unchanged_closed,False,1.0335580633404973,-0.6714591410251305,decrease
MFA_BA_from_MFA_legacy,MFA_175nA.db::trial_19361,MFA|175|closed_low|closed_low|fully_closed_at_sim_end|closed_low,gki,0.75,P_gap_eff,1.0,closed_low,unchanged_closed,False,1.0308053341183558,-0.6742118702472719,decrease
MFA_BA_from_MFA_legacy,MFA_175nA.db::trial_19361,MFA|175|closed_low|closed_low|fully_closed_at_sim_end|closed_low,gki,0.75,P_gap_eff,1.25,closed_low,unchanged_closed,False,1.0243885306946499,-0.6806286736709779,decrease
MFA_BA_from_MFA_legacy,MFA_175nA.db::trial_19361,MFA|175|closed_low|closed_low|fully_closed_at_sim_end|closed_low,gki,1.0,P_gap_eff,0.75,closed_low,unchanged_closed,False,1.0327108983147695,-0.6723063060508583,decrease
MFA_BA_from_MFA_legacy,MFA_175nA.db::trial_19361,MFA|175|closed_low|closed_low|fully_closed_at_sim_end|closed_low,gki,1.0,P_gap_eff,1.0,closed_low,unchanged_closed,False,1.0291643247130953,-0.6758528796525325,decrease
MFA_BA_from_MFA_legacy,MFA_175nA.db::trial_19361,MFA|175|closed_low|closed_low|fully_closed_at_sim_end|closed_low,gki,1.0,P_gap_eff,1.25,closed_low,unchanged_closed,False,1.0215839245656633,-0.6834332797999645,decrease
MFA_BA_from_MFA_legacy,MFA_175nA.db::trial_19361,MFA|175|closed_low|closed_low|fully_closed_at_sim_end|closed_low,gki,1.25,P_gap_eff,0.75,closed_low,unchanged_closed,False,1.0321642740387527,-0.6728529303268751,decrease
MFA_BA_from_MFA_legacy,MFA_175nA.db::trial_19361,MFA|175|closed_low|closed_low|fully_closed_at_sim_end|closed_low,gki,1.25,P_gap_eff,1.0,closed_low,unchanged_closed,False,1.0280892691701669,-0.6769279351954609,decrease
MFA_BA_from_MFA_legacy,MFA_175nA.db::trial_19361,MFA|175|closed_low|closed_low|fully_closed_at_sim_end|closed_low,gki,1.25,P_gap_eff,1.25,closed_low,unchanged_closed,False,1.0197272045489774,-0.6852899998166504,decrease
MFA_like_from_mfa_legacy,MFA_175nA.db::trial_19101,MFA|175|closed_low|closed_low|fully_closed_at_sim_end|closed_low,P_gap_eff,0.75,gamma_s_eff,0.75,closed_low,unchanged_closed,False,1.00963719941775,-0.9830069195961777,decrease
MFA_like_from_mfa_legacy,MFA_175nA.db::trial_19101,MFA|175|closed_low|closed_low|fully_closed_at_sim_end|closed_low,P_gap_eff,0.75,gamma_s_eff,1.0,closed_low,unchanged_closed,False,1.0096588643789808,-0.9829852546349469,decrease
MFA_like_from_mfa_legacy,MFA_175nA.db::trial_19101,MFA|175|closed_low|closed_low|fully_closed_at_sim_end|closed_low,P_gap_eff,0.75,gamma_s_eff,1.25,closed_low,unchanged_closed,False,1.009680735507739,-0.9829633835061886,decrease
MFA_like_from_mfa_legacy,MFA_175nA.db::trial_19101,MFA|175|closed_low|closed_low|fully_closed_at_sim_end|closed_low,P_gap_eff,1.0,gamma_s_eff,0.75,closed_low,unchanged_closed,False,0.991174144399347,-1.0014699746145808,decrease
MFA_like_from_mfa_legacy,MFA_175nA.db::trial_19101,MFA|175|closed_low|closed_low|fully_closed_at_sim_end|closed_low,P_gap_eff,1.0,gamma_s_eff,1.0,closed_low,unchanged_closed,False,0.9912543450164387,-1.0013897739974889,decrease
MFA_like_from_mfa_legacy,MFA_175nA.db::trial_19101,MFA|175|closed_low|closed_low|fully_closed_at_sim_end|closed_low,P_gap_eff,1.0,gamma_s_eff,1.25,closed_low,unchanged_closed,False,0.9913345669552507,-1.001309552058677,decrease
MFA_like_from_mfa_legacy,MFA_175nA.db::trial_19101,MFA|175|closed_low|closed_low|fully_closed_at_sim_end|closed_low,P_gap_eff,1.25,gamma_s_eff,0.75,closed_low,unchanged_closed,False,0.9710870539257795,-1.0215570650881483,decrease
MFA_like_from_mfa_legacy,MFA_175nA.db::trial_19101,MFA|175|closed_low|closed_low|fully_closed_at_sim_end|closed_low,P_gap_eff,1.25,gamma_s_eff,1.0,closed_low,unchanged_closed,False,0.9713063576343002,-1.0213377613796275,decrease
MFA_like_from_mfa_legacy,MFA_175nA.db::trial_19101,MFA|175|closed_low|closed_low|fully_closed_at_sim_end|closed_low,P_gap_eff,1.25,gamma_s_eff,1.25,closed_low,unchanged_closed,False,0.9715247960218893,-1.0211193229920383,decrease
MFA_like_from_mfa_legacy,MFA_175nA.db::trial_19101,MFA|175|closed_low|closed_low|fully_closed_at_sim_end|closed_low,P_gap_eff,0.75,zth,0.75,closed_low,unchanged_closed,False,1.0109905805674342,-0.9816535384464935,decrease
MFA_like_from_mfa_legacy,MFA_175nA.db::trial_19101,MFA|175|closed_low|closed_low|fully_closed_at_sim_end|closed_low,P_gap_eff,0.75,zth,1.0,closed_low,unchanged_closed,False,1.0096588643789808,-0.9829852546349469,decrease
MFA_like_from_mfa_legacy,MFA_175nA.db::trial_19101,MFA|175|closed_low|closed_low|fully_closed_at_sim_end|closed_low,P_gap_eff,0.75,zth,1.25,closed_low,unchanged_closed,False,1.0095764639429101,-0.9830676550710176,decrease
MFA_like_from_mfa_legacy,MFA_175nA.db::trial_19101,MFA|175|closed_low|closed_low|fully_closed_at_sim_end|closed_low,P_gap_eff,1.0,zth,0.75,closed_low,unchanged_closed,False,0.9958023013812652,-0.9968418176326624,decrease
MFA_like_from_mfa_legacy,MFA_175nA.db::trial_19101,MFA|175|closed_low|closed_low|fully_closed_at_sim_end|closed_low,P_gap_eff,1.0,zth,1.0,closed_low,unchanged_closed,False,0.9912543450164387,-1.0013897739974889,decrease
MFA_like_from_mfa_legacy,MFA_175nA.db::trial_19101,MFA|175|closed_low|closed_low|fully_closed_at_sim_end|closed_low,P_gap_eff,1.0,zth,1.25,closed_low,unchanged_closed,False,0.9909503155522524,-1.0016938034616754,decrease
MFA_like_from_mfa_legacy,MFA_175nA.db::trial_19101,MFA|175|closed_low|closed_low|fully_closed_at_sim_end|closed_low,P_gap_eff,1.25,zth,0.75,closed_low,unchanged_closed,False,0.9819012086114371,-1.0107429104024905,decrease
MFA_like_from_mfa_legacy,MFA_175nA.db::trial_19101,MFA|175|closed_low|closed_low|fully_closed_at_sim_end|closed_low,P_gap_eff,1.25,zth,1.0,closed_low,unchanged_closed,False,0.9713063576343002,-1.0213377613796275,decrease
MFA_like_from_mfa_legacy,MFA_175nA.db::trial_19101,MFA|175|closed_low|closed_low|fully_closed_at_sim_end|closed_low,P_gap_eff,1.25,zth,1.25,closed_low,unchanged_closed,False,0.9704744615151057,-1.022169657498822,decrease
MFA_like_from_mfa_legacy,MFA_175nA.db::trial_19101,MFA|175|closed_low|closed_low|fully_closed_at_sim_end|closed_low,gamma_s_eff,0.75,zth,0.75,closed_low,unchanged_closed,False,0.9947311695279568,-0.9979129494859709,decrease
MFA_like_from_mfa_legacy,MFA_175nA.db::trial_19101,MFA|175|closed_low|closed_low|fully_closed_at_sim_end|closed_low,gamma_s_eff,0.75,zth,1.0,closed_low,unchanged_closed,False,0.991174144399347,-1.0014699746145808,decrease
MFA_like_from_mfa_legacy,MFA_175nA.db::trial_19101,MFA|175|closed_low|closed_low|fully_closed_at_sim_end|closed_low,gamma_s_eff,0.75,zth,1.25,closed_low,unchanged_closed,False,0.9909456792750757,-1.001698439738852,decrease
MFA_like_from_mfa_legacy,MFA_175nA.db::trial_19101,MFA|175|closed_low|closed_low|fully_closed_at_sim_end|closed_low,gamma_s_eff,1.0,zth,0.75,closed_low,unchanged_closed,False,0.9958023013812652,-0.9968418176326624,decrease
MFA_like_from_mfa_legacy,MFA_175nA.db::trial_19101,MFA|175|closed_low|closed_low|fully_closed_at_sim_end|closed_low,gamma_s_eff,1.0,zth,1.0,closed_low,unchanged_closed,False,0.9912543450164387,-1.0013897739974889,decrease
MFA_like_from_mfa_legacy,MFA_175nA.db::trial_19101,MFA|175|closed_low|closed_low|fully_closed_at_sim_end|closed_low,gamma_s_eff,1.0,zth,1.25,closed_low,unchanged_closed,False,0.9909503155522524,-1.0016938034616754,decrease
MFA_like_from_mfa_legacy,MFA_175nA.db::trial_19101,MFA|175|closed_low|closed_low|fully_closed_at_sim_end|closed_low,gamma_s_eff,1.25,zth,0.75,closed_low,unchanged_closed,False,0.9967795607372736,-0.9958645582766541,decrease
MFA_like_from_mfa_legacy,MFA_175nA.db::trial_19101,MFA|175|closed_low|closed_low|fully_closed_at_sim_end|closed_low,gamma_s_eff,1.25,zth,1.0,closed_low,unchanged_closed,False,0.9913345669552507,-1.001309552058677,decrease
MFA_like_from_mfa_legacy,MFA_175nA.db::trial_19101,MFA|175|closed_low|closed_low|fully_closed_at_sim_end|closed_low,gamma_s_eff,1.25,zth,1.25,closed_low,unchanged_closed,False,0.9909549507525566,-1.001689168261371,decrease
MFA_like_from_mfa_legacy,MFA_175nA.db::trial_19101,MFA|175|closed_low|closed_low|fully_closed_at_sim_end|closed_low,zth,0.75,zs,0.75,closed_low,unchanged_closed,False,1.0031246274381609,-0.9895194915757668,decrease
MFA_like_from_mfa_legacy,MFA_175nA.db::trial_19101,MFA|175|closed_low|closed_low|fully_closed_at_sim_end|closed_low,zth,0.75,zs,1.0,closed_low,unchanged_closed,False,0.9958023013812652,-0.9968418176326624,decrease
MFA_like_from_mfa_legacy,MFA_175nA.db::trial_19101,MFA|175|closed_low|closed_low|fully_closed_at_sim_end|closed_low,zth,0.75,zs,1.25,closed_low,unchanged_closed,False,0.991885164200395,-1.0007589548135327,decrease
MFA_like_from_mfa_legacy,MFA_175nA.db::trial_19101,MFA|175|closed_low|closed_low|fully_closed_at_sim_end|closed_low,zth,1.0,zs,0.75,closed_low,unchanged_closed,False,0.9944697577065801,-0.9981743613073476,decrease
MFA_like_from_mfa_legacy,MFA_175nA.db::trial_19101,MFA|175|closed_low|closed_low|fully_closed_at_sim_end|closed_low,zth,1.0,zs,1.0,closed_low,unchanged_closed,False,0.9912543450164387,-1.0013897739974889,decrease
MFA_like_from_mfa_legacy,MFA_175nA.db::trial_19101,MFA|175|closed_low|closed_low|fully_closed_at_sim_end|closed_low,zth,1.0,zs,1.25,closed_low,unchanged_closed,False,0.9909590357203736,-1.001685083293554,decrease
MFA_like_from_mfa_legacy,MFA_175nA.db::trial_19101,MFA|175|closed_low|closed_low|fully_closed_at_sim_end|closed_low,zth,1.25,zs,0.75,closed_low,unchanged_closed,False,0.9913851782484719,-1.0012589407654557,decrease
MFA_like_from_mfa_legacy,MFA_175nA.db::trial_19101,MFA|175|closed_low|closed_low|fully_closed_at_sim_end|closed_low,zth,1.25,zs,1.0,closed_low,unchanged_closed,False,0.9909503155522524,-1.0016938034616754,decrease
MFA_like_from_mfa_legacy,MFA_175nA.db::trial_19101,MFA|175|closed_low|closed_low|fully_closed_at_sim_end|closed_low,zth,1.25,zs,1.25,closed_low,unchanged_closed,False,0.9909323806675204,-1.0017117383464074,decrease
MFA_BA_from_MFA_legacy,MFA_175nA.db::trial_19101,MFA|175|closed_low|closed_low|fully_closed_at_sim_end|closed_low,gki,0.75,P_gap_eff,0.75,closed_low,unchanged_closed,False,1.013074223565086,-0.9795698954488417,decrease
MFA_BA_from_MFA_legacy,MFA_175nA.db::trial_19101,MFA|175|closed_low|closed_low|fully_closed_at_sim_end|closed_low,gki,0.75,P_gap_eff,1.0,closed_low,unchanged_closed,False,0.9963728537242861,-0.9962712652896416,decrease
MFA_BA_from_MFA_legacy,MFA_175nA.db::trial_19101,MFA|175|closed_low|closed_low|fully_closed_at_sim_end|closed_low,gki,0.75,P_gap_eff,1.25,closed_low,unchanged_closed,False,0.9785019168241882,-1.0141422021897395,decrease
MFA_BA_from_MFA_legacy,MFA_175nA.db::trial_19101,MFA|175|closed_low|closed_low|fully_closed_at_sim_end|closed_low,gki,1.0,P_gap_eff,0.75,closed_low,unchanged_closed,False,1.0096588643789808,-0.9829852546349469,decrease
MFA_BA_from_MFA_legacy,MFA_175nA.db::trial_19101,MFA|175|closed_low|closed_low|fully_closed_at_sim_end|closed_low,gki,1.0,P_gap_eff,1.0,closed_low,unchanged_closed,False,0.9912543450164387,-1.0013897739974889,decrease
MFA_BA_from_MFA_legacy,MFA_175nA.db::trial_19101,MFA|175|closed_low|closed_low|fully_closed_at_sim_end|closed_low,gki,1.0,P_gap_eff,1.25,closed_low,unchanged_closed,False,0.9713063576343002,-1.0213377613796275,decrease
MFA_BA_from_MFA_legacy,MFA_175nA.db::trial_19101,MFA|175|closed_low|closed_low|fully_closed_at_sim_end|closed_low,gki,1.25,P_gap_eff,0.75,closed_low,unchanged_closed,False,1.0074785646925464,-0.9851655543213813,decrease
MFA_BA_from_MFA_legacy,MFA_175nA.db::trial_19101,MFA|175|closed_low|closed_low|fully_closed_at_sim_end|closed_low,gki,1.25,P_gap_eff,1.0,closed_low,unchanged_closed,False,0.9879386889657933,-1.0047054300481344,decrease
MFA_BA_from_MFA_legacy,MFA_175nA.db::trial_19101,MFA|175|closed_low|closed_low|fully_closed_at_sim_end|closed_low,gki,1.25,P_gap_eff,1.25,closed_low,unchanged_closed,False,0.9665823564016662,-1.0260617626122615,decrease
MFA_like_from_mfa_legacy,MFA_175nA.db::trial_11922,MFA|175|open_high|open_high|early_sustained_open_recruitment|open_high,P_gap_eff,0.75,gamma_s_eff,0.75,closed_low,open_to_closed,True,1.0076685688272935,-0.5605946870796006,decrease
MFA_like_from_mfa_legacy,MFA_175nA.db::trial_11922,MFA|175|open_high|open_high|early_sustained_open_recruitment|open_high,P_gap_eff,0.75,gamma_s_eff,1.0,closed_low,open_to_closed,True,0.3386109878433947,-1.2296522680634994,decrease
MFA_like_from_mfa_legacy,MFA_175nA.db::trial_11922,MFA|175|open_high|open_high|early_sustained_open_recruitment|open_high,P_gap_eff,0.75,gamma_s_eff,1.25,closed_low,open_to_closed,True,0.3387283520848284,-1.2295349038220658,decrease
MFA_like_from_mfa_legacy,MFA_175nA.db::trial_11922,MFA|175|open_high|open_high|early_sustained_open_recruitment|open_high,P_gap_eff,1.0,gamma_s_eff,0.75,closed_low,open_to_closed,True,0.23196181729660342,-1.3363014386102907,decrease
MFA_like_from_mfa_legacy,MFA_175nA.db::trial_11922,MFA|175|open_high|open_high|early_sustained_open_recruitment|open_high,P_gap_eff,1.0,gamma_s_eff,1.0,closed_low,open_to_closed,True,0.2320188521632999,-1.336244403743594,decrease
MFA_like_from_mfa_legacy,MFA_175nA.db::trial_11922,MFA|175|open_high|open_high|early_sustained_open_recruitment|open_high,P_gap_eff,1.0,gamma_s_eff,1.25,closed_low,open_to_closed,True,0.23207615928389574,-1.3361870966229983,decrease
MFA_like_from_mfa_legacy,MFA_175nA.db::trial_11922,MFA|175|open_high|open_high|early_sustained_open_recruitment|open_high,P_gap_eff,1.25,gamma_s_eff,0.75,closed_low,open_to_closed,True,0.20553072093868088,-1.3627325349682131,decrease
MFA_like_from_mfa_legacy,MFA_175nA.db::trial_11922,MFA|175|open_high|open_high|early_sustained_open_recruitment|open_high,P_gap_eff,1.25,gamma_s_eff,1.0,closed_low,open_to_closed,True,0.20554826437324797,-1.362714991533646,decrease
MFA_like_from_mfa_legacy,MFA_175nA.db::trial_11922,MFA|175|open_high|open_high|early_sustained_open_recruitment|open_high,P_gap_eff,1.25,gamma_s_eff,1.25,closed_low,open_to_closed,True,0.20556595372639755,-1.3626973021804965,decrease
MFA_like_from_mfa_legacy,MFA_175nA.db::trial_11922,MFA|175|open_high|open_high|early_sustained_open_recruitment|open_high,P_gap_eff,0.75,zth,0.75,closed_low,open_to_closed,True,0.20108670414630941,-1.3671765517605847,decrease
MFA_like_from_mfa_legacy,MFA_175nA.db::trial_11922,MFA|175|open_high|open_high|early_sustained_open_recruitment|open_high,P_gap_eff,0.75,zth,1.0,closed_low,open_to_closed,True,0.3386109878433947,-1.2296522680634994,decrease
MFA_like_from_mfa_legacy,MFA_175nA.db::trial_11922,MFA|175|open_high|open_high|early_sustained_open_recruitment|open_high,P_gap_eff,0.75,zth,1.25,closed_low,open_to_closed,True,0.3386106849024502,-1.229652571004444,decrease
MFA_like_from_mfa_legacy,MFA_175nA.db::trial_11922,MFA|175|open_high|open_high|early_sustained_open_recruitment|open_high,P_gap_eff,1.0,zth,0.75,closed_low,open_to_closed,True,0.24238669895787038,-1.3258765569490236,decrease
MFA_like_from_mfa_legacy,MFA_175nA.db::trial_11922,MFA|175|open_high|open_high|early_sustained_open_recruitment|open_high,P_gap_eff,1.0,zth,1.0,closed_low,open_to_closed,True,0.2320188521632999,-1.336244403743594,decrease
MFA_like_from_mfa_legacy,MFA_175nA.db::trial_11922,MFA|175|open_high|open_high|early_sustained_open_recruitment|open_high,P_gap_eff,1.0,zth,1.25,closed_low,open_to_closed,True,0.2317963357721203,-1.3364669201347739,decrease
MFA_like_from_mfa_legacy,MFA_175nA.db::trial_11922,MFA|175|open_high|open_high|early_sustained_open_recruitment|open_high,P_gap_eff,1.25,zth,0.75,closed_low,open_to_closed,True,0.20962382711725014,-1.358639428789644,decrease
MFA_like_from_mfa_legacy,MFA_175nA.db::trial_11922,MFA|175|open_high|open_high|early_sustained_open_recruitment|open_high,P_gap_eff,1.25,zth,1.0,closed_low,open_to_closed,True,0.20554826437324797,-1.362714991533646,decrease
MFA_like_from_mfa_legacy,MFA_175nA.db::trial_11922,MFA|175|open_high|open_high|early_sustained_open_recruitment|open_high,P_gap_eff,1.25,zth,1.25,closed_low,open_to_closed,True,0.20548008662643177,-1.3627831692804624,decrease
MFA_like_from_mfa_legacy,MFA_175nA.db::trial_11922,MFA|175|open_high|open_high|early_sustained_open_recruitment|open_high,gamma_s_eff,0.75,zth,0.75,closed_low,open_to_closed,True,0.23948030691556385,-1.3287829489913303,decrease
MFA_like_from_mfa_legacy,MFA_175nA.db::trial_11922,MFA|175|open_high|open_high|early_sustained_open_recruitment|open_high,gamma_s_eff,0.75,zth,1.0,closed_low,open_to_closed,True,0.23196181729660342,-1.3363014386102907,decrease
MFA_like_from_mfa_legacy,MFA_175nA.db::trial_11922,MFA|175|open_high|open_high|early_sustained_open_recruitment|open_high,gamma_s_eff,0.75,zth,1.25,closed_low,open_to_closed,True,0.23179517907988373,-1.3364680768270103,decrease
MFA_like_from_mfa_legacy,MFA_175nA.db::trial_11922,MFA|175|open_high|open_high|early_sustained_open_recruitment|open_high,gamma_s_eff,1.0,zth,0.75,closed_low,open_to_closed,True,0.24238669895787038,-1.3258765569490236,decrease
MFA_like_from_mfa_legacy,MFA_175nA.db::trial_11922,MFA|175|open_high|open_high|early_sustained_open_recruitment|open_high,gamma_s_eff,1.0,zth,1.0,closed_low,open_to_closed,True,0.2320188521632999,-1.336244403743594,decrease
MFA_like_from_mfa_legacy,MFA_175nA.db::trial_11922,MFA|175|open_high|open_high|early_sustained_open_recruitment|open_high,gamma_s_eff,1.0,zth,1.25,closed_low,open_to_closed,True,0.2317963357721203,-1.3364669201347739,decrease
MFA_like_from_mfa_legacy,MFA_175nA.db::trial_11922,MFA|175|open_high|open_high|early_sustained_open_recruitment|open_high,gamma_s_eff,1.25,zth,0.75,closed_low,open_to_closed,True,0.24549232267385784,-1.3227709332330362,decrease
MFA_like_from_mfa_legacy,MFA_175nA.db::trial_11922,MFA|175|open_high|open_high|early_sustained_open_recruitment|open_high,gamma_s_eff,1.25,zth,1.0,closed_low,open_to_closed,True,0.23207615928389574,-1.3361870966229983,decrease
MFA_like_from_mfa_legacy,MFA_175nA.db::trial_11922,MFA|175|open_high|open_high|early_sustained_open_recruitment|open_high,gamma_s_eff,1.25,zth,1.25,closed_low,open_to_closed,True,0.2317976336624852,-1.336465622244409,decrease
MFA_like_from_mfa_legacy,MFA_175nA.db::trial_11922,MFA|175|open_high|open_high|early_sustained_open_recruitment|open_high,zth,0.75,zs,0.75,closed_low,open_to_closed,True,0.4082641523605984,-1.1599991035462958,decrease
MFA_like_from_mfa_legacy,MFA_175nA.db::trial_11922,MFA|175|open_high|open_high|early_sustained_open_recruitment|open_high,zth,0.75,zs,1.0,closed_low,open_to_closed,True,0.24238669895787038,-1.3258765569490236,decrease
MFA_like_from_mfa_legacy,MFA_175nA.db::trial_11922,MFA|175|open_high|open_high|early_sustained_open_recruitment|open_high,zth,0.75,zs,1.25,closed_low,open_to_closed,True,0.23304298243033994,-1.3352202734765541,decrease
MFA_like_from_mfa_legacy,MFA_175nA.db::trial_11922,MFA|175|open_high|open_high|early_sustained_open_recruitment|open_high,zth,1.0,zs,0.75,closed_low,open_to_closed,True,0.23627264823380412,-1.3319906076730899,decrease
MFA_like_from_mfa_legacy,MFA_175nA.db::trial_11922,MFA|175|open_high|open_high|early_sustained_open_recruitment|open_high,zth,1.0,zs,1.0,closed_low,open_to_closed,True,0.2320188521632999,-1.336244403743594,decrease
MFA_like_from_mfa_legacy,MFA_175nA.db::trial_11922,MFA|175|open_high|open_high|early_sustained_open_recruitment|open_high,zth,1.0,zs,1.25,closed_low,open_to_closed,True,0.2318026947098436,-1.3364605611970504,decrease
MFA_like_from_mfa_legacy,MFA_175nA.db::trial_11922,MFA|175|open_high|open_high|early_sustained_open_recruitment|open_high,zth,1.25,zs,0.75,closed_low,open_to_closed,True,0.2320548658870766,-1.3362083900198174,decrease
MFA_like_from_mfa_legacy,MFA_175nA.db::trial_11922,MFA|175|open_high|open_high|early_sustained_open_recruitment|open_high,zth,1.25,zs,1.0,closed_low,open_to_closed,True,0.2317963357721203,-1.3364669201347739,decrease
MFA_like_from_mfa_legacy,MFA_175nA.db::trial_11922,MFA|175|open_high|open_high|early_sustained_open_recruitment|open_high,zth,1.25,zs,1.25,closed_low,open_to_closed,True,0.2317911865068625,-1.3364720694000316,decrease
MFA_BA_from_MFA_legacy,MFA_175nA.db::trial_11922,MFA|175|open_high|open_high|early_sustained_open_recruitment|open_high,gki,0.75,P_gap_eff,0.75,closed_low,open_to_closed,True,0.34215709083853846,-1.2261061650683556,decrease
MFA_BA_from_MFA_legacy,MFA_175nA.db::trial_11922,MFA|175|open_high|open_high|early_sustained_open_recruitment|open_high,gki,0.75,P_gap_eff,1.0,closed_low,open_to_closed,True,0.23318772355063852,-1.3350755323562555,decrease
MFA_BA_from_MFA_legacy,MFA_175nA.db::trial_11922,MFA|175|open_high|open_high|early_sustained_open_recruitment|open_high,gki,0.75,P_gap_eff,1.25,closed_low,open_to_closed,True,0.20604731758180703,-1.3622159383250871,decrease
MFA_BA_from_MFA_legacy,MFA_175nA.db::trial_11922,MFA|175|open_high|open_high|early_sustained_open_recruitment|open_high,gki,1.0,P_gap_eff,0.75,closed_low,open_to_closed,True,0.3386109878433947,-1.2296522680634994,decrease
MFA_BA_from_MFA_legacy,MFA_175nA.db::trial_11922,MFA|175|open_high|open_high|early_sustained_open_recruitment|open_high,gki,1.0,P_gap_eff,1.0,closed_low,open_to_closed,True,0.2320188521632999,-1.336244403743594,decrease
MFA_BA_from_MFA_legacy,MFA_175nA.db::trial_11922,MFA|175|open_high|open_high|early_sustained_open_recruitment|open_high,gki,1.0,P_gap_eff,1.25,closed_low,open_to_closed,True,0.20554826437324797,-1.362714991533646,decrease
MFA_BA_from_MFA_legacy,MFA_175nA.db::trial_11922,MFA|175|open_high|open_high|early_sustained_open_recruitment|open_high,gki,1.25,P_gap_eff,0.75,closed_low,open_to_closed,True,0.20109560276403904,-1.3671676531428552,decrease
MFA_BA_from_MFA_legacy,MFA_175nA.db::trial_11922,MFA|175|open_high|open_high|early_sustained_open_recruitment|open_high,gki,1.25,P_gap_eff,1.0,closed_low,open_to_closed,True,0.23131005315628034,-1.3369532027506137,decrease
MFA_BA_from_MFA_legacy,MFA_175nA.db::trial_11922,MFA|175|open_high|open_high|early_sustained_open_recruitment|open_high,gki,1.25,P_gap_eff,1.25,closed_low,open_to_closed,True,0.20526048492062046,-1.3630027709862735,decrease
MFA_like_from_mfa_legacy,MFA_175nA.db::trial_18261,MFA|175|partial_mid|closed_low|delayed_ionic_recruitment_after_load|partial_mid,P_gap_eff,0.75,gamma_s_eff,0.75,closed_low,partial_to_closed,True,0.9594676909560399,-0.4100925913117156,decrease
MFA_like_from_mfa_legacy,MFA_175nA.db::trial_18261,MFA|175|partial_mid|closed_low|delayed_ionic_recruitment_after_load|partial_mid,P_gap_eff,0.75,gamma_s_eff,1.0,closed_low,partial_to_closed,True,0.9599774183645162,-0.4095828639032393,decrease
MFA_like_from_mfa_legacy,MFA_175nA.db::trial_18261,MFA|175|partial_mid|closed_low|delayed_ionic_recruitment_after_load|partial_mid,P_gap_eff,0.75,gamma_s_eff,1.25,closed_low,partial_to_closed,True,0.9604906848344491,-0.4090695974333064,decrease
MFA_like_from_mfa_legacy,MFA_175nA.db::trial_18261,MFA|175|partial_mid|closed_low|delayed_ionic_recruitment_after_load|partial_mid,P_gap_eff,1.0,gamma_s_eff,0.75,closed_low,partial_to_closed,True,0.8691600190445437,-0.5004002632232118,decrease
MFA_like_from_mfa_legacy,MFA_175nA.db::trial_18261,MFA|175|partial_mid|closed_low|delayed_ionic_recruitment_after_load|partial_mid,P_gap_eff,1.0,gamma_s_eff,1.0,closed_low,partial_to_closed,True,0.8720513477081324,-0.4975089345596231,decrease
MFA_like_from_mfa_legacy,MFA_175nA.db::trial_18261,MFA|175|partial_mid|closed_low|delayed_ionic_recruitment_after_load|partial_mid,P_gap_eff,1.0,gamma_s_eff,1.25,closed_low,partial_to_closed,True,0.8750468704353893,-0.4945134118323662,decrease
MFA_like_from_mfa_legacy,MFA_175nA.db::trial_18261,MFA|175|partial_mid|closed_low|delayed_ionic_recruitment_after_load|partial_mid,P_gap_eff,1.25,gamma_s_eff,0.75,closed_low,partial_to_closed,True,0.7972234814438843,-0.5723368008238712,decrease
MFA_like_from_mfa_legacy,MFA_175nA.db::trial_18261,MFA|175|partial_mid|closed_low|delayed_ionic_recruitment_after_load|partial_mid,P_gap_eff,1.25,gamma_s_eff,1.0,closed_low,partial_to_closed,True,0.8025605757909251,-0.5669997064768304,decrease
MFA_like_from_mfa_legacy,MFA_175nA.db::trial_18261,MFA|175|partial_mid|closed_low|delayed_ionic_recruitment_after_load|partial_mid,P_gap_eff,1.25,gamma_s_eff,1.25,closed_low,partial_to_closed,True,0.8083815807054062,-0.5611787015623493,decrease
MFA_like_from_mfa_legacy,MFA_175nA.db::trial_18261,MFA|175|partial_mid|closed_low|delayed_ionic_recruitment_after_load|partial_mid,P_gap_eff,0.75,zth,0.75,closed_low,partial_to_closed,True,1.0308392197066794,-0.33872106256107615,decrease
MFA_like_from_mfa_legacy,MFA_175nA.db::trial_18261,MFA|175|partial_mid|closed_low|delayed_ionic_recruitment_after_load|partial_mid,P_gap_eff,0.75,zth,1.0,closed_low,partial_to_closed,True,0.9599774621000227,-0.40958282016773284,decrease
MFA_like_from_mfa_legacy,MFA_175nA.db::trial_18261,MFA|175|partial_mid|closed_low|delayed_ionic_recruitment_after_load|partial_mid,P_gap_eff,0.75,zth,1.25,closed_low,partial_to_closed,True,0.9579658822783403,-0.41159439998941516,decrease
MFA_like_from_mfa_legacy,MFA_175nA.db::trial_18261,MFA|175|partial_mid|closed_low|delayed_ionic_recruitment_after_load|partial_mid,P_gap_eff,1.0,zth,0.75,partial_mid,delayed_opening_after_load,True,1.0461602831029513,-0.3233999991648042,decrease
MFA_like_from_mfa_legacy,MFA_175nA.db::trial_18261,MFA|175|partial_mid|closed_low|delayed_ionic_recruitment_after_load|partial_mid,P_gap_eff,1.0,zth,1.0,closed_low,partial_to_closed,True,0.8720513449969484,-0.49750893727080714,decrease
MFA_like_from_mfa_legacy,MFA_175nA.db::trial_18261,MFA|175|partial_mid|closed_low|delayed_ionic_recruitment_after_load|partial_mid,P_gap_eff,1.0,zth,1.25,closed_low,partial_to_closed,True,0.8611564512023427,-0.5084038310654128,decrease
MFA_like_from_mfa_legacy,MFA_175nA.db::trial_18261,MFA|175|partial_mid|closed_low|delayed_ionic_recruitment_after_load|partial_mid,P_gap_eff,1.25,zth,0.75,partial_mid,unchanged_partial,False,1.0504701980810383,-0.31909008418671725,decrease
MFA_like_from_mfa_legacy,MFA_175nA.db::trial_18261,MFA|175|partial_mid|closed_low|delayed_ionic_recruitment_after_load|partial_mid,P_gap_eff,1.25,zth,1.0,closed_low,partial_to_closed,True,0.8025610706824263,-0.5669992115853292,decrease
MFA_like_from_mfa_legacy,MFA_175nA.db::trial_18261,MFA|175|partial_mid|closed_low|delayed_ionic_recruitment_after_load|partial_mid,P_gap_eff,1.25,zth,1.25,closed_low,partial_to_closed,True,0.7689936665487584,-0.600566615718997,decrease
MFA_like_from_mfa_legacy,MFA_175nA.db::trial_18261,MFA|175|partial_mid|closed_low|delayed_ionic_recruitment_after_load|partial_mid,gamma_s_eff,0.75,zth,0.75,partial_mid,delayed_opening_after_load,True,1.0220656899652503,-0.34749459230250523,decrease
MFA_like_from_mfa_legacy,MFA_175nA.db::trial_18261,MFA|175|partial_mid|closed_low|delayed_ionic_recruitment_after_load|partial_mid,gamma_s_eff,0.75,zth,1.0,closed_low,partial_to_closed,True,0.8691600190445437,-0.5004002632232118,decrease
MFA_like_from_mfa_legacy,MFA_175nA.db::trial_18261,MFA|175|partial_mid|closed_low|delayed_ionic_recruitment_after_load|partial_mid,gamma_s_eff,0.75,zth,1.25,closed_low,partial_to_closed,True,0.8611352471295464,-0.5084250351382091,decrease
MFA_like_from_mfa_legacy,MFA_175nA.db::trial_18261,MFA|175|partial_mid|closed_low|delayed_ionic_recruitment_after_load|partial_mid,gamma_s_eff,1.0,zth,0.75,partial_mid,delayed_opening_after_load,True,1.0461604506328102,-0.32339983163494535,decrease
MFA_like_from_mfa_legacy,MFA_175nA.db::trial_18261,MFA|175|partial_mid|closed_low|delayed_ionic_recruitment_after_load|partial_mid,gamma_s_eff,1.0,zth,1.0,closed_low,partial_to_closed,True,0.8720513477081324,-0.4975089345596231,decrease
MFA_like_from_mfa_legacy,MFA_175nA.db::trial_18261,MFA|175|partial_mid|closed_low|delayed_ionic_recruitment_after_load|partial_mid,gamma_s_eff,1.0,zth,1.25,closed_low,partial_to_closed,True,0.8611566761790754,-0.5084036060886801,decrease
MFA_like_from_mfa_legacy,MFA_175nA.db::trial_18261,MFA|175|partial_mid|closed_low|delayed_ionic_recruitment_after_load|partial_mid,gamma_s_eff,1.25,zth,0.75,partial_mid,delayed_opening_after_load,True,1.060236769679393,-0.30932351258836244,decrease
MFA_like_from_mfa_legacy,MFA_175nA.db::trial_18261,MFA|175|partial_mid|closed_low|delayed_ionic_recruitment_after_load|partial_mid,gamma_s_eff,1.25,zth,1.0,closed_low,partial_to_closed,True,0.8750468704353893,-0.4945134118323662,decrease
MFA_like_from_mfa_legacy,MFA_175nA.db::trial_18261,MFA|175|partial_mid|closed_low|delayed_ionic_recruitment_after_load|partial_mid,gamma_s_eff,1.25,zth,1.25,closed_low,partial_to_closed,True,0.8611778942789782,-0.5083823879887773,decrease
MFA_like_from_mfa_legacy,MFA_175nA.db::trial_18261,MFA|175|partial_mid|closed_low|delayed_ionic_recruitment_after_load|partial_mid,zth,0.75,zs,0.75,partial_mid,unchanged_partial,False,1.2620869857183055,-0.10747329654945004,decrease
MFA_like_from_mfa_legacy,MFA_175nA.db::trial_18261,MFA|175|partial_mid|closed_low|delayed_ionic_recruitment_after_load|partial_mid,zth,0.75,zs,1.0,partial_mid,delayed_opening_after_load,True,1.0461602831029513,-0.3233999991648042,decrease
MFA_like_from_mfa_legacy,MFA_175nA.db::trial_18261,MFA|175|partial_mid|closed_low|delayed_ionic_recruitment_after_load|partial_mid,zth,0.75,zs,1.25,closed_low,partial_to_closed,True,0.923320812239561,-0.44623947002819453,decrease
MFA_like_from_mfa_legacy,MFA_175nA.db::trial_18261,MFA|175|partial_mid|closed_low|delayed_ionic_recruitment_after_load|partial_mid,zth,1.0,zs,0.75,closed_low,partial_to_closed,True,0.9563376161273279,-0.4132226661404276,decrease
MFA_like_from_mfa_legacy,MFA_175nA.db::trial_18261,MFA|175|partial_mid|closed_low|delayed_ionic_recruitment_after_load|partial_mid,zth,1.0,zs,1.0,closed_low,partial_to_closed,True,0.8720513449969484,-0.49750893727080714,decrease
MFA_like_from_mfa_legacy,MFA_175nA.db::trial_18261,MFA|175|partial_mid|closed_low|delayed_ionic_recruitment_after_load|partial_mid,zth,1.0,zs,1.25,closed_low,partial_to_closed,True,0.8618506874143153,-0.5077095948534402,decrease
MFA_like_from_mfa_legacy,MFA_175nA.db::trial_18261,MFA|175|partial_mid|closed_low|delayed_ionic_recruitment_after_load|partial_mid,zth,1.25,zs,0.75,closed_low,partial_to_closed,True,0.8648530562131861,-0.5047072260545694,decrease
MFA_like_from_mfa_legacy,MFA_175nA.db::trial_18261,MFA|175|partial_mid|closed_low|delayed_ionic_recruitment_after_load|partial_mid,zth,1.25,zs,1.0,closed_low,partial_to_closed,True,0.8611564512023427,-0.5084038310654128,decrease
MFA_like_from_mfa_legacy,MFA_175nA.db::trial_18261,MFA|175|partial_mid|closed_low|delayed_ionic_recruitment_after_load|partial_mid,zth,1.25,zs,1.25,closed_low,partial_to_closed,True,0.8610722581498964,-0.5084880241178591,decrease
MFA_BA_from_MFA_legacy,MFA_175nA.db::trial_18261,MFA|175|partial_mid|closed_low|delayed_ionic_recruitment_after_load|partial_mid,gki,0.75,P_gap_eff,0.75,closed_low,partial_to_closed,True,0.9821767170563187,-0.3873835652114368,decrease
MFA_BA_from_MFA_legacy,MFA_175nA.db::trial_18261,MFA|175|partial_mid|closed_low|delayed_ionic_recruitment_after_load|partial_mid,gki,0.75,P_gap_eff,1.0,closed_low,partial_to_closed,True,0.9050502077311074,-0.46451007453664805,decrease
MFA_BA_from_MFA_legacy,MFA_175nA.db::trial_18261,MFA|175|partial_mid|closed_low|delayed_ionic_recruitment_after_load|partial_mid,gki,0.75,P_gap_eff,1.25,closed_low,partial_to_closed,True,0.8411799371735649,-0.5283803450941906,decrease
MFA_BA_from_MFA_legacy,MFA_175nA.db::trial_18261,MFA|175|partial_mid|closed_low|delayed_ionic_recruitment_after_load|partial_mid,gki,1.0,P_gap_eff,0.75,closed_low,partial_to_closed,True,0.9599774621000227,-0.40958282016773284,decrease
MFA_BA_from_MFA_legacy,MFA_175nA.db::trial_18261,MFA|175|partial_mid|closed_low|delayed_ionic_recruitment_after_load|partial_mid,gki,1.0,P_gap_eff,1.0,closed_low,partial_to_closed,True,0.8720513449969484,-0.49750893727080714,decrease
MFA_BA_from_MFA_legacy,MFA_175nA.db::trial_18261,MFA|175|partial_mid|closed_low|delayed_ionic_recruitment_after_load|partial_mid,gki,1.0,P_gap_eff,1.25,closed_low,partial_to_closed,True,0.8025610706824263,-0.5669992115853292,decrease
MFA_BA_from_MFA_legacy,MFA_175nA.db::trial_18261,MFA|175|partial_mid|closed_low|delayed_ionic_recruitment_after_load|partial_mid,gki,1.25,P_gap_eff,0.75,closed_low,partial_to_closed,True,0.944461465266815,-0.42509881700094054,decrease
MFA_BA_from_MFA_legacy,MFA_175nA.db::trial_18261,MFA|175|partial_mid|closed_low|delayed_ionic_recruitment_after_load|partial_mid,gki,1.25,P_gap_eff,1.0,closed_low,partial_to_closed,True,0.849752759380566,-0.5198075228871895,decrease
MFA_BA_from_MFA_legacy,MFA_175nA.db::trial_18261,MFA|175|partial_mid|closed_low|delayed_ionic_recruitment_after_load|partial_mid,gki,1.25,P_gap_eff,1.25,closed_low,partial_to_closed,True,0.7718207983117084,-0.5977394839560471,decrease
MFA_like_from_mfa_legacy,MFA_175nA.db::trial_17346,MFA|175|open_high|partial_mid|fully_open_at_sim_end|open_high,P_gap_eff,0.75,gamma_s_eff,0.75,closed_low,open_to_closed,True,0.2763318184663084,-0.5040587958793202,decrease
MFA_like_from_mfa_legacy,MFA_175nA.db::trial_17346,MFA|175|open_high|partial_mid|fully_open_at_sim_end|open_high,P_gap_eff,0.75,gamma_s_eff,1.0,closed_low,open_to_closed,True,0.2931080603544123,-0.48728255399121634,decrease
MFA_like_from_mfa_legacy,MFA_175nA.db::trial_17346,MFA|175|open_high|partial_mid|fully_open_at_sim_end|open_high,P_gap_eff,0.75,gamma_s_eff,1.25,closed_low,open_to_closed,True,0.30756988847982936,-0.47282072586579926,decrease
MFA_like_from_mfa_legacy,MFA_175nA.db::trial_17346,MFA|175|open_high|partial_mid|fully_open_at_sim_end|open_high,P_gap_eff,1.0,gamma_s_eff,0.75,closed_low,open_to_closed,True,0.2580484111078606,-0.522342203237768,decrease
MFA_like_from_mfa_legacy,MFA_175nA.db::trial_17346,MFA|175|open_high|partial_mid|fully_open_at_sim_end|open_high,P_gap_eff,1.0,gamma_s_eff,1.0,closed_low,open_to_closed,True,0.26798735355224784,-0.5124032607933808,decrease
MFA_like_from_mfa_legacy,MFA_175nA.db::trial_17346,MFA|175|open_high|partial_mid|fully_open_at_sim_end|open_high,P_gap_eff,1.0,gamma_s_eff,1.25,closed_low,open_to_closed,True,0.2759683068069165,-0.5044223075387122,decrease
MFA_like_from_mfa_legacy,MFA_175nA.db::trial_17346,MFA|175|open_high|partial_mid|fully_open_at_sim_end|open_high,P_gap_eff,1.25,gamma_s_eff,0.75,closed_low,open_to_closed,True,0.2460637553302338,-0.5343268590153948,decrease
MFA_like_from_mfa_legacy,MFA_175nA.db::trial_17346,MFA|175|open_high|partial_mid|fully_open_at_sim_end|open_high,P_gap_eff,1.25,gamma_s_eff,1.0,closed_low,open_to_closed,True,0.251297399399592,-0.5290932149460366,decrease
MFA_like_from_mfa_legacy,MFA_175nA.db::trial_17346,MFA|175|open_high|partial_mid|fully_open_at_sim_end|open_high,P_gap_eff,1.25,gamma_s_eff,1.25,closed_low,open_to_closed,True,0.25539259841092044,-0.5249980159347082,decrease
MFA_like_from_mfa_legacy,MFA_175nA.db::trial_17346,MFA|175|open_high|partial_mid|fully_open_at_sim_end|open_high,P_gap_eff,0.75,zth,0.75,closed_low,open_to_closed,True,1.4474474051490995,0.6670567908034709,increase
MFA_like_from_mfa_legacy,MFA_175nA.db::trial_17346,MFA|175|open_high|partial_mid|fully_open_at_sim_end|open_high,P_gap_eff,0.75,zth,1.0,closed_low,open_to_closed,True,0.2931080603544123,-0.48728255399121634,decrease
MFA_like_from_mfa_legacy,MFA_175nA.db::trial_17346,MFA|175|open_high|partial_mid|fully_open_at_sim_end|open_high,P_gap_eff,0.75,zth,1.25,closed_low,open_to_closed,True,0.24300548277223583,-0.5373851315733928,decrease
MFA_like_from_mfa_legacy,MFA_175nA.db::trial_17346,MFA|175|open_high|partial_mid|fully_open_at_sim_end|open_high,P_gap_eff,1.0,zth,0.75,closed_low,open_to_closed,True,2.7674743912304707,1.987083776884842,increase
MFA_like_from_mfa_legacy,MFA_175nA.db::trial_17346,MFA|175|open_high|partial_mid|fully_open_at_sim_end|open_high,P_gap_eff,1.0,zth,1.0,closed_low,open_to_closed,True,0.26798735355224784,-0.5124032607933808,decrease
MFA_like_from_mfa_legacy,MFA_175nA.db::trial_17346,MFA|175|open_high|partial_mid|fully_open_at_sim_end|open_high,P_gap_eff,1.0,zth,1.25,closed_low,open_to_closed,True,0.22753854590720637,-0.5528520684384223,decrease
MFA_like_from_mfa_legacy,MFA_175nA.db::trial_17346,MFA|175|open_high|partial_mid|fully_open_at_sim_end|open_high,P_gap_eff,1.25,zth,0.75,partial_mid,delayed_opening_after_load,True,3.360203943416941,2.579813329071312,increase
MFA_like_from_mfa_legacy,MFA_175nA.db::trial_17346,MFA|175|open_high|partial_mid|fully_open_at_sim_end|open_high,P_gap_eff,1.25,zth,1.0,closed_low,open_to_closed,True,0.251297399399592,-0.5290932149460366,decrease
MFA_like_from_mfa_legacy,MFA_175nA.db::trial_17346,MFA|175|open_high|partial_mid|fully_open_at_sim_end|open_high,P_gap_eff,1.25,zth,1.25,closed_low,open_to_closed,True,0.22086533460956512,-0.5595252797360635,decrease
MFA_like_from_mfa_legacy,MFA_175nA.db::trial_17346,MFA|175|open_high|partial_mid|fully_open_at_sim_end|open_high,gamma_s_eff,0.75,zth,0.75,closed_low,open_to_closed,True,2.175867934863569,1.3954773205179403,increase
MFA_like_from_mfa_legacy,MFA_175nA.db::trial_17346,MFA|175|open_high|partial_mid|fully_open_at_sim_end|open_high,gamma_s_eff,0.75,zth,1.0,closed_low,open_to_closed,True,0.2580484111078606,-0.522342203237768,decrease
MFA_like_from_mfa_legacy,MFA_175nA.db::trial_17346,MFA|175|open_high|partial_mid|fully_open_at_sim_end|open_high,gamma_s_eff,0.75,zth,1.25,closed_low,open_to_closed,True,0.22728081314895499,-0.5531098011966736,decrease
MFA_like_from_mfa_legacy,MFA_175nA.db::trial_17346,MFA|175|open_high|partial_mid|fully_open_at_sim_end|open_high,gamma_s_eff,1.0,zth,0.75,closed_low,open_to_closed,True,2.7674743912304707,1.987083776884842,increase
MFA_like_from_mfa_legacy,MFA_175nA.db::trial_17346,MFA|175|open_high|partial_mid|fully_open_at_sim_end|open_high,gamma_s_eff,1.0,zth,1.0,closed_low,open_to_closed,True,0.26798735355224784,-0.5124032607933808,decrease
MFA_like_from_mfa_legacy,MFA_175nA.db::trial_17346,MFA|175|open_high|partial_mid|fully_open_at_sim_end|open_high,gamma_s_eff,1.0,zth,1.25,closed_low,open_to_closed,True,0.22753854590720637,-0.5528520684384223,decrease
MFA_like_from_mfa_legacy,MFA_175nA.db::trial_17346,MFA|175|open_high|partial_mid|fully_open_at_sim_end|open_high,gamma_s_eff,1.25,zth,0.75,closed_low,open_to_closed,True,3.1867287517771343,2.4063381374315056,increase
MFA_like_from_mfa_legacy,MFA_175nA.db::trial_17346,MFA|175|open_high|partial_mid|fully_open_at_sim_end|open_high,gamma_s_eff,1.25,zth,1.0,closed_low,open_to_closed,True,0.2759683068069165,-0.5044223075387122,decrease
MFA_like_from_mfa_legacy,MFA_175nA.db::trial_17346,MFA|175|open_high|partial_mid|fully_open_at_sim_end|open_high,gamma_s_eff,1.25,zth,1.25,closed_low,open_to_closed,True,0.22781739029812115,-0.5525732240475074,decrease
MFA_like_from_mfa_legacy,MFA_175nA.db::trial_17346,MFA|175|open_high|partial_mid|fully_open_at_sim_end|open_high,zth,0.75,zs,0.75,partial_mid,open_to_partial,True,1.2138747309263245,0.43348411658069586,increase
MFA_like_from_mfa_legacy,MFA_175nA.db::trial_17346,MFA|175|open_high|partial_mid|fully_open_at_sim_end|open_high,zth,0.75,zs,1.0,closed_low,open_to_closed,True,2.7674743912304707,1.987083776884842,increase
MFA_like_from_mfa_legacy,MFA_175nA.db::trial_17346,MFA|175|open_high|partial_mid|fully_open_at_sim_end|open_high,zth,0.75,zs,1.25,closed_low,open_to_closed,True,0.7722482182962201,-0.008142396049408474,decrease
MFA_like_from_mfa_legacy,MFA_175nA.db::trial_17346,MFA|175|open_high|partial_mid|fully_open_at_sim_end|open_high,zth,1.0,zs,0.75,closed_low,open_to_closed,True,0.8898461518235853,0.10945553747795667,increase
MFA_like_from_mfa_legacy,MFA_175nA.db::trial_17346,MFA|175|open_high|partial_mid|fully_open_at_sim_end|open_high,zth,1.0,zs,1.0,closed_low,open_to_closed,True,0.26798735355224784,-0.5124032607933808,decrease
MFA_like_from_mfa_legacy,MFA_175nA.db::trial_17346,MFA|175|open_high|partial_mid|fully_open_at_sim_end|open_high,zth,1.0,zs,1.25,closed_low,open_to_closed,True,0.2297152231900946,-0.550675391155534,decrease
MFA_like_from_mfa_legacy,MFA_175nA.db::trial_17346,MFA|175|open_high|partial_mid|fully_open_at_sim_end|open_high,zth,1.25,zs,0.75,closed_low,open_to_closed,True,0.2576442607914659,-0.5227463535541628,decrease
MFA_like_from_mfa_legacy,MFA_175nA.db::trial_17346,MFA|175|open_high|partial_mid|fully_open_at_sim_end|open_high,zth,1.25,zs,1.0,closed_low,open_to_closed,True,0.22753854590720637,-0.5528520684384223,decrease
MFA_like_from_mfa_legacy,MFA_175nA.db::trial_17346,MFA|175|open_high|partial_mid|fully_open_at_sim_end|open_high,zth,1.25,zs,1.25,closed_low,open_to_closed,True,0.22668009859608335,-0.5537105157495452,decrease
MFA_BA_from_MFA_legacy,MFA_175nA.db::trial_17346,MFA|175|open_high|partial_mid|fully_open_at_sim_end|open_high,gki,0.75,P_gap_eff,0.75,closed_low,open_to_closed,True,0.2991837163852787,-0.48120689796034993,decrease
MFA_BA_from_MFA_legacy,MFA_175nA.db::trial_17346,MFA|175|open_high|partial_mid|fully_open_at_sim_end|open_high,gki,0.75,P_gap_eff,1.0,closed_low,open_to_closed,True,0.2733109854907342,-0.5070796288548944,decrease
MFA_BA_from_MFA_legacy,MFA_175nA.db::trial_17346,MFA|175|open_high|partial_mid|fully_open_at_sim_end|open_high,gki,0.75,P_gap_eff,1.25,closed_low,open_to_closed,True,0.25763447556160823,-0.5227561387840204,decrease
MFA_BA_from_MFA_legacy,MFA_175nA.db::trial_17346,MFA|175|open_high|partial_mid|fully_open_at_sim_end|open_high,gki,1.0,P_gap_eff,0.75,closed_low,open_to_closed,True,0.2931080603544123,-0.48728255399121634,decrease
MFA_BA_from_MFA_legacy,MFA_175nA.db::trial_17346,MFA|175|open_high|partial_mid|fully_open_at_sim_end|open_high,gki,1.0,P_gap_eff,1.0,closed_low,open_to_closed,True,0.26798735355224784,-0.5124032607933808,decrease
MFA_BA_from_MFA_legacy,MFA_175nA.db::trial_17346,MFA|175|open_high|partial_mid|fully_open_at_sim_end|open_high,gki,1.0,P_gap_eff,1.25,closed_low,open_to_closed,True,0.251297399399592,-0.5290932149460366,decrease
MFA_BA_from_MFA_legacy,MFA_175nA.db::trial_17346,MFA|175|open_high|partial_mid|fully_open_at_sim_end|open_high,gki,1.25,P_gap_eff,0.75,closed_low,open_to_closed,True,0.2896068642172141,-0.4907837501284145,decrease
MFA_BA_from_MFA_legacy,MFA_175nA.db::trial_17346,MFA|175|open_high|partial_mid|fully_open_at_sim_end|open_high,gki,1.25,P_gap_eff,1.0,closed_low,open_to_closed,True,0.26485253989988955,-0.5155380744457391,decrease
MFA_BA_from_MFA_legacy,MFA_175nA.db::trial_17346,MFA|175|open_high|partial_mid|fully_open_at_sim_end|open_high,gki,1.25,P_gap_eff,1.25,closed_low,open_to_closed,True,0.2474274158604921,-0.5329631984851365,decrease
MFA_like_from_mfa_legacy,MFA_175nA.db::trial_17598,MFA|175|closed_low|partial_mid|recruited_during_load_then_closed_by_end|closed_low,P_gap_eff,0.75,gamma_s_eff,0.75,closed_low,unchanged_closed,False,0.7903805144902183,-0.9413749879058246,decrease
MFA_like_from_mfa_legacy,MFA_175nA.db::trial_17598,MFA|175|closed_low|partial_mid|recruited_during_load_then_closed_by_end|closed_low,P_gap_eff,0.75,gamma_s_eff,1.0,closed_low,unchanged_closed,False,0.8117206295960239,-0.920034872800019,decrease
MFA_like_from_mfa_legacy,MFA_175nA.db::trial_17598,MFA|175|closed_low|partial_mid|recruited_during_load_then_closed_by_end|closed_low,P_gap_eff,0.75,gamma_s_eff,1.25,closed_low,unchanged_closed,False,0.8305726660621445,-0.9011828363338984,decrease
MFA_like_from_mfa_legacy,MFA_175nA.db::trial_17598,MFA|175|closed_low|partial_mid|recruited_during_load_then_closed_by_end|closed_low,P_gap_eff,1.0,gamma_s_eff,0.75,partial_mid,closed_to_partial,True,0.8183342405191687,-0.9134212618768742,decrease
MFA_like_from_mfa_legacy,MFA_175nA.db::trial_17598,MFA|175|closed_low|partial_mid|recruited_during_load_then_closed_by_end|closed_low,P_gap_eff,1.0,gamma_s_eff,1.0,partial_mid,closed_to_partial,True,0.8556869757960343,-0.8760685266000087,decrease
MFA_like_from_mfa_legacy,MFA_175nA.db::trial_17598,MFA|175|closed_low|partial_mid|recruited_during_load_then_closed_by_end|closed_low,P_gap_eff,1.0,gamma_s_eff,1.25,partial_mid,closed_to_partial,True,0.8838681643247953,-0.8478873380712476,decrease
MFA_like_from_mfa_legacy,MFA_175nA.db::trial_17598,MFA|175|closed_low|partial_mid|recruited_during_load_then_closed_by_end|closed_low,P_gap_eff,1.25,gamma_s_eff,0.75,partial_mid,closed_to_partial,True,0.8650735681120469,-0.866681934283996,decrease
MFA_like_from_mfa_legacy,MFA_175nA.db::trial_17598,MFA|175|closed_low|partial_mid|recruited_during_load_then_closed_by_end|closed_low,P_gap_eff,1.25,gamma_s_eff,1.0,partial_mid,closed_to_partial,True,0.9221011392002624,-0.8096543631957805,decrease
MFA_like_from_mfa_legacy,MFA_175nA.db::trial_17598,MFA|175|closed_low|partial_mid|recruited_during_load_then_closed_by_end|closed_low,P_gap_eff,1.25,gamma_s_eff,1.25,partial_mid,closed_to_partial,True,0.9683424745990135,-0.7634130277970295,decrease
MFA_like_from_mfa_legacy,MFA_175nA.db::trial_17598,MFA|175|closed_low|partial_mid|recruited_during_load_then_closed_by_end|closed_low,P_gap_eff,0.75,zth,0.75,partial_mid,closed_to_partial,True,0.9736198053326477,-0.7581356970633952,decrease
MFA_like_from_mfa_legacy,MFA_175nA.db::trial_17598,MFA|175|closed_low|partial_mid|recruited_during_load_then_closed_by_end|closed_low,P_gap_eff,0.75,zth,1.0,closed_low,unchanged_closed,False,0.8117206295960239,-0.920034872800019,decrease
MFA_like_from_mfa_legacy,MFA_175nA.db::trial_17598,MFA|175|closed_low|partial_mid|recruited_during_load_then_closed_by_end|closed_low,P_gap_eff,0.75,zth,1.25,closed_low,unchanged_closed,False,0.7242348658755289,-1.007520636520514,decrease
MFA_like_from_mfa_legacy,MFA_175nA.db::trial_17598,MFA|175|closed_low|partial_mid|recruited_during_load_then_closed_by_end|closed_low,P_gap_eff,1.0,zth,0.75,partial_mid,closed_to_partial,True,1.133310877821864,-0.598444624574179,decrease
MFA_like_from_mfa_legacy,MFA_175nA.db::trial_17598,MFA|175|closed_low|partial_mid|recruited_during_load_then_closed_by_end|closed_low,P_gap_eff,1.0,zth,1.0,partial_mid,closed_to_partial,True,0.8556869757960343,-0.8760685266000087,decrease
MFA_like_from_mfa_legacy,MFA_175nA.db::trial_17598,MFA|175|closed_low|partial_mid|recruited_during_load_then_closed_by_end|closed_low,P_gap_eff,1.0,zth,1.25,closed_low,unchanged_closed,False,0.6959944582399874,-1.0357610441560556,decrease
MFA_like_from_mfa_legacy,MFA_175nA.db::trial_17598,MFA|175|closed_low|partial_mid|recruited_during_load_then_closed_by_end|closed_low,P_gap_eff,1.25,zth,0.75,partial_mid,closed_to_partial,True,1.1936639883310618,-0.5380915140649811,decrease
MFA_like_from_mfa_legacy,MFA_175nA.db::trial_17598,MFA|175|closed_low|partial_mid|recruited_during_load_then_closed_by_end|closed_low,P_gap_eff,1.25,zth,1.0,partial_mid,closed_to_partial,True,0.9221011392002624,-0.8096543631957805,decrease
MFA_like_from_mfa_legacy,MFA_175nA.db::trial_17598,MFA|175|closed_low|partial_mid|recruited_during_load_then_closed_by_end|closed_low,P_gap_eff,1.25,zth,1.25,closed_low,opened_during_stim_then_closed_by_end,True,0.6867683543879889,-1.0449871480080541,decrease
MFA_like_from_mfa_legacy,MFA_175nA.db::trial_17598,MFA|175|closed_low|partial_mid|recruited_during_load_then_closed_by_end|closed_low,gamma_s_eff,0.75,zth,0.75,partial_mid,closed_to_partial,True,1.0638419836655675,-0.6679135187304754,decrease
MFA_like_from_mfa_legacy,MFA_175nA.db::trial_17598,MFA|175|closed_low|partial_mid|recruited_during_load_then_closed_by_end|closed_low,gamma_s_eff,0.75,zth,1.0,partial_mid,closed_to_partial,True,0.8183342405191687,-0.9134212618768742,decrease
MFA_like_from_mfa_legacy,MFA_175nA.db::trial_17598,MFA|175|closed_low|partial_mid|recruited_during_load_then_closed_by_end|closed_low,gamma_s_eff,0.75,zth,1.25,closed_low,unchanged_closed,False,0.6728214694566521,-1.0589340329393908,decrease
MFA_like_from_mfa_legacy,MFA_175nA.db::trial_17598,MFA|175|closed_low|partial_mid|recruited_during_load_then_closed_by_end|closed_low,gamma_s_eff,1.0,zth,0.75,partial_mid,closed_to_partial,True,1.133310877821864,-0.598444624574179,decrease
MFA_like_from_mfa_legacy,MFA_175nA.db::trial_17598,MFA|175|closed_low|partial_mid|recruited_during_load_then_closed_by_end|closed_low,gamma_s_eff,1.0,zth,1.0,partial_mid,closed_to_partial,True,0.8556869757960343,-0.8760685266000087,decrease
MFA_like_from_mfa_legacy,MFA_175nA.db::trial_17598,MFA|175|closed_low|partial_mid|recruited_during_load_then_closed_by_end|closed_low,gamma_s_eff,1.0,zth,1.25,closed_low,unchanged_closed,False,0.6959944582399874,-1.0357610441560556,decrease
MFA_like_from_mfa_legacy,MFA_175nA.db::trial_17598,MFA|175|closed_low|partial_mid|recruited_during_load_then_closed_by_end|closed_low,gamma_s_eff,1.25,zth,0.75,partial_mid,closed_to_partial,True,1.186864164767617,-0.5448913376284259,decrease
MFA_like_from_mfa_legacy,MFA_175nA.db::trial_17598,MFA|175|closed_low|partial_mid|recruited_during_load_then_closed_by_end|closed_low,gamma_s_eff,1.25,zth,1.0,partial_mid,closed_to_partial,True,0.8838681643247953,-0.8478873380712476,decrease
MFA_like_from_mfa_legacy,MFA_175nA.db::trial_17598,MFA|175|closed_low|partial_mid|recruited_during_load_then_closed_by_end|closed_low,gamma_s_eff,1.25,zth,1.25,closed_low,unchanged_closed,False,0.7130995132188911,-1.0186559891771518,decrease
MFA_like_from_mfa_legacy,MFA_175nA.db::trial_17598,MFA|175|closed_low|partial_mid|recruited_during_load_then_closed_by_end|closed_low,zth,0.75,zs,0.75,partial_mid,closed_to_partial,True,1.2763232869186893,-0.4554322154773536,decrease
MFA_like_from_mfa_legacy,MFA_175nA.db::trial_17598,MFA|175|closed_low|partial_mid|recruited_during_load_then_closed_by_end|closed_low,zth,0.75,zs,1.0,partial_mid,closed_to_partial,True,1.133310877821864,-0.598444624574179,decrease
MFA_like_from_mfa_legacy,MFA_175nA.db::trial_17598,MFA|175|closed_low|partial_mid|recruited_during_load_then_closed_by_end|closed_low,zth,0.75,zs,1.25,partial_mid,closed_to_partial,True,0.9156087505582661,-0.8161467518377769,decrease
MFA_like_from_mfa_legacy,MFA_175nA.db::trial_17598,MFA|175|closed_low|partial_mid|recruited_during_load_then_closed_by_end|closed_low,zth,1.0,zs,0.75,partial_mid,closed_to_partial,True,1.1742397953748662,-0.5575157070211767,decrease
MFA_like_from_mfa_legacy,MFA_175nA.db::trial_17598,MFA|175|closed_low|partial_mid|recruited_during_load_then_closed_by_end|closed_low,zth,1.0,zs,1.0,partial_mid,closed_to_partial,True,0.8556869757960343,-0.8760685266000087,decrease
MFA_like_from_mfa_legacy,MFA_175nA.db::trial_17598,MFA|175|closed_low|partial_mid|recruited_during_load_then_closed_by_end|closed_low,zth,1.0,zs,1.25,closed_low,opened_during_stim_then_closed_by_end,True,0.7244437198511404,-1.0073117825449025,decrease
MFA_like_from_mfa_legacy,MFA_175nA.db::trial_17598,MFA|175|closed_low|partial_mid|recruited_during_load_then_closed_by_end|closed_low,zth,1.25,zs,0.75,closed_low,unchanged_closed,False,0.9027123592815227,-0.8290431431145202,decrease
MFA_like_from_mfa_legacy,MFA_175nA.db::trial_17598,MFA|175|closed_low|partial_mid|recruited_during_load_then_closed_by_end|closed_low,zth,1.25,zs,1.0,closed_low,unchanged_closed,False,0.6959944582399874,-1.0357610441560556,decrease
MFA_like_from_mfa_legacy,MFA_175nA.db::trial_17598,MFA|175|closed_low|partial_mid|recruited_during_load_then_closed_by_end|closed_low,zth,1.25,zs,1.25,closed_low,unchanged_closed,False,0.511009593592235,-1.220745908803808,decrease
MFA_BA_from_MFA_legacy,MFA_175nA.db::trial_17598,MFA|175|closed_low|partial_mid|recruited_during_load_then_closed_by_end|closed_low,gki,0.75,P_gap_eff,0.75,closed_low,unchanged_closed,False,0.8337079044085469,-0.898047597987496,decrease
MFA_BA_from_MFA_legacy,MFA_175nA.db::trial_17598,MFA|175|closed_low|partial_mid|recruited_during_load_then_closed_by_end|closed_low,gki,0.75,P_gap_eff,1.0,partial_mid,closed_to_partial,True,0.883533782709078,-0.8482217196869649,decrease
MFA_BA_from_MFA_legacy,MFA_175nA.db::trial_17598,MFA|175|closed_low|partial_mid|recruited_during_load_then_closed_by_end|closed_low,gki,0.75,P_gap_eff,1.25,partial_mid,closed_to_partial,True,0.9533828870662326,-0.7783726153298103,decrease
MFA_BA_from_MFA_legacy,MFA_175nA.db::trial_17598,MFA|175|closed_low|partial_mid|recruited_during_load_then_closed_by_end|closed_low,gki,1.0,P_gap_eff,0.75,closed_low,unchanged_closed,False,0.8117206295960239,-0.920034872800019,decrease
MFA_BA_from_MFA_legacy,MFA_175nA.db::trial_17598,MFA|175|closed_low|partial_mid|recruited_during_load_then_closed_by_end|closed_low,gki,1.0,P_gap_eff,1.0,partial_mid,closed_to_partial,True,0.8556869757960343,-0.8760685266000087,decrease
MFA_BA_from_MFA_legacy,MFA_175nA.db::trial_17598,MFA|175|closed_low|partial_mid|recruited_during_load_then_closed_by_end|closed_low,gki,1.0,P_gap_eff,1.25,partial_mid,closed_to_partial,True,0.9221011392002624,-0.8096543631957805,decrease
MFA_BA_from_MFA_legacy,MFA_175nA.db::trial_17598,MFA|175|closed_low|partial_mid|recruited_during_load_then_closed_by_end|closed_low,gki,1.25,P_gap_eff,0.75,closed_low,unchanged_closed,False,0.7968902287452339,-0.9348652736508091,decrease
MFA_BA_from_MFA_legacy,MFA_175nA.db::trial_17598,MFA|175|closed_low|partial_mid|recruited_during_load_then_closed_by_end|closed_low,gki,1.25,P_gap_eff,1.0,partial_mid,closed_to_partial,True,0.8359209812766819,-0.895834521119361,decrease
MFA_BA_from_MFA_legacy,MFA_175nA.db::trial_17598,MFA|175|closed_low|partial_mid|recruited_during_load_then_closed_by_end|closed_low,gki,1.25,P_gap_eff,1.25,partial_mid,closed_to_partial,True,0.8991148662831088,-0.8326406361129342,decrease
