db_name,condition,current_na,parameter_space,mode_index,parameter,base_value,loading,abs_loading,mode_class,coordinate_type,claim_guardrail
CONTROL_75nA.db,CONTROL,75,effective,1,P_gap_eff,7.688694890666813e-06,0.050136331414360545,0.050136331414360545,stiff,effective,limited identifiability/sloppiness under Vm-only observation; not biological degeneracy
CONTROL_75nA.db,CONTROL,75,effective,1,gamma_t_eff,8.311215695332037e-06,0.10063437619392912,0.10063437619392912,stiff,effective,limited identifiability/sloppiness under Vm-only observation; not biological degeneracy
CONTROL_75nA.db,CONTROL,75,effective,1,gamma_s_eff,6.86542049542796e-05,0.0,0.0,stiff,effective,limited identifiability/sloppiness under Vm-only observation; not biological degeneracy
CONTROL_75nA.db,CONTROL,75,effective,1,volume_ratio_wa_wo,1.5270157179498545,0.08867302432076309,0.08867302432076309,stiff,effective,limited identifiability/sloppiness under Vm-only observation; not biological degeneracy
CONTROL_75nA.db,CONTROL,75,effective,1,gki,77.53472186282886,-0.04365237799346033,0.04365237799346033,stiff,raw,limited identifiability/sloppiness under Vm-only observation; not biological degeneracy
CONTROL_75nA.db,CONTROL,75,effective,1,gl_a,7.156359793447492,0.09329490286342501,0.09329490286342501,stiff,raw,limited identifiability/sloppiness under Vm-only observation; not biological degeneracy
CONTROL_75nA.db,CONTROL,75,effective,1,ca,872.0114735232637,0.000854969067554829,0.000854969067554829,stiff,raw,limited identifiability/sloppiness under Vm-only observation; not biological degeneracy
CONTROL_75nA.db,CONTROL,75,effective,1,eps,0.002367184084906759,-0.10231212834805048,0.10231212834805048,stiff,raw,limited identifiability/sloppiness under Vm-only observation; not biological degeneracy
CONTROL_75nA.db,CONTROL,75,effective,1,K_bath_value_middle,8.755954593865454,-0.9789883522157877,0.9789883522157877,stiff,raw,limited identifiability/sloppiness under Vm-only observation; not biological degeneracy
CONTROL_75nA.db,CONTROL,75,effective,2,P_gap_eff,7.688694890666813e-06,-0.44853255000344383,0.44853255000344383,stiff,effective,limited identifiability/sloppiness under Vm-only observation; not biological degeneracy
CONTROL_75nA.db,CONTROL,75,effective,2,gamma_t_eff,8.311215695332037e-06,-0.48085139271785465,0.48085139271785465,stiff,effective,limited identifiability/sloppiness under Vm-only observation; not biological degeneracy
CONTROL_75nA.db,CONTROL,75,effective,2,gamma_s_eff,6.86542049542796e-05,0.0,0.0,stiff,effective,limited identifiability/sloppiness under Vm-only observation; not biological degeneracy
CONTROL_75nA.db,CONTROL,75,effective,2,volume_ratio_wa_wo,1.5270157179498545,-0.04629008856789736,0.04629008856789736,stiff,effective,limited identifiability/sloppiness under Vm-only observation; not biological degeneracy
CONTROL_75nA.db,CONTROL,75,effective,2,gki,77.53472186282886,-0.057698072515506085,0.057698072515506085,stiff,raw,limited identifiability/sloppiness under Vm-only observation; not biological degeneracy
CONTROL_75nA.db,CONTROL,75,effective,2,gl_a,7.156359793447492,-0.02383184416541896,0.02383184416541896,stiff,raw,limited identifiability/sloppiness under Vm-only observation; not biological degeneracy
CONTROL_75nA.db,CONTROL,75,effective,2,ca,872.0114735232637,0.049207786280013203,0.049207786280013203,stiff,raw,limited identifiability/sloppiness under Vm-only observation; not biological degeneracy
CONTROL_75nA.db,CONTROL,75,effective,2,eps,0.002367184084906759,-0.7477537569769009,0.7477537569769009,stiff,raw,limited identifiability/sloppiness under Vm-only observation; not biological degeneracy
CONTROL_75nA.db,CONTROL,75,effective,2,K_bath_value_middle,8.755954593865454,0.0018988778542038953,0.0018988778542038953,stiff,raw,limited identifiability/sloppiness under Vm-only observation; not biological degeneracy
CONTROL_75nA.db,CONTROL,75,effective,3,P_gap_eff,7.688694890666813e-06,-0.6350903116520704,0.6350903116520704,stiff,effective,limited identifiability/sloppiness under Vm-only observation; not biological degeneracy
CONTROL_75nA.db,CONTROL,75,effective,3,gamma_t_eff,8.311215695332037e-06,-0.07320240390222085,0.07320240390222085,stiff,effective,limited identifiability/sloppiness under Vm-only observation; not biological degeneracy
CONTROL_75nA.db,CONTROL,75,effective,3,gamma_s_eff,6.86542049542796e-05,9.020562075079397e-17,9.020562075079397e-17,stiff,effective,limited identifiability/sloppiness under Vm-only observation; not biological degeneracy
CONTROL_75nA.db,CONTROL,75,effective,3,volume_ratio_wa_wo,1.5270157179498545,0.213884389333911,0.213884389333911,stiff,effective,limited identifiability/sloppiness under Vm-only observation; not biological degeneracy
CONTROL_75nA.db,CONTROL,75,effective,3,gki,77.53472186282886,-0.024016737422474736,0.024016737422474736,stiff,raw,limited identifiability/sloppiness under Vm-only observation; not biological degeneracy
CONTROL_75nA.db,CONTROL,75,effective,3,gl_a,7.156359793447492,0.62297472729923,0.62297472729923,stiff,raw,limited identifiability/sloppiness under Vm-only observation; not biological degeneracy
CONTROL_75nA.db,CONTROL,75,effective,3,ca,872.0114735232637,-0.0370733647241442,0.0370733647241442,stiff,raw,limited identifiability/sloppiness under Vm-only observation; not biological degeneracy
CONTROL_75nA.db,CONTROL,75,effective,3,eps,0.002367184084906759,0.3943402430256745,0.3943402430256745,stiff,raw,limited identifiability/sloppiness under Vm-only observation; not biological degeneracy
CONTROL_75nA.db,CONTROL,75,effective,3,K_bath_value_middle,8.755954593865454,-0.001481869219935518,0.001481869219935518,stiff,raw,limited identifiability/sloppiness under Vm-only observation; not biological degeneracy
CONTROL_75nA.db,CONTROL,75,effective,4,P_gap_eff,7.688694890666813e-06,-0.11849256464252293,0.11849256464252293,stiff,effective,limited identifiability/sloppiness under Vm-only observation; not biological degeneracy
CONTROL_75nA.db,CONTROL,75,effective,4,gamma_t_eff,8.311215695332037e-06,-0.6525677663707797,0.6525677663707797,stiff,effective,limited identifiability/sloppiness under Vm-only observation; not biological degeneracy
CONTROL_75nA.db,CONTROL,75,effective,4,gamma_s_eff,6.86542049542796e-05,6.245004513516506e-17,6.245004513516506e-17,stiff,effective,limited identifiability/sloppiness under Vm-only observation; not biological degeneracy
CONTROL_75nA.db,CONTROL,75,effective,4,volume_ratio_wa_wo,1.5270157179498545,0.027177515352336902,0.027177515352336902,stiff,effective,limited identifiability/sloppiness under Vm-only observation; not biological degeneracy
CONTROL_75nA.db,CONTROL,75,effective,4,gki,77.53472186282886,0.026367832302362858,0.026367832302362858,stiff,raw,limited identifiability/sloppiness under Vm-only observation; not biological degeneracy
CONTROL_75nA.db,CONTROL,75,effective,4,gl_a,7.156359793447492,-0.5254199259041472,0.5254199259041472,stiff,raw,limited identifiability/sloppiness under Vm-only observation; not biological degeneracy
CONTROL_75nA.db,CONTROL,75,effective,4,ca,872.0114735232637,-0.03502270378512526,0.03502270378512526,stiff,raw,limited identifiability/sloppiness under Vm-only observation; not biological degeneracy
CONTROL_75nA.db,CONTROL,75,effective,4,eps,0.002367184084906759,0.5009988702068051,0.5009988702068051,stiff,raw,limited identifiability/sloppiness under Vm-only observation; not biological degeneracy
CONTROL_75nA.db,CONTROL,75,effective,4,K_bath_value_middle,8.755954593865454,-0.17432264979400247,0.17432264979400247,stiff,raw,limited identifiability/sloppiness under Vm-only observation; not biological degeneracy
CONTROL_75nA.db,CONTROL,75,effective,5,P_gap_eff,7.688694890666813e-06,-0.27696263181180647,0.27696263181180647,sloppy,effective,limited identifiability/sloppiness under Vm-only observation; not biological degeneracy
CONTROL_75nA.db,CONTROL,75,effective,5,gamma_t_eff,8.311215695332037e-06,0.1459028447001314,0.1459028447001314,sloppy,effective,limited identifiability/sloppiness under Vm-only observation; not biological degeneracy
CONTROL_75nA.db,CONTROL,75,effective,5,gamma_s_eff,6.86542049542796e-05,-1.7208456881689926e-15,1.7208456881689926e-15,sloppy,effective,limited identifiability/sloppiness under Vm-only observation; not biological degeneracy
CONTROL_75nA.db,CONTROL,75,effective,5,volume_ratio_wa_wo,1.5270157179498545,-0.8477102096290139,0.8477102096290139,sloppy,effective,limited identifiability/sloppiness under Vm-only observation; not biological degeneracy
CONTROL_75nA.db,CONTROL,75,effective,5,gki,77.53472186282886,0.40122556023504846,0.40122556023504846,sloppy,raw,limited identifiability/sloppiness under Vm-only observation; not biological degeneracy
CONTROL_75nA.db,CONTROL,75,effective,5,gl_a,7.156359793447492,-0.01781916862084672,0.01781916862084672,sloppy,raw,limited identifiability/sloppiness under Vm-only observation; not biological degeneracy
CONTROL_75nA.db,CONTROL,75,effective,5,ca,872.0114735232637,0.039691249624299464,0.039691249624299464,sloppy,raw,limited identifiability/sloppiness under Vm-only observation; not biological degeneracy
CONTROL_75nA.db,CONTROL,75,effective,5,eps,0.002367184084906759,0.09673907708340983,0.09673907708340983,sloppy,raw,limited identifiability/sloppiness under Vm-only observation; not biological degeneracy
CONTROL_75nA.db,CONTROL,75,effective,5,K_bath_value_middle,8.755954593865454,-0.10563211486600704,0.10563211486600704,sloppy,raw,limited identifiability/sloppiness under Vm-only observation; not biological degeneracy
CONTROL_75nA.db,CONTROL,75,effective,6,P_gap_eff,7.688694890666813e-06,-0.23523205074729533,0.23523205074729533,sloppy,effective,limited identifiability/sloppiness under Vm-only observation; not biological degeneracy
CONTROL_75nA.db,CONTROL,75,effective,6,gamma_t_eff,8.311215695332037e-06,0.2460128026510468,0.2460128026510468,sloppy,effective,limited identifiability/sloppiness under Vm-only observation; not biological degeneracy
CONTROL_75nA.db,CONTROL,75,effective,6,gamma_s_eff,6.86542049542796e-05,-2.8949065367100957e-14,2.8949065367100957e-14,sloppy,effective,limited identifiability/sloppiness under Vm-only observation; not biological degeneracy
CONTROL_75nA.db,CONTROL,75,effective,6,volume_ratio_wa_wo,1.5270157179498545,0.4719986496090655,0.4719986496090655,sloppy,effective,limited identifiability/sloppiness under Vm-only observation; not biological degeneracy
CONTROL_75nA.db,CONTROL,75,effective,6,gki,77.53472186282886,0.756359775240776,0.756359775240776,sloppy,raw,limited identifiability/sloppiness under Vm-only observation; not biological degeneracy
CONTROL_75nA.db,CONTROL,75,effective,6,gl_a,7.156359793447492,-0.28309366674713926,0.28309366674713926,sloppy,raw,limited identifiability/sloppiness under Vm-only observation; not biological degeneracy
CONTROL_75nA.db,CONTROL,75,effective,6,ca,872.0114735232637,0.00790817392978014,0.00790817392978014,sloppy,raw,limited identifiability/sloppiness under Vm-only observation; not biological degeneracy
CONTROL_75nA.db,CONTROL,75,effective,6,eps,0.002367184084906759,-0.0951248884827805,0.0951248884827805,sloppy,raw,limited identifiability/sloppiness under Vm-only observation; not biological degeneracy
CONTROL_75nA.db,CONTROL,75,effective,6,K_bath_value_middle,8.755954593865454,0.005238379695588713,0.005238379695588713,sloppy,raw,limited identifiability/sloppiness under Vm-only observation; not biological degeneracy
CONTROL_75nA.db,CONTROL,75,effective,7,P_gap_eff,7.688694890666813e-06,-0.21643900611263084,0.21643900611263084,sloppy,effective,limited identifiability/sloppiness under Vm-only observation; not biological degeneracy
CONTROL_75nA.db,CONTROL,75,effective,7,gamma_t_eff,8.311215695332037e-06,0.21357837397262344,0.21357837397262344,sloppy,effective,limited identifiability/sloppiness under Vm-only observation; not biological degeneracy
CONTROL_75nA.db,CONTROL,75,effective,7,gamma_s_eff,6.86542049542796e-05,-1.8596235662471372e-15,1.8596235662471372e-15,sloppy,effective,limited identifiability/sloppiness under Vm-only observation; not biological degeneracy
CONTROL_75nA.db,CONTROL,75,effective,7,volume_ratio_wa_wo,1.5270157179498545,0.04597650083408072,0.04597650083408072,sloppy,effective,limited identifiability/sloppiness under Vm-only observation; not biological degeneracy
CONTROL_75nA.db,CONTROL,75,effective,7,gki,77.53472186282886,-0.24581700905462978,0.24581700905462978,sloppy,raw,limited identifiability/sloppiness under Vm-only observation; not biological degeneracy
CONTROL_75nA.db,CONTROL,75,effective,7,gl_a,7.156359793447492,-0.21468997267609716,0.21468997267609716,sloppy,raw,limited identifiability/sloppiness under Vm-only observation; not biological degeneracy
CONTROL_75nA.db,CONTROL,75,effective,7,ca,872.0114735232637,0.8907409936441902,0.8907409936441902,sloppy,raw,limited identifiability/sloppiness under Vm-only observation; not biological degeneracy
CONTROL_75nA.db,CONTROL,75,effective,7,eps,0.002367184084906759,0.0740625291420499,0.0740625291420499,sloppy,raw,limited identifiability/sloppiness under Vm-only observation; not biological degeneracy
CONTROL_75nA.db,CONTROL,75,effective,7,K_bath_value_middle,8.755954593865454,-0.0014261437013954048,0.0014261437013954048,sloppy,raw,limited identifiability/sloppiness under Vm-only observation; not biological degeneracy
CONTROL_75nA.db,CONTROL,75,effective,8,P_gap_eff,7.688694890666813e-06,-0.447254343236492,0.447254343236492,sloppy,effective,limited identifiability/sloppiness under Vm-only observation; not biological degeneracy
CONTROL_75nA.db,CONTROL,75,effective,8,gamma_t_eff,8.311215695332037e-06,0.44724234796980117,0.44724234796980117,sloppy,effective,limited identifiability/sloppiness under Vm-only observation; not biological degeneracy
CONTROL_75nA.db,CONTROL,75,effective,8,gamma_s_eff,6.86542049542796e-05,-9.82698569185203e-08,9.82698569185203e-08,sloppy,effective,limited identifiability/sloppiness under Vm-only observation; not biological degeneracy
CONTROL_75nA.db,CONTROL,75,effective,8,volume_ratio_wa_wo,1.5270157179498545,-9.87204368831443e-05,9.87204368831443e-05,sloppy,effective,limited identifiability/sloppiness under Vm-only observation; not biological degeneracy
CONTROL_75nA.db,CONTROL,75,effective,8,gki,77.53472186282886,-0.4472194923502267,0.4472194923502267,sloppy,raw,limited identifiability/sloppiness under Vm-only observation; not biological degeneracy
CONTROL_75nA.db,CONTROL,75,effective,8,gl_a,7.156359793447492,-0.4472283126350191,0.4472283126350191,sloppy,raw,limited identifiability/sloppiness under Vm-only observation; not biological degeneracy
CONTROL_75nA.db,CONTROL,75,effective,8,ca,872.0114735232637,-0.4471234576434577,0.4471234576434577,sloppy,raw,limited identifiability/sloppiness under Vm-only observation; not biological degeneracy
CONTROL_75nA.db,CONTROL,75,effective,8,eps,0.002367184084906759,2.0857868218916026e-05,2.0857868218916026e-05,sloppy,raw,limited identifiability/sloppiness under Vm-only observation; not biological degeneracy
CONTROL_75nA.db,CONTROL,75,effective,8,K_bath_value_middle,8.755954593865454,-1.1061950573265644e-05,1.1061950573265644e-05,sloppy,raw,limited identifiability/sloppiness under Vm-only observation; not biological degeneracy
CONTROL_75nA.db,CONTROL,75,effective,9,P_gap_eff,7.688694890666813e-06,4.395162792641202e-08,4.395162792641202e-08,sloppy,effective,limited identifiability/sloppiness under Vm-only observation; not biological degeneracy
CONTROL_75nA.db,CONTROL,75,effective,9,gamma_t_eff,8.311215695332037e-06,-4.3950449528014896e-08,4.3950449528014896e-08,sloppy,effective,limited identifiability/sloppiness under Vm-only observation; not biological degeneracy
CONTROL_75nA.db,CONTROL,75,effective,9,gamma_s_eff,6.86542049542796e-05,-0.9999999999999954,0.9999999999999954,sloppy,effective,limited identifiability/sloppiness under Vm-only observation; not biological degeneracy
CONTROL_75nA.db,CONTROL,75,effective,9,volume_ratio_wa_wo,1.5270157179498545,9.68902925941839e-12,9.68902925941839e-12,sloppy,effective,limited identifiability/sloppiness under Vm-only observation; not biological degeneracy
CONTROL_75nA.db,CONTROL,75,effective,9,gki,77.53472186282886,4.3948173299994813e-08,4.3948173299994813e-08,sloppy,raw,limited identifiability/sloppiness under Vm-only observation; not biological degeneracy
CONTROL_75nA.db,CONTROL,75,effective,9,gl_a,7.156359793447492,4.3949070888550076e-08,4.3949070888550076e-08,sloppy,raw,limited identifiability/sloppiness under Vm-only observation; not biological degeneracy
CONTROL_75nA.db,CONTROL,75,effective,9,ca,872.0114735232637,4.393875612396064e-08,4.393875612396064e-08,sloppy,raw,limited identifiability/sloppiness under Vm-only observation; not biological degeneracy
CONTROL_75nA.db,CONTROL,75,effective,9,eps,0.002367184084906759,-2.047289580584825e-12,2.047289580584825e-12,sloppy,raw,limited identifiability/sloppiness under Vm-only observation; not biological degeneracy
CONTROL_75nA.db,CONTROL,75,effective,9,K_bath_value_middle,8.755954593865454,1.0870634062716292e-12,1.0870634062716292e-12,sloppy,raw,limited identifiability/sloppiness under Vm-only observation; not biological degeneracy
CONTROL_75nA.db,CONTROL,75,raw,1,d,0.02263181880995338,0.05020052292205391,0.05020052292205391,stiff,raw,limited identifiability/sloppiness under Vm-only observation; not biological degeneracy
CONTROL_75nA.db,CONTROL,75,raw,1,pk,0.0003397294294034095,0.05020053306444294,0.05020053306444294,stiff,raw,limited identifiability/sloppiness under Vm-only observation; not biological degeneracy
CONTROL_75nA.db,CONTROL,75,raw,1,gt,1.0023845579551396,0.10060247957148596,0.10060247957148596,stiff,raw,limited identifiability/sloppiness under Vm-only observation; not biological degeneracy
CONTROL_75nA.db,CONTROL,75,raw,1,gs,8.280126206267084,0.0,0.0,stiff,raw,limited identifiability/sloppiness under Vm-only observation; not biological degeneracy
CONTROL_75nA.db,CONTROL,75,raw,1,wo,1309.7442131670828,-0.08855383465329596,0.08855383465329596,stiff,raw,limited identifiability/sloppiness under Vm-only observation; not biological degeneracy
CONTROL_75nA.db,CONTROL,75,raw,1,gki,77.53472186282886,-0.04358596078931593,0.04358596078931593,stiff,raw,limited identifiability/sloppiness under Vm-only observation; not biological degeneracy
CONTROL_75nA.db,CONTROL,75,raw,1,gl_a,7.156359793447492,0.09313907901878145,0.09313907901878145,stiff,raw,limited identifiability/sloppiness under Vm-only observation; not biological degeneracy
CONTROL_75nA.db,CONTROL,75,raw,1,ca,872.0114735232637,0.0008482787912899414,0.0008482787912899414,stiff,raw,limited identifiability/sloppiness under Vm-only observation; not biological degeneracy
CONTROL_75nA.db,CONTROL,75,raw,1,eps,0.002367184084906759,-0.10208585623686477,0.10208585623686477,stiff,raw,limited identifiability/sloppiness under Vm-only observation; not biological degeneracy
CONTROL_75nA.db,CONTROL,75,raw,1,K_bath_value_middle,8.755954593865454,-0.9777526823342124,0.9777526823342124,stiff,raw,limited identifiability/sloppiness under Vm-only observation; not biological degeneracy
CONTROL_75nA.db,CONTROL,75,raw,2,d,0.02263181880995338,0.45702050253144155,0.45702050253144155,stiff,raw,limited identifiability/sloppiness under Vm-only observation; not biological degeneracy
CONTROL_75nA.db,CONTROL,75,raw,2,pk,0.0003397294294034095,0.45702055100789435,0.45702055100789435,stiff,raw,limited identifiability/sloppiness under Vm-only observation; not biological degeneracy
CONTROL_75nA.db,CONTROL,75,raw,2,gt,1.0023845579551396,0.4355890276055925,0.4355890276055925,stiff,raw,limited identifiability/sloppiness under Vm-only observation; not biological degeneracy
CONTROL_75nA.db,CONTROL,75,raw,2,gs,8.280126206267084,0.0,0.0,stiff,raw,limited identifiability/sloppiness under Vm-only observation; not biological degeneracy
CONTROL_75nA.db,CONTROL,75,raw,2,wo,1309.7442131670828,-0.018792302969844445,0.018792302969844445,stiff,raw,limited identifiability/sloppiness under Vm-only observation; not biological degeneracy
CONTROL_75nA.db,CONTROL,75,raw,2,gki,77.53472186282886,0.053750661184877785,0.053750661184877785,stiff,raw,limited identifiability/sloppiness under Vm-only observation; not biological degeneracy
CONTROL_75nA.db,CONTROL,75,raw,2,gl_a,7.156359793447492,-0.03544978697965665,0.03544978697965665,stiff,raw,limited identifiability/sloppiness under Vm-only observation; not biological degeneracy
CONTROL_75nA.db,CONTROL,75,raw,2,ca,872.0114735232637,-0.039729321886791326,0.039729321886791326,stiff,raw,limited identifiability/sloppiness under Vm-only observation; not biological degeneracy
CONTROL_75nA.db,CONTROL,75,raw,2,eps,0.002367184084906759,0.6212329220858269,0.6212329220858269,stiff,raw,limited identifiability/sloppiness under Vm-only observation; not biological degeneracy
CONTROL_75nA.db,CONTROL,75,raw,2,K_bath_value_middle,8.755954593865454,0.022780279310403995,0.022780279310403995,stiff,raw,limited identifiability/sloppiness under Vm-only observation; not biological degeneracy
CONTROL_75nA.db,CONTROL,75,raw,3,d,0.02263181880995338,0.4115411983738573,0.4115411983738573,stiff,raw,limited identifiability/sloppiness under Vm-only observation; not biological degeneracy
CONTROL_75nA.db,CONTROL,75,raw,3,pk,0.0003397294294034095,0.41154042168743704,0.41154042168743704,stiff,raw,limited identifiability/sloppiness under Vm-only observation; not biological degeneracy
CONTROL_75nA.db,CONTROL,75,raw,3,gt,1.0023845579551396,-0.06064822622793505,0.06064822622793505,stiff,raw,limited identifiability/sloppiness under Vm-only observation; not biological degeneracy
CONTROL_75nA.db,CONTROL,75,raw,3,gs,8.280126206267084,1.1102230246251565e-16,1.1102230246251565e-16,stiff,raw,limited identifiability/sloppiness under Vm-only observation; not biological degeneracy
CONTROL_75nA.db,CONTROL,75,raw,3,wo,1309.7442131670828,0.19901172956147373,0.19901172956147373,stiff,raw,limited identifiability/sloppiness under Vm-only observation; not biological degeneracy
CONTROL_75nA.db,CONTROL,75,raw,3,gki,77.53472186282886,0.0019236846790718146,0.0019236846790718146,stiff,raw,limited identifiability/sloppiness under Vm-only observation; not biological degeneracy
CONTROL_75nA.db,CONTROL,75,raw,3,gl_a,7.156359793447492,-0.5221751286023739,0.5221751286023739,stiff,raw,limited identifiability/sloppiness under Vm-only observation; not biological degeneracy
CONTROL_75nA.db,CONTROL,75,raw,3,ca,872.0114735232637,0.04806417075128665,0.04806417075128665,stiff,raw,limited identifiability/sloppiness under Vm-only observation; not biological degeneracy
CONTROL_75nA.db,CONTROL,75,raw,3,eps,0.002367184084906759,-0.5849327495493242,0.5849327495493242,stiff,raw,limited identifiability/sloppiness under Vm-only observation; not biological degeneracy
CONTROL_75nA.db,CONTROL,75,raw,3,K_bath_value_middle,8.755954593865454,0.029281325306446948,0.029281325306446948,stiff,raw,limited identifiability/sloppiness under Vm-only observation; not biological degeneracy
CONTROL_75nA.db,CONTROL,75,raw,4,d,0.02263181880995338,0.05278824298381093,0.05278824298381093,stiff,raw,limited identifiability/sloppiness under Vm-only observation; not biological degeneracy
CONTROL_75nA.db,CONTROL,75,raw,4,pk,0.0003397294294034095,0.052787278330093404,0.052787278330093404,stiff,raw,limited identifiability/sloppiness under Vm-only observation; not biological degeneracy
CONTROL_75nA.db,CONTROL,75,raw,4,gt,1.0023845579551396,0.6289139525720691,0.6289139525720691,stiff,raw,limited identifiability/sloppiness under Vm-only observation; not biological degeneracy
CONTROL_75nA.db,CONTROL,75,raw,4,gs,8.280126206267084,0.0,0.0,stiff,raw,limited identifiability/sloppiness under Vm-only observation; not biological degeneracy
CONTROL_75nA.db,CONTROL,75,raw,4,wo,1309.7442131670828,0.010623726265026041,0.010623726265026041,stiff,raw,limited identifiability/sloppiness under Vm-only observation; not biological degeneracy
CONTROL_75nA.db,CONTROL,75,raw,4,gki,77.53472186282886,-0.03000201495637773,0.03000201495637773,stiff,raw,limited identifiability/sloppiness under Vm-only observation; not biological degeneracy
CONTROL_75nA.db,CONTROL,75,raw,4,gl_a,7.156359793447492,0.5729593782060692,0.5729593782060692,stiff,raw,limited identifiability/sloppiness under Vm-only observation; not biological degeneracy
CONTROL_75nA.db,CONTROL,75,raw,4,ca,872.0114735232637,0.03316842201069597,0.03316842201069597,stiff,raw,limited identifiability/sloppiness under Vm-only observation; not biological degeneracy
CONTROL_75nA.db,CONTROL,75,raw,4,eps,0.002367184084906759,-0.4873633777913225,0.4873633777913225,stiff,raw,limited identifiability/sloppiness under Vm-only observation; not biological degeneracy
CONTROL_75nA.db,CONTROL,75,raw,4,K_bath_value_middle,8.755954593865454,0.17599859415072389,0.17599859415072389,stiff,raw,limited identifiability/sloppiness under Vm-only observation; not biological degeneracy
CONTROL_75nA.db,CONTROL,75,raw,5,d,0.02263181880995338,-0.1669578734405947,0.1669578734405947,sloppy,raw,limited identifiability/sloppiness under Vm-only observation; not biological degeneracy
CONTROL_75nA.db,CONTROL,75,raw,5,pk,0.0003397294294034095,-0.16695515929660573,0.16695515929660573,sloppy,raw,limited identifiability/sloppiness under Vm-only observation; not biological degeneracy
CONTROL_75nA.db,CONTROL,75,raw,5,gt,1.0023845579551396,0.20288706693509256,0.20288706693509256,sloppy,raw,limited identifiability/sloppiness under Vm-only observation; not biological degeneracy
CONTROL_75nA.db,CONTROL,75,raw,5,gs,8.280126206267084,2.914335439641036e-16,2.914335439641036e-16,sloppy,raw,limited identifiability/sloppiness under Vm-only observation; not biological degeneracy
CONTROL_75nA.db,CONTROL,75,raw,5,wo,1309.7442131670828,0.8447198920403437,0.8447198920403437,sloppy,raw,limited identifiability/sloppiness under Vm-only observation; not biological degeneracy
CONTROL_75nA.db,CONTROL,75,raw,5,gki,77.53472186282886,0.4017308687755032,0.4017308687755032,sloppy,raw,limited identifiability/sloppiness under Vm-only observation; not biological degeneracy
CONTROL_75nA.db,CONTROL,75,raw,5,gl_a,7.156359793447492,-0.07371334832576415,0.07371334832576415,sloppy,raw,limited identifiability/sloppiness under Vm-only observation; not biological degeneracy
CONTROL_75nA.db,CONTROL,75,raw,5,ca,872.0114735232637,0.042052200662392215,0.042052200662392215,sloppy,raw,limited identifiability/sloppiness under Vm-only observation; not biological degeneracy
CONTROL_75nA.db,CONTROL,75,raw,5,eps,0.002367184084906759,0.09661906030198242,0.09661906030198242,sloppy,raw,limited identifiability/sloppiness under Vm-only observation; not biological degeneracy
CONTROL_75nA.db,CONTROL,75,raw,5,K_bath_value_middle,8.755954593865454,-0.10775530752385196,0.10775530752385196,sloppy,raw,limited identifiability/sloppiness under Vm-only observation; not biological degeneracy
CONTROL_75nA.db,CONTROL,75,raw,6,d,0.02263181880995338,-0.13862361652932484,0.13862361652932484,sloppy,raw,limited identifiability/sloppiness under Vm-only observation; not biological degeneracy
CONTROL_75nA.db,CONTROL,75,raw,6,pk,0.0003397294294034095,-0.13861806202473037,0.13861806202473037,sloppy,raw,limited identifiability/sloppiness under Vm-only observation; not biological degeneracy
CONTROL_75nA.db,CONTROL,75,raw,6,gt,1.0023845579551396,0.2891276862423537,0.2891276862423537,sloppy,raw,limited identifiability/sloppiness under Vm-only observation; not biological degeneracy
CONTROL_75nA.db,CONTROL,75,raw,6,gs,8.280126206267084,-2.435551760271437e-15,2.435551760271437e-15,sloppy,raw,limited identifiability/sloppiness under Vm-only observation; not biological degeneracy
CONTROL_75nA.db,CONTROL,75,raw,6,wo,1309.7442131670828,-0.48715301913684306,0.48715301913684306,sloppy,raw,limited identifiability/sloppiness under Vm-only observation; not biological degeneracy
CONTROL_75nA.db,CONTROL,75,raw,6,gki,77.53472186282886,0.7236082681324543,0.7236082681324543,sloppy,raw,limited identifiability/sloppiness under Vm-only observation; not biological degeneracy
CONTROL_75nA.db,CONTROL,75,raw,6,gl_a,7.156359793447492,-0.3276536052427103,0.3276536052427103,sloppy,raw,limited identifiability/sloppiness under Vm-only observation; not biological degeneracy
CONTROL_75nA.db,CONTROL,75,raw,6,ca,872.0114735232637,0.03171792256242916,0.03171792256242916,sloppy,raw,limited identifiability/sloppiness under Vm-only observation; not biological degeneracy
CONTROL_75nA.db,CONTROL,75,raw,6,eps,0.002367184084906759,-0.09299970597734245,0.09299970597734245,sloppy,raw,limited identifiability/sloppiness under Vm-only observation; not biological degeneracy
CONTROL_75nA.db,CONTROL,75,raw,6,K_bath_value_middle,8.755954593865454,0.005904248732609432,0.005904248732609432,sloppy,raw,limited identifiability/sloppiness under Vm-only observation; not biological degeneracy
CONTROL_75nA.db,CONTROL,75,raw,7,d,0.02263181880995338,0.11747653643274607,0.11747653643274607,sloppy,raw,limited identifiability/sloppiness under Vm-only observation; not biological degeneracy
CONTROL_75nA.db,CONTROL,75,raw,7,pk,0.0003397294294034095,0.11749321437827609,0.11749321437827609,sloppy,raw,limited identifiability/sloppiness under Vm-only observation; not biological degeneracy
CONTROL_75nA.db,CONTROL,75,raw,7,gt,1.0023845579551396,-0.23219947375947106,0.23219947375947106,sloppy,raw,limited identifiability/sloppiness under Vm-only observation; not biological degeneracy
CONTROL_75nA.db,CONTROL,75,raw,7,gs,8.280126206267084,3.733124920302089e-15,3.733124920302089e-15,sloppy,raw,limited identifiability/sloppiness under Vm-only observation; not biological degeneracy
CONTROL_75nA.db,CONTROL,75,raw,7,wo,1309.7442131670828,0.03488215537503983,0.03488215537503983,sloppy,raw,limited identifiability/sloppiness under Vm-only observation; not biological degeneracy
CONTROL_75nA.db,CONTROL,75,raw,7,gki,77.53472186282886,0.29508621933952306,0.29508621933952306,sloppy,raw,limited identifiability/sloppiness under Vm-only observation; not biological degeneracy
CONTROL_75nA.db,CONTROL,75,raw,7,gl_a,7.156359793447492,0.23256577681547128,0.23256577681547128,sloppy,raw,limited identifiability/sloppiness under Vm-only observation; not biological degeneracy
CONTROL_75nA.db,CONTROL,75,raw,7,ca,872.0114735232637,-0.8775546618433636,0.8775546618433636,sloppy,raw,limited identifiability/sloppiness under Vm-only observation; not biological degeneracy
CONTROL_75nA.db,CONTROL,75,raw,7,eps,0.002367184084906759,-0.07742455909075438,0.07742455909075438,sloppy,raw,limited identifiability/sloppiness under Vm-only observation; not biological degeneracy
CONTROL_75nA.db,CONTROL,75,raw,7,K_bath_value_middle,8.755954593865454,0.0013354107035293689,0.0013354107035293689,sloppy,raw,limited identifiability/sloppiness under Vm-only observation; not biological degeneracy
CONTROL_75nA.db,CONTROL,75,raw,8,d,0.02263181880995338,0.27403424233339124,0.27403424233339124,sloppy,raw,limited identifiability/sloppiness under Vm-only observation; not biological degeneracy
CONTROL_75nA.db,CONTROL,75,raw,8,pk,0.0003397294294034095,0.19671303450432273,0.19671303450432273,sloppy,raw,limited identifiability/sloppiness under Vm-only observation; not biological degeneracy
CONTROL_75nA.db,CONTROL,75,raw,8,gt,1.0023845579551396,-0.4707350557831773,0.4707350557831773,sloppy,raw,limited identifiability/sloppiness under Vm-only observation; not biological degeneracy
CONTROL_75nA.db,CONTROL,75,raw,8,gs,8.280126206267084,6.967222104803383e-08,6.967222104803383e-08,sloppy,raw,limited identifiability/sloppiness under Vm-only observation; not biological degeneracy
CONTROL_75nA.db,CONTROL,75,raw,8,wo,1309.7442131670828,-0.00010390235280844165,0.00010390235280844165,sloppy,raw,limited identifiability/sloppiness under Vm-only observation; not biological degeneracy
CONTROL_75nA.db,CONTROL,75,raw,8,gki,77.53472186282886,0.47071313823695565,0.47071313823695565,sloppy,raw,limited identifiability/sloppiness under Vm-only observation; not biological degeneracy
CONTROL_75nA.db,CONTROL,75,raw,8,gl_a,7.156359793447492,0.4707201352781884,0.4707201352781884,sloppy,raw,limited identifiability/sloppiness under Vm-only observation; not biological degeneracy
CONTROL_75nA.db,CONTROL,75,raw,8,ca,872.0114735232637,0.4706053629729956,0.4706053629729956,sloppy,raw,limited identifiability/sloppiness under Vm-only observation; not biological degeneracy
CONTROL_75nA.db,CONTROL,75,raw,8,eps,0.002367184084906759,-2.211464154310526e-05,2.211464154310526e-05,sloppy,raw,limited identifiability/sloppiness under Vm-only observation; not biological degeneracy
CONTROL_75nA.db,CONTROL,75,raw,8,K_bath_value_middle,8.755954593865454,1.1522550927817177e-05,1.1522550927817177e-05,sloppy,raw,limited identifiability/sloppiness under Vm-only observation; not biological degeneracy
CONTROL_75nA.db,CONTROL,75,raw,9,d,0.02263181880995338,-0.693161215056586,0.693161215056586,sloppy,raw,limited identifiability/sloppiness under Vm-only observation; not biological degeneracy
CONTROL_75nA.db,CONTROL,75,raw,9,pk,0.0003397294294034095,0.7189370217854028,0.7189370217854028,sloppy,raw,limited identifiability/sloppiness under Vm-only observation; not biological degeneracy
CONTROL_75nA.db,CONTROL,75,raw,9,gt,1.0023845579551396,-0.02577409184646111,0.02577409184646111,sloppy,raw,limited identifiability/sloppiness under Vm-only observation; not biological degeneracy
CONTROL_75nA.db,CONTROL,75,raw,9,gs,8.280126206267084,2.208530637759498e-06,2.208530637759498e-06,sloppy,raw,limited identifiability/sloppiness under Vm-only observation; not biological degeneracy
CONTROL_75nA.db,CONTROL,75,raw,9,wo,1309.7442131670828,-5.690672625249804e-06,5.690672625249804e-06,sloppy,raw,limited identifiability/sloppiness under Vm-only observation; not biological degeneracy
CONTROL_75nA.db,CONTROL,75,raw,9,gki,77.53472186282886,0.025767362890269308,0.025767362890269308,sloppy,raw,limited identifiability/sloppiness under Vm-only observation; not biological degeneracy
CONTROL_75nA.db,CONTROL,75,raw,9,gl_a,7.156359793447492,0.02577365913855638,0.02577365913855638,sloppy,raw,limited identifiability/sloppiness under Vm-only observation; not biological degeneracy
CONTROL_75nA.db,CONTROL,75,raw,9,ca,872.0114735232637,0.02577879560063659,0.02577879560063659,sloppy,raw,limited identifiability/sloppiness under Vm-only observation; not biological degeneracy
CONTROL_75nA.db,CONTROL,75,raw,9,eps,0.002367184084906759,-7.916198218951842e-07,7.916198218951842e-07,sloppy,raw,limited identifiability/sloppiness under Vm-only observation; not biological degeneracy
CONTROL_75nA.db,CONTROL,75,raw,9,K_bath_value_middle,8.755954593865454,9.416246006255236e-07,9.416246006255236e-07,sloppy,raw,limited identifiability/sloppiness under Vm-only observation; not biological degeneracy
CONTROL_75nA.db,CONTROL,75,raw,10,d,0.02263181880995338,-1.5117752053040753e-06,1.5117752053040753e-06,sloppy,raw,limited identifiability/sloppiness under Vm-only observation; not biological degeneracy
CONTROL_75nA.db,CONTROL,75,raw,10,pk,0.0003397294294034095,1.6014998739136969e-06,1.6014998739136969e-06,sloppy,raw,limited identifiability/sloppiness under Vm-only observation; not biological degeneracy
CONTROL_75nA.db,CONTROL,75,raw,10,gt,1.0023845579551396,-8.972002980357847e-08,8.972002980357847e-08,sloppy,raw,limited identifiability/sloppiness under Vm-only observation; not biological degeneracy
CONTROL_75nA.db,CONTROL,75,raw,10,gs,8.280126206267084,-0.9999999999975588,0.9999999999975588,sloppy,raw,limited identifiability/sloppiness under Vm-only observation; not biological degeneracy
CONTROL_75nA.db,CONTROL,75,raw,10,wo,1309.7442131670828,-1.9805568614094526e-11,1.9805568614094526e-11,sloppy,raw,limited identifiability/sloppiness under Vm-only observation; not biological degeneracy
CONTROL_75nA.db,CONTROL,75,raw,10,gki,77.53472186282886,8.970363959947532e-08,8.970363959947532e-08,sloppy,raw,limited identifiability/sloppiness under Vm-only observation; not biological degeneracy
CONTROL_75nA.db,CONTROL,75,raw,10,gl_a,7.156359793447492,8.971803485733962e-08,8.971803485733962e-08,sloppy,raw,limited identifiability/sloppiness under Vm-only observation; not biological degeneracy
CONTROL_75nA.db,CONTROL,75,raw,10,ca,872.0114735232637,8.972137742365051e-08,8.972137742365051e-08,sloppy,raw,limited identifiability/sloppiness under Vm-only observation; not biological degeneracy
CONTROL_75nA.db,CONTROL,75,raw,10,eps,0.002367184084906759,-3.2890749102500876e-12,3.2890749102500876e-12,sloppy,raw,limited identifiability/sloppiness under Vm-only observation; not biological degeneracy
CONTROL_75nA.db,CONTROL,75,raw,10,K_bath_value_middle,8.755954593865454,2.8823743162196527e-12,2.8823743162196527e-12,sloppy,raw,limited identifiability/sloppiness under Vm-only observation; not biological degeneracy
MFA_100nA.db,MFA,100,effective,1,P_gap_eff,6.457559950192216e-05,0.08192977098352429,0.08192977098352429,stiff,effective,limited identifiability/sloppiness under Vm-only observation; not biological degeneracy
MFA_100nA.db,MFA,100,effective,1,gamma_t_eff,1.8286349662011145e-05,0.09209680994050795,0.09209680994050795,stiff,effective,limited identifiability/sloppiness under Vm-only observation; not biological degeneracy
MFA_100nA.db,MFA,100,effective,1,gamma_s_eff,0.0012798478090465277,-0.0012393648167284318,0.0012393648167284318,stiff,effective,limited identifiability/sloppiness under Vm-only observation; not biological degeneracy
MFA_100nA.db,MFA,100,effective,1,volume_ratio_wa_wo,0.19020250522582166,0.09317319859192388,0.09317319859192388,stiff,effective,limited identifiability/sloppiness under Vm-only observation; not biological degeneracy
MFA_100nA.db,MFA,100,effective,1,gki,160.261676309765,-0.06359736683303337,0.06359736683303337,stiff,raw,limited identifiability/sloppiness under Vm-only observation; not biological degeneracy
MFA_100nA.db,MFA,100,effective,1,gl_a,9.0177333817081,0.07248716600934184,0.07248716600934184,stiff,raw,limited identifiability/sloppiness under Vm-only observation; not biological degeneracy
MFA_100nA.db,MFA,100,effective,1,ca,389.0,4.0496781572092784e-05,4.0496781572092784e-05,stiff,raw,limited identifiability/sloppiness under Vm-only observation; not biological degeneracy
MFA_100nA.db,MFA,100,effective,1,eps,0.00145587137746065,-0.10444383555781118,0.10444383555781118,stiff,raw,limited identifiability/sloppiness under Vm-only observation; not biological degeneracy
MFA_100nA.db,MFA,100,effective,1,K_bath_value_middle,9.17216412447699,-0.9777092505106991,0.9777092505106991,stiff,raw,limited identifiability/sloppiness under Vm-only observation; not biological degeneracy
MFA_100nA.db,MFA,100,effective,2,P_gap_eff,6.457559950192216e-05,-0.35968207880490805,0.35968207880490805,stiff,effective,limited identifiability/sloppiness under Vm-only observation; not biological degeneracy
MFA_100nA.db,MFA,100,effective,2,gamma_t_eff,1.8286349662011145e-05,-0.32157877572757626,0.32157877572757626,stiff,effective,limited identifiability/sloppiness under Vm-only observation; not biological degeneracy
MFA_100nA.db,MFA,100,effective,2,gamma_s_eff,0.0012798478090465277,-0.014204821693940467,0.014204821693940467,stiff,effective,limited identifiability/sloppiness under Vm-only observation; not biological degeneracy
MFA_100nA.db,MFA,100,effective,2,volume_ratio_wa_wo,0.19020250522582166,-0.3339008231141395,0.3339008231141395,stiff,effective,limited identifiability/sloppiness under Vm-only observation; not biological degeneracy
MFA_100nA.db,MFA,100,effective,2,gki,160.261676309765,-0.037211674026288555,0.037211674026288555,stiff,raw,limited identifiability/sloppiness under Vm-only observation; not biological degeneracy
MFA_100nA.db,MFA,100,effective,2,gl_a,9.0177333817081,0.053300743007456526,0.053300743007456526,stiff,raw,limited identifiability/sloppiness under Vm-only observation; not biological degeneracy
MFA_100nA.db,MFA,100,effective,2,ca,389.0,0.007852977979406187,0.007852977979406187,stiff,raw,limited identifiability/sloppiness under Vm-only observation; not biological degeneracy
MFA_100nA.db,MFA,100,effective,2,eps,0.00145587137746065,-0.8069924968670757,0.8069924968670757,stiff,raw,limited identifiability/sloppiness under Vm-only observation; not biological degeneracy
MFA_100nA.db,MFA,100,effective,2,K_bath_value_middle,9.17216412447699,0.0003455439042032715,0.0003455439042032715,stiff,raw,limited identifiability/sloppiness under Vm-only observation; not biological degeneracy
MFA_100nA.db,MFA,100,effective,3,P_gap_eff,6.457559950192216e-05,-0.7016539357643109,0.7016539357643109,stiff,effective,limited identifiability/sloppiness under Vm-only observation; not biological degeneracy
MFA_100nA.db,MFA,100,effective,3,gamma_t_eff,1.8286349662011145e-05,-0.07673710308967117,0.07673710308967117,stiff,effective,limited identifiability/sloppiness under Vm-only observation; not biological degeneracy
MFA_100nA.db,MFA,100,effective,3,gamma_s_eff,0.0012798478090465277,0.007800357119147044,0.007800357119147044,stiff,effective,limited identifiability/sloppiness under Vm-only observation; not biological degeneracy
MFA_100nA.db,MFA,100,effective,3,volume_ratio_wa_wo,0.19020250522582166,-0.07036296036031899,0.07036296036031899,stiff,effective,limited identifiability/sloppiness under Vm-only observation; not biological degeneracy
MFA_100nA.db,MFA,100,effective,3,gki,160.261676309765,0.06874536791298375,0.06874536791298375,stiff,raw,limited identifiability/sloppiness under Vm-only observation; not biological degeneracy
MFA_100nA.db,MFA,100,effective,3,gl_a,9.0177333817081,0.5662621840772009,0.5662621840772009,stiff,raw,limited identifiability/sloppiness under Vm-only observation; not biological degeneracy
MFA_100nA.db,MFA,100,effective,3,ca,389.0,-0.0022330330167060325,0.0022330330167060325,stiff,raw,limited identifiability/sloppiness under Vm-only observation; not biological degeneracy
MFA_100nA.db,MFA,100,effective,3,eps,0.00145587137746065,0.4064624772957839,0.4064624772957839,stiff,raw,limited identifiability/sloppiness under Vm-only observation; not biological degeneracy
MFA_100nA.db,MFA,100,effective,3,K_bath_value_middle,9.17216412447699,-0.07865024515379654,0.07865024515379654,stiff,raw,limited identifiability/sloppiness under Vm-only observation; not biological degeneracy
MFA_100nA.db,MFA,100,effective,4,P_gap_eff,6.457559950192216e-05,0.0299539988476219,0.0299539988476219,sloppy,effective,limited identifiability/sloppiness under Vm-only observation; not biological degeneracy
MFA_100nA.db,MFA,100,effective,4,gamma_t_eff,1.8286349662011145e-05,-0.5914531110449682,0.5914531110449682,sloppy,effective,limited identifiability/sloppiness under Vm-only observation; not biological degeneracy
MFA_100nA.db,MFA,100,effective,4,gamma_s_eff,0.0012798478090465277,0.06909889348193232,0.06909889348193232,sloppy,effective,limited identifiability/sloppiness under Vm-only observation; not biological degeneracy
MFA_100nA.db,MFA,100,effective,4,volume_ratio_wa_wo,0.19020250522582166,-0.5094925824317317,0.5094925824317317,sloppy,effective,limited identifiability/sloppiness under Vm-only observation; not biological degeneracy
MFA_100nA.db,MFA,100,effective,4,gki,160.261676309765,-0.14516700066826138,0.14516700066826138,sloppy,raw,limited identifiability/sloppiness under Vm-only observation; not biological degeneracy
MFA_100nA.db,MFA,100,effective,4,gl_a,9.0177333817081,-0.4082567694894575,0.4082567694894575,sloppy,raw,limited identifiability/sloppiness under Vm-only observation; not biological degeneracy
MFA_100nA.db,MFA,100,effective,4,ca,389.0,0.0010904915786815893,0.0010904915786815893,sloppy,raw,limited identifiability/sloppiness under Vm-only observation; not biological degeneracy
MFA_100nA.db,MFA,100,effective,4,eps,0.00145587137746065,0.4115971438527072,0.4115971438527072,sloppy,raw,limited identifiability/sloppiness under Vm-only observation; not biological degeneracy
MFA_100nA.db,MFA,100,effective,4,K_bath_value_middle,9.17216412447699,-0.16663787336109315,0.16663787336109315,sloppy,raw,limited identifiability/sloppiness under Vm-only observation; not biological degeneracy
MFA_100nA.db,MFA,100,effective,5,P_gap_eff,6.457559950192216e-05,0.22422813905960398,0.22422813905960398,sloppy,effective,limited identifiability/sloppiness under Vm-only observation; not biological degeneracy
MFA_100nA.db,MFA,100,effective,5,gamma_t_eff,1.8286349662011145e-05,-0.3483700008848873,0.3483700008848873,sloppy,effective,limited identifiability/sloppiness under Vm-only observation; not biological degeneracy
MFA_100nA.db,MFA,100,effective,5,gamma_s_eff,0.0012798478090465277,0.8174479479698394,0.8174479479698394,sloppy,effective,limited identifiability/sloppiness under Vm-only observation; not biological degeneracy
MFA_100nA.db,MFA,100,effective,5,volume_ratio_wa_wo,0.19020250522582166,0.24618478248912082,0.24618478248912082,sloppy,effective,limited identifiability/sloppiness under Vm-only observation; not biological degeneracy
MFA_100nA.db,MFA,100,effective,5,gki,160.261676309765,-0.06027366580825476,0.06027366580825476,sloppy,raw,limited identifiability/sloppiness under Vm-only observation; not biological degeneracy
MFA_100nA.db,MFA,100,effective,5,gl_a,9.0177333817081,0.30210936627687507,0.30210936627687507,sloppy,raw,limited identifiability/sloppiness under Vm-only observation; not biological degeneracy
MFA_100nA.db,MFA,100,effective,5,ca,389.0,0.001894384795324976,0.001894384795324976,sloppy,raw,limited identifiability/sloppiness under Vm-only observation; not biological degeneracy
MFA_100nA.db,MFA,100,effective,5,eps,0.00145587137746065,-0.05459904833636125,0.05459904833636125,sloppy,raw,limited identifiability/sloppiness under Vm-only observation; not biological degeneracy
MFA_100nA.db,MFA,100,effective,5,K_bath_value_middle,9.17216412447699,0.040550716551566945,0.040550716551566945,sloppy,raw,limited identifiability/sloppiness under Vm-only observation; not biological degeneracy
MFA_100nA.db,MFA,100,effective,6,P_gap_eff,6.457559950192216e-05,0.26605940704843967,0.26605940704843967,sloppy,effective,limited identifiability/sloppiness under Vm-only observation; not biological degeneracy
MFA_100nA.db,MFA,100,effective,6,gamma_t_eff,1.8286349662011145e-05,0.08087853481027153,0.08087853481027153,sloppy,effective,limited identifiability/sloppiness under Vm-only observation; not biological degeneracy
MFA_100nA.db,MFA,100,effective,6,gamma_s_eff,0.0012798478090465277,-0.18741473564413164,0.18741473564413164,sloppy,effective,limited identifiability/sloppiness under Vm-only observation; not biological degeneracy
MFA_100nA.db,MFA,100,effective,6,volume_ratio_wa_wo,0.19020250522582166,-0.22784198336450837,0.22784198336450837,sloppy,effective,limited identifiability/sloppiness under Vm-only observation; not biological degeneracy
MFA_100nA.db,MFA,100,effective,6,gki,160.261676309765,-0.8080156351169109,0.8080156351169109,sloppy,raw,limited identifiability/sloppiness under Vm-only observation; not biological degeneracy
MFA_100nA.db,MFA,100,effective,6,gl_a,9.0177333817081,0.4172036063040935,0.4172036063040935,sloppy,raw,limited identifiability/sloppiness under Vm-only observation; not biological degeneracy
MFA_100nA.db,MFA,100,effective,6,ca,389.0,0.018071574517265536,0.018071574517265536,sloppy,raw,limited identifiability/sloppiness under Vm-only observation; not biological degeneracy
MFA_100nA.db,MFA,100,effective,6,eps,0.00145587137746065,0.011786133010052092,0.011786133010052092,sloppy,raw,limited identifiability/sloppiness under Vm-only observation; not biological degeneracy
MFA_100nA.db,MFA,100,effective,6,K_bath_value_middle,9.17216412447699,0.0906707867207224,0.0906707867207224,sloppy,raw,limited identifiability/sloppiness under Vm-only observation; not biological degeneracy
MFA_100nA.db,MFA,100,effective,7,P_gap_eff,6.457559950192216e-05,-0.26196412905685784,0.26196412905685784,sloppy,effective,limited identifiability/sloppiness under Vm-only observation; not biological degeneracy
MFA_100nA.db,MFA,100,effective,7,gamma_t_eff,1.8286349662011145e-05,-0.38194096927358323,0.38194096927358323,sloppy,effective,limited identifiability/sloppiness under Vm-only observation; not biological degeneracy
MFA_100nA.db,MFA,100,effective,7,gamma_s_eff,0.0012798478090465277,-0.23891858923557427,0.23891858923557427,sloppy,effective,limited identifiability/sloppiness under Vm-only observation; not biological degeneracy
MFA_100nA.db,MFA,100,effective,7,volume_ratio_wa_wo,0.19020250522582166,0.6830453380054122,0.6830453380054122,sloppy,effective,limited identifiability/sloppiness under Vm-only observation; not biological degeneracy
MFA_100nA.db,MFA,100,effective,7,gki,160.261676309765,-0.3760884549522028,0.3760884549522028,sloppy,raw,limited identifiability/sloppiness under Vm-only observation; not biological degeneracy
MFA_100nA.db,MFA,100,effective,7,gl_a,9.0177333817081,-0.23571443607607565,0.23571443607607565,sloppy,raw,limited identifiability/sloppiness under Vm-only observation; not biological degeneracy
MFA_100nA.db,MFA,100,effective,7,ca,389.0,0.2541779560203808,0.2541779560203808,sloppy,raw,limited identifiability/sloppiness under Vm-only observation; not biological degeneracy
MFA_100nA.db,MFA,100,effective,7,eps,0.00145587137746065,-0.00519871330982228,0.00519871330982228,sloppy,raw,limited identifiability/sloppiness under Vm-only observation; not biological degeneracy
MFA_100nA.db,MFA,100,effective,7,K_bath_value_middle,9.17216412447699,0.015019445889230487,0.015019445889230487,sloppy,raw,limited identifiability/sloppiness under Vm-only observation; not biological degeneracy
MFA_100nA.db,MFA,100,effective,8,P_gap_eff,6.457559950192216e-05,-0.11782704177755991,0.11782704177755991,sloppy,effective,limited identifiability/sloppiness under Vm-only observation; not biological degeneracy
MFA_100nA.db,MFA,100,effective,8,gamma_t_eff,1.8286349662011145e-05,0.30230903728472774,0.30230903728472774,sloppy,effective,limited identifiability/sloppiness under Vm-only observation; not biological degeneracy
MFA_100nA.db,MFA,100,effective,8,gamma_s_eff,0.0012798478090465277,0.26028984717372233,0.26028984717372233,sloppy,effective,limited identifiability/sloppiness under Vm-only observation; not biological degeneracy
MFA_100nA.db,MFA,100,effective,8,volume_ratio_wa_wo,0.19020250522582166,-0.1903298839635293,0.1903298839635293,sloppy,effective,limited identifiability/sloppiness under Vm-only observation; not biological degeneracy
MFA_100nA.db,MFA,100,effective,8,gki,160.261676309765,-0.06260641340110595,0.06260641340110595,sloppy,raw,limited identifiability/sloppiness under Vm-only observation; not biological degeneracy
MFA_100nA.db,MFA,100,effective,8,gl_a,9.0177333817081,-0.12864187022037832,0.12864187022037832,sloppy,raw,limited identifiability/sloppiness under Vm-only observation; not biological degeneracy
MFA_100nA.db,MFA,100,effective,8,ca,389.0,0.8775867500477511,0.8775867500477511,sloppy,raw,limited identifiability/sloppiness under Vm-only observation; not biological degeneracy
MFA_100nA.db,MFA,100,effective,8,eps,0.00145587137746065,0.009145715810793924,0.009145715810793924,sloppy,raw,limited identifiability/sloppiness under Vm-only observation; not biological degeneracy
MFA_100nA.db,MFA,100,effective,8,K_bath_value_middle,9.17216412447699,-0.006270819789175652,0.006270819789175652,sloppy,raw,limited identifiability/sloppiness under Vm-only observation; not biological degeneracy
MFA_100nA.db,MFA,100,effective,9,P_gap_eff,6.457559950192216e-05,0.408811134976761,0.408811134976761,sloppy,effective,limited identifiability/sloppiness under Vm-only observation; not biological degeneracy
MFA_100nA.db,MFA,100,effective,9,gamma_t_eff,1.8286349662011145e-05,-0.40893428579872604,0.40893428579872604,sloppy,effective,limited identifiability/sloppiness under Vm-only observation; not biological degeneracy
MFA_100nA.db,MFA,100,effective,9,gamma_s_eff,0.0012798478090465277,-0.40839056889598246,0.40839056889598246,sloppy,effective,limited identifiability/sloppiness under Vm-only observation; not biological degeneracy
MFA_100nA.db,MFA,100,effective,9,volume_ratio_wa_wo,0.19020250522582166,0.00020647285795506037,0.00020647285795506037,sloppy,effective,limited identifiability/sloppiness under Vm-only observation; not biological degeneracy
MFA_100nA.db,MFA,100,effective,9,gki,160.261676309765,0.408518068419159,0.408518068419159,sloppy,raw,limited identifiability/sloppiness under Vm-only observation; not biological degeneracy
MFA_100nA.db,MFA,100,effective,9,gl_a,9.0177333817081,0.4088266700633941,0.4088266700633941,sloppy,raw,limited identifiability/sloppiness under Vm-only observation; not biological degeneracy
MFA_100nA.db,MFA,100,effective,9,ca,389.0,0.4060012879328972,0.4060012879328972,sloppy,raw,limited identifiability/sloppiness under Vm-only observation; not biological degeneracy
MFA_100nA.db,MFA,100,effective,9,eps,0.00145587137746065,-3.44782326738291e-05,3.44782326738291e-05,sloppy,raw,limited identifiability/sloppiness under Vm-only observation; not biological degeneracy
MFA_100nA.db,MFA,100,effective,9,K_bath_value_middle,9.17216412447699,3.2420821474699046e-05,3.2420821474699046e-05,sloppy,raw,limited identifiability/sloppiness under Vm-only observation; not biological degeneracy
MFA_100nA.db,MFA,100,raw,1,d,0.328998413734477,0.08178540323361598,0.08178540323361598,stiff,raw,limited identifiability/sloppiness under Vm-only observation; not biological degeneracy
MFA_100nA.db,MFA,100,raw,1,pk,0.000196279364295169,0.0817855281128933,0.0817855281128933,stiff,raw,limited identifiability/sloppiness under Vm-only observation; not biological degeneracy
MFA_100nA.db,MFA,100,raw,1,gt,0.580904957466494,0.09184003634544409,0.09184003634544409,stiff,raw,limited identifiability/sloppiness under Vm-only observation; not biological degeneracy
MFA_100nA.db,MFA,100,raw,1,gs,40.6570994659626,-0.0012342274854840595,0.0012342274854840595,stiff,raw,limited identifiability/sloppiness under Vm-only observation; not biological degeneracy
MFA_100nA.db,MFA,100,raw,1,wo,2769.63163747257,-0.09291366105559581,0.09291366105559581,stiff,raw,limited identifiability/sloppiness under Vm-only observation; not biological degeneracy
MFA_100nA.db,MFA,100,raw,1,gki,160.261676309765,-0.06338747160091444,0.06338747160091444,stiff,raw,limited identifiability/sloppiness under Vm-only observation; not biological degeneracy
MFA_100nA.db,MFA,100,raw,1,gl_a,9.0177333817081,0.07217095217373175,0.07217095217373175,stiff,raw,limited identifiability/sloppiness under Vm-only observation; not biological degeneracy
MFA_100nA.db,MFA,100,raw,1,ca,389.0,3.957667173102829e-05,3.957667173102829e-05,stiff,raw,limited identifiability/sloppiness under Vm-only observation; not biological degeneracy
MFA_100nA.db,MFA,100,raw,1,eps,0.00145587137746065,-0.10403397846336371,0.10403397846336371,stiff,raw,limited identifiability/sloppiness under Vm-only observation; not biological degeneracy
MFA_100nA.db,MFA,100,raw,1,K_bath_value_middle,9.17216412447699,-0.9744247139056916,0.9744247139056916,stiff,raw,limited identifiability/sloppiness under Vm-only observation; not biological degeneracy
MFA_100nA.db,MFA,100,raw,2,d,0.328998413734477,-0.44652475843647643,0.44652475843647643,stiff,raw,limited identifiability/sloppiness under Vm-only observation; not biological degeneracy
MFA_100nA.db,MFA,100,raw,2,pk,0.000196279364295169,-0.44652796267463485,0.44652796267463485,stiff,raw,limited identifiability/sloppiness under Vm-only observation; not biological degeneracy
MFA_100nA.db,MFA,100,raw,2,gt,0.580904957466494,-0.2920658941807018,0.2920658941807018,stiff,raw,limited identifiability/sloppiness under Vm-only observation; not biological degeneracy
MFA_100nA.db,MFA,100,raw,2,gs,40.6570994659626,-0.010998399477828585,0.010998399477828585,stiff,raw,limited identifiability/sloppiness under Vm-only observation; not biological degeneracy
MFA_100nA.db,MFA,100,raw,2,wo,2769.63163747257,0.30158371816997603,0.30158371816997603,stiff,raw,limited identifiability/sloppiness under Vm-only observation; not biological degeneracy
MFA_100nA.db,MFA,100,raw,2,gki,160.261676309765,-0.02147103916913923,0.02147103916913923,stiff,raw,limited identifiability/sloppiness under Vm-only observation; not biological degeneracy
MFA_100nA.db,MFA,100,raw,2,gl_a,9.0177333817081,0.15855784693420558,0.15855784693420558,stiff,raw,limited identifiability/sloppiness under Vm-only observation; not biological degeneracy
MFA_100nA.db,MFA,100,raw,2,ca,389.0,0.006424566736596802,0.006424566736596802,stiff,raw,limited identifiability/sloppiness under Vm-only observation; not biological degeneracy
MFA_100nA.db,MFA,100,raw,2,eps,0.00145587137746065,-0.6297808624104113,0.6297808624104113,stiff,raw,limited identifiability/sloppiness under Vm-only observation; not biological degeneracy
MFA_100nA.db,MFA,100,raw,2,K_bath_value_middle,9.17216412447699,-0.05084704700809578,0.05084704700809578,stiff,raw,limited identifiability/sloppiness under Vm-only observation; not biological degeneracy
MFA_100nA.db,MFA,100,raw,3,d,0.328998413734477,-0.4241296783518078,0.4241296783518078,stiff,raw,limited identifiability/sloppiness under Vm-only observation; not biological degeneracy
MFA_100nA.db,MFA,100,raw,3,pk,0.000196279364295169,-0.4241271151768576,0.4241271151768576,stiff,raw,limited identifiability/sloppiness under Vm-only observation; not biological degeneracy
MFA_100nA.db,MFA,100,raw,3,gt,0.580904957466494,0.06905714920857595,0.06905714920857595,stiff,raw,limited identifiability/sloppiness under Vm-only observation; not biological degeneracy
MFA_100nA.db,MFA,100,raw,3,gs,40.6570994659626,0.011846352054973436,0.011846352054973436,stiff,raw,limited identifiability/sloppiness under Vm-only observation; not biological degeneracy
MFA_100nA.db,MFA,100,raw,3,wo,2769.63163747257,-0.07912789806661581,0.07912789806661581,stiff,raw,limited identifiability/sloppiness under Vm-only observation; not biological degeneracy
MFA_100nA.db,MFA,100,raw,3,gki,160.261676309765,0.06859455251732251,0.06859455251732251,stiff,raw,limited identifiability/sloppiness under Vm-only observation; not biological degeneracy
MFA_100nA.db,MFA,100,raw,3,gl_a,9.0177333817081,0.44140842513345324,0.44140842513345324,stiff,raw,limited identifiability/sloppiness under Vm-only observation; not biological degeneracy
MFA_100nA.db,MFA,100,raw,3,ca,389.0,-0.004941302501563908,0.004941302501563908,stiff,raw,limited identifiability/sloppiness under Vm-only observation; not biological degeneracy
MFA_100nA.db,MFA,100,raw,3,eps,0.00145587137746065,0.6479689861963469,0.6479689861963469,stiff,raw,limited identifiability/sloppiness under Vm-only observation; not biological degeneracy
MFA_100nA.db,MFA,100,raw,3,K_bath_value_middle,9.17216412447699,-0.09810668677567969,0.09810668677567969,stiff,raw,limited identifiability/sloppiness under Vm-only observation; not biological degeneracy
MFA_100nA.db,MFA,100,raw,4,d,0.328998413734477,0.01843849840448922,0.01843849840448922,sloppy,raw,limited identifiability/sloppiness under Vm-only observation; not biological degeneracy
MFA_100nA.db,MFA,100,raw,4,pk,0.000196279364295169,0.01841831113322544,0.01841831113322544,sloppy,raw,limited identifiability/sloppiness under Vm-only observation; not biological degeneracy
MFA_100nA.db,MFA,100,raw,4,gt,0.580904957466494,-0.5947349175408873,0.5947349175408873,sloppy,raw,limited identifiability/sloppiness under Vm-only observation; not biological degeneracy
MFA_100nA.db,MFA,100,raw,4,gs,40.6570994659626,0.06944379979350276,0.06944379979350276,sloppy,raw,limited identifiability/sloppiness under Vm-only observation; not biological degeneracy
MFA_100nA.db,MFA,100,raw,4,wo,2769.63163747257,0.5126208338363055,0.5126208338363055,sloppy,raw,limited identifiability/sloppiness under Vm-only observation; not biological degeneracy
MFA_100nA.db,MFA,100,raw,4,gki,160.261676309765,-0.14476861146439732,0.14476861146439732,sloppy,raw,limited identifiability/sloppiness under Vm-only observation; not biological degeneracy
MFA_100nA.db,MFA,100,raw,4,gl_a,9.0177333817081,-0.40008965502157723,0.40008965502157723,sloppy,raw,limited identifiability/sloppiness under Vm-only observation; not biological degeneracy
MFA_100nA.db,MFA,100,raw,4,ca,389.0,0.0011159062688867443,0.0011159062688867443,sloppy,raw,limited identifiability/sloppiness under Vm-only observation; not biological degeneracy
MFA_100nA.db,MFA,100,raw,4,eps,0.00145587137746065,0.4115743575338664,0.4115743575338664,sloppy,raw,limited identifiability/sloppiness under Vm-only observation; not biological degeneracy
MFA_100nA.db,MFA,100,raw,4,K_bath_value_middle,9.17216412447699,-0.16608499296927184,0.16608499296927184,sloppy,raw,limited identifiability/sloppiness under Vm-only observation; not biological degeneracy
MFA_100nA.db,MFA,100,raw,5,d,0.328998413734477,-0.14945712576531042,0.14945712576531042,sloppy,raw,limited identifiability/sloppiness under Vm-only observation; not biological degeneracy
MFA_100nA.db,MFA,100,raw,5,pk,0.000196279364295169,-0.14939991217915016,0.14939991217915016,sloppy,raw,limited identifiability/sloppiness under Vm-only observation; not biological degeneracy
MFA_100nA.db,MFA,100,raw,5,gt,0.580904957466494,0.3561861435496607,0.3561861435496607,sloppy,raw,limited identifiability/sloppiness under Vm-only observation; not biological degeneracy
MFA_100nA.db,MFA,100,raw,5,gs,40.6570994659626,-0.7819606186957571,0.7819606186957571,sloppy,raw,limited identifiability/sloppiness under Vm-only observation; not biological degeneracy
MFA_100nA.db,MFA,100,raw,5,wo,2769.63163747257,0.19518124862889852,0.19518124862889852,sloppy,raw,limited identifiability/sloppiness under Vm-only observation; not biological degeneracy
MFA_100nA.db,MFA,100,raw,5,gki,160.261676309765,0.12504345938603081,0.12504345938603081,sloppy,raw,limited identifiability/sloppiness under Vm-only observation; not biological degeneracy
MFA_100nA.db,MFA,100,raw,5,gl_a,9.0177333817081,-0.3970210435809662,0.3970210435809662,sloppy,raw,limited identifiability/sloppiness under Vm-only observation; not biological degeneracy
MFA_100nA.db,MFA,100,raw,5,ca,389.0,-0.0032225313094010415,0.0032225313094010415,sloppy,raw,limited identifiability/sloppiness under Vm-only observation; not biological degeneracy
MFA_100nA.db,MFA,100,raw,5,eps,0.00145587137746065,0.05381322151496629,0.05381322151496629,sloppy,raw,limited identifiability/sloppiness under Vm-only observation; not biological degeneracy
MFA_100nA.db,MFA,100,raw,5,K_bath_value_middle,9.17216412447699,-0.052418628706447326,0.052418628706447326,sloppy,raw,limited identifiability/sloppiness under Vm-only observation; not biological degeneracy
MFA_100nA.db,MFA,100,raw,6,d,0.328998413734477,-0.14212150206988217,0.14212150206988217,sloppy,raw,limited identifiability/sloppiness under Vm-only observation; not biological degeneracy
MFA_100nA.db,MFA,100,raw,6,pk,0.000196279364295169,-0.1421251878455095,0.1421251878455095,sloppy,raw,limited identifiability/sloppiness under Vm-only observation; not biological degeneracy
MFA_100nA.db,MFA,100,raw,6,gt,0.580904957466494,-0.10097578572643563,0.10097578572643563,sloppy,raw,limited identifiability/sloppiness under Vm-only observation; not biological degeneracy
MFA_100nA.db,MFA,100,raw,6,gs,40.6570994659626,0.2856900661654356,0.2856900661654356,sloppy,raw,limited identifiability/sloppiness under Vm-only observation; not biological degeneracy
MFA_100nA.db,MFA,100,raw,6,wo,2769.63163747257,-0.27720859922343255,0.27720859922343255,sloppy,raw,limited identifiability/sloppiness under Vm-only observation; not biological degeneracy
MFA_100nA.db,MFA,100,raw,6,gki,160.261676309765,0.7733983400500373,0.7733983400500373,sloppy,raw,limited identifiability/sloppiness under Vm-only observation; not biological degeneracy
MFA_100nA.db,MFA,100,raw,6,gl_a,9.0177333817081,-0.4295855186676853,0.4295855186676853,sloppy,raw,limited identifiability/sloppiness under Vm-only observation; not biological degeneracy
MFA_100nA.db,MFA,100,raw,6,ca,389.0,-0.016969830963667963,0.016969830963667963,sloppy,raw,limited identifiability/sloppiness under Vm-only observation; not biological degeneracy
MFA_100nA.db,MFA,100,raw,6,eps,0.00145587137746065,-0.016993592589507618,0.016993592589507618,sloppy,raw,limited identifiability/sloppiness under Vm-only observation; not biological degeneracy
MFA_100nA.db,MFA,100,raw,6,K_bath_value_middle,9.17216412447699,-0.08761798527705013,0.08761798527705013,sloppy,raw,limited identifiability/sloppiness under Vm-only observation; not biological degeneracy
MFA_100nA.db,MFA,100,raw,7,d,0.328998413734477,0.14621533533131556,0.14621533533131556,sloppy,raw,limited identifiability/sloppiness under Vm-only observation; not biological degeneracy
MFA_100nA.db,MFA,100,raw,7,pk,0.000196279364295169,0.14715647576305954,0.14715647576305954,sloppy,raw,limited identifiability/sloppiness under Vm-only observation; not biological degeneracy
MFA_100nA.db,MFA,100,raw,7,gt,0.580904957466494,0.3582813027187014,0.3582813027187014,sloppy,raw,limited identifiability/sloppiness under Vm-only observation; not biological degeneracy
MFA_100nA.db,MFA,100,raw,7,gs,40.6570994659626,0.21265149711657427,0.21265149711657427,sloppy,raw,limited identifiability/sloppiness under Vm-only observation; not biological degeneracy
MFA_100nA.db,MFA,100,raw,7,wo,2769.63163747257,0.6917897132466939,0.6917897132466939,sloppy,raw,limited identifiability/sloppiness under Vm-only observation; not biological degeneracy
MFA_100nA.db,MFA,100,raw,7,gki,160.261676309765,0.410900503597453,0.410900503597453,sloppy,raw,limited identifiability/sloppiness under Vm-only observation; not biological degeneracy
MFA_100nA.db,MFA,100,raw,7,gl_a,9.0177333817081,0.2664825156166378,0.2664825156166378,sloppy,raw,limited identifiability/sloppiness under Vm-only observation; not biological degeneracy
MFA_100nA.db,MFA,100,raw,7,ca,389.0,-0.2543451544644851,0.2543451544644851,sloppy,raw,limited identifiability/sloppiness under Vm-only observation; not biological degeneracy
MFA_100nA.db,MFA,100,raw,7,eps,0.00145587137746065,0.0051330976120612815,0.0051330976120612815,sloppy,raw,limited identifiability/sloppiness under Vm-only observation; not biological degeneracy
MFA_100nA.db,MFA,100,raw,7,K_bath_value_middle,9.17216412447699,-0.015392453365319497,0.015392453365319497,sloppy,raw,limited identifiability/sloppiness under Vm-only observation; not biological degeneracy
MFA_100nA.db,MFA,100,raw,8,d,0.328998413734477,-0.06309955198000235,0.06309955198000235,sloppy,raw,limited identifiability/sloppiness under Vm-only observation; not biological degeneracy
MFA_100nA.db,MFA,100,raw,8,pk,0.000196279364295169,-0.06439798897631734,0.06439798897631734,sloppy,raw,limited identifiability/sloppiness under Vm-only observation; not biological degeneracy
MFA_100nA.db,MFA,100,raw,8,gt,0.580904957466494,0.3160291878714642,0.3160291878714642,sloppy,raw,limited identifiability/sloppiness under Vm-only observation; not biological degeneracy
MFA_100nA.db,MFA,100,raw,8,gs,40.6570994659626,0.2731938218984525,0.2731938218984525,sloppy,raw,limited identifiability/sloppiness under Vm-only observation; not biological degeneracy
MFA_100nA.db,MFA,100,raw,8,wo,2769.63163747257,0.19457519333234197,0.19457519333234197,sloppy,raw,limited identifiability/sloppiness under Vm-only observation; not biological degeneracy
MFA_100nA.db,MFA,100,raw,8,gki,160.261676309765,-0.07170029577702834,0.07170029577702834,sloppy,raw,limited identifiability/sloppiness under Vm-only observation; not biological degeneracy
MFA_100nA.db,MFA,100,raw,8,gl_a,9.0177333817081,-0.13845592223197217,0.13845592223197217,sloppy,raw,limited identifiability/sloppiness under Vm-only observation; not biological degeneracy
MFA_100nA.db,MFA,100,raw,8,ca,389.0,0.8689455997280218,0.8689455997280218,sloppy,raw,limited identifiability/sloppiness under Vm-only observation; not biological degeneracy
MFA_100nA.db,MFA,100,raw,8,eps,0.00145587137746065,0.009205579633337967,0.009205579633337967,sloppy,raw,limited identifiability/sloppiness under Vm-only observation; not biological degeneracy
MFA_100nA.db,MFA,100,raw,8,K_bath_value_middle,9.17216412447699,-0.00635255747977545,0.00635255747977545,sloppy,raw,limited identifiability/sloppiness under Vm-only observation; not biological degeneracy
MFA_100nA.db,MFA,100,raw,9,d,0.328998413734477,0.011728933070935725,0.011728933070935725,sloppy,raw,limited identifiability/sloppiness under Vm-only observation; not biological degeneracy
MFA_100nA.db,MFA,100,raw,9,pk,0.000196279364295169,0.39891843410841527,0.39891843410841527,sloppy,raw,limited identifiability/sloppiness under Vm-only observation; not biological degeneracy
MFA_100nA.db,MFA,100,raw,9,gt,0.580904957466494,-0.41084696978366947,0.41084696978366947,sloppy,raw,limited identifiability/sloppiness under Vm-only observation; not biological degeneracy
MFA_100nA.db,MFA,100,raw,9,gs,40.6570994659626,-0.4102502022665606,0.4102502022665606,sloppy,raw,limited identifiability/sloppiness under Vm-only observation; not biological degeneracy
MFA_100nA.db,MFA,100,raw,9,wo,2769.63163747257,-0.0002898130495224763,0.0002898130495224763,sloppy,raw,limited identifiability/sloppiness under Vm-only observation; not biological degeneracy
MFA_100nA.db,MFA,100,raw,9,gki,160.261676309765,0.41032877405917095,0.41032877405917095,sloppy,raw,limited identifiability/sloppiness under Vm-only observation; not biological degeneracy
MFA_100nA.db,MFA,100,raw,9,gl_a,9.0177333817081,0.4106670587380059,0.4106670587380059,sloppy,raw,limited identifiability/sloppiness under Vm-only observation; not biological degeneracy
MFA_100nA.db,MFA,100,raw,9,ca,389.0,0.40817745119201704,0.40817745119201704,sloppy,raw,limited identifiability/sloppiness under Vm-only observation; not biological degeneracy
MFA_100nA.db,MFA,100,raw,9,eps,0.00145587137746065,-3.420643684903801e-05,3.420643684903801e-05,sloppy,raw,limited identifiability/sloppiness under Vm-only observation; not biological degeneracy
MFA_100nA.db,MFA,100,raw,9,K_bath_value_middle,9.17216412447699,3.5222256693778764e-05,3.5222256693778764e-05,sloppy,raw,limited identifiability/sloppiness under Vm-only observation; not biological degeneracy
MFA_100nA.db,MFA,100,raw,10,d,0.328998413734477,0.7386926466597625,0.7386926466597625,sloppy,raw,limited identifiability/sloppiness under Vm-only observation; not biological degeneracy
MFA_100nA.db,MFA,100,raw,10,pk,0.000196279364295169,-0.6214844428734511,0.6214844428734511,sloppy,raw,limited identifiability/sloppiness under Vm-only observation; not biological degeneracy
MFA_100nA.db,MFA,100,raw,10,gt,0.580904957466494,-0.11698101972770115,0.11698101972770115,sloppy,raw,limited identifiability/sloppiness under Vm-only observation; not biological degeneracy
MFA_100nA.db,MFA,100,raw,10,gs,40.6570994659626,-0.11693057512408961,0.11693057512408961,sloppy,raw,limited identifiability/sloppiness under Vm-only observation; not biological degeneracy
MFA_100nA.db,MFA,100,raw,10,wo,2769.63163747257,0.00021090976781114323,0.00021090976781114323,sloppy,raw,limited identifiability/sloppiness under Vm-only observation; not biological degeneracy
MFA_100nA.db,MFA,100,raw,10,gki,160.261676309765,0.11716288320634766,0.11716288320634766,sloppy,raw,limited identifiability/sloppiness under Vm-only observation; not biological degeneracy
MFA_100nA.db,MFA,100,raw,10,gl_a,9.0177333817081,0.11720835911205542,0.11720835911205542,sloppy,raw,limited identifiability/sloppiness under Vm-only observation; not biological degeneracy
MFA_100nA.db,MFA,100,raw,10,ca,389.0,0.1151866191876455,0.1151866191876455,sloppy,raw,limited identifiability/sloppiness under Vm-only observation; not biological degeneracy
MFA_100nA.db,MFA,100,raw,10,eps,0.00145587137746065,-1.6076965300031165e-05,1.6076965300031165e-05,sloppy,raw,limited identifiability/sloppiness under Vm-only observation; not biological degeneracy
MFA_100nA.db,MFA,100,raw,10,K_bath_value_middle,9.17216412447699,5.783132803083291e-06,5.783132803083291e-06,sloppy,raw,limited identifiability/sloppiness under Vm-only observation; not biological degeneracy
BARIUM_100nA.db,BARIUM,100,effective,1,P_gap_eff,0.00030606297806397374,-0.04785520049630265,0.04785520049630265,stiff,effective,limited identifiability/sloppiness under Vm-only observation; not biological degeneracy
BARIUM_100nA.db,BARIUM,100,effective,1,gamma_t_eff,5.747163489489452e-05,-0.007813215008962149,0.007813215008962149,stiff,effective,limited identifiability/sloppiness under Vm-only observation; not biological degeneracy
BARIUM_100nA.db,BARIUM,100,effective,1,gamma_s_eff,0.0003288734594611913,1.6693687326218097e-09,1.6693687326218097e-09,stiff,effective,limited identifiability/sloppiness under Vm-only observation; not biological degeneracy
BARIUM_100nA.db,BARIUM,100,effective,1,volume_ratio_wa_wo,2.8883801018047386,0.057766493141523476,0.057766493141523476,stiff,effective,limited identifiability/sloppiness under Vm-only observation; not biological degeneracy
BARIUM_100nA.db,BARIUM,100,effective,1,gki,97.67536716939819,-0.00836644862656609,0.00836644862656609,stiff,raw,limited identifiability/sloppiness under Vm-only observation; not biological degeneracy
BARIUM_100nA.db,BARIUM,100,effective,1,gl_a,22.038447244701786,0.04841128676714283,0.04841128676714283,stiff,raw,limited identifiability/sloppiness under Vm-only observation; not biological degeneracy
BARIUM_100nA.db,BARIUM,100,effective,1,ca,305.0,-2.151965454842605e-06,2.151965454842605e-06,stiff,raw,limited identifiability/sloppiness under Vm-only observation; not biological degeneracy
BARIUM_100nA.db,BARIUM,100,effective,1,eps,0.056591256949320455,-0.05904308751128067,0.05904308751128067,stiff,raw,limited identifiability/sloppiness under Vm-only observation; not biological degeneracy
BARIUM_100nA.db,BARIUM,100,effective,1,K_bath_value_middle,7.613525523051458,-0.9941891818915782,0.9941891818915782,stiff,raw,limited identifiability/sloppiness under Vm-only observation; not biological degeneracy
BARIUM_100nA.db,BARIUM,100,effective,2,P_gap_eff,0.00030606297806397374,-0.384632994132949,0.384632994132949,stiff,effective,limited identifiability/sloppiness under Vm-only observation; not biological degeneracy
BARIUM_100nA.db,BARIUM,100,effective,2,gamma_t_eff,5.747163489489452e-05,-0.035759545176217766,0.035759545176217766,stiff,effective,limited identifiability/sloppiness under Vm-only observation; not biological degeneracy
BARIUM_100nA.db,BARIUM,100,effective,2,gamma_s_eff,0.0003288734594611913,-3.8782924812354603e-07,3.8782924812354603e-07,stiff,effective,limited identifiability/sloppiness under Vm-only observation; not biological degeneracy
BARIUM_100nA.db,BARIUM,100,effective,2,volume_ratio_wa_wo,2.8883801018047386,-0.6176895650051375,0.6176895650051375,stiff,effective,limited identifiability/sloppiness under Vm-only observation; not biological degeneracy
BARIUM_100nA.db,BARIUM,100,effective,2,gki,97.67536716939819,0.23963520806102603,0.23963520806102603,stiff,raw,limited identifiability/sloppiness under Vm-only observation; not biological degeneracy
BARIUM_100nA.db,BARIUM,100,effective,2,gl_a,22.038447244701786,0.10959313842648492,0.10959313842648492,stiff,raw,limited identifiability/sloppiness under Vm-only observation; not biological degeneracy
BARIUM_100nA.db,BARIUM,100,effective,2,ca,305.0,-0.00034497999418993896,0.00034497999418993896,stiff,raw,limited identifiability/sloppiness under Vm-only observation; not biological degeneracy
BARIUM_100nA.db,BARIUM,100,effective,2,eps,0.056591256949320455,0.6302227985409609,0.6302227985409609,stiff,raw,limited identifiability/sloppiness under Vm-only observation; not biological degeneracy
BARIUM_100nA.db,BARIUM,100,effective,2,K_bath_value_middle,7.613525523051458,-0.051202854335583206,0.051202854335583206,stiff,raw,limited identifiability/sloppiness under Vm-only observation; not biological degeneracy
BARIUM_100nA.db,BARIUM,100,effective,3,P_gap_eff,0.00030606297806397374,0.6937940983824077,0.6937940983824077,stiff,effective,limited identifiability/sloppiness under Vm-only observation; not biological degeneracy
BARIUM_100nA.db,BARIUM,100,effective,3,gamma_t_eff,5.747163489489452e-05,0.10688369418925645,0.10688369418925645,stiff,effective,limited identifiability/sloppiness under Vm-only observation; not biological degeneracy
BARIUM_100nA.db,BARIUM,100,effective,3,gamma_s_eff,0.0003288734594611913,2.497337121356091e-07,2.497337121356091e-07,stiff,effective,limited identifiability/sloppiness under Vm-only observation; not biological degeneracy
BARIUM_100nA.db,BARIUM,100,effective,3,volume_ratio_wa_wo,2.8883801018047386,-0.2596604968317532,0.2596604968317532,stiff,effective,limited identifiability/sloppiness under Vm-only observation; not biological degeneracy
BARIUM_100nA.db,BARIUM,100,effective,3,gki,97.67536716939819,0.01248871518013496,0.01248871518013496,stiff,raw,limited identifiability/sloppiness under Vm-only observation; not biological degeneracy
BARIUM_100nA.db,BARIUM,100,effective,3,gl_a,22.038447244701786,-0.5995965261016911,0.5995965261016911,stiff,raw,limited identifiability/sloppiness under Vm-only observation; not biological degeneracy
BARIUM_100nA.db,BARIUM,100,effective,3,ca,305.0,0.00016544941142281776,0.00016544941142281776,stiff,raw,limited identifiability/sloppiness under Vm-only observation; not biological degeneracy
BARIUM_100nA.db,BARIUM,100,effective,3,eps,0.056591256949320455,0.26684272197202163,0.26684272197202163,stiff,raw,limited identifiability/sloppiness under Vm-only observation; not biological degeneracy
BARIUM_100nA.db,BARIUM,100,effective,3,K_bath_value_middle,7.613525523051458,-0.09447234298042764,0.09447234298042764,stiff,raw,limited identifiability/sloppiness under Vm-only observation; not biological degeneracy
BARIUM_100nA.db,BARIUM,100,effective,4,P_gap_eff,0.00030606297806397374,-0.22021408213508842,0.22021408213508842,stiff,effective,limited identifiability/sloppiness under Vm-only observation; not biological degeneracy
BARIUM_100nA.db,BARIUM,100,effective,4,gamma_t_eff,5.747163489489452e-05,-0.8530287197287042,0.8530287197287042,stiff,effective,limited identifiability/sloppiness under Vm-only observation; not biological degeneracy
BARIUM_100nA.db,BARIUM,100,effective,4,gamma_s_eff,0.0003288734594611913,-1.3893126897998282e-06,1.3893126897998282e-06,stiff,effective,limited identifiability/sloppiness under Vm-only observation; not biological degeneracy
BARIUM_100nA.db,BARIUM,100,effective,4,volume_ratio_wa_wo,2.8883801018047386,0.021486620596924563,0.021486620596924563,stiff,effective,limited identifiability/sloppiness under Vm-only observation; not biological degeneracy
BARIUM_100nA.db,BARIUM,100,effective,4,gki,97.67536716939819,-0.20757434145734027,0.20757434145734027,stiff,raw,limited identifiability/sloppiness under Vm-only observation; not biological degeneracy
BARIUM_100nA.db,BARIUM,100,effective,4,gl_a,22.038447244701786,-0.4245204641565844,0.4245204641565844,stiff,raw,limited identifiability/sloppiness under Vm-only observation; not biological degeneracy
BARIUM_100nA.db,BARIUM,100,effective,4,ca,305.0,-0.000838819449460001,0.000838819449460001,stiff,raw,limited identifiability/sloppiness under Vm-only observation; not biological degeneracy
BARIUM_100nA.db,BARIUM,100,effective,4,eps,0.056591256949320455,-0.008979160918949479,0.008979160918949479,stiff,raw,limited identifiability/sloppiness under Vm-only observation; not biological degeneracy
BARIUM_100nA.db,BARIUM,100,effective,4,K_bath_value_middle,7.613525523051458,0.00016066348056742452,0.00016066348056742452,stiff,raw,limited identifiability/sloppiness under Vm-only observation; not biological degeneracy
BARIUM_100nA.db,BARIUM,100,effective,5,P_gap_eff,0.00030606297806397374,-0.26391358414383564,0.26391358414383564,sloppy,effective,limited identifiability/sloppiness under Vm-only observation; not biological degeneracy
BARIUM_100nA.db,BARIUM,100,effective,5,gamma_t_eff,5.747163489489452e-05,0.09908216798530936,0.09908216798530936,sloppy,effective,limited identifiability/sloppiness under Vm-only observation; not biological degeneracy
BARIUM_100nA.db,BARIUM,100,effective,5,gamma_s_eff,0.0003288734594611913,-2.856792828041083e-06,2.856792828041083e-06,sloppy,effective,limited identifiability/sloppiness under Vm-only observation; not biological degeneracy
BARIUM_100nA.db,BARIUM,100,effective,5,volume_ratio_wa_wo,2.8883801018047386,0.18957571597754735,0.18957571597754735,sloppy,effective,limited identifiability/sloppiness under Vm-only observation; not biological degeneracy
BARIUM_100nA.db,BARIUM,100,effective,5,gki,97.67536716939819,0.8058388868380362,0.8058388868380362,sloppy,raw,limited identifiability/sloppiness under Vm-only observation; not biological degeneracy
BARIUM_100nA.db,BARIUM,100,effective,5,gl_a,22.038447244701786,-0.44241902626383367,0.44241902626383367,sloppy,raw,limited identifiability/sloppiness under Vm-only observation; not biological degeneracy
BARIUM_100nA.db,BARIUM,100,effective,5,ca,305.0,-0.00045019498115246755,0.00045019498115246755,sloppy,raw,limited identifiability/sloppiness under Vm-only observation; not biological degeneracy
BARIUM_100nA.db,BARIUM,100,effective,5,eps,0.056591256949320455,-0.1985980860409438,0.1985980860409438,sloppy,raw,limited identifiability/sloppiness under Vm-only observation; not biological degeneracy
BARIUM_100nA.db,BARIUM,100,effective,5,K_bath_value_middle,7.613525523051458,0.006409617763431408,0.006409617763431408,sloppy,raw,limited identifiability/sloppiness under Vm-only observation; not biological degeneracy
BARIUM_100nA.db,BARIUM,100,effective,6,P_gap_eff,0.00030606297806397374,0.01523147366249485,0.01523147366249485,sloppy,effective,limited identifiability/sloppiness under Vm-only observation; not biological degeneracy
BARIUM_100nA.db,BARIUM,100,effective,6,gamma_t_eff,5.747163489489452e-05,-0.023208969104875594,0.023208969104875594,sloppy,effective,limited identifiability/sloppiness under Vm-only observation; not biological degeneracy
BARIUM_100nA.db,BARIUM,100,effective,6,gamma_s_eff,0.0003288734594611913,6.143218250035408e-05,6.143218250035408e-05,sloppy,effective,limited identifiability/sloppiness under Vm-only observation; not biological degeneracy
BARIUM_100nA.db,BARIUM,100,effective,6,volume_ratio_wa_wo,2.8883801018047386,-0.7142299779485479,0.7142299779485479,sloppy,effective,limited identifiability/sloppiness under Vm-only observation; not biological degeneracy
BARIUM_100nA.db,BARIUM,100,effective,6,gki,97.67536716939819,0.01051739435785399,0.01051739435785399,sloppy,raw,limited identifiability/sloppiness under Vm-only observation; not biological degeneracy
BARIUM_100nA.db,BARIUM,100,effective,6,gl_a,22.038447244701786,0.012282843661987081,0.012282843661987081,sloppy,raw,limited identifiability/sloppiness under Vm-only observation; not biological degeneracy
BARIUM_100nA.db,BARIUM,100,effective,6,ca,305.0,-0.03672224721009856,0.03672224721009856,sloppy,raw,limited identifiability/sloppiness under Vm-only observation; not biological degeneracy
BARIUM_100nA.db,BARIUM,100,effective,6,eps,0.056591256949320455,-0.6982083269477216,0.6982083269477216,sloppy,raw,limited identifiability/sloppiness under Vm-only observation; not biological degeneracy
BARIUM_100nA.db,BARIUM,100,effective,6,K_bath_value_middle,7.613525523051458,-7.547887542621798e-05,7.547887542621798e-05,sloppy,raw,limited identifiability/sloppiness under Vm-only observation; not biological degeneracy
BARIUM_100nA.db,BARIUM,100,effective,7,P_gap_eff,0.00030606297806397374,0.2581578788210641,0.2581578788210641,sloppy,effective,limited identifiability/sloppiness under Vm-only observation; not biological degeneracy
BARIUM_100nA.db,BARIUM,100,effective,7,gamma_t_eff,5.747163489489452e-05,-0.25640976716935354,0.25640976716935354,sloppy,effective,limited identifiability/sloppiness under Vm-only observation; not biological degeneracy
BARIUM_100nA.db,BARIUM,100,effective,7,gamma_s_eff,0.0003288734594611913,0.003613996105143134,0.003613996105143134,sloppy,effective,limited identifiability/sloppiness under Vm-only observation; not biological degeneracy
BARIUM_100nA.db,BARIUM,100,effective,7,volume_ratio_wa_wo,2.8883801018047386,0.033864785037571836,0.033864785037571836,sloppy,effective,limited identifiability/sloppiness under Vm-only observation; not biological degeneracy
BARIUM_100nA.db,BARIUM,100,effective,7,gki,97.67536716939819,0.25746588150041705,0.25746588150041705,sloppy,raw,limited identifiability/sloppiness under Vm-only observation; not biological degeneracy
BARIUM_100nA.db,BARIUM,100,effective,7,gl_a,22.038447244701786,0.25812957494627564,0.25812957494627564,sloppy,raw,limited identifiability/sloppiness under Vm-only observation; not biological degeneracy
BARIUM_100nA.db,BARIUM,100,effective,7,ca,305.0,-0.8558292595314364,0.8558292595314364,sloppy,raw,limited identifiability/sloppiness under Vm-only observation; not biological degeneracy
BARIUM_100nA.db,BARIUM,100,effective,7,eps,0.056591256949320455,0.03294506307075549,0.03294506307075549,sloppy,raw,limited identifiability/sloppiness under Vm-only observation; not biological degeneracy
BARIUM_100nA.db,BARIUM,100,effective,7,K_bath_value_middle,7.613525523051458,4.43652729659183e-06,4.43652729659183e-06,sloppy,raw,limited identifiability/sloppiness under Vm-only observation; not biological degeneracy
BARIUM_100nA.db,BARIUM,100,effective,8,P_gap_eff,0.00030606297806397374,0.42817093591258465,0.42817093591258465,sloppy,effective,limited identifiability/sloppiness under Vm-only observation; not biological degeneracy
BARIUM_100nA.db,BARIUM,100,effective,8,gamma_t_eff,5.747163489489452e-05,-0.428265880448252,0.428265880448252,sloppy,effective,limited identifiability/sloppiness under Vm-only observation; not biological degeneracy
BARIUM_100nA.db,BARIUM,100,effective,8,gamma_s_eff,0.0003288734594611913,0.016588494570445346,0.016588494570445346,sloppy,effective,limited identifiability/sloppiness under Vm-only observation; not biological degeneracy
BARIUM_100nA.db,BARIUM,100,effective,8,volume_ratio_wa_wo,2.8883801018047386,0.005207768319604664,0.005207768319604664,sloppy,effective,limited identifiability/sloppiness under Vm-only observation; not biological degeneracy
BARIUM_100nA.db,BARIUM,100,effective,8,gki,97.67536716939819,0.4282776334273691,0.4282776334273691,sloppy,raw,limited identifiability/sloppiness under Vm-only observation; not biological degeneracy
BARIUM_100nA.db,BARIUM,100,effective,8,gl_a,22.038447244701786,0.4281718157447772,0.4281718157447772,sloppy,raw,limited identifiability/sloppiness under Vm-only observation; not biological degeneracy
BARIUM_100nA.db,BARIUM,100,effective,8,ca,305.0,0.515923296171465,0.515923296171465,sloppy,raw,limited identifiability/sloppiness under Vm-only observation; not biological degeneracy
BARIUM_100nA.db,BARIUM,100,effective,8,eps,0.056591256949320455,0.005099377983881371,0.005099377983881371,sloppy,raw,limited identifiability/sloppiness under Vm-only observation; not biological degeneracy
BARIUM_100nA.db,BARIUM,100,effective,8,K_bath_value_middle,7.613525523051458,-2.4700454570592e-07,2.4700454570592e-07,sloppy,raw,limited identifiability/sloppiness under Vm-only observation; not biological degeneracy
BARIUM_100nA.db,BARIUM,100,effective,9,P_gap_eff,0.00030606297806397374,-0.008039169465595172,0.008039169465595172,sloppy,effective,limited identifiability/sloppiness under Vm-only observation; not biological degeneracy
BARIUM_100nA.db,BARIUM,100,effective,9,gamma_t_eff,5.747163489489452e-05,0.008032591047725161,0.008032591047725161,sloppy,effective,limited identifiability/sloppiness under Vm-only observation; not biological degeneracy
BARIUM_100nA.db,BARIUM,100,effective,9,gamma_s_eff,0.0003288734594611913,0.9998558681609171,0.9998558681609171,sloppy,effective,limited identifiability/sloppiness under Vm-only observation; not biological degeneracy
BARIUM_100nA.db,BARIUM,100,effective,9,volume_ratio_wa_wo,2.8883801018047386,-0.00016452662324626044,0.00016452662324626044,sloppy,effective,limited identifiability/sloppiness under Vm-only observation; not biological degeneracy
BARIUM_100nA.db,BARIUM,100,effective,9,gki,97.67536716939819,-0.008034662485130864,0.008034662485130864,sloppy,raw,limited identifiability/sloppiness under Vm-only observation; not biological degeneracy
BARIUM_100nA.db,BARIUM,100,effective,9,gl_a,22.038447244701786,-0.008039179911951813,0.008039179911951813,sloppy,raw,limited identifiability/sloppiness under Vm-only observation; not biological degeneracy
BARIUM_100nA.db,BARIUM,100,effective,9,ca,305.0,-0.005463961416311986,0.005463961416311986,sloppy,raw,limited identifiability/sloppiness under Vm-only observation; not biological degeneracy
BARIUM_100nA.db,BARIUM,100,effective,9,eps,0.056591256949320455,-0.0001611870551169162,0.0001611870551169162,sloppy,raw,limited identifiability/sloppiness under Vm-only observation; not biological degeneracy
BARIUM_100nA.db,BARIUM,100,effective,9,K_bath_value_middle,7.613525523051458,1.6631865027566528e-08,1.6631865027566528e-08,sloppy,raw,limited identifiability/sloppiness under Vm-only observation; not biological degeneracy
BARIUM_100nA.db,BARIUM,100,raw,1,d,0.15277500713333486,-0.048122798875763234,0.048122798875763234,stiff,raw,limited identifiability/sloppiness under Vm-only observation; not biological degeneracy
BARIUM_100nA.db,BARIUM,100,raw,1,pk,0.002003357642109984,-0.04812254008174077,0.04812254008174077,stiff,raw,limited identifiability/sloppiness under Vm-only observation; not biological degeneracy
BARIUM_100nA.db,BARIUM,100,raw,1,gt,6.931438366042372,-0.007850984819031556,0.007850984819031556,stiff,raw,limited identifiability/sloppiness under Vm-only observation; not biological degeneracy
BARIUM_100nA.db,BARIUM,100,raw,1,gs,39.664194670141306,3.2402836941816116e-08,3.2402836941816116e-08,stiff,raw,limited identifiability/sloppiness under Vm-only observation; not biological degeneracy
BARIUM_100nA.db,BARIUM,100,raw,1,wo,692.4296420510394,-0.05744013777788796,0.05744013777788796,stiff,raw,limited identifiability/sloppiness under Vm-only observation; not biological degeneracy
BARIUM_100nA.db,BARIUM,100,raw,1,gki,97.67536716939819,-0.008234926674322789,0.008234926674322789,stiff,raw,limited identifiability/sloppiness under Vm-only observation; not biological degeneracy
BARIUM_100nA.db,BARIUM,100,raw,1,gl_a,22.038447244701786,0.048509556784534204,0.048509556784534204,stiff,raw,limited identifiability/sloppiness under Vm-only observation; not biological degeneracy
BARIUM_100nA.db,BARIUM,100,raw,1,ca,305.0,-2.365911389248191e-06,2.365911389248191e-06,stiff,raw,limited identifiability/sloppiness under Vm-only observation; not biological degeneracy
BARIUM_100nA.db,BARIUM,100,raw,1,eps,0.056591256949320455,-0.05871003769941437,0.05871003769941437,stiff,raw,limited identifiability/sloppiness under Vm-only observation; not biological degeneracy
BARIUM_100nA.db,BARIUM,100,raw,1,K_bath_value_middle,7.613525523051458,-0.9930455932759801,0.9930455932759801,stiff,raw,limited identifiability/sloppiness under Vm-only observation; not biological degeneracy
BARIUM_100nA.db,BARIUM,100,raw,2,d,0.15277500713333486,-0.3937598259779836,0.3937598259779836,stiff,raw,limited identifiability/sloppiness under Vm-only observation; not biological degeneracy
BARIUM_100nA.db,BARIUM,100,raw,2,pk,0.002003357642109984,-0.39376150072487126,0.39376150072487126,stiff,raw,limited identifiability/sloppiness under Vm-only observation; not biological degeneracy
BARIUM_100nA.db,BARIUM,100,raw,2,gt,6.931438366042372,-0.04155924893216881,0.04155924893216881,stiff,raw,limited identifiability/sloppiness under Vm-only observation; not biological degeneracy
BARIUM_100nA.db,BARIUM,100,raw,2,gs,39.664194670141306,-5.613060403310988e-07,5.613060403310988e-07,stiff,raw,limited identifiability/sloppiness under Vm-only observation; not biological degeneracy
BARIUM_100nA.db,BARIUM,100,raw,2,wo,692.4296420510394,0.5519291143314823,0.5519291143314823,stiff,raw,limited identifiability/sloppiness under Vm-only observation; not biological degeneracy
BARIUM_100nA.db,BARIUM,100,raw,2,gki,97.67536716939819,0.22039942553750444,0.22039942553750444,stiff,raw,limited identifiability/sloppiness under Vm-only observation; not biological degeneracy
BARIUM_100nA.db,BARIUM,100,raw,2,gl_a,22.038447244701786,0.13214324338135863,0.13214324338135863,stiff,raw,limited identifiability/sloppiness under Vm-only observation; not biological degeneracy
BARIUM_100nA.db,BARIUM,100,raw,2,ca,305.0,-0.0003299326697847367,0.0003299326697847367,stiff,raw,limited identifiability/sloppiness under Vm-only observation; not biological degeneracy
BARIUM_100nA.db,BARIUM,100,raw,2,eps,0.056591256949320455,0.5630507606220675,0.5630507606220675,stiff,raw,limited identifiability/sloppiness under Vm-only observation; not biological degeneracy
BARIUM_100nA.db,BARIUM,100,raw,2,K_bath_value_middle,7.613525523051458,-0.022094119864037864,0.022094119864037864,stiff,raw,limited identifiability/sloppiness under Vm-only observation; not biological degeneracy
BARIUM_100nA.db,BARIUM,100,raw,3,d,0.15277500713333486,0.48444042906802387,0.48444042906802387,stiff,raw,limited identifiability/sloppiness under Vm-only observation; not biological degeneracy
BARIUM_100nA.db,BARIUM,100,raw,3,pk,0.002003357642109984,0.48443804506835253,0.48443804506835253,stiff,raw,limited identifiability/sloppiness under Vm-only observation; not biological degeneracy
BARIUM_100nA.db,BARIUM,100,raw,3,gt,6.931438366042372,0.09473826098202061,0.09473826098202061,stiff,raw,limited identifiability/sloppiness under Vm-only observation; not biological degeneracy
BARIUM_100nA.db,BARIUM,100,raw,3,gs,39.664194670141306,-6.792213053413561e-07,6.792213053413561e-07,stiff,raw,limited identifiability/sloppiness under Vm-only observation; not biological degeneracy
BARIUM_100nA.db,BARIUM,100,raw,3,wo,692.4296420510394,0.37971099337880326,0.37971099337880326,stiff,raw,limited identifiability/sloppiness under Vm-only observation; not biological degeneracy
BARIUM_100nA.db,BARIUM,100,raw,3,gki,97.67536716939819,0.06681452533840332,0.06681452533840332,stiff,raw,limited identifiability/sloppiness under Vm-only observation; not biological degeneracy
BARIUM_100nA.db,BARIUM,100,raw,3,gl_a,22.038447244701786,-0.4566051381918576,0.4566051381918576,stiff,raw,limited identifiability/sloppiness under Vm-only observation; not biological degeneracy
BARIUM_100nA.db,BARIUM,100,raw,3,ca,305.0,6.93985845383356e-05,6.93985845383356e-05,stiff,raw,limited identifiability/sloppiness under Vm-only observation; not biological degeneracy
BARIUM_100nA.db,BARIUM,100,raw,3,eps,0.056591256949320455,0.3888268350530425,0.3888268350530425,stiff,raw,limited identifiability/sloppiness under Vm-only observation; not biological degeneracy
BARIUM_100nA.db,BARIUM,100,raw,3,K_bath_value_middle,7.613525523051458,-0.11551073151328223,0.11551073151328223,stiff,raw,limited identifiability/sloppiness under Vm-only observation; not biological degeneracy
BARIUM_100nA.db,BARIUM,100,raw,4,d,0.15277500713333486,-0.1286442633146068,0.1286442633146068,stiff,raw,limited identifiability/sloppiness under Vm-only observation; not biological degeneracy
BARIUM_100nA.db,BARIUM,100,raw,4,pk,0.002003357642109984,-0.12864423757666574,0.12864423757666574,stiff,raw,limited identifiability/sloppiness under Vm-only observation; not biological degeneracy
BARIUM_100nA.db,BARIUM,100,raw,4,gt,6.931438366042372,-0.8196382727808328,0.8196382727808328,stiff,raw,limited identifiability/sloppiness under Vm-only observation; not biological degeneracy
BARIUM_100nA.db,BARIUM,100,raw,4,gs,39.664194670141306,3.215589973573973e-06,3.215589973573973e-06,stiff,raw,limited identifiability/sloppiness under Vm-only observation; not biological degeneracy
BARIUM_100nA.db,BARIUM,100,raw,4,wo,692.4296420510394,-0.031583807668867286,0.031583807668867286,stiff,raw,limited identifiability/sloppiness under Vm-only observation; not biological degeneracy
BARIUM_100nA.db,BARIUM,100,raw,4,gki,97.67536716939819,-0.17864649372309496,0.17864649372309496,stiff,raw,limited identifiability/sloppiness under Vm-only observation; not biological degeneracy
BARIUM_100nA.db,BARIUM,100,raw,4,gl_a,22.038447244701786,-0.5116621228332778,0.5116621228332778,stiff,raw,limited identifiability/sloppiness under Vm-only observation; not biological degeneracy
BARIUM_100nA.db,BARIUM,100,raw,4,ca,305.0,-0.0008076944706306835,0.0008076944706306835,stiff,raw,limited identifiability/sloppiness under Vm-only observation; not biological degeneracy
BARIUM_100nA.db,BARIUM,100,raw,4,eps,0.056591256949320455,-0.019519734333974997,0.019519734333974997,stiff,raw,limited identifiability/sloppiness under Vm-only observation; not biological degeneracy
BARIUM_100nA.db,BARIUM,100,raw,4,K_bath_value_middle,7.613525523051458,-0.0015838148789905637,0.0015838148789905637,stiff,raw,limited identifiability/sloppiness under Vm-only observation; not biological degeneracy
BARIUM_100nA.db,BARIUM,100,raw,5,d,0.15277500713333486,0.14103114357440558,0.14103114357440558,sloppy,raw,limited identifiability/sloppiness under Vm-only observation; not biological degeneracy
BARIUM_100nA.db,BARIUM,100,raw,5,pk,0.002003357642109984,0.14102350731037588,0.14102350731037588,sloppy,raw,limited identifiability/sloppiness under Vm-only observation; not biological degeneracy
BARIUM_100nA.db,BARIUM,100,raw,5,gt,6.931438366042372,-0.17875515985385698,0.17875515985385698,sloppy,raw,limited identifiability/sloppiness under Vm-only observation; not biological degeneracy
BARIUM_100nA.db,BARIUM,100,raw,5,gs,39.664194670141306,3.728572037622293e-06,3.728572037622293e-06,sloppy,raw,limited identifiability/sloppiness under Vm-only observation; not biological degeneracy
BARIUM_100nA.db,BARIUM,100,raw,5,wo,692.4296420510394,0.18867166039976277,0.18867166039976277,sloppy,raw,limited identifiability/sloppiness under Vm-only observation; not biological degeneracy
BARIUM_100nA.db,BARIUM,100,raw,5,gki,97.67536716939819,-0.7933165554202463,0.7933165554202463,sloppy,raw,limited identifiability/sloppiness under Vm-only observation; not biological degeneracy
BARIUM_100nA.db,BARIUM,100,raw,5,gl_a,22.038447244701786,0.4732219424735033,0.4732219424735033,sloppy,raw,limited identifiability/sloppiness under Vm-only observation; not biological degeneracy
BARIUM_100nA.db,BARIUM,100,raw,5,ca,305.0,0.0003361927312120701,0.0003361927312120701,sloppy,raw,limited identifiability/sloppiness under Vm-only observation; not biological degeneracy
BARIUM_100nA.db,BARIUM,100,raw,5,eps,0.056591256949320455,0.19838057139897017,0.19838057139897017,sloppy,raw,limited identifiability/sloppiness under Vm-only observation; not biological degeneracy
BARIUM_100nA.db,BARIUM,100,raw,5,K_bath_value_middle,7.613525523051458,-0.005201559892792432,0.005201559892792432,sloppy,raw,limited identifiability/sloppiness under Vm-only observation; not biological degeneracy
BARIUM_100nA.db,BARIUM,100,raw,6,d,0.15277500713333486,0.008654188645672573,0.008654188645672573,sloppy,raw,limited identifiability/sloppiness under Vm-only observation; not biological degeneracy
BARIUM_100nA.db,BARIUM,100,raw,6,pk,0.002003357642109984,0.008750925344829703,0.008750925344829703,sloppy,raw,limited identifiability/sloppiness under Vm-only observation; not biological degeneracy
BARIUM_100nA.db,BARIUM,100,raw,6,gt,6.931438366042372,-0.025378436689910935,0.025378436689910935,sloppy,raw,limited identifiability/sloppiness under Vm-only observation; not biological degeneracy
BARIUM_100nA.db,BARIUM,100,raw,6,gs,39.664194670141306,0.0001465128835888451,0.0001465128835888451,sloppy,raw,limited identifiability/sloppiness under Vm-only observation; not biological degeneracy
BARIUM_100nA.db,BARIUM,100,raw,6,wo,692.4296420510394,0.7141823237520147,0.7141823237520147,sloppy,raw,limited identifiability/sloppiness under Vm-only observation; not biological degeneracy
BARIUM_100nA.db,BARIUM,100,raw,6,gki,97.67536716939819,0.01268691226038866,0.01268691226038866,sloppy,raw,limited identifiability/sloppiness under Vm-only observation; not biological degeneracy
BARIUM_100nA.db,BARIUM,100,raw,6,gl_a,22.038447244701786,0.01445622637151105,0.01445622637151105,sloppy,raw,limited identifiability/sloppiness under Vm-only observation; not biological degeneracy
BARIUM_100nA.db,BARIUM,100,raw,6,ca,305.0,-0.03675086028356537,0.03675086028356537,sloppy,raw,limited identifiability/sloppiness under Vm-only observation; not biological degeneracy
BARIUM_100nA.db,BARIUM,100,raw,6,eps,0.056591256949320455,-0.698160065144279,0.698160065144279,sloppy,raw,limited identifiability/sloppiness under Vm-only observation; not biological degeneracy
BARIUM_100nA.db,BARIUM,100,raw,6,K_bath_value_middle,7.613525523051458,-7.57123829134088e-05,7.57123829134088e-05,sloppy,raw,limited identifiability/sloppiness under Vm-only observation; not biological degeneracy
BARIUM_100nA.db,BARIUM,100,raw,7,d,0.15277500713333486,0.14041299246375183,0.14041299246375183,sloppy,raw,limited identifiability/sloppiness under Vm-only observation; not biological degeneracy
BARIUM_100nA.db,BARIUM,100,raw,7,pk,0.002003357642109984,0.14844203849467566,0.14844203849467566,sloppy,raw,limited identifiability/sloppiness under Vm-only observation; not biological degeneracy
BARIUM_100nA.db,BARIUM,100,raw,7,gt,6.931438366042372,-0.28707993988643576,0.28707993988643576,sloppy,raw,limited identifiability/sloppiness under Vm-only observation; not biological degeneracy
BARIUM_100nA.db,BARIUM,100,raw,7,gs,39.664194670141306,-0.005502299729828325,0.005502299729828325,sloppy,raw,limited identifiability/sloppiness under Vm-only observation; not biological degeneracy
BARIUM_100nA.db,BARIUM,100,raw,7,wo,692.4296420510394,-0.034829313576456626,0.034829313576456626,sloppy,raw,limited identifiability/sloppiness under Vm-only observation; not biological degeneracy
BARIUM_100nA.db,BARIUM,100,raw,7,gki,97.67536716939819,0.28815785368889024,0.28815785368889024,sloppy,raw,limited identifiability/sloppiness under Vm-only observation; not biological degeneracy
BARIUM_100nA.db,BARIUM,100,raw,7,gl_a,22.038447244701786,0.28882636235029513,0.28882636235029513,sloppy,raw,limited identifiability/sloppiness under Vm-only observation; not biological degeneracy
BARIUM_100nA.db,BARIUM,100,raw,7,ca,305.0,-0.8408252700742816,0.8408252700742816,sloppy,raw,limited identifiability/sloppiness under Vm-only observation; not biological degeneracy
BARIUM_100nA.db,BARIUM,100,raw,7,eps,0.056591256949320455,0.03388441287781609,0.03388441287781609,sloppy,raw,limited identifiability/sloppiness under Vm-only observation; not biological degeneracy
BARIUM_100nA.db,BARIUM,100,raw,7,K_bath_value_middle,7.613525523051458,4.532207960233903e-06,4.532207960233903e-06,sloppy,raw,limited identifiability/sloppiness under Vm-only observation; not biological degeneracy
BARIUM_100nA.db,BARIUM,100,raw,8,d,0.15277500713333486,-0.35637923365152296,0.35637923365152296,sloppy,raw,limited identifiability/sloppiness under Vm-only observation; not biological degeneracy
BARIUM_100nA.db,BARIUM,100,raw,8,pk,0.002003357642109984,-0.08540522802590111,0.08540522802590111,sloppy,raw,limited identifiability/sloppiness under Vm-only observation; not biological degeneracy
BARIUM_100nA.db,BARIUM,100,raw,8,gt,6.931438366042372,0.4418783853797676,0.4418783853797676,sloppy,raw,limited identifiability/sloppiness under Vm-only observation; not biological degeneracy
BARIUM_100nA.db,BARIUM,100,raw,8,gs,39.664194670141306,-0.00034105048453716443,0.00034105048453716443,sloppy,raw,limited identifiability/sloppiness under Vm-only observation; not biological degeneracy
BARIUM_100nA.db,BARIUM,100,raw,8,wo,692.4296420510394,0.0054342267355682716,0.0054342267355682716,sloppy,raw,limited identifiability/sloppiness under Vm-only observation; not biological degeneracy
BARIUM_100nA.db,BARIUM,100,raw,8,gki,97.67536716939819,-0.44189535272653996,0.44189535272653996,sloppy,raw,limited identifiability/sloppiness under Vm-only observation; not biological degeneracy
BARIUM_100nA.db,BARIUM,100,raw,8,gl_a,22.038447244701786,-0.4417853425258664,0.4417853425258664,sloppy,raw,limited identifiability/sloppiness under Vm-only observation; not biological degeneracy
BARIUM_100nA.db,BARIUM,100,raw,8,ca,305.0,-0.529093148023484,0.529093148023484,sloppy,raw,limited identifiability/sloppiness under Vm-only observation; not biological degeneracy
BARIUM_100nA.db,BARIUM,100,raw,8,eps,0.056591256949320455,-0.005318207298204307,0.005318207298204307,sloppy,raw,limited identifiability/sloppiness under Vm-only observation; not biological degeneracy
BARIUM_100nA.db,BARIUM,100,raw,8,K_bath_value_middle,7.613525523051458,2.0951758440690416e-07,2.0951758440690416e-07,sloppy,raw,limited identifiability/sloppiness under Vm-only observation; not biological degeneracy
BARIUM_100nA.db,BARIUM,100,raw,9,d,0.15277500713333486,-0.6517021729664457,0.6517021729664457,sloppy,raw,limited identifiability/sloppiness under Vm-only observation; not biological degeneracy
BARIUM_100nA.db,BARIUM,100,raw,9,pk,0.002003357642109984,0.7362749529429533,0.7362749529429533,sloppy,raw,limited identifiability/sloppiness under Vm-only observation; not biological degeneracy
BARIUM_100nA.db,BARIUM,100,raw,9,gt,6.931438366042372,-0.08459944939217287,0.08459944939217287,sloppy,raw,limited identifiability/sloppiness under Vm-only observation; not biological degeneracy
BARIUM_100nA.db,BARIUM,100,raw,9,gs,39.664194670141306,-0.003721462276175414,0.003721462276175414,sloppy,raw,limited identifiability/sloppiness under Vm-only observation; not biological degeneracy
BARIUM_100nA.db,BARIUM,100,raw,9,wo,692.4296420510394,-0.0009057141688733825,0.0009057141688733825,sloppy,raw,limited identifiability/sloppiness under Vm-only observation; not biological degeneracy
BARIUM_100nA.db,BARIUM,100,raw,9,gki,97.67536716939819,0.0845925212145757,0.0845925212145757,sloppy,raw,limited identifiability/sloppiness under Vm-only observation; not biological degeneracy
BARIUM_100nA.db,BARIUM,100,raw,9,gl_a,22.038447244701786,0.08457301433395543,0.08457301433395543,sloppy,raw,limited identifiability/sloppiness under Vm-only observation; not biological degeneracy
BARIUM_100nA.db,BARIUM,100,raw,9,ca,305.0,0.10817786028551502,0.10817786028551502,sloppy,raw,limited identifiability/sloppiness under Vm-only observation; not biological degeneracy
BARIUM_100nA.db,BARIUM,100,raw,9,eps,0.056591256949320455,0.0008922598495440179,0.0008922598495440179,sloppy,raw,limited identifiability/sloppiness under Vm-only observation; not biological degeneracy
BARIUM_100nA.db,BARIUM,100,raw,9,K_bath_value_middle,7.613525523051458,-1.3034189161320597e-07,1.3034189161320597e-07,sloppy,raw,limited identifiability/sloppiness under Vm-only observation; not biological degeneracy
BARIUM_100nA.db,BARIUM,100,raw,10,d,0.15277500713333486,0.0017755438330577464,0.0017755438330577464,sloppy,raw,limited identifiability/sloppiness under Vm-only observation; not biological degeneracy
BARIUM_100nA.db,BARIUM,100,raw,10,pk,0.002003357642109984,-0.003526457908513094,0.003526457908513094,sloppy,raw,limited identifiability/sloppiness under Vm-only observation; not biological degeneracy
BARIUM_100nA.db,BARIUM,100,raw,10,gt,6.931438366042372,0.0017367074683464602,0.0017367074683464602,sloppy,raw,limited identifiability/sloppiness under Vm-only observation; not biological degeneracy
BARIUM_100nA.db,BARIUM,100,raw,10,gs,39.664194670141306,-0.9999778685599666,0.9999778685599666,sloppy,raw,limited identifiability/sloppiness under Vm-only observation; not biological degeneracy
BARIUM_100nA.db,BARIUM,100,raw,10,wo,692.4296420510394,0.00029783440643485904,0.00029783440643485904,sloppy,raw,limited identifiability/sloppiness under Vm-only observation; not biological degeneracy
BARIUM_100nA.db,BARIUM,100,raw,10,gki,97.67536716939819,-0.0017515118522776114,0.0017515118522776114,sloppy,raw,limited identifiability/sloppiness under Vm-only observation; not biological degeneracy
BARIUM_100nA.db,BARIUM,100,raw,10,gl_a,22.038447244701786,-0.0017508374364711469,0.0017508374364711469,sloppy,raw,limited identifiability/sloppiness under Vm-only observation; not biological degeneracy
BARIUM_100nA.db,BARIUM,100,raw,10,ca,305.0,0.004399051981816273,0.004399051981816273,sloppy,raw,limited identifiability/sloppiness under Vm-only observation; not biological degeneracy
BARIUM_100nA.db,BARIUM,100,raw,10,eps,0.056591256949320455,-0.0002901499326500262,0.0002901499326500262,sloppy,raw,limited identifiability/sloppiness under Vm-only observation; not biological degeneracy
BARIUM_100nA.db,BARIUM,100,raw,10,K_bath_value_middle,7.613525523051458,-1.422703013991694e-09,1.422703013991694e-09,sloppy,raw,limited identifiability/sloppiness under Vm-only observation; not biological degeneracy
