file_id,region,condition,candidate_id,fit_scope,seed_source,provenance_status,start_label,optimizer_backend,optimization_config_hash,optimizer_status,optimizer_success,optimizer_cost,optimizer_nfev,gki,eps,gl_a,zth,zs,K_bath_value_middle,eps_middle,P_gap_eff,gamma_t_eff,gamma_s_eff,volume_ratio_wa_wo,n_sweeps_scored,n_failures,mean_trace_rmse_mV,mean_trace_objective_loss,mean_weighted_pass_fraction,mean_feature_loss,mean_binary_penalty,objective_trace,objective_feature,objective_binary,objective_prior,objective_hidden,objective_fail,scalar_objective,optuna_trial_number,optuna_objective_names,optuna_objective_values,pareto_front,accepted_by_trace,accepted_by_feature_contract,eligible_by_contract,ensemble_rank,accepted_all6,holdout_mean_rmse_mV,holdout_mean_pass_fraction
1_DH_1_CONTROL,DH,CONTROL,1_DH_1_CONTROL__cand_09,all6,optuna,generic_seed,trial_366,optuna_multi,7a74a72572fc5320,1,True,610.5043146160235,1,245.820036145688,0.039964301676942524,0.09754191385782286,18.305735226716823,15.295404974738686,8.2,1.0,2.14390170468164e-05,1.5062722325200061e-05,0.009769566124905356,0.08188460638515553,6,0,2.935704699090323,630.6060840090454,0.6637139796176986,0.3362860203823013,1.0,630.6060840090454,0.3362860203823013,1.0,36.93406122956777,0.0,0.0,631.9423700294277,366,"[""trace"", ""feature"", ""binary""]","[0.7226621047991967, 0.32629644278183834, 1.0]",True,True,True,True,1,True,2.8621717427831266,0.5593827170130452
1_DH_1_CONTROL,DH,CONTROL,1_DH_1_CONTROL__cand_07,all6,optuna,generic_seed,trial_462,optuna_multi,7a74a72572fc5320,1,True,532.1716397053284,1,245.820036145688,0.039964301676942524,0.09754191385782286,77.83765579242564,0.0016622321161456782,8.2,1.0,8.75135735778465e-07,1.5062722325200061e-05,4.93135237149876e-07,0.08188460638515553,6,0,2.59507226675659,548.6151726488614,0.6602636022124663,0.3397363977875338,0.5,548.6151726488614,0.3397363977875338,0.5,554.9164581965775,0.0,0.0,549.4549090466489,462,"[""trace"", ""feature"", ""binary""]","[0.6365624448391716, 0.3263163838451436, 0.5]",True,True,True,True,2,True,2.59507226675659,0.6602636022124663
1_DH_1_CONTROL,DH,CONTROL,1_DH_1_CONTROL__cand_01,all6,optuna,generic_seed,trial_397,optuna_multi,7a74a72572fc5320,1,True,514.8772085972861,1,245.820036145688,0.003470360595544151,0.09754191385782286,17.964319772887684,15.635362728779524,8.2,1.0,1.185778850288792e-06,1.5062722325200061e-05,4.93135237149876e-07,0.08188460638515553,6,0,2.575443021415708,535.3560022604844,0.659576330397675,0.3404236696023249,0.5,535.3560022604844,0.3404236696023249,0.5,37.2618235263052,0.0,0.0,536.1964259300867,397,"[""trace"", ""feature"", ""binary""]","[0.6293008273743489, 0.3297801412983402, 0.5]",True,True,True,True,3,True,2.575443021415708,0.659576330397675
1_DH_1_CONTROL,DH,CONTROL,1_DH_1_CONTROL__cand_02,all6,optuna,generic_seed,trial_415,optuna_multi,7a74a72572fc5320,1,True,514.8772085972861,1,245.820036145688,0.003470360595544151,0.09754191385782286,17.964319772887684,15.635362728779524,8.2,1.0,1.185778850288792e-06,1.5062722325200061e-05,4.93135237149876e-07,0.08188460638515553,6,0,2.575443021415708,535.3560022604844,0.659576330397675,0.3404236696023249,0.5,535.3560022604844,0.3404236696023249,0.5,37.2618235263052,0.0,0.0,536.1964259300867,415,"[""trace"", ""feature"", ""binary""]","[0.6293008273743489, 0.3297801412983402, 0.5]",True,True,True,True,4,True,2.575443021415708,0.659576330397675
1_DH_1_CONTROL,DH,CONTROL,1_DH_1_CONTROL__cand_03,all6,optuna,generic_seed,trial_466,optuna_multi,7a74a72572fc5320,1,True,515.7840192332596,1,245.820036145688,0.003470360595544151,0.0018815135585230286,13.737310998995122,0.04374468729190967,8.2,1.0,1.185778850288792e-06,1.5062722325200061e-05,4.93135237149876e-07,0.09110330753611932,6,0,2.571666973886227,536.262222304874,0.6595090943076035,0.34049090569239643,0.5,536.262222304874,0.34049090569239643,0.5,21.963205400770455,0.0,0.0,537.1027132105663,466,"[""trace"", ""feature"", ""binary""]","[0.6285072421855774, 0.3298503404397447, 0.5]",True,True,True,True,5,True,2.571666973886227,0.6595090943076035
1_DH_1_CONTROL,DH,CONTROL,1_DH_1_CONTROL__cand_06,all6,optuna,generic_seed,trial_348,optuna_multi,7a74a72572fc5320,1,True,530.2692642867589,1,245.820036145688,0.036309591863459084,0.09754191385782286,139.4293716371739,0.00886014295175505,8.2,1.0,1.185778850288792e-06,1.5062722325200061e-05,4.93135237149876e-07,8.506493044099056,6,0,2.5916812500335045,550.6825120602152,0.6592221493587633,0.3407778506412366,0.5,550.6825120602152,0.3407778506412366,0.5,1767.75512106436,0.0,0.0,551.5232899108564,348,"[""trace"", ""feature"", ""binary""]","[0.6319747811426347, 0.3264081558682652, 0.5]",True,True,True,True,6,True,2.5916812500335045,0.6592221493587633
1_DH_1_CONTROL,DH,CONTROL,1_DH_1_CONTROL__cand_04,all6,optuna,generic_seed,trial_487,optuna_multi,7a74a72572fc5320,1,True,527.53719499332,1,16.775755113607403,0.039964301676942524,0.00025041091235264976,50.854468657305105,22.269685821727563,8.2,1.0,1.185778850288792e-06,1.5062722325200061e-05,4.93135237149876e-07,0.08188460638515553,6,0,2.5983160545916326,553.152968076994,0.6575563071506219,0.34244369284937815,0.5,553.152968076994,0.34244369284937815,0.5,242.87914690823084,0.0,0.0,553.9954117698434,487,"[""trace"", ""feature"", ""binary""]","[0.6295748921303437, 0.3264610468856546, 0.5]",True,True,True,True,7,True,2.5983160545916326,0.6575563071506219
1_DH_1_CONTROL,DH,CONTROL,1_DH_1_CONTROL__cand_08,all6,optuna,generic_seed,trial_480,optuna_multi,7a74a72572fc5320,1,True,534.4802512449749,1,45.0019330679946,0.021863563449420156,0.09754191385782286,18.305735226716823,16.36341071897551,8.2,1.0,3.147806683575305e-07,9.777324906074084e-05,1.7461309348171835e-07,5.719545392989609,6,0,2.655784498694892,567.2573017548697,0.6569885098711171,0.34301149012888277,0.5,567.2573017548697,0.34301149012888277,0.5,39.90231387947353,0.0,0.0,568.1003132449986,480,"[""trace"", ""feature"", ""binary""]","[0.6345430462265034, 0.3263788255557335, 0.5]",True,True,True,True,8,True,2.655784498694892,0.6569885098711171
1_DH_1_CONTROL,DH,CONTROL,1_DH_1_CONTROL__cand_05,all6,optuna,generic_seed,trial_337,optuna_multi,7a74a72572fc5320,1,True,530.0634389503067,1,197.46556946697868,0.036309591863459084,0.003935699698220799,52.330239981449296,0.035058550455355136,8.2,1.0,6.798321056530878e-06,1.9606620200097793e-05,1.0888336764584933e-05,1.2635598601775555,6,0,2.624610685752303,562.2086628106746,0.6557881705820435,0.3442118294179565,0.5,562.2086628106746,0.3442118294179565,0.5,248.4715356300239,0.0,0.0,563.0528746400926,337,"[""trace"", ""feature"", ""binary""]","[0.6272727814028883, 0.3330453874804856, 0.5]",True,True,True,True,9,True,2.624610685752303,0.6557881705820435
1_DH_2_CONTROL,DH,CONTROL,1_DH_2_CONTROL__cand_10,all6,optuna,generic_seed,trial_254,optuna_multi,7a74a72572fc5320,1,True,663.4501522114058,1,38.202709281755745,0.036309591863459084,0.0012889923018888974,56.3374428959916,0.00451268783116729,8.2,1.0,2.6738182964551793e-08,0.003351462799558784,0.008205918074565565,0.05656130570844847,6,0,3.013730012174142,676.5844402662366,0.6782504003944498,0.32174959960555016,1.0,676.5844402662366,0.32174959960555016,1.0,298.66224153681156,0.0,0.0,677.9061898658422,254,"[""trace"", ""feature"", ""binary""]","[0.7456220959123282, 0.31049170357051203, 1.0]",True,True,True,True,1,True,2.8258133954089573,0.6766339790905781
1_DH_2_CONTROL,DH,CONTROL,1_DH_2_CONTROL__cand_12,all6,optuna,generic_seed,trial_408,optuna_multi,7a74a72572fc5320,1,True,675.1314805795005,1,245.820036145688,0.01735792403594532,0.26111241610093655,50.854468657305105,0.04374468729190967,8.2,1.0,3.1729073372306313e-07,4.835865362182063e-06,4.93135237149876e-07,0.16791285969822345,6,0,3.024485938701807,674.6527140615956,0.6776081415179599,0.32239185848204005,1.0,674.6527140615956,0.32239185848204005,1.0,240.4418418368283,0.0,0.0,675.9751059200777,408,"[""trace"", ""feature"", ""binary""]","[0.7566578586631144, 0.3105353618299338, 0.5]",True,True,True,True,2,True,3.024485938701807,0.6776081415179599
1_DH_2_CONTROL,DH,CONTROL,1_DH_2_CONTROL__cand_11,all6,optuna,generic_seed,trial_413,optuna_multi,7a74a72572fc5320,1,True,674.2481812678249,1,250.62588866464338,0.01735792403594532,0.0012889923018888974,17.03363882994435,0.03373080268383927,8.2,1.0,3.1729073372306313e-07,4.835865362182063e-06,0.008205918074565565,0.16791285969822345,6,0,3.0141932809097,673.5565801309481,0.6774865095499907,0.3225134904500094,1.0,673.5565801309481,0.3225134904500094,1.0,32.30046064061925,0.0,0.0,674.879093621398,413,"[""trace"", ""feature"", ""binary""]","[0.7542231918878395, 0.310382900810782, 1.0]",True,True,True,True,3,True,3.0141932809097,0.6774865095499907
1_DH_2_CONTROL,DH,CONTROL,1_DH_2_CONTROL__cand_13,all6,optuna,generic_seed,trial_462,optuna_multi,7a74a72572fc5320,1,True,691.4489247376802,1,454.57153583462264,0.022677352235512847,0.10962016879209524,50.854468657305105,3.2191463496769184,8.2,1.0,1.185778850288792e-06,1.5062722325200061e-05,5.349594518450895e-05,1.6523573294997274,6,0,3.0719864123965936,701.010134218317,0.6765592831892819,0.3234407168107181,0.5,701.010134218317,0.3234407168107181,0.5,237.76052706281644,0.0,0.0,701.8335749351278,462,"[""trace"", ""feature"", ""binary""]","[0.7583415193663039, 0.30964142447616716, 0.5]",True,True,True,True,4,True,3.0719864123965936,0.6765592831892819
1_DH_2_CONTROL,DH,CONTROL,1_DH_2_CONTROL__cand_05,all6,optuna,generic_seed,trial_274,optuna_multi,7a74a72572fc5320,1,True,571.2791871097398,1,73.40534928562195,0.007588328899786272,0.09754191385782286,17.03363882994435,6.668042930827933,8.2,1.0,1.185778850288792e-06,1.9740583621124953e-05,5.349594518450895e-05,0.08188460638515553,6,0,2.674008902621626,572.2455825759343,0.675925216638169,0.3240747833618311,0.5,572.2455825759343,0.3240747833618311,0.5,30.96250817378018,0.0,0.0,573.0696573592962,274,"[""trace"", ""feature"", ""binary""]","[0.667021952028028, 0.3235925906653293, 0.5]",True,True,True,True,5,True,2.674008902621626,0.675925216638169
1_DH_2_CONTROL,DH,CONTROL,1_DH_2_CONTROL__cand_09,all6,optuna,generic_seed,trial_446,optuna_multi,7a74a72572fc5320,1,True,616.6311669166109,1,138.79552120940943,0.01735792403594532,0.0007924849533052708,83.15310787671011,0.03373080268383927,8.2,1.0,3.1729073372306313e-07,5.461888811739218e-05,9.755011688381292e-05,3.6180889343566944,6,0,2.8691452090911542,633.2799192362107,0.6757503270522901,0.32424967294770984,0.5,633.2799192362107,0.32424967294770984,0.5,629.442565450882,0.0,0.0,634.1041689091585,446,"[""trace"", ""feature"", ""binary""]","[0.7016547517605106, 0.3134045231011888, 0.5]",True,True,True,True,6,True,2.8691452090911542,0.6757503270522901
1_DH_2_CONTROL,DH,CONTROL,1_DH_2_CONTROL__cand_08,all6,optuna,generic_seed,trial_488,optuna_multi,7a74a72572fc5320,1,True,602.4587861193182,1,245.820036145688,0.01735792403594532,0.09754191385782286,130.48445430931923,15.635362728779524,8.2,1.0,5.660670699258882e-07,5.461888811739218e-05,4.93135237149876e-07,6.574379920599517,6,0,2.8716182988455223,630.0748113873278,0.6737562171050455,0.3262437828949545,0.5,630.0748113873278,0.3262437828949545,0.5,1551.729356418494,0.0,0.0,630.9010551702228,488,"[""trace"", ""feature"", ""binary""]","[0.6934520630945377, 0.31612018448050083, 0.5]",True,True,True,True,7,True,2.8716182988455223,0.6737562171050455
1_DH_2_CONTROL,DH,CONTROL,1_DH_2_CONTROL__cand_06,all6,optuna,generic_seed,trial_350,optuna_multi,7a74a72572fc5320,1,True,596.4847900285415,1,245.820036145688,0.01735792403594532,0.09754191385782286,130.48445430931923,15.635362728779524,8.2,1.0,5.660670699258882e-07,5.461888811739218e-05,4.93135237149876e-07,7.516403083944953,6,0,2.8601420427072917,626.1912785824228,0.673339134927812,0.32666086507218794,0.5,626.1912785824228,0.32666086507218794,0.5,1551.7698318164641,0.0,0.0,627.017939447495,350,"[""trace"", ""feature"", ""binary""]","[0.6895286739970382, 0.3165845193042697, 0.5]",True,True,True,True,8,True,2.8601420427072917,0.673339134927812
1_DH_2_CONTROL,DH,CONTROL,1_DH_2_CONTROL__cand_04,all6,optuna,generic_seed,trial_435,optuna_multi,7a74a72572fc5320,1,True,553.975486371267,1,262.05131129029377,0.007058572590901788,0.09754191385782286,27.985508832905374,0.872764295013774,8.2,1.0,5.660670699258882e-07,1.5062722325200061e-05,4.2217145573715135e-07,0.3933244005343143,6,0,2.711417033093969,570.2624256251993,0.6033770390126675,0.3966229609873326,0.5,570.2624256251993,0.3966229609873326,0.5,76.64464664664392,0.0,0.0,571.1590485861866,435,"[""trace"", ""feature"", ""binary""]","[0.6665740652461266, 0.40362251355594625, 0.5]",True,True,True,True,9,True,2.711417033093969,0.6033770390126675
1_DH_2_CONTROL,DH,CONTROL,1_DH_2_CONTROL__cand_02,all6,optuna,generic_seed,trial_456,optuna_multi,7a74a72572fc5320,1,True,540.870323410339,1,354.1244438629623,0.007058572590901788,0.0007168653409047049,56.3374428959916,0.02385022010474564,8.2,1.0,1.318600900985154e-06,1.5062722325200061e-05,8.53873772948728e-06,1.6523573294997274,6,0,2.6697136480732673,567.888672885117,0.5826846807190922,0.4173153192809078,0.5,567.888672885117,0.4173153192809078,0.5,289.71816599590824,0.0,0.0,568.8059882043979,456,"[""trace"", ""feature"", ""binary""]","[0.6516315774542208, 0.44141522566859515, 0.5]",True,True,True,True,10,True,2.6697136480732673,0.5826846807190922
1_DH_2_CONTROL,DH,CONTROL,1_DH_2_CONTROL__cand_03,all6,optuna,generic_seed,trial_369,optuna_multi,7a74a72572fc5320,1,True,552.4566749232695,1,354.1244438629623,0.007058572590901788,0.09754191385782286,27.985508832905374,0.02385022010474564,8.2,1.0,8.75135735778465e-07,1.8252281858298468e-05,1.0888336764584933e-05,1.6523573294997274,6,0,2.7042295309079862,570.463912015534,0.5808167205003828,0.41918327949961715,0.5,570.463912015534,0.41918327949961715,0.5,73.47960921446126,0.0,0.0,571.3830952950336,369,"[""trace"", ""feature"", ""binary""]","[0.6631292366940748, 0.4256584981839756, 0.5]",True,True,True,True,11,True,2.7042295309079862,0.5808167205003828
1_DH_2_CONTROL,DH,CONTROL,1_DH_2_CONTROL__cand_01,all6,optuna,generic_seed,trial_258,optuna_multi,7a74a72572fc5320,1,True,527.7079891230989,1,51.769271970169164,0.005456725485601475,0.003935699698220799,56.3374428959916,0.035058550455355136,8.2,1.0,1.9720874302402908e-07,0.00030536947947832314,0.00017507431716231505,0.11168078352407658,6,0,2.650450042839531,567.4490171644629,0.4052549815739859,0.5947450184260141,0.5,567.4490171644629,0.5947450184260141,0.5,291.23886138629723,0.0,0.0,568.5437621828889,258,"[""trace"", ""feature"", ""binary""]","[0.6373823706332314, 0.5814674869395224, 0.5]",True,True,False,False,12,False,2.650450042839531,0.4052549815739859
1_DH_2_CONTROL,DH,CONTROL,1_DH_2_CONTROL__cand_07,all6,optuna,generic_seed,trial_468,optuna_multi,7a74a72572fc5320,1,True,597.0976249711944,1,454.57153583462264,0.01735792403594532,0.09754191385782286,50.854468657305105,29.18346281598263,8.2,1.0,5.660670699258882e-07,5.461888811739218e-05,4.93135237149876e-07,7.516403083944953,6,6,,inf,0.0,1.0,1.0,1000000000000.0,1.0,1.0,242.8481818726347,0.0,6.0,1000000000008.0,468,"[""trace"", ""feature"", ""binary""]","[0.6899162476582094, 0.31651969150964154, 0.5]",True,False,False,False,13,False,,0.0
1_VH_1_CONTROL,VH,CONTROL,1_VH_1_CONTROL__cand_02,all6,optuna,generic_seed,trial_475,optuna_multi,7a74a72572fc5320,1,True,496.7788948311824,1,35.19818734234284,0.003470360595544151,1.9295761588097387e-05,48.80995472389016,0.01335654520744678,8.2,1.0,6.931554219323889e-06,3.749420626758942e-06,1.3739589716762162e-08,1.2635598601775555,6,0,2.4601793805110606,496.7134478986074,0.37917900829302026,0.6208209917069798,0.0,496.7134478986074,0.6208209917069798,0.0,226.25019175900545,0.0,0.0,497.3342688903144,475,"[""trace"", ""feature"", ""binary""]","[0.6148508183703152, 0.6812590840505475, 0.0]",True,True,False,False,1,False,2.5006178069186933,0.4313651475250732
1_VH_1_CONTROL,VH,CONTROL,1_VH_1_CONTROL__cand_04,all6,optuna,generic_seed,trial_481,optuna_multi,7a74a72572fc5320,1,True,504.6723454348393,1,35.19818734234284,0.003470360595544151,1.9295761588097387e-05,6.9675619079996585,0.7158714383119805,8.2,1.0,1.318600900985154e-06,3.1764108521098706e-05,3.5005997606273915e-08,1.2635598601775555,6,0,2.478820354974093,504.2762178529822,0.35514046260427196,0.6448595373957281,0.0,504.2762178529822,0.6448595373957281,0.0,15.349013275552954,0.0,0.0,504.92107739037795,481,"[""trace"", ""feature"", ""binary""]","[0.6190467797251844, 0.668616333932414, 0.0]",True,True,False,False,2,False,2.478820354974093,0.35514046260427196
1_VH_1_CONTROL,VH,CONTROL,1_VH_1_CONTROL__cand_05,all6,optuna,generic_seed,trial_321,optuna_multi,7a74a72572fc5320,1,True,535.7840529201151,1,35.19818734234284,0.003470360595544151,0.09754191385782286,48.80995472389016,0.872764295013774,8.2,1.0,6.931554219323889e-06,1.8352911848077743e-06,0.0001159093450784577,1.4250466975271663,6,0,2.4810905348805625,499.5407672198435,0.33496453624889205,0.665035463751108,0.0,499.5407672198435,0.665035463751108,0.0,217.5728216110422,0.0,0.0,500.2058026835946,321,"[""trace"", ""feature"", ""binary""]","[0.6436681381338974, 0.5232039491721885, 0.0]",True,True,False,False,3,False,2.4810905348805625,0.33496453624889205
1_VH_1_CONTROL,VH,CONTROL,1_VH_1_CONTROL__cand_06,all6,optuna,generic_seed,trial_458,optuna_multi,7a74a72572fc5320,1,True,535.7840529201151,1,35.19818734234284,0.003470360595544151,0.09754191385782286,48.80995472389016,0.872764295013774,8.2,1.0,6.931554219323889e-06,1.8352911848077743e-06,0.0001159093450784577,1.4250466975271663,6,0,2.4810905348805625,499.5407672198435,0.33496453624889205,0.665035463751108,0.0,499.5407672198435,0.665035463751108,0.0,217.5728216110422,0.0,0.0,500.2058026835946,458,"[""trace"", ""feature"", ""binary""]","[0.6436681381338974, 0.5232039491721885, 0.0]",True,True,False,False,4,False,2.4810905348805625,0.33496453624889205
1_VH_1_CONTROL,VH,CONTROL,1_VH_1_CONTROL__cand_03,all6,optuna,generic_seed,trial_356,optuna_multi,7a74a72572fc5320,1,True,503.135682511466,1,35.19818734234284,0.003470360595544151,1.9295761588097387e-05,130.48445430931923,1.8773330457821398,8.2,1.0,6.931554219323889e-06,1.578232781079556e-06,9.035085883460162e-05,1.2635598601775555,6,0,2.482809073566101,498.750303652582,0.32572008908713773,0.6742799109128624,0.0,498.750303652582,0.6742799109128624,0.0,1549.4484267256985,0.0,0.0,499.4245835634948,356,"[""trace"", ""feature"", ""binary""]","[0.6231657862646038, 0.5554530620158289, 0.0]",True,True,False,False,5,False,2.482809073566101,0.32572008908713773
1_VH_1_CONTROL,VH,CONTROL,1_VH_1_CONTROL__cand_01,all6,optuna,generic_seed,trial_490,optuna_multi,7a74a72572fc5320,1,True,492.40895082381115,1,7.053190097210722,0.003470360595544151,1.9295761588097387e-05,92.25108400487547,0.872764295013774,8.2,1.0,7.971352803055297e-07,5.461888811739218e-05,0.0016522521257274828,1.581803085908141,6,0,2.447675621357335,492.671527262369,0.29705147131132265,0.7029485286886775,0.0,492.671527262369,0.7029485286886775,0.0,778.1063349706669,0.0,0.0,493.3744757910577,490,"[""trace"", ""feature"", ""binary""]","[0.611504062074102, 0.7018161130642087, 0.0]",True,True,False,False,6,False,2.447675621357335,0.29705147131132265
1_VH_2_CONTROL,VH,CONTROL,1_VH_2_CONTROL__cand_03,all6,optuna,generic_seed,trial_469,optuna_multi,7a74a72572fc5320,1,True,536.2688109567198,1,35.19818734234284,0.003470360595544151,0.04277699210334443,104.51057480462259,16.36341071897551,8.2,1.0,6.931554219323889e-06,4.742798105838863e-06,0.0010797453347997645,0.41299172660929345,6,0,2.6529784464559563,551.5537362728438,0.3216487897130184,0.6783512102869818,0.0,551.5537362728438,0.6783512102869818,0.0,994.3265443302794,0.0,0.0,552.2320874831308,469,"[""trace"", ""feature"", ""binary""]","[0.6489160217470621, 0.5082853545341142, 0.0]",True,True,False,False,1,False,2.6697651474127064,0.47157184590256934
1_VH_2_CONTROL,VH,CONTROL,1_VH_2_CONTROL__cand_02,all6,optuna,generic_seed,trial_492,optuna_multi,7a74a72572fc5320,1,True,529.0050536629324,1,35.19818734234284,0.003470360595544151,4.0955478290697965e-05,119.29009677898352,0.872764295013774,8.2,1.0,6.931554219323889e-06,1.578232781079556e-06,0.0010797453347997645,0.41299172660929345,6,0,2.6495538498957174,546.1238765563135,0.27222194432363134,0.7277780556763688,0.0,546.1238765563135,0.7277780556763688,0.0,1295.2365307034104,0.0,0.0,546.8516546119898,492,"[""trace"", ""feature"", ""binary""]","[0.6482700298175549, 0.7498969780700706, 0.0]",True,True,False,False,2,False,2.6495538498957174,0.27222194432363134
1_VH_2_CONTROL,VH,CONTROL,1_VH_2_CONTROL__cand_01,all6,optuna,generic_seed,trial_428,optuna_multi,7a74a72572fc5320,1,True,528.909199262086,1,35.19818734234284,0.003470360595544151,0.0001304212538027048,18.305735226716823,0.1280065098004041,8.2,1.0,6.931554219323889e-06,1.578232781079556e-06,1.3389713569160784e-08,1.2635598601775555,6,0,2.6522816496766244,546.4400646037977,0.2716937625882557,0.7283062374117444,0.0,546.4400646037977,0.7283062374117444,0.0,39.77356302268675,0.0,0.0,547.1683708412095,428,"[""trace"", ""feature"", ""binary""]","[0.6485742406058789, 0.7455233117857527, 0.0]",True,True,False,False,3,False,2.6522816496766244,0.2716937625882557
2_DH_1_CONTROL,DH,CONTROL,2_DH_1_CONTROL__cand_05,all6,optuna,generic_seed,trial_350,optuna_multi,7a74a72572fc5320,1,True,418.8759115160578,1,35.19818734234284,0.009457692079529038,0.05664186846611221,56.3374428959916,0.7489579543518217,8.2,1.0,3.1729073372306313e-07,1.5062722325200061e-05,4.6943960527706385e-05,0.1865309785854381,6,0,2.1724843650209764,429.0304627723497,0.6756884149389891,0.32431158506101093,0.5,429.0304627723497,0.32431158506101093,0.5,290.8658344002513,0.0,0.0,429.85477435741075,350,"[""trace"", ""feature"", ""binary""]","[0.5289206252767669, 0.3274860406042833, 0.5]",True,True,True,True,1,True,1.969723471185303,0.6753987016723254
2_DH_1_CONTROL,DH,CONTROL,2_DH_1_CONTROL__cand_10,all6,optuna,generic_seed,trial_462,optuna_multi,7a74a72572fc5320,1,True,626.5667319820142,1,354.1244438629623,0.030608522106722488,0.0007924849533052708,134.70814341610705,0.7489579543518217,8.2,1.0,1.185778850288792e-06,5.971435064832841e-06,4.93135237149876e-07,5.719545392989609,6,0,2.4178142117864403,539.2979576852728,0.6756880771128415,0.32431192288715854,0.5,539.2979576852728,0.32431192288715854,0.5,1650.9511442606893,0.0,0.0,540.12226960816,462,"[""trace"", ""feature"", ""binary""]","[0.6957908554835806, 0.31083314817124164, 0.5]",True,True,True,True,2,True,2.4178142117864403,0.6756880771128415
2_DH_1_CONTROL,DH,CONTROL,2_DH_1_CONTROL__cand_04,all6,optuna,generic_seed,trial_448,optuna_multi,7a74a72572fc5320,1,True,416.8818043641816,1,35.19818734234284,0.009457692079529038,0.05664186846611221,56.3374428959916,0.7489579543518217,8.2,1.0,3.1729073372306313e-07,1.9740583621124953e-05,4.6943960527706385e-05,0.1865309785854381,6,0,2.1570473863747726,426.8409952077093,0.6756348941255278,0.3243651058744723,0.5,426.8409952077093,0.3243651058744723,0.5,290.8333349523806,0.0,0.0,427.66536031358373,448,"[""trace"", ""feature"", ""binary""]","[0.5253718352461211, 0.3275302266872383, 0.5]",True,True,True,True,3,True,2.1570473863747726,0.6756348941255278
2_DH_1_CONTROL,DH,CONTROL,2_DH_1_CONTROL__cand_09,all6,optuna,generic_seed,trial_260,optuna_multi,7a74a72572fc5320,1,True,501.70750124289685,1,35.19818734234284,0.009457692079529038,0.0038540976762008188,56.3374428959916,15.635362728779524,8.2,1.0,8.75135735778465e-07,1.5062722325200061e-05,4.6943960527706385e-05,0.1865309785854381,6,0,2.0555460526377107,414.4885215232577,0.6746942549261269,0.3253057450738732,0.5,414.4885215232577,0.3253057450738732,0.5,292.0429951556725,0.0,0.0,415.3138272683316,260,"[""trace"", ""feature"", ""binary""]","[0.6144816469912308, 0.3109137121265192, 0.5]",True,True,True,True,4,True,2.0555460526377107,0.6746942549261269
2_DH_1_CONTROL,DH,CONTROL,2_DH_1_CONTROL__cand_06,all6,optuna,generic_seed,trial_486,optuna_multi,7a74a72572fc5320,1,True,436.6341396705749,1,3.4575756830058175,0.07537201787998425,0.04277699210334443,145.7673124081441,0.7489579543518217,8.2,1.0,8.75135735778465e-07,1.9740583621124953e-05,0.03220205344042296,0.1865309785854381,6,0,1.9347332167862887,389.34096664859027,0.6659179769165672,0.33408202308343293,0.5,389.34096664859027,0.33408202308343293,0.5,1934.0725575149495,0.0,0.0,390.1750486716737,486,"[""trace"", ""feature"", ""binary""]","[0.5427275685620069, 0.31887488216664117, 0.5]",True,True,True,True,5,True,1.9347332167862887,0.6659179769165672
2_DH_1_CONTROL,DH,CONTROL,2_DH_1_CONTROL__cand_02,all6,optuna,generic_seed,trial_456,optuna_multi,7a74a72572fc5320,1,True,374.0347400904843,1,3.4575756830058175,0.06598741607403362,1.9295761588097387e-05,56.19189219397068,0.7489579543518217,8.2,1.0,1.185778850288792e-06,1.9740583621124953e-05,1.0888336764584933e-05,8.506493044099056,6,0,1.8745492098327772,373.9942067209031,0.6637004569875447,0.3362995430124554,0.5,373.9942067209031,0.3362995430124554,0.5,292.5697377754256,0.0,0.0,374.83050626391554,456,"[""trace"", ""feature"", ""binary""]","[0.4672169648211056, 0.33767182750960056, 0.5]",True,True,True,True,6,True,1.8745492098327772,0.6637004569875447
2_DH_1_CONTROL,DH,CONTROL,2_DH_1_CONTROL__cand_03,all6,optuna,generic_seed,trial_481,optuna_multi,7a74a72572fc5320,1,True,380.2209796133736,1,3.4575756830058175,0.07537201787998425,0.05664186846611221,56.3374428959916,0.7489579543518217,8.2,1.0,1.318600900985154e-06,3.1764108521098706e-05,3.5005997606273915e-08,7.1300113348033465,6,0,1.8586907216217432,374.4496383557419,0.6616154322791963,0.3383845677208038,0.5,374.4496383557419,0.3383845677208038,0.5,295.5381015980143,0.0,0.0,375.28802292346273,481,"[""trace"", ""feature"", ""binary""]","[0.47117988836787034, 0.3316876911991993, 0.5]",True,True,True,True,7,True,1.8586907216217432,0.6616154322791963
2_DH_1_CONTROL,DH,CONTROL,2_DH_1_CONTROL__cand_07,all6,optuna,generic_seed,trial_371,optuna_multi,7a74a72572fc5320,1,True,437.4268287862965,1,3.4575756830058175,0.039964301676942524,0.44618052052220264,17.03363882994435,15.635362728779524,8.2,1.0,1.185778850288792e-06,1.9740583621124953e-05,4.6943960527706385e-05,0.08188460638515553,6,0,2.0715001895764664,437.27982407873805,0.6591084612387427,0.3408915387612574,0.5,437.27982407873805,0.3408915387612574,0.5,33.37856001449399,0.0,0.0,438.1207156174993,371,"[""trace"", ""feature"", ""binary""]","[0.5238768581287869, 0.3309289747598724, 0.5]",True,True,True,True,8,True,2.0715001895764664,0.6591084612387427
2_DH_1_CONTROL,DH,CONTROL,2_DH_1_CONTROL__cand_08,all6,optuna,generic_seed,trial_494,optuna_multi,7a74a72572fc5320,1,True,437.4268287862965,1,3.4575756830058175,0.039964301676942524,0.44618052052220264,44.60235110588261,15.635362728779524,8.2,1.0,1.185778850288792e-06,1.9740583621124953e-05,4.6943960527706385e-05,0.08188460638515553,6,0,2.0715001895764664,437.27982407873805,0.6591084612387427,0.3408915387612574,0.5,437.27982407873805,0.3408915387612574,0.5,186.85104978477256,0.0,0.0,438.1207156174993,494,"[""trace"", ""feature"", ""binary""]","[0.5238768581287869, 0.3309289747598724, 0.5]",True,True,True,True,9,True,2.0715001895764664,0.6591084612387427
2_DH_1_CONTROL,DH,CONTROL,2_DH_1_CONTROL__cand_01,all6,optuna,generic_seed,trial_352,optuna_multi,7a74a72572fc5320,1,True,345.77086382521856,1,39.7357371232687,0.003470360595544151,0.10962016879209524,131.58008112196623,15.635362728779524,8.2,1.0,6.931554219323889e-06,1.5062722325200061e-05,0.03220205344042296,3.6180889343566944,6,0,1.8459778897507644,356.37243848544705,0.3737006761205189,0.6262993238794811,0.5,356.37243848544705,0.6262993238794811,0.5,1577.0557784464536,0.0,0.0,357.49873780932654,352,"[""trace"", ""feature"", ""binary""]","[0.4512574910819999, 0.6253394916597015, 0.5]",True,True,False,False,10,False,1.8459778897507644,0.3737006761205189
2_VH_1_CONTROL,VH,CONTROL,2_VH_1_CONTROL__cand_07,all6,optuna,generic_seed,trial_442,optuna_multi,7a74a72572fc5320,1,True,615.698368871954,1,8.117430948802019,0.0062036438354928424,0.023875874361448276,48.80995472389016,3.2191463496769184,8.2,1.0,9.222492453004649e-08,1.9606620200097793e-05,3.5005997606273915e-08,5.202070575134441,6,0,2.7943144937670206,600.145815318469,0.45434622453530915,0.545653775464691,0.08333333333333333,600.145815318469,0.545653775464691,0.08333333333333333,226.55639651187556,0.0,0.0,600.774802427267,442,"[""trace"", ""feature"", ""binary""]","[0.711584469858446, 0.5729579413481263, 0.08333333333333333]",True,True,False,False,1,False,2.7962688635176254,0.42787600708525025
2_VH_1_CONTROL,VH,CONTROL,2_VH_1_CONTROL__cand_05,all6,optuna,generic_seed,trial_322,optuna_multi,7a74a72572fc5320,1,True,556.6539637914558,1,245.820036145688,0.0045097190641534834,5.5534149269698904e-05,104.51057480462259,0.035058550455355136,8.2,1.0,1.1983032564333169e-08,1.5062722325200061e-05,0.03220205344042296,3.203933130925507,6,0,2.767871753826554,592.3804944128857,0.40893907599173124,0.5910609240082688,0.4166666666666667,592.3804944128857,0.5910609240082688,0.4166666666666667,1002.9541742554179,0.0,0.0,593.3882220035606,322,"[""trace"", ""feature"", ""binary""]","[0.6612367371623024, 0.559039523053956, 0.4166666666666667]",True,True,False,False,2,False,2.767871753826554,0.40893907599173124
2_VH_1_CONTROL,VH,CONTROL,2_VH_1_CONTROL__cand_04,all6,optuna,generic_seed,trial_363,optuna_multi,7a74a72572fc5320,1,True,556.4919140882438,1,245.820036145688,0.0045097190641534834,5.5534149269698904e-05,35.72741715700898,0.04374468729190967,8.2,1.0,1.1983032564333169e-08,1.5062722325200061e-05,0.03220205344042296,3.203933130925507,6,0,2.7666984833672417,591.9781101869404,0.4081473625812906,0.5918526374187095,0.4166666666666667,591.9781101869404,0.5918526374187095,0.4166666666666667,128.53537329109653,0.0,0.0,592.9866294910257,363,"[""trace"", ""feature"", ""binary""]","[0.6610823500206093, 0.5595746443194358, 0.4166666666666667]",True,True,False,False,3,False,2.7666984833672417,0.4081473625812906
2_VH_1_CONTROL,VH,CONTROL,2_VH_1_CONTROL__cand_08,all6,optuna,generic_seed,trial_303,optuna_multi,7a74a72572fc5320,1,True,758.152093187945,1,1.0099908101915271,0.022677352235512847,0.023875874361448276,59.67833985686124,1.8773330457821398,8.2,1.0,1.318600900985154e-06,1.5062722325200061e-05,9.035085883460162e-05,8.731355768861862,6,0,3.6719154796202162,831.3493963972537,0.37193130149959236,0.6280686985004077,0.08333333333333333,831.3493963972537,0.6280686985004077,0.08333333333333333,326.33211926700363,0.0,0.0,832.0607984290875,303,"[""trace"", ""feature"", ""binary""]","[0.8559986031932684, 0.5682595485502675, 0.08333333333333333]",True,True,False,False,4,False,3.6719154796202162,0.37193130149959236
2_VH_1_CONTROL,VH,CONTROL,2_VH_1_CONTROL__cand_09,all6,optuna,generic_seed,trial_321,optuna_multi,7a74a72572fc5320,1,True,922.1486181344961,1,454.57153583462264,0.0062036438354928424,0.05213015783463995,115.42393997879053,6.668042930827933,8.2,1.0,1.318600900985154e-06,0.0006162700666853774,0.0001159093450784577,1.4250466975271663,6,0,4.441287655803511,1073.139092594841,0.3657249986968267,0.6342750013031734,0.08333333333333333,1073.139092594841,0.6342750013031734,0.08333333333333333,1212.4004059952467,0.0,0.0,1073.8567009294775,321,"[""trace"", ""feature"", ""binary""]","[0.9939757457057138, 0.4368786549016809, 0.08333333333333333]",True,False,False,False,5,False,4.441287655803511,0.3657249986968267
2_VH_1_CONTROL,VH,CONTROL,2_VH_1_CONTROL__cand_06,all6,optuna,generic_seed,trial_495,optuna_multi,7a74a72572fc5320,1,True,572.9988115319951,1,1.0099908101915271,0.04268407710065494,0.0007450284247315657,115.42393997879053,3.2191463496769184,8.2,1.0,9.222492453004649e-08,0.0006162700666853774,0.00035460717232584446,1.4250466975271663,6,0,3.1677404798086237,670.5728989284509,0.3177932458528764,0.6822067541471237,0.08333333333333333,670.5728989284509,0.6822067541471237,0.08333333333333333,1216.1247661770155,0.0,0.0,671.3384390159314,495,"[""trace"", ""feature"", ""binary""]","[0.7073671263437084, 0.6505255978163385, 0.08333333333333333]",True,True,False,False,6,False,3.1677404798086237,0.3177932458528764
2_VH_1_CONTROL,VH,CONTROL,2_VH_1_CONTROL__cand_03,all6,optuna,generic_seed,trial_488,optuna_multi,7a74a72572fc5320,1,True,548.6458298453188,1,245.820036145688,0.0045097190641534834,0.023875874361448276,104.51057480462259,1.8773330457821398,8.2,1.0,1.318600900985154e-06,1.5062722325200061e-05,0.03220205344042296,8.731355768861862,6,0,2.913202513788415,621.8912139242412,0.2861500194884072,0.7138499805115929,0.08333333333333333,621.8912139242412,0.7138499805115929,0.08333333333333333,996.297306909813,0.0,0.0,622.6883972380862,488,"[""trace"", ""feature"", ""binary""]","[0.6610331669523161, 0.6794225977794599, 0.08333333333333333]",True,True,False,False,7,False,2.913202513788415,0.2861500194884072
2_VH_1_CONTROL,VH,CONTROL,2_VH_1_CONTROL__cand_02,all6,optuna,generic_seed,trial_483,optuna_multi,7a74a72572fc5320,1,True,544.213613211913,1,1.0099908101915271,0.07355619850853308,5.5534149269698904e-05,50.854468657305105,0.04374468729190967,8.2,1.0,9.222492453004649e-08,1.5062722325200061e-05,3.535624158641975e-07,0.08188460638515553,6,0,2.8081947570448746,597.6972414789075,0.21339904355107442,0.7866009564489258,0.08333333333333333,597.6972414789075,0.7866009564489258,0.08333333333333333,245.08345688641867,0.0,0.0,598.5671757686898,483,"[""trace"", ""feature"", ""binary""]","[0.654577643877572, 0.7189917909626671, 0.08333333333333333]",True,True,False,False,8,False,2.8081947570448746,0.21339904355107442
2_VH_1_CONTROL,VH,CONTROL,2_VH_1_CONTROL__cand_01,all6,optuna,generic_seed,trial_435,optuna_multi,7a74a72572fc5320,1,True,534.0681298172966,1,1.0099908101915271,0.021863563449420156,2.5146819912481963e-05,121.51700920187712,1.8773330457821398,8.2,1.0,1.9720874302402908e-07,1.5062722325200061e-05,9.035085883460162e-05,0.3933244005343143,6,0,2.877155711371492,613.3165235749761,0.20745378037079565,0.7925462196292045,0.08333333333333333,613.3165235749761,0.7925462196292045,0.08333333333333333,1347.5303363415553,0.0,0.0,614.1924031279387,435,"[""trace"", ""feature"", ""binary""]","[0.6483046489170045, 0.7638366460835923, 0.08333333333333333]",True,True,False,False,9,False,2.877155711371492,0.20745378037079565
3_DH_1_CONTROL,DH,CONTROL,3_DH_1_CONTROL__cand_08,all6,optuna,generic_seed,trial_481,optuna_multi,7a74a72572fc5320,1,True,613.3163414142123,1,6.140686041696456,0.04268407710065494,1.3380403777740534e-05,77.83765579242564,0.0016622321161456782,8.2,1.0,4.701467226288984e-08,5.461888811739218e-05,3.9576032587089944e-08,1.581803085908141,6,0,3.20781657829232,706.1856370294273,0.6754817043551983,0.32451829564480167,0.3333333333333333,706.1856370294273,0.32451829564480167,0.3333333333333333,563.9236979509101,0.0,0.0,706.8434886584055,481,"[""trace"", ""feature"", ""binary""]","[0.730174729798863, 0.3110326593106705, 0.3333333333333333]",True,True,True,True,1,True,3.3921069461998576,0.6715184966587233
3_DH_1_CONTROL,DH,CONTROL,3_DH_1_CONTROL__cand_01,all6,optuna,generic_seed,trial_497,optuna_multi,7a74a72572fc5320,1,True,600.5588561867955,1,6.140686041696456,0.04268407710065494,1.3380403777740534e-05,77.83765579242564,0.0955567394108662,8.2,1.0,4.701467226288984e-08,5.461888811739218e-05,4.2217145573715135e-07,1.581803085908141,6,0,3.207816307501039,706.1859206680865,0.6754816940764358,0.3245183059235642,0.3333333333333333,706.1859206680865,0.3245183059235642,0.3333333333333333,560.222847842399,0.0,0.0,706.8437723073434,497,"[""trace"", ""feature"", ""binary""]","[0.7188797647383885, 0.3115618955730426, 0.3333333333333333]",True,True,True,True,2,True,3.207816307501039,0.6754816940764358
3_DH_1_CONTROL,DH,CONTROL,3_DH_1_CONTROL__cand_06,all6,optuna,generic_seed,trial_440,optuna_multi,7a74a72572fc5320,1,True,608.1044591927971,1,6.140686041696456,0.04268407710065494,0.0007168653409047049,12.263854792330786,0.0696855933555181,8.2,1.0,9.222492453004649e-08,5.461888811739218e-05,3.9576032587089944e-08,0.06574930931112102,6,0,3.218448642753469,710.8214173408519,0.675103460061798,0.32489653993820206,0.3333333333333333,710.8214173408519,0.32489653993820206,0.3333333333333333,24.721854351833557,0.0,0.0,711.4796472141235,440,"[""trace"", ""feature"", ""binary""]","[0.7247016171792474, 0.3113033656916374, 0.3333333333333333]",True,True,True,True,3,True,3.218448642753469,0.675103460061798
3_DH_1_CONTROL,DH,CONTROL,3_DH_1_CONTROL__cand_02,all6,optuna,generic_seed,trial_417,optuna_multi,7a74a72572fc5320,1,True,603.4333872253435,1,6.140686041696456,0.04268407710065494,1.3380403777740534e-05,59.67833985686124,0.0696855933555181,8.2,1.0,4.701467226288984e-08,9.777324906074084e-05,9.035085883460162e-05,0.08188460638515553,6,0,3.2194315662462167,711.0106827611726,0.675030170726341,0.3249698292736591,0.3333333333333333,711.0106827611726,0.3249698292736591,0.3333333333333333,332.30988419917736,0.0,0.0,711.6689859237796,417,"[""trace"", ""feature"", ""binary""]","[0.7206848026097297, 0.3114879138787511, 0.3333333333333333]",True,True,True,True,4,True,3.2194315662462167,0.675030170726341
3_DH_1_CONTROL,DH,CONTROL,3_DH_1_CONTROL__cand_03,all6,optuna,generic_seed,trial_386,optuna_multi,7a74a72572fc5320,1,True,605.1937678896218,1,6.140686041696456,0.04268407710065494,0.0007168653409047049,12.263854792330786,0.0696855933555181,8.2,1.0,3.1729073372306313e-07,5.461888811739218e-05,0.0010050124895976764,0.06574930931112102,6,0,3.239194770034407,713.2691051919406,0.6744386063681872,0.3255613936318128,0.8333333333333334,713.2691051919406,0.3255613936318128,0.8333333333333334,18.951563338409812,0.0,0.0,714.4279999189058,386,"[""trace"", ""feature"", ""binary""]","[0.7236442769549577, 0.311398494112491, 0.8333333333333334]",True,True,True,True,5,True,3.239194770034407,0.6744386063681872
3_DH_1_CONTROL,DH,CONTROL,3_DH_1_CONTROL__cand_04,all6,optuna,generic_seed,trial_458,optuna_multi,7a74a72572fc5320,1,True,605.1937678896218,1,6.140686041696456,0.04268407710065494,0.0007168653409047049,12.263854792330786,0.0696855933555181,8.2,1.0,3.1729073372306313e-07,5.461888811739218e-05,0.0010050124895976764,0.06574930931112102,6,0,3.239194770034407,713.2691051919406,0.6744386063681872,0.3255613936318128,0.8333333333333334,713.2691051919406,0.3255613936318128,0.8333333333333334,18.951563338409812,0.0,0.0,714.4279999189058,458,"[""trace"", ""feature"", ""binary""]","[0.7236442769549577, 0.311398494112491, 0.8333333333333334]",True,True,True,True,6,True,3.239194770034407,0.6744386063681872
3_DH_1_CONTROL,DH,CONTROL,3_DH_1_CONTROL__cand_05,all6,optuna,generic_seed,trial_456,optuna_multi,7a74a72572fc5320,1,True,605.4967925448905,1,6.140686041696456,0.04268407710065494,1.3380403777740534e-05,50.854468657305105,0.0696855933555181,8.2,1.0,3.1729073372306313e-07,4.835865362182063e-06,3.957743793846691e-08,0.08188460638515553,6,0,3.2392952652834013,714.6563288850022,0.6743270081079445,0.3256729918920555,0.3333333333333333,714.6563288850022,0.3256729918920555,0.3333333333333333,246.86854769024222,0.0,0.0,715.3153352102275,456,"[""trace"", ""feature"", ""binary""]","[0.7236448827174774, 0.311380801928817, 0.3333333333333333]",True,True,True,True,7,True,3.2392952652834013,0.6743270081079445
3_DH_1_CONTROL,DH,CONTROL,3_DH_1_CONTROL__cand_07,all6,optuna,generic_seed,trial_436,optuna_multi,7a74a72572fc5320,1,True,609.0780015357715,1,6.140686041696456,0.04268407710065494,0.0017422258574545319,12.263854792330786,0.0696855933555181,8.2,1.0,5.397124303749564e-07,5.461888811739218e-05,0.0010050124895976764,0.06574930931112102,6,0,3.2689529231923813,721.7431387419018,0.6731311548957418,0.3268688451042581,0.8333333333333334,721.7431387419018,0.3268688451042581,0.8333333333333334,18.06772315309663,0.0,0.0,722.9033409203395,436,"[""trace"", ""feature"", ""binary""]","[0.7280669954126093, 0.3111898161374643, 0.8333333333333334]",True,True,True,True,8,True,3.2689529231923813,0.6731311548957418
3_DH_1_CONTROL,DH,CONTROL,3_DH_1_CONTROL__cand_09,all6,optuna,generic_seed,trial_411,optuna_multi,7a74a72572fc5320,1,True,624.0801390618607,1,6.8872719026422615,0.039964301676942524,0.023875874361448276,50.854468657305105,0.7489579543518217,8.2,1.0,1.185778850288792e-06,1.1640589436768768e-08,4.93135237149876e-07,0.06574930931112102,6,0,3.3663289702417245,752.6397785608638,0.6699076266855357,0.33009237331446445,0.3333333333333333,752.6397785608638,0.33009237331446445,0.3333333333333333,245.04008165876283,0.0,0.0,753.3032042675115,411,"[""trace"", ""feature"", ""binary""]","[0.7422068535756411, 0.3108459119780286, 0.3333333333333333]",True,True,True,True,9,True,3.3663289702417245,0.6699076266855357
3_DH_2_CONTROL,DH,CONTROL,3_DH_2_CONTROL__cand_09,all6,optuna,generic_seed,trial_341,optuna_multi,7a74a72572fc5320,1,True,808.5229378533154,1,38.202709281755745,0.06598741607403362,0.0003125457636899049,48.80995472389016,15.635362728779524,8.2,1.0,9.222492453004649e-08,1.9606620200097793e-05,0.0006970539360171087,1.581803085908141,6,0,3.5979091692909204,848.9455707376452,0.675649873091667,0.3243501269083329,0.3333333333333333,848.9455707376452,0.3243501269083329,0.3333333333333333,224.20211060096025,0.0,0.0,849.6032541978869,341,"[""trace"", ""feature"", ""binary""]","[0.8678534031889865, 0.31124617571513136, 0.3333333333333333]",True,True,True,True,1,True,3.4749932388046063,0.6664502882981257
3_DH_2_CONTROL,DH,CONTROL,3_DH_2_CONTROL__cand_06,all6,optuna,generic_seed,trial_471,optuna_multi,7a74a72572fc5320,1,True,684.6590726918814,1,21.118975505059517,0.01735792403594532,0.0038540976762008188,41.53164722208056,12.645799687218885,8.2,1.0,5.660670699258882e-07,1.9740583621124953e-05,0.00017507431716231505,5.126456608059839,6,0,3.334196997875143,767.102381685659,0.6738188567707203,0.32618114322927977,0.3333333333333333,767.102381685659,0.32618114322927977,0.3333333333333333,160.95557348633903,0.0,0.0,767.7618961622217,471,"[""trace"", ""feature"", ""binary""]","[0.7735538386122647, 0.3117158861748939, 0.3333333333333333]",True,True,True,True,2,True,3.334196997875143,0.6738188567707203
3_DH_2_CONTROL,DH,CONTROL,3_DH_2_CONTROL__cand_03,all6,optuna,generic_seed,trial_443,optuna_multi,7a74a72572fc5320,1,True,643.2517109084068,1,6.140686041696456,0.021863563449420156,0.0003125457636899049,83.15310787671011,0.7489579543518217,8.2,1.0,3.1729073372306313e-07,1.9606620200097793e-05,6.472669269538615e-08,6.574379920599517,6,0,3.26636519279257,737.0589412366816,0.6733407810186519,0.32665921898134814,0.3333333333333333,737.0589412366816,0.32665921898134814,0.3333333333333333,635.374993725936,0.0,0.0,737.7189337889963,443,"[""trace"", ""feature"", ""binary""]","[0.7517597242032893, 0.3119489701145849, 0.3333333333333333]",True,True,True,True,3,True,3.26636519279257,0.6733407810186519
3_DH_2_CONTROL,DH,CONTROL,3_DH_2_CONTROL__cand_02,all6,optuna,generic_seed,trial_395,optuna_multi,7a74a72572fc5320,1,True,638.6515039306981,1,6.140686041696456,0.021863563449420156,6.0701655210150736e-05,83.15310787671011,0.7489579543518217,8.2,1.0,3.1729073372306313e-07,1.9740583621124953e-05,6.472669269538615e-08,6.574379920599517,6,0,3.2659845335542155,736.9927259622254,0.6733402628958162,0.326659737104184,0.3333333333333333,736.9927259622254,0.326659737104184,0.3333333333333333,636.6511039728829,0.0,0.0,737.652719032663,395,"[""trace"", ""feature"", ""binary""]","[0.7491545280372085, 0.3123127402319855, 0.3333333333333333]",True,True,True,True,4,True,3.2659845335542155,0.6733402628958162
3_DH_2_CONTROL,DH,CONTROL,3_DH_2_CONTROL__cand_05,all6,optuna,generic_seed,trial_411,optuna_multi,7a74a72572fc5320,1,True,676.3169132815674,1,6.140686041696456,0.030608522106722488,6.0701655210150736e-05,48.80995472389016,0.7489579543518217,8.2,1.0,5.660670699258882e-07,1.1640589436768768e-08,0.056909972358045555,1.6523573294997274,6,0,3.3693697766524195,764.0856548209649,0.6725902265705471,0.32740977342945293,0.3333333333333333,764.0856548209649,0.32740977342945293,0.3333333333333333,230.65968403595346,0.0,0.0,764.7463979277278,411,"[""trace"", ""feature"", ""binary""]","[0.783317371765595, 0.3115163915919852, 0.3333333333333333]",True,True,True,True,5,True,3.3693697766524195,0.6725902265705471
3_DH_2_CONTROL,DH,CONTROL,3_DH_2_CONTROL__cand_07,all6,optuna,generic_seed,trial_305,optuna_multi,7a74a72572fc5320,1,True,699.9925565747483,1,6.140686041696456,0.06598741607403362,6.0701655210150736e-05,130.48445430931923,0.7489579543518217,8.2,1.0,5.660670699258882e-07,1.9740583621124953e-05,6.472669269538615e-08,6.574379920599517,6,0,3.4022076216285204,788.9165409335083,0.6718038153415399,0.32819618465846,0.3333333333333333,788.9165409335083,0.32819618465846,0.3333333333333333,1553.8728506448858,0.0,0.0,789.5780704515001,305,"[""trace"", ""feature"", ""binary""]","[0.786082714190654, 0.31139300484884613, 0.3333333333333333]",True,True,True,True,6,True,3.4022076216285204,0.6718038153415399
3_DH_2_CONTROL,DH,CONTROL,3_DH_2_CONTROL__cand_08,all6,optuna,generic_seed,trial_337,optuna_multi,7a74a72572fc5320,1,True,780.5131038619378,1,39.7357371232687,0.030608522106722488,6.0701655210150736e-05,48.80995472389016,0.0319082859325802,8.2,1.0,6.798321056530878e-06,9.275294835907672e-08,0.0018034224617513753,0.41299172660929345,6,0,3.6332411659173434,853.7671885273679,0.6698999419248947,0.33010005807510523,0.8333333333333334,853.7671885273679,0.33010005807510523,0.8333333333333334,222.23056694905563,0.0,0.0,854.9306219187764,337,"[""trace"", ""feature"", ""binary""]","[0.8542996951171155, 0.3113142832368053, 0.8333333333333334]",True,True,True,True,7,True,3.6332411659173434,0.6698999419248947
3_DH_2_CONTROL,DH,CONTROL,3_DH_2_CONTROL__cand_04,all6,optuna,generic_seed,trial_318,optuna_multi,7a74a72572fc5320,1,True,659.982908048567,1,2.353845387158846,0.06598741607403362,0.0003125457636899049,83.15310787671011,3.2191463496769184,8.2,1.0,3.1729073372306313e-07,0.0001905888612992101,0.0010050124895976764,0.11900007574837604,6,0,3.347073925461245,781.822862607149,0.49550601625503043,0.5044939837449695,0.3333333333333333,781.822862607149,0.5044939837449695,0.3333333333333333,633.8394432252834,0.0,0.0,782.6606899242273,318,"[""trace"", ""feature"", ""binary""]","[0.7439777637567548, 0.5208409508731775, 0.3333333333333333]",True,True,False,False,8,False,3.347073925461245,0.49550601625503043
3_DH_2_CONTROL,DH,CONTROL,3_DH_2_CONTROL__cand_01,all6,optuna,generic_seed,trial_463,optuna_multi,7a74a72572fc5320,1,True,637.8740794159922,1,2.353845387158846,0.06598741607403362,0.0003125457636899049,41.53164722208056,0.7489579543518217,8.2,1.0,1.9720874302402908e-07,0.00014729188667625122,0.056909972358045555,0.06574930931112102,6,0,3.233735153980182,745.9321062883267,0.4179247563971029,0.5820752436028971,0.3333333333333333,745.9321062883267,0.5820752436028971,0.3333333333333333,166.8746226970511,0.0,0.0,746.847514865263,463,"[""trace"", ""feature"", ""binary""]","[0.7287818544441963, 0.573768558756516, 0.3333333333333333]",True,True,False,False,9,False,3.233735153980182,0.4179247563971029
3_VH_1_CONTROL,VH,CONTROL,3_VH_1_CONTROL__cand_09,all6,optuna,generic_seed,trial_398,optuna_multi,7a74a72572fc5320,1,True,589.4955307173109,1,35.19818734234284,0.003470360595544151,2.5943711605999785e-05,20.965856493943424,3.2191463496769184,8.2,1.0,6.931554219323889e-06,3.1764108521098706e-05,3.5005997606273915e-08,1.2635598601775555,6,0,2.936416513884033,585.1961961961873,0.49489813399222554,0.5051018660077745,0.25,585.1961961961873,0.5051018660077745,0.25,49.9353832014111,0.0,0.0,585.9512980621951,398,"[""trace"", ""feature"", ""binary""]","[0.7363943724056033, 0.5061627865968781, 0.25]",True,True,False,False,1,False,2.898992758140088,0.5045711109193208
3_VH_1_CONTROL,VH,CONTROL,3_VH_1_CONTROL__cand_10,all6,optuna,generic_seed,trial_415,optuna_multi,7a74a72572fc5320,1,True,589.4955307173109,1,35.19818734234284,0.003470360595544151,2.5943711605999785e-05,20.965856493943424,3.2191463496769184,8.2,1.0,6.931554219323889e-06,3.1764108521098706e-05,3.5005997606273915e-08,1.2635598601775555,6,0,2.936416513884033,585.1961961961873,0.49489813399222554,0.5051018660077745,0.25,585.1961961961873,0.5051018660077745,0.25,49.9353832014111,0.0,0.0,585.9512980621951,415,"[""trace"", ""feature"", ""binary""]","[0.7363943724056033, 0.5061627865968781, 0.25]",True,True,False,False,2,False,2.936416513884033,0.49489813399222554
3_VH_1_CONTROL,VH,CONTROL,3_VH_1_CONTROL__cand_11,all6,optuna,generic_seed,trial_405,optuna_multi,7a74a72572fc5320,1,True,607.0048529296663,1,35.19818734234284,0.003470360595544151,1.9295761588097387e-05,136.23988289499806,0.0020662856292529706,8.2,1.0,2.878053435919747e-05,1.3752845008457849e-05,3.5005997606273915e-08,0.08188460638515553,6,0,3.1347869828011845,649.3875653094234,0.3864779375879109,0.6135220624120893,0.25,649.3875653094234,0.6135220624120893,0.25,1693.1202827252412,0.0,0.0,650.2510873718355,405,"[""trace"", ""feature"", ""binary""]","[0.7443088583089961, 0.42698270742656586, 0.25]",True,True,False,False,3,False,3.1347869828011845,0.3864779375879109
3_VH_1_CONTROL,VH,CONTROL,3_VH_1_CONTROL__cand_06,all6,optuna,generic_seed,trial_487,optuna_multi,7a74a72572fc5320,1,True,461.5452173599392,1,454.57153583462264,0.003470360595544151,0.00025041091235264976,48.80995472389016,22.269685821727563,8.2,1.0,6.931554219323889e-06,1.8352911848077743e-06,3.5005997606273915e-08,8.731355768861862,6,0,2.325547644378535,461.3159952645604,0.27885839132969403,0.7211416086703061,0.25,461.3159952645604,0.7211416086703061,0.25,226.92577374633314,0.0,0.0,462.2871368732307,487,"[""trace"", ""feature"", ""binary""]","[0.578188787109829, 0.5109022405742152, 0.25]",True,True,False,False,4,False,2.325547644378535,0.27885839132969403
3_VH_1_CONTROL,VH,CONTROL,3_VH_1_CONTROL__cand_08,all6,optuna,generic_seed,trial_376,optuna_multi,7a74a72572fc5320,1,True,465.53367183700095,1,55.395969950039536,0.003470360595544151,0.023875874361448276,136.23988289499806,6.668042930827933,8.2,1.0,1.185778850288792e-06,6.812233896860302e-06,6.060166876697796e-07,5.202070575134441,6,0,2.3042167371228066,460.65056138270137,0.2305909395188808,0.7694090604811193,0.25,460.65056138270137,0.7694090604811193,0.25,1688.9810806994801,0.0,0.0,461.6699704431825,376,"[""trace"", ""feature"", ""binary""]","[0.5768025320829074, 0.7040243823379836, 0.25]",True,True,False,False,5,False,2.3042167371228066,0.2305909395188808
3_VH_1_CONTROL,VH,CONTROL,3_VH_1_CONTROL__cand_07,all6,optuna,generic_seed,trial_414,optuna_multi,7a74a72572fc5320,1,True,463.69865167902435,1,35.19818734234284,0.003470360595544151,0.023875874361448276,136.23988289499806,6.668042930827933,8.2,1.0,1.185778850288792e-06,6.812233896860302e-06,6.060166876697796e-07,5.126456608059839,6,0,2.303372713791004,459.86182425030114,0.2291215577926198,0.7708784422073803,0.25,459.86182425030114,0.7708784422073803,0.25,1688.979035358236,0.0,0.0,460.88270269250853,414,"[""trace"", ""feature"", ""binary""]","[0.5755176064157597, 0.7062350905596924, 0.25]",True,True,False,False,6,False,2.303372713791004,0.2291215577926198
3_VH_1_CONTROL,VH,CONTROL,3_VH_1_CONTROL__cand_03,all6,optuna,generic_seed,trial_341,optuna_multi,7a74a72572fc5320,1,True,455.6698598275626,1,454.57153583462264,0.003470360595544151,0.023875874361448276,48.80995472389016,6.668042930827933,8.2,1.0,1.318600900985154e-06,6.812233896860302e-06,3.5005997606273915e-08,8.731355768861862,6,0,2.3055098672232965,459.3624359707049,0.22909202184063307,0.7709079781593671,0.25,459.3624359707049,0.7709079781593671,0.25,225.0756303321177,0.0,0.0,460.38334394886425,341,"[""trace"", ""feature"", ""binary""]","[0.5697336926430493, 0.7522269388277235, 0.25]",True,True,False,False,7,False,2.3055098672232965,0.22909202184063307
3_VH_1_CONTROL,VH,CONTROL,3_VH_1_CONTROL__cand_04,all6,optuna,generic_seed,trial_458,optuna_multi,7a74a72572fc5320,1,True,455.6698598275626,1,454.57153583462264,0.003470360595544151,0.023875874361448276,48.80995472389016,6.668042930827933,8.2,1.0,1.318600900985154e-06,6.812233896860302e-06,3.5005997606273915e-08,8.731355768861862,6,0,2.3055098672232965,459.3624359707049,0.22909202184063307,0.7709079781593671,0.25,459.3624359707049,0.7709079781593671,0.25,225.0756303321177,0.0,0.0,460.38334394886425,458,"[""trace"", ""feature"", ""binary""]","[0.5697336926430493, 0.7522269388277235, 0.25]",True,True,False,False,8,False,2.3055098672232965,0.22909202184063307
3_VH_1_CONTROL,VH,CONTROL,3_VH_1_CONTROL__cand_05,all6,optuna,generic_seed,trial_256,optuna_multi,7a74a72572fc5320,1,True,460.1620538058666,1,454.57153583462264,0.003470360595544151,0.023875874361448276,48.80995472389016,6.668042930827933,8.2,1.0,1.318600900985154e-06,6.812233896860302e-06,3.5005997606273915e-08,8.731355768861862,6,0,2.3055098672232965,459.3624359707049,0.22909202184063307,0.7709079781593671,0.25,459.3624359707049,0.7709079781593671,0.25,225.07517605154305,0.0,0.0,460.38334394886425,256,"[""trace"", ""feature"", ""binary""]","[0.5732953138638802, 0.7282168716960677, 0.25]",True,True,False,False,9,False,2.3055098672232965,0.22909202184063307
3_VH_1_CONTROL,VH,CONTROL,3_VH_1_CONTROL__cand_02,all6,optuna,generic_seed,trial_363,optuna_multi,7a74a72572fc5320,1,True,451.11410191695734,1,35.19818734234284,0.003470360595544151,0.023875874361448276,35.72741715700898,0.03816747295807704,8.2,1.0,6.931554219323889e-06,6.812233896860302e-06,3.47712859223025e-05,1.2762758193117416,6,0,2.333313847400787,457.80959952606054,0.21147119551327065,0.7885288044867295,0.25,457.80959952606054,0.7885288044867295,0.25,115.8420255900713,0.0,0.0,458.84812833054724,363,"[""trace"", ""feature"", ""binary""]","[0.5734908449813941, 0.7250575284684826, 0.25]",True,True,False,False,10,False,2.333313847400787,0.21147119551327065
3_VH_1_CONTROL,VH,CONTROL,3_VH_1_CONTROL__cand_01,all6,optuna,generic_seed,trial_178,optuna_multi,7a74a72572fc5320,1,True,447.2396847179575,1,15.642155578925877,0.003470360595544151,0.16335821720714286,18.305735226716823,0.01335654520744678,8.2,1.0,6.931554219323889e-06,1.0944885422058866e-07,4.355186301271307e-08,1.322843025434744,6,0,2.4002045181554705,472.39326659603404,0.2036682129470804,0.7963317870529197,0.25,472.39326659603404,0.7963317870529197,0.25,39.37184254120863,0.0,0.0,473.43959838308695,178,"[""trace"", ""feature"", ""binary""]","[0.5700614377890053, 0.7367628405275372, 0.25]",True,True,False,False,11,False,2.4002045181554705,0.2036682129470804
DH_1_CONTROL,DH,CONTROL,DH_1_CONTROL__cand_35,all6,optuna,generic_seed,trial_369,optuna_multi,7a74a72572fc5320,1,True,815.1302735623431,1,39.7357371232687,0.04268407710065494,0.0018063172511389187,139.4293716371739,0.02385022010474564,8.2,1.0,5.476570938330318e-07,5.461888811739218e-05,3.9576032587089944e-08,1.581803085908141,6,0,3.207607121057189,727.315218492075,0.6689450757025085,0.33105492429749145,0.5833333333333334,727.315218492075,0.33105492429749145,0.5833333333333334,1770.2671480202982,0.0,0.0,728.2296067497059,369,"[""trace"", ""feature"", ""binary""]","[0.8682836094893004, 0.3161071965555773, 0.5833333333333334]",True,True,True,True,1,True,3.1200645471894153,0.6531472406140789
DH_1_CONTROL,DH,CONTROL,DH_1_CONTROL__cand_27,all6,optuna,generic_seed,trial_151,optuna_multi,7a74a72572fc5320,1,True,549.5947245587531,1,15.02606686911535,0.0062036438354928424,0.008975212977907144,46.429142442949164,6.668042930827933,8.2,1.0,4.439648242927518e-08,3.1764108521098706e-05,0.00012819994124610575,8.731355768861862,6,0,2.5685173000981822,526.40333466456,0.6680880820556164,0.3319119179443835,0.5833333333333334,526.40333466456,0.3319119179443835,0.5833333333333334,202.37116605581176,0.0,0.0,527.3185799158377,151,"[""trace"", ""feature"", ""binary""]","[0.6593140780255512, 0.3216515004391738, 0.5833333333333334]",True,True,True,True,2,True,2.5685173000981822,0.6680880820556164
DH_1_CONTROL,DH,CONTROL,DH_1_CONTROL__cand_32,all6,optuna,generic_seed,trial_414,optuna_multi,7a74a72572fc5320,1,True,586.9922648036924,1,1.2070101237004665,0.04268407710065494,0.0018063172511389187,59.67833985686124,0.035058550455355136,8.2,1.0,9.222492453004649e-08,1.5062722325200061e-05,0.00017507431716231505,5.126456608059839,6,0,2.5597376667144354,521.3947982847585,0.6678776372963214,0.33212236270367856,0.5833333333333334,521.3947982847585,0.33212236270367856,0.5833333333333334,328.01411823612403,0.0,0.0,522.3102539807956,414,"[""trace"", ""feature"", ""binary""]","[0.6878943454575022, 0.3162657346049267, 0.5833333333333334]",True,True,True,True,3,True,2.5597376667144354,0.6678776372963214
DH_1_CONTROL,DH,CONTROL,DH_1_CONTROL__cand_33,all6,optuna,generic_seed,trial_221,optuna_multi,7a74a72572fc5320,1,True,587.5856317592102,1,1.2070101237004665,0.04268407710065494,0.05213015783463995,46.429142442949164,0.0020533546486293077,8.2,1.0,4.439648242927518e-08,3.1764108521098706e-05,0.00012819994124610575,8.731355768861862,6,0,2.5901549401781696,540.2869849073821,0.6649717683697854,0.3350282316302145,0.9166666666666666,540.2869849073821,0.3350282316302145,0.9166666666666666,202.620191708712,0.0,0.0,541.538679805679,221,"[""trace"", ""feature"", ""binary""]","[0.6815220545092168, 0.3172597275706218, 0.9166666666666666]",True,True,True,True,4,True,2.5901549401781696,0.6649717683697854
DH_1_CONTROL,DH,CONTROL,DH_1_CONTROL__cand_26,all6,optuna,generic_seed,trial_450,optuna_multi,7a74a72572fc5320,1,True,541.207819694514,1,1.2070101237004665,0.04268407710065494,0.05213015783463995,46.429142442949164,0.0017444091459280931,8.2,1.0,4.439648242927518e-08,3.1764108521098706e-05,0.00012819994124610575,8.731355768861862,6,0,2.59015500211606,540.2885273581184,0.6649713690471755,0.33502863095282454,0.9166666666666666,540.2885273581184,0.33502863095282454,0.9166666666666666,202.71662226923664,0.0,0.0,541.5402226557378,450,"[""trace"", ""feature"", ""binary""]","[0.6476030154071385, 0.33705807931593823, 0.9166666666666666]",True,True,True,True,5,True,2.59015500211606,0.6649713690471755
DH_1_CONTROL,DH,CONTROL,DH_1_CONTROL__cand_34,all6,optuna,generic_seed,trial_491,optuna_multi,7a74a72572fc5320,1,True,588.9639734210961,1,1.2070101237004665,0.04268407710065494,0.05213015783463995,12.263854792330786,38.50345044335317,8.2,1.0,9.222492453004649e-08,1.0944885422058866e-07,8.53873772948728e-06,4.841688855203897,6,0,2.5940749356072828,541.5970755915961,0.6638251552218069,0.33617484477819315,0.5833333333333334,541.5970755915961,0.33617484477819315,0.5833333333333334,26.818650948102245,0.0,0.0,542.5165837697076,491,"[""trace"", ""feature"", ""binary""]","[0.6826179057504148, 0.3184677067608349, 0.5833333333333334]",True,True,True,True,6,True,2.5940749356072828,0.6638251552218069
DH_1_CONTROL,DH,CONTROL,DH_1_CONTROL__cand_30,all6,optuna,generic_seed,trial_154,optuna_multi,7a74a72572fc5320,1,True,581.4384761207302,1,1.2070101237004665,0.04268407710065494,0.05213015783463995,12.263854792330786,0.021550357014267787,8.2,1.0,9.222492453004649e-08,5.461888811739218e-05,1.051034141135818e-05,4.841688855203897,6,0,2.5982249355482288,540.9517433670411,0.6635478833128832,0.33645211668711683,0.5833333333333334,540.9517433670411,0.33645211668711683,0.5833333333333334,19.84785732510751,0.0,0.0,541.8715288170616,154,"[""trace"", ""feature"", ""binary""]","[0.6781460308141768, 0.3188794824889448, 0.5833333333333334]",True,True,True,True,7,True,2.5982249355482288,0.6635478833128832
DH_1_CONTROL,DH,CONTROL,DH_1_CONTROL__cand_31,all6,optuna,generic_seed,trial_420,optuna_multi,7a74a72572fc5320,1,True,583.0879138472577,1,1.2070101237004665,0.04268407710065494,0.05213015783463995,59.67833985686124,0.0020533546486293077,8.2,1.0,9.222492453004649e-08,1.9740583621124953e-05,0.0010050124895976764,8.731355768861862,6,0,2.588151802500016,539.371214358601,0.6635327904112794,0.3364672095887206,0.9166666666666666,539.371214358601,0.3364672095887206,0.9166666666666666,329.62086749867063,0.0,0.0,540.6243482348564,420,"[""trace"", ""feature"", ""binary""]","[0.6782277562036372, 0.31878688554449164, 0.9166666666666666]",True,True,True,True,8,True,2.588151802500016,0.6635327904112794
DH_1_CONTROL,DH,CONTROL,DH_1_CONTROL__cand_25,all6,optuna,generic_seed,trial_169,optuna_multi,7a74a72572fc5320,1,True,536.4990450074475,1,19.635135337385357,0.007058572590901788,0.0018063172511389187,17.03363882994435,3.2191463496769184,8.2,1.0,1.9720874302402908e-07,5.461888811739218e-05,0.0006970539360171087,9.108621776445478,6,0,2.5623685538942405,520.4410416299528,0.6286782714931151,0.3713217285068849,0.5833333333333334,520.4410416299528,0.3713217285068849,0.5833333333333334,32.06639725674066,0.0,0.0,521.3956966917931,169,"[""trace"", ""feature"", ""binary""]","[0.6521738638981215, 0.32611398922469625, 0.5833333333333334]",True,True,True,True,9,True,2.5623685538942405,0.6286782714931151
DH_1_CONTROL,DH,CONTROL,DH_1_CONTROL__cand_24,all6,optuna,generic_seed,trial_377,optuna_multi,7a74a72572fc5320,1,True,519.7501543776584,1,354.1244438629623,0.003470360595544151,0.04104396737392585,136.23988289499806,6.93653811275806,8.2,1.0,1.1615179049175084e-08,1.0944885422058866e-07,0.01772972410538546,0.41299172660929345,6,0,2.5477280225118824,519.4837348605726,0.5975911352467392,0.4024088647532607,0.9166666666666666,519.4837348605726,0.4024088647532607,0.9166666666666666,1698.7183143068876,0.0,0.0,520.8028103919925,377,"[""trace"", ""feature"", ""binary""]","[0.6370563226355213, 0.3565695919558217, 0.9166666666666666]",True,True,True,True,10,True,2.5477280225118824,0.5975911352467392
DH_1_CONTROL,DH,CONTROL,DH_1_CONTROL__cand_29,all6,optuna,generic_seed,trial_475,optuna_multi,7a74a72572fc5320,1,True,553.3392550432449,1,354.1244438629623,0.003470360595544151,0.04104396737392585,48.80995472389016,0.01335654520744678,8.2,1.0,6.931554219323889e-06,1.0944885422058866e-07,0.01772972410538546,1.581803085908141,6,0,2.5419918067318634,516.7709395491564,0.595417781395183,0.4045822186048171,0.9166666666666666,516.7709395491564,0.4045822186048171,0.9166666666666666,222.09793284348427,0.0,0.0,518.0921884344278,475,"[""trace"", ""feature"", ""binary""]","[0.6617880436984652, 0.3204066539300574, 0.9166666666666666]",True,True,True,True,11,True,2.5419918067318634,0.595417781395183
DH_1_CONTROL,DH,CONTROL,DH_1_CONTROL__cand_28,all6,optuna,generic_seed,trial_364,optuna_multi,7a74a72572fc5320,1,True,550.8617648331143,1,354.1244438629623,0.003470360595544151,0.023875874361448276,136.23988289499806,0.013888611552522905,8.2,1.0,6.931554219323889e-06,3.95046625649308e-08,1.0888336764584933e-05,1.322843025434744,6,0,2.542230724820953,516.9151298832511,0.5952535182028685,0.4047464817971314,0.5833333333333334,516.9151298832511,0.4047464817971314,0.5833333333333334,1688.2137405674307,0.0,0.0,517.9032096983816,364,"[""trace"", ""feature"", ""binary""]","[0.6602441897568616, 0.32125987286146607, 0.5833333333333334]",True,True,True,True,12,True,2.542230724820953,0.5952535182028685
DH_1_CONTROL,DH,CONTROL,DH_1_CONTROL__cand_23,all6,optuna,generic_seed,trial_441,optuna_multi,7a74a72572fc5320,1,True,518.8093783977288,1,354.1244438629623,0.003470360595544151,0.04104396737392585,136.23988289499806,6.93653811275806,8.2,1.0,2.5028097708940356e-05,1.0944885422058866e-07,0.01772972410538546,0.41299172660929345,6,0,2.534565673393405,512.828414651165,0.5898275600140591,0.41017243998594094,0.5833333333333334,512.828414651165,0.41017243998594094,0.5833333333333334,1691.4295867369526,0.0,0.0,513.8219204244842,441,"[""trace"", ""feature"", ""binary""]","[0.638300448748272, 0.36131635910231485, 0.5833333333333334]",True,True,True,True,13,True,2.534565673393405,0.5898275600140591
DH_1_CONTROL,DH,CONTROL,DH_1_CONTROL__cand_20,all6,optuna,generic_seed,trial_422,optuna_multi,7a74a72572fc5320,1,True,518.680734961019,1,37.05649890541619,0.003470360595544151,1.9295761588097387e-05,136.23988289499806,38.50345044335317,8.2,1.0,4.058652276890509e-07,1.0944885422058866e-07,8.53873772948728e-06,1.2635598601775555,6,0,2.5355203585821973,515.1659287109542,0.5351307304498648,0.46486926955013513,0.5833333333333334,515.1659287109542,0.46486926955013513,0.5833333333333334,1696.221378710076,0.0,0.0,516.2141313138377,422,"[""trace"", ""feature"", ""binary""]","[0.6361988230337582, 0.3726938715656246, 0.5833333333333334]",True,True,True,True,14,True,2.5355203585821973,0.5351307304498648
DH_1_CONTROL,DH,CONTROL,DH_1_CONTROL__cand_21,all6,optuna,generic_seed,trial_465,optuna_multi,7a74a72572fc5320,1,True,518.680734961019,1,37.05649890541619,0.003470360595544151,1.9295761588097387e-05,136.23988289499806,38.50345044335317,8.2,1.0,4.058652276890509e-07,1.0944885422058866e-07,8.53873772948728e-06,1.2635598601775555,6,0,2.5355203585821973,515.1659287109542,0.5351307304498648,0.46486926955013513,0.5833333333333334,515.1659287109542,0.46486926955013513,0.5833333333333334,1696.221378710076,0.0,0.0,516.2141313138377,465,"[""trace"", ""feature"", ""binary""]","[0.6361988230337582, 0.3726938715656246, 0.5833333333333334]",True,True,True,True,15,True,2.5355203585821973,0.5351307304498648
DH_1_CONTROL,DH,CONTROL,DH_1_CONTROL__cand_10,all6,optuna,generic_seed,trial_426,optuna_multi,7a74a72572fc5320,1,True,502.5231799855603,1,37.05649890541619,0.003470360595544151,0.023875874361448276,77.83765579242564,0.0016622321161456782,8.2,1.0,6.931554219323889e-06,3.5057749039614176e-06,0.0006970539360171087,1.322843025434744,6,0,2.5039984092575107,496.9406492475282,0.527670965698442,0.47232903430155804,0.9166666666666666,496.9406492475282,0.47232903430155804,0.9166666666666666,550.8016110451863,0.0,0.0,498.3296449484964,426,"[""trace"", ""feature"", ""binary""]","[0.6294314756471036, 0.3825665127697606, 0.9166666666666666]",True,True,True,True,16,True,2.5039984092575107,0.527670965698442
DH_1_CONTROL,DH,CONTROL,DH_1_CONTROL__cand_22,all6,optuna,generic_seed,trial_381,optuna_multi,7a74a72572fc5320,1,True,518.6937627142128,1,37.05649890541619,0.003470360595544151,1.9295761588097387e-05,136.23988289499806,38.50345044335317,8.2,1.0,4.058652276890509e-07,3.5057749039614176e-06,0.0006970539360171087,1.2635598601775555,6,0,2.5348915657085658,515.2052744358576,0.5252402441863596,0.4747597558136403,0.5833333333333334,515.2052744358576,0.4747597558136403,0.5833333333333334,1693.8333528056269,0.0,0.0,516.2633675250047,381,"[""trace"", ""feature"", ""binary""]","[0.6359968012218188, 0.3840493519746295, 0.5833333333333334]",True,True,True,True,17,True,2.5348915657085658,0.5252402441863596
DH_1_CONTROL,DH,CONTROL,DH_1_CONTROL__cand_18,all6,optuna,generic_seed,trial_472,optuna_multi,7a74a72572fc5320,1,True,504.642980108904,1,37.05649890541619,0.003470360595544151,0.0003125457636899049,48.80995472389016,0.01335654520744678,8.2,1.0,6.931554219323889e-06,1.0944885422058866e-07,4.355186301271307e-08,1.2635598601775555,6,0,2.506758255613221,499.6542448707244,0.5183875906266429,0.48161240937335714,0.5833333333333334,499.6542448707244,0.48161240937335714,0.5833333333333334,224.66579601173638,0.0,0.0,500.7191906134311,472,"[""trace"", ""feature"", ""binary""]","[0.6300488739356259, 0.3882390621101771, 0.5833333333333334]",True,True,True,True,18,True,2.506758255613221,0.5183875906266429
DH_1_CONTROL,DH,CONTROL,DH_1_CONTROL__cand_15,all6,optuna,generic_seed,trial_100,optuna_multi,7a74a72572fc5320,1,True,504.00072664768874,1,35.19818734234284,0.003470360595544151,1.9295761588097387e-05,56.19189219397068,0.01335654520744678,8.2,1.0,6.931554219323889e-06,1.0944885422058866e-07,6.989580284703611e-08,1.2635598601775555,6,0,2.5054774997595257,498.9387862812528,0.514142762915173,0.48585723708482703,0.5833333333333334,498.9387862812528,0.48585723708482703,0.5833333333333334,296.7144387955855,0.0,0.0,500.00797685167095,100,"[""trace"", ""feature"", ""binary""]","[0.6297704805652737, 0.3922298679554771, 0.5833333333333334]",True,True,True,True,19,True,2.5054774997595257,0.514142762915173
DH_1_CONTROL,DH,CONTROL,DH_1_CONTROL__cand_16,all6,optuna,generic_seed,trial_421,optuna_multi,7a74a72572fc5320,1,True,504.00072664768874,1,35.19818734234284,0.003470360595544151,1.9295761588097387e-05,56.19189219397068,0.01335654520744678,8.2,1.0,6.931554219323889e-06,1.0944885422058866e-07,6.989580284703611e-08,1.2635598601775555,6,0,2.5054774997595257,498.9387862812528,0.514142762915173,0.48585723708482703,0.5833333333333334,498.9387862812528,0.48585723708482703,0.5833333333333334,296.7144387955855,0.0,0.0,500.00797685167095,421,"[""trace"", ""feature"", ""binary""]","[0.6297704805652737, 0.3922298679554771, 0.5833333333333334]",True,True,True,True,20,True,2.5054774997595257,0.514142762915173
DH_1_CONTROL,DH,CONTROL,DH_1_CONTROL__cand_17,all6,optuna,generic_seed,trial_427,optuna_multi,7a74a72572fc5320,1,True,504.00072664768874,1,35.19818734234284,0.003470360595544151,1.9295761588097387e-05,56.19189219397068,0.01335654520744678,8.2,1.0,6.931554219323889e-06,1.0944885422058866e-07,6.989580284703611e-08,1.2635598601775555,6,0,2.5054774997595257,498.9387862812528,0.514142762915173,0.48585723708482703,0.5833333333333334,498.9387862812528,0.48585723708482703,0.5833333333333334,296.7144387955855,0.0,0.0,500.00797685167095,427,"[""trace"", ""feature"", ""binary""]","[0.6297704805652737, 0.3922298679554771, 0.5833333333333334]",True,True,True,True,21,True,2.5054774997595257,0.514142762915173
DH_1_CONTROL,DH,CONTROL,DH_1_CONTROL__cand_19,all6,optuna,generic_seed,trial_446,optuna_multi,7a74a72572fc5320,1,True,516.4342989602036,1,35.19818734234284,0.003470360595544151,0.003935699698220799,52.330239981449296,0.01335654520744678,8.2,1.0,6.931554219323889e-06,1.0944885422058866e-07,6.989580284703611e-08,1.2635598601775555,6,0,2.505556200748162,498.98970051232703,0.5141084732536784,0.48589152674632174,0.5833333333333334,498.98970051232703,0.48589152674632174,0.5833333333333334,255.28477504878575,0.0,0.0,500.0589253724067,446,"[""trace"", ""feature"", ""binary""]","[0.6387368701798811, 0.3555828122609015, 0.5833333333333334]",True,True,True,True,22,True,2.505556200748162,0.5141084732536784
DH_1_CONTROL,DH,CONTROL,DH_1_CONTROL__cand_13,all6,optuna,generic_seed,trial_67,optuna_multi,7a74a72572fc5320,1,True,503.57968035618524,1,35.19818734234284,0.003470360595544151,1.9295761588097387e-05,136.23988289499806,0.01335654520744678,8.2,1.0,6.931554219323889e-06,1.0944885422058866e-07,1.0888336764584933e-05,1.2635598601775555,6,0,2.5046240870152237,498.5394891002107,0.5139984081402063,0.48600159185979375,0.5833333333333334,498.5394891002107,0.48600159185979375,0.5833333333333334,1690.1713642273555,0.0,0.0,499.6088240254038,67,"[""trace"", ""feature"", ""binary""]","[0.6295438726065838, 0.3923786226208653, 0.5833333333333334]",True,True,True,True,23,True,2.5046240870152237,0.5139984081402063
DH_1_CONTROL,DH,CONTROL,DH_1_CONTROL__cand_14,all6,optuna,generic_seed,trial_180,optuna_multi,7a74a72572fc5320,1,True,503.6583820747043,1,35.19818734234284,0.003470360595544151,0.0003125457636899049,48.80995472389016,0.01335654520744678,8.2,1.0,6.931554219323889e-06,1.0944885422058866e-07,0.0006970539360171087,1.581803085908141,6,0,2.504370086634507,498.3898471621623,0.5139828224881846,0.4860171775118154,0.9166666666666666,498.3898471621623,0.4860171775118154,0.9166666666666666,220.2908080545669,0.0,0.0,499.7925310063408,180,"[""trace"", ""feature"", ""binary""]","[0.629396883537996, 0.39445187509777935, 0.9166666666666666]",True,True,True,True,24,True,2.504370086634507,0.5139828224881846
DH_1_CONTROL,DH,CONTROL,DH_1_CONTROL__cand_08,all6,optuna,generic_seed,trial_466,optuna_multi,7a74a72572fc5320,1,True,497.13145560414694,1,35.19818734234284,0.003470360595544151,0.0018815135585230286,13.737310998995122,0.01335654520744678,8.2,1.0,6.931554219323889e-06,1.0944885422058866e-07,4.355186301271307e-08,0.06574930931112102,6,0,2.505589771498881,499.0426694111793,0.5138419619854532,0.4861580380145469,0.5833333333333334,499.0426694111793,0.4861580380145469,0.5833333333333334,26.501232291505005,0.0,0.0,500.11216078252716,466,"[""trace"", ""feature"", ""binary""]","[0.6234901149344597, 0.5716542071152995, 0.5833333333333334]",True,True,True,True,25,True,2.505589771498881,0.5138419619854532
DH_1_CONTROL,DH,CONTROL,DH_1_CONTROL__cand_11,all6,optuna,generic_seed,trial_328,optuna_multi,7a74a72572fc5320,1,True,503.5002502228729,1,35.19818734234284,0.003470360595544151,0.0003125457636899049,48.80995472389016,0.01335654520744678,8.2,1.0,6.931554219323889e-06,1.0944885422058866e-07,1.0888336764584933e-05,0.41299172660929345,6,0,2.5044148901348335,498.4823804716925,0.5137143281946014,0.4862856718053987,0.5833333333333334,498.4823804716925,0.4862856718053987,0.5833333333333334,220.20689168116786,0.0,0.0,499.5519994768312,328,"[""trace"", ""feature"", ""binary""]","[0.6294813363268862, 0.3926364346153325, 0.5833333333333334]",True,True,True,True,26,True,2.5044148901348335,0.5137143281946014
DH_1_CONTROL,DH,CONTROL,DH_1_CONTROL__cand_12,all6,optuna,generic_seed,trial_458,optuna_multi,7a74a72572fc5320,1,True,503.5002502228729,1,35.19818734234284,0.003470360595544151,0.0003125457636899049,48.80995472389016,0.01335654520744678,8.2,1.0,6.931554219323889e-06,1.0944885422058866e-07,1.0888336764584933e-05,0.41299172660929345,6,0,2.5044148901348335,498.4823804716925,0.5137143281946014,0.4862856718053987,0.5833333333333334,498.4823804716925,0.4862856718053987,0.5833333333333334,220.20689168116786,0.0,0.0,499.5519994768312,458,"[""trace"", ""feature"", ""binary""]","[0.6294813363268862, 0.3926364346153325, 0.5833333333333334]",True,True,True,True,27,True,2.5044148901348335,0.5137143281946014
DH_1_CONTROL,DH,CONTROL,DH_1_CONTROL__cand_09,all6,optuna,generic_seed,trial_482,optuna_multi,7a74a72572fc5320,1,True,499.894201517582,1,35.19818734234284,0.003470360595544151,0.10386397258952978,48.80995472389016,0.19943125559712713,8.2,1.0,6.931554219323889e-06,1.0944885422058866e-07,0.0006970539360171087,0.06574930931112102,6,0,2.5076528618197282,500.3619166716017,0.5129368273320704,0.4870631726679296,0.5833333333333334,500.3619166716017,0.4870631726679296,0.5833333333333334,220.53307435172056,0.0,0.0,501.43231317760296,482,"[""trace"", ""feature"", ""binary""]","[0.6254211571998862, 0.5410432435015373, 0.5833333333333334]",True,True,True,True,28,True,2.5076528618197282,0.5129368273320704
DH_1_CONTROL,DH,CONTROL,DH_1_CONTROL__cand_04,all6,optuna,generic_seed,trial_402,optuna_multi,7a74a72572fc5320,1,True,472.6061455845654,1,37.05649890541619,0.0012518753190193998,1.9295761588097387e-05,66.11441204073422,19.78165699072452,8.2,1.0,4.058652276890509e-07,5.24484923166463e-06,0.0006970539360171087,1.2635598601775555,6,0,2.4143815418716357,472.8016655684473,0.3843281519058326,0.6156718480941673,0.5833333333333334,472.8016655684473,0.6156718480941673,0.5833333333333334,405.74245705817606,0.0,0.0,474.00067074987476,402,"[""trace"", ""feature"", ""binary""]","[0.6021197688800836, 0.6170977540133193, 0.5833333333333334]",True,True,False,False,29,False,2.4143815418716357,0.3843281519058326
DH_1_CONTROL,DH,CONTROL,DH_1_CONTROL__cand_05,all6,optuna,generic_seed,trial_494,optuna_multi,7a74a72572fc5320,1,True,472.6061455845654,1,37.05649890541619,0.0012518753190193998,1.9295761588097387e-05,44.60235110588261,19.78165699072452,8.2,1.0,4.058652276890509e-07,5.24484923166463e-06,0.0006970539360171087,1.2635598601775555,6,0,2.4143815418716357,472.8016655684473,0.3843281519058326,0.6156718480941673,0.5833333333333334,472.8016655684473,0.6156718480941673,0.5833333333333334,190.0023724267565,0.0,0.0,474.00067074987476,494,"[""trace"", ""feature"", ""binary""]","[0.6021197688800836, 0.6170977540133193, 0.5833333333333334]",True,True,False,False,30,False,2.4143815418716357,0.3843281519058326
DH_1_CONTROL,DH,CONTROL,DH_1_CONTROL__cand_06,all6,optuna,generic_seed,trial_409,optuna_multi,7a74a72572fc5320,1,True,486.1826000730973,1,45.0019330679946,0.0014539199187561544,0.023875874361448276,93.01988967023051,0.013888611552522905,8.2,1.0,4.701467226288984e-08,5.461888811739218e-05,1.0888336764584933e-05,1.581803085908141,6,0,2.4259061547828518,476.7509663311325,0.38356631570337546,0.6164336842966245,0.5833333333333334,476.7509663311325,0.6164336842966245,0.5833333333333334,789.4464658245805,0.0,0.0,477.9507333487624,409,"[""trace"", ""feature"", ""binary""]","[0.6124792064571672, 0.606171025479723, 0.5833333333333334]",True,True,False,False,31,False,2.4259061547828518,0.38356631570337546
DH_1_CONTROL,DH,CONTROL,DH_1_CONTROL__cand_01,all6,optuna,generic_seed,trial_191,optuna_multi,7a74a72572fc5320,1,True,465.21455670409637,1,35.19818734234284,0.0014539199187561544,0.0018063172511389187,136.23988289499806,0.01335654520744678,8.2,1.0,6.931554219323889e-06,1.0944885422058866e-07,0.00017507431716231505,0.06574930931112102,6,0,2.3980775266424925,463.2421776256101,0.3784487017500377,0.6215512982499622,0.5833333333333334,463.2421776256101,0.6215512982499622,0.5833333333333334,1687.7341142123494,0.0,0.0,464.4470622571934,191,"[""trace"", ""feature"", ""binary""]","[0.5992785647481728, 0.6229687064411891, 0.5833333333333334]",True,True,False,False,32,False,2.3980775266424925,0.3784487017500377
DH_1_CONTROL,DH,CONTROL,DH_1_CONTROL__cand_03,all6,optuna,generic_seed,trial_462,optuna_multi,7a74a72572fc5320,1,True,469.83947166942914,1,35.19818734234284,0.0014539199187561544,1.9295761588097387e-05,77.83765579242564,0.0016622321161456782,8.2,1.0,6.931554219323889e-06,7.93422594979315e-08,6.989580284703611e-08,1.322843025434744,6,0,2.397961993070012,463.4778560558564,0.37832314532040084,0.6216768546795991,0.5833333333333334,463.4778560558564,0.6216768546795991,0.5833333333333334,561.1450462840046,0.0,0.0,464.68286624386934,462,"[""trace"", ""feature"", ""binary""]","[0.6025447523185935, 0.6077470953312323, 0.5833333333333334]",True,True,False,False,33,False,2.397961993070012,0.37832314532040084
DH_1_CONTROL,DH,CONTROL,DH_1_CONTROL__cand_07,all6,optuna,generic_seed,trial_443,optuna_multi,7a74a72572fc5320,1,True,492.3323537720101,1,35.19818734234284,0.0014539199187561544,0.023875874361448276,136.23988289499806,0.01335654520744678,8.2,1.0,6.931554219323889e-06,1.0944885422058866e-07,6.989580284703611e-08,0.06574930931112102,6,0,2.3987739810933886,464.06263659740625,0.37830129194489776,0.6216987080551022,0.5833333333333334,464.06263659740625,0.6216987080551022,0.5833333333333334,1691.7244321686187,0.0,0.0,465.26766863879465,443,"[""trace"", ""feature"", ""binary""]","[0.61662621198726, 0.60183869242649, 0.5833333333333334]",True,True,False,False,34,False,2.3987739810933886,0.37830129194489776
DH_1_CONTROL,DH,CONTROL,DH_1_CONTROL__cand_02,all6,optuna,generic_seed,trial_339,optuna_multi,7a74a72572fc5320,1,True,466.374679116826,1,35.19818734234284,0.0012518753190193998,0.10386397258952978,66.11441204073422,0.01335654520744678,8.2,1.0,6.931554219323889e-06,5.24484923166463e-06,0.00017507431716231505,0.06574930931112102,6,0,2.4014663554814892,463.3119373435141,0.3778746532803254,0.6221253467196746,0.9166666666666666,463.3119373435141,0.6221253467196746,0.9166666666666666,397.894079713703,0.0,0.0,464.85072935690044,339,"[""trace"", ""feature"", ""binary""]","[0.601735930202632, 0.6228780846339377, 0.9166666666666666]",True,True,False,False,35,False,2.4014663554814892,0.3778746532803254
DH_1_MFA,DH,MFA,DH_1_MFA__cand_19,all6,optuna,generic_seed,trial_451,optuna_multi,7a74a72572fc5320,1,True,1333.0944352709125,1,2.353845387158846,0.007058572590901788,0.0003125457636899049,89.52642733753338,0.9023677623181434,8.2,1.0,2.781428564375744e-08,8.20075394915743e-07,6.472669269538615e-08,0.11219329877336887,6,0,5.197561217160832,1403.6397571671944,1.0,0.0,0.8333333333333334,1403.6397571671944,0.0,0.8333333333333334,743.0931653855707,0.0,0.0,1404.4730905005276,451,"[""trace"", ""feature"", ""binary""]","[1.2563835943971111, 0.0, 0.8333333333333334]",True,False,True,False,1,False,5.173402106615426,0.9806631250430679
DH_1_MFA,DH,MFA,DH_1_MFA__cand_21,all6,optuna,generic_seed,trial_440,optuna_multi,7a74a72572fc5320,1,True,1381.7849328170864,1,19.635135337385357,0.003470360595544151,0.44618052052220264,48.80995472389016,15.635362728779524,8.2,1.0,9.222492453004649e-08,1.0944885422058866e-07,0.0006970539360171087,1.581803085908141,6,0,5.276688155573065,1445.0102629728926,0.9996378825765366,0.00036211742346332036,0.6666666666666666,1445.0102629728926,0.00036211742346332036,0.6666666666666666,225.967314686462,0.0,0.0,1445.6772917569829,440,"[""trace"", ""feature"", ""binary""]","[1.2789143688643616, 0.0, 0.6666666666666666]",True,False,True,False,2,False,5.276688155573065,0.9996378825765366
DH_1_MFA,DH,MFA,DH_1_MFA__cand_20,all6,optuna,generic_seed,trial_456,optuna_multi,7a74a72572fc5320,1,True,1340.7095408110115,1,19.635135337385357,0.003470360595544151,0.44618052052220264,139.4293716371739,0.872764295013774,8.2,1.0,1.9720874302402908e-07,1.5062722325200061e-05,8.53873772948728e-06,3.6180889343566944,6,0,5.430580181198871,1531.352798965595,0.999074791627279,0.0009252083727210948,0.6666666666666666,1531.352798965595,0.0009252083727210948,0.6666666666666666,1770.5528175865604,0.0,0.0,1532.0203908406345,456,"[""trace"", ""feature"", ""binary""]","[1.2422076847535524, 0.001291399448705377, 0.6666666666666666]",True,False,True,False,3,False,5.430580181198871,0.999074791627279
DH_1_MFA,DH,MFA,DH_1_MFA__cand_16,all6,optuna,generic_seed,trial_334,optuna_multi,7a74a72572fc5320,1,True,1272.0722052319356,1,2.06247610541888,0.007058572590901788,0.019772209651373406,48.80995472389016,3.2191463496769184,8.2,1.0,9.222492453004649e-08,1.5062722325200061e-05,0.03220205344042296,1.581803085908141,6,0,5.272672067199805,1432.4874609136248,0.998361256776556,0.0016387432234440736,0.8333333333333334,1432.4874609136248,0.0016387432234440736,0.8333333333333334,222.35291969225185,0.0,0.0,1433.3224329901814,334,"[""trace"", ""feature"", ""binary""]","[1.2197581125734345, 0.0017367546539075462, 0.8333333333333334]",True,False,True,False,4,False,5.272672067199805,0.998361256776556
DH_1_MFA,DH,MFA,DH_1_MFA__cand_15,all6,optuna,generic_seed,trial_454,optuna_multi,7a74a72572fc5320,1,True,1260.7048314049052,1,2.06247610541888,0.007058572590901788,0.019772209651373406,104.3961309140547,3.2191463496769184,8.2,1.0,2.6738182964551793e-08,1.5062722325200061e-05,1.1824967204642719e-05,1.581803085908141,6,0,5.226043858623944,1416.2014327194454,0.9970726468200551,0.0029273531799448634,0.8333333333333334,1416.2014327194454,0.0029273531799448634,0.8333333333333334,997.1896867130052,0.0,0.0,1417.0376934059586,454,"[""trace"", ""feature"", ""binary""]","[1.2105646547884577, 0.0023665976556009882, 0.8333333333333334]",True,False,True,False,5,False,5.226043858623944,0.9970726468200551
DH_1_MFA,DH,MFA,DH_1_MFA__cand_12,all6,optuna,generic_seed,trial_360,optuna_multi,7a74a72572fc5320,1,True,1226.278063150121,1,19.635135337385357,0.003470360595544151,0.019772209651373406,94.40979572028938,0.872764295013774,8.2,1.0,1.9720874302402908e-07,1.5062722325200061e-05,6.989580284703611e-08,8.506493044099056,6,0,5.249625740211177,1419.5685266201629,0.9970146085061091,0.0029853914938908423,0.8333333333333334,1419.5685266201629,0.0029853914938908423,0.8333333333333334,820.8905649499312,0.0,0.0,1420.40484534499,360,"[""trace"", ""feature"", ""binary""]","[1.193759044352056, 0.0037519975639160874, 0.8333333333333334]",True,False,True,False,6,False,5.249625740211177,0.9970146085061091
DH_1_MFA,DH,MFA,DH_1_MFA__cand_10,all6,optuna,generic_seed,trial_123,optuna_multi,7a74a72572fc5320,1,True,1212.1402883784067,1,1.9860553636909555,0.006487477066058677,0.0001304212538027048,104.51057480462259,33.30511746217269,8.2,1.0,5.238322156582346e-08,1.578232781079556e-06,0.0398444583530957,3.203933130925507,6,0,5.189280391151386,1395.5792515316987,0.9873810139259541,0.012618986074045867,0.8333333333333334,1395.5792515316987,0.012618986074045867,0.8333333333333334,1002.3468970153525,0.0,0.0,1396.425203851106,123,"[""trace"", ""feature"", ""binary""]","[1.1841266272495634, 0.015254451405393499, 0.8333333333333334]",True,False,True,False,7,False,5.189280391151386,0.9873810139259541
DH_1_MFA,DH,MFA,DH_1_MFA__cand_18,all6,optuna,generic_seed,trial_319,optuna_multi,7a74a72572fc5320,1,True,1279.6696636813865,1,245.820036145688,0.0022126836566118205,0.44618052052220264,139.4293716371739,0.872764295013774,8.2,1.0,1.9720874302402908e-07,1.5062722325200061e-05,4.93135237149876e-07,0.05656130570844847,6,0,5.115695526832414,1387.147306180902,0.9804473283091469,0.019552671690852983,0.6666666666666666,1387.147306180902,0.019552671690852983,0.6666666666666666,1773.7250454602065,0.0,0.0,1387.8335255192596,319,"[""trace"", ""feature"", ""binary""]","[1.212670119565668, 0.014864830581941546, 0.6666666666666666]",True,False,True,False,8,False,5.115695526832414,0.9804473283091469
DH_1_MFA,DH,MFA,DH_1_MFA__cand_17,all6,optuna,generic_seed,trial_374,optuna_multi,7a74a72572fc5320,1,True,1279.4352462485676,1,245.820036145688,0.0022126836566118205,0.44618052052220264,139.4293716371739,0.0955567394108662,8.2,1.0,1.9720874302402908e-07,1.5062722325200061e-05,0.00012058434447247017,0.11219329877336887,6,0,5.119720501764454,1389.0007762636262,0.9803485872527506,0.01965141274724932,0.6666666666666666,1389.0007762636262,0.01965141274724932,0.6666666666666666,1767.8002221206787,0.0,0.0,1389.6870943430401,374,"[""trace"", ""feature"", ""binary""]","[1.212404801289107, 0.014970904676909869, 0.6666666666666666]",True,False,True,False,9,False,5.119720501764454,0.9803485872527506
DH_1_MFA,DH,MFA,DH_1_MFA__cand_08,all6,optuna,generic_seed,trial_489,optuna_multi,7a74a72572fc5320,1,True,1185.7310629602773,1,61.2434142840243,0.0022126836566118205,0.00013734430818575574,87.18573321339184,6.93653811275806,8.2,1.0,1.185778850288792e-06,1.0398159624859374e-07,0.01772972410538546,0.05656130570844847,6,0,5.126615417184863,1373.1012060951077,0.9714040170320141,0.028595982967985906,0.8333333333333334,1373.1012060951077,0.028595982967985906,0.8333333333333334,696.6466079959843,0.0,0.0,1373.963135411409,489,"[""trace"", ""feature"", ""binary""]","[1.1664261082530005, 0.02013908291535682, 0.8333333333333334]",True,False,True,False,10,False,5.126615417184863,0.9714040170320141
DH_1_MFA,DH,MFA,DH_1_MFA__cand_13,all6,optuna,generic_seed,trial_422,optuna_multi,7a74a72572fc5320,1,True,1237.6099417103549,1,19.635135337385357,0.0022126836566118205,0.44618052052220264,139.4293716371739,6.93653811275806,8.2,1.0,1.9720874302402908e-07,1.5062722325200061e-05,8.53873772948728e-06,0.06574930931112102,6,0,5.200562081143748,1425.9018446962573,0.9646861408743036,0.03531385912569645,0.6666666666666666,1425.9018446962573,0.03531385912569645,0.6666666666666666,1771.4401780253977,0.0,0.0,1426.6038252220496,422,"[""trace"", ""feature"", ""binary""]","[1.1853386650204836, 0.023819944858356368, 0.6666666666666666]",True,False,True,False,11,False,5.200562081143748,0.9646861408743036
DH_1_MFA,DH,MFA,DH_1_MFA__cand_14,all6,optuna,generic_seed,trial_465,optuna_multi,7a74a72572fc5320,1,True,1238.4493978114472,1,19.635135337385357,0.0022126836566118205,0.44618052052220264,139.4293716371739,6.93653811275806,8.2,1.0,1.9720874302402908e-07,1.5062722325200061e-05,8.53873772948728e-06,0.06574930931112102,6,0,5.200562081143748,1425.9018446962573,0.9646861408743036,0.03531385912569645,0.6666666666666666,1425.9018446962573,0.03531385912569645,0.6666666666666666,1771.4403084834057,0.0,0.0,1426.6038252220496,465,"[""trace"", ""feature"", ""binary""]","[1.185760680637781, 0.02244047098129076, 0.6666666666666666]",True,False,True,False,12,False,5.200562081143748,0.9646861408743036
DH_1_MFA,DH,MFA,DH_1_MFA__cand_11,all6,optuna,generic_seed,trial_377,optuna_multi,7a74a72572fc5320,1,True,1214.8603318722453,1,19.635135337385357,0.0022126836566118205,0.44618052052220264,139.4293716371739,6.93653811275806,8.2,1.0,1.9720874302402908e-07,1.0944885422058866e-07,0.01772972410538546,0.06574930931112102,6,0,5.198548158506294,1409.2701347332384,0.95726011255012,0.04273988744988013,0.6666666666666666,1409.2701347332384,0.04273988744988013,0.6666666666666666,1772.1648861011577,0.0,0.0,1409.979541287355,377,"[""trace"", ""feature"", ""binary""]","[1.179788364633942, 0.025584568037551048, 0.6666666666666666]",True,False,True,False,13,False,5.198548158506294,0.95726011255012
DH_1_MFA,DH,MFA,DH_1_MFA__cand_07,all6,optuna,generic_seed,trial_468,optuna_multi,7a74a72572fc5320,1,True,1154.1906483996966,1,245.820036145688,0.0018170401889219116,2.5943711605999785e-05,139.4293716371739,29.18346281598263,8.2,1.0,1.9720874302402908e-07,1.0944885422058866e-07,2.8030048985188418e-05,0.06574930931112102,6,0,5.060483674947908,1348.4887453686279,0.9342613652959831,0.06573863470401677,0.8333333333333334,1348.4887453686279,0.06573863470401677,0.8333333333333334,1776.6955545336657,0.0,0.0,1349.3878173366652,468,"[""trace"", ""feature"", ""binary""]","[1.1457002906309255, 0.05477853513077269, 0.8333333333333334]",True,False,True,False,14,False,5.060483674947908,0.9342613652959831
DH_1_MFA,DH,MFA,DH_1_MFA__cand_09,all6,optuna,generic_seed,trial_402,optuna_multi,7a74a72572fc5320,1,True,1206.544456131264,1,19.635135337385357,0.001906534551939351,0.44618052052220264,17.03363882994435,19.78165699072452,8.2,1.0,1.9720874302402908e-07,6.812233896860302e-06,0.01772972410538546,0.06574930931112102,6,0,5.165676227759491,1404.2582545792648,0.9309914229668018,0.06900857703319811,0.6666666666666666,1404.2582545792648,0.06900857703319811,0.6666666666666666,34.459221922589876,0.0,0.0,1404.9939298229647,402,"[""trace"", ""feature"", ""binary""]","[1.1700878206849301, 0.05551231654846356, 0.6666666666666666]",True,False,True,False,15,False,5.165676227759491,0.9309914229668018
DH_1_MFA,DH,MFA,DH_1_MFA__cand_06,all6,optuna,generic_seed,trial_338,optuna_multi,7a74a72572fc5320,1,True,1153.7020846598061,1,19.635135337385357,0.0018170401889219116,2.5943711605999785e-05,46.64734825734933,0.035058550455355136,8.2,1.0,1.9720874302402908e-07,1.0944885422058866e-07,2.8030048985188418e-05,0.06574930931112102,6,0,5.066020927562168,1350.2210019691793,0.9179350162536798,0.08206498374632004,0.8333333333333334,1350.2210019691793,0.08206498374632004,0.8333333333333334,206.50027815506093,0.0,0.0,1351.1364002862588,338,"[""trace"", ""feature"", ""binary""]","[1.1454578329415297, 0.0680264730675949, 0.8333333333333334]",True,False,True,False,16,False,5.066020927562168,0.9179350162536798
DH_1_MFA,DH,MFA,DH_1_MFA__cand_02,all6,optuna,generic_seed,trial_428,optuna_multi,7a74a72572fc5320,1,True,1107.243949314723,1,197.46556946697868,0.0014539199187561544,0.0003125457636899049,104.3961309140547,3.2191463496769184,8.2,1.0,1.9720874302402908e-07,8.20075394915743e-07,3.9576032587089944e-08,0.06574930931112102,6,0,5.005690132877554,1330.2398770446182,0.8938849490415636,0.10611505095843636,0.8333333333333334,1330.2398770446182,0.10611505095843636,0.8333333333333334,1004.1460772482591,0.0,0.0,1331.1793254289098,428,"[""trace"", ""feature"", ""binary""]","[1.1152266365857344, 0.09553075604228534, 0.8333333333333334]",True,False,True,False,17,False,5.005690132877554,0.8938849490415636
DH_1_MFA,DH,MFA,DH_1_MFA__cand_04,all6,optuna,generic_seed,trial_424,optuna_multi,7a74a72572fc5320,1,True,1152.3600541985215,1,19.635135337385357,0.0014539199187561544,0.5315246614674628,83.15310787671011,3.2191463496769184,8.2,1.0,1.9720874302402908e-07,8.20075394915743e-07,0.03220205344042296,0.06574930931112102,6,0,5.122799827969026,1386.3783935389386,0.8842416530471913,0.11575834695280873,0.6666666666666666,1386.3783935389386,0.11575834695280873,0.6666666666666666,633.9060965779939,0.0,0.0,1387.160818552558,424,"[""trace"", ""feature"", ""binary""]","[1.1376135684758848, 0.11906263447810439, 0.6666666666666666]",True,False,True,False,18,False,5.122799827969026,0.8842416530471913
DH_1_MFA,DH,MFA,DH_1_MFA__cand_05,all6,optuna,generic_seed,trial_497,optuna_multi,7a74a72572fc5320,1,True,1152.3600541985215,1,19.635135337385357,0.0014539199187561544,0.5315246614674628,83.15310787671011,0.9023677623181434,8.2,1.0,1.9720874302402908e-07,8.20075394915743e-07,0.03220205344042296,0.06574930931112102,6,0,5.122799827969026,1386.3783935389386,0.8842416530471913,0.11575834695280873,0.6666666666666666,1386.3783935389386,0.11575834695280873,0.6666666666666666,633.0900494094393,0.0,0.0,1387.160818552558,497,"[""trace"", ""feature"", ""binary""]","[1.1376135684758848, 0.11906263447810439, 0.6666666666666666]",True,False,True,False,19,False,5.122799827969026,0.8842416530471913
DH_1_MFA,DH,MFA,DH_1_MFA__cand_03,all6,optuna,generic_seed,trial_495,optuna_multi,7a74a72572fc5320,1,True,1109.3903774054418,1,61.2434142840243,0.001350074486791937,0.4368750258682533,8.2142458233047,44.8986563438078,8.2,1.0,1.185778850288792e-06,1.0398159624859374e-07,3.9576032587089944e-08,0.41408280282193305,6,0,5.036247847561673,1345.312324495764,0.8819341407651674,0.11806585923483263,0.8333333333333334,1345.312324495764,0.11806585923483263,0.8333333333333334,25.491354351973225,0.0,0.0,1346.263723688332,495,"[""trace"", ""feature"", ""binary""]","[1.1146296278353072, 0.11229943953035904, 0.8333333333333334]",True,False,True,False,20,False,5.036247847561673,0.8819341407651674
DH_1_MFA,DH,MFA,DH_1_MFA__cand_01,all6,optuna,generic_seed,trial_494,optuna_multi,7a74a72572fc5320,1,True,1044.1519650707141,1,19.635135337385357,0.0011400863701127321,5.5534149269698904e-05,44.60235110588261,0.004553943206855791,8.2,1.0,4.701467226288984e-08,0.004905912994162987,0.002214320899682393,0.06574930931112102,6,0,4.935971544563524,1301.1272754969684,0.7352396793200651,0.26476032067993477,0.6666666666666666,1301.1272754969684,0.26476032067993477,0.6666666666666666,190.37166686978188,0.0,0.0,1302.058702484315,494,"[""trace"", ""feature"", ""binary""]","[1.0672365445292253, 0.260320596078501, 0.6666666666666666]",True,False,True,False,21,False,4.935971544563524,0.7352396793200651
DH_1_MFA_BA,DH,MFA_BA,DH_1_MFA_BA__cand_18,all6,optuna,generic_seed,trial_475,optuna_multi,7a74a72572fc5320,1,True,881.0125373782676,1,37.05649890541619,0.0011400863701127321,2.5146819912481963e-05,6.9675619079996585,0.03373080268383927,8.2,1.0,2.781428564375744e-08,1.0609405001897937e-06,0.08927987485470273,9.310460951385235,6,0,3.997804457851956,959.5335358132339,1.0,0.0,0.4166666666666667,959.5335358132339,0.0,0.4166666666666667,20.962364921435547,0.0,0.0,959.9502024799006,475,"[""trace"", ""feature"", ""binary""]","[0.9451146968133712, 0.0007930373779668765, 0.4166666666666667]",True,True,True,True,1,True,3.914820476922962,1.0
DH_1_MFA_BA,DH,MFA_BA,DH_1_MFA_BA__cand_20,all6,optuna,generic_seed,trial_455,optuna_multi,7a74a72572fc5320,1,True,886.3264063610258,1,76.47795613432226,0.0011400863701127321,0.07863970223142656,115.42393997879053,0.03373080268383927,8.2,1.0,2.781428564375744e-08,1.4151235919053704e-06,0.0002850183875843364,0.22155151863294853,6,0,4.005492236815308,962.390486012633,1.0,0.0,0.4166666666666667,962.390486012633,0.0,0.4166666666666667,1217.6894765461502,0.0,0.0,962.8071526792996,455,"[""trace"", ""feature"", ""binary""]","[0.9481502508989181, 0.0007223898844292975, 0.4166666666666667]",True,False,True,False,2,False,4.005492236815308,1.0
DH_1_MFA_BA,DH,MFA_BA,DH_1_MFA_BA__cand_21,all6,optuna,generic_seed,trial_437,optuna_multi,7a74a72572fc5320,1,True,887.3761424775704,1,37.05649890541619,0.0011400863701127321,0.054053269521845304,12.263854792330786,1.8773330457821398,8.2,1.0,2.781428564375744e-08,1.5062722325200061e-05,9.035085883460162e-05,0.2771211327854311,6,0,4.009435773889839,966.0511309249323,1.0,0.0,0.4166666666666667,966.0511309249323,0.0,0.4166666666666667,23.82306263308294,0.0,0.0,966.4677975915989,437,"[""trace"", ""feature"", ""binary""]","[0.9484228633489793, 0.000663545818354816, 0.4166666666666667]",True,False,True,False,3,False,4.009435773889839,1.0
DH_1_MFA_BA,DH,MFA_BA,DH_1_MFA_BA__cand_02,all6,optuna,generic_seed,trial_484,optuna_multi,7a74a72572fc5320,1,True,832.2814531241844,1,19.635135337385357,0.0011400863701127321,0.054053269521845304,48.80995472389016,0.03373080268383927,8.2,1.0,2.1789786747300767e-08,1.578232781079556e-06,0.08197398651495003,0.7615093434578651,6,0,4.0108323120759755,965.0808779723124,1.0,0.0,0.4166666666666667,965.0808779723124,0.0,0.4166666666666667,228.66191071127602,0.0,0.0,965.497544638979,484,"[""trace"", ""feature"", ""binary""]","[0.9094303085672264, 0.004490649049826545, 0.4166666666666667]",True,False,True,False,4,False,4.0108323120759755,1.0
DH_1_MFA_BA,DH,MFA_BA,DH_1_MFA_BA__cand_22,all6,optuna,generic_seed,trial_292,optuna_multi,7a74a72572fc5320,1,True,888.5120386787021,1,37.05649890541619,0.0011400863701127321,0.054053269521845304,12.263854792330786,1.8773330457821398,8.2,1.0,5.039669988387703e-08,1.5062722325200061e-05,9.035085883460162e-05,0.2771211327854311,6,0,4.014838627046973,967.2999430944345,1.0,0.0,0.4166666666666667,967.2999430944345,0.0,0.4166666666666667,22.836855762596468,0.0,0.0,967.7166097611012,292,"[""trace"", ""feature"", ""binary""]","[0.9497259459494044, 0.000629466539703416, 0.4166666666666667]",True,False,True,False,5,False,4.014838627046973,1.0
DH_1_MFA_BA,DH,MFA_BA,DH_1_MFA_BA__cand_23,all6,optuna,generic_seed,trial_444,optuna_multi,7a74a72572fc5320,1,True,888.5120386787021,1,37.05649890541619,0.0011400863701127321,0.054053269521845304,12.263854792330786,1.8773330457821398,8.2,1.0,5.039669988387703e-08,1.5062722325200061e-05,6.472669269538615e-08,0.2771211327854311,6,0,4.014838627046973,967.2999430944345,1.0,0.0,0.4166666666666667,967.2999430944345,0.0,0.4166666666666667,28.539209303921847,0.0,0.0,967.7166097611012,444,"[""trace"", ""feature"", ""binary""]","[0.9497259459494044, 0.000629466539703416, 0.4166666666666667]",True,False,True,False,6,False,4.014838627046973,1.0
DH_1_MFA_BA,DH,MFA_BA,DH_1_MFA_BA__cand_10,all6,optuna,generic_seed,trial_486,optuna_multi,7a74a72572fc5320,1,True,850.2755881240637,1,16.775755113607403,0.0011400863701127321,0.054053269521845304,6.9675619079996585,0.011595696872206107,8.2,1.0,2.781428564375744e-08,1.5062722325200061e-05,0.00027186139357463694,0.7615093434578651,6,0,4.023855384622002,972.2089804459682,1.0,0.0,0.4166666666666667,972.2089804459682,0.0,0.4166666666666667,13.436898821863126,0.0,0.0,972.6256471126349,486,"[""trace"", ""feature"", ""binary""]","[0.9210978105349584, 0.0031210707278191974, 0.4166666666666667]",True,False,True,False,7,False,4.023855384622002,1.0
DH_1_MFA_BA,DH,MFA_BA,DH_1_MFA_BA__cand_05,all6,optuna,generic_seed,trial_402,optuna_multi,7a74a72572fc5320,1,True,844.1490328109937,1,6.8872719026422615,0.0011400863701127321,0.054053269521845304,12.263854792330786,19.78165699072452,8.2,1.0,2.1789786747300767e-08,1.578232781079556e-06,4.2217145573715135e-07,0.7615093434578651,6,0,4.026283672110935,972.9830446073025,1.0,0.0,0.4166666666666667,972.9830446073025,0.0,0.4166666666666667,30.472153024338603,0.0,0.0,973.3997112739692,402,"[""trace"", ""feature"", ""binary""]","[0.916704100573587, 0.0034522294533196884, 0.4166666666666667]",True,False,True,False,8,False,4.026283672110935,1.0
DH_1_MFA_BA,DH,MFA_BA,DH_1_MFA_BA__cand_07,all6,optuna,generic_seed,trial_436,optuna_multi,7a74a72572fc5320,1,True,846.9389074086673,1,16.775755113607403,0.0011400863701127321,0.0017422258574545319,12.263854792330786,0.011595696872206107,8.2,1.0,5.397124303749564e-07,1.5062722325200061e-05,0.01772972410538546,0.08188460638515553,6,0,4.027073171821221,969.1578083845534,1.0,0.0,0.4166666666666667,969.1578083845534,0.0,0.4166666666666667,21.063281412326393,0.0,0.0,969.57447505122,436,"[""trace"", ""feature"", ""binary""]","[0.9215467826214702, 0.002879749546621624, 0.4166666666666667]",True,False,True,False,9,False,4.027073171821221,1.0
DH_1_MFA_BA,DH,MFA_BA,DH_1_MFA_BA__cand_09,all6,optuna,generic_seed,trial_403,optuna_multi,7a74a72572fc5320,1,True,849.5516869594411,1,16.775755113607403,0.0011400863701127321,0.07863970223142656,6.9675619079996585,0.03373080268383927,8.2,1.0,2.781428564375744e-08,1.4151235919053704e-06,4.2217145573715135e-07,9.310460951385235,6,0,4.030278766183827,974.8899688421778,1.0,0.0,0.4166666666666667,974.8899688421778,0.0,0.4166666666666667,17.801126233678726,0.0,0.0,975.3066355088445,403,"[""trace"", ""feature"", ""binary""]","[0.9211095471477933, 0.0029884997594561424, 0.4166666666666667]",True,False,True,False,10,False,4.030278766183827,1.0
DH_1_MFA_BA,DH,MFA_BA,DH_1_MFA_BA__cand_08,all6,optuna,generic_seed,trial_479,optuna_multi,7a74a72572fc5320,1,True,848.4247071112962,1,16.775755113607403,0.0011400863701127321,0.054053269521845304,12.263854792330786,0.03373080268383927,8.2,1.0,5.660670699258882e-07,8.407761618357402e-07,0.00879770835474936,0.06574930931112102,6,0,4.037151899171733,973.7924572267539,1.0,0.0,0.4166666666666667,973.7924572267539,0.0,0.4166666666666667,21.828993970560866,0.0,0.0,974.2091238934205,479,"[""trace"", ""feature"", ""binary""]","[0.9223100346333397, 0.0028292869991058955, 0.4166666666666667]",True,False,True,False,11,False,4.037151899171733,1.0
DH_1_MFA_BA,DH,MFA_BA,DH_1_MFA_BA__cand_14,all6,optuna,generic_seed,trial_462,optuna_multi,7a74a72572fc5320,1,True,870.88441302857,1,16.775755113607403,0.0011400863701127321,2.5146819912481963e-05,12.263854792330786,0.011595696872206107,8.2,1.0,8.75135735778465e-07,1.0609405001897937e-06,0.08927987485470273,0.7615093434578651,6,0,4.043153445923747,974.3589277734413,1.0,0.0,0.4166666666666667,974.3589277734413,0.0,0.4166666666666667,25.385181079575375,0.0,0.0,974.775594440108,462,"[""trace"", ""feature"", ""binary""]","[0.9389541625915786, 0.001285642961888378, 0.4166666666666667]",True,False,True,False,12,False,4.043153445923747,1.0
DH_1_MFA_BA,DH,MFA_BA,DH_1_MFA_BA__cand_11,all6,optuna,generic_seed,trial_427,optuna_multi,7a74a72572fc5320,1,True,854.1844733260355,1,16.775755113607403,0.0011400863701127321,0.054053269521845304,12.263854792330786,0.011595696872206107,8.2,1.0,8.75135735778465e-07,8.407761618357402e-07,0.009769566124905356,0.7615093434578651,6,0,4.053987327234435,979.3079674210117,1.0,0.0,0.4166666666666667,979.3079674210117,0.0,0.4166666666666667,20.5143082162492,0.0,0.0,979.7246340876783,427,"[""trace"", ""feature"", ""binary""]","[0.9262621798771128, 0.0024806662989241834, 0.4166666666666667]",True,False,True,False,13,False,4.053987327234435,1.0
DH_1_MFA_BA,DH,MFA_BA,DH_1_MFA_BA__cand_12,all6,optuna,generic_seed,trial_492,optuna_multi,7a74a72572fc5320,1,True,859.2124030509536,1,37.05649890541619,0.0011400863701127321,0.053167257185470385,46.64734825734933,1.8773330457821398,8.2,1.0,2.781428564375744e-08,1.5062722325200061e-05,9.035085883460162e-05,4.841688855203897,6,0,4.054762500376114,989.5070783562815,1.0,0.0,0.4166666666666667,989.5070783562815,0.0,0.4166666666666667,206.3055453974207,0.0,0.0,989.9237450229481,492,"[""trace"", ""feature"", ""binary""]","[0.9239299391549801, 0.002483459787867681, 0.4166666666666667]",True,False,True,False,14,False,4.054762500376114,1.0
DH_1_MFA_BA,DH,MFA_BA,DH_1_MFA_BA__cand_04,all6,optuna,generic_seed,trial_477,optuna_multi,7a74a72572fc5320,1,True,838.7439973823639,1,19.635135337385357,0.0011400863701127321,0.0038540976762008188,12.263854792330786,0.03373080268383927,8.2,1.0,8.75135735778465e-07,1.5062722325200061e-05,0.0002850183875843364,0.7615093434578651,6,0,4.062453532192314,979.9517099016448,1.0,0.0,0.4166666666666667,979.9517099016448,0.0,0.4166666666666667,17.309604812730356,0.0,0.0,980.3683765683114,477,"[""trace"", ""feature"", ""binary""]","[0.9173047049844656, 0.003159707805342915, 0.4166666666666667]",True,False,True,False,15,False,4.062453532192314,1.0
DH_1_MFA_BA,DH,MFA_BA,DH_1_MFA_BA__cand_06,all6,optuna,generic_seed,trial_438,optuna_multi,7a74a72572fc5320,1,True,845.9134591589715,1,19.635135337385357,0.0011400863701127321,0.054053269521845304,12.263854792330786,0.011595696872206107,8.2,1.0,8.75135735778465e-07,1.5062722325200061e-05,0.0010797453347997645,0.7615093434578651,6,0,4.084102200904028,989.3366805595293,1.0,0.0,0.4166666666666667,989.3366805595293,0.0,0.4166666666666667,17.933304397536517,0.0,0.0,989.753347226196,438,"[""trace"", ""feature"", ""binary""]","[0.9212788905297634, 0.002940251331316812, 0.4166666666666667]",True,False,True,False,16,False,4.084102200904028,1.0
DH_1_MFA_BA,DH,MFA_BA,DH_1_MFA_BA__cand_16,all6,optuna,generic_seed,trial_456,optuna_multi,7a74a72572fc5320,1,True,876.8480201761996,1,1.9860553636909555,0.0011400863701127321,0.054053269521845304,12.263854792330786,6.93653811275806,8.2,1.0,2.781428564375744e-08,1.578232781079556e-06,0.0001159093450784577,0.08188460638515553,6,0,4.097927737491647,1007.7379034381051,1.0,0.0,0.4166666666666667,1007.7379034381051,0.0,0.4166666666666667,27.082705865247558,0.0,0.0,1008.1545701047718,456,"[""trace"", ""feature"", ""binary""]","[0.9333175756044726, 0.0020654000759865454, 0.4166666666666667]",True,False,True,False,17,False,4.097927737491647,1.0
DH_1_MFA_BA,DH,MFA_BA,DH_1_MFA_BA__cand_26,all6,optuna,generic_seed,trial_481,optuna_multi,7a74a72572fc5320,1,True,921.4073580046386,1,1.9860553636909555,0.0011400863701127321,0.054053269521845304,48.80995472389016,0.7158714383119805,8.2,1.0,2.781428564375744e-08,8.407761618357402e-07,6.472669269538615e-08,0.7615093434578651,6,0,4.098280737088807,1007.8340667629927,1.0,0.0,0.4166666666666667,1007.8340667629927,0.0,0.4166666666666667,232.32484097831295,0.0,0.0,1008.2507334296594,481,"[""trace"", ""feature"", ""binary""]","[0.9655228236474779, 0.0, 0.4166666666666667]",True,False,True,False,18,False,4.098280737088807,1.0
DH_1_MFA_BA,DH,MFA_BA,DH_1_MFA_BA__cand_17,all6,optuna,generic_seed,trial_377,optuna_multi,7a74a72572fc5320,1,True,880.6915862539012,1,1.9860553636909555,0.0011400863701127321,0.054053269521845304,12.263854792330786,6.93653811275806,8.2,1.0,5.039669988387703e-08,1.5062722325200061e-05,0.01772972410538546,0.08188460638515553,6,0,4.112711942359906,1013.5904996337572,1.0,0.0,0.4166666666666667,1013.5904996337572,0.0,0.4166666666666667,26.996605734710453,0.0,0.0,1014.0071663004238,377,"[""trace"", ""feature"", ""binary""]","[0.9363052570164281, 0.0018897282704705143, 0.4166666666666667]",True,False,True,False,19,False,4.112711942359906,1.0
DH_1_MFA_BA,DH,MFA_BA,DH_1_MFA_BA__cand_15,all6,optuna,generic_seed,trial_293,optuna_multi,7a74a72572fc5320,1,True,872.7579566324356,1,19.635135337385357,0.0011400863701127321,0.07863970223142656,12.263854792330786,0.011595696872206107,8.2,1.0,8.75135735778465e-07,5.461888811739218e-05,0.0002850183875843364,0.7615093434578651,6,0,4.224274918186931,1038.563577711002,1.0,0.0,0.4166666666666667,1038.563577711002,0.0,0.4166666666666667,17.650127312308385,0.0,0.0,1038.9802443776687,293,"[""trace"", ""feature"", ""binary""]","[0.9415375531067497, 0.0011395686126108862, 0.4166666666666667]",True,False,True,False,20,False,4.224274918186931,1.0
DH_1_MFA_BA,DH,MFA_BA,DH_1_MFA_BA__cand_25,all6,optuna,generic_seed,trial_453,optuna_multi,7a74a72572fc5320,1,True,917.0363665928687,1,1.0441544981603725,0.0011400863701127321,0.054053269521845304,11.270667260371315,0.03373080268383927,8.2,1.0,9.222492453004649e-08,1.0609405001897937e-06,0.08927987485470273,3.203933130925507,6,0,4.23279675485094,1064.2018888623318,1.0,0.0,0.4166666666666667,1064.2018888623318,0.0,0.4166666666666667,23.891486893310375,0.0,0.0,1064.6185555289985,453,"[""trace"", ""feature"", ""binary""]","[0.9551028100214385, 0.00021742780890132707, 0.4166666666666667]",True,False,True,False,21,False,4.23279675485094,1.0
DH_1_MFA_BA,DH,MFA_BA,DH_1_MFA_BA__cand_13,all6,optuna,generic_seed,trial_392,optuna_multi,7a74a72572fc5320,1,True,860.7349021774439,1,16.775755113607403,0.0011400863701127321,0.054053269521845304,12.263854792330786,0.011595696872206107,8.2,1.0,8.75135735778465e-07,1.5062722325200061e-05,0.00027186139357463694,0.7615093434578651,6,0,4.092832486465649,992.3895071937386,0.999991677693752,8.322306247994979e-06,0.9166666666666666,992.3895071937386,8.322306247994979e-06,0.9166666666666666,17.676877791916695,0.0,0.0,993.3061821827115,392,"[""trace"", ""feature"", ""binary""]","[0.9314666727713963, 0.001957878656204115, 0.9166666666666666]",True,False,True,False,22,False,4.092832486465649,0.999991677693752
DH_1_MFA_BA,DH,MFA_BA,DH_1_MFA_BA__cand_03,all6,optuna,generic_seed,trial_443,optuna_multi,7a74a72572fc5320,1,True,834.7652196951808,1,16.775755113607403,0.0011400863701127321,0.0038540976762008188,56.19189219397068,0.011595696872206107,8.2,1.0,8.75135735778465e-07,8.407761618357402e-07,0.0002850183875843364,0.08188460638515553,6,0,4.042096223369787,974.1335158288688,0.9999752919609614,2.4708039038587448e-05,0.9166666666666666,974.1335158288688,2.4708039038587448e-05,0.9166666666666666,291.63642906612466,0.0,0.0,975.0502072035745,443,"[""trace"", ""feature"", ""binary""]","[0.9130135886142573, 0.003779247917851336, 0.9166666666666666]",True,False,True,False,23,False,4.042096223369787,0.9999752919609614
DH_1_MFA_BA,DH,MFA_BA,DH_1_MFA_BA__cand_19,all6,optuna,generic_seed,trial_404,optuna_multi,7a74a72572fc5320,1,True,882.2215383368696,1,16.775755113607403,0.0011400863701127321,0.0038540976762008188,88.54424137722116,0.03373080268383927,8.2,1.0,2.781428564375744e-08,8.407761618357402e-07,6.472669269538615e-08,3.6180889343566944,6,0,4.000955116517919,960.7495872702333,0.999960867628299,3.9132371700897496e-05,0.9166666666666666,960.7495872702333,3.9132371700897496e-05,0.9166666666666666,725.467576422772,0.0,0.0,961.6662930692717,404,"[""trace"", ""feature"", ""binary""]","[0.9461737810068859, 0.0007683594240565084, 0.9166666666666666]",True,False,True,False,24,False,4.000955116517919,0.999960867628299
DH_1_MFA_BA,DH,MFA_BA,DH_1_MFA_BA__cand_24,all6,optuna,generic_seed,trial_467,optuna_multi,7a74a72572fc5320,1,True,893.8752722454444,1,1.2865477129165275,0.0011400863701127321,0.0038540976762008188,48.80995472389016,0.03373080268383927,8.2,1.0,2.781428564375744e-08,1.578232781079556e-06,0.0002850183875843364,6.452619509648199,6,0,4.011410434999909,973.1999216592718,0.9999365581683327,6.344183166734616e-05,0.9166666666666666,973.1999216592718,6.344183166734616e-05,0.9166666666666666,225.5307568478984,0.0,0.0,974.1166517677701,467,"[""trace"", ""feature"", ""binary""]","[0.9465316231303195, 0.0003992035105589986, 0.9166666666666666]",True,False,True,False,25,False,4.011410434999909,0.9999365581683327
DH_1_MFA_BA,DH,MFA_BA,DH_1_MFA_BA__cand_01,all6,optuna,generic_seed,trial_459,optuna_multi,7a74a72572fc5320,1,True,827.461790796676,1,16.775755113607403,0.0011400863701127321,2.5146819912481963e-05,12.263854792330786,0.011595696872206107,8.2,1.0,5.238322156582346e-08,5.461888811739218e-05,0.0002850183875843364,0.7615093434578651,6,0,4.002095226005927,961.6248231597245,0.9990198207879054,0.0009801792120945102,0.9166666666666666,961.6248231597245,0.0009801792120945102,0.9166666666666666,24.314114408921906,0.0,0.0,962.5424700056033,459,"[""trace"", ""feature"", ""binary""]","[0.9064383937359036, 0.004672844251485286, 0.9166666666666666]",True,False,True,False,26,False,4.002095226005927,0.9990198207879054
DH_2_CONTROL,DH,CONTROL,DH_2_CONTROL__cand_14,all6,optuna,generic_seed,trial_492,optuna_multi,7a74a72572fc5320,1,True,558.207121169537,1,354.9804671237963,0.0045097190641534834,0.10386397258952978,59.59309358405509,0.0029978626836734933,8.2,1.0,9.222492453004649e-08,1.002293768253769e-06,0.0006970539360171087,0.06574930931112102,6,0,2.7424766541720462,577.6688692807217,0.6710667062585309,0.32893329374146907,0.3333333333333333,577.6688692807217,0.32893329374146907,0.3333333333333333,329.22905966877335,0.0,0.0,578.3311359077965,492,"[""trace"", ""feature"", ""binary""]","[0.6624278771756155, 0.3161818892036913, 0.3333333333333333]",True,True,True,True,1,True,2.7351453370598744,0.6703161255539257
DH_2_CONTROL,DH,CONTROL,DH_2_CONTROL__cand_15,all6,optuna,generic_seed,trial_347,optuna_multi,7a74a72572fc5320,1,True,717.605067147084,1,39.7357371232687,0.06598741607403362,0.0003125457636899049,83.15310787671011,0.0011704286599632944,8.2,1.0,6.931554219323889e-06,2.8340338068457848e-06,1.0888336764584933e-05,0.06574930931112102,6,0,3.1645330706963253,710.7951022707015,0.6646878388510402,0.3353121611489598,0.3333333333333333,710.7951022707015,0.3353121611489598,0.3333333333333333,630.5826990576342,0.0,0.0,711.4637477651838,347,"[""trace"", ""feature"", ""binary""]","[0.7918598830621472, 0.31612759660868506, 0.3333333333333333]",True,True,True,True,2,True,3.1645330706963253,0.6646878388510402
DH_2_CONTROL,DH,CONTROL,DH_2_CONTROL__cand_11,all6,optuna,generic_seed,trial_401,optuna_multi,7a74a72572fc5320,1,True,539.257179519565,1,354.9804671237963,0.003470360595544151,0.007432019954319689,93.01988967023051,0.0029978626836734933,8.2,1.0,6.931554219323889e-06,8.407761618357402e-07,4.2217145573715135e-07,0.22155151863294853,6,0,2.7200961392203706,567.0202700954101,0.6097186761180956,0.39028132388190445,0.3333333333333333,567.0202700954101,0.39028132388190445,0.3333333333333333,788.9417049422794,0.0,0.0,567.7438847526254,401,"[""trace"", ""feature"", ""binary""]","[0.6464813600164406, 0.36911976337466446, 0.3333333333333333]",True,True,True,True,3,True,2.7200961392203706,0.6097186761180956
DH_2_CONTROL,DH,CONTROL,DH_2_CONTROL__cand_10,all6,optuna,generic_seed,trial_494,optuna_multi,7a74a72572fc5320,1,True,539.1989844526963,1,354.9804671237963,0.003470360595544151,0.007432019954319689,44.60235110588261,0.0029978626836734933,8.2,1.0,6.931554219323889e-06,8.407761618357402e-07,4.2217145573715135e-07,0.22155151863294853,6,0,2.719729780446792,566.944343713087,0.6097013987230767,0.39029860127692323,0.3333333333333333,566.944343713087,0.39029860127692323,0.3333333333333333,184.94505633648942,0.0,0.0,567.6679756476973,494,"[""trace"", ""feature"", ""binary""]","[0.6464322022284538, 0.36914090196774996, 0.3333333333333333]",True,True,True,True,4,True,2.719729780446792,0.6097013987230767
DH_2_CONTROL,DH,CONTROL,DH_2_CONTROL__cand_08,all6,optuna,generic_seed,trial_462,optuna_multi,7a74a72572fc5320,1,True,534.1602839470988,1,245.820036145688,0.003470360595544151,0.09754191385782286,1.3795577424944472,3.2191463496769184,8.2,1.0,9.222492453004649e-08,1.0944885422058866e-07,0.0006970539360171087,0.08188460638515553,6,0,2.688620833506105,560.2408394143785,0.6075375166180635,0.3924624833819365,0.5,560.2408394143785,0.3924624833819365,0.5,11.158275530620108,0.0,0.0,561.1333018977604,462,"[""trace"", ""feature"", ""binary""]","[0.6440533245982751, 0.3948505625180766, 0.5]",True,True,True,True,5,True,2.688620833506105,0.6075375166180635
DH_2_CONTROL,DH,CONTROL,DH_2_CONTROL__cand_09,all6,optuna,generic_seed,trial_429,optuna_multi,7a74a72572fc5320,1,True,537.2581121792642,1,245.820036145688,0.003470360595544151,1.9295761588097387e-05,134.70814341610705,0.0029978626836734933,8.2,1.0,1.185778850288792e-06,1.0944885422058866e-07,4.2217145573715135e-07,0.12066825256517258,6,0,2.6899159082571646,560.2961510540864,0.607082804596934,0.39291719540306597,0.3333333333333333,560.2961510540864,0.39291719540306597,0.3333333333333333,1657.0090793182687,0.0,0.0,561.0224015828228,429,"[""trace"", ""feature"", ""binary""]","[0.6451920353186984, 0.374647683473884, 0.3333333333333333]",True,True,True,True,6,True,2.6899159082571646,0.607082804596934
DH_2_CONTROL,DH,CONTROL,DH_2_CONTROL__cand_13,all6,optuna,generic_seed,trial_454,optuna_multi,7a74a72572fc5320,1,True,545.0223283580351,1,61.2434142840243,0.003470360595544151,0.00025041091235264976,48.80995472389016,3.2191463496769184,8.2,1.0,9.222492453004649e-08,1.0398159624859374e-07,0.0006970539360171087,1.2635598601775555,6,0,2.6853710165548734,558.8197643063269,0.5789292740110639,0.4210707259889362,0.3333333333333333,558.8197643063269,0.4210707259889362,0.3333333333333333,225.70100149534747,0.0,0.0,559.5741683656491,454,"[""trace"", ""feature"", ""binary""]","[0.6508475127072285, 0.3175079202360065, 0.3333333333333333]",True,True,True,True,7,True,2.6853710165548734,0.5789292740110639
DH_2_CONTROL,DH,CONTROL,DH_2_CONTROL__cand_06,all6,optuna,generic_seed,trial_354,optuna_multi,7a74a72572fc5320,1,True,525.5845220393069,1,61.2434142840243,0.003470360595544151,0.00025041091235264976,139.4293716371739,44.8986563438078,8.2,1.0,6.931554219323889e-06,1.0398159624859374e-07,7.899667957519268e-05,1.2635598601775555,6,0,2.7375916940810536,568.6544516935741,0.5662512397073706,0.4337487602926293,0.3333333333333333,568.6544516935741,0.4337487602926293,0.3333333333333333,1771.479458785776,0.0,0.0,569.4215337872,354,"[""trace"", ""feature"", ""binary""]","[0.6397474672862162, 0.41875797443027474, 0.3333333333333333]",True,True,True,True,8,True,2.7375916940810536,0.5662512397073706
DH_2_CONTROL,DH,CONTROL,DH_2_CONTROL__cand_12,all6,optuna,generic_seed,trial_489,optuna_multi,7a74a72572fc5320,1,True,540.0855191884722,1,39.7357371232687,0.003470360595544151,0.00013734430818575574,27.985508832905374,0.11203287434833595,8.2,1.0,1.9720874302402908e-07,7.93422594979315e-08,0.0006970539360171087,0.06574930931112102,6,0,2.6848606164657727,558.2402977631803,0.5554758975992358,0.44452410240076423,0.3333333333333333,558.2402977631803,0.44452410240076423,0.3333333333333333,80.18471379857198,0.0,0.0,559.0181551989144,489,"[""trace"", ""feature"", ""binary""]","[0.647956526659549, 0.32357438953050177, 0.3333333333333333]",True,True,True,True,9,True,2.6848606164657727,0.5554758975992358
DH_2_CONTROL,DH,CONTROL,DH_2_CONTROL__cand_05,all6,optuna,generic_seed,trial_318,optuna_multi,7a74a72572fc5320,1,True,520.4929261507727,1,37.05649890541619,0.003470360595544151,4.0955478290697965e-05,92.25108400487547,44.8986563438078,8.2,1.0,6.931554219323889e-06,1.0398159624859374e-07,7.899667957519268e-05,1.2635598601775555,6,0,2.7712325574303454,575.3520078821994,0.5327993891858672,0.46720061081413283,0.3333333333333333,575.3520078821994,0.46720061081413283,0.3333333333333333,781.0392375986726,0.0,0.0,576.1525418263469,318,"[""trace"", ""feature"", ""binary""]","[0.6381653398104792, 0.4493230627658661, 0.3333333333333333]",True,True,True,True,10,True,2.7712325574303454,0.5327993891858672
DH_2_CONTROL,DH,CONTROL,DH_2_CONTROL__cand_07,all6,optuna,generic_seed,trial_436,optuna_multi,7a74a72572fc5320,1,True,526.3279907556624,1,19.635135337385357,0.003470360595544151,0.0017422258574545319,48.80995472389016,0.11203287434833595,8.2,1.0,5.397124303749564e-07,8.407761618357402e-07,0.00012058434447247017,1.2762758193117416,6,0,2.6913137606054245,558.5979464482929,0.4877136731305938,0.5122863268694062,0.3333333333333333,558.5979464482929,0.5122863268694062,0.3333333333333333,219.05377260596498,0.0,0.0,559.4435661084957,436,"[""trace"", ""feature"", ""binary""]","[0.636571376226084, 0.5643538110774537, 0.3333333333333333]",True,True,False,False,11,False,2.6913137606054245,0.4877136731305938
DH_2_CONTROL,DH,CONTROL,DH_2_CONTROL__cand_02,all6,optuna,generic_seed,trial_456,optuna_multi,7a74a72572fc5320,1,True,514.1257414422857,1,19.635135337385357,0.0014539199187561544,0.053167257185470385,27.985508832905374,38.50345044335317,8.2,1.0,9.222492453004649e-08,1.9606620200097793e-05,0.0006970539360171087,0.22155151863294853,6,0,2.684960387043194,551.807397616748,0.38470810934254723,0.6152918906574527,0.3333333333333333,551.807397616748,0.6152918906574527,0.3333333333333333,80.11704945666676,0.0,0.0,552.7560228407388,456,"[""trace"", ""feature"", ""binary""]","[0.6284626420581894, 0.6023746838095927, 0.3333333333333333]",True,True,False,False,12,False,2.684960387043194,0.38470810934254723
DH_2_CONTROL,DH,CONTROL,DH_2_CONTROL__cand_03,all6,optuna,generic_seed,trial_365,optuna_multi,7a74a72572fc5320,1,True,516.5011727811707,1,19.635135337385357,0.0014539199187561544,0.10386397258952978,93.01988967023051,38.50345044335317,8.2,1.0,1.9720874302402908e-07,8.407761618357402e-07,4.2217145573715135e-07,0.22155151863294853,6,0,2.68388955543111,552.6402281279092,0.38441594674561136,0.6155840532543886,0.3333333333333333,552.6402281279092,0.6155840532543886,0.3333333333333333,795.517869258396,0.0,0.0,553.5891455144969,365,"[""trace"", ""feature"", ""binary""]","[0.6295728165921067, 0.6023354531466996, 0.3333333333333333]",True,True,False,False,13,False,2.68388955543111,0.38441594674561136
DH_2_CONTROL,DH,CONTROL,DH_2_CONTROL__cand_01,all6,optuna,generic_seed,trial_409,optuna_multi,7a74a72572fc5320,1,True,504.0125209043791,1,45.0019330679946,0.001906534551939351,0.007432019954319689,48.80995472389016,0.0029978626836734933,8.2,1.0,1.1243566948367498e-06,1.0944885422058866e-07,4.2217145573715135e-07,0.19765650246069552,6,0,2.655601046045077,544.1916257600648,0.38441185673651446,0.6155881432634854,0.3333333333333333,544.1916257600648,0.6155881432634854,0.3333333333333333,223.2454884829107,0.0,0.0,545.1405472366616,409,"[""trace"", ""feature"", ""binary""]","[0.6204431014571866, 0.6025360800033552, 0.3333333333333333]",True,True,False,False,14,False,2.655601046045077,0.38441185673651446
DH_2_CONTROL,DH,CONTROL,DH_2_CONTROL__cand_04,all6,optuna,generic_seed,trial_111,optuna_multi,7a74a72572fc5320,1,True,520.1064457811028,1,19.635135337385357,0.0014539199187561544,0.10386397258952978,12.263854792330786,38.50345044335317,8.2,1.0,1.9720874302402908e-07,5.461888811739218e-05,0.00017507431716231505,0.06574930931112102,6,0,2.7306126090249934,562.3185114564262,0.38414077748686154,0.6158592225131384,0.3333333333333333,562.3185114564262,0.6158592225131384,0.3333333333333333,22.604531228921015,0.0,0.0,563.2677040122727,111,"[""trace"", ""feature"", ""binary""]","[0.6350175613333624, 0.602251633375759, 0.3333333333333333]",True,True,False,False,15,False,2.7306126090249934,0.38414077748686154
DH_2_MFA,DH,MFA,DH_2_MFA__cand_06,all6,optuna,generic_seed,trial_466,optuna_multi,7a74a72572fc5320,1,True,755.7620365312306,1,55.395969950039536,0.003470360595544151,0.0018815135585230286,13.737310998995122,15.635362728779524,8.2,1.0,5.956024710686471e-08,1.9606620200097793e-05,1.098092927206218e-07,0.3933244005343143,6,0,3.6508306921706577,859.0374532787055,1.0,0.0,0.08333333333333333,859.0374532787055,0.0,0.08333333333333333,32.510352547605926,0.0,0.0,859.1207866120388,466,"[""trace"", ""feature"", ""binary""]","[0.8335633804324285, 0.004162327943832422, 0.08333333333333333]",True,True,True,True,1,True,3.779347531417843,0.964696725790693
DH_2_MFA,DH,MFA,DH_2_MFA__cand_03,all6,optuna,generic_seed,trial_438,optuna_multi,7a74a72572fc5320,1,True,741.4665170231787,1,55.395969950039536,0.003470360595544151,0.0003125457636899049,48.80995472389016,0.01335654520744678,8.2,1.0,5.956024710686471e-08,1.9606620200097793e-05,0.0010797453347997645,8.731355768861862,6,0,3.6599869087762276,857.6448993743306,1.0,0.0,0.5833333333333334,857.6448993743306,0.0,0.5833333333333334,221.9729646982438,0.0,0.0,858.228232707664,438,"[""trace"", ""feature"", ""binary""]","[0.8274316773148432, 0.0040416555148580224, 0.5833333333333334]",True,True,True,True,2,True,3.6599869087762276,1.0
DH_2_MFA,DH,MFA,DH_2_MFA__cand_04,all6,optuna,generic_seed,trial_452,optuna_multi,7a74a72572fc5320,1,True,752.468756689648,1,55.395969950039536,0.003470360595544151,1.9295761588097387e-05,139.4293716371739,3.8262249017093724,8.2,1.0,5.956024710686471e-08,1.9606620200097793e-05,0.0024910671015086986,8.731355768861862,6,0,3.6573745124898047,857.3941004954071,0.9999689706098729,3.1029390127105104e-05,0.08333333333333333,857.3941004954071,3.1029390127105104e-05,0.08333333333333333,1773.4671452244277,0.0,0.0,857.4774648581306,452,"[""trace"", ""feature"", ""binary""]","[0.8359564352516999, 0.0028625981579540882, 0.08333333333333333]",True,True,True,True,3,True,3.6573745124898047,0.9999689706098729
DH_2_MFA,DH,MFA,DH_2_MFA__cand_01,all6,optuna,generic_seed,trial_473,optuna_multi,7a74a72572fc5320,1,True,739.2597246309205,1,55.395969950039536,0.003470360595544151,0.0003125457636899049,119.29009677898352,3.8262249017093724,8.2,1.0,1.318600900985154e-06,1.663229585184344e-06,0.0001159093450784577,0.9316378543599684,6,0,3.6643543273120502,863.6229010565781,0.9998946735659023,0.00010532643409771627,0.08333333333333333,863.6229010565781,0.00010532643409771627,0.08333333333333333,1294.9060093401076,0.0,0.0,863.7063397163456,473,"[""trace"", ""feature"", ""binary""]","[0.8219122817301104, 0.005189426128864194, 0.08333333333333333]",True,True,True,True,4,True,3.6643543273120502,0.9998946735659023
DH_2_MFA,DH,MFA,DH_2_MFA__cand_07,all6,optuna,generic_seed,trial_426,optuna_multi,7a74a72572fc5320,1,True,757.6051678569951,1,1.9860553636909555,0.007058572590901788,0.0003125457636899049,77.83765579242564,0.0016622321161456782,8.2,1.0,5.956024710686471e-08,1.9606620200097793e-05,1.0888336764584933e-05,0.07808697293945806,6,0,3.66953963524182,864.4502025414058,0.9998542249656636,0.00014577503433641872,0.08333333333333333,864.4502025414058,0.00014577503433641872,0.08333333333333333,557.3696662666354,0.0,0.0,864.5336816497735,426,"[""trace"", ""feature"", ""binary""]","[0.8386789238318775, 0.0025014184311954457, 0.08333333333333333]",True,True,True,True,5,True,3.66953963524182,0.9998542249656636
DH_2_MFA,DH,MFA,DH_2_MFA__cand_02,all6,optuna,generic_seed,trial_443,optuna_multi,7a74a72572fc5320,1,True,739.4861245358993,1,55.395969950039536,0.003470360595544151,0.0018063172511389187,119.29009677898352,3.8262249017093724,8.2,1.0,1.318600900985154e-06,1.578232781079556e-06,0.00027186139357463694,7.516403083944953,6,0,3.6756311909033124,866.5125613590808,0.9997947914168672,0.00020520858313275805,0.08333333333333333,866.5125613590808,0.00020520858313275805,0.08333333333333333,1294.7967793696087,0.0,0.0,866.5960999009973,443,"[""trace"", ""feature"", ""binary""]","[0.8228603366216639, 0.0048943150572999805, 0.08333333333333333]",True,True,True,True,6,True,3.6756311909033124,0.9997947914168672
DH_2_MFA,DH,MFA,DH_2_MFA__cand_08,all6,optuna,generic_seed,trial_481,optuna_multi,7a74a72572fc5320,1,True,766.5344737278417,1,2.353845387158846,0.007058572590901788,0.0018063172511389187,127.95141832010401,3.2191463496769184,8.2,1.0,1.2797528816608026e-07,1.578232781079556e-06,1.0888336764584933e-05,1.4250466975271663,6,0,3.690239870811532,870.9348311657222,0.9997249770572346,0.00027502294276549044,0.08333333333333333,870.9348311657222,0.00027502294276549044,0.08333333333333333,1492.6200479297074,0.0,0.0,871.0184395219984,481,"[""trace"", ""feature"", ""binary""]","[0.8445144584347756, 0.00213388675773718, 0.08333333333333333]",True,True,True,True,7,True,3.690239870811532,0.9997249770572346
DH_2_MFA,DH,MFA,DH_2_MFA__cand_10,all6,optuna,generic_seed,trial_492,optuna_multi,7a74a72572fc5320,1,True,774.6340215470065,1,51.769271970169164,0.003470360595544151,0.0003125457636899049,59.59309358405509,3.8262249017093724,8.2,1.0,1.318600900985154e-06,1.9606620200097793e-05,0.00027186139357463694,1.581803085908141,6,0,3.711628959973389,880.7868873939657,0.9992874191424107,0.0007125808575893907,0.08333333333333333,880.7868873939657,0.0007125808575893907,0.08333333333333333,325.6201946311208,0.0,0.0,880.8709333081566,492,"[""trace"", ""feature"", ""binary""]","[0.8575235579441949, 8.989911083923108e-05, 0.08333333333333333]",True,True,True,True,8,True,3.711628959973389,0.9992874191424107
DH_2_MFA,DH,MFA,DH_2_MFA__cand_09,all6,optuna,generic_seed,trial_392,optuna_multi,7a74a72572fc5320,1,True,769.8691785024564,1,55.395969950039536,0.003470360595544151,1.9295761588097387e-05,119.29009677898352,3.8262249017093724,8.2,1.0,1.318600900985154e-06,1.9606620200097793e-05,0.00027186139357463694,7.516403083944953,6,0,3.8564999817269006,929.1593638053714,0.9982299068554926,0.001770093144507429,0.08333333333333333,929.1593638053714,0.001770093144507429,0.08333333333333333,1297.53714023456,0.0,0.0,929.2444672318493,392,"[""trace"", ""feature"", ""binary""]","[0.8591719413241116, 0.0, 0.08333333333333333]",True,True,True,True,9,True,3.8564999817269006,0.9982299068554926
DH_2_MFA,DH,MFA,DH_2_MFA__cand_05,all6,optuna,generic_seed,trial_461,optuna_multi,7a74a72572fc5320,1,True,754.5711555441576,1,2.7426860907857566,0.0045097190641534834,1.518310190139503e-05,122.86534765112995,0.01335654520744678,8.2,1.0,5.956024710686471e-08,1.9606620200097793e-05,3.5005997606273915e-08,1.581803085908141,6,0,3.6716547304628597,862.4637797912895,0.9905928968566228,0.009407103143377124,0.08333333333333333,862.4637797912895,0.009407103143377124,0.08333333333333333,1387.340239847988,0.0,0.0,862.5565202277663,461,"[""trace"", ""feature"", ""binary""]","[0.837406679347669, 0.002636123941993973, 0.08333333333333333]",True,True,True,True,10,True,3.6716547304628597,0.9905928968566228
DH_2_MFA_BA,DH,MFA_BA,DH_2_MFA_BA__cand_01,all6,optuna,generic_seed,trial_446,optuna_multi,7a74a72572fc5320,1,True,414.60591548353705,1,15.02606686911535,0.0009342699405616653,0.008975212977907144,61.55743845534446,0.003616777768459182,8.2,1.0,1.0371045954247197e-05,2.8934988077977342e-05,0.0002850183875843364,0.41299172660929345,6,0,2.1549085846808027,407.9612949849123,1.0,0.0,0.6666666666666666,407.9612949849123,0.0,0.6666666666666666,344.8948906901591,0.0,0.0,408.62796165157897,446,"[""trace"", ""feature"", ""binary""]","[0.5442308028860525, 0.0, 0.6666666666666666]",True,True,True,True,1,True,2.3593961062757995,1.0
DH_2_MFA_BA,DH,MFA_BA,DH_2_MFA_BA__cand_08,all6,optuna,generic_seed,trial_84,optuna_multi,7a74a72572fc5320,1,True,510.44766548744684,1,15.02606686911535,0.0009342699405616653,0.008975212977907144,61.55743845534446,0.003616777768459182,8.2,1.0,4.439648242927518e-08,1.543743400929221e-08,0.0002850183875843364,0.2644311088245752,6,0,2.727054336546116,601.5562242520991,0.9999999815359922,1.8464007888767463e-08,0.5,601.5562242520991,1.8464007888767463e-08,0.5,357.22665184806857,0.0,0.0,602.0562242705631,84,"[""trace"", ""feature"", ""binary""]","[0.5968119853613344, 2.1669419147940516e-08, 0.5]",True,True,True,True,2,True,2.727054336546116,0.9999999815359922
DH_2_MFA_BA,DH,MFA_BA,DH_2_MFA_BA__cand_07,all6,optuna,generic_seed,trial_480,optuna_multi,7a74a72572fc5320,1,True,497.3450997268337,1,0.6004874510315134,0.0009342699405616653,0.008975212977907144,6.9675619079996585,0.048543790132012446,8.2,1.0,3.147806683575305e-07,1.543743400929221e-08,0.0002850183875843364,3.203933130925507,6,0,2.4875003234189825,535.5040145630155,0.9999998138841774,1.8611582268996634e-07,0.5,535.5040145630155,1.8611582268996634e-07,0.5,16.563779039310756,0.0,0.0,536.0040147491313,480,"[""trace"", ""feature"", ""binary""]","[0.5850565726740412, 1.96481855563313e-07, 0.5]",True,True,True,True,3,True,2.4875003234189825,0.9999998138841774
DH_2_MFA_BA,DH,MFA_BA,DH_2_MFA_BA__cand_06,all6,optuna,generic_seed,trial_449,optuna_multi,7a74a72572fc5320,1,True,494.67458318644526,1,3.0602868577685762,0.001906534551939351,0.008975212977907144,61.55743845534446,0.006902016789943231,8.2,1.0,4.439648242927518e-08,1.5385046399532137e-08,0.0002850183875843364,0.2644311088245752,6,0,2.647507372180901,583.7923127250691,0.999999780215392,2.197846080369865e-07,0.5,583.7923127250691,2.197846080369865e-07,0.5,357.1300703959519,0.0,0.0,584.2923129448537,449,"[""trace"", ""feature"", ""binary""]","[0.5845674300506783, 2.0491409358225354e-07, 0.5]",True,True,True,True,4,True,2.647507372180901,0.999999780215392
DH_2_MFA_BA,DH,MFA_BA,DH_2_MFA_BA__cand_05,all6,optuna,generic_seed,trial_411,optuna_multi,7a74a72572fc5320,1,True,456.7396846153966,1,1.0263506230462527,0.0011400863701127321,0.008975212977907144,6.9675619079996585,0.006902016789943231,8.2,1.0,1.318600900985154e-06,1.1640589436768768e-08,1.5577217702692994e-05,7.1300113348033465,6,0,2.2149642595324583,435.671304435486,0.9999970904400403,2.9095599597353396e-06,0.5,435.671304435486,2.9095599597353396e-06,0.5,15.902045463504141,0.0,0.0,436.17130734504593,411,"[""trace"", ""feature"", ""binary""]","[0.5663957418867426, 2.800468672181644e-06, 0.5]",True,True,True,True,5,True,2.2149642595324583,0.9999970904400403
DH_2_MFA_BA,DH,MFA_BA,DH_2_MFA_BA__cand_03,all6,optuna,generic_seed,trial_465,optuna_multi,7a74a72572fc5320,1,True,455.8789200343828,1,0.6004874510315134,0.0062036438354928424,0.023875874361448276,18.305735226716823,0.7158714383119805,8.2,1.0,5.660670699258882e-07,1.543743400929221e-08,1.3739589716762162e-08,1.5038206124421383,6,0,2.20516392481075,443.1088546369079,0.999994159982097,5.840017903004818e-06,0.5,443.1088546369079,5.840017903004818e-06,0.5,49.916703406092545,0.0,0.0,443.60886047692577,465,"[""trace"", ""feature"", ""binary""]","[0.5617079317904806, 6.1432862437094116e-06, 0.5]",True,True,True,True,6,True,2.20516392481075,0.999994159982097
DH_2_MFA_BA,DH,MFA_BA,DH_2_MFA_BA__cand_04,all6,optuna,generic_seed,trial_427,optuna_multi,7a74a72572fc5320,1,True,456.28492578192885,1,0.6004874510315134,0.0062036438354928424,0.023875874361448276,18.305735226716823,0.7158714383119805,8.2,1.0,5.660670699258882e-07,1.543743400929221e-08,1.3739589716762162e-08,1.5038206124421383,6,0,2.20516392481075,443.1088546369079,0.999994159982097,5.840017903004818e-06,0.5,443.1088546369079,5.840017903004818e-06,0.5,49.91679646603631,0.0,0.0,443.60886047692577,427,"[""trace"", ""feature"", ""binary""]","[0.5619003502460514, 6.141080593935477e-06, 0.5]",True,True,True,True,7,True,2.20516392481075,0.999994159982097
DH_2_MFA_BA,DH,MFA_BA,DH_2_MFA_BA__cand_02,all6,optuna,generic_seed,trial_105,optuna_multi,7a74a72572fc5320,1,True,417.36038077205353,1,0.6004874510315134,0.0062036438354928424,0.023875874361448276,83.15310787671011,6.668042930827933,8.2,1.0,1.318600900985154e-06,9.497440085397401e-08,3.5005997606273915e-08,1.5038206124421383,6,0,2.200941952839661,429.9552592288448,0.9999905143877564,9.485612243527916e-06,0.5,429.9552592288448,9.485612243527916e-06,0.5,642.3676826459179,0.0,0.0,430.455268714457,105,"[""trace"", ""feature"", ""binary""]","[0.5419394355547367, 9.97207810315981e-06, 0.5]",True,True,True,True,8,True,2.200941952839661,0.9999905143877564
DH_3_MFA,DH,MFA,DH_3_MFA__cand_10,all6,optuna,generic_seed,trial_480,optuna_multi,7a74a72572fc5320,1,True,627.6467586742946,1,61.2434142840243,0.003470360595544151,1.9295761588097387e-05,56.19189219397068,3.8262249017093724,8.2,1.0,3.147806683575305e-07,1.0944885422058866e-07,1.0888336764584933e-05,1.2635598601775555,6,0,3.1651335236031435,683.2829132982273,1.0,0.0,0.25,683.2829132982273,0.0,0.25,297.76959549063133,0.0,0.0,683.5329132982273,480,"[""trace"", ""feature"", ""binary""]","[0.7417470768306812, 0.004224196850998729, 0.25]",True,True,True,True,1,True,3.1680814682160285,1.0
DH_3_MFA,DH,MFA,DH_3_MFA__cand_08,all6,optuna,generic_seed,trial_331,optuna_multi,7a74a72572fc5320,1,True,626.6629468313836,1,61.2434142840243,0.003470360595544151,0.05213015783463995,83.15310787671011,0.0020662856292529706,8.2,1.0,1.9720874302402908e-07,1.543743400929221e-08,1.0888336764584933e-05,2.0616590504421537,6,0,3.1662287850019717,683.9348783646489,1.0,0.0,0.25,683.9348783646489,0.0,0.25,637.0700391479654,0.0,0.0,684.1848783646489,331,"[""trace"", ""feature"", ""binary""]","[0.7398123131016131, 0.005328432109705239, 0.25]",True,True,True,True,2,True,3.1662287850019717,1.0
DH_3_MFA,DH,MFA,DH_3_MFA__cand_09,all6,optuna,generic_seed,trial_468,optuna_multi,7a74a72572fc5320,1,True,627.5348510899488,1,61.2434142840243,0.003470360595544151,0.05213015783463995,17.03363882994435,29.18346281598263,8.2,1.0,6.931554219323889e-06,1.543743400929221e-08,1.0888336764584933e-05,2.0616590504421537,6,0,3.2257509476404063,698.8808204128545,0.999364751389348,0.0006352486106520563,0.25,698.8808204128545,0.0006352486106520563,0.25,37.43390610344313,0.0,0.0,699.1314556614652,468,"[""trace"", ""feature"", ""binary""]","[0.7447373652923984, 0.0032882512807012043, 0.25]",True,True,True,True,3,True,3.2257509476404063,0.999364751389348
DH_3_MFA,DH,MFA,DH_3_MFA__cand_03,all6,optuna,generic_seed,trial_398,optuna_multi,7a74a72572fc5320,1,True,621.6986957955412,1,61.2434142840243,0.003470360595544151,0.05213015783463995,83.15310787671011,0.0020662856292529706,8.2,1.0,1.0211693428871284e-05,1.543743400929221e-08,0.00017507431716231505,0.06574930931112102,6,0,3.254505939499836,706.3211884336764,0.9990557542538906,0.0009442457461094252,0.75,706.3211884336764,0.0009442457461094252,0.75,632.2105498982475,0.0,0.0,707.0721326794226,398,"[""trace"", ""feature"", ""binary""]","[0.7414522224858572, 0.0023820449052326387, 0.75]",True,True,True,True,4,True,3.254505939499836,0.9990557542538906
DH_3_MFA,DH,MFA,DH_3_MFA__cand_04,all6,optuna,generic_seed,trial_415,optuna_multi,7a74a72572fc5320,1,True,621.6986957955412,1,61.2434142840243,0.003470360595544151,0.05213015783463995,83.15310787671011,0.0020662856292529706,8.2,1.0,1.0211693428871284e-05,1.543743400929221e-08,0.00017507431716231505,0.06574930931112102,6,0,3.254505939499836,706.3211884336764,0.9990557542538906,0.0009442457461094252,0.75,706.3211884336764,0.0009442457461094252,0.75,632.2105498982475,0.0,0.0,707.0721326794226,415,"[""trace"", ""feature"", ""binary""]","[0.7414522224858572, 0.0023820449052326387, 0.75]",True,True,True,True,5,True,3.254505939499836,0.9990557542538906
DH_3_MFA,DH,MFA,DH_3_MFA__cand_06,all6,optuna,generic_seed,trial_420,optuna_multi,7a74a72572fc5320,1,True,626.248943051764,1,35.19818734234284,0.003470360595544151,1.9295761588097387e-05,56.19189219397068,3.8262249017093724,8.2,1.0,6.931554219323889e-06,1.0944885422058866e-07,1.0888336764584933e-05,0.08188460638515553,6,0,3.269477256784229,710.080337637461,0.998891075572081,0.0011089244279189653,0.25,710.080337637461,0.0011089244279189653,0.25,295.34046402211,0.0,0.0,710.3314465618889,420,"[""trace"", ""feature"", ""binary""]","[0.7473348676016273, 0.0008289078942983474, 0.25]",True,True,True,True,6,True,3.269477256784229,0.998891075572081
DH_3_MFA,DH,MFA,DH_3_MFA__cand_07,all6,optuna,generic_seed,trial_445,optuna_multi,7a74a72572fc5320,1,True,626.248943051764,1,35.19818734234284,0.003470360595544151,1.9295761588097387e-05,119.29009677898352,0.872764295013774,8.2,1.0,6.931554219323889e-06,1.0944885422058866e-07,9.755011688381292e-05,0.08188460638515553,6,0,3.269477256784229,710.080337637461,0.998891075572081,0.0011089244279189653,0.25,710.080337637461,0.0011089244279189653,0.25,1297.2155158007279,0.0,0.0,710.3314465618889,445,"[""trace"", ""feature"", ""binary""]","[0.7473348676016273, 0.0008289078942983474, 0.25]",True,True,True,True,7,True,3.269477256784229,0.998891075572081
DH_3_MFA,DH,MFA,DH_3_MFA__cand_05,all6,optuna,generic_seed,trial_407,optuna_multi,7a74a72572fc5320,1,True,624.9605028336731,1,61.2434142840243,0.003470360595544151,0.0007168653409047049,83.15310787671011,0.035058550455355136,8.2,1.0,2.1138200604234036e-05,1.543743400929221e-08,1.0888336764584933e-05,1.2635598601775555,6,0,3.3512890066482224,732.3933293258141,0.9981211691579195,0.0018788308420804695,0.25,732.3933293258141,0.0018788308420804695,0.25,633.4161142238266,0.0,0.0,732.6452081566562,407,"[""trace"", ""feature"", ""binary""]","[0.7509244190179606, 0.0, 0.25]",True,True,True,True,8,True,3.3512890066482224,0.9981211691579195
DH_3_MFA,DH,MFA,DH_3_MFA__cand_01,all6,optuna,generic_seed,trial_352,optuna_multi,7a74a72572fc5320,1,True,601.6100209719461,1,61.2434142840243,0.001906534551939351,0.05213015783463995,48.80995472389016,0.872764295013774,8.2,1.0,9.222492453004649e-08,1.543743400929221e-08,1.0888336764584933e-05,0.41299172660929345,6,0,3.1269670920580306,668.6556232195506,0.9290356822841349,0.07096431771586503,0.25,668.6556232195506,0.07096431771586503,0.25,226.67511076276844,0.0,0.0,668.9765875372665,352,"[""trace"", ""feature"", ""binary""]","[0.722449534582875, 0.06899312034611371, 0.25]",True,True,True,True,9,True,3.1269670920580306,0.9290356822841349
DH_3_MFA,DH,MFA,DH_3_MFA__cand_02,all6,optuna,generic_seed,trial_458,optuna_multi,7a74a72572fc5320,1,True,601.6100209719461,1,61.2434142840243,0.001906534551939351,0.05213015783463995,48.80995472389016,0.872764295013774,8.2,1.0,9.222492453004649e-08,1.543743400929221e-08,1.0888336764584933e-05,0.41299172660929345,6,0,3.1269670920580306,668.6556232195506,0.9290356822841349,0.07096431771586503,0.25,668.6556232195506,0.07096431771586503,0.25,226.67511076276844,0.0,0.0,668.9765875372665,458,"[""trace"", ""feature"", ""binary""]","[0.722449534582875, 0.06899312034611371, 0.25]",True,True,True,True,10,True,3.1269670920580306,0.9290356822841349
DH_3_MFA_BA,DH,MFA_BA,DH_3_MFA_BA__cand_01,all6,optuna,generic_seed,trial_244,optuna_multi,7a74a72572fc5320,1,True,238.4818009524744,1,131.66617589939165,0.0016661988193989237,0.054053269521845304,141.7148594823642,9.828055561931937,8.2,1.0,0.0003394873014043832,4.922746084606872e-07,7.899667957519268e-05,2.667823311143773,6,0,1.482898305069652,237.47156768366085,1.0,0.0,0.4166666666666667,237.47156768366085,0.0,0.4166666666666667,1825.9277842238441,0.0,0.0,237.8882343503275,244,"[""trace"", ""feature"", ""binary""]","[0.37230334908051216, 0.0, 0.4166666666666667]",True,True,True,True,1,True,1.4829249414453909,1.0
DH_4_MFA,DH,MFA,DH_4_MFA__cand_06,all6,optuna,generic_seed,trial_329,optuna_multi,7a74a72572fc5320,1,True,1315.752705497847,1,3.4575756830058175,0.039964301676942524,5.5534149269698904e-05,46.64734825734933,0.03373080268383927,8.2,1.0,3.1729073372306313e-07,0.00957735335788942,0.008205918074565565,0.08188460638515553,6,0,5.473054419672542,1493.3749229186208,1.0,0.0,0.5833333333333334,1493.3749229186208,0.0,0.5833333333333334,205.69979512681945,0.0,0.0,1493.958256251954,329,"[""trace"", ""feature"", ""binary""]","[1.2610275780112803, 0.0070045436125378835, 0.5833333333333334]",True,False,True,False,1,False,4.829748566652522,0.9604617386626099
DH_4_MFA,DH,MFA,DH_4_MFA__cand_09,all6,optuna,generic_seed,trial_372,optuna_multi,7a74a72572fc5320,1,True,1409.3803726324004,1,37.05649890541619,0.0062036438354928424,6.0701655210150736e-05,46.429142442949164,6.668042930827933,8.2,1.0,2.781428564375744e-08,3.1764108521098706e-05,2.852356378001712e-07,4.841688855203897,6,0,5.527462349494841,1535.6202631045128,1.0,0.0,0.9166666666666666,1535.6202631045128,0.0,0.9166666666666666,211.72465165787196,0.0,0.0,1536.5369297711795,372,"[""trace"", ""feature"", ""binary""]","[1.3061432605075511, 0.0005033138244536772, 0.9166666666666666]",True,False,True,False,2,False,5.527462349494841,1.0
DH_4_MFA,DH,MFA,DH_4_MFA__cand_11,all6,optuna,generic_seed,trial_446,optuna_multi,7a74a72572fc5320,1,True,1440.7682367346895,1,354.9804671237963,0.0062036438354928424,0.44618052052220264,104.51057480462259,0.03373080268383927,8.2,1.0,2.781428564375744e-08,1.4151235919053704e-06,0.0398444583530957,0.05656130570844847,6,0,5.567923126865615,1558.3480817618374,1.0,0.0,0.5833333333333334,1558.3480817618374,0.0,0.5833333333333334,998.3199093146198,0.0,0.0,1558.9314150951707,446,"[""trace"", ""feature"", ""binary""]","[1.3217687901451434, 0.0008219285385674402, 0.5833333333333334]",True,False,True,False,3,False,5.567923126865615,1.0
DH_4_MFA,DH,MFA,DH_4_MFA__cand_04,all6,optuna,generic_seed,trial_123,optuna_multi,7a74a72572fc5320,1,True,1281.0129093549772,1,1.9860553636909555,0.006487477066058677,0.0001304212538027048,104.51057480462259,33.30511746217269,8.2,1.0,5.238322156582346e-08,1.578232781079556e-06,0.0398444583530957,3.203933130925507,6,0,5.440243074981763,1496.8035213274168,0.9999192416652644,8.075833473572415e-05,0.9166666666666666,1496.8035213274168,8.075833473572415e-05,0.9166666666666666,1002.3468970153525,0.0,0.0,1497.7202687524182,123,"[""trace"", ""feature"", ""binary""]","[1.233276438925808, 0.0038227180143989292, 0.9166666666666666]",True,False,True,False,4,False,5.440243074981763,0.9999192416652644
DH_4_MFA,DH,MFA,DH_4_MFA__cand_08,all6,optuna,generic_seed,trial_403,optuna_multi,7a74a72572fc5320,1,True,1362.4664445387386,1,2.353845387158846,0.007058572590901788,0.09754191385782286,46.64734825734933,3.2191463496769184,8.2,1.0,2.6738182964551793e-08,1.578232781079556e-06,4.0592146437489974e-08,0.08188460638515553,6,0,5.61096967601766,1585.3982982792797,0.9992564201971442,0.0007435798028557814,0.5833333333333334,1585.3982982792797,0.0007435798028557814,0.5833333333333334,214.65396187969637,0.0,0.0,1585.982375192416,403,"[""trace"", ""feature"", ""binary""]","[1.2724377702529515, 0.0018851911183620507, 0.5833333333333334]",True,False,True,False,5,False,5.61096967601766,0.9992564201971442
DH_4_MFA,DH,MFA,DH_4_MFA__cand_05,all6,optuna,generic_seed,trial_469,optuna_multi,7a74a72572fc5320,1,True,1315.3338155284841,1,2.353845387158846,0.007058572590901788,0.0001304212538027048,48.80995472389016,3.2191463496769184,8.2,1.0,3.1729073372306313e-07,4.742798105838863e-06,0.00012058434447247017,0.07392274977341988,6,0,5.602100540629684,1562.574846601378,0.999228835876913,0.000771164123086952,0.9166666666666666,1562.574846601378,0.000771164123086952,0.9166666666666666,222.0251228963991,0.0,0.0,1563.492284432168,469,"[""trace"", ""feature"", ""binary""]","[1.255903207513887, 0.0028902586129925245, 0.9166666666666666]",True,False,True,False,6,False,5.602100540629684,0.999228835876913
DH_4_MFA,DH,MFA,DH_4_MFA__cand_07,all6,optuna,generic_seed,trial_374,optuna_multi,7a74a72572fc5320,1,True,1333.801283357667,1,2.353845387158846,0.007058572590901788,1.3380403777740534e-05,48.80995472389016,0.0955567394108662,8.2,1.0,3.1729073372306313e-07,1.9606620200097793e-05,0.00012058434447247017,0.07392274977341988,6,0,5.660069541122167,1581.5487536057462,0.9991520643830435,0.0008479356169564946,0.9166666666666666,1581.5487536057462,0.0008479356169564946,0.9166666666666666,222.5891258149061,0.0,0.0,1582.46626820803,374,"[""trace"", ""feature"", ""binary""]","[1.2709070616141454, 0.00266633672045824, 0.9166666666666666]",True,False,True,False,7,False,5.660069541122167,0.9991520643830435
DH_4_MFA,DH,MFA,DH_4_MFA__cand_10,all6,optuna,generic_seed,trial_492,optuna_multi,7a74a72572fc5320,1,True,1419.8404380079307,1,2.353845387158846,0.008182111518618418,0.09754191385782286,46.64734825734933,0.03373080268383927,8.2,1.0,3.1729073372306313e-07,3.5057749039614176e-06,7.598738789865885e-07,0.08188460638515553,6,0,5.768243593424592,1649.6249184339042,0.998545515263337,0.0014544847366629178,0.9166666666666666,1649.6249184339042,0.0014544847366629178,0.9166666666666666,205.10167516897494,0.0,0.0,1650.5430395853077,492,"[""trace"", ""feature"", ""binary""]","[1.3089765076746844, 0.0, 0.9166666666666666]",True,False,True,False,8,False,5.768243593424592,0.998545515263337
DH_4_MFA,DH,MFA,DH_4_MFA__cand_12,all6,optuna,generic_seed,trial_369,optuna_multi,7a74a72572fc5320,1,True,1463.1324860317454,1,1.1829272815898584,0.039964301676942524,0.09754191385782286,46.64734825734933,0.02385022010474564,8.2,1.0,2.781428564375744e-08,1.4151235919053704e-06,4.93135237149876e-07,0.08188460638515553,6,0,5.8098697089987255,1685.349076666781,0.9984582399644036,0.0015417600355964415,0.5833333333333334,1685.349076666781,0.0015417600355964415,0.5833333333333334,209.50881580739826,0.0,0.0,1685.93395176015,369,"[""trace"", ""feature"", ""binary""]","[1.3239884552343673, 0.0, 0.5833333333333334]",True,False,True,False,9,False,5.8098697089987255,0.9984582399644036
DH_4_MFA,DH,MFA,DH_4_MFA__cand_01,all6,optuna,generic_seed,trial_438,optuna_multi,7a74a72572fc5320,1,True,1149.857042221511,1,8.117430948802019,0.008182111518618418,5.5534149269698904e-05,46.64734825734933,0.03373080268383927,8.2,1.0,3.1729073372306313e-07,0.00957735335788942,0.0010797453347997645,0.07392274977341988,6,0,5.230244018031504,1397.481122472346,0.92456182648508,0.07543817351492005,0.5833333333333334,1397.481122472346,0.07543817351492005,0.5833333333333334,204.96563542960723,0.0,0.0,1398.139893979194,438,"[""trace"", ""feature"", ""binary""]","[1.1578662905213604, 0.030883817339873887, 0.5833333333333334]",True,False,True,False,10,False,5.230244018031504,0.92456182648508
DH_4_MFA,DH,MFA,DH_4_MFA__cand_02,all6,optuna,generic_seed,trial_495,optuna_multi,7a74a72572fc5320,1,True,1154.7842521187258,1,37.05649890541619,0.0011894665366442578,1.3380403777740534e-05,48.80995472389016,0.03373080268383927,8.2,1.0,3.1729073372306313e-07,1.4151235919053704e-06,0.0006970539360171087,1.581803085908141,6,0,5.230638247065844,1422.4914584025482,0.870551190657594,0.12944880934240607,0.9166666666666666,1422.4914584025482,0.12944880934240607,0.9166666666666666,222.82822915706768,0.0,0.0,1423.5375738785574,495,"[""trace"", ""feature"", ""binary""]","[1.1443642757691823, 0.12694082587526478, 0.9166666666666666]",True,False,True,False,11,False,5.230638247065844,0.870551190657594
DH_4_MFA,DH,MFA,DH_4_MFA__cand_03,all6,optuna,generic_seed,trial_479,optuna_multi,7a74a72572fc5320,1,True,1164.313214570386,1,37.05649890541619,0.0006358541141199491,0.054053269521845304,46.64734825734933,0.872764295013774,8.2,1.0,3.1729073372306313e-07,1.578232781079556e-06,0.00879770835474936,0.08188460638515553,6,0,5.190176116293305,1416.9882581704362,0.7974706877466144,0.20252931225338563,0.9166666666666666,1416.9882581704362,0.20252931225338563,0.9166666666666666,201.33810243351502,0.0,0.0,1418.1074541493563,479,"[""trace"", ""feature"", ""binary""]","[1.1385965068725301, 0.2002398300743602, 0.9166666666666666]",True,False,True,False,12,False,5.190176116293305,0.7974706877466144
DH_4_MFA,DH,MFA,DH_4_MFA__cand_13,all6,optuna,generic_seed,trial_206,optuna_multi,7a74a72572fc5320,1,True,4253.934748236476,1,138.79552120940943,0.00013409701145872436,2.5146819912481963e-05,10.914450954629029,0.9023677623181434,8.2,1.0,0.00036422282566934245,1.9740583621124953e-05,0.0010050124895976764,1.322843025434744,6,0,11.042393456099859,4197.3729224590925,0.6350150792099686,0.36498492079003136,0.4166666666666667,4197.3729224590925,0.36498492079003136,0.4166666666666667,16.977893768928514,0.0,0.0,4198.15457404655,206,"[""trace"", ""feature"", ""binary""]","[2.777316315774083, 0.36522554921742, 0.4166666666666667]",True,False,True,False,13,False,11.042393456099859,0.6350150792099686
DH_4_MFA,DH,MFA,DH_4_MFA__cand_14,all6,optuna,generic_seed,trial_324,optuna_multi,7a74a72572fc5320,1,True,4253.934748236476,1,138.79552120940943,0.00013409701145872436,2.5146819912481963e-05,10.914450954629029,0.9023677623181434,8.2,1.0,0.00036422282566934245,1.9740583621124953e-05,0.0010050124895976764,1.322843025434744,6,0,11.042393456099859,4197.3729224590925,0.6350150792099686,0.36498492079003136,0.4166666666666667,4197.3729224590925,0.36498492079003136,0.4166666666666667,16.977893768928514,0.0,0.0,4198.15457404655,324,"[""trace"", ""feature"", ""binary""]","[2.777316315774083, 0.36522554921742, 0.4166666666666667]",True,False,True,False,14,False,11.042393456099859,0.6350150792099686
DH_4_MFA_BA,DH,MFA_BA,DH_4_MFA_BA__cand_20,all6,optuna,generic_seed,trial_366,optuna_multi,7a74a72572fc5320,1,True,868.0665743655362,1,299.0029981301299,0.0006358541141199491,2.5146819912481963e-05,41.53164722208056,0.0011704286599632944,8.2,1.0,5.660670699258882e-07,8.407761618357402e-07,0.009769566124905356,3.203933130925507,6,0,3.9952887464725406,957.5381306661825,0.9999998125055362,1.8749446372198908e-07,0.75,957.5381306661825,1.8749446372198908e-07,0.75,167.74536326546976,0.0,0.0,958.288130853677,366,"[""trace"", ""feature"", ""binary""]","[0.941615319172061, 0.0023082532110175746, 0.75]",True,True,True,True,1,True,4.003097720848235,1.0
DH_4_MFA_BA,DH,MFA_BA,DH_4_MFA_BA__cand_01,all6,optuna,generic_seed,trial_484,optuna_multi,7a74a72572fc5320,1,True,818.4118070796558,1,354.9804671237963,0.0011400863701127321,2.5146819912481963e-05,12.263854792330786,0.0011704286599632944,8.2,1.0,9.222492453004649e-08,1.4151235919053704e-06,0.08197398651495003,0.08188460638515553,6,0,4.067771162814148,971.0985847982657,1.0,0.0,0.4166666666666667,971.0985847982657,0.0,0.4166666666666667,30.547297425561954,0.0,0.0,971.5152514649324,484,"[""trace"", ""feature"", ""binary""]","[0.9170259750289022, 0.0046376030745106656, 0.4166666666666667]",True,False,True,False,2,False,4.067771162814148,1.0
DH_4_MFA_BA,DH,MFA_BA,DH_4_MFA_BA__cand_22,all6,optuna,generic_seed,trial_491,optuna_multi,7a74a72572fc5320,1,True,881.9697776796147,1,37.05649890541619,0.0011400863701127321,2.5146819912481963e-05,46.64734825734933,0.0020662856292529706,8.2,1.0,2.781428564375744e-08,1.4151235919053704e-06,0.004901252354191016,0.08188460638515553,6,0,4.0680345370255235,971.289591762521,1.0,0.0,0.4166666666666667,971.289591762521,0.0,0.4166666666666667,212.04999080189026,0.0,0.0,971.7062584291876,491,"[""trace"", ""feature"", ""binary""]","[0.9612756293248129, 0.0007584817080493744, 0.4166666666666667]",True,False,True,False,3,False,4.0680345370255235,1.0
DH_4_MFA_BA,DH,MFA_BA,DH_4_MFA_BA__cand_23,all6,optuna,generic_seed,trial_275,optuna_multi,7a74a72572fc5320,1,True,882.3174888290816,1,37.05649890541619,0.0011400863701127321,2.5146819912481963e-05,46.64734825734933,0.03373080268383927,8.2,1.0,2.781428564375744e-08,1.4151235919053704e-06,0.004901252354191016,0.08188460638515553,6,0,4.068298095719682,971.3860666796337,1.0,0.0,0.4166666666666667,971.3860666796337,0.0,0.4166666666666667,211.14067682409615,0.0,0.0,971.8027333463003,275,"[""trace"", ""feature"", ""binary""]","[0.9615632702801519, 0.0007549121028177508, 0.4166666666666667]",True,False,True,False,4,False,4.068298095719682,1.0
DH_4_MFA_BA,DH,MFA_BA,DH_4_MFA_BA__cand_24,all6,optuna,generic_seed,trial_437,optuna_multi,7a74a72572fc5320,1,True,882.3174888290816,1,37.05649890541619,0.0011400863701127321,2.5146819912481963e-05,46.64734825734933,0.03373080268383927,8.2,1.0,2.781428564375744e-08,1.4151235919053704e-06,0.004901252354191016,0.08188460638515553,6,0,4.068298095719682,971.3860666796337,1.0,0.0,0.4166666666666667,971.3860666796337,0.0,0.4166666666666667,211.14067682409615,0.0,0.0,971.8027333463003,437,"[""trace"", ""feature"", ""binary""]","[0.9615632702801519, 0.0007549121028177508, 0.4166666666666667]",True,False,True,False,5,False,4.068298095719682,1.0
DH_4_MFA_BA,DH,MFA_BA,DH_4_MFA_BA__cand_05,all6,optuna,generic_seed,trial_404,optuna_multi,7a74a72572fc5320,1,True,835.7328756373424,1,37.05649890541619,0.0011400863701127321,0.0007168653409047049,12.263854792330786,0.03373080268383927,8.2,1.0,9.222492453004649e-08,1.4151235919053704e-06,0.004901252354191016,4.841688855203897,6,0,4.06908345281092,971.8105654783564,1.0,0.0,0.4166666666666667,971.8105654783564,0.0,0.4166666666666667,22.66945628558094,0.0,0.0,972.227232145023,404,"[""trace"", ""feature"", ""binary""]","[0.9297047986987627, 0.0033030929448548685, 0.4166666666666667]",True,False,True,False,6,False,4.06908345281092,1.0
DH_4_MFA_BA,DH,MFA_BA,DH_4_MFA_BA__cand_26,all6,optuna,generic_seed,trial_392,optuna_multi,7a74a72572fc5320,1,True,889.5992115449284,1,131.66617589939165,0.0011400863701127321,0.4368750258682533,46.64734825734933,38.50345044335317,8.2,1.0,9.222492453004649e-08,3.5057749039614176e-06,0.00027186139357463694,0.08188460638515553,6,0,4.074897914850646,978.3900379901511,1.0,0.0,0.4166666666666667,978.3900379901511,0.0,0.4166666666666667,209.96567192606742,0.0,0.0,978.8067046568177,392,"[""trace"", ""feature"", ""binary""]","[0.9633921698242629, 0.0007390688038881876, 0.4166666666666667]",True,False,True,False,7,False,4.074897914850646,1.0
DH_4_MFA_BA,DH,MFA_BA,DH_4_MFA_BA__cand_12,all6,optuna,generic_seed,trial_429,optuna_multi,7a74a72572fc5320,1,True,851.3388847959735,1,37.05649890541619,0.0011400863701127321,0.07863970223142656,139.4293716371739,0.702291974551397,8.2,1.0,2.781428564375744e-08,1.4151235919053704e-06,0.0002850183875843364,0.12066825256517258,6,0,4.075352185562047,974.9203532273518,1.0,0.0,0.4166666666666667,974.9203532273518,0.0,0.4166666666666667,1773.8339600435102,0.0,0.0,975.3370198940185,429,"[""trace"", ""feature"", ""binary""]","[0.9399452624234902, 0.002496939962277289, 0.4166666666666667]",True,False,True,False,8,False,4.075352185562047,1.0
DH_4_MFA_BA,DH,MFA_BA,DH_4_MFA_BA__cand_13,all6,optuna,generic_seed,trial_210,optuna_multi,7a74a72572fc5320,1,True,851.8345933959151,1,37.05649890541619,0.0011400863701127321,0.07863970223142656,139.4293716371739,0.03373080268383927,8.2,1.0,9.222492453004649e-08,1.4151235919053704e-06,0.004901252354191016,0.08188460638515553,6,0,4.077792075690975,975.6470663992387,1.0,0.0,0.4166666666666667,975.6470663992387,0.0,0.4166666666666667,1772.4803976751862,0.0,0.0,976.0637330659054,210,"[""trace"", ""feature"", ""binary""]","[0.9405949610503086, 0.002466969804263197, 0.4166666666666667]",True,False,True,False,9,False,4.077792075690975,1.0
DH_4_MFA_BA,DH,MFA_BA,DH_4_MFA_BA__cand_25,all6,optuna,generic_seed,trial_356,optuna_multi,7a74a72572fc5320,1,True,887.6305650696162,1,37.05649890541619,0.0011400863701127321,0.07863970223142656,6.9675619079996585,15.295404974738686,8.2,1.0,9.222492453004649e-08,1.578232781079556e-06,4.93135237149876e-07,0.08188460638515553,6,0,4.077911385865895,975.7050881293659,1.0,0.0,0.4166666666666667,975.7050881293659,0.0,0.4166666666666667,19.48797000641491,0.0,0.0,976.1217547960325,356,"[""trace"", ""feature"", ""binary""]","[0.9645734266344957, 0.0005810738188024578, 0.4166666666666667]",True,False,True,False,10,False,4.077911385865895,1.0
DH_4_MFA_BA,DH,MFA_BA,DH_4_MFA_BA__cand_07,all6,optuna,generic_seed,trial_423,optuna_multi,7a74a72572fc5320,1,True,839.1680909671513,1,37.05649890541619,0.0011400863701127321,0.10386397258952978,35.72741715700898,0.03373080268383927,8.2,1.0,2.781428564375744e-08,1.4151235919053704e-06,3.9576032587089944e-08,0.7153783403302291,6,0,4.078827247703394,976.676874282704,1.0,0.0,0.4166666666666667,976.676874282704,0.0,0.4166666666666667,131.5814574747759,0.0,0.0,977.0935409493707,423,"[""trace"", ""feature"", ""binary""]","[0.9311402313202372, 0.003296372259495306, 0.4166666666666667]",True,False,True,False,11,False,4.078827247703394,1.0
DH_4_MFA_BA,DH,MFA_BA,DH_4_MFA_BA__cand_14,all6,optuna,generic_seed,trial_309,optuna_multi,7a74a72572fc5320,1,True,852.4626383283984,1,37.05649890541619,0.0011400863701127321,0.10386397258952978,76.75161631734991,0.03373080268383927,8.2,1.0,9.222492453004649e-08,8.20075394915743e-07,3.9576032587089944e-08,0.08188460638515553,6,0,4.079484525423109,976.496830674263,1.0,0.0,0.4166666666666667,976.496830674263,0.0,0.4166666666666667,548.9648536184123,0.0,0.0,976.9134973409297,309,"[""trace"", ""feature"", ""binary""]","[0.9407361133435975, 0.002442758844832249, 0.4166666666666667]",True,False,True,False,12,False,4.079484525423109,1.0
DH_4_MFA_BA,DH,MFA_BA,DH_4_MFA_BA__cand_08,all6,optuna,generic_seed,trial_454,optuna_multi,7a74a72572fc5320,1,True,840.4621737725977,1,37.05649890541619,0.0011400863701127321,0.07863970223142656,7.773530523364036,0.03816747295807704,8.2,1.0,2.781428564375744e-08,1.4151235919053704e-06,0.00035460717232584446,4.841688855203897,6,0,4.0839934030162865,979.0071066292702,1.0,0.0,0.4166666666666667,979.0071066292702,0.0,0.4166666666666667,15.383995105811577,0.0,0.0,979.4237732959368,454,"[""trace"", ""feature"", ""binary""]","[0.9317096649365543, 0.0032185820472857563, 0.4166666666666667]",True,False,True,False,13,False,4.0839934030162865,1.0
DH_4_MFA_BA,DH,MFA_BA,DH_4_MFA_BA__cand_03,all6,optuna,generic_seed,trial_495,optuna_multi,7a74a72572fc5320,1,True,825.8296126860623,1,354.9804671237963,0.0011400863701127321,0.0007924849533052708,12.263854792330786,0.0011704286599632944,8.2,1.0,6.798321056530878e-06,1.4151235919053704e-06,0.0010797453347997645,0.08188460638515553,6,0,4.085480041542979,977.2008482102001,1.0,0.0,0.4166666666666667,977.2008482102001,0.0,0.4166666666666667,20.027532328508013,0.0,0.0,977.6175148768667,495,"[""trace"", ""feature"", ""binary""]","[0.9230731092716075, 0.003977500792062272, 0.4166666666666667]",True,False,True,False,14,False,4.085480041542979,1.0
DH_4_MFA_BA,DH,MFA_BA,DH_4_MFA_BA__cand_09,all6,optuna,generic_seed,trial_476,optuna_multi,7a74a72572fc5320,1,True,841.0465616726683,1,131.41757465736364,0.0011400863701127321,0.07863970223142656,46.64734825734933,0.03373080268383927,8.2,1.0,2.781428564375744e-08,1.4151235919053704e-06,0.004901252354191016,9.310460951385235,6,0,4.086075455836602,980.1602760926548,1.0,0.0,0.4166666666666667,980.1602760926548,0.0,0.4166666666666667,207.55132603110448,0.0,0.0,980.5769427593215,476,"[""trace"", ""feature"", ""binary""]","[0.9320239714498199, 0.003174930813388932, 0.4166666666666667]",True,False,True,False,15,False,4.086075455836602,1.0
DH_4_MFA_BA,DH,MFA_BA,DH_4_MFA_BA__cand_16,all6,optuna,generic_seed,trial_328,optuna_multi,7a74a72572fc5320,1,True,854.6391707884245,1,37.05649890541619,0.0011400863701127321,0.07863970223142656,139.4293716371739,0.03373080268383927,8.2,1.0,9.222492453004649e-08,1.4151235919053704e-06,0.0002850183875843364,4.841688855203897,6,0,4.087058002892006,980.0037493173795,1.0,0.0,0.4166666666666667,980.0037493173795,0.0,0.4166666666666667,1770.4877128682347,0.0,0.0,980.4204159840461,328,"[""trace"", ""feature"", ""binary""]","[0.9421585447854733, 0.002328684877130005, 0.4166666666666667]",True,False,True,False,16,False,4.087058002892006,1.0
DH_4_MFA_BA,DH,MFA_BA,DH_4_MFA_BA__cand_17,all6,optuna,generic_seed,trial_481,optuna_multi,7a74a72572fc5320,1,True,854.6400629411557,1,37.05649890541619,0.0011400863701127321,0.07863970223142656,139.4293716371739,0.03373080268383927,8.2,1.0,9.222492453004649e-08,1.4151235919053704e-06,0.004901252354191016,4.841688855203897,6,0,4.0870639618055025,980.0051687060492,1.0,0.0,0.4166666666666667,980.0051687060492,0.0,0.4166666666666667,1771.4501027976066,0.0,0.0,980.4218353727158,481,"[""trace"", ""feature"", ""binary""]","[0.942159568633171, 0.0023286482261251074, 0.4166666666666667]",True,False,True,False,17,False,4.0870639618055025,1.0
DH_4_MFA_BA,DH,MFA_BA,DH_4_MFA_BA__cand_27,all6,optuna,generic_seed,trial_391,optuna_multi,7a74a72572fc5320,1,True,889.969346124312,1,21.080099105067035,0.0011400863701127321,0.10386397258952978,76.75161631734991,0.03373080268383927,8.2,1.0,9.222492453004649e-08,8.20075394915743e-07,7.598738789865885e-07,0.08188460638515553,6,0,4.088387032524466,980.4511693048053,1.0,0.0,0.4166666666666667,980.4511693048053,0.0,0.4166666666666667,545.2291507761245,0.0,0.0,980.8678359714719,391,"[""trace"", ""feature"", ""binary""]","[0.9655210436674418, 0.0005137715508408691, 0.4166666666666667]",True,False,True,False,18,False,4.088387032524466,1.0
DH_4_MFA_BA,DH,MFA_BA,DH_4_MFA_BA__cand_28,all6,optuna,generic_seed,trial_435,optuna_multi,7a74a72572fc5320,1,True,890.1288110569961,1,21.080099105067035,0.0011400863701127321,0.10386397258952978,76.75161631734991,0.03373080268383927,8.2,1.0,9.222492453004649e-08,8.20075394915743e-07,7.598738789865885e-07,0.3933244005343143,6,0,4.088859908987545,980.6700404118125,1.0,0.0,0.4166666666666667,980.6700404118125,0.0,0.4166666666666667,544.4747545371949,0.0,0.0,981.0867070784791,435,"[""trace"", ""feature"", ""binary""]","[0.9655872052278626, 0.0005074411853730476, 0.4166666666666667]",True,False,True,False,19,False,4.088859908987545,1.0
DH_4_MFA_BA,DH,MFA_BA,DH_4_MFA_BA__cand_10,all6,optuna,generic_seed,trial_440,optuna_multi,7a74a72572fc5320,1,True,842.939921065412,1,354.9804671237963,0.0011400863701127321,0.10386397258952978,46.64734825734933,0.03373080268383927,8.2,1.0,2.781428564375744e-08,1.4151235919053704e-06,0.004901252354191016,9.310460951385235,6,0,4.091355109134065,982.5133773909306,1.0,0.0,0.4166666666666667,982.5133773909306,0.0,0.4166666666666667,208.01932487324174,0.0,0.0,982.9300440575972,440,"[""trace"", ""feature"", ""binary""]","[0.9330962926314004, 0.003120464193762551, 0.4166666666666667]",True,False,True,False,20,False,4.091355109134065,1.0
DH_4_MFA_BA,DH,MFA_BA,DH_4_MFA_BA__cand_11,all6,optuna,generic_seed,trial_414,optuna_multi,7a74a72572fc5320,1,True,843.0357079601469,1,39.7357371232687,0.0011400863701127321,0.10386397258952978,12.263854792330786,0.03373080268383927,8.2,1.0,9.222492453004649e-08,1.4151235919053704e-06,0.0002850183875843364,5.126456608059839,6,0,4.0933093680497405,982.7399259408272,1.0,0.0,0.4166666666666667,982.7399259408272,0.0,0.4166666666666667,21.584186120420327,0.0,0.0,983.1565926074938,414,"[""trace"", ""feature"", ""binary""]","[0.9334459637044956, 0.0031046481887319066, 0.4166666666666667]",True,False,True,False,21,False,4.0933093680497405,1.0
DH_4_MFA_BA,DH,MFA_BA,DH_4_MFA_BA__cand_15,all6,optuna,generic_seed,trial_453,optuna_multi,7a74a72572fc5320,1,True,854.1437656504761,1,1.0441544981603725,0.0011894665366442578,0.0012889923018888974,11.270667260371315,0.0011704286599632944,8.2,1.0,2.781428564375744e-08,1.5062722325200061e-05,0.004901252354191016,4.841688855203897,6,0,4.096325046300647,989.1817733716576,1.0,0.0,0.4166666666666667,989.1817733716576,0.0,0.4166666666666667,23.47729607107369,0.0,0.0,989.5984400383243,453,"[""trace"", ""feature"", ""binary""]","[0.9343253742146319, 0.002845139939577468, 0.4166666666666667]",True,False,True,False,22,False,4.096325046300647,1.0
DH_4_MFA_BA,DH,MFA_BA,DH_4_MFA_BA__cand_19,all6,optuna,generic_seed,trial_350,optuna_multi,7a74a72572fc5320,1,True,859.2531294300176,1,23.872120514380722,0.0011400863701127321,0.10386397258952978,76.75161631734991,0.03373080268383927,8.2,1.0,9.222492453004649e-08,1.578232781079556e-06,6.38765462434857e-06,4.841688855203897,6,0,4.100358698672088,986.089470066242,1.0,0.0,0.4166666666666667,986.089470066242,0.0,0.4166666666666667,542.022937758021,0.0,0.0,986.5061367329087,350,"[""trace"", ""feature"", ""binary""]","[0.945345105448031, 0.002161419638917139, 0.4166666666666667]",True,False,True,False,23,False,4.100358698672088,1.0
DH_4_MFA_BA,DH,MFA_BA,DH_4_MFA_BA__cand_32,all6,optuna,generic_seed,trial_331,optuna_multi,7a74a72572fc5320,1,True,908.8148788968996,1,37.05649890541619,0.0011400863701127321,0.10962016879209524,27.985508832905374,0.0020662856292529706,8.2,1.0,2.781428564375744e-08,5.971435064832841e-06,1.728793069825635e-05,4.841688855203897,6,0,4.128276633716055,1001.0560593449637,1.0,0.0,0.4166666666666667,1001.0560593449637,0.0,0.4166666666666667,81.11364439483775,0.0,0.0,1001.4727260116304,331,"[""trace"", ""feature"", ""binary""]","[0.9738927275992442, 9.152956225277897e-06, 0.4166666666666667]",True,False,True,False,24,False,4.128276633716055,1.0
DH_4_MFA_BA,DH,MFA_BA,DH_4_MFA_BA__cand_21,all6,optuna,generic_seed,trial_461,optuna_multi,7a74a72572fc5320,1,True,877.8432389436435,1,2.7426860907857566,0.0011400863701127321,0.07863970223142656,122.86534765112995,0.7158714383119805,8.2,1.0,2.781428564375744e-08,1.578232781079556e-06,4.93135237149876e-07,0.08188460638515553,6,0,4.187491884916903,1026.6700334359502,1.0,0.0,0.4166666666666667,1026.6700334359502,0.0,0.4166666666666667,1383.319935928203,0.0,0.0,1027.086700102617,461,"[""trace"", ""feature"", ""binary""]","[0.9522498683566994, 0.0021310221447246036, 0.4166666666666667]",True,False,True,False,25,False,4.187491884916903,1.0
DH_4_MFA_BA,DH,MFA_BA,DH_4_MFA_BA__cand_31,all6,optuna,generic_seed,trial_494,optuna_multi,7a74a72572fc5320,1,True,898.7270955273563,1,354.9804671237963,0.0011400863701127321,1.1586756046939324,44.60235110588261,0.03373080268383927,8.2,1.0,3.841303420847977e-05,1.5062722325200061e-05,0.0001598151780713486,0.08188460638515553,6,0,4.3249906488980026,1056.2375160761783,1.0,0.0,0.4166666666666667,1056.2375160761783,0.0,0.4166666666666667,183.93735764974997,0.0,0.0,1056.654182742845,494,"[""trace"", ""feature"", ""binary""]","[0.9789208660608738, 0.0, 0.4166666666666667]",True,False,True,False,26,False,4.3249906488980026,1.0
DH_4_MFA_BA,DH,MFA_BA,DH_4_MFA_BA__cand_29,all6,optuna,generic_seed,trial_416,optuna_multi,7a74a72572fc5320,1,True,894.1298193386232,1,354.9804671237963,0.0011400863701127321,1.1586756046939324,108.91370005839923,0.03373080268383927,8.2,1.0,3.841303420847977e-05,1.5062722325200061e-05,0.0001598151780713486,0.08188460638515553,6,0,4.365169465440908,1095.7622160041108,1.0,0.0,0.4166666666666667,1095.7622160041108,0.0,0.4166666666666667,1079.1282482549789,0.0,0.0,1096.1788826707775,416,"[""trace"", ""feature"", ""binary""]","[0.9564999836632673, 0.0012476819663080896, 0.4166666666666667]",True,False,True,False,27,False,4.365169465440908,1.0
DH_4_MFA_BA,DH,MFA_BA,DH_4_MFA_BA__cand_02,all6,optuna,generic_seed,trial_473,optuna_multi,7a74a72572fc5320,1,True,824.9944190652334,1,21.080099105067035,0.0011400863701127321,0.054053269521845304,76.75161631734991,0.03373080268383927,8.2,1.0,9.222492453004649e-08,1.4151235919053704e-06,3.9576032587089944e-08,3.203933130925507,6,0,4.085303562096033,978.9152619473176,0.9999946596710235,5.340328976493375e-06,0.75,978.9152619473176,5.340328976493375e-06,0.75,547.2833256664143,0.0,0.0,979.6652672876465,473,"[""trace"", ""feature"", ""binary""]","[0.9206959288949439, 0.004336704660909074, 0.75]",True,False,True,False,28,False,4.085303562096033,0.9999946596710235
DH_4_MFA_BA,DH,MFA_BA,DH_4_MFA_BA__cand_18,all6,optuna,generic_seed,trial_480,optuna_multi,7a74a72572fc5320,1,True,858.4753733310844,1,16.775755113607403,0.0011400863701127321,0.07863970223142656,77.83765579242564,0.0016622321161456782,8.2,1.0,3.147806683575305e-07,5.971435064832841e-06,0.0002850183875843364,0.08188460638515553,6,0,4.103701400337022,985.7106608557953,0.9999745368496585,2.5463150341427838e-05,0.75,985.7106608557953,2.5463150341427838e-05,0.75,555.8337758438062,0.0,0.0,986.4606863189456,480,"[""trace"", ""feature"", ""binary""]","[0.9449152869730925, 0.002113355999755484, 0.75]",True,False,True,False,29,False,4.103701400337022,0.9999745368496585
DH_4_MFA_BA,DH,MFA_BA,DH_4_MFA_BA__cand_30,all6,optuna,generic_seed,trial_446,optuna_multi,7a74a72572fc5320,1,True,896.0728731350202,1,37.05649890541619,0.0011400863701127321,0.053167257185470385,46.64734825734933,0.0011704286599632944,8.2,1.0,9.222492453004649e-08,5.971435064832841e-06,6.472669269538615e-08,4.841688855203897,6,0,4.106003504927801,988.5271714977058,0.99994285495158,5.714504841997886e-05,0.75,988.5271714977058,5.714504841997886e-05,0.75,210.4602988984877,0.0,0.0,989.2772286427543,446,"[""trace"", ""feature"", ""binary""]","[0.9683368815788237, 0.000480231985131252, 0.75]",True,False,True,False,30,False,4.106003504927801,0.99994285495158
DH_4_MFA_BA,DH,MFA_BA,DH_4_MFA_BA__cand_06,all6,optuna,generic_seed,trial_254,optuna_multi,7a74a72572fc5320,1,True,837.9984931953985,1,38.202709281755745,0.0011400863701127321,0.0012889923018888974,12.263854792330786,0.00451268783116729,8.2,1.0,5.660670699258882e-07,1.5062722325200061e-05,0.0002850183875843364,0.08188460638515553,6,0,4.0799138148586716,975.2592990904064,0.999908733629432,9.126637056800477e-05,0.75,975.2592990904064,9.126637056800477e-05,0.75,19.538117262778687,0.0,0.0,976.009390356777,254,"[""trace"", ""feature"", ""binary""]","[0.9314215300790791, 0.0032097473493691853, 0.75]",True,False,True,False,31,False,4.0799138148586716,0.999908733629432
DH_4_MFA_BA,DH,MFA_BA,DH_4_MFA_BA__cand_04,all6,optuna,generic_seed,trial_436,optuna_multi,7a74a72572fc5320,1,True,835.6060539671766,1,354.9804671237963,0.0011400863701127321,0.0017422258574545319,12.263854792330786,0.048543790132012446,8.2,1.0,5.397124303749564e-07,5.971435064832841e-06,0.0002850183875843364,0.08188460638515553,6,0,4.069454569058079,971.5787426828043,0.99979588490335,0.0002041150966498489,0.75,971.5787426828043,0.0002041150966498489,0.75,19.80297973103444,0.0,0.0,972.3289467979009,436,"[""trace"", ""feature"", ""binary""]","[0.9293203761480258, 0.003587516673674407, 0.75]",True,False,True,False,32,False,4.069454569058079,0.99979588490335
DH_5_MFA,DH,MFA,DH_5_MFA__cand_01,all6,optuna,generic_seed,trial_484,optuna_multi,7a74a72572fc5320,1,True,1292.9357353359774,1,35.19818734234284,0.003470360595544151,0.0003125457636899049,56.19189219397068,3.2191463496769184,8.2,1.0,9.222492453004649e-08,1.5062722325200061e-05,0.08197398651495003,0.1310967996160585,6,0,5.526079646847428,1581.801870357652,1.0,0.0,0.4166666666666667,1581.801870357652,0.0,0.4166666666666667,293.2733134361965,0.0,0.0,1582.2185370243187,484,"[""trace"", ""feature"", ""binary""]","[1.221833190512627, 0.005782758953614242, 0.4166666666666667]",True,False,True,False,1,False,5.602524398010662,0.9999638427792567
DH_5_MFA,DH,MFA,DH_5_MFA__cand_14,all6,optuna,generic_seed,trial_456,optuna_multi,7a74a72572fc5320,1,True,1464.434008987722,1,2.353845387158846,0.007058572590901788,7.55243163680398e-05,83.15310787671011,6.93653811275806,8.2,1.0,2.6738182964551793e-08,1.0609405001897937e-06,0.0006970539360171087,0.2644311088245752,6,0,5.532309268335976,1583.8800459971292,1.0,0.0,0.4166666666666667,1583.8800459971292,0.0,0.4166666666666667,636.8436321021964,0.0,0.0,1584.296712663796,456,"[""trace"", ""feature"", ""binary""]","[1.3150978932773307, 0.0, 0.4166666666666667]",True,False,True,False,2,False,5.532309268335976,1.0
DH_5_MFA,DH,MFA,DH_5_MFA__cand_12,all6,optuna,generic_seed,trial_489,optuna_multi,7a74a72572fc5320,1,True,1425.3001732176988,1,3.4575756830058175,0.007058572590901788,0.00013734430818575574,1.3795577424944472,15.635362728779524,8.2,1.0,2.6738182964551793e-08,1.9606620200097793e-05,5.349594518450895e-05,0.14919356084484955,6,0,5.5337277696898175,1583.1210754130707,1.0,0.0,0.4166666666666667,1583.1210754130707,0.0,0.4166666666666667,11.672980563729778,0.0,0.0,1583.5377420797374,489,"[""trace"", ""feature"", ""binary""]","[1.294585358355942, 0.0007743544246872069, 0.4166666666666667]",True,False,True,False,3,False,5.5337277696898175,1.0
DH_5_MFA,DH,MFA,DH_5_MFA__cand_13,all6,optuna,generic_seed,trial_446,optuna_multi,7a74a72572fc5320,1,True,1433.3550034286598,1,6.8872719026422615,0.0062036438354928424,0.0003125457636899049,134.70814341610705,15.635362728779524,8.2,1.0,4.8867593032889744e-08,1.5062722325200061e-05,0.0016522521257274828,1.581803085908141,6,0,5.5423364541725535,1583.7702063627148,1.0,0.0,0.4166666666666667,1583.7702063627148,0.0,0.4166666666666667,1654.190738613937,0.0,0.0,1584.1868730293816,446,"[""trace"", ""feature"", ""binary""]","[1.3007902292929812, 0.000576102293859182, 0.4166666666666667]",True,False,True,False,4,False,5.5423364541725535,1.0
DH_5_MFA,DH,MFA,DH_5_MFA__cand_03,all6,optuna,generic_seed,trial_361,optuna_multi,7a74a72572fc5320,1,True,1312.7909673170311,1,1.0263506230462527,0.030608522106722488,0.0003125457636899049,119.98741280597841,0.006902016789943231,8.2,1.0,2.6738182964551793e-08,9.275294835907672e-08,0.0010050124895976764,3.6180889343566944,6,0,5.541539195643327,1588.1912320287192,0.9999212460599773,7.875394002262872e-05,0.4166666666666667,1588.1912320287192,7.875394002262872e-05,0.4166666666666667,1315.9039065867833,0.0,0.0,1588.607977449326,361,"[""trace"", ""feature"", ""binary""]","[1.2332976159992681, 0.0047331499635792085, 0.9166666666666666]",True,False,True,False,5,False,5.541539195643327,0.9999212460599773
DH_5_MFA,DH,MFA,DH_5_MFA__cand_02,all6,optuna,generic_seed,trial_454,optuna_multi,7a74a72572fc5320,1,True,1312.30681140053,1,1.0263506230462527,0.030608522106722488,0.0003125457636899049,56.19189219397068,3.2191463496769184,8.2,1.0,2.6738182964551793e-08,9.275294835907672e-08,1.0888336764584933e-05,3.6180889343566944,6,0,5.541551656420208,1588.197887982343,0.9999211888823791,7.881111762089852e-05,0.4166666666666667,1588.197887982343,7.881111762089852e-05,0.4166666666666667,299.73642068145887,0.0,0.0,1588.6146334601274,454,"[""trace"", ""feature"", ""binary""]","[1.2333324654918447, 0.004732943401115519, 0.4166666666666667]",True,False,True,False,6,False,5.541551656420208,0.9999211888823791
DH_5_MFA,DH,MFA,DH_5_MFA__cand_04,all6,optuna,generic_seed,trial_350,optuna_multi,7a74a72572fc5320,1,True,1346.6602817264213,1,3.4575756830058175,0.007058572590901788,0.008975212977907144,83.15310787671011,0.03373080268383927,8.2,1.0,9.222492453004649e-08,1.543743400929221e-08,0.0006970539360171087,0.09110330753611932,6,0,5.559932862371507,1594.829328273592,0.9998742213324436,0.00012577866755639872,0.4166666666666667,1594.829328273592,0.00012577866755639872,0.4166666666666667,634.5549105731908,0.0,0.0,1595.2461207189262,350,"[""trace"", ""feature"", ""binary""]","[1.252275589051841, 0.003674613306129282, 0.4166666666666667]",True,False,True,False,7,False,5.559932862371507,0.9998742213324436
DH_5_MFA,DH,MFA,DH_5_MFA__cand_09,all6,optuna,generic_seed,trial_473,optuna_multi,7a74a72572fc5320,1,True,1397.3282261615818,1,3.4575756830058175,0.007058572590901788,0.008975212977907144,59.59309358405509,15.635362728779524,8.2,1.0,9.222492453004649e-08,1.543743400929221e-08,0.0006970539360171087,0.09110330753611932,6,0,5.559933054629678,1594.8294383703696,0.9998742210309408,0.00012577896905913418,0.4166666666666667,1594.8294383703696,0.00012577896905913418,0.4166666666666667,332.6614288016494,0.0,0.0,1595.2462308160054,473,"[""trace"", ""feature"", ""binary""]","[1.2796299822683341, 0.00175493814061356, 0.4166666666666667]",True,False,True,False,8,False,5.559933054629678,0.9998742210309408
DH_5_MFA,DH,MFA,DH_5_MFA__cand_07,all6,optuna,generic_seed,trial_478,optuna_multi,7a74a72572fc5320,1,True,1355.2734543521663,1,19.635135337385357,0.004316517111160397,0.23017354065574308,48.80995472389016,0.00886014295175505,8.2,1.0,2.6738182964551793e-08,1.0944885422058866e-07,1.0888336764584933e-05,1.2635598601775555,6,0,5.570528477329766,1601.8067972204365,0.9998670432998944,0.00013295670010555707,0.9166666666666666,1601.8067972204365,0.00013295670010555707,0.9166666666666666,226.34882194853847,0.0,0.0,1602.7235968438033,478,"[""trace"", ""feature"", ""binary""]","[1.255511995269293, 0.0036490795149530797, 0.9166666666666666]",True,False,True,False,9,False,5.570528477329766,0.9998670432998944
DH_5_MFA,DH,MFA,DH_5_MFA__cand_05,all6,optuna,generic_seed,trial_326,optuna_multi,7a74a72572fc5320,1,True,1353.146270472908,1,3.4575756830058175,0.007058572590901788,0.008975212977907144,83.15310787671011,0.03373080268383927,8.2,1.0,9.222492453004649e-08,1.9606620200097793e-05,3.957743793846691e-08,0.2644311088245752,6,0,5.574239536790401,1601.7955889565053,0.9998258411615146,0.00017415883848538791,0.4166666666666667,1601.7955889565053,0.00017415883848538791,0.4166666666666667,639.7314317907053,0.0,0.0,1602.2124297820105,326,"[""trace"", ""feature"", ""binary""]","[1.2556240152419917, 0.0035298863513545387, 0.4166666666666667]",True,False,True,False,10,False,5.574239536790401,0.9998258411615146
DH_5_MFA,DH,MFA,DH_5_MFA__cand_06,all6,optuna,generic_seed,trial_451,optuna_multi,7a74a72572fc5320,1,True,1353.5736998194513,1,3.4575756830058175,0.007058572590901788,0.008975212977907144,89.52642733753338,1.8773330457821398,8.2,1.0,9.222492453004649e-08,1.9606620200097793e-05,9.035085883460162e-05,0.3933244005343143,6,0,5.574405923851671,1601.9110427479288,0.9998246446165807,0.00017535538341932938,0.4166666666666667,1601.9110427479288,0.00017535538341932938,0.4166666666666667,731.6041170811288,0.0,0.0,1602.327884769979,451,"[""trace"", ""feature"", ""binary""]","[1.2559594475408111, 0.00352653011860371, 0.4166666666666667]",True,False,True,False,11,False,5.574405923851671,0.9998246446165807
DH_5_MFA,DH,MFA,DH_5_MFA__cand_10,all6,optuna,generic_seed,trial_444,optuna_multi,7a74a72572fc5320,1,True,1415.0032906725226,1,3.4575756830058175,0.007058572590901788,0.023875874361448276,59.59309358405509,15.635362728779524,8.2,1.0,9.222492453004649e-08,1.9606620200097793e-05,0.0006970539360171087,0.41299172660929345,6,0,5.593978410242883,1611.4890326247917,0.9997568696058213,0.00024313039417870174,0.4166666666666667,1611.4890326247917,0.00024313039417870174,0.4166666666666667,328.1818304041751,0.0,0.0,1611.9059424218526,444,"[""trace"", ""feature"", ""binary""]","[1.2900706640273432, 0.0014147311667982443, 0.4166666666666667]",True,False,True,False,12,False,5.593978410242883,0.9997568696058213
DH_5_MFA,DH,MFA,DH_5_MFA__cand_08,all6,optuna,generic_seed,trial_377,optuna_multi,7a74a72572fc5320,1,True,1359.5321071442847,1,2.353845387158846,0.007058572590901788,0.008975212977907144,48.80995472389016,6.93653811275806,8.2,1.0,9.222492453004649e-08,1.9606620200097793e-05,0.01772972410538546,0.2644311088245752,6,0,5.596700259637448,1613.4635021550855,0.9997235331207351,0.00027646687926487684,0.4166666666666667,1613.4635021550855,0.00027646687926487684,0.4166666666666667,222.16558959668052,0.0,0.0,1613.8804452886316,377,"[""trace"", ""feature"", ""binary""]","[1.2569373875113292, 0.0032333389001789614, 0.4166666666666667]",True,False,True,False,13,False,5.596700259637448,0.9997235331207351
DH_5_MFA,DH,MFA,DH_5_MFA__cand_11,all6,optuna,generic_seed,trial_270,optuna_multi,7a74a72572fc5320,1,True,1424.3375803166039,1,2.353845387158846,0.007058572590901788,0.023875874361448276,59.59309358405509,15.635362728779524,8.2,1.0,9.222492453004649e-08,1.9606620200097793e-05,0.0006970539360171087,0.41299172660929345,6,0,5.625616225900761,1627.6367628542182,0.9996181485661723,0.0003818514338277189,0.4166666666666667,1627.6367628542182,0.0003818514338277189,0.4166666666666667,328.3463261134222,0.0,0.0,1628.0538113723187,270,"[""trace"", ""feature"", ""binary""]","[1.2922684507310542, 0.0010210373662978833, 0.4166666666666667]",True,False,True,False,14,False,5.625616225900761,0.9996181485661723
DH_5_MFA_BA,DH,MFA_BA,DH_5_MFA_BA__cand_09,all6,optuna,generic_seed,trial_326,optuna_multi,7a74a72572fc5320,1,True,740.2942803379282,1,140.8537204527697,0.0011400863701127321,0.7209204192030191,92.25108400487547,3.8262249017093724,8.2,1.0,3.1729073372306313e-07,1.0398159624859374e-07,3.957743793846691e-08,2.667823311143773,6,0,3.2810922115713814,735.6001344293695,1.0,0.0,0.5833333333333334,735.6001344293695,0.0,0.5833333333333334,788.7829344884126,0.0,0.0,736.1834677627029,326,"[""trace"", ""feature"", ""binary""]","[0.8223230803061882, 0.0, 0.5833333333333334]",True,True,True,True,1,True,3.28290749451536,1.0
DH_5_MFA_BA,DH,MFA_BA,DH_5_MFA_BA__cand_08,all6,optuna,generic_seed,trial_462,optuna_multi,7a74a72572fc5320,1,True,737.8196509259833,1,39.7357371232687,0.0011400863701127321,0.7209204192030191,6.9675619079996585,0.7158714383119805,8.2,1.0,5.660670699258882e-07,1.578232781079556e-06,0.0010050124895976764,3.203933130925507,6,0,3.3323532787532812,762.7394180847641,1.0,0.0,0.5833333333333334,762.7394180847641,0.0,0.5833333333333334,12.031997821881534,0.0,0.0,763.3227514180975,462,"[""trace"", ""feature"", ""binary""]","[0.8198799614348289, 0.0003218905456371379, 0.5833333333333334]",True,True,True,True,2,True,3.3323532787532812,1.0
DH_5_MFA_BA,DH,MFA_BA,DH_5_MFA_BA__cand_07,all6,optuna,generic_seed,trial_449,optuna_multi,7a74a72572fc5320,1,True,734.5780191484549,1,3.0602868577685762,0.0011400863701127321,0.0038540976762008188,41.53164722208056,0.7158714383119805,8.2,1.0,3.0297198614905395e-08,1.5385046399532137e-08,4.6943960527706385e-05,3.203933130925507,6,0,3.2974781064362233,742.1871510377377,0.9999992037831801,7.96216819968062e-07,0.9166666666666666,742.1871510377377,7.96216819968062e-07,0.9166666666666666,171.05911612526322,0.0,0.0,743.1038185006212,449,"[""trace"", ""feature"", ""binary""]","[0.8194619962864804, 8.361091042852209e-07, 0.9166666666666666]",True,True,True,True,3,True,3.2974781064362233,0.9999992037831801
DH_5_MFA_BA,DH,MFA_BA,DH_5_MFA_BA__cand_06,all6,optuna,generic_seed,trial_479,optuna_multi,7a74a72572fc5320,1,True,722.1848335450155,1,19.635135337385357,0.0011400863701127321,0.003980305062326634,6.9675619079996585,0.7158714383119805,8.2,1.0,3.0297198614905395e-08,6.404541758159508e-08,0.00879770835474936,0.06574930931112102,6,0,3.27394258417813,731.2534368732449,0.9999966950644121,3.3049355878455616e-06,0.9166666666666666,731.2534368732449,3.3049355878455616e-06,0.9166666666666666,19.928357024736993,0.0,0.0,732.1701068448472,479,"[""trace"", ""feature"", ""binary""]","[0.8136908548997085, 3.4648207279941445e-06, 0.9166666666666666]",True,True,True,True,4,True,3.27394258417813,0.9999966950644121
DH_5_MFA_BA,DH,MFA_BA,DH_5_MFA_BA__cand_05,all6,optuna,generic_seed,trial_371,optuna_multi,7a74a72572fc5320,1,True,722.0075088384629,1,35.19818734234284,0.0011400863701127321,0.003980305062326634,6.9675619079996585,0.7158714383119805,8.2,1.0,3.0297198614905395e-08,6.404541758159508e-08,4.6943960527706385e-05,3.203933130925507,6,0,3.273249716931277,730.9423158563671,0.9999966832905424,3.3167094575977294e-06,0.9166666666666666,730.9423158563671,3.3167094575977294e-06,0.9166666666666666,17.518771479426007,0.0,0.0,731.8589858397432,371,"[""trace"", ""feature"", ""binary""]","[0.8135284706327583, 3.477938869456132e-06, 0.9166666666666666]",True,True,True,True,5,True,3.273249716931277,0.9999966832905424
DH_5_MFA_BA,DH,MFA_BA,DH_5_MFA_BA__cand_04,all6,optuna,generic_seed,trial_497,optuna_multi,7a74a72572fc5320,1,True,721.2388588929194,1,35.19818734234284,0.0011400863701127321,2.5146819912481963e-05,6.9675619079996585,0.0020662856292529706,8.2,1.0,5.660670699258882e-07,6.404541758159508e-08,4.6943960527706385e-05,3.203933130925507,6,0,3.2743144370886887,731.1750926565455,0.9999847982070831,1.5201792916876737e-05,0.9166666666666666,731.1750926565455,1.5201792916876737e-05,0.9166666666666666,16.786514186253367,0.0,0.0,732.0917745250051,497,"[""trace"", ""feature"", ""binary""]","[0.8133340380480188, 1.517575895793044e-05, 0.9166666666666666]",True,True,True,True,6,True,3.2743144370886887,0.9999847982070831
DH_5_MFA_BA,DH,MFA_BA,DH_5_MFA_BA__cand_02,all6,optuna,generic_seed,trial_364,optuna_multi,7a74a72572fc5320,1,True,719.1330037807121,1,39.7357371232687,0.0011400863701127321,2.5146819912481963e-05,41.53164722208056,0.013888611552522905,8.2,1.0,3.1729073372306313e-07,3.95046625649308e-08,4.6943960527706385e-05,3.203933130925507,6,0,3.2736017183780786,730.9780441360869,0.9999831726069175,1.6827393082508024e-05,0.9166666666666666,730.9780441360869,1.6827393082508024e-05,0.9166666666666666,168.4716518161035,0.0,0.0,731.8947276301466,364,"[""trace"", ""feature"", ""binary""]","[0.8122676312084631, 0.0005408350960564023, 0.9166666666666666]",True,True,True,True,7,True,3.2736017183780786,0.9999831726069175
DH_5_MFA_BA,DH,MFA_BA,DH_5_MFA_BA__cand_01,all6,optuna,generic_seed,trial_473,optuna_multi,7a74a72572fc5320,1,True,717.6021487600689,1,19.635135337385357,0.0011400863701127321,2.5146819912481963e-05,74.06933945465862,0.7158714383119805,8.2,1.0,5.660670699258882e-07,1.0398159624859374e-07,3.957743793846691e-08,0.3933244005343143,6,0,3.2762115010213653,731.8333050155469,0.9998598274206182,0.00014017257938175613,0.9166666666666666,731.8333050155469,0.00014017257938175613,0.9166666666666666,514.4713171802264,0.0,0.0,732.7501118547929,473,"[""trace"", ""feature"", ""binary""]","[0.8118715089448285, 0.0005704452947669081, 0.9166666666666666]",True,True,True,True,8,True,3.2762115010213653,0.9998598274206182
DH_5_MFA_BA,DH,MFA_BA,DH_5_MFA_BA__cand_03,all6,optuna,generic_seed,trial_469,optuna_multi,7a74a72572fc5320,1,True,720.7335802462518,1,488.5179382850732,0.0011400863701127321,2.5146819912481963e-05,2.75860148212001,0.7158714383119805,8.2,1.0,3.0297198614905395e-08,4.742798105838863e-06,8.056590420785327e-07,3.203933130925507,6,0,3.2728489299851433,731.0145426635926,0.9996557332426234,0.0003442667573766909,0.9166666666666666,731.0145426635926,0.0003442667573766909,0.9166666666666666,16.774562671399778,0.0,0.0,731.9315535970165,469,"[""trace"", ""feature"", ""binary""]","[0.8128335417013473, 0.00035334416984067474, 0.9166666666666666]",True,True,True,True,9,True,3.2728489299851433,0.9996557332426234
DH_6_MFA,DH,MFA,DH_6_MFA__cand_01,all6,optuna,generic_seed,trial_417,optuna_multi,7a74a72572fc5320,1,True,589.353334712857,1,2.353845387158846,0.006487477066058677,0.0018063172511389187,46.429142442949164,3.2191463496769184,8.2,1.0,1.9720874302402908e-07,9.777324906074084e-05,0.0006970539360171087,0.2771211327854311,6,0,2.8093079379544683,613.2564840846957,0.9933658351348167,0.0066341648651833465,0.0,613.2564840846957,0.0066341648651833465,0.0,200.08519924509056,0.0,0.0,613.2631182495609,417,"[""trace"", ""feature"", ""binary""]","[0.6899522481267847, 0.007130819982183456, 0.0]",True,True,True,True,1,True,2.8537420590174674,0.9951038223468188
DH_6_MFA,DH,MFA,DH_6_MFA__cand_03,all6,optuna,generic_seed,trial_454,optuna_multi,7a74a72572fc5320,1,True,592.5520710467874,1,2.353845387158846,0.0062036438354928424,0.0003125457636899049,83.15310787671011,3.2191463496769184,8.2,1.0,3.1729073372306313e-07,3.1764108521098706e-05,0.0016522521257274828,0.41408280282193305,6,0,2.8381337895727974,614.0612466246249,0.9912778411891972,0.008722158810802913,0.0,614.0612466246249,0.008722158810802913,0.0,631.5016907287869,0.0,0.0,614.0699687834357,454,"[""trace"", ""feature"", ""binary""]","[0.6993381305762778, 0.0, 0.0]",True,True,True,True,2,True,2.8381337895727974,0.9912778411891972
DH_6_MFA,DH,MFA,DH_6_MFA__cand_02,all6,optuna,generic_seed,trial_360,optuna_multi,7a74a72572fc5320,1,True,591.8700536335926,1,2.353845387158846,0.0062036438354928424,0.0018063172511389187,46.429142442949164,6.668042930827933,8.2,1.0,3.1729073372306313e-07,3.1764108521098706e-05,0.0016522521257274828,1.581803085908141,6,0,2.8405290785466732,614.7096147429979,0.9882401176664116,0.011759882333588274,0.0,614.7096147429979,0.011759882333588274,0.0,200.3481854048403,0.0,0.0,614.7213746253315,360,"[""trace"", ""feature"", ""binary""]","[0.6990331879665418, 0.0012313749015646636, 0.0]",True,True,True,True,3,True,2.8405290785466732,0.9882401176664116
DH_6_MFA_BA,DH,MFA_BA,DH_6_MFA_BA__cand_16,all6,optuna,generic_seed,trial_366,optuna_multi,7a74a72572fc5320,1,True,582.5793428104541,1,39.7357371232687,0.0014539199187561544,1.9295761588097387e-05,12.263854792330786,0.035058550455355136,8.2,1.0,1.9720874302402908e-07,5.461888811739218e-05,0.009769566124905356,0.7362015234254626,6,0,2.8107392102412336,581.1046766665353,1.0,0.0,0.6666666666666666,581.1046766665353,0.0,0.6666666666666666,23.777012224845397,0.0,0.0,581.7713433332019,366,"[""trace"", ""feature"", ""binary""]","[0.7030714674984179, 0.0, 0.6666666666666666]",True,True,True,True,1,True,2.8141741495986703,1.0
DH_6_MFA_BA,DH,MFA_BA,DH_6_MFA_BA__cand_26,all6,optuna,generic_seed,trial_346,optuna_multi,7a74a72572fc5320,1,True,617.9646497146089,1,3.244920220863427,0.0009342699405616653,0.008975212977907144,61.55743845534446,0.003616777768459182,8.2,1.0,4.439648242927518e-08,1.543743400929221e-08,0.0002850183875843364,0.2644311088245752,6,0,2.912832322999068,618.6347276401143,0.9999999799135456,2.0086454404528405e-08,0.16666666666666666,618.6347276401143,2.0086454404528405e-08,0.16666666666666666,357.632461200049,0.0,0.0,618.8013943268674,346,"[""trace"", ""feature"", ""binary""]","[0.7291910834280227, 1.8067785489961352e-08, 0.16666666666666666]",True,True,True,True,2,True,2.912832322999068,0.9999999799135456
DH_6_MFA_BA,DH,MFA_BA,DH_6_MFA_BA__cand_25,all6,optuna,generic_seed,trial_467,optuna_multi,7a74a72572fc5320,1,True,609.1114842607014,1,1.2865477129165275,0.0014539199187561544,0.0018063172511389187,17.03363882994435,0.003616777768459182,8.2,1.0,1.9720874302402908e-07,1.543743400929221e-08,0.0002850183875843364,6.452619509648199,6,0,2.8801204518802788,606.661026299219,0.999999804197604,1.9580239601119892e-07,0.16666666666666666,606.661026299219,1.9580239601119892e-07,0.16666666666666666,39.08044385533291,0.0,0.0,606.827693161688,467,"[""trace"", ""feature"", ""binary""]","[0.7213982514640715, 1.966706487666059e-07, 0.16666666666666666]",True,True,True,True,3,True,2.8801204518802788,0.999999804197604
DH_6_MFA_BA,DH,MFA_BA,DH_6_MFA_BA__cand_23,all6,optuna,generic_seed,trial_408,optuna_multi,7a74a72572fc5320,1,True,589.1998261297624,1,19.635135337385357,0.0014539199187561544,0.10386397258952978,26.006039294213224,0.011595696872206107,8.2,1.0,1.9720874302402908e-07,5.461888811739218e-05,0.0398444583530957,0.11938521136056994,6,0,2.8218535066609847,588.2328513681755,0.9999997131171247,2.8688287538140383e-07,0.16666666666666666,588.2328513681755,2.8688287538140383e-07,0.16666666666666666,70.12966749888375,0.0,0.0,588.3995183217249,408,"[""trace"", ""feature"", ""binary""]","[0.7060050713667052, 2.5547080007015666e-07, 0.16666666666666666]",True,True,True,True,4,True,2.8218535066609847,0.9999997131171247
DH_6_MFA_BA,DH,MFA_BA,DH_6_MFA_BA__cand_24,all6,optuna,generic_seed,trial_477,optuna_multi,7a74a72572fc5320,1,True,589.2983811936623,1,19.635135337385357,0.0014539199187561544,0.10386397258952978,26.006039294213224,0.011595696872206107,8.2,1.0,1.9720874302402908e-07,5.461888811739218e-05,0.0398444583530957,0.11938521136056994,6,0,2.8218535066609847,588.2328513681755,0.9999997131171247,2.8688287538140383e-07,0.16666666666666666,588.2328513681755,2.8688287538140383e-07,0.16666666666666666,70.12923364912574,0.0,0.0,588.3995183217249,477,"[""trace"", ""feature"", ""binary""]","[0.705884995034507, 2.607300602086582e-07, 0.16666666666666666]",True,True,True,True,5,True,2.8218535066609847,0.9999997131171247
DH_6_MFA_BA,DH,MFA_BA,DH_6_MFA_BA__cand_22,all6,optuna,generic_seed,trial_432,optuna_multi,7a74a72572fc5320,1,True,588.6549667029553,1,19.635135337385357,0.0014539199187561544,0.10386397258952978,26.006039294213224,0.011595696872206107,8.2,1.0,1.9720874302402908e-07,5.461888811739218e-05,0.0398444583530957,0.06574930931112102,6,0,2.8206804592572152,587.6171630047925,0.9999997058953903,2.94104609787653e-07,0.16666666666666666,587.6171630047925,2.94104609787653e-07,0.16666666666666666,70.49256332664895,0.0,0.0,587.7838299655638,432,"[""trace"", ""feature"", ""binary""]","[0.7055684782570988, 2.634836947512653e-07, 0.16666666666666666]",True,True,True,True,6,True,2.8206804592572152,0.9999997058953903
DH_6_MFA_BA,DH,MFA_BA,DH_6_MFA_BA__cand_21,all6,optuna,generic_seed,trial_317,optuna_multi,7a74a72572fc5320,1,True,586.6430648481428,1,35.19818734234284,0.0014539199187561544,0.054053269521845304,56.19189219397068,38.50345044335317,8.2,1.0,1.1437258028094231e-07,1.543743400929221e-08,0.05435103757866309,0.11168078352407658,6,0,2.8154953086645285,584.6537799935331,0.9999993209967993,6.790032006706713e-07,0.16666666666666666,584.6537799935331,6.790032006706713e-07,0.16666666666666666,305.30510026349555,0.0,0.0,584.8204473392029,317,"[""trace"", ""feature"", ""binary""]","[0.7046085218586925, 6.145782313060622e-07, 0.16666666666666666]",True,True,True,True,7,True,2.8154953086645285,0.9999993209967993
DH_6_MFA_BA,DH,MFA_BA,DH_6_MFA_BA__cand_20,all6,optuna,generic_seed,trial_403,optuna_multi,7a74a72572fc5320,1,True,584.7049881014502,1,19.635135337385357,0.0014539199187561544,0.008975212977907144,48.80995472389016,38.50345044335317,8.2,1.0,4.439648242927518e-08,1.543743400929221e-08,3.9576032587089944e-08,0.11168078352407658,6,0,2.814462605804879,583.9868919055594,0.9999990354382357,9.645617644710433e-07,0.16666666666666666,583.9868919055594,9.645617644710433e-07,0.16666666666666666,239.86376149305607,0.0,0.0,584.1535595367878,403,"[""trace"", ""feature"", ""binary""]","[0.7039967796939505, 9.553308202292499e-07, 0.16666666666666666]",True,True,True,True,8,True,2.814462605804879,0.9999990354382357
DH_6_MFA_BA,DH,MFA_BA,DH_6_MFA_BA__cand_19,all6,optuna,generic_seed,trial_258,optuna_multi,7a74a72572fc5320,1,True,584.4478684067,1,61.2434142840243,0.0014539199187561544,0.008975212977907144,48.80995472389016,38.50345044335317,8.2,1.0,4.439648242927518e-08,1.543743400929221e-08,0.05435103757866309,0.11168078352407658,6,0,2.814350657816371,583.9046914795206,0.999999030960609,9.690393909522754e-07,0.16666666666666666,583.9046914795206,9.690393909522754e-07,0.16666666666666666,236.35475242730482,0.0,0.0,584.0713591152266,258,"[""trace"", ""feature"", ""binary""]","[0.7037179445799043, 9.567347619698907e-07, 0.16666666666666666]",True,True,True,True,9,True,2.814350657816371,0.999999030960609
DH_6_MFA_BA,DH,MFA_BA,DH_6_MFA_BA__cand_13,all6,optuna,generic_seed,trial_472,optuna_multi,7a74a72572fc5320,1,True,582.0303290031537,1,19.635135337385357,0.0014539199187561544,0.0018063172511389187,17.03363882994435,0.035058550455355136,8.2,1.0,1.9720874302402908e-07,1.1640589436768768e-08,0.00017507431716231505,3.203933130925507,6,0,2.8135028083539466,583.4666790470493,0.9999985653967588,1.434603241196306e-06,0.16666666666666666,583.4666790470493,1.434603241196306e-06,0.16666666666666666,37.912956936288545,0.0,0.0,583.6333471483192,472,"[""trace"", ""feature"", ""binary""]","[0.703138951443702, 1.4337113835027893e-06, 0.16666666666666666]",True,True,True,True,10,True,2.8135028083539466,0.9999985653967588
DH_6_MFA_BA,DH,MFA_BA,DH_6_MFA_BA__cand_14,all6,optuna,generic_seed,trial_221,optuna_multi,7a74a72572fc5320,1,True,582.1493328909703,1,121.99668017864578,0.0014539199187561544,1.9295761588097387e-05,17.03363882994435,0.0020533546486293077,8.2,1.0,1.9720874302402908e-07,9.497440085397401e-08,0.00017507431716231505,0.34448148220181535,6,0,2.8142404003128814,583.7964609963288,0.9999958085453363,4.191454663560719e-06,0.16666666666666666,583.7964609963288,4.191454663560719e-06,0.16666666666666666,39.81715936157504,0.0,0.0,583.9631318544501,221,"[""trace"", ""feature"", ""binary""]","[0.7031064320635533, 4.159054987407096e-06, 0.16666666666666666]",True,True,True,True,11,True,2.8142404003128814,0.9999958085453363
DH_6_MFA_BA,DH,MFA_BA,DH_6_MFA_BA__cand_10,all6,optuna,generic_seed,trial_465,optuna_multi,7a74a72572fc5320,1,True,581.6472665919871,1,19.635135337385357,0.0014539199187561544,0.0018063172511389187,41.53164722208056,0.035058550455355136,8.2,1.0,1.9720874302402908e-07,1.1640589436768768e-08,3.9576032587089944e-08,3.203933130925507,6,0,2.813496406507271,583.4666975730344,0.9999945218504501,5.4781495498175335e-06,0.16666666666666666,583.4666975730344,5.4781495498175335e-06,0.16666666666666666,173.933044846741,0.0,0.0,583.6333697178505,465,"[""trace"", ""feature"", ""binary""]","[0.7028299374997191, 5.543200562230233e-06, 0.16666666666666666]",True,True,True,True,12,True,2.813496406507271,0.9999945218504501
DH_6_MFA_BA,DH,MFA_BA,DH_6_MFA_BA__cand_09,all6,optuna,generic_seed,trial_321,optuna_multi,7a74a72572fc5320,1,True,581.5843916297995,1,19.635135337385357,0.0014539199187561544,1.9295761588097387e-05,17.03363882994435,0.035058550455355136,8.2,1.0,1.9720874302402908e-07,9.497440085397401e-08,0.0001159093450784577,1.4250466975271663,6,0,2.8133677387236786,583.4013351658645,0.9999818325325638,1.8167467436298812e-05,0.16666666666666666,583.4013351658645,1.8167467436298812e-05,0.16666666666666666,38.427607080052866,0.0,0.0,583.5680199999986,321,"[""trace"", ""feature"", ""binary""]","[0.702799741952521, 1.820633024307572e-05, 0.16666666666666666]",True,True,True,True,13,True,2.8133677387236786,0.9999818325325638
DH_6_MFA_BA,DH,MFA_BA,DH_6_MFA_BA__cand_08,all6,optuna,generic_seed,trial_401,optuna_multi,7a74a72572fc5320,1,True,581.4910324786583,1,19.635135337385357,0.0014539199187561544,1.9295761588097387e-05,41.53164722208056,0.035058550455355136,8.2,1.0,1.9720874302402908e-07,9.497440085397401e-08,0.00017507431716231505,0.06574930931112102,6,0,2.8133546704294563,583.4101151168397,0.9999670383082147,3.2961691785328097e-05,0.16666666666666666,583.4101151168397,3.2961691785328097e-05,0.16666666666666666,169.1282653298467,0.0,0.0,583.5768147451981,401,"[""trace"", ""feature"", ""binary""]","[0.7027877240858652, 3.3213890485384034e-05, 0.16666666666666666]",True,True,True,True,14,True,2.8133546704294563,0.9999670383082147
DH_6_MFA_BA,DH,MFA_BA,DH_6_MFA_BA__cand_07,all6,optuna,generic_seed,trial_385,optuna_multi,7a74a72572fc5320,1,True,579.4749725060313,1,121.99668017864578,0.0014539199187561544,0.0018063172511389187,17.03363882994435,0.11203287434833595,8.2,1.0,6.798321056530878e-06,9.497440085397401e-08,0.00017507431716231505,0.9316378543599684,6,0,2.8106927801627712,581.9930495514517,0.9998983300519139,0.00010166994808612018,0.16666666666666666,581.9930495514517,0.00010166994808612018,0.16666666666666666,31.728817658504088,0.0,0.0,582.1598178880664,385,"[""trace"", ""feature"", ""binary""]","[0.7016068438590161, 0.00010156657170734551, 0.16666666666666666]",True,True,True,True,15,True,2.8106927801627712,0.9998983300519139
DH_6_MFA_BA,DH,MFA_BA,DH_6_MFA_BA__cand_17,all6,optuna,generic_seed,trial_229,optuna_multi,7a74a72572fc5320,1,True,583.5824285472286,1,19.635135337385357,0.0014539199187561544,0.0018063172511389187,17.03363882994435,0.035058550455355136,8.2,1.0,1.9720874302402908e-07,5.461888811739218e-05,0.00017507431716231505,0.11938521136056994,6,0,2.802536784826973,582.4954320938982,0.9943939147130504,0.00560608528694962,0.16666666666666666,582.4954320938982,0.00560608528694962,0.16666666666666666,32.30508180368988,0.0,0.0,582.6677048458517,229,"[""trace"", ""feature"", ""binary""]","[0.7010461346515999, 0.005613228949243321, 0.16666666666666666]",True,True,True,True,16,True,2.802536784826973,0.9943939147130504
DH_6_MFA_BA,DH,MFA_BA,DH_6_MFA_BA__cand_18,all6,optuna,generic_seed,trial_335,optuna_multi,7a74a72572fc5320,1,True,583.5824285472286,1,19.635135337385357,0.0014539199187561544,0.0018063172511389187,17.03363882994435,0.035058550455355136,8.2,1.0,1.9720874302402908e-07,5.461888811739218e-05,0.00017507431716231505,0.11938521136056994,6,0,2.802536784826973,582.4954320938982,0.9943939147130504,0.00560608528694962,0.16666666666666666,582.4954320938982,0.00560608528694962,0.16666666666666666,32.30508180368988,0.0,0.0,582.6677048458517,335,"[""trace"", ""feature"", ""binary""]","[0.7010461346515999, 0.005613228949243321, 0.16666666666666666]",True,True,True,True,17,True,2.802536784826973,0.9943939147130504
DH_6_MFA_BA,DH,MFA_BA,DH_6_MFA_BA__cand_15,all6,optuna,generic_seed,trial_451,optuna_multi,7a74a72572fc5320,1,True,582.3852638253545,1,19.635135337385357,0.0014539199187561544,0.0018063172511389187,89.52642733753338,0.035058550455355136,8.2,1.0,1.9720874302402908e-07,1.9606620200097793e-05,3.9576032587089944e-08,3.203933130925507,6,0,2.799042467363543,580.8839949128247,0.9916308081506058,0.008369191849394176,0.16666666666666666,580.8839949128247,0.008369191849394176,0.16666666666666666,737.6563145764835,0.0,0.0,581.0590307713408,451,"[""trace"", ""feature"", ""binary""]","[0.7004912992002952, 0.008329445540116498, 0.16666666666666666]",True,True,True,True,18,True,2.799042467363543,0.9916308081506058
DH_6_MFA_BA,DH,MFA_BA,DH_6_MFA_BA__cand_05,all6,optuna,generic_seed,trial_354,optuna_multi,7a74a72572fc5320,1,True,578.0106026426195,1,19.635135337385357,0.0014539199187561544,0.00025041091235264976,10.914450954629029,0.035058550455355136,8.2,1.0,1.9720874302402908e-07,1.9606620200097793e-05,3.9576032587089944e-08,3.203933130925507,6,0,2.798259483983593,580.5255381612841,0.9914718904165462,0.008528109583453767,0.16666666666666666,580.5255381612841,0.008528109583453767,0.16666666666666666,23.679484025217434,0.0,0.0,580.7007329375342,354,"[""trace"", ""feature"", ""binary""]","[0.6984163198780915, 0.008626565195720137, 0.16666666666666666]",True,True,True,True,19,True,2.798259483983593,0.9914718904165462
DH_6_MFA_BA,DH,MFA_BA,DH_6_MFA_BA__cand_11,all6,optuna,generic_seed,trial_331,optuna_multi,7a74a72572fc5320,1,True,581.6629995065585,1,19.635135337385357,0.0014539199187561544,1.9295761588097387e-05,10.914450954629029,0.0020662856292529706,8.2,1.0,1.9720874302402908e-07,1.9606620200097793e-05,3.9576032587089944e-08,3.203933130925507,6,0,2.798144837152081,580.4722411592032,0.9914495751824636,0.008550424817536444,0.16666666666666666,580.4722411592032,0.008550424817536444,0.16666666666666666,26.906619221407446,0.0,0.0,580.6474582506874,331,"[""trace"", ""feature"", ""binary""]","[0.7000747931845606, 0.008518893280751172, 0.16666666666666666]",True,True,True,True,20,True,2.798144837152081,0.9914495751824636
DH_6_MFA_BA,DH,MFA_BA,DH_6_MFA_BA__cand_12,all6,optuna,generic_seed,trial_454,optuna_multi,7a74a72572fc5320,1,True,581.9900683853268,1,19.635135337385357,0.0014539199187561544,1.9295761588097387e-05,41.53164722208056,38.50345044335317,8.2,1.0,1.9720874302402908e-07,1.9606620200097793e-05,3.9576032587089944e-08,3.203933130925507,6,0,2.798138302634275,580.4724956903366,0.9914438218597047,0.00855617814029518,0.16666666666666666,580.4724956903366,0.00855617814029518,0.16666666666666666,174.86394607446334,0.0,0.0,580.6477185351436,454,"[""trace"", ""feature"", ""binary""]","[0.7002727657717388, 0.00851653207398595, 0.16666666666666666]",True,True,True,True,21,True,2.798138302634275,0.9914438218597047
DH_6_MFA_BA,DH,MFA_BA,DH_6_MFA_BA__cand_06,all6,optuna,generic_seed,trial_417,optuna_multi,7a74a72572fc5320,1,True,578.6759702068069,1,121.99668017864578,0.0014539199187561544,0.008975212977907144,17.03363882994435,0.035058550455355136,8.2,1.0,1.9720874302402908e-07,9.777324906074084e-05,0.00012819994124610575,0.41299172660929345,6,0,2.7966882744254637,583.8049529179667,0.9885062821626077,0.01149371783739233,0.16666666666666666,583.8049529179667,0.01149371783739233,0.16666666666666666,31.6996655547286,0.0,0.0,583.9831133024708,417,"[""trace"", ""feature"", ""binary""]","[0.6971659548565085, 0.01149269505607109, 0.16666666666666666]",True,True,True,True,22,True,2.7966882744254637,0.9885062821626077
DH_6_MFA_BA,DH,MFA_BA,DH_6_MFA_BA__cand_02,all6,optuna,generic_seed,trial_394,optuna_multi,7a74a72572fc5320,1,True,567.1547001495487,1,19.635135337385357,0.001906534551939351,7.55243163680398e-05,41.53164722208056,38.50345044335317,8.2,1.0,1.9720874302402908e-07,5.461888811739218e-05,0.00012819994124610575,7.1300113348033465,6,0,2.794314642886117,581.9856277315251,0.98236269264269,0.017637307357310037,0.16666666666666666,581.9856277315251,0.017637307357310037,0.16666666666666666,166.92826587240026,0.0,0.0,582.1699317055491,394,"[""trace"", ""feature"", ""binary""]","[0.693293163463859, 0.01960239132180741, 0.16666666666666666]",True,True,True,True,23,True,2.794314642886117,0.98236269264269
DH_6_MFA_BA,DH,MFA_BA,DH_6_MFA_BA__cand_03,all6,optuna,generic_seed,trial_415,optuna_multi,7a74a72572fc5320,1,True,567.1547001495487,1,19.635135337385357,0.001906534551939351,7.55243163680398e-05,41.53164722208056,38.50345044335317,8.2,1.0,1.9720874302402908e-07,5.461888811739218e-05,0.00012819994124610575,7.1300113348033465,6,0,2.794314642886117,581.9856277315251,0.98236269264269,0.017637307357310037,0.16666666666666666,581.9856277315251,0.017637307357310037,0.16666666666666666,166.92826587240026,0.0,0.0,582.1699317055491,415,"[""trace"", ""feature"", ""binary""]","[0.693293163463859, 0.01960239132180741, 0.16666666666666666]",True,True,True,True,24,True,2.794314642886117,0.98236269264269
DH_6_MFA_BA,DH,MFA_BA,DH_6_MFA_BA__cand_04,all6,optuna,generic_seed,trial_497,optuna_multi,7a74a72572fc5320,1,True,567.1547001495487,1,19.635135337385357,0.001906534551939351,7.55243163680398e-05,41.53164722208056,44.8986563438078,8.2,1.0,1.9720874302402908e-07,5.461888811739218e-05,0.00012819994124610575,7.1300113348033465,6,0,2.794314642886117,581.9856277315251,0.98236269264269,0.017637307357310037,0.16666666666666666,581.9856277315251,0.017637307357310037,0.16666666666666666,167.1161029451651,0.0,0.0,582.1699317055491,497,"[""trace"", ""feature"", ""binary""]","[0.693293163463859, 0.01960239132180741, 0.16666666666666666]",True,True,True,True,25,True,2.794314642886117,0.98236269264269
DH_6_MFA_BA,DH,MFA_BA,DH_6_MFA_BA__cand_01,all6,optuna,generic_seed,trial_247,optuna_multi,7a74a72572fc5320,1,True,563.8457528869427,1,19.635135337385357,0.001906534551939351,4.0955478290697965e-05,17.03363882994435,44.8986563438078,8.2,1.0,7.971352803055297e-07,5.461888811739218e-05,0.00012819994124610575,7.1300113348033465,6,0,3.015079879599646,646.9820980865641,0.9737820650309944,0.0262179349690056,0.16666666666666666,646.9820980865641,0.0262179349690056,0.16666666666666666,36.43603397230462,0.0,0.0,647.1749826881997,247,"[""trace"", ""feature"", ""binary""]","[0.6926938535788646, 0.03497840381055173, 0.16666666666666666]",True,True,True,True,26,True,3.015079879599646,0.9737820650309944
VH_1_MFA,VH,MFA,VH_1_MFA__cand_16,all6,optuna,generic_seed,trial_424,optuna_multi,7a74a72572fc5320,1,True,453.17805343401307,1,21.080099105067035,0.003470360595544151,4.0955478290697965e-05,27.985508832905374,15.635362728779524,8.2,1.0,6.931554219323889e-06,1.0398159624859374e-07,7.598738789865885e-07,1.2635598601775555,6,0,2.2704145645043883,460.8140601140599,0.8568113393464133,0.14318866065358674,0.0,460.8140601140599,0.14318866065358674,0.0,84.2727772244524,0.0,0.0,460.9572487747135,424,"[""trace"", ""feature"", ""binary""]","[0.5613549045115149, 0.14372569858926754, 0.0]",True,True,True,True,1,True,2.2668131134715703,0.8569811811967017
VH_1_MFA,VH,MFA,VH_1_MFA__cand_18,all6,optuna,generic_seed,trial_344,optuna_multi,7a74a72572fc5320,1,True,467.50478236853706,1,35.19818734234284,0.003470360595544151,1.9295761588097387e-05,129.26784315202758,0.035058550455355136,8.2,1.0,1.1615179049175084e-08,0.00030595410256046174,1.0888336764584933e-05,0.1310967996160585,6,0,2.3582393279953715,495.52245834124,0.8550042693368934,0.14499573066310648,0.0,495.52245834124,0.14499573066310648,0.0,1527.6372989064466,0.0,0.0,495.6674540719031,344,"[""trace"", ""feature"", ""binary""]","[0.564915353255816, 0.14353216541265168, 0.0]",True,True,True,True,2,True,2.3582393279953715,0.8550042693368934
VH_1_MFA,VH,MFA,VH_1_MFA__cand_17,all6,optuna,generic_seed,trial_341,optuna_multi,7a74a72572fc5320,1,True,465.86317380679236,1,19.635135337385357,0.003470360595544151,1.9295761588097387e-05,92.25108400487547,33.30511746217269,8.2,1.0,1.9720874302402908e-07,5.461888811739218e-05,7.899667957519268e-05,0.34448148220181535,6,0,2.3675853305267225,502.22748762563475,0.8544814113650334,0.14551858863496656,0.0,502.22748762563475,0.14551858863496656,0.0,781.7176332562553,0.0,0.0,502.3730062142697,341,"[""trace"", ""feature"", ""binary""]","[0.5610288228320034, 0.15444755137730526, 0.0]",True,True,True,True,3,True,2.3675853305267225,0.8544814113650334
VH_1_MFA,VH,MFA,VH_1_MFA__cand_19,all6,optuna,generic_seed,trial_468,optuna_multi,7a74a72572fc5320,1,True,478.60432126496517,1,55.395969950039536,0.003470360595544151,1.9295761588097387e-05,92.25108400487547,29.18346281598263,8.2,1.0,1.9720874302402908e-07,5.461888811739218e-05,7.899667957519268e-05,0.34448148220181535,6,0,2.392858174119849,510.03324937678366,0.8543408160816943,0.1456591839183056,0.0,510.03324937678366,0.1456591839183056,0.0,781.5804176346257,0.0,0.0,510.178908560702,468,"[""trace"", ""feature"", ""binary""]","[0.5703078727231742, 0.14309684890937746, 0.0]",True,True,True,True,4,True,2.392858174119849,0.8543408160816943
VH_1_MFA,VH,MFA,VH_1_MFA__cand_15,all6,optuna,generic_seed,trial_383,optuna_multi,7a74a72572fc5320,1,True,437.79698502224284,1,19.635135337385357,0.0031375859487281395,0.0018063172511389187,131.58008112196623,0.035058550455355136,8.2,1.0,6.931554219323889e-06,1.0398159624859374e-07,0.00017507431716231505,7.1300113348033465,6,0,2.2304057499192136,446.9200963406329,0.8521806511128931,0.14781934888710693,0.0,446.9200963406329,0.14781934888710693,0.0,1574.0093651120876,0.0,0.0,447.06791568951996,383,"[""trace"", ""feature"", ""binary""]","[0.5516040331151572, 0.1679282975497869, 0.0]",True,True,True,True,5,True,2.2304057499192136,0.8521806511128931
VH_1_MFA,VH,MFA,VH_1_MFA__cand_14,all6,optuna,generic_seed,trial_260,optuna_multi,7a74a72572fc5320,1,True,433.5918359761881,1,1.0053980364313084,0.009457692079529038,0.003980305062326634,10.914450954629029,38.50345044335317,8.2,1.0,1.9720874302402908e-07,1.9740583621124953e-05,3.9576032587089944e-08,0.1865309785854381,6,0,2.1785175985017355,436.38045479411306,0.6554299362061591,0.34457006379384075,0.0,436.38045479411306,0.34457006379384075,0.0,28.43048656141447,0.0,0.0,436.72502485790693,260,"[""trace"", ""feature"", ""binary""]","[0.5423092800007936, 0.35760302986845116, 0.0]",True,True,True,True,6,True,2.1785175985017355,0.6554299362061591
VH_1_MFA,VH,MFA,VH_1_MFA__cand_13,all6,optuna,generic_seed,trial_406,optuna_multi,7a74a72572fc5320,1,True,432.56464780801804,1,61.2434142840243,0.001906534551939351,0.054053269521845304,92.25108400487547,44.8986563438078,8.2,1.0,6.931554219323889e-06,4.4089109192571126e-07,1.5577217702692994e-05,0.09110330753611932,6,0,2.1842389948862517,435.583895027931,0.6452081080680292,0.3547918919319708,0.0,435.583895027931,0.3547918919319708,0.0,778.599539665708,0.0,0.0,435.938686919863,406,"[""trace"", ""feature"", ""binary""]","[0.5439857731766545, 0.3469076385289286, 0.0]",True,True,True,True,7,True,2.1842389948862517,0.6452081080680292
VH_1_MFA,VH,MFA,VH_1_MFA__cand_10,all6,optuna,generic_seed,trial_354,optuna_multi,7a74a72572fc5320,1,True,429.6889850203799,1,61.2434142840243,0.001906534551939351,0.00025041091235264976,56.19189219397068,0.3550143270509224,8.2,1.0,5.238322156582346e-08,1.0398159624859374e-07,0.0016522521257274828,7.1300113348033465,6,0,2.261541903267855,457.0796884354426,0.639157398420998,0.360842601579002,0.0,457.0796884354426,0.360842601579002,0.0,295.1241044264888,0.0,0.0,457.44053103702163,354,"[""trace"", ""feature"", ""binary""]","[0.5410387501517393, 0.3638700056616059, 0.0]",True,True,True,True,8,True,2.261541903267855,0.639157398420998
VH_1_MFA,VH,MFA,VH_1_MFA__cand_12,all6,optuna,generic_seed,trial_409,optuna_multi,7a74a72572fc5320,1,True,430.54060586193816,1,45.0019330679946,0.001906534551939351,7.718702645078293e-05,56.19189219397068,0.035058550455355136,8.2,1.0,6.931554219323889e-06,1.0398159624859374e-07,7.899667957519268e-05,1.2635598601775555,6,0,2.1779855215169137,429.4371217553462,0.6379699466474088,0.3620300533525913,0.0,429.4371217553462,0.3620300533525913,0.0,291.34921130413426,0.0,0.0,429.7991518086988,409,"[""trace"", ""feature"", ""binary""]","[0.54508582620386, 0.34171042247288086, 0.0]",True,True,True,True,9,True,2.1779855215169137,0.6379699466474088
VH_1_MFA,VH,MFA,VH_1_MFA__cand_08,all6,optuna,generic_seed,trial_319,optuna_multi,7a74a72572fc5320,1,True,427.21056403678494,1,18.002875146004502,0.001906534551939351,0.0003125457636899049,92.25108400487547,0.3550143270509224,8.2,1.0,5.238322156582346e-08,1.578232781079556e-06,0.0006970539360171087,0.11900007574837604,6,0,2.2500009537725316,453.5657512066107,0.6227222796240981,0.37727772037590196,0.0,453.5657512066107,0.37727772037590196,0.0,777.2279986592631,0.0,0.0,453.9430289269866,319,"[""trace"", ""feature"", ""binary""]","[0.5392201864257502, 0.3788821910683574, 0.0]",True,True,True,True,10,True,2.2500009537725316,0.6227222796240981
VH_1_MFA,VH,MFA,VH_1_MFA__cand_09,all6,optuna,generic_seed,trial_458,optuna_multi,7a74a72572fc5320,1,True,427.21056403678494,1,18.002875146004502,0.001906534551939351,0.0003125457636899049,92.25108400487547,0.3550143270509224,8.2,1.0,5.238322156582346e-08,1.578232781079556e-06,0.0006970539360171087,0.11900007574837604,6,0,2.2500009537725316,453.5657512066107,0.6227222796240981,0.37727772037590196,0.0,453.5657512066107,0.37727772037590196,0.0,777.2279986592631,0.0,0.0,453.9430289269866,458,"[""trace"", ""feature"", ""binary""]","[0.5392201864257502, 0.3788821910683574, 0.0]",True,True,True,True,11,True,2.2500009537725316,0.6227222796240981
VH_1_MFA,VH,MFA,VH_1_MFA__cand_11,all6,optuna,generic_seed,trial_436,optuna_multi,7a74a72572fc5320,1,True,430.10847639187426,1,35.19818734234284,0.0018170401889219116,0.0017422258574545319,27.985508832905374,0.035058550455355136,8.2,1.0,5.397124303749564e-07,5.461888811739218e-05,1.5577217702692994e-05,0.9316378543599684,6,0,2.1491060797280777,431.3480140295723,0.6180332548389473,0.38196674516105267,0.0,431.3480140295723,0.38196674516105267,0.0,74.92710432524544,0.0,0.0,431.72998077473335,436,"[""trace"", ""feature"", ""binary""]","[0.5361212584830295, 0.3819746414469476, 0.0]",True,True,True,True,12,True,2.1491060797280777,0.6180332548389473
VH_1_MFA,VH,MFA,VH_1_MFA__cand_07,all6,optuna,generic_seed,trial_489,optuna_multi,7a74a72572fc5320,1,True,419.8533557190345,1,19.635135337385357,0.001906534551939351,0.00013734430818575574,108.91370005839923,0.048543790132012446,8.2,1.0,1.9720874302402908e-07,5.461888811739218e-05,7.598738789865885e-07,2.667823311143773,6,0,2.1331317598056514,423.07221497329033,0.6021867068429816,0.39781329315701847,0.0,423.07221497329033,0.39781329315701847,0.0,1085.1717289550813,0.0,0.0,423.47002826644734,489,"[""trace"", ""feature"", ""binary""]","[0.5306712278011824, 0.4049155913758695, 0.0]",True,True,True,True,13,True,2.1331317598056514,0.6021867068429816
VH_1_MFA,VH,MFA,VH_1_MFA__cand_06,all6,optuna,generic_seed,trial_438,optuna_multi,7a74a72572fc5320,1,True,413.2345572530242,1,61.2434142840243,0.0018170401889219116,2.5943711605999785e-05,27.985508832905374,0.035058550455355136,8.2,1.0,1.9720874302402908e-07,5.461888811739218e-05,0.0010797453347997645,2.667823311143773,6,0,2.1786620154747327,424.392090013085,0.5957752530794515,0.40422474692054866,0.0,424.392090013085,0.40422474692054866,0.0,77.52492098336485,0.0,0.0,424.79631476000554,438,"[""trace"", ""feature"", ""binary""]","[0.5336042910276912, 0.40287978386283596, 0.0]",True,True,True,True,14,True,2.1786620154747327,0.5957752530794515
VH_1_MFA,VH,MFA,VH_1_MFA__cand_03,all6,optuna,generic_seed,trial_280,optuna_multi,7a74a72572fc5320,1,True,404.1939855953486,1,19.635135337385357,0.0014539199187561544,0.10386397258952978,56.19189219397068,0.2320292068163592,8.2,1.0,6.931554219323889e-06,1.0944885422058866e-07,3.9576032587089944e-08,0.41299172660929345,6,0,2.097848824427656,397.79658584042835,0.5929344141070239,0.4070655858929762,0.0,397.79658584042835,0.4070655858929762,0.0,298.76715381634517,0.0,0.0,398.2036514263213,280,"[""trace"", ""feature"", ""binary""]","[0.529495617361626, 0.40529849398197904, 0.0]",True,True,True,True,15,True,2.097848824427656,0.5929344141070239
VH_1_MFA,VH,MFA,VH_1_MFA__cand_04,all6,optuna,generic_seed,trial_474,optuna_multi,7a74a72572fc5320,1,True,404.1939855953486,1,19.635135337385357,0.0014539199187561544,0.10386397258952978,56.19189219397068,0.2320292068163592,8.2,1.0,6.931554219323889e-06,1.0944885422058866e-07,3.9576032587089944e-08,0.41299172660929345,6,0,2.097848824427656,397.79658584042835,0.5929344141070239,0.4070655858929762,0.0,397.79658584042835,0.4070655858929762,0.0,298.76715381634517,0.0,0.0,398.2036514263213,474,"[""trace"", ""feature"", ""binary""]","[0.529495617361626, 0.40529849398197904, 0.0]",True,True,True,True,16,True,2.097848824427656,0.5929344141070239
VH_1_MFA,VH,MFA,VH_1_MFA__cand_02,all6,optuna,generic_seed,trial_481,optuna_multi,7a74a72572fc5320,1,True,394.0506304829867,1,18.002875146004502,0.0014539199187561544,0.0019554244083141506,125.74930570667068,0.2320292068163592,8.2,1.0,6.931554219323889e-06,1.0944885422058866e-07,1.0888336764584933e-05,1.16434746427985,6,0,2.0899922708124294,393.7494074431599,0.5921057148530576,0.4078942851469423,0.0,393.7494074431599,0.4078942851469423,0.0,1438.9828134586942,0.0,0.0,394.15730172830683,481,"[""trace"", ""feature"", ""binary""]","[0.5222872224773852, 0.40928569383602553, 0.0]",True,True,True,True,17,True,2.0899922708124294,0.5921057148530576
VH_1_MFA,VH,MFA,VH_1_MFA__cand_05,all6,optuna,generic_seed,trial_417,optuna_multi,7a74a72572fc5320,1,True,407.0058509789402,1,35.19818734234284,0.0018170401889219116,7.718702645078293e-05,92.25108400487547,0.035058550455355136,8.2,1.0,1.9720874302402908e-07,9.777324906074084e-05,3.9576032587089944e-08,2.667823311143773,6,0,2.091108558845091,408.53180763244404,0.5884139325822869,0.41158606741771303,0.0,408.53180763244404,0.41158606741771303,0.0,786.4799032310402,0.0,0.0,408.94339369986176,417,"[""trace"", ""feature"", ""binary""]","[0.5214675541526734, 0.41788401390916086, 0.0]",True,True,True,True,18,True,2.091108558845091,0.5884139325822869
VH_1_MFA,VH,MFA,VH_1_MFA__cand_01,all6,optuna,generic_seed,trial_312,optuna_multi,7a74a72572fc5320,1,True,385.2803701866651,1,55.395969950039536,0.001906534551939351,4.0955478290697965e-05,92.25108400487547,38.50345044335317,8.2,1.0,3.1729073372306313e-07,5.461888811739218e-05,7.899667957519268e-05,9.310460951385235,6,0,2.0515961186373435,384.60383373361816,0.5748387943201603,0.4251612056798397,0.0,384.60383373361816,0.4251612056798397,0.0,782.1160759697482,0.0,0.0,385.028994939298,312,"[""trace"", ""feature"", ""binary""]","[0.5131029425059581, 0.42569036458509213, 0.0]",True,True,True,True,19,True,2.0515961186373435,0.5748387943201603
VH_1_MFA_BA,VH,MFA_BA,VH_1_MFA_BA__cand_01,all6,optuna,generic_seed,trial_450,optuna_multi,7a74a72572fc5320,1,True,177.1610571000764,1,36.29933412377833,0.0011400863701127321,0.054053269521845304,144.4833809160917,0.0017444091459280931,8.2,1.0,0.00024277549664050195,4.4089109192571126e-07,1.7461309348171835e-07,2.3381499592960715,6,0,1.205831576143505,174.5795762126361,0.9915856850710858,0.008414314928914248,0.4166666666666667,174.5795762126361,0.008414314928914248,0.4166666666666667,1900.7313313057653,0.0,0.0,175.0046571942317,450,"[""trace"", ""feature"", ""binary""]","[0.3047066492265002, 0.008414314928914202, 0.4166666666666667]",True,True,True,True,1,True,1.3505587364819538,0.9915856850710858
VH_2_MFA,VH,MFA,VH_2_MFA__cand_10,all6,optuna,generic_seed,trial_337,optuna_multi,7a74a72572fc5320,1,True,572.698699737116,1,35.19818734234284,0.003470360595544151,0.00020850494814717894,145.7673124081441,0.872764295013774,8.2,1.0,6.798321056530878e-06,1.0609405001897937e-06,0.0006970539360171087,1.581803085908141,6,0,2.825593619687363,587.7779961832529,0.8767172303593727,0.12328276964062738,0.08333333333333333,587.7779961832529,0.12328276964062738,0.08333333333333333,1930.198176172759,0.0,0.0,587.9846122862268,337,"[""trace"", ""feature"", ""binary""]","[0.6933277249152489, 0.12621834477965888, 0.08333333333333333]",True,True,True,True,1,True,2.8417975558811848,0.8768688753487998
VH_2_MFA,VH,MFA,VH_2_MFA__cand_16,all6,optuna,generic_seed,trial_207,optuna_multi,7a74a72572fc5320,1,True,595.1474007497166,1,35.19818734234284,0.003470360595544151,0.05664186846611221,10.914450954629029,0.872764295013774,8.2,1.0,6.931554219323889e-06,1.0944885422058866e-07,1.0888336764584933e-05,0.41299172660929345,6,0,2.825942695804113,584.5567219928467,0.8756888312047382,0.12431116879526176,0.08333333333333333,584.5567219928467,0.12431116879526176,0.08333333333333333,16.51237125490784,0.0,0.0,584.7643664949754,207,"[""trace"", ""feature"", ""binary""]","[0.7149650021975394, 0.12293297558032368, 0.08333333333333333]",True,True,True,True,2,True,2.825942695804113,0.8756888312047382
VH_2_MFA,VH,MFA,VH_2_MFA__cand_17,all6,optuna,generic_seed,trial_324,optuna_multi,7a74a72572fc5320,1,True,595.1474007497166,1,35.19818734234284,0.003470360595544151,0.05664186846611221,10.914450954629029,0.872764295013774,8.2,1.0,6.931554219323889e-06,1.0944885422058866e-07,1.0888336764584933e-05,0.41299172660929345,6,0,2.825942695804113,584.5567219928467,0.8756888312047382,0.12431116879526176,0.08333333333333333,584.5567219928467,0.12431116879526176,0.08333333333333333,16.51237125490784,0.0,0.0,584.7643664949754,324,"[""trace"", ""feature"", ""binary""]","[0.7149650021975394, 0.12293297558032368, 0.08333333333333333]",True,True,True,True,3,True,2.825942695804113,0.8756888312047382
VH_2_MFA,VH,MFA,VH_2_MFA__cand_18,all6,optuna,generic_seed,trial_458,optuna_multi,7a74a72572fc5320,1,True,595.1474007497166,1,35.19818734234284,0.003470360595544151,0.05664186846611221,10.914450954629029,0.872764295013774,8.2,1.0,6.931554219323889e-06,1.0944885422058866e-07,1.0888336764584933e-05,0.41299172660929345,6,0,2.825942695804113,584.5567219928467,0.8756888312047382,0.12431116879526176,0.08333333333333333,584.5567219928467,0.12431116879526176,0.08333333333333333,16.51237125490784,0.0,0.0,584.7643664949754,458,"[""trace"", ""feature"", ""binary""]","[0.7149650021975394, 0.12293297558032368, 0.08333333333333333]",True,True,True,True,4,True,2.825942695804113,0.8756888312047382
VH_2_MFA,VH,MFA,VH_2_MFA__cand_07,all6,optuna,generic_seed,trial_479,optuna_multi,7a74a72572fc5320,1,True,562.0026938016623,1,35.19818734234284,0.003470360595544151,0.00020850494814717894,10.914450954629029,0.872764295013774,8.2,1.0,6.798321056530878e-06,1.0944885422058866e-07,0.00879770835474936,0.41299172660929345,6,0,2.821675154145647,582.9061168940457,0.8755812083804879,0.12441879161951208,0.08333333333333333,582.9061168940457,0.12441879161951208,0.08333333333333333,15.880911871443972,0.0,0.0,583.1138690189986,479,"[""trace"", ""feature"", ""binary""]","[0.6880446404265892, 0.1275649072680095, 0.08333333333333333]",True,True,True,True,5,True,2.821675154145647,0.8755812083804879
VH_2_MFA,VH,MFA,VH_2_MFA__cand_13,all6,optuna,generic_seed,trial_455,optuna_multi,7a74a72572fc5320,1,True,580.3223233871569,1,76.47795613432226,0.003470360595544151,1.9295761588097387e-05,10.914450954629029,0.872764295013774,8.2,1.0,6.931554219323889e-06,1.0944885422058866e-07,0.0006970539360171087,0.41299172660929345,6,0,2.798593712095156,579.2960537530258,0.8744753182747282,0.12552468172527173,0.08333333333333333,579.2960537530258,0.12552468172527173,0.08333333333333333,17.835797816534786,0.0,0.0,579.5049117680845,455,"[""trace"", ""feature"", ""binary""]","[0.7008295265857837, 0.12487046731157692, 0.08333333333333333]",True,True,True,True,6,True,2.798593712095156,0.8744753182747282
VH_2_MFA,VH,MFA,VH_2_MFA__cand_14,all6,optuna,generic_seed,trial_356,optuna_multi,7a74a72572fc5320,1,True,583.4118492400714,1,35.19818734234284,0.003470360595544151,1.9295761588097387e-05,59.67833985686124,0.872764295013774,8.2,1.0,1.9720874302402908e-07,6.315461993576112e-05,3.5005997606273915e-08,0.41299172660929345,6,0,2.7723036950601987,581.5651002572596,0.873976374380805,0.12602362561919497,0.08333333333333333,581.5651002572596,0.12602362561919497,0.08333333333333333,339.2849263737743,0.0,0.0,581.7744572162121,356,"[""trace"", ""feature"", ""binary""]","[0.6949774398501654, 0.12532945198642043, 0.08333333333333333]",True,True,True,True,7,True,2.7723036950601987,0.873976374380805
VH_2_MFA,VH,MFA,VH_2_MFA__cand_20,all6,optuna,generic_seed,trial_403,optuna_multi,7a74a72572fc5320,1,True,596.9085212569936,1,35.19818734234284,0.003470360595544151,0.0003125457636899049,17.03363882994435,7.276051533878101,8.2,1.0,1.9720874302402908e-07,5.461888811739218e-05,1.0888336764584933e-05,0.06574930931112102,6,0,2.7758969473993518,582.6574831640174,0.8737495347110853,0.12625046528891468,0.08333333333333333,582.6574831640174,0.12625046528891468,0.08333333333333333,34.538718940054586,0.0,0.0,582.8670669626397,403,"[""trace"", ""feature"", ""binary""]","[0.707189383809029, 0.12341551732794331, 0.08333333333333333]",True,True,True,True,8,True,2.7758969473993518,0.8737495347110853
VH_2_MFA,VH,MFA,VH_2_MFA__cand_19,all6,optuna,generic_seed,trial_383,optuna_multi,7a74a72572fc5320,1,True,595.6622543946323,1,35.19818734234284,0.0031375859487281395,1.9295761588097387e-05,56.19189219397068,3.2191463496769184,8.2,1.0,7.971352803055297e-07,5.167823176781546e-06,1.0888336764584933e-05,1.581803085908141,6,0,2.756360266079218,570.5571703993072,0.873746935889109,0.12625306411089093,0.08333333333333333,570.5571703993072,0.12625306411089093,0.08333333333333333,294.63627853283447,0.0,0.0,570.7667567967515,383,"[""trace"", ""feature"", ""binary""]","[0.7094723237071325, 0.12317653071442869, 0.08333333333333333]",True,True,True,True,9,True,2.756360266079218,0.873746935889109
VH_2_MFA,VH,MFA,VH_2_MFA__cand_08,all6,optuna,generic_seed,trial_374,optuna_multi,7a74a72572fc5320,1,True,562.7312184150796,1,35.19818734234284,0.003470360595544151,1.9295761588097387e-05,59.67833985686124,0.0955567394108662,8.2,1.0,9.222492453004649e-08,6.315461993576112e-05,0.00012058434447247017,1.2635598601775555,6,0,2.7512468807834893,570.5837943086167,0.8736459914863693,0.12635400851363063,0.08333333333333333,570.5837943086167,0.12635400851363063,0.08333333333333333,330.1757689611113,0.0,0.0,570.7934816504637,374,"[""trace"", ""feature"", ""binary""]","[0.681434092711744, 0.13175777608947314, 0.08333333333333333]",True,True,True,True,10,True,2.7512468807834893,0.8736459914863693
VH_2_MFA,VH,MFA,VH_2_MFA__cand_09,all6,optuna,generic_seed,trial_404,optuna_multi,7a74a72572fc5320,1,True,568.728260442324,1,35.19818734234284,0.003470360595544151,0.0003125457636899049,27.985508832905374,7.276051533878101,8.2,1.0,9.222492453004649e-08,6.315461993576112e-05,2.0784112373691518e-05,0.41299172660929345,6,0,2.7657996986876743,576.3939378192066,0.8734678480072481,0.126532151992752,0.08333333333333333,576.3939378192066,0.126532151992752,0.08333333333333333,79.27548975250032,0.0,0.0,576.6038033045327,404,"[""trace"", ""feature"", ""binary""]","[0.6851630479557892, 0.12868131775837943, 0.08333333333333333]",True,True,True,True,11,True,2.7657996986876743,0.8734678480072481
VH_2_MFA,VH,MFA,VH_2_MFA__cand_11,all6,optuna,generic_seed,trial_171,optuna_multi,7a74a72572fc5320,1,True,576.3562712782943,1,35.19818734234284,0.003470360595544151,1.9295761588097387e-05,59.67833985686124,0.872764295013774,8.2,1.0,4.701467226288984e-08,6.315461993576112e-05,3.5005997606273915e-08,1.2635598601775555,6,0,2.7530557623614484,568.8528594705631,0.8732958501409205,0.12670414985907957,0.08333333333333333,568.8528594705631,0.12670414985907957,0.08333333333333333,341.2531435481461,0.0,0.0,569.0628969537555,171,"[""trace"", ""feature"", ""binary""]","[0.6939022573074355, 0.12577420813636397, 0.08333333333333333]",True,True,True,True,12,True,2.7530557623614484,0.8732958501409205
VH_2_MFA,VH,MFA,VH_2_MFA__cand_12,all6,optuna,generic_seed,trial_328,optuna_multi,7a74a72572fc5320,1,True,576.3562712782943,1,35.19818734234284,0.003470360595544151,1.9295761588097387e-05,59.67833985686124,0.872764295013774,8.2,1.0,4.701467226288984e-08,6.315461993576112e-05,0.0006970539360171087,1.2635598601775555,6,0,2.7530557623614484,568.8528594705631,0.8732958501409205,0.12670414985907957,0.08333333333333333,568.8528594705631,0.12670414985907957,0.08333333333333333,331.25112487219843,0.0,0.0,569.0628969537555,328,"[""trace"", ""feature"", ""binary""]","[0.6939022573074355, 0.12577420813636397, 0.08333333333333333]",True,True,True,True,13,True,2.7530557623614484,0.8732958501409205
VH_2_MFA,VH,MFA,VH_2_MFA__cand_15,all6,optuna,generic_seed,trial_460,optuna_multi,7a74a72572fc5320,1,True,589.7661030061637,1,35.19818734234284,0.0031375859487281395,0.0003125457636899049,17.03363882994435,3.2191463496769184,8.2,1.0,1.9720874302402908e-07,5.167823176781546e-06,1.0888336764584933e-05,1.581803085908141,6,0,2.7573231528281696,568.6536011046495,0.8728070246591528,0.12719297534084714,0.08333333333333333,568.6536011046495,0.12719297534084714,0.08333333333333333,34.22251999136891,0.0,0.0,568.8641274133237,460,"[""trace"", ""feature"", ""binary""]","[0.7062924313355251, 0.12392839556074986, 0.08333333333333333]",True,True,True,True,14,True,2.7573231528281696,0.8728070246591528
VH_2_MFA,VH,MFA,VH_2_MFA__cand_06,all6,optuna,generic_seed,trial_19,optuna_multi,7a74a72572fc5320,1,True,561.9788318191485,1,2.353845387158846,0.007058572590901788,0.0003125457636899049,48.80995472389016,3.2191463496769184,8.2,1.0,9.222492453004649e-08,1.9606620200097793e-05,0.0006970539360171087,1.581803085908141,6,0,2.761705687409206,570.334854629401,0.8715282586263026,0.1284717413736975,0.08333333333333333,570.334854629401,0.1284717413736975,0.08333333333333333,222.4244991806189,0.0,0.0,570.546659704108,19,"[""trace"", ""feature"", ""binary""]","[0.683496943086269, 0.1313380571169117, 0.08333333333333333]",True,True,True,True,15,True,2.761705687409206,0.8715282586263026
VH_2_MFA,VH,MFA,VH_2_MFA__cand_05,all6,optuna,generic_seed,trial_330,optuna_multi,7a74a72572fc5320,1,True,557.7714100678787,1,2.353845387158846,0.005456725485601475,0.0038540976762008188,17.03363882994435,7.276051533878101,8.2,1.0,9.222492453004649e-08,1.0609405001897937e-06,1.0888336764584933e-05,0.7153783403302291,6,0,2.7487733911903867,565.6792485438424,0.7734871699525453,0.2265128300474547,0.08333333333333333,565.6792485438424,0.2265128300474547,0.08333333333333333,35.58473448787809,0.0,0.0,565.9890947072232,330,"[""trace"", ""feature"", ""binary""]","[0.6804986396668253, 0.2267430655157482, 0.08333333333333333]",True,True,True,True,16,True,2.7487733911903867,0.7734871699525453
VH_2_MFA,VH,MFA,VH_2_MFA__cand_03,all6,optuna,generic_seed,trial_449,optuna_multi,7a74a72572fc5320,1,True,548.2580210570427,1,3.0602868577685762,0.003470360595544151,0.0003125457636899049,48.80995472389016,0.0955567394108662,8.2,1.0,9.222492453004649e-08,1.5385046399532137e-08,0.0006970539360171087,1.581803085908141,6,0,2.7407418534714005,561.081921071994,0.6552580505088282,0.3447419494911718,0.08333333333333333,561.081921071994,0.3447419494911718,0.08333333333333333,225.4181302442543,0.0,0.0,561.5099963548186,449,"[""trace"", ""feature"", ""binary""]","[0.6744771222155158, 0.340047815091299, 0.08333333333333333]",True,True,True,True,17,True,2.7407418534714005,0.6552580505088282
VH_2_MFA,VH,MFA,VH_2_MFA__cand_02,all6,optuna,generic_seed,trial_384,optuna_multi,7a74a72572fc5320,1,True,547.7864006744712,1,140.8537204527697,0.003470360595544151,0.0003125457636899049,27.985508832905374,7.276051533878101,8.2,1.0,9.222492453004649e-08,6.315461993576112e-05,2.0784112373691518e-05,9.108621776445478,6,0,2.7374097373171,558.4436117575231,0.6430868910951246,0.3569131089048754,0.08333333333333333,558.4436117575231,0.3569131089048754,0.08333333333333333,80.79732720531197,0.0,0.0,558.8838581997613,384,"[""trace"", ""feature"", ""binary""]","[0.6754556164114794, 0.3347278176467089, 0.08333333333333333]",True,True,True,True,18,True,2.7374097373171,0.6430868910951246
VH_2_MFA,VH,MFA,VH_2_MFA__cand_04,all6,optuna,generic_seed,trial_423,optuna_multi,7a74a72572fc5320,1,True,549.4754233685287,1,2.353845387158846,0.003470360595544151,1.9295761588097387e-05,56.19189219397068,3.2191463496769184,8.2,1.0,9.222492453004649e-08,1.9606620200097793e-05,1.4691854305367276e-05,0.41299172660929345,6,0,2.748960330187936,565.1168287420197,0.6291881516756341,0.37081184832436587,0.08333333333333333,565.1168287420197,0.37081184832436587,0.08333333333333333,296.59920951510367,0.0,0.0,565.5709739236775,423,"[""trace"", ""feature"", ""binary""]","[0.6740029472458801, 0.3656029242122868, 0.08333333333333333]",True,True,True,True,19,True,2.748960330187936,0.6291881516756341
VH_2_MFA,VH,MFA,VH_2_MFA__cand_01,all6,optuna,generic_seed,trial_347,optuna_multi,7a74a72572fc5320,1,True,525.8895533903631,1,35.19818734234284,0.0014539199187561544,0.05664186846611221,17.03363882994435,7.276051533878101,8.2,1.0,6.931554219323889e-06,2.8340338068457848e-06,1.0888336764584933e-05,1.2635598601775555,6,0,2.8483890381307675,589.2068786374203,0.6242506479116409,0.375749352088359,0.08333333333333333,589.2068786374203,0.375749352088359,0.08333333333333333,31.79108056777924,0.0,0.0,589.6659613228421,347,"[""trace"", ""feature"", ""binary""]","[0.6582446696533603, 0.3798880154553038, 0.08333333333333333]",True,True,True,True,20,True,2.8483890381307675,0.6242506479116409
VH_2_MFA_BA,VH,MFA_BA,VH_2_MFA_BA__cand_10,all6,optuna,generic_seed,trial_220,optuna_multi,7a74a72572fc5320,1,True,376.3383551059912,1,0.9817170786466664,0.001906534551939351,0.0013480860719540524,56.3374428959916,0.21223717067582074,8.2,1.0,6.931554219323889e-06,1.7587807257583417e-08,4.0592146437489974e-08,0.41299172660929345,6,0,2.140931697919377,390.36716030334736,0.9843619422102577,0.015638057789742185,0.75,390.36716030334736,0.015638057789742185,0.75,302.31903571933765,0.0,0.0,391.1327983611371,220,"[""trace"", ""feature"", ""binary""]","[0.5230191993913517, 0.017632835510517864, 0.75]",True,True,True,True,1,True,2.15376265633928,0.9825131398007233
VH_2_MFA_BA,VH,MFA_BA,VH_2_MFA_BA__cand_11,all6,optuna,generic_seed,trial_451,optuna_multi,7a74a72572fc5320,1,True,376.4855918926562,1,0.9817170786466664,0.001906534551939351,0.0013480860719540524,89.52642733753338,5.734503940552565,8.2,1.0,6.931554219323889e-06,1.7587807257583417e-08,0.003943417799232395,5.719545392989609,6,0,2.1411252205295237,390.42035518485335,0.9843619422102577,0.015638057789742185,0.75,390.42035518485335,0.015638057789742185,0.75,737.2387676309482,0.0,0.0,391.18599324264306,451,"[""trace"", ""feature"", ""binary""]","[0.5230849381332606, 0.0176176026924747, 0.75]",True,True,True,True,2,True,2.1411252205295237,0.9843619422102577
VH_2_MFA_BA,VH,MFA_BA,VH_2_MFA_BA__cand_15,all6,optuna,generic_seed,trial_402,optuna_multi,7a74a72572fc5320,1,True,387.3845339062913,1,0.9817170786466664,0.001350074486791937,0.04277699210334443,61.55743845534446,19.78165699072452,8.2,1.0,6.931554219323889e-06,1.0398159624859374e-07,4.0592146437489974e-08,0.41299172660929345,6,0,2.143339196662998,395.6180661101176,0.9843619422102577,0.015638057789742185,0.75,395.6180661101176,0.015638057789742185,0.75,358.77850607708797,0.0,0.0,396.3837041679073,402,"[""trace"", ""feature"", ""binary""]","[0.5277770190699759, 0.015638057789742255, 0.75]",True,True,True,True,3,True,2.143339196662998,0.9843619422102577
VH_2_MFA_BA,VH,MFA_BA,VH_2_MFA_BA__cand_18,all6,optuna,generic_seed,trial_198,optuna_multi,7a74a72572fc5320,1,True,455.3733817452665,1,36.29933412377833,0.001350074486791937,0.273166688647644,17.964319772887684,0.0011405478547473157,8.2,1.0,0.0003394873014043832,1.0398159624859374e-07,0.05435103757866309,0.7864337097489293,6,0,2.2883732817541307,435.6222064734755,0.9831159822266579,0.016884017773342103,0.4166666666666667,435.6222064734755,0.016884017773342103,0.4166666666666667,37.94837246153405,0.0,0.0,436.05575715791554,198,"[""trace"", ""feature"", ""binary""]","[0.5896936787616843, 0.015638059978803298, 0.4166666666666667]",True,True,True,True,4,True,2.2883732817541307,0.9831159822266579
VH_2_MFA_BA,VH,MFA_BA,VH_2_MFA_BA__cand_12,all6,optuna,generic_seed,trial_363,optuna_multi,7a74a72572fc5320,1,True,377.09822129257776,1,1.9860553636909555,0.0011400863701127321,6.0701655210150736e-05,35.72741715700898,15.295404974738686,8.2,1.0,1.0211693428871284e-05,1.578232781079556e-06,0.056909972358045555,2.0616590504421537,6,0,2.0184624215984015,362.756823419535,0.977044006031592,0.0229559939684079,0.75,362.756823419535,0.0229559939684079,0.75,126.43164305104179,0.0,0.0,363.52977941350343,363,"[""trace"", ""feature"", ""binary""]","[0.5164964051993071, 0.018724937573789013, 0.75]",True,True,True,True,5,True,2.0184624215984015,0.977044006031592
VH_2_MFA_BA,VH,MFA_BA,VH_2_MFA_BA__cand_17,all6,optuna,generic_seed,trial_211,optuna_multi,7a74a72572fc5320,1,True,410.619274154614,1,1.9860553636909555,0.0011400863701127321,6.0701655210150736e-05,6.9675619079996585,0.7158714383119805,8.2,1.0,1.0211693428871284e-05,1.578232781079556e-06,0.056909972358045555,2.0616590504421537,6,0,2.0206272108449763,362.44016850477027,0.9770256024497094,0.02297439755029072,0.4166666666666667,362.44016850477027,0.02297439755029072,0.4166666666666667,13.516823324198311,0.0,0.0,362.87980956898724,211,"[""trace"", ""feature"", ""binary""]","[0.5459983848561221, 0.015673292349578483, 0.4166666666666667]",True,True,True,True,6,True,2.0206272108449763,0.9770256024497094
VH_2_MFA_BA,VH,MFA_BA,VH_2_MFA_BA__cand_05,all6,optuna,generic_seed,trial_450,optuna_multi,7a74a72572fc5320,1,True,372.37724946961055,1,61.2434142840243,0.001906534551939351,0.5315246614674628,61.55743845534446,0.0017444091459280931,8.2,1.0,8.824240860504109e-05,0.0024028710190530816,2.0784112373691518e-05,0.07392274977341988,6,0,1.9803472343963395,369.83326221537527,0.9681882675062162,0.03181173249378386,0.4166666666666667,369.83326221537527,0.03181173249378386,0.4166666666666667,348.0605484957608,0.0,0.0,370.28174061453575,450,"[""trace"", ""feature"", ""binary""]","[0.4964293584147234, 0.030658708511715482, 0.4166666666666667]",True,True,True,True,7,True,1.9803472343963395,0.9681882675062162
VH_2_MFA_BA,VH,MFA_BA,VH_2_MFA_BA__cand_06,all6,optuna,generic_seed,trial_441,optuna_multi,7a74a72572fc5320,1,True,374.30440442031744,1,36.29933412377833,0.075797972901368,0.019772209651373406,92.25108400487547,0.02385022010474564,8.2,1.0,2.5028097708940356e-05,0.008387968210939496,7.899667957519268e-05,7.1300113348033465,6,0,1.9744564826550706,366.6813491167975,0.9671296668139396,0.0328703331860602,0.75,366.6813491167975,0.0328703331860602,0.75,773.8974352701091,0.0,0.0,367.46421944998355,441,"[""trace"", ""feature"", ""binary""]","[0.49759493324423376, 0.028985976915868683, 0.75]",True,True,True,True,8,True,1.9744564826550706,0.9671296668139396
VH_2_MFA_BA,VH,MFA_BA,VH_2_MFA_BA__cand_02,all6,optuna,generic_seed,trial_272,optuna_multi,7a74a72572fc5320,1,True,365.7558987485331,1,2.436263114936016,0.005456725485601475,0.0059349090193793665,94.40979572028938,0.9482811281925491,8.2,1.0,0.008201678186795028,0.0024028710190530816,4.355186301271307e-08,0.07392274977341988,6,0,1.9750646862654915,365.11809780542734,0.9668267041171767,0.03317329588282325,0.75,365.11809780542734,0.03317329588282325,0.75,817.9875678961828,0.0,0.0,365.90127110131016,272,"[""trace"", ""feature"", ""binary""]","[0.4936403784925549, 0.03334992675331705, 0.75]",True,True,True,True,9,True,1.9750646862654915,0.9668267041171767
VH_2_MFA_BA,VH,MFA_BA,VH_2_MFA_BA__cand_04,all6,optuna,generic_seed,trial_498,optuna_multi,7a74a72572fc5320,1,True,367.85564170474856,1,0.9817170786466664,0.03848958904021621,0.0013480860719540524,56.3374428959916,0.21223717067582074,8.2,1.0,6.931554219323889e-06,0.008387968210939496,4.0592146437489974e-08,2.0616590504421537,6,0,1.9713130076670469,364.71641615113305,0.9635665107628392,0.03643348923716083,0.75,364.71641615113305,0.03643348923716083,0.75,298.4403146380388,0.0,0.0,365.5028496403702,498,"[""trace"", ""feature"", ""binary""]","[0.49420268957538127, 0.03316741328302042, 0.75]",True,True,True,True,10,True,1.9713130076670469,0.9635665107628392
VH_2_MFA_BA,VH,MFA_BA,VH_2_MFA_BA__cand_14,all6,optuna,generic_seed,trial_471,optuna_multi,7a74a72572fc5320,1,True,380.0779230288685,1,21.118975505059517,0.001350074486791937,0.04277699210334443,61.55743845534446,12.645799687218885,8.2,1.0,8.824240860504109e-05,1.0398159624859374e-07,4.0592146437489974e-08,0.41299172660929345,6,0,1.9688770026831601,349.5425234175016,0.9627442836419652,0.03725571635803496,0.75,349.5425234175016,0.03725571635803496,0.75,356.0408338446313,0.0,0.0,350.3297791338597,471,"[""trace"", ""feature"", ""binary""]","[0.5151988216084319, 0.0196478519020733, 0.75]",True,True,True,True,11,True,1.9688770026831601,0.9627442836419652
VH_2_MFA_BA,VH,MFA_BA,VH_2_MFA_BA__cand_13,all6,optuna,generic_seed,trial_438,optuna_multi,7a74a72572fc5320,1,True,377.1969997267893,1,1.9860553636909555,0.001350074486791937,0.0059349090193793665,61.55743845534446,5.734503940552565,8.2,1.0,6.931554219323889e-06,1.0398159624859374e-07,0.0010797453347997645,5.719545392989609,6,0,1.9594963163762422,346.59972680012135,0.9625334536939546,0.03746654630604531,0.75,346.59972680012135,0.03746654630604531,0.75,350.61730238151216,0.0,0.0,347.3871933464274,438,"[""trace"", ""feature"", ""binary""]","[0.5080805384428034, 0.022620330127362975, 0.75]",True,True,True,True,12,True,1.9594963163762422,0.9625334536939546
VH_2_MFA_BA,VH,MFA_BA,VH_2_MFA_BA__cand_01,all6,optuna,generic_seed,trial_440,optuna_multi,7a74a72572fc5320,1,True,360.8524239466637,1,6.944525456325896,0.03848958904021621,0.019772209651373406,56.3374428959916,0.0011510538679652875,8.2,1.0,0.0003394873014043832,0.008387968210939496,7.899667957519268e-05,2.0616590504421537,6,0,1.9724740194188304,363.50784842853295,0.9624136580058916,0.037586341994108353,0.4166666666666667,363.50784842853295,0.037586341994108353,0.4166666666666667,290.5882970541437,0.0,0.0,363.9621014371937,440,"[""trace"", ""feature"", ""binary""]","[0.49190901325332564, 0.04097462114255601, 0.4166666666666667]",True,True,True,True,13,True,1.9724740194188304,0.9624136580058916
VH_2_MFA_BA,VH,MFA_BA,VH_2_MFA_BA__cand_07,all6,optuna,generic_seed,trial_497,optuna_multi,7a74a72572fc5320,1,True,375.7051651346229,1,1.9860553636909555,0.0011400863701127321,0.0003722183790870474,56.19189219397068,0.21223717067582074,8.2,1.0,6.931554219323889e-06,1.0944885422058866e-07,0.00027186139357463694,3.203933130925507,6,0,1.9534572153914465,345.2554935608766,0.9623706092489664,0.03762939075103358,0.75,345.2554935608766,0.03762939075103358,0.75,292.161958955426,0.0,0.0,346.0431229516276,497,"[""trace"", ""feature"", ""binary""]","[0.5065791842487547, 0.022767509050550472, 0.75]",True,True,True,True,14,True,1.9534572153914465,0.9623706092489664
VH_2_MFA_BA,VH,MFA_BA,VH_2_MFA_BA__cand_08,all6,optuna,generic_seed,trial_392,optuna_multi,7a74a72572fc5320,1,True,375.7051833003711,1,1.9860553636909555,0.0011400863701127321,0.0003722183790870474,56.19189219397068,0.7158714383119805,8.2,1.0,6.931554219323889e-06,1.0944885422058866e-07,0.00027186139357463694,3.203933130925507,6,0,1.9534572195856814,345.255497179372,0.9623706045446682,0.0376293954553319,0.75,345.255497179372,0.0376293954553319,0.75,292.6159106216242,0.0,0.0,346.04312657482734,392,"[""trace"", ""feature"", ""binary""]","[0.5065791952264891, 0.022767507173429125, 0.75]",True,True,True,True,15,True,1.9534572195856814,0.9623706045446682
VH_2_MFA_BA,VH,MFA_BA,VH_2_MFA_BA__cand_09,all6,optuna,generic_seed,trial_415,optuna_multi,7a74a72572fc5320,1,True,375.7051833003711,1,1.9860553636909555,0.0011400863701127321,0.0003722183790870474,56.19189219397068,0.7158714383119805,8.2,1.0,6.931554219323889e-06,1.0944885422058866e-07,0.00027186139357463694,3.203933130925507,6,0,1.9534572195856814,345.255497179372,0.9623706045446682,0.0376293954553319,0.75,345.255497179372,0.0376293954553319,0.75,292.6159106216242,0.0,0.0,346.04312657482734,415,"[""trace"", ""feature"", ""binary""]","[0.5065791952264891, 0.022767507173429125, 0.75]",True,True,True,True,16,True,1.9534572195856814,0.9623706045446682
VH_2_MFA_BA,VH,MFA_BA,VH_2_MFA_BA__cand_16,all6,optuna,generic_seed,trial_476,optuna_multi,7a74a72572fc5320,1,True,392.6419337726334,1,131.41757465736364,0.075797972901368,0.019772209651373406,61.55743845534446,5.734503940552565,8.2,1.0,6.931554219323889e-06,0.008387968210939496,0.0010797453347997645,5.719545392989609,6,0,1.9730188406277132,365.5505514442056,0.961495519816455,0.03850448018354504,0.75,365.5505514442056,0.03850448018354504,0.75,348.9725030020575,0.0,0.0,366.33905592438913,476,"[""trace"", ""feature"", ""binary""]","[0.513836719852514, 0.0207799485383795, 0.75]",True,True,True,True,17,True,1.9730188406277132,0.961495519816455
VH_2_MFA_BA,VH,MFA_BA,VH_2_MFA_BA__cand_03,all6,optuna,generic_seed,trial_335,optuna_multi,7a74a72572fc5320,1,True,366.4112249556544,1,36.29933412377833,0.001350074486791937,4.0955478290697965e-05,61.55743845534446,44.8986563438078,8.2,1.0,8.824240860504109e-05,1.0398159624859374e-07,0.05435103757866309,0.7864337097489293,6,0,2.006964703208804,361.7700372118158,0.9452143904625084,0.054785609537491536,0.4166666666666667,361.7700372118158,0.054785609537491536,0.4166666666666667,356.3356698547874,0.0,0.0,362.24148948801997,335,"[""trace"", ""feature"", ""binary""]","[0.4954909117679945, 0.03112784532762658, 0.4166666666666667]",True,True,True,True,18,True,2.006964703208804,0.9452143904625084
VH_3_MFA,VH,MFA,VH_3_MFA__cand_35,all6,optuna,generic_seed,trial_491,optuna_multi,7a74a72572fc5320,1,True,1365.3297526535882,1,35.19818734234284,0.003470360595544151,0.26111241610093655,56.19189219397068,1.3358010700393925,8.2,1.0,6.931554219323889e-06,1.578232781079556e-06,0.034719151536374004,0.41299172660929345,6,0,5.032500170909528,1293.7655810890546,0.8580983485586753,0.14190165144132474,0.8333333333333334,1293.7655810890546,0.14190165144132474,0.8333333333333334,289.10496029622607,0.0,0.0,1294.7408160738291,491,"[""trace"", ""feature"", ""binary""]","[1.3011165224646601, 0.14257413568034216, 0.8333333333333334]",True,False,True,False,1,False,5.023559668740146,0.8570779645729347
VH_3_MFA,VH,MFA,VH_3_MFA__cand_33,all6,optuna,generic_seed,trial_31,optuna_multi,7a74a72572fc5320,1,True,1272.7594394657233,1,35.19818734234284,0.003470360595544151,1.9295761588097387e-05,56.19189219397068,0.872764295013774,8.2,1.0,6.931554219323889e-06,1.0944885422058866e-07,1.0888336764584933e-05,0.41299172660929345,6,0,4.902169581532647,1249.7372733044674,0.8567190224039272,0.1432809775960728,0.8333333333333334,1249.7372733044674,0.1432809775960728,0.8333333333333334,294.36278575378697,0.0,0.0,1250.7138876153967,31,"[""trace"", ""feature"", ""binary""]","[1.238620833773189, 0.14263819928430854, 0.8333333333333334]",True,False,True,False,2,False,4.902169581532647,0.8567190224039272
VH_3_MFA,VH,MFA,VH_3_MFA__cand_32,all6,optuna,generic_seed,trial_455,optuna_multi,7a74a72572fc5320,1,True,1254.9998485778078,1,76.47795613432226,0.003470360595544151,0.7209204192030191,56.19189219397068,0.872764295013774,8.2,1.0,6.931554219323889e-06,1.0944885422058866e-07,9.755011688381292e-05,0.41299172660929345,6,0,4.839890580253531,1232.4598012326544,0.8550039165353045,0.14499608346469553,0.8333333333333334,1232.4598012326544,0.14499608346469553,0.8333333333333334,291.08883438915433,0.0,0.0,1233.4381306494524,455,"[""trace"", ""feature"", ""binary""]","[1.223001848052386, 0.1443493583326193, 0.8333333333333334]",True,False,True,False,3,False,4.839890580253531,0.8550039165353045
VH_3_MFA,VH,MFA,VH_3_MFA__cand_09,all6,optuna,generic_seed,trial_432,optuna_multi,7a74a72572fc5320,1,True,1035.4664543866843,1,299.0029981301299,0.003470360595544151,0.0001304212538027048,104.51057480462259,33.30511746217269,8.2,1.0,9.222492453004649e-08,1.9606620200097793e-05,0.034719151536374004,3.203933130925507,6,0,4.727014726872382,1185.5564508543218,0.8539733649065208,0.14602663509347938,0.8333333333333334,1185.5564508543218,0.14602663509347938,0.8333333333333334,1000.9098920941256,0.0,0.0,1186.5358108227485,432,"[""trace"", ""feature"", ""binary""]","[1.0804049268642844, 0.1617005994394337, 0.8333333333333334]",True,False,True,False,4,False,4.727014726872382,0.8539733649065208
VH_3_MFA,VH,MFA,VH_3_MFA__cand_20,all6,optuna,generic_seed,trial_335,optuna_multi,7a74a72572fc5320,1,True,1131.0322034899707,1,19.635135337385357,0.003470360595544151,0.0003125457636899049,48.80995472389016,3.2191463496769184,8.2,1.0,9.222492453004649e-08,1.9606620200097793e-05,1.0888336764584933e-05,0.41299172660929345,6,0,4.731649500048811,1187.6032358205182,0.8539314444941436,0.1460685555058565,0.8333333333333334,1187.6032358205182,0.1460685555058565,0.8333333333333334,223.62161301582063,0.0,0.0,1188.5826377093574,335,"[""trace"", ""feature"", ""binary""]","[1.145045072964258, 0.15147278324439506, 0.8333333333333334]",True,False,True,False,5,False,4.731649500048811,0.8539314444941436
VH_3_MFA,VH,MFA,VH_3_MFA__cand_17,all6,optuna,generic_seed,trial_488,optuna_multi,7a74a72572fc5320,1,True,1119.7314642048093,1,19.635135337385357,0.003470360595544151,0.0001304212538027048,48.80995472389016,3.2191463496769184,8.2,1.0,5.238322156582346e-08,1.9606620200097793e-05,1.0888336764584933e-05,3.203933130925507,6,0,4.706226757458853,1177.6403875278465,0.8539086629407434,0.14609133705925662,0.8333333333333334,1177.6403875278465,0.14609133705925662,0.8333333333333334,225.6149835866493,0.0,0.0,1178.619812198239,488,"[""trace"", ""feature"", ""binary""]","[1.1374256501881383, 0.15150831778777374, 0.8333333333333334]",True,False,True,False,6,False,4.706226757458853,0.8539086629407434
VH_3_MFA,VH,MFA,VH_3_MFA__cand_11,all6,optuna,generic_seed,trial_437,optuna_multi,7a74a72572fc5320,1,True,1041.9708652700904,1,1.9860553636909555,0.007058572590901788,0.0001304212538027048,48.80995472389016,3.2191463496769184,8.2,1.0,1.9720874302402908e-07,1.578232781079556e-06,0.03220205344042296,3.203933130925507,6,0,4.788289535827268,1205.4949094237206,0.8534051924264588,0.1465948075735412,0.8333333333333334,1205.4949094237206,0.1465948075735412,0.8333333333333334,224.04807224352845,0.0,0.0,1206.4748375646275,437,"[""trace"", ""feature"", ""binary""]","[1.0872417208059113, 0.16114102339101277, 0.8333333333333334]",True,False,True,False,7,False,4.788289535827268,0.8534051924264588
VH_3_MFA,VH,MFA,VH_3_MFA__cand_10,all6,optuna,generic_seed,trial_473,optuna_multi,7a74a72572fc5320,1,True,1040.7484961132009,1,1.9860553636909555,0.007058572590901788,0.0001304212538027048,48.80995472389016,3.2191463496769184,8.2,1.0,1.9720874302402908e-07,1.578232781079556e-06,4.6943960527706385e-05,0.34107448845607236,6,0,4.788212857367211,1205.5196949754493,0.8533979916760414,0.14660200832395878,0.8333333333333334,1205.5196949754493,0.14660200832395878,0.8333333333333334,223.40148140555212,0.0,0.0,1206.4996303171065,473,"[""trace"", ""feature"", ""binary""]","[1.0864026217371552, 0.16115428744661087, 0.8333333333333334]",True,False,True,False,8,False,4.788212857367211,0.8533979916760414
VH_3_MFA,VH,MFA,VH_3_MFA__cand_14,all6,optuna,generic_seed,trial_471,optuna_multi,7a74a72572fc5320,1,True,1104.195119315222,1,21.118975505059517,0.003470360595544151,1.1586756046939324,56.19189219397068,12.645799687218885,8.2,1.0,5.238322156582346e-08,9.275294835907672e-08,1.051034141135818e-05,5.202070575134441,6,0,4.911027467925835,1277.30769977743,0.8529730674729935,0.1470269325270066,0.5,1277.30769977743,0.1470269325270066,0.5,300.1930698287749,0.0,0.0,1277.954726709957,471,"[""trace"", ""feature"", ""binary""]","[1.1144702160991644, 0.1605643413532708, 0.5]",True,False,True,False,9,False,4.911027467925835,0.8529730674729935
VH_3_MFA,VH,MFA,VH_3_MFA__cand_15,all6,optuna,generic_seed,trial_321,optuna_multi,7a74a72572fc5320,1,True,1118.4675750000076,1,2.353845387158846,0.007058572590901788,0.09754191385782286,139.4293716371739,3.2191463496769184,8.2,1.0,9.222492453004649e-08,1.5062722325200061e-05,0.0001159093450784577,1.4250466975271663,6,0,4.905422044461348,1270.0044770614008,0.852883166009808,0.14711683399019218,0.5,1270.0044770614008,0.14711683399019218,0.5,1769.7036201984993,0.0,0.0,1270.651593895391,321,"[""trace"", ""feature"", ""binary""]","[1.127575947158409, 0.158661824890876, 0.5]",True,False,True,False,10,False,4.905422044461348,0.852883166009808
VH_3_MFA,VH,MFA,VH_3_MFA__cand_16,all6,optuna,generic_seed,trial_458,optuna_multi,7a74a72572fc5320,1,True,1118.4675750000076,1,2.353845387158846,0.007058572590901788,0.09754191385782286,139.4293716371739,3.2191463496769184,8.2,1.0,9.222492453004649e-08,1.5062722325200061e-05,0.0001159093450784577,1.4250466975271663,6,0,4.905422044461348,1270.0044770614008,0.852883166009808,0.14711683399019218,0.5,1270.0044770614008,0.14711683399019218,0.5,1769.7036201984993,0.0,0.0,1270.651593895391,458,"[""trace"", ""feature"", ""binary""]","[1.127575947158409, 0.158661824890876, 0.5]",True,False,True,False,11,False,4.905422044461348,0.852883166009808
VH_3_MFA,VH,MFA,VH_3_MFA__cand_08,all6,optuna,generic_seed,trial_443,optuna_multi,7a74a72572fc5320,1,True,1019.2763392363485,1,37.05649890541619,0.003470360595544151,2.5943711605999785e-05,56.19189219397068,0.03373080268383927,8.2,1.0,3.1729073372306313e-07,1.4151235919053704e-06,6.472669269538615e-08,0.41299172660929345,6,0,4.722695205187271,1186.8467932180508,0.8523117416131916,0.1476882583868085,0.8333333333333334,1186.8467932180508,0.1476882583868085,0.8333333333333334,300.4671841224815,0.0,0.0,1187.8278148097709,443,"[""trace"", ""feature"", ""binary""]","[1.0673916270662926, 0.16295197436388653, 0.8333333333333334]",True,False,True,False,12,False,4.722695205187271,0.8523117416131916
VH_3_MFA,VH,MFA,VH_3_MFA__cand_31,all6,optuna,generic_seed,trial_386,optuna_multi,7a74a72572fc5320,1,True,1251.0173274299932,1,37.05649890541619,0.003470360595544151,0.0007168653409047049,56.19189219397068,0.03373080268383927,8.2,1.0,3.1729073372306313e-07,1.4151235919053704e-06,6.472669269538615e-08,0.41299172660929345,6,0,4.72275627498988,1186.8788490438365,0.8523006174166827,0.14769938258331736,0.8333333333333334,1186.8788490438365,0.14769938258331736,0.8333333333333334,297.8746377740174,0.0,0.0,1187.859881759753,386,"[""trace"", ""feature"", ""binary""]","[1.2215265712584324, 0.14448501142394388, 0.8333333333333334]",True,False,True,False,13,False,4.72275627498988,0.8523006174166827
VH_3_MFA,VH,MFA,VH_3_MFA__cand_30,all6,optuna,generic_seed,trial_494,optuna_multi,7a74a72572fc5320,1,True,1251.0172236525075,1,37.05649890541619,0.003470360595544151,0.0007168653409047049,44.60235110588261,0.03373080268383927,8.2,1.0,3.1729073372306313e-07,1.4151235919053704e-06,6.472669269538615e-08,0.41299172660929345,6,0,4.722755839141407,1186.8787409413387,0.8523003873095587,0.14769961269044146,0.8333333333333334,1186.8787409413387,0.14769961269044146,0.8333333333333334,192.09980070754835,0.0,0.0,1187.8597738873625,494,"[""trace"", ""feature"", ""binary""]","[1.221526468976217, 0.14448522742971381, 0.8333333333333334]",True,False,True,False,14,False,4.722755839141407,0.8523003873095587
VH_3_MFA,VH,MFA,VH_3_MFA__cand_26,all6,optuna,generic_seed,trial_397,optuna_multi,7a74a72572fc5320,1,True,1242.0414922123796,1,35.19818734234284,0.003470360595544151,1.1586756046939324,56.19189219397068,0.021550357014267787,8.2,1.0,1.3251422206313916e-07,9.275294835907672e-08,1.051034141135818e-05,5.202070575134441,6,0,4.834546773034283,1241.6547879857906,0.8519069961077753,0.1480930038922248,0.5,1241.6547879857906,0.1480930038922248,0.5,296.34244883385685,0.0,0.0,1242.3028809896828,397,"[""trace"", ""feature"", ""binary""]","[1.207848795116311, 0.14830967013903207, 0.5]",True,False,True,False,15,False,4.834546773034283,0.8519069961077753
VH_3_MFA,VH,MFA,VH_3_MFA__cand_27,all6,optuna,generic_seed,trial_415,optuna_multi,7a74a72572fc5320,1,True,1242.0414922123796,1,35.19818734234284,0.003470360595544151,1.1586756046939324,56.19189219397068,0.021550357014267787,8.2,1.0,1.3251422206313916e-07,9.275294835907672e-08,1.051034141135818e-05,5.202070575134441,6,0,4.834546773034283,1241.6547879857906,0.8519069961077753,0.1480930038922248,0.5,1241.6547879857906,0.1480930038922248,0.5,296.34244883385685,0.0,0.0,1242.3028809896828,415,"[""trace"", ""feature"", ""binary""]","[1.207848795116311, 0.14830967013903207, 0.5]",True,False,True,False,16,False,4.834546773034283,0.8519069961077753
VH_3_MFA,VH,MFA,VH_3_MFA__cand_25,all6,optuna,generic_seed,trial_287,optuna_multi,7a74a72572fc5320,1,True,1240.8200097430674,1,35.19818734234284,0.003470360595544151,1.1586756046939324,56.19189219397068,3.2191463496769184,8.2,1.0,1.3251422206313916e-07,9.275294835907672e-08,3.47712859223025e-05,1.2762758193117416,6,0,4.831877679388347,1240.4214910684016,0.8518700965282874,0.14812990347171273,0.5,1240.4214910684016,0.14812990347171273,0.5,296.27465811726574,0.0,0.0,1241.0696209718733,287,"[""trace"", ""feature"", ""binary""]","[1.2071918811484472, 0.14834673613732996, 0.5]",True,False,True,False,17,False,4.831877679388347,0.8518700965282874
VH_3_MFA,VH,MFA,VH_3_MFA__cand_29,all6,optuna,generic_seed,trial_450,optuna_multi,7a74a72572fc5320,1,True,1250.907455114423,1,25.930331727421667,0.003470360595544151,0.7209204192030191,56.19189219397068,0.0017444091459280931,8.2,1.0,3.1729073372306313e-07,1.0944885422058866e-07,9.755011688381292e-05,0.07392274977341988,6,0,4.819366372457828,1233.1208957027509,0.8518348692659878,0.14816513073401225,0.8333333333333334,1233.1208957027509,0.14816513073401225,0.8333333333333334,293.43387949888364,0.0,0.0,1234.1023941668182,450,"[""trace"", ""feature"", ""binary""]","[1.216170463445678, 0.1473210266918762, 0.8333333333333334]",True,False,True,False,18,False,4.819366372457828,0.8518348692659878
VH_3_MFA,VH,MFA,VH_3_MFA__cand_12,all6,optuna,generic_seed,trial_357,optuna_multi,7a74a72572fc5320,1,True,1061.84539909661,1,25.930331727421667,0.003470360595544151,0.7209204192030191,56.19189219397068,7.276051533878101,8.2,1.0,3.1729073372306313e-07,1.0944885422058866e-07,9.755011688381292e-05,0.07392274977341988,6,0,4.818273702720853,1232.8251188720817,0.8517511906804751,0.14824880931952503,0.5,1232.8251188720817,0.14824880931952503,0.5,294.66575455900943,0.0,0.0,1233.4733676814012,357,"[""trace"", ""feature"", ""binary""]","[1.0918757688928122, 0.16298702983946933, 0.5]",True,False,True,False,19,False,4.818273702720853,0.8517511906804751
VH_3_MFA,VH,MFA,VH_3_MFA__cand_18,all6,optuna,generic_seed,trial_475,optuna_multi,7a74a72572fc5320,1,True,1120.6245641066632,1,25.930331727421667,0.003470360595544151,0.7209204192030191,56.19189219397068,38.50345044335317,8.2,1.0,1.9720874302402908e-07,1.0944885422058866e-07,9.755011688381292e-05,0.41299172660929345,6,0,4.813916270830965,1231.3369189007924,0.8516742579972085,0.1483257420027916,0.5,1231.3369189007924,0.1483257420027916,0.5,296.880062497766,0.0,0.0,1231.9852446427951,475,"[""trace"", ""feature"", ""binary""]","[1.1318960953314916, 0.1566952803465128, 0.5]",True,False,True,False,20,False,4.813916270830965,0.8516742579972085
VH_3_MFA,VH,MFA,VH_3_MFA__cand_23,all6,optuna,generic_seed,trial_300,optuna_multi,7a74a72572fc5320,1,True,1220.8296284308212,1,35.19818734234284,0.003470360595544151,0.7209204192030191,56.19189219397068,3.8262249017093724,8.2,1.0,3.1729073372306313e-07,9.275294835907672e-08,9.755011688381292e-05,0.09110330753611932,6,0,4.790824374636576,1220.275128578211,0.8513278181766485,0.14867218182335165,0.5,1220.275128578211,0.14867218182335165,0.5,294.24575127627196,0.0,0.0,1220.9238007600343,300,"[""trace"", ""feature"", ""binary""]","[1.1970749637989357, 0.1488908917259938, 0.5]",True,False,True,False,21,False,4.790824374636576,0.8513278181766485
VH_3_MFA,VH,MFA,VH_3_MFA__cand_24,all6,optuna,generic_seed,trial_474,optuna_multi,7a74a72572fc5320,1,True,1220.8296284308212,1,35.19818734234284,0.003470360595544151,0.7209204192030191,56.19189219397068,3.8262249017093724,8.2,1.0,3.1729073372306313e-07,9.275294835907672e-08,9.755011688381292e-05,0.09110330753611932,6,0,4.790824374636576,1220.275128578211,0.8513278181766485,0.14867218182335165,0.5,1220.275128578211,0.14867218182335165,0.5,294.24575127627196,0.0,0.0,1220.9238007600343,474,"[""trace"", ""feature"", ""binary""]","[1.1970749637989357, 0.1488908917259938, 0.5]",True,False,True,False,22,False,4.790824374636576,0.8513278181766485
VH_3_MFA,VH,MFA,VH_3_MFA__cand_22,all6,optuna,generic_seed,trial_486,optuna_multi,7a74a72572fc5320,1,True,1188.1485716674113,1,2.353845387158846,0.007058572590901788,2.5146819912481963e-05,83.15310787671011,3.2191463496769184,8.2,1.0,5.039669988387703e-08,1.578232781079556e-06,0.03220205344042296,0.2644311088245752,6,0,4.72195272954759,1184.54777792925,0.8506430003734008,0.14935699962659935,0.8333333333333334,1184.54777792925,0.14935699962659935,0.8333333333333334,637.1554814867455,0.0,0.0,1185.53046826221,486,"[""trace"", ""feature"", ""binary""]","[1.1827660867353778, 0.1488873137508463, 0.8333333333333334]",True,False,True,False,23,False,4.72195272954759,0.8506430003734008
VH_3_MFA,VH,MFA,VH_3_MFA__cand_13,all6,optuna,generic_seed,trial_260,optuna_multi,7a74a72572fc5320,1,True,1095.4255406886246,1,1.9860553636909555,0.009457692079529038,0.0038540976762008188,48.80995472389016,15.635362728779524,8.2,1.0,3.0297198614905395e-08,1.578232781079556e-06,4.6943960527706385e-05,0.1865309785854381,6,0,4.73720227905707,1193.0651828343425,0.8503710859136039,0.14962891408639625,0.8333333333333334,1193.0651828343425,0.14962891408639625,0.8333333333333334,225.4452507918584,0.0,0.0,1194.0481450817622,260,"[""trace"", ""feature"", ""binary""]","[1.1185026789117136, 0.15914643744134616, 0.8333333333333334]",True,False,True,False,24,False,4.73720227905707,0.8503710859136039
VH_3_MFA,VH,MFA,VH_3_MFA__cand_21,all6,optuna,generic_seed,trial_387,optuna_multi,7a74a72572fc5320,1,True,1160.494986922491,1,1.9860553636909555,0.06598741607403362,2.5146819912481963e-05,83.15310787671011,0.004553943206855791,8.2,1.0,5.039669988387703e-08,0.004905912994162987,0.002214320899682393,0.2644311088245752,6,0,4.652061179450825,1153.3522951534103,0.850109229693604,0.14989077030639605,0.5,1153.3522951534103,0.14989077030639605,0.5,637.8731977000735,0.0,0.0,1154.0021859237168,387,"[""trace"", ""feature"", ""binary""]","[1.1672009258730418, 0.14939494487300653, 0.5]",True,False,True,False,25,False,4.652061179450825,0.850109229693604
VH_3_MFA,VH,MFA,VH_3_MFA__cand_34,all6,optuna,generic_seed,trial_344,optuna_multi,7a74a72572fc5320,1,True,1276.5138138670738,1,19.635135337385357,0.003470360595544151,0.0416650893835857,129.26784315202758,38.50345044335317,8.2,1.0,1.589258739773884e-08,1.0944885422058866e-07,1.0888336764584933e-05,0.1310967996160585,6,0,4.710685141165314,1183.2822726012926,0.8497221427004905,0.15027785729950957,0.5,1183.2822726012926,0.15027785729950957,0.5,1529.466764125551,0.0,0.0,1183.932550458592,344,"[""trace"", ""feature"", ""binary""]","[1.2360548917314589, 0.14607584701499843, 0.5]",True,False,True,False,26,False,4.710685141165314,0.8497221427004905
VH_3_MFA,VH,MFA,VH_3_MFA__cand_19,all6,optuna,generic_seed,trial_423,optuna_multi,7a74a72572fc5320,1,True,1129.428984086609,1,2.353845387158846,0.006487477066058677,0.0022502625864986576,104.51057480462259,3.2191463496769184,8.2,1.0,9.222492453004649e-08,1.9606620200097793e-05,0.0398444583530957,7.516403083944953,6,0,4.751469892712934,1191.2404108109838,0.8325182405230431,0.16748175947695687,0.8333333333333334,1191.2404108109838,0.16748175947695687,0.8333333333333334,997.7456350335524,0.0,0.0,1192.241225903794,423,"[""trace"", ""feature"", ""binary""]","[1.146079485164183, 0.15010934627836836, 0.8333333333333334]",True,False,True,False,27,False,4.751469892712934,0.8325182405230431
VH_3_MFA,VH,MFA,VH_3_MFA__cand_06,all6,optuna,generic_seed,trial_123,optuna_multi,7a74a72572fc5320,1,True,1010.5542421495302,1,1.9860553636909555,0.006487477066058677,0.0001304212538027048,104.51057480462259,33.30511746217269,8.2,1.0,5.238322156582346e-08,1.578232781079556e-06,0.0398444583530957,3.203933130925507,6,0,4.703301692768101,1175.4456125716015,0.8196924734947922,0.18030752650520768,0.8333333333333334,1175.4456125716015,0.18030752650520768,0.8333333333333334,1002.3468970153525,0.0,0.0,1176.45925343144,123,"[""trace"", ""feature"", ""binary""]","[1.0644588973675186, 0.19116550066680593, 0.8333333333333334]",True,False,True,False,28,False,4.703301692768101,0.8196924734947922
VH_3_MFA,VH,MFA,VH_3_MFA__cand_07,all6,optuna,generic_seed,trial_320,optuna_multi,7a74a72572fc5320,1,True,1013.5675401062409,1,1.9860553636909555,0.006487477066058677,0.0001304212538027048,17.964319772887684,33.30511746217269,8.2,1.0,3.0297198614905395e-08,1.578232781079556e-06,4.6943960527706385e-05,0.34107448845607236,6,0,4.691539491764812,1171.4980813590928,0.8187933614400066,0.18120663855999344,0.8333333333333334,1171.4980813590928,0.18120663855999344,0.8333333333333334,41.84127113964537,0.0,0.0,1172.5126213309861,320,"[""trace"", ""feature"", ""binary""]","[1.0657192677503855, 0.16558288153524847, 0.8333333333333334]",True,False,True,False,29,False,4.691539491764812,0.8187933614400066
VH_3_MFA,VH,MFA,VH_3_MFA__cand_05,all6,optuna,generic_seed,trial_452,optuna_multi,7a74a72572fc5320,1,True,1009.5872028574247,1,1.9860553636909555,0.006487477066058677,0.0001304212538027048,61.55743845534446,33.30511746217269,8.2,1.0,5.238322156582346e-08,1.578232781079556e-06,0.0024910671015086986,5.202070575134441,6,0,4.7031015920250665,1175.372878275941,0.8185575355986611,0.18144246440133893,0.8333333333333334,1175.372878275941,0.18144246440133893,0.8333333333333334,354.6773894690585,0.0,0.0,1176.3876540736755,452,"[""trace"", ""feature"", ""binary""]","[1.0639073579057068, 0.19820528533156168, 0.8333333333333334]",True,False,True,False,30,False,4.7031015920250665,0.8185575355986611
VH_3_MFA,VH,MFA,VH_3_MFA__cand_01,all6,optuna,generic_seed,trial_338,optuna_multi,7a74a72572fc5320,1,True,961.2409424252451,1,37.05649890541619,0.0018170401889219116,2.5943711605999785e-05,17.964319772887684,15.295404974738686,8.2,1.0,4.8867593032889744e-08,1.4151235919053704e-06,4.93135237149876e-07,3.203933130925507,6,0,4.595169159713254,1139.5871596153208,0.6365095794963209,0.363490420503679,0.8333333333333334,1139.5871596153208,0.363490420503679,0.8333333333333334,46.79238939493219,0.0,0.0,1140.7839833691578,338,"[""trace"", ""feature"", ""binary""]","[1.031180782896057, 0.34763888396967657, 0.8333333333333334]",True,False,True,False,31,False,4.595169159713254,0.6365095794963209
VH_3_MFA,VH,MFA,VH_3_MFA__cand_04,all6,optuna,generic_seed,trial_456,optuna_multi,7a74a72572fc5320,1,True,977.7603007018982,1,1.0099908101915271,0.006487477066058677,0.0001304212538027048,61.55743845534446,0.03373080268383927,8.2,1.0,1.589258739773884e-08,1.578232781079556e-06,0.034719151536374004,7.516403083944953,6,0,4.647344327879005,1155.9525025424316,0.6014442625453809,0.3985557374546192,0.5,1155.9525025424316,0.3985557374546192,0.5,354.0802596419592,0.0,0.0,1156.8510582798863,456,"[""trace"", ""feature"", ""binary""]","[1.0436647349653343, 0.40725292460569895, 0.5]",True,False,True,False,32,False,4.647344327879005,0.6014442625453809
VH_3_MFA,VH,MFA,VH_3_MFA__cand_03,all6,optuna,generic_seed,trial_299,optuna_multi,7a74a72572fc5320,1,True,971.0581897684541,1,299.0029981301299,0.0006358541141199491,0.0001304212538027048,104.51057480462259,33.30511746217269,8.2,1.0,3.1729073372306313e-07,1.578232781079556e-06,0.034719151536374004,3.203933130925507,6,0,4.5817169604001435,1148.779888102181,0.39539950146087294,0.604600498539127,0.8333333333333334,1148.779888102181,0.604600498539127,0.8333333333333334,1000.7103272362907,0.0,0.0,1150.2178219340535,299,"[""trace"", ""feature"", ""binary""]","[1.0222661742271388, 0.6200257095983241, 0.8333333333333334]",True,False,False,False,33,False,4.5817169604001435,0.39539950146087294
VH_3_MFA,VH,MFA,VH_3_MFA__cand_02,all6,optuna,generic_seed,trial_451,optuna_multi,7a74a72572fc5320,1,True,967.9631959135129,1,299.0029981301299,0.0006358541141199491,0.0001304212538027048,89.52642733753338,33.30511746217269,8.2,1.0,9.222492453004649e-08,1.578232781079556e-06,0.034719151536374004,3.203933130925507,6,0,4.57064267719565,1145.5692669392008,0.3930958288726663,0.6069041711273336,0.8333333333333334,1145.5692669392008,0.6069041711273336,0.8333333333333334,738.2717789206265,0.0,0.0,1147.0095044436614,451,"[""trace"", ""feature"", ""binary""]","[1.0192771641537466, 0.6221673235675422, 0.8333333333333334]",True,False,False,False,34,False,4.57064267719565,0.3930958288726663
VH_3_MFA,VH,MFA,VH_3_MFA__cand_28,all6,optuna,generic_seed,trial_383,optuna_multi,7a74a72572fc5320,1,True,1248.750696016209,1,140.8537204527697,0.0031375859487281395,0.0001304212538027048,104.51057480462259,0.021550357014267787,8.2,1.0,4.701467226288984e-08,3.5057749039614176e-06,1.051034141135818e-05,0.7362015234254626,6,6,,inf,0.0,1.0,1.0,1000000000000.0,1.0,1.0,998.5270110928582,0.0,6.0,1000000000008.0,383,"[""trace"", ""feature"", ""binary""]","[1.2202677106119022, 0.14588926715301243, 0.8333333333333334]",True,False,False,False,35,False,,0.0
VH_3_MFA_BA,VH,MFA_BA,VH_3_MFA_BA__cand_41,all6,optuna,generic_seed,trial_407,optuna_multi,7a74a72572fc5320,1,True,833.2832654625553,1,1.9860553636909555,0.0011400863701127321,0.054053269521845304,6.9675619079996585,0.11203287434833595,8.2,1.0,2.1138200604234036e-05,5.816645660821986e-06,0.0002850183875843364,0.9316378543599684,6,0,3.4578616199532757,703.161469191909,0.9850682830817791,0.014931716918220922,0.5,703.161469191909,0.014931716918220922,0.5,6.840657551235932,0.0,0.0,703.6764009088272,407,"[""trace"", ""feature"", ""binary""]","[0.9876294846653283, 0.015105192782273513, 0.5]",True,True,True,True,1,True,3.149203865255009,0.9853277068116401
VH_3_MFA_BA,VH,MFA_BA,VH_3_MFA_BA__cand_20,all6,optuna,generic_seed,trial_462,optuna_multi,7a74a72572fc5320,1,True,465.47028608045173,1,1.9860553636909555,0.0009342699405616653,0.0033556511123787065,86.32112668138184,0.7158714383119805,8.2,1.0,4.313297874988255e-06,3.1648327830438766e-05,0.0398444583530957,3.203933130925507,6,0,2.6889070022828485,511.198614808942,0.9784007467915791,0.02159925320842083,1.0,511.198614808942,0.02159925320842083,1.0,680.5958563945898,0.0,0.0,512.2202140621505,462,"[""trace"", ""feature"", ""binary""]","[0.6265276699190636, 0.028388541599091988, 1.0]",True,True,True,True,2,True,2.6889070022828485,0.9784007467915791
VH_3_MFA_BA,VH,MFA_BA,VH_3_MFA_BA__cand_40,all6,optuna,generic_seed,trial_469,optuna_multi,7a74a72572fc5320,1,True,570.2166474127426,1,1.9860553636909555,0.0011400863701127321,0.09045221127448173,88.54424137722116,0.7158714383119805,8.2,1.0,6.931554219323889e-06,4.742798105838863e-06,1.5577217702692994e-05,3.203933130925507,6,0,2.4698490104095825,466.59743685619316,0.9715112116080687,0.028488788391931374,1.0,466.59743685619316,0.028488788391931374,1.0,714.1779817194646,0.0,0.0,467.6259256445851,469,"[""trace"", ""feature"", ""binary""]","[0.7170539538541406, 0.014600295018554754, 1.0]",True,True,True,True,3,True,2.4698490104095825,0.9715112116080687
VH_3_MFA_BA,VH,MFA_BA,VH_3_MFA_BA__cand_39,all6,optuna,generic_seed,trial_404,optuna_multi,7a74a72572fc5320,1,True,559.6316867528615,1,1.9860553636909555,0.0011400863701127321,0.09045221127448173,88.54424137722116,0.7158714383119805,8.2,1.0,6.931554219323889e-06,1.578232781079556e-06,1.5577217702692994e-05,7.516403083944953,6,0,2.4417899844439113,457.5746575158212,0.9700349055898485,0.029965094410151594,1.0,457.5746575158212,0.029965094410151594,1.0,714.8736978279914,0.0,0.0,458.60462261023133,404,"[""trace"", ""feature"", ""binary""]","[0.7085431316880705, 0.015694358446791568, 1.0]",True,True,True,True,4,True,2.4417899844439113,0.9700349055898485
VH_3_MFA_BA,VH,MFA_BA,VH_3_MFA_BA__cand_19,all6,optuna,generic_seed,trial_170,optuna_multi,7a74a72572fc5320,1,True,457.3164810367893,1,5.990229450735488,0.005456725485601475,0.0059349090193793665,144.4833809160917,0.872764295013774,8.2,1.0,0.0018375468962060866,0.002552396044676549,2.0802937409093853e-08,0.22155151863294853,6,0,2.3967932301083157,451.1917177358612,0.9678634656371573,0.03213653436284275,1.0,451.1917177358612,0.03213653436284275,1.0,1903.2209828268844,0.0,0.0,452.223854270224,170,"[""trace"", ""feature"", ""binary""]","[0.6040226345394691, 0.031206816876629517, 1.0]",True,True,True,True,5,True,2.3967932301083157,0.9678634656371573
VH_3_MFA_BA,VH,MFA_BA,VH_3_MFA_BA__cand_15,all6,optuna,generic_seed,trial_244,optuna_multi,7a74a72572fc5320,1,True,448.7772189571271,1,61.2434142840243,0.075797972901368,4.0955478290697965e-05,93.01988967023051,0.15935845079964397,8.2,1.0,0.008201678186795028,0.008387968210939496,2.0784112373691518e-05,7.1300113348033465,6,0,2.392265842206322,448.73908710353516,0.9678178644247734,0.03218213557522673,1.0,448.73908710353516,0.03218213557522673,1.0,790.296284612565,0.0,0.0,449.7712692391104,244,"[""trace"", ""feature"", ""binary""]","[0.5972502830973879, 0.032358765168744585, 1.0]",True,True,True,True,6,True,2.392265842206322,0.9678178644247734
VH_3_MFA_BA,VH,MFA_BA,VH_3_MFA_BA__cand_33,all6,optuna,generic_seed,trial_182,optuna_multi,7a74a72572fc5320,1,True,537.5356673732412,1,61.2434142840243,0.075797972901368,4.0955478290697965e-05,93.01988967023051,0.15935845079964397,8.2,1.0,0.0007299951667436656,0.008387968210939496,0.003943417799232395,7.1300113348033465,6,0,2.3922208536282836,448.72986443135005,0.967817823812266,0.03218217618773409,1.0,448.72986443135005,0.03218217618773409,1.0,789.8565803218269,0.0,0.0,449.7620466075378,182,"[""trace"", ""feature"", ""binary""]","[0.6846962749000115, 0.018945986706318307, 1.0]",True,True,True,True,7,True,2.3922208536282836,0.967817823812266
VH_3_MFA_BA,VH,MFA_BA,VH_3_MFA_BA__cand_29,all6,optuna,generic_seed,trial_166,optuna_multi,7a74a72572fc5320,1,True,536.764656505714,1,1.9860553636909555,0.0011400863701127321,0.09045221127448173,26.006039294213224,0.872764295013774,8.2,1.0,6.931554219323889e-06,1.578232781079556e-06,1.0888336764584933e-05,3.203933130925507,6,0,2.3825065023070895,444.29247545000527,0.967201420313609,0.03279857968639111,1.0,444.29247545000527,0.03279857968639111,1.0,66.06459394696527,0.0,0.0,445.3252740296917,166,"[""trace"", ""feature"", ""binary""]","[0.6854905939238122, 0.018725578572193258, 1.0]",True,True,True,True,8,True,2.3825065023070895,0.967201420313609
VH_3_MFA_BA,VH,MFA_BA,VH_3_MFA_BA__cand_30,all6,optuna,generic_seed,trial_295,optuna_multi,7a74a72572fc5320,1,True,536.764656505714,1,1.9860553636909555,0.0011400863701127321,0.09045221127448173,26.006039294213224,0.872764295013774,8.2,1.0,6.931554219323889e-06,1.578232781079556e-06,1.0888336764584933e-05,3.203933130925507,6,0,2.3825065023070895,444.29247545000527,0.967201420313609,0.03279857968639111,1.0,444.29247545000527,0.03279857968639111,1.0,66.06459394696527,0.0,0.0,445.3252740296917,295,"[""trace"", ""feature"", ""binary""]","[0.6854905939238122, 0.018725578572193258, 1.0]",True,True,True,True,9,True,2.3825065023070895,0.967201420313609
VH_3_MFA_BA,VH,MFA_BA,VH_3_MFA_BA__cand_31,all6,optuna,generic_seed,trial_468,optuna_multi,7a74a72572fc5320,1,True,536.764656505714,1,1.9860553636909555,0.0011400863701127321,0.09045221127448173,26.006039294213224,29.18346281598263,8.2,1.0,6.931554219323889e-06,1.578232781079556e-06,1.5577217702692994e-05,3.203933130925507,6,0,2.3825065023070895,444.29247545000527,0.967201420313609,0.03279857968639111,1.0,444.29247545000527,0.03279857968639111,1.0,68.83683744592614,0.0,0.0,445.3252740296917,468,"[""trace"", ""feature"", ""binary""]","[0.6854905939238122, 0.018725578572193258, 1.0]",True,True,True,True,10,True,2.3825065023070895,0.967201420313609
VH_3_MFA_BA,VH,MFA_BA,VH_3_MFA_BA__cand_32,all6,optuna,generic_seed,trial_472,optuna_multi,7a74a72572fc5320,1,True,536.764656505714,1,1.9860553636909555,0.0011400863701127321,0.09045221127448173,26.006039294213224,0.872764295013774,8.2,1.0,6.931554219323889e-06,1.578232781079556e-06,1.5577217702692994e-05,3.203933130925507,6,0,2.3825065023070895,444.29247545000527,0.967201420313609,0.03279857968639111,1.0,444.29247545000527,0.03279857968639111,1.0,65.89221322922361,0.0,0.0,445.3252740296917,472,"[""trace"", ""feature"", ""binary""]","[0.6854905939238122, 0.018725578572193258, 1.0]",True,True,True,True,11,True,2.3825065023070895,0.967201420313609
VH_3_MFA_BA,VH,MFA_BA,VH_3_MFA_BA__cand_35,all6,optuna,generic_seed,trial_225,optuna_multi,7a74a72572fc5320,1,True,540.4154213165695,1,1.9860553636909555,0.0011400863701127321,0.09045221127448173,50.854468657305105,0.7158714383119805,8.2,1.0,6.931554219323889e-06,1.578232781079556e-06,1.5577217702692994e-05,3.203933130925507,6,0,2.3825065023070895,444.29247545000527,0.967201420313609,0.03279857968639111,1.0,444.29247545000527,0.03279857968639111,1.0,238.51344370112474,0.0,0.0,445.3252740296917,225,"[""trace"", ""feature"", ""binary""]","[0.6892924721811943, 0.018344231593099836, 1.0]",True,True,True,True,12,True,2.3825065023070895,0.967201420313609
VH_3_MFA_BA,VH,MFA_BA,VH_3_MFA_BA__cand_36,all6,optuna,generic_seed,trial_342,optuna_multi,7a74a72572fc5320,1,True,540.4154213165695,1,1.9860553636909555,0.0011400863701127321,0.09045221127448173,26.006039294213224,0.872764295013774,8.2,1.0,6.931554219323889e-06,1.578232781079556e-06,1.5577217702692994e-05,3.203933130925507,6,0,2.3825065023070895,444.29247545000527,0.967201420313609,0.03279857968639111,1.0,444.29247545000527,0.03279857968639111,1.0,65.89258565376826,0.0,0.0,445.3252740296917,342,"[""trace"", ""feature"", ""binary""]","[0.6892924721811943, 0.018344231593099836, 1.0]",True,True,True,True,13,True,2.3825065023070895,0.967201420313609
VH_3_MFA_BA,VH,MFA_BA,VH_3_MFA_BA__cand_37,all6,optuna,generic_seed,trial_380,optuna_multi,7a74a72572fc5320,1,True,540.4154213165695,1,1.9860553636909555,0.0011400863701127321,0.09045221127448173,88.54424137722116,0.7158714383119805,8.2,1.0,6.931554219323889e-06,1.578232781079556e-06,1.5577217702692994e-05,3.203933130925507,6,0,2.3825065023070895,444.29247545000527,0.967201420313609,0.03279857968639111,1.0,444.29247545000527,0.03279857968639111,1.0,714.7706972977438,0.0,0.0,445.3252740296917,380,"[""trace"", ""feature"", ""binary""]","[0.6892924721811943, 0.018344231593099836, 1.0]",True,True,True,True,14,True,2.3825065023070895,0.967201420313609
VH_3_MFA_BA,VH,MFA_BA,VH_3_MFA_BA__cand_17,all6,optuna,generic_seed,trial_450,optuna_multi,7a74a72572fc5320,1,True,450.73882778199373,1,1.9860553636909555,0.0011400863701127321,0.09045221127448173,26.006039294213224,0.0017444091459280931,8.2,1.0,6.931554219323889e-06,1.578232781079556e-06,1.0888336764584933e-05,3.203933130925507,6,0,2.3834991759981756,443.42380663556156,0.9671163143938598,0.032883685606140245,1.0,443.42380663556156,0.032883685606140245,1.0,66.3441235137126,0.0,0.0,444.4566903211677,450,"[""trace"", ""feature"", ""binary""]","[0.6018059562312508, 0.031672095651920196, 1.0]",True,True,True,True,15,True,2.3834991759981756,0.9671163143938598
VH_3_MFA_BA,VH,MFA_BA,VH_3_MFA_BA__cand_28,all6,optuna,generic_seed,trial_437,optuna_multi,7a74a72572fc5320,1,True,532.6175325635672,1,1.9860553636909555,0.0011400863701127321,0.09045221127448173,86.32112668138184,0.7158714383119805,8.2,1.0,6.931554219323889e-06,1.578232781079556e-06,1.5577217702692994e-05,1.5038206124421383,6,0,2.360233339950496,439.0531203198722,0.9660363640162628,0.03396363598373723,1.0,439.0531203198722,0.03396363598373723,1.0,679.5302914681183,0.0,0.0,440.087083955856,437,"[""trace"", ""feature"", ""binary""]","[0.6814092304681107, 0.01944462264996416, 1.0]",True,True,True,True,16,True,2.360233339950496,0.9660363640162628
VH_3_MFA_BA,VH,MFA_BA,VH_3_MFA_BA__cand_24,all6,optuna,generic_seed,trial_421,optuna_multi,7a74a72572fc5320,1,True,519.2480427952008,1,1.9860553636909555,0.0011400863701127321,0.008975212977907144,108.91370005839923,0.003616777768459182,8.2,1.0,6.931554219323889e-06,1.578232781079556e-06,1.0888336764584933e-05,3.203933130925507,6,0,2.351031421342134,428.7440930094176,0.9657640810245769,0.034235918975423114,1.0,428.7440930094176,0.034235918975423114,1.0,1079.3918111393684,0.0,0.0,429.778328928393,421,"[""trace"", ""feature"", ""binary""]","[0.6757995043410921, 0.019926617985264072, 1.0]",True,True,True,True,17,True,2.351031421342134,0.9657640810245769
VH_3_MFA_BA,VH,MFA_BA,VH_3_MFA_BA__cand_26,all6,optuna,generic_seed,trial_465,optuna_multi,7a74a72572fc5320,1,True,522.899909190301,1,1.9860553636909555,0.0011400863701127321,0.008975212977907144,108.91370005839923,0.003616777768459182,8.2,1.0,6.931554219323889e-06,1.578232781079556e-06,1.0888336764584933e-05,3.203933130925507,6,0,2.351031421342134,428.7440930094176,0.9657640810245769,0.034235918975423114,1.0,428.7440930094176,0.034235918975423114,1.0,1079.3921835639132,0.0,0.0,429.778328928393,465,"[""trace"", ""feature"", ""binary""]","[0.679688601732475, 0.01952902858183625, 1.0]",True,True,True,True,18,True,2.351031421342134,0.9657640810245769
VH_3_MFA_BA,VH,MFA_BA,VH_3_MFA_BA__cand_25,all6,optuna,generic_seed,trial_466,optuna_multi,7a74a72572fc5320,1,True,522.1027605285814,1,1.9860553636909555,0.0011400863701127321,0.0018815135585230286,13.737310998995122,0.872764295013774,8.2,1.0,6.931554219323889e-06,1.578232781079556e-06,1.5577217702692994e-05,3.203933130925507,6,0,2.347189811698717,428.1842389104974,0.9657135455898246,0.03428645441017536,1.0,428.1842389104974,0.03428645441017536,1.0,21.824210923866676,0.0,0.0,429.2185253649076,466,"[""trace"", ""feature"", ""binary""]","[0.6787021669249166, 0.01959447499007505, 1.0]",True,True,True,True,19,True,2.347189811698717,0.9657135455898246
VH_3_MFA_BA,VH,MFA_BA,VH_3_MFA_BA__cand_23,all6,optuna,generic_seed,trial_473,optuna_multi,7a74a72572fc5320,1,True,518.2230863363351,1,1.9860553636909555,0.0011400863701127321,0.0003125457636899049,86.32112668138184,0.7158714383119805,8.2,1.0,6.931554219323889e-06,1.578232781079556e-06,1.5577217702692994e-05,3.203933130925507,6,0,2.3465966848145166,427.89829660420907,0.9656867931001357,0.034313206899864224,1.0,427.89829660420907,0.034313206899864224,1.0,680.1615747813848,0.0,0.0,428.93260981110893,473,"[""trace"", ""feature"", ""binary""]","[0.6746719455150617, 0.020009716805614475, 1.0]",True,True,True,True,20,True,2.3465966848145166,0.9656867931001357
VH_3_MFA_BA,VH,MFA_BA,VH_3_MFA_BA__cand_04,all6,optuna,generic_seed,trial_446,optuna_multi,7a74a72572fc5320,1,True,389.51358036488926,1,1.9860553636909555,0.0011400863701127321,0.0003125457636899049,6.9675619079996585,0.872764295013774,8.2,1.0,6.931554219323889e-06,1.578232781079556e-06,1.5577217702692994e-05,3.203933130925507,6,0,2.346597127581194,427.898132094137,0.9656867875268814,0.03431321247311852,1.0,427.898132094137,0.03431321247311852,1.0,10.165228313655021,0.0,0.0,428.93244530661013,446,"[""trace"", ""feature"", ""binary""]","[0.5514939495381688, 0.0384098188280787, 1.0]",True,True,True,True,21,True,2.346597127581194,0.9656867875268814
VH_3_MFA_BA,VH,MFA_BA,VH_3_MFA_BA__cand_06,all6,optuna,generic_seed,trial_249,optuna_multi,7a74a72572fc5320,1,True,396.71804157839,1,354.9804671237963,0.0009342699405616653,0.0059349090193793665,144.4833809160917,0.003616777768459182,8.2,1.0,5.660670699258882e-07,0.002552396044676549,4.2217145573715135e-07,0.22155151863294853,6,0,2.3609346907783073,451.83666203951117,0.9639058721711292,0.036094127828870705,1.0,451.83666203951117,0.036094127828870705,1.0,1903.2318256500118,0.0,0.0,452.87275616734,249,"[""trace"", ""feature"", ""binary""]","[0.5380603727082525, 0.04265441833798622, 1.0]",True,True,True,True,22,True,2.3609346907783073,0.9639058721711292
VH_3_MFA_BA,VH,MFA_BA,VH_3_MFA_BA__cand_22,all6,optuna,generic_seed,trial_456,optuna_multi,7a74a72572fc5320,1,True,508.5582009796423,1,1.9860553636909555,0.0011400863701127321,0.008975212977907144,108.91370005839923,0.0011405478547473157,8.2,1.0,6.931554219323889e-06,1.578232781079556e-06,1.0888336764584933e-05,0.06574930931112102,6,0,2.3112710476409464,419.1811854800842,0.9635416301022749,0.03645836989772503,1.0,419.1811854800842,0.03645836989772503,1.0,1081.2684507045667,0.0,0.0,420.2176438499819,456,"[""trace"", ""feature"", ""binary""]","[0.6639880552121665, 0.021643151053165943, 1.0]",True,True,True,True,23,True,2.3112710476409464,0.9635416301022749
VH_3_MFA_BA,VH,MFA_BA,VH_3_MFA_BA__cand_38,all6,optuna,generic_seed,trial_373,optuna_multi,7a74a72572fc5320,1,True,549.8656597703106,1,1.9860553636909555,0.0009342699405616653,0.4368750258682533,6.9675619079996585,0.7158714383119805,8.2,1.0,4.313297874988255e-06,3.5057749039614176e-06,4.6943960527706385e-05,3.203933130925507,6,0,2.396432709233079,484.04981752902137,0.9632525329935282,0.036747467006471746,1.0,484.04981752902137,0.036747467006471746,1.0,9.874187639964653,0.0,0.0,485.08656499602785,373,"[""trace"", ""feature"", ""binary""]","[0.6609336502323443, 0.025533651647418498, 1.0]",True,True,True,True,24,True,2.396432709233079,0.9632525329935282
VH_3_MFA_BA,VH,MFA_BA,VH_3_MFA_BA__cand_34,all6,optuna,generic_seed,trial_402,optuna_multi,7a74a72572fc5320,1,True,538.731918833744,1,1.9860553636909555,0.0011400863701127321,0.4368750258682533,108.91370005839923,19.78165699072452,8.2,1.0,4.313297874988255e-06,2.8340338068457848e-06,4.6943960527706385e-05,3.203933130925507,6,0,2.372178000393483,477.3598187936848,0.9615901811719213,0.03840981882807867,1.0,477.3598187936848,0.03840981882807867,1.0,1082.7693986767558,0.0,0.0,478.39822861251287,402,"[""trace"", ""feature"", ""binary""]","[0.6517127253167355, 0.02718401314365393, 1.0]",True,True,True,True,25,True,2.372178000393483,0.9615901811719213
VH_3_MFA_BA,VH,MFA_BA,VH_3_MFA_BA__cand_27,all6,optuna,generic_seed,trial_497,optuna_multi,7a74a72572fc5320,1,True,531.8959412438488,1,1.9860553636909555,0.0009342699405616653,0.4368750258682533,86.32112668138184,0.005255253176182598,8.2,1.0,4.313297874988255e-06,1.578232781079556e-06,8.53873772948728e-06,3.203933130925507,6,0,2.34293814710655,469.38250057674526,0.9615569387310702,0.038443061268929817,0.5,469.38250057674526,0.038443061268929817,0.5,680.9262518949412,0.0,0.0,469.9209436380142,497,"[""trace"", ""feature"", ""binary""]","[0.644268837776515, 0.02830913879334984, 0.5]",True,True,True,True,26,True,2.34293814710655,0.9615569387310702
VH_3_MFA_BA,VH,MFA_BA,VH_3_MFA_BA__cand_21,all6,optuna,generic_seed,trial_387,optuna_multi,7a74a72572fc5320,1,True,484.2787117355443,1,5.990229450735488,0.0011400863701127321,0.0059349090193793665,86.32112668138184,0.004553943206855791,8.2,1.0,5.660670699258882e-07,0.004905912994162987,0.002214320899682393,0.22155151863294853,6,0,2.4124221889792508,451.2087904692919,0.9607180859954213,0.039281914004578804,0.5,451.2087904692919,0.039281914004578804,0.5,682.1720930122764,0.0,0.0,451.74807238329646,387,"[""trace"", ""feature"", ""binary""]","[0.6346365774238237, 0.033045480730673815, 0.5]",True,True,True,True,27,True,2.4124221889792508,0.9607180859954213
VH_3_MFA_BA,VH,MFA_BA,VH_3_MFA_BA__cand_02,all6,optuna,generic_seed,trial_490,optuna_multi,7a74a72572fc5320,1,True,371.8044470660235,1,1.9860553636909555,0.0011400863701127321,0.008975212977907144,86.32112668138184,0.003616777768459182,8.2,1.0,4.313297874988255e-06,1.578232781079556e-06,8.53873772948728e-06,3.203933130925507,6,0,2.119186534506793,376.90175285867355,0.9569900445969065,0.043009955403093596,0.5,376.90175285867355,0.043009955403093596,0.5,679.7131773603631,0.0,0.0,377.4447628140766,490,"[""trace"", ""feature"", ""binary""]","[0.5235718445502201, 0.044357323303417684, 0.5]",True,True,True,True,28,True,2.119186534506793,0.9569900445969065
VH_3_MFA_BA,VH,MFA_BA,VH_3_MFA_BA__cand_16,all6,optuna,generic_seed,trial_488,optuna_multi,7a74a72572fc5320,1,True,449.06175217095006,1,1.9860553636909555,0.0011400863701127321,0.0019554244083141506,26.006039294213224,0.005255253176182598,8.2,1.0,4.313297874988255e-06,1.578232781079556e-06,1.5577217702692994e-05,3.203933130925507,6,0,2.114619068866222,375.0249668109902,0.9568852357347409,0.04311476426525898,0.5,375.0249668109902,0.04311476426525898,0.5,65.769010680265,0.0,0.0,375.56808157525546,488,"[""trace"", ""feature"", ""binary""]","[0.5959493499353211, 0.033318851878197386, 0.5]",True,True,True,True,29,True,2.114619068866222,0.9568852357347409
VH_3_MFA_BA,VH,MFA_BA,VH_3_MFA_BA__cand_14,all6,optuna,generic_seed,trial_285,optuna_multi,7a74a72572fc5320,1,True,448.63863452659535,1,1.9860553636909555,0.0011400863701127321,0.0019554244083141506,6.9675619079996585,0.005255253176182598,8.2,1.0,4.313297874988255e-06,1.578232781079556e-06,4.6943960527706385e-05,3.203933130925507,6,0,2.113326751561459,374.6846961712144,0.9568684247497395,0.043131575250260505,0.5,374.6846961712144,0.043131575250260505,0.5,9.007119173665581,0.0,0.0,375.22782774646464,285,"[""trace"", ""feature"", ""binary""]","[0.5955571405870519, 0.03334950433974626, 0.5]",True,True,True,True,30,True,2.113326751561459,0.9568684247497395
VH_3_MFA_BA,VH,MFA_BA,VH_3_MFA_BA__cand_01,all6,optuna,generic_seed,trial_489,optuna_multi,7a74a72572fc5320,1,True,347.2587792301075,1,354.9804671237963,0.0011400863701127321,0.00013734430818575574,144.4833809160917,0.004553943206855791,8.2,1.0,5.660670699258882e-07,0.002552396044676549,0.002214320899682393,0.22155151863294853,6,0,1.9818246346513042,350.97583329976896,0.9490798395388248,0.05092016046117517,1.0,350.97583329976896,0.05092016046117517,1.0,1901.8980122069727,0.0,0.0,352.02675346023017,489,"[""trace"", ""feature"", ""binary""]","[0.4867591295951905, 0.06189064480659712, 1.0]",True,True,True,True,31,True,1.9818246346513042,0.9490798395388248
VH_3_MFA_BA,VH,MFA_BA,VH_3_MFA_BA__cand_18,all6,optuna,generic_seed,trial_371,optuna_multi,7a74a72572fc5320,1,True,453.8538420927168,1,0.6004874510315134,0.0011400863701127321,0.054053269521845304,86.32112668138184,0.7158714383119805,8.2,1.0,5.660670699258882e-07,1.578232781079556e-06,1.5577217702692994e-05,3.203933130925507,6,0,2.078929000504991,417.3707384570774,0.94418065831134,0.055819341688659964,0.5,417.3707384570774,0.055819341688659964,0.5,682.398642614067,0.0,0.0,417.92655779876605,371,"[""trace"", ""feature"", ""binary""]","[0.5641292284405931, 0.04115264677953423, 0.5]",True,True,True,True,32,True,2.078929000504991,0.94418065831134
VH_3_MFA_BA,VH,MFA_BA,VH_3_MFA_BA__cand_12,all6,optuna,generic_seed,trial_315,optuna_multi,7a74a72572fc5320,1,True,447.8540496866737,1,0.6004874510315134,0.0011400863701127321,0.054053269521845304,86.32112668138184,0.7158714383119805,8.2,1.0,5.660670699258882e-07,1.578232781079556e-06,1.4691854305367276e-05,1.5038206124421383,6,0,2.0787228487006826,417.4875052032676,0.9440240818453703,0.05597591815462959,0.5,417.4875052032676,0.05597591815462959,0.5,682.4443691352793,0.0,0.0,418.0434811214222,315,"[""trace"", ""feature"", ""binary""]","[0.5580747523298545, 0.042431064088449655, 0.5]",True,True,True,True,33,True,2.0787228487006826,0.9440240818453703
VH_3_MFA_BA,VH,MFA_BA,VH_3_MFA_BA__cand_13,all6,optuna,generic_seed,trial_458,optuna_multi,7a74a72572fc5320,1,True,447.8540496866737,1,0.6004874510315134,0.0011400863701127321,0.054053269521845304,86.32112668138184,0.7158714383119805,8.2,1.0,5.660670699258882e-07,1.578232781079556e-06,1.4691854305367276e-05,1.5038206124421383,6,0,2.0787228487006826,417.4875052032676,0.9440240818453703,0.05597591815462959,0.5,417.4875052032676,0.05597591815462959,0.5,682.4443691352793,0.0,0.0,418.0434811214222,458,"[""trace"", ""feature"", ""binary""]","[0.5580747523298545, 0.042431064088449655, 0.5]",True,True,True,True,34,True,2.0787228487006826,0.9440240818453703
VH_3_MFA_BA,VH,MFA_BA,VH_3_MFA_BA__cand_05,all6,optuna,generic_seed,trial_279,optuna_multi,7a74a72572fc5320,1,True,391.4194238189941,1,5.990229450735488,0.0009342699405616653,0.008975212977907144,6.9675619079996585,0.03816747295807704,8.2,1.0,5.660670699258882e-07,5.461888811739218e-05,0.0398444583530957,3.203933130925507,6,0,2.0429565667830127,396.790088602879,0.9377806573623975,0.06221934263760248,1.0,396.790088602879,0.06221934263760248,1.0,11.289803777084613,0.0,0.0,397.8523079455166,279,"[""trace"", ""feature"", ""binary""]","[0.5144312246086483, 0.049263704414625464, 1.0]",True,True,True,True,35,True,2.0429565667830127,0.9377806573623975
VH_3_MFA_BA,VH,MFA_BA,VH_3_MFA_BA__cand_03,all6,optuna,generic_seed,trial_461,optuna_multi,7a74a72572fc5320,1,True,387.6267688434938,1,2.7426860907857566,0.0011400863701127321,0.0003125457636899049,122.86534765112995,0.006902016789943231,8.2,1.0,5.660670699258882e-07,5.461888811739218e-05,0.0398444583530957,3.203933130925507,6,0,2.049788891534255,395.4012229676095,0.9377806573623975,0.06221934263760248,1.0,395.4012229676095,0.06221934263760248,1.0,1376.6584132696714,0.0,0.0,396.4634423102471,461,"[""trace"", ""feature"", ""binary""]","[0.5109638511396836, 0.050548052731387405, 1.0]",True,True,True,True,36,True,2.049788891534255,0.9377806573623975
VH_3_MFA_BA,VH,MFA_BA,VH_3_MFA_BA__cand_11,all6,optuna,generic_seed,trial_403,optuna_multi,7a74a72572fc5320,1,True,399.5613905524132,1,1.9860553636909555,0.0009342699405616653,0.008975212977907144,108.91370005839923,0.003616777768459182,8.2,1.0,5.660670699258882e-07,1.3752845008457849e-05,0.0398444583530957,3.203933130925507,6,0,2.144995699862595,432.2208262322529,0.9377806573623975,0.06221934263760248,1.0,432.2208262322529,0.06221934263760248,1.0,1082.770167284875,0.0,0.0,433.2830455748905,403,"[""trace"", ""feature"", ""binary""]","[0.5108698880490833, 0.05469638822005629, 1.0]",True,True,True,True,37,True,2.144995699862595,0.9377806573623975
VH_3_MFA_BA,VH,MFA_BA,VH_3_MFA_BA__cand_10,all6,optuna,generic_seed,trial_273,optuna_multi,7a74a72572fc5320,1,True,398.52243675794585,1,1.9860553636909555,0.0011400863701127321,0.008975212977907144,108.91370005839923,0.003616777768459182,8.2,1.0,5.660670699258882e-07,1.3752845008457849e-05,0.0002850183875843364,3.203933130925507,6,0,2.1615036673599484,434.24331222768797,0.9375681058977173,0.06243189410228265,0.5,434.24331222768797,0.06243189410228265,0.5,1080.0757064739018,0.0,0.0,434.80574412179027,273,"[""trace"", ""feature"", ""binary""]","[0.51176570956467, 0.055391511101328006, 0.5]",True,True,True,True,38,True,2.1615036673599484,0.9375681058977173
VH_3_MFA_BA,VH,MFA_BA,VH_3_MFA_BA__cand_08,all6,optuna,generic_seed,trial_361,optuna_multi,7a74a72572fc5320,1,True,398.40277319412473,1,1.0263506230462527,0.0011400863701127321,0.0003125457636899049,119.98741280597841,0.006902016789943231,8.2,1.0,5.660670699258882e-07,1.578232781079556e-06,1.5577217702692994e-05,3.203933130925507,6,0,2.0996192064978376,417.2997350043506,0.9368744365275052,0.0631255634724947,0.5,417.2997350043506,0.0631255634724947,0.5,1312.7865197778171,0.0,0.0,417.86286056782313,361,"[""trace"", ""feature"", ""binary""]","[0.515775861058153, 0.05212609649163602, 0.5]",True,True,True,True,39,True,2.0996192064978376,0.9368744365275052
VH_3_MFA_BA,VH,MFA_BA,VH_3_MFA_BA__cand_09,all6,optuna,generic_seed,trial_401,optuna_multi,7a74a72572fc5320,1,True,398.40277319412473,1,1.0263506230462527,0.0011400863701127321,0.0003125457636899049,119.98741280597841,0.006902016789943231,8.2,1.0,5.660670699258882e-07,1.578232781079556e-06,1.5577217702692994e-05,3.203933130925507,6,0,2.0996192064978376,417.2997350043506,0.9368744365275052,0.0631255634724947,0.5,417.2997350043506,0.0631255634724947,0.5,1312.7865197778171,0.0,0.0,417.86286056782313,401,"[""trace"", ""feature"", ""binary""]","[0.515775861058153, 0.05212609649163602, 0.5]",True,True,True,True,40,True,2.0996192064978376,0.9368744365275052
VH_3_MFA_BA,VH,MFA_BA,VH_3_MFA_BA__cand_07,all6,optuna,generic_seed,trial_432,optuna_multi,7a74a72572fc5320,1,True,396.945826146472,1,1.9860553636909555,0.0011400863701127321,0.0019554244083141506,6.9675619079996585,0.005255253176182598,8.2,1.0,5.660670699258882e-07,1.3752845008457849e-05,4.6943960527706385e-05,3.203933130925507,6,0,2.163336663148718,433.5571947970023,0.9353507718863433,0.0646492281136568,0.5,433.5571947970023,0.0646492281136568,0.5,10.042214125731256,0.0,0.0,434.12184402511593,432,"[""trace"", ""feature"", ""binary""]","[0.5116414705885027, 0.05760654108629071, 0.5]",True,True,True,True,41,True,2.163336663148718,0.9353507718863433
VH_3_MFA_BA,VH,MFA_BA,VH_3_MFA_BA__cand_42,all6,optuna,generic_seed,trial_396,optuna_multi,7a74a72572fc5320,1,True,1056.979388394647,1,1.9860553636909555,0.0011400863701127321,9.308093503273966,22.928870877649803,38.50345044335317,8.2,1.0,0.0028229511829937345,3.1648327830438766e-05,4.6943960527706385e-05,0.14919356084484955,6,0,4.875697484866186,1172.5984591638016,0.49546727466193535,0.5045327253380646,0.5,1172.5984591638016,0.5045327253380646,0.5,57.65128516698121,0.0,0.0,1173.6029918891397,396,"[""trace"", ""feature"", ""binary""]","[1.163869194173256, 0.5128479372319505, 0.0]",True,False,False,False,42,False,4.875697484866186,0.49546727466193535
VH_4_MFA,VH,MFA,VH_4_MFA__cand_04,all6,optuna,generic_seed,trial_484,optuna_multi,7a74a72572fc5320,1,True,563.0846520842728,1,35.19818734234284,0.003470360595544151,0.0003125457636899049,139.4293716371739,0.0955567394108662,8.2,1.0,1.318600900985154e-06,1.9606620200097793e-05,0.08197398651495003,3.203933130925507,6,0,2.820339837864973,598.7515460342175,0.8582779579985536,0.14172204200144653,0.0,598.7515460342175,0.14172204200144653,0.0,1767.166370116399,0.0,0.0,598.893268076219,484,"[""trace"", ""feature"", ""binary""]","[0.6684298634841918, 0.1632818635756329, 0.0]",True,True,True,True,1,True,2.77177339292385,0.8133840745661258
VH_4_MFA,VH,MFA,VH_4_MFA__cand_08,all6,optuna,generic_seed,trial_482,optuna_multi,7a74a72572fc5320,1,True,601.0655577278916,1,8.117430948802019,0.0062036438354928424,0.0003125457636899049,7.773530523364036,0.19943125559712713,8.2,1.0,1.318600900985154e-06,3.1764108521098706e-05,3.9576032587089944e-08,8.731355768861862,6,0,2.9804470801939664,639.970855225837,0.8576007210480316,0.14239927895196827,0.0,639.970855225837,0.14239927895196827,0.0,19.194518618874852,0.0,0.0,640.113254504789,482,"[""trace"", ""feature"", ""binary""]","[0.7128173768045172, 0.14103456635692346, 0.0]",True,True,True,True,2,True,2.9804470801939664,0.8576007210480316
VH_4_MFA,VH,MFA,VH_4_MFA__cand_09,all6,optuna,generic_seed,trial_199,optuna_multi,7a74a72572fc5320,1,True,609.8647291670889,1,8.117430948802019,0.0062036438354928424,0.023875874361448276,7.773530523364036,0.03816747295807704,8.2,1.0,1.318600900985154e-06,3.1764108521098706e-05,3.9576032587089944e-08,8.731355768861862,6,0,2.998899905290226,647.4800014634584,0.8573650625323941,0.14263493746760583,0.0,647.4800014634584,0.14263493746760583,0.0,18.004521551618424,0.0,0.0,647.622636400926,199,"[""trace"", ""feature"", ""binary""]","[0.7188503354718598, 0.140127915185441, 0.0]",True,True,True,True,3,True,2.998899905290226,0.8573650625323941
VH_4_MFA,VH,MFA,VH_4_MFA__cand_06,all6,optuna,generic_seed,trial_407,optuna_multi,7a74a72572fc5320,1,True,569.676208115604,1,35.19818734234284,0.003470360595544151,0.0003125457636899049,139.4293716371739,0.0955567394108662,8.2,1.0,2.1138200604234036e-05,1.0944885422058866e-07,1.0888336764584933e-05,3.203933130925507,6,0,3.022161713083213,638.949566866827,0.8568133101229501,0.14318668987704988,0.0,638.949566866827,0.14318668987704988,0.0,1768.7767042486628,0.0,0.0,639.0927535567041,407,"[""trace"", ""feature"", ""binary""]","[0.69917706263888, 0.1430271879426418, 0.0]",True,True,True,True,4,True,3.022161713083213,0.8568133101229501
VH_4_MFA,VH,MFA,VH_4_MFA__cand_05,all6,optuna,generic_seed,trial_469,optuna_multi,7a74a72572fc5320,1,True,566.0977647168853,1,35.19818734234284,0.003470360595544151,0.00020850494814717894,139.4293716371739,0.05506013836857187,8.2,1.0,6.931554219323889e-06,4.742798105838863e-06,1.3739589716762162e-08,1.2635598601775555,6,0,2.8802133448285274,615.4071797263279,0.8559030330168492,0.14409696698315091,0.0,615.4071797263279,0.14409696698315091,0.0,1776.569639361518,0.0,0.0,615.551276693311,469,"[""trace"", ""feature"", ""binary""]","[0.6757546766603438, 0.16087232249322592, 0.0]",True,True,True,True,5,True,2.8802133448285274,0.8559030330168492
VH_4_MFA,VH,MFA,VH_4_MFA__cand_07,all6,optuna,generic_seed,trial_436,optuna_multi,7a74a72572fc5320,1,True,576.5295267738871,1,35.19818734234284,0.003470360595544151,0.0017422258574545319,1.3795577424944472,3.2191463496769184,8.2,1.0,5.397124303749564e-07,1.9606620200097793e-05,1.0888336764584933e-05,0.41299172660929345,6,0,2.801906396089196,591.6409599293745,0.8558975679183335,0.14410243208166654,0.0,591.6409599293745,0.14410243208166654,0.0,6.287226702068069,0.0,0.0,591.7850623614562,436,"[""trace"", ""feature"", ""binary""]","[0.6858616681043032, 0.15271731100409724, 0.0]",True,True,True,True,6,True,2.801906396089196,0.8558975679183335
VH_4_MFA,VH,MFA,VH_4_MFA__cand_03,all6,optuna,generic_seed,trial_351,optuna_multi,7a74a72572fc5320,1,True,562.1970548601225,1,2.353845387158846,0.007309520953510939,0.0003125457636899049,7.773530523364036,1.2481415422433946,8.2,1.0,1.318600900985154e-06,1.9606620200097793e-05,3.9576032587089944e-08,8.731355768861862,6,0,3.071708076867877,658.7058598861944,0.8554439147949023,0.14455608520509758,0.0,658.7058598861944,0.14455608520509758,0.0,20.356766711681022,0.0,0.0,658.8504159713995,351,"[""trace"", ""feature"", ""binary""]","[0.688806655686951, 0.14333295993779382, 0.0]",True,True,True,True,7,True,3.071708076867877,0.8554439147949023
VH_4_MFA,VH,MFA,VH_4_MFA__cand_01,all6,optuna,generic_seed,trial_428,optuna_multi,7a74a72572fc5320,1,True,557.2298607093737,1,2.353845387158846,0.0062036438354928424,1.9295761588097387e-05,56.19189219397068,0.872764295013774,8.2,1.0,1.318600900985154e-06,1.0944885422058866e-07,3.9576032587089944e-08,8.731355768861862,6,0,3.003488995798542,633.229775959665,0.8499876297596863,0.15001237024031372,0.0,633.229775959665,0.15001237024031372,0.0,304.80596786424303,0.0,0.0,633.3797883299053,428,"[""trace"", ""feature"", ""binary""]","[0.6880366243257067, 0.1514269883613868, 0.0]",True,True,True,True,8,True,3.003488995798542,0.8499876297596863
VH_4_MFA,VH,MFA,VH_4_MFA__cand_02,all6,optuna,generic_seed,trial_293,optuna_multi,7a74a72572fc5320,1,True,560.5528203830089,1,2.353845387158846,0.0062036438354928424,0.0003125457636899049,7.773530523364036,0.03816747295807704,8.2,1.0,1.318600900985154e-06,1.9606620200097793e-05,3.9576032587089944e-08,8.731355768861862,6,0,3.08446438287207,661.8315859434762,0.825600000399187,0.17439999960081298,0.0,661.8315859434762,0.17439999960081298,0.0,19.434136591855044,0.0,0.0,662.005985943077,293,"[""trace"", ""feature"", ""binary""]","[0.6885641519467632, 0.14459813838763924, 0.0]",True,True,True,True,9,True,3.08446438287207,0.825600000399187
VH_4_MFA_BA,VH,MFA_BA,VH_4_MFA_BA__cand_10,all6,optuna,generic_seed,trial_205,optuna_multi,7a74a72572fc5320,1,True,237.37189376452682,1,55.395969950039536,0.0011400863701127321,0.054053269521845304,6.9675619079996585,0.9023677623181434,8.2,1.0,0.0003394873014043832,9.497440085397401e-08,6.060166876697796e-07,2.3381499592960715,6,0,1.3306135004388242,201.25458211115458,0.9854570843355813,0.014542915664418692,0.6666666666666666,201.25458211115458,0.014542915664418692,0.6666666666666666,12.25222073345097,0.0,0.0,201.93579169348564,205,"[""trace"", ""feature"", ""binary""]","[0.38682059726357937, 0.014081413632960338, 0.6666666666666666]",True,True,True,True,1,True,1.551822489346361,0.9764553879586994
VH_4_MFA_BA,VH,MFA_BA,VH_4_MFA_BA__cand_12,all6,optuna,generic_seed,trial_496,optuna_multi,7a74a72572fc5320,1,True,287.6374354798692,1,409.39707912690403,0.0016661988193989237,8.909461834894563,134.70814341610705,1.8590977278958423,8.2,1.0,8.956983820270476e-05,0.0015428874893266091,1.0888336764584933e-05,0.05656130570844847,6,0,1.4033504005070536,280.8879912519913,0.9761604307433558,0.023839569256644145,0.6666666666666666,280.8879912519913,0.023839569256644145,0.6666666666666666,1654.2999522202817,0.0,0.0,281.57849748791466,496,"[""trace"", ""feature"", ""binary""]","[0.36319357176218253, 0.015143687768667924, 0.6666666666666666]",True,True,True,True,2,True,1.4033504005070536,0.9761604307433558
VH_4_MFA_BA,VH,MFA_BA,VH_4_MFA_BA__cand_07,all6,optuna,generic_seed,trial_459,optuna_multi,7a74a72572fc5320,1,True,233.57994807778636,1,36.29933412377833,0.0016661988193989237,0.7005074675948723,94.40979572028938,1.8590977278958423,8.2,1.0,8.956983820270476e-05,0.0015428874893266091,1.7461309348171835e-07,0.05656130570844847,6,0,1.3318664185062579,237.35108266141367,0.9690256190196559,0.03097438098034404,0.6666666666666666,237.35108266141367,0.03097438098034404,0.6666666666666666,816.9013820056592,0.0,0.0,238.04872370906068,459,"[""trace"", ""feature"", ""binary""]","[0.3306201801397319, 0.021449323973131484, 0.6666666666666666]",True,True,True,True,3,True,1.3318664185062579,0.9690256190196559
VH_4_MFA_BA,VH,MFA_BA,VH_4_MFA_BA__cand_08,all6,optuna,generic_seed,trial_292,optuna_multi,7a74a72572fc5320,1,True,235.53941279235363,1,36.29933412377833,0.0016661988193989237,0.7005074675948723,94.40979572028938,1.8773330457821398,8.2,1.0,8.956983820270476e-05,0.0015428874893266091,9.035085883460162e-05,0.05656130570844847,6,0,1.3318664185062579,237.35108266141367,0.9690256190196559,0.03097438098034404,0.6666666666666666,237.35108266141367,0.03097438098034404,0.6666666666666666,812.5511039458698,0.0,0.0,238.04872370906068,292,"[""trace"", ""feature"", ""binary""]","[0.3359818388588069, 0.017842462056090524, 0.6666666666666666]",True,True,True,True,4,True,1.3318664185062579,0.9690256190196559
VH_4_MFA_BA,VH,MFA_BA,VH_4_MFA_BA__cand_09,all6,optuna,generic_seed,trial_474,optuna_multi,7a74a72572fc5320,1,True,235.53941279235363,1,36.29933412377833,0.0016661988193989237,0.7005074675948723,94.40979572028938,1.8773330457821398,8.2,1.0,8.956983820270476e-05,0.0015428874893266091,9.035085883460162e-05,0.05656130570844847,6,0,1.3318664185062579,237.35108266141367,0.9690256190196559,0.03097438098034404,0.6666666666666666,237.35108266141367,0.03097438098034404,0.6666666666666666,812.5511039458698,0.0,0.0,238.04872370906068,474,"[""trace"", ""feature"", ""binary""]","[0.3359818388588069, 0.017842462056090524, 0.6666666666666666]",True,True,True,True,5,True,1.3318664185062579,0.9690256190196559
VH_4_MFA_BA,VH,MFA_BA,VH_4_MFA_BA__cand_11,all6,optuna,generic_seed,trial_477,optuna_multi,7a74a72572fc5320,1,True,237.42956470452208,1,6.944525456325896,0.0014539199187561544,2.024028365577397,94.40979572028938,1.8590977278958423,8.2,1.0,0.0006620420614596556,0.008387968210939496,1.1295832341217767e-07,0.05656130570844847,6,0,1.3430943589989923,241.44105054277804,0.9686266978951968,0.03137330210480319,0.6666666666666666,241.44105054277804,0.03137330210480319,0.6666666666666666,819.8020637057353,0.0,0.0,242.1390905115495,477,"[""trace"", ""feature"", ""binary""]","[0.3305149553474674, 0.024960598934856915, 0.6666666666666666]",True,True,True,True,6,True,1.3430943589989923,0.9686266978951968
VH_4_MFA_BA,VH,MFA_BA,VH_4_MFA_BA__cand_04,all6,optuna,generic_seed,trial_476,optuna_multi,7a74a72572fc5320,1,True,229.3807040337774,1,131.41757465736364,0.0016661988193989237,0.019772209651373406,94.40979572028938,0.9023677623181434,8.2,1.0,8.956983820270476e-05,0.0015428874893266091,0.056909972358045555,0.05656130570844847,6,0,1.330911713833473,233.15300153116428,0.9683980863816223,0.03160191361837777,0.6666666666666666,233.15300153116428,0.03160191361837777,0.6666666666666666,813.6568868433053,0.0,0.0,233.8512701114493,476,"[""trace"", ""feature"", ""binary""]","[0.33194351832130053, 0.019400285204393075, 0.6666666666666666]",True,True,True,True,7,True,1.330911713833473,0.9683980863816223
VH_4_MFA_BA,VH,MFA_BA,VH_4_MFA_BA__cand_05,all6,optuna,generic_seed,trial_438,optuna_multi,7a74a72572fc5320,1,True,230.16104260664062,1,131.66617589939165,0.0016661988193989237,0.019772209651373406,94.40979572028938,0.872764295013774,8.2,1.0,8.956983820270476e-05,0.0015428874893266091,0.0010797453347997645,0.06574930931112102,6,0,1.332248635818349,234.0188997149859,0.9683948858640061,0.03160511413599384,0.6666666666666666,234.0188997149859,0.03160511413599384,0.6666666666666666,810.8323581487609,0.0,0.0,234.71717149578856,438,"[""trace"", ""feature"", ""binary""]","[0.32756976966776846, 0.025174184753195106, 0.6666666666666666]",True,True,True,True,8,True,1.332248635818349,0.9683948858640061
VH_4_MFA_BA,VH,MFA_BA,VH_4_MFA_BA__cand_06,all6,optuna,generic_seed,trial_308,optuna_multi,7a74a72572fc5320,1,True,232.48631322064162,1,6.944525456325896,0.0016661988193989237,0.003980305062326634,94.40979572028938,0.9023677623181434,8.2,1.0,0.0006563276361515636,0.008387968210939496,6.060166876697796e-07,0.05656130570844847,6,0,1.3351607037792352,236.42371620110006,0.9683800751419608,0.03161992485803922,0.6666666666666666,236.42371620110006,0.03161992485803922,0.6666666666666666,814.839400854456,0.0,0.0,237.12200279262476,308,"[""trace"", ""feature"", ""binary""]","[0.3349211505260225, 0.018383821014137935, 0.6666666666666666]",True,True,True,True,9,True,1.3351607037792352,0.9683800751419608
VH_4_MFA_BA,VH,MFA_BA,VH_4_MFA_BA__cand_02,all6,optuna,generic_seed,trial_375,optuna_multi,7a74a72572fc5320,1,True,216.12788916365176,1,131.66617589939165,0.0011400863701127321,0.00025637996588790605,55.802712868917475,0.9023677623181434,8.2,1.0,0.0003394873014043832,9.497440085397401e-08,1.728793069825635e-05,2.3381499592960715,6,0,1.4057838932783486,236.6415854920581,0.9552658706658486,0.04473412933415145,0.6666666666666666,236.6415854920581,0.04473412933415145,0.6666666666666666,287.8138516524661,0.0,0.0,237.35298628805893,375,"[""trace"", ""feature"", ""binary""]","[0.3251998442940378, 0.03844818197158384, 0.6666666666666666]",True,True,True,True,10,True,1.4057838932783486,0.9552658706658486
VH_4_MFA_BA,VH,MFA_BA,VH_4_MFA_BA__cand_03,all6,optuna,generic_seed,trial_494,optuna_multi,7a74a72572fc5320,1,True,216.12788916365176,1,131.66617589939165,0.0011400863701127321,0.00025637996588790605,44.60235110588261,0.9023677623181434,8.2,1.0,0.0003394873014043832,9.497440085397401e-08,1.728793069825635e-05,2.3381499592960715,6,0,1.4057838932783486,236.6415854920581,0.9552658706658486,0.04473412933415145,0.6666666666666666,236.6415854920581,0.04473412933415145,0.6666666666666666,185.987224865811,0.0,0.0,237.35298628805893,494,"[""trace"", ""feature"", ""binary""]","[0.3251998442940378, 0.03844818197158384, 0.6666666666666666]",True,True,True,True,11,True,1.4057838932783486,0.9552658706658486
VH_4_MFA_BA,VH,MFA_BA,VH_4_MFA_BA__cand_01,all6,optuna,generic_seed,trial_492,optuna_multi,7a74a72572fc5320,1,True,202.22813777359494,1,50.30871445660774,0.001906534551939351,0.00012184078187636968,104.51057480462259,0.872764295013774,8.2,1.0,0.0002680412894840412,8.407761618357402e-07,9.035085883460162e-05,0.06574930931112102,6,0,1.280307157359662,201.5625805676948,0.9297282302631004,0.07027176973689968,0.6666666666666666,201.5625805676948,0.07027176973689968,0.6666666666666666,994.7593554984057,0.0,0.0,202.29951900409836,492,"[""trace"", ""feature"", ""binary""]","[0.3201853870783828, 0.07044285915725634, 0.6666666666666666]",True,True,True,True,12,True,1.280307157359662,0.9297282302631004
VH_4_MFA_BA,VH,MFA_BA,VH_4_MFA_BA__cand_13,all6,optuna,generic_seed,trial_293,optuna_multi,7a74a72572fc5320,1,True,750.1072247438236,1,36.29933412377833,0.029812370697208823,0.273166688647644,74.06933945465862,0.48091700385969915,8.2,1.0,3.6438015926043686e-05,4.610205183063561e-05,0.05435103757866309,0.07392274977341988,6,0,2.3794800149611897,520.733757956462,0.4924776818405914,0.5075223181594086,0.8333333333333334,520.733757956462,0.5075223181594086,0.8333333333333334,502.1706114956888,0.0,0.0,522.0746136079548,293,"[""trace"", ""feature"", ""binary""]","[0.7726721515483317, 0.23510378866598003, 0.16666666666666666]",True,True,False,False,13,False,2.3794800149611897,0.4924776818405914
VH_5_MFA,VH,MFA,VH_5_MFA__cand_13,all6,optuna,generic_seed,trial_320,optuna_multi,7a74a72572fc5320,1,True,543.8689837332797,1,35.19818734234284,0.003470360595544151,0.007432019954319689,136.23988289499806,0.01335654520744678,8.2,1.0,6.931554219323889e-06,4.835865362182063e-06,1.0888336764584933e-05,0.34107448845607236,6,0,2.5640945742048014,537.5653032255333,0.8638527867064295,0.13614721329357043,0.0,537.5653032255333,0.13614721329357043,0.0,1685.4221534158942,0.0,0.0,537.7014504388269,320,"[""trace"", ""feature"", ""binary""]","[0.6459443841302492, 0.13592829873265844, 0.0]",True,True,True,True,1,True,2.5198122315005915,0.8172549271436717
VH_5_MFA,VH,MFA,VH_5_MFA__cand_12,all6,optuna,generic_seed,trial_332,optuna_multi,7a74a72572fc5320,1,True,537.0193865451247,1,51.769271970169164,0.002968335334246999,0.5315246614674628,76.75161631734991,1.4312065060674866,8.2,1.0,6.931554219323889e-06,4.835865362182063e-06,5.349594518450895e-05,0.22155151863294853,6,0,2.537465183709102,532.6638954289928,0.8629123682397394,0.13708763176026048,0.0,532.6638954289928,0.13708763176026048,0.0,536.8923153307328,0.0,0.0,532.800983060753,332,"[""trace"", ""feature"", ""binary""]","[0.6375413590774128, 0.13611613898931696, 0.0]",True,True,True,True,2,True,2.537465183709102,0.8629123682397394
VH_5_MFA,VH,MFA,VH_5_MFA__cand_11,all6,optuna,generic_seed,trial_498,optuna_multi,7a74a72572fc5320,1,True,526.0547281210889,1,35.19818734234284,0.002968335334246999,0.0018063172511389187,136.23988289499806,0.01335654520744678,8.2,1.0,6.931554219323889e-06,4.835865362182063e-06,1.0888336764584933e-05,0.22155151863294853,6,0,2.5130845501135983,520.184671771006,0.862588831772546,0.13741116822745397,0.0,520.184671771006,0.13741116822745397,0.0,1685.6837860336907,0.0,0.0,520.3220829392335,498,"[""trace"", ""feature"", ""binary""]","[0.632664797144436, 0.13643772925414022, 0.0]",True,True,True,True,3,True,2.5130845501135983,0.862588831772546
VH_5_MFA,VH,MFA,VH_5_MFA__cand_10,all6,optuna,generic_seed,trial_473,optuna_multi,7a74a72572fc5320,1,True,524.314297425627,1,19.635135337385357,0.002968335334246999,0.0018063172511389187,77.83765579242564,0.0016622321161456782,8.2,1.0,3.1729073372306313e-07,5.461888811739218e-05,3.9576032587089944e-08,0.41408280282193305,6,0,2.5327285099656627,528.5828321627918,0.8379506962634737,0.1620493037365264,0.0,528.5828321627918,0.1620493037365264,0.0,561.9695283102153,0.0,0.0,528.7448814665283,473,"[""trace"", ""feature"", ""binary""]","[0.629711526582287, 0.18053551122979794, 0.0]",True,True,True,True,4,True,2.5327285099656627,0.8379506962634737
VH_5_MFA,VH,MFA,VH_5_MFA__cand_08,all6,optuna,generic_seed,trial_434,optuna_multi,7a74a72572fc5320,1,True,491.1108277275724,1,61.2434142840243,0.001906534551939351,0.054053269521845304,12.263854792330786,44.8986563438078,8.2,1.0,6.931554219323889e-06,7.93422594979315e-08,7.899667957519268e-05,0.22155151863294853,6,0,2.5213362085115416,492.66523186539445,0.6559947374596226,0.3440052625403774,0.0,492.66523186539445,0.3440052625403774,0.0,21.840132180331292,0.0,0.0,493.0092371279348,434,"[""trace"", ""feature"", ""binary""]","[0.6259521525527431, 0.36034558081068024, 0.0]",True,True,True,True,5,True,2.5213362085115416,0.6559947374596226
VH_5_MFA,VH,MFA,VH_5_MFA__cand_06,all6,optuna,generic_seed,trial_477,optuna_multi,7a74a72572fc5320,1,True,487.50227680271684,1,35.19818734234284,0.001906534551939351,0.26111241610093655,12.263854792330786,7.276051533878101,8.2,1.0,6.931554219323889e-06,7.93422594979315e-08,8.53873772948728e-06,0.22155151863294853,6,0,2.5065605719105646,488.8152169843977,0.6489236548424079,0.35107634515759206,0.0,488.8152169843977,0.35107634515759206,0.0,22.13241262212296,0.0,0.0,489.1662933295553,477,"[""trace"", ""feature"", ""binary""]","[0.6251171392482106, 0.36466800592609194, 0.0]",True,True,True,True,6,True,2.5065605719105646,0.6489236548424079
VH_5_MFA,VH,MFA,VH_5_MFA__cand_07,all6,optuna,generic_seed,trial_445,optuna_multi,7a74a72572fc5320,1,True,490.1931317923131,1,19.635135337385357,0.001906534551939351,0.0018063172511389187,12.263854792330786,0.0020533546486293077,8.2,1.0,6.931554219323889e-06,1.0944885422058866e-07,7.899667957519268e-05,7.1300113348033465,6,0,2.488284767994607,478.2195010314672,0.638181412339855,0.3618185876601449,0.0,478.2195010314672,0.3618185876601449,0.0,19.423299271916775,0.0,0.0,478.5813196191273,445,"[""trace"", ""feature"", ""binary""]","[0.6277856629165998, 0.35406830523562105, 0.0]",True,True,True,True,7,True,2.488284767994607,0.638181412339855
VH_5_MFA,VH,MFA,VH_5_MFA__cand_09,all6,optuna,generic_seed,trial_421,optuna_multi,7a74a72572fc5320,1,True,496.17919987275286,1,2.436263114936016,0.003470360595544151,0.007432019954319689,48.80995472389016,3.2191463496769184,8.2,1.0,1.9720874302402908e-07,5.461888811739218e-05,3.9576032587089944e-08,0.06574930931112102,6,0,2.471496922649958,497.38132200415794,0.6248309849964148,0.3751690150035853,0.0,497.38132200415794,0.3751690150035853,0.0,230.1345858776318,0.0,0.0,497.7564910191615,421,"[""trace"", ""feature"", ""binary""]","[0.6166898720259243, 0.3798781479354686, 0.0]",True,True,True,True,8,True,2.471496922649958,0.6248309849964148
VH_5_MFA,VH,MFA,VH_5_MFA__cand_03,all6,optuna,generic_seed,trial_491,optuna_multi,7a74a72572fc5320,1,True,469.5085917780231,1,35.19818734234284,0.0014539199187561544,0.0018063172511389187,136.23988289499806,0.0016622321161456782,8.2,1.0,6.931554219323889e-06,5.461888811739218e-05,1.0888336764584933e-05,0.06574930931112102,6,0,2.3573848963705952,466.06716448139787,0.6084770511918468,0.39152294880815325,0.0,466.06716448139787,0.39152294880815325,0.0,1686.8308197439778,0.0,0.0,466.458687430206,491,"[""trace"", ""feature"", ""binary""]","[0.5911018494396485, 0.3965816051490161, 0.0]",True,True,True,True,9,True,2.3573848963705952,0.6084770511918468
VH_5_MFA,VH,MFA,VH_5_MFA__cand_05,all6,optuna,generic_seed,trial_404,optuna_multi,7a74a72572fc5320,1,True,477.18615493451756,1,51.769271970169164,0.0014539199187561544,0.0018063172511389187,17.03363882994435,0.035058550455355136,8.2,1.0,1.9720874302402908e-07,5.461888811739218e-05,3.9576032587089944e-08,0.22155151863294853,6,0,2.429936774467535,476.3061145780695,0.605613143151093,0.39438685684890684,0.0,476.3061145780695,0.39438685684890684,0.0,39.36660618470871,0.0,0.0,476.7005014349184,404,"[""trace"", ""feature"", ""binary""]","[0.6074867309156405, 0.38826662284872937, 0.0]",True,True,True,True,10,True,2.429936774467535,0.605613143151093
VH_5_MFA,VH,MFA,VH_5_MFA__cand_04,all6,optuna,generic_seed,trial_435,optuna_multi,7a74a72572fc5320,1,True,470.2988258942013,1,19.635135337385357,0.0014539199187561544,0.0018063172511389187,93.01988967023051,0.01335654520744678,8.2,1.0,4.058652276890509e-07,5.461888811739218e-05,1.0888336764584933e-05,0.3933244005343143,6,0,2.371372263928555,468.97733854290647,0.6016196994183161,0.39838030058168394,0.0,468.97733854290647,0.39838030058168394,0.0,788.5685113302324,0.0,0.0,469.37571884348813,435,"[""trace"", ""feature"", ""binary""]","[0.5931823142287163, 0.3917397470246735, 0.0]",True,True,True,True,11,True,2.371372263928555,0.6016196994183161
VH_5_MFA,VH,MFA,VH_5_MFA__cand_02,all6,optuna,generic_seed,trial_469,optuna_multi,7a74a72572fc5320,1,True,463.8127346347372,1,35.19818734234284,0.0014539199187561544,0.0018063172511389187,56.19189219397068,1.4312065060674866,8.2,1.0,6.931554219323889e-06,4.742798105838863e-06,2.852356378001712e-07,0.22155151863294853,6,0,2.348743534562218,463.58139476450606,0.6011948388919947,0.3988051611080052,0.0,463.58139476450606,0.3988051611080052,0.0,293.68735652934316,0.0,0.0,463.98019992561404,469,"[""trace"", ""feature"", ""binary""]","[0.5868605245345296, 0.4082656900375613, 0.0]",True,True,True,True,12,True,2.348743534562218,0.6011948388919947
VH_5_MFA,VH,MFA,VH_5_MFA__cand_01,all6,optuna,generic_seed,trial_482,optuna_multi,7a74a72572fc5320,1,True,458.1445840935953,1,35.19818734234284,0.0011400863701127321,0.007432019954319689,87.18573321339184,0.19943125559712713,8.2,1.0,6.931554219323889e-06,4.835865362182063e-06,4.0592146437489974e-08,0.34107448845607236,6,0,2.3393759351965344,455.6590590648813,0.5787603417627634,0.42123965823723664,0.0,455.6590590648813,0.42123965823723664,0.0,698.8780233529286,0.0,0.0,456.0802987231186,482,"[""trace"", ""feature"", ""binary""]","[0.5860168312988746, 0.4144093047877825, 0.0]",True,True,True,True,13,True,2.3393759351965344,0.5787603417627634
VH_5_MFA_BA,VH,MFA_BA,VH_5_MFA_BA__cand_24,all6,optuna,generic_seed,trial_304,optuna_multi,7a74a72572fc5320,1,True,523.9145864356568,1,1.1829272815898584,0.0011400863701127321,0.054053269521845304,6.9675619079996585,0.7158714383119805,8.2,1.0,1.0211693428871284e-05,1.578232781079556e-06,6.472669269538615e-08,3.203933130925507,6,0,2.740176071848296,532.0712613699369,0.9889563755180569,0.011043624481943176,0.5,532.0712613699369,0.011043624481943176,0.5,14.446161093662926,0.0,0.0,532.5823049944189,304,"[""trace"", ""feature"", ""binary""]","[0.67686049341819, 0.01104362448194307, 0.5]",True,True,True,True,1,True,2.441502117988758,0.965146851708533
VH_5_MFA_BA,VH,MFA_BA,VH_5_MFA_BA__cand_19,all6,optuna,generic_seed,trial_161,optuna_multi,7a74a72572fc5320,1,True,427.6167018449599,1,1.9860553636909555,0.0011400863701127321,0.054053269521845304,6.9675619079996585,0.7158714383119805,8.2,1.0,1.0211693428871284e-05,1.578232781079556e-06,6.472669269538615e-08,3.203933130925507,6,0,2.3263549145710485,434.1281580656012,0.9830647569447137,0.01693524305528624,0.5,434.1281580656012,0.01693524305528624,0.5,14.165966873485324,0.0,0.0,434.6450933086565,161,"[""trace"", ""feature"", ""binary""]","[0.5750418552993511, 0.018305356203462964, 0.5]",True,True,True,True,2,True,2.3263549145710485,0.9830647569447137
VH_5_MFA_BA,VH,MFA_BA,VH_5_MFA_BA__cand_08,all6,optuna,generic_seed,trial_490,optuna_multi,7a74a72572fc5320,1,True,394.320665661359,1,1.9860553636909555,0.075797972901368,0.16335821720714286,94.40979572028938,0.15935845079964397,8.2,1.0,3.841303420847977e-05,0.008387968210939496,0.0001598151780713486,4.841688855203897,6,0,2.1481989280032665,398.90347651377925,0.9717647533184027,0.02823524668159726,0.5,398.90347651377925,0.02823524668159726,0.5,811.5476384200466,0.0,0.0,399.43171176046087,490,"[""trace"", ""feature"", ""binary""]","[0.5326622214296006, 0.029496989674952623, 0.5]",True,True,True,True,3,True,2.1481989280032665,0.9717647533184027
VH_5_MFA_BA,VH,MFA_BA,VH_5_MFA_BA__cand_07,all6,optuna,generic_seed,trial_326,optuna_multi,7a74a72572fc5320,1,True,393.2254969852451,1,38.202709281755745,0.036309591863459084,2.024028365577397,56.3374428959916,0.00451268783116729,8.2,1.0,0.0007299951667436656,0.0006162700666853774,3.957743793846691e-08,2.18860634517043,6,0,2.150949126420116,399.1079367308342,0.9716633158169147,0.0283366841830854,0.5,399.1079367308342,0.0283366841830854,0.5,296.821299005185,0.0,0.0,399.6362734150173,326,"[""trace"", ""feature"", ""binary""]","[0.5321837771374724, 0.029946939929846095, 0.5]",True,True,True,True,4,True,2.150949126420116,0.9716633158169147
VH_5_MFA_BA,VH,MFA_BA,VH_5_MFA_BA__cand_03,all6,optuna,generic_seed,trial_475,optuna_multi,7a74a72572fc5320,1,True,374.74265287092567,1,38.202709281755745,0.036309591863459084,2.024028365577397,56.3374428959916,0.7158714383119805,8.2,1.0,0.0021051180519608714,0.0006162700666853774,3.957743793846691e-08,2.18860634517043,6,0,2.1485079553724433,397.84691734118024,0.9715502951224835,0.028449704877516663,0.5,397.84691734118024,0.028449704877516663,0.5,297.1864138914802,0.0,0.0,398.37536704605776,475,"[""trace"", ""feature"", ""binary""]","[0.5165418408418537, 0.03485314829146702, 0.5]",True,True,True,True,5,True,2.1485079553724433,0.9715502951224835
VH_5_MFA_BA,VH,MFA_BA,VH_5_MFA_BA__cand_14,all6,optuna,generic_seed,trial_416,optuna_multi,7a74a72572fc5320,1,True,406.3082728428104,1,1.9860553636909555,0.075797972901368,0.019772209651373406,94.40979572028938,0.15935845079964397,8.2,1.0,3.841303420847977e-05,0.008387968210939496,0.0001598151780713486,4.841688855203897,6,0,2.1417249556651807,395.6619519356912,0.9714550461832984,0.02854495381670158,0.5,395.6619519356912,0.02854495381670158,0.5,810.8796817724186,0.0,0.0,396.1904968895079,416,"[""trace"", ""feature"", ""binary""]","[0.5445478647016895, 0.025969318547421683, 0.5]",True,True,True,True,6,True,2.1417249556651807,0.9714550461832984
VH_5_MFA_BA,VH,MFA_BA,VH_5_MFA_BA__cand_12,all6,optuna,generic_seed,trial_487,optuna_multi,7a74a72572fc5320,1,True,406.30822517076626,1,1.9860553636909555,0.075797972901368,0.019772209651373406,94.40979572028938,22.269685821727563,8.2,1.0,3.841303420847977e-05,0.008387968210939496,0.0001598151780713486,4.841688855203897,6,0,2.141724687642234,395.6618735256861,0.9714550259739997,0.028544974026000314,0.5,395.6618735256861,0.028544974026000314,0.5,814.1391096916249,0.0,0.0,396.19041849971205,487,"[""trace"", ""feature"", ""binary""]","[0.5445478219299134, 0.0259693296495348, 0.5]",True,True,True,True,7,True,2.141724687642234,0.9714550259739997
VH_5_MFA_BA,VH,MFA_BA,VH_5_MFA_BA__cand_13,all6,optuna,generic_seed,trial_497,optuna_multi,7a74a72572fc5320,1,True,406.30822517076626,1,1.9860553636909555,0.075797972901368,0.019772209651373406,94.40979572028938,0.7158714383119805,8.2,1.0,3.841303420847977e-05,0.008387968210939496,0.0001598151780713486,4.841688855203897,6,0,2.141724687642234,395.6618735256861,0.9714550259739997,0.028544974026000314,0.5,395.6618735256861,0.028544974026000314,0.5,811.4014884537838,0.0,0.0,396.19041849971205,497,"[""trace"", ""feature"", ""binary""]","[0.5445478219299134, 0.0259693296495348, 0.5]",True,True,True,True,8,True,2.141724687642234,0.9714550259739997
VH_5_MFA_BA,VH,MFA_BA,VH_5_MFA_BA__cand_21,all6,optuna,generic_seed,trial_453,optuna_multi,7a74a72572fc5320,1,True,450.83123695680695,1,1.0441544981603725,0.075797972901368,0.44618052052220264,11.270667260371315,0.7158714383119805,8.2,1.0,0.0021051180519608714,0.008387968210939496,6.989580284703611e-08,4.841688855203897,6,0,2.136216950474667,393.98479150141037,0.9714385803115247,0.02856141968847523,0.5,393.98479150141037,0.02856141968847523,0.5,22.80298737094112,0.0,0.0,394.51335292109883,453,"[""trace"", ""feature"", ""binary""]","[0.5834370599893742, 0.016744580418299848, 0.5]",True,True,True,True,9,True,2.136216950474667,0.9714385803115247
VH_5_MFA_BA,VH,MFA_BA,VH_5_MFA_BA__cand_18,all6,optuna,generic_seed,trial_413,optuna_multi,7a74a72572fc5320,1,True,425.80207738215967,1,250.62588866464338,0.075797972901368,0.16335821720714286,94.40979572028938,0.15935845079964397,8.2,1.0,0.0010275784161907387,0.008387968210939496,2.021294400065342e-07,4.841688855203897,6,0,2.1524232634609413,398.280147987914,0.9714317950499209,0.02856820495007917,0.5,398.280147987914,0.02856820495007917,0.5,815.17722331189,0.0,0.0,398.8087161928641,413,"[""trace"", ""feature"", ""binary""]","[0.5618589668397859, 0.022136878499361523, 0.5]",True,True,True,True,10,True,2.1524232634609413,0.9714317950499209
VH_5_MFA_BA,VH,MFA_BA,VH_5_MFA_BA__cand_17,all6,optuna,generic_seed,trial_456,optuna_multi,7a74a72572fc5320,1,True,425.7068802163275,1,37.05649890541619,0.075797972901368,0.16335821720714286,94.40979572028938,0.15935845079964397,8.2,1.0,0.0010275784161907387,0.008387968210939496,2.021294400065342e-07,4.841688855203897,6,0,2.1518075265606624,398.15084771174696,0.9714316292574404,0.028568370742559506,0.5,398.15084771174696,0.028568370742559506,0.5,814.7707216169188,0.0,0.0,398.6794160824895,456,"[""trace"", ""feature"", ""binary""]","[0.5617404522215911, 0.022137044341631884, 0.5]",True,True,True,True,11,True,2.1518075265606624,0.9714316292574404
VH_5_MFA_BA,VH,MFA_BA,VH_5_MFA_BA__cand_01,all6,optuna,generic_seed,trial_355,optuna_multi,7a74a72572fc5320,1,True,359.42200992432925,1,2.4671434056079065,0.075797972901368,0.17124438150665733,94.40979572028938,0.15935845079964397,8.2,1.0,0.0010275784161907387,0.008387968210939496,2.021294400065342e-07,4.841688855203897,6,0,2.1432579512908387,395.9710577820724,0.9714280743081786,0.02857192569182153,0.5,395.9710577820724,0.02857192569182153,0.5,815.3587919307319,0.0,0.0,396.49962970776426,355,"[""trace"", ""feature"", ""binary""]","[0.5035471101688802, 0.03584137632729145, 0.5]",True,True,True,True,12,True,2.1432579512908387,0.9714280743081786
VH_5_MFA_BA,VH,MFA_BA,VH_5_MFA_BA__cand_05,all6,optuna,generic_seed,trial_319,optuna_multi,7a74a72572fc5320,1,True,381.4148881941123,1,95.79109774046579,0.036309591863459084,0.16335821720714286,93.01988967023051,0.020109712355429136,8.2,1.0,0.0021051180519608714,0.0006162700666853774,2.021294400065342e-07,2.667823311143773,6,0,2.139957572046079,394.92737113220466,0.9714204108478768,0.028579589152123355,0.5,394.92737113220466,0.028579589152123355,0.5,789.3556413278446,0.0,0.0,395.45595072135677,319,"[""trace"", ""feature"", ""binary""]","[0.5224016505481442, 0.03246320826189297, 0.5]",True,True,True,True,13,True,2.139957572046079,0.9714204108478768
VH_5_MFA_BA,VH,MFA_BA,VH_5_MFA_BA__cand_04,all6,optuna,generic_seed,trial_225,optuna_multi,7a74a72572fc5320,1,True,380.9561811844843,1,41.84024690961944,0.036309591863459084,0.16335821720714286,76.81395874489215,0.011595696872206107,8.2,1.0,0.0021051180519608714,0.0006162700666853774,2.021294400065342e-07,2.667823311143773,6,0,2.1375294750460614,394.25582844515833,0.9714194538695101,0.02858054613048989,0.5,394.25582844515833,0.02858054613048989,0.5,539.7402347116816,0.0,0.0,394.78440899128884,225,"[""trace"", ""feature"", ""binary""]","[0.5217913940471509, 0.03246408160687386, 0.5]",True,True,True,True,14,True,2.1375294750460614,0.9714194538695101
VH_5_MFA_BA,VH,MFA_BA,VH_5_MFA_BA__cand_11,all6,optuna,generic_seed,trial_498,optuna_multi,7a74a72572fc5320,1,True,405.8758719614282,1,50.30871445660774,0.075797972901368,0.00012184078187636968,94.40979572028938,0.9023677623181434,8.2,1.0,0.0003394873014043832,0.008387968210939496,4.2217145573715135e-07,4.841688855203897,6,0,2.1517269352314057,398.04582964936907,0.9714185043189266,0.028581495681073335,0.5,398.04582964936907,0.028581495681073335,0.5,815.5144729897377,0.0,0.0,398.57441114505014,498,"[""trace"", ""feature"", ""binary""]","[0.544439992297273, 0.026671398195510343, 0.5]",True,True,True,True,15,True,2.1517269352314057,0.9714185043189266
VH_5_MFA_BA,VH,MFA_BA,VH_5_MFA_BA__cand_16,all6,optuna,generic_seed,trial_491,optuna_multi,7a74a72572fc5320,1,True,423.50185744972265,1,41.84024690961944,0.036309591863459084,0.16335821720714286,76.81395874489215,0.15935845079964397,8.2,1.0,0.0021051180519608714,0.008387968210939496,2.021294400065342e-07,2.667823311143773,6,0,2.1420423874378094,395.40282974987423,0.9714183262959795,0.02858167370402066,0.5,395.40282974987423,0.02858167370402066,0.5,541.4536736610968,0.0,0.0,395.93141142357825,491,"[""trace"", ""feature"", ""binary""]","[0.5597023403516519, 0.022149864260702423, 0.5]",True,True,True,True,16,True,2.1420423874378094,0.9714183262959795
VH_5_MFA_BA,VH,MFA_BA,VH_5_MFA_BA__cand_06,all6,optuna,generic_seed,trial_408,optuna_multi,7a74a72572fc5320,1,True,389.60695093177264,1,1.9860553636909555,0.075797972901368,0.054053269521845304,6.9675619079996585,0.7158714383119805,8.2,1.0,0.0010275784161907387,0.008387968210939496,6.472669269538615e-08,4.841688855203897,6,0,2.1413199686445243,395.40245368377396,0.9714183260080586,0.028581673991941517,0.5,395.40245368377396,0.028581673991941517,0.5,14.338557101900362,0.0,0.0,395.9310353577659,408,"[""trace"", ""feature"", ""binary""]","[0.5298707487704511, 0.030198802598738084, 0.5]",True,True,True,True,17,True,2.1413199686445243,0.9714183260080586
VH_5_MFA_BA,VH,MFA_BA,VH_5_MFA_BA__cand_09,all6,optuna,generic_seed,trial_286,optuna_multi,7a74a72572fc5320,1,True,401.52640663074305,1,5.990229450735488,0.0022126836566118205,0.00012184078187636968,93.01988967023051,0.9023677623181434,8.2,1.0,0.0003394873014043832,0.0024028710190530816,1.0888336764584933e-05,0.07392274977341988,6,0,2.1433593042680816,397.46127457121537,0.9714182744475055,0.028581725552494622,0.5,397.46127457121537,0.028581725552494622,0.5,789.3834382743465,0.0,0.0,397.98985629676787,286,"[""trace"", ""feature"", ""binary""]","[0.5389909435418193, 0.02765200502816645, 0.5]",True,True,True,True,18,True,2.1433593042680816,0.9714182744475055
VH_5_MFA_BA,VH,MFA_BA,VH_5_MFA_BA__cand_10,all6,optuna,generic_seed,trial_327,optuna_multi,7a74a72572fc5320,1,True,401.52640663074305,1,5.990229450735488,0.0022126836566118205,0.00012184078187636968,93.01988967023051,0.9023677623181434,8.2,1.0,0.0003394873014043832,0.0024028710190530816,1.0888336764584933e-05,0.07392274977341988,6,0,2.1433593042680816,397.46127457121537,0.9714182744475055,0.028581725552494622,0.5,397.46127457121537,0.028581725552494622,0.5,789.3834382743465,0.0,0.0,397.98985629676787,327,"[""trace"", ""feature"", ""binary""]","[0.5389909435418193, 0.02765200502816645, 0.5]",True,True,True,True,19,True,2.1433593042680816,0.9714182744475055
VH_5_MFA_BA,VH,MFA_BA,VH_5_MFA_BA__cand_15,all6,optuna,generic_seed,trial_178,optuna_multi,7a74a72572fc5320,1,True,422.2452784654017,1,41.84024690961944,0.036309591863459084,0.16335821720714286,76.81395874489215,0.28596039319441086,8.2,1.0,0.0021051180519608714,0.0006162700666853774,2.021294400065342e-07,2.667823311143773,6,0,2.1375723862666747,394.26146319907116,0.9714109067581994,0.028589093241800468,0.5,394.26146319907116,0.028589093241800468,0.5,539.8231220682978,0.0,0.0,394.79005229231296,178,"[""trace"", ""feature"", ""binary""]","[0.5587772437082329, 0.02215723879183573, 0.5]",True,True,True,True,20,True,2.1375723862666747,0.9714109067581994
VH_5_MFA_BA,VH,MFA_BA,VH_5_MFA_BA__cand_20,all6,optuna,generic_seed,trial_496,optuna_multi,7a74a72572fc5320,1,True,449.14177941366137,1,409.39707912690403,0.036309591863459084,8.909461834894563,94.40979572028938,0.7158714383119805,8.2,1.0,0.0021051180519608714,0.0006162700666853774,1.098092927206218e-07,2.18860634517043,6,0,2.1616375909419867,402.25563798367097,0.9664725727606761,0.03352742723932386,0.5,402.25563798367097,0.03352742723932386,0.5,818.3311743580672,0.0,0.0,402.7891654109103,496,"[""trace"", ""feature"", ""binary""]","[0.581226619525666, 0.018044767434903353, 0.5]",True,True,True,True,21,True,2.1616375909419867,0.9664725727606761
VH_5_MFA_BA,VH,MFA_BA,VH_5_MFA_BA__cand_02,all6,optuna,generic_seed,trial_249,optuna_multi,7a74a72572fc5320,1,True,366.5468499937389,1,50.30871445660774,0.0011400863701127321,0.00012184078187636968,94.40979572028938,0.9023677623181434,8.2,1.0,0.0003394873014043832,0.0024028710190530816,4.2217145573715135e-07,0.07392274977341988,6,0,2.1415479578664995,398.89439796763673,0.7228405250229072,0.27715947497709265,0.5,398.89439796763673,0.27715947497709265,0.5,815.6566416978912,0.0,0.0,399.67155744261385,249,"[""trace"", ""feature"", ""binary""]","[0.5021093728720839, 0.28810063128994, 0.5]",True,True,True,True,22,True,2.1415479578664995,0.7228405250229072
VH_5_MFA_BA,VH,MFA_BA,VH_5_MFA_BA__cand_22,all6,optuna,generic_seed,trial_482,optuna_multi,7a74a72572fc5320,1,True,452.8171990530032,1,95.79109774046579,0.036309591863459084,0.054053269521845304,56.3374428959916,0.19943125559712713,8.2,1.0,0.0021051180519608714,0.0006162700666853774,1.5577217702692994e-05,3.203933130925507,6,0,2.7011442385746594,602.2422982324468,0.6997459798718615,0.30025402012813857,0.6666666666666666,602.2422982324468,0.30025402012813857,0.6666666666666666,288.6051821294219,0.0,0.0,603.2092189192416,482,"[""trace"", ""feature"", ""binary""]","[0.5860006044803877, 0.016347048191839186, 0.5]",True,True,True,True,23,True,2.7011442385746594,0.6997459798718615
VH_5_MFA_BA,VH,MFA_BA,VH_5_MFA_BA__cand_23,all6,optuna,generic_seed,trial_353,optuna_multi,7a74a72572fc5320,1,True,484.5571734138975,1,95.79109774046579,0.036309591863459084,0.0013480860719540524,56.3374428959916,0.28596039319441086,8.2,1.0,0.0021051180519608714,0.0006162700666853774,1.5577217702692994e-05,2.18860634517043,6,0,2.836039805964363,659.0289193691686,0.686375561672207,0.3136244383277929,0.6666666666666666,659.0289193691686,0.3136244383277929,0.6666666666666666,288.8112784967037,0.0,0.0,660.0092104741631,353,"[""trace"", ""feature"", ""binary""]","[0.6166930234189186, 0.011515187090895274, 0.5]",True,True,True,True,24,True,2.836039805964363,0.686375561672207
VH_6_MFA,VH,MFA,VH_6_MFA__cand_14,all6,optuna,generic_seed,trial_491,optuna_multi,7a74a72572fc5320,1,True,409.92506465613224,1,35.19818734234284,0.003470360595544151,0.003935699698220799,52.330239981449296,0.7158714383119805,8.2,1.0,7.70620594439345e-06,1.578232781079556e-06,3.957743793846691e-08,1.2635598601775555,6,0,2.080216868818518,426.47363550766977,0.8534936270091503,0.14650637299084973,0.16666666666666666,426.47363550766977,0.14650637299084973,0.16666666666666666,258.96390350670396,0.0,0.0,426.7868085473273,491,"[""trace"", ""feature"", ""binary""]","[0.5042425436236414, 0.14607377538412714, 0.16666666666666666]",True,True,True,True,1,True,1.81694034075341,0.8373298854315943
VH_6_MFA,VH,MFA,VH_6_MFA__cand_09,all6,optuna,generic_seed,trial_380,optuna_multi,7a74a72572fc5320,1,True,364.6053942582242,1,1.9860553636909555,0.008182111518618418,0.00012184078187636968,88.54424137722116,0.7158714383119805,8.2,1.0,5.660670699258882e-07,1.578232781079556e-06,2.0784112373691518e-05,0.07392274977341988,6,0,2.0533519166854446,418.7228266826528,0.8533259086212682,0.14667409137873183,0.16666666666666666,418.7228266826528,0.14667409137873183,0.16666666666666666,716.813957024334,0.0,0.0,419.0361674406982,380,"[""trace"", ""feature"", ""binary""]","[0.4695820300127867, 0.15522019250323205, 0.16666666666666666]",True,True,True,True,2,True,2.0533519166854446,0.8533259086212682
VH_6_MFA,VH,MFA,VH_6_MFA__cand_08,all6,optuna,generic_seed,trial_191,optuna_multi,7a74a72572fc5320,1,True,364.60538684163083,1,1.9860553636909555,0.008182111518618418,0.00012184078187636968,6.9675619079996585,0.7158714383119805,8.2,1.0,5.660670699258882e-07,1.578232781079556e-06,2.0784112373691518e-05,0.07392274977341988,6,0,2.0533519385317005,418.72282207809627,0.8533255378842494,0.14667446211575066,0.16666666666666666,418.72282207809627,0.14667446211575066,0.16666666666666666,11.458948811778816,0.0,0.0,419.0361632068787,191,"[""trace"", ""feature"", ""binary""]","[0.46958201837590563, 0.15522049427197004, 0.16666666666666666]",True,True,True,True,3,True,2.0533519385317005,0.8533255378842494
VH_6_MFA,VH,MFA,VH_6_MFA__cand_13,all6,optuna,generic_seed,trial_437,optuna_multi,7a74a72572fc5320,1,True,391.06611851089485,1,35.19818734234284,0.003470360595544151,0.003935699698220799,52.330239981449296,0.002764510961322666,8.2,1.0,6.931554219323889e-06,1.9606620200097793e-05,1.0888336764584933e-05,1.2635598601775555,6,0,1.9533376029437386,387.2383303479558,0.8518601741815668,0.14813982581843319,0.16666666666666666,387.2383303479558,0.14813982581843319,0.16666666666666666,250.84156325053792,0.0,0.0,387.5531368404409,437,"[""trace"", ""feature"", ""binary""]","[0.49232633405089227, 0.14842501037733224, 0.16666666666666666]",True,True,True,True,4,True,1.9533376029437386,0.8518601741815668
VH_6_MFA,VH,MFA,VH_6_MFA__cand_10,all6,optuna,generic_seed,trial_479,optuna_multi,7a74a72572fc5320,1,True,376.73054740978074,1,35.19818734234284,0.003470360595544151,1.9295761588097387e-05,56.19189219397068,0.872764295013774,8.2,1.0,6.931554219323889e-06,1.0398159624859374e-07,0.00879770835474936,1.2635598601775555,6,0,2.11197519249091,435.3308404107968,0.851696984543894,0.148303015456106,0.16666666666666666,435.3308404107968,0.148303015456106,0.16666666666666666,292.9545568275747,0.0,0.0,435.6458100929196,479,"[""trace"", ""feature"", ""binary""]","[0.474003112360351, 0.15149049258761627, 0.16666666666666666]",True,True,True,True,5,True,2.11197519249091,0.851696984543894
VH_6_MFA,VH,MFA,VH_6_MFA__cand_11,all6,optuna,generic_seed,trial_209,optuna_multi,7a74a72572fc5320,1,True,385.23418695669415,1,35.19818734234284,0.003470360595544151,0.003935699698220799,52.330239981449296,0.002764510961322666,8.2,1.0,7.70620594439345e-06,1.9606620200097793e-05,1.0888336764584933e-05,1.2635598601775555,6,0,1.936479733968438,380.72681370272954,0.8513568800411289,0.14864311995887122,0.16666666666666666,380.72681370272954,0.14864311995887122,0.16666666666666666,250.79959519917927,0.0,0.0,381.0421234893551,209,"[""trace"", ""feature"", ""binary""]","[0.4883910776529932, 0.14890501566317804, 0.16666666666666666]",True,True,True,True,6,True,1.936479733968438,0.8513568800411289
VH_6_MFA,VH,MFA,VH_6_MFA__cand_12,all6,optuna,generic_seed,trial_472,optuna_multi,7a74a72572fc5320,1,True,385.8692342225196,1,39.7357371232687,0.003470360595544151,1.9295761588097387e-05,134.70814341610705,44.8986563438078,8.2,1.0,7.971352803055297e-07,1.578232781079556e-06,1.3739589716762162e-08,0.41299172660929345,6,0,2.2915641927279364,486.544596720578,0.8493838008054556,0.15061619919454447,0.16666666666666666,486.544596720578,0.15061619919454447,0.16666666666666666,1666.8910258249393,0.0,0.0,486.8618795864392,472,"[""trace"", ""feature"", ""binary""]","[0.4780313902301682, 0.15030539005916355, 0.16666666666666666]",True,True,True,True,7,True,2.2915641927279364,0.8493838008054556
VH_6_MFA,VH,MFA,VH_6_MFA__cand_03,all6,optuna,generic_seed,trial_490,optuna_multi,7a74a72572fc5320,1,True,326.36107397688295,1,6.8872719026422615,0.003470360595544151,0.00012184078187636968,56.19189219397068,0.7158714383119805,8.2,1.0,6.931554219323889e-06,1.0944885422058866e-07,1.0888336764584933e-05,0.41299172660929345,6,0,1.8108516929572824,332.10435736044013,0.8438356678376829,0.156164332162317,0.16666666666666666,332.10435736044013,0.156164332162317,0.16666666666666666,292.6726820833541,0.0,0.0,332.4271883592691,490,"[""trace"", ""feature"", ""binary""]","[0.44630552174386245, 0.17053131796081766, 0.16666666666666666]",True,True,True,True,8,True,1.8108516929572824,0.8438356678376829
VH_6_MFA,VH,MFA,VH_6_MFA__cand_06,all6,optuna,generic_seed,trial_278,optuna_multi,7a74a72572fc5320,1,True,331.0178861119298,1,35.19818734234284,0.001906534551939351,0.23582506566086445,92.25108400487547,0.3550143270509224,8.2,1.0,7.70620594439345e-06,1.578232781079556e-06,1.0888336764584933e-05,3.203933130925507,6,0,1.8240811063774771,350.61293820994206,0.6672697471356578,0.33273025286434227,0.16666666666666666,350.61293820994206,0.33273025286434227,0.16666666666666666,775.5662106381911,0.0,0.0,351.1123351294731,278,"[""trace"", ""feature"", ""binary""]","[0.444472117570988, 0.3489337793018995, 0.16666666666666666]",True,True,True,True,9,True,1.8240811063774771,0.6672697471356578
VH_6_MFA,VH,MFA,VH_6_MFA__cand_07,all6,optuna,generic_seed,trial_348,optuna_multi,7a74a72572fc5320,1,True,335.1311382224038,1,61.2434142840243,0.001906534551939351,4.0955478290697965e-05,92.25108400487547,44.8986563438078,8.2,1.0,6.931554219323889e-06,1.0398159624859374e-07,1.5577217702692994e-05,3.203933130925507,6,0,1.9583471397290966,388.4184773349745,0.6627932581187037,0.33720674188129623,0.16666666666666666,388.4184773349745,0.33720674188129623,0.16666666666666666,782.9320314542692,0.0,0.0,388.9223507435225,348,"[""trace"", ""feature"", ""binary""]","[0.4428371713221751, 0.3531349266199689, 0.16666666666666666]",True,True,True,True,10,True,1.9583471397290966,0.6627932581187037
VH_6_MFA,VH,MFA,VH_6_MFA__cand_04,all6,optuna,generic_seed,trial_356,optuna_multi,7a74a72572fc5320,1,True,328.60907436346014,1,35.19818734234284,0.001906534551939351,1.9295761588097387e-05,56.19189219397068,44.8986563438078,8.2,1.0,6.931554219323889e-06,1.0398159624859374e-07,1.4691854305367276e-05,1.2635598601775555,6,0,1.890483501354774,368.85360772026337,0.6552911932054573,0.34470880679454274,0.16666666666666666,368.85360772026337,0.34470880679454274,0.16666666666666666,298.039521130096,0.0,0.0,369.3649831937246,356,"[""trace"", ""feature"", ""binary""]","[0.44173159606017914, 0.37994242049898885, 0.16666666666666666]",True,True,True,True,11,True,1.890483501354774,0.6552911932054573
VH_6_MFA,VH,MFA,VH_6_MFA__cand_05,all6,optuna,generic_seed,trial_458,optuna_multi,7a74a72572fc5320,1,True,328.60907436346014,1,35.19818734234284,0.001906534551939351,1.9295761588097387e-05,56.19189219397068,44.8986563438078,8.2,1.0,6.931554219323889e-06,1.0398159624859374e-07,1.4691854305367276e-05,1.2635598601775555,6,0,1.890483501354774,368.85360772026337,0.6552911932054573,0.34470880679454274,0.16666666666666666,368.85360772026337,0.34470880679454274,0.16666666666666666,298.039521130096,0.0,0.0,369.3649831937246,458,"[""trace"", ""feature"", ""binary""]","[0.44173159606017914, 0.37994242049898885, 0.16666666666666666]",True,True,True,True,12,True,1.890483501354774,0.6552911932054573
VH_6_MFA,VH,MFA,VH_6_MFA__cand_01,all6,optuna,generic_seed,trial_440,optuna_multi,7a74a72572fc5320,1,True,291.23920652222637,1,6.8872719026422615,0.001906534551939351,1.9295761588097387e-05,56.19189219397068,0.2320292068163592,8.2,1.0,6.931554219323889e-06,1.0944885422058866e-07,1.0888336764584933e-05,0.41299172660929345,6,0,1.6837265983720744,291.8118192701501,0.6048013379701519,0.39519866202984805,0.16666666666666666,291.8118192701501,0.39519866202984805,0.16666666666666666,294.1763793994353,0.0,0.0,292.37368459884664,440,"[""trace"", ""feature"", ""binary""]","[0.4217955160427593, 0.40865096906016174, 0.16666666666666666]",True,True,True,True,13,True,1.6837265983720744,0.6048013379701519
VH_6_MFA,VH,MFA,VH_6_MFA__cand_02,all6,optuna,generic_seed,trial_477,optuna_multi,7a74a72572fc5320,1,True,292.7238731359895,1,7.053190097210722,0.0018170401889219116,0.003935699698220799,6.9675619079996585,44.8986563438078,8.2,1.0,6.931554219323889e-06,1.0944885422058866e-07,3.7345111512491647e-07,1.2635598601775555,6,0,1.6769171695124732,290.1274316965095,0.5994185847541545,0.4005814152458455,0.16666666666666666,290.1274316965095,0.4005814152458455,0.16666666666666666,18.084908613894093,0.0,0.0,290.694679778422,477,"[""trace"", ""feature"", ""binary""]","[0.42186044234965897, 0.39529972677636416, 0.16666666666666666]",True,True,True,True,14,True,1.6769171695124732,0.5994185847541545
VH_6_MFA_BA,VH,MFA_BA,VH_6_MFA_BA__cand_01,all6,optuna,generic_seed,trial_299,optuna_multi,7a74a72572fc5320,1,True,167.8613655350517,1,299.0029981301299,0.0006358541141199491,0.0059349090193793665,74.06933945465862,0.21223717067582074,8.2,1.0,0.0010275784161907387,1.0944885422058866e-07,0.034719151536374004,2.18860634517043,6,0,1.283668530080144,166.99406815798832,0.9872048907828401,0.01279510921715984,0.6666666666666666,166.99406815798832,0.01279510921715984,0.6666666666666666,503.52962207065065,0.0,0.0,167.67352993387215,299,"[""trace"", ""feature"", ""binary""]","[0.31699399685410873, 0.010057633399558341, 0.6666666666666666]",True,True,True,True,1,True,1.3493499896902197,0.988703643955692
VH_6_MFA_BA,VH,MFA_BA,VH_6_MFA_BA__cand_02,all6,optuna,generic_seed,trial_458,optuna_multi,7a74a72572fc5320,1,True,167.8613655350517,1,299.0029981301299,0.0006358541141199491,0.0059349090193793665,74.06933945465862,0.21223717067582074,8.2,1.0,0.0010275784161907387,1.0944885422058866e-07,0.034719151536374004,2.18860634517043,6,0,1.283668530080144,166.99406815798832,0.9872048907828401,0.01279510921715984,0.6666666666666666,166.99406815798832,0.01279510921715984,0.6666666666666666,503.52962207065065,0.0,0.0,167.67352993387215,458,"[""trace"", ""feature"", ""binary""]","[0.31699399685410873, 0.010057633399558341, 0.6666666666666666]",True,True,True,True,2,True,1.283668530080144,0.9872048907828401
VH_7_OG_MFA,VH,MFA,VH_7_OG_MFA__cand_09,all6,optuna,generic_seed,trial_414,optuna_multi,7a74a72572fc5320,1,True,503.174363807567,1,1.9860553636909555,0.039964301676942524,0.04104396737392585,46.429142442949164,38.50345044335317,8.2,1.0,5.660670699258882e-07,5.461888811739218e-05,0.009769566124905356,5.126456608059839,6,0,2.464868154707513,503.626774390825,0.9553476387034211,0.04465236129657884,0.5,503.626774390825,0.04465236129657884,0.5,202.83804928601546,0.0,0.0,504.1714267521216,414,"[""trace"", ""feature"", ""binary""]","[0.6103735845334238, 0.04597679856140957, 0.5]",True,True,True,True,1,True,2.795329042767355,0.9498427219865587
VH_7_OG_MFA,VH,MFA,VH_7_OG_MFA__cand_13,all6,optuna,generic_seed,trial_491,optuna_multi,7a74a72572fc5320,1,True,512.5907980181613,1,1.9860553636909555,0.039964301676942524,0.09754191385782286,80.56598127278217,38.50345044335317,8.2,1.0,5.660670699258882e-07,3.1764108521098706e-05,3.5005997606273915e-08,3.203933130925507,6,0,2.485312858220327,515.7435975669587,0.9548309779059125,0.045169022094087415,0.5,515.7435975669587,0.045169022094087415,0.5,605.3146971417135,0.0,0.0,516.2887665890528,491,"[""trace"", ""feature"", ""binary""]","[0.6137580609240332, 0.04559130778832243, 0.5]",True,True,True,True,2,True,2.485312858220327,0.9548309779059125
VH_7_OG_MFA,VH,MFA,VH_7_OG_MFA__cand_11,all6,optuna,generic_seed,trial_280,optuna_multi,7a74a72572fc5320,1,True,510.8066193682997,1,354.1244438629623,0.005456725485601475,0.04104396737392585,56.19189219397068,38.50345044335317,8.2,1.0,1.9720874302402908e-07,5.461888811739218e-05,3.9576032587089944e-08,0.21878358324800873,6,0,2.466449020344428,516.1156412979772,0.9517877058357126,0.04821229416428738,0.5,516.1156412979772,0.04821229416428738,0.5,302.7554474442746,0.0,0.0,516.6638535921414,280,"[""trace"", ""feature"", ""binary""]","[0.6155714511520372, 0.0437725012331297, 0.5]",True,True,True,True,3,True,2.466449020344428,0.9517877058357126
VH_7_OG_MFA,VH,MFA,VH_7_OG_MFA__cand_12,all6,optuna,generic_seed,trial_366,optuna_multi,7a74a72572fc5320,1,True,510.8066193682997,1,354.1244438629623,0.005456725485601475,0.04104396737392585,56.19189219397068,38.50345044335317,8.2,1.0,1.9720874302402908e-07,5.461888811739218e-05,0.009769566124905356,0.21878358324800873,6,0,2.466449020344428,516.1156412979772,0.9517877058357126,0.04821229416428738,0.5,516.1156412979772,0.04821229416428738,0.5,293.32846050068,0.0,0.0,516.6638535921414,366,"[""trace"", ""feature"", ""binary""]","[0.6155714511520372, 0.0437725012331297, 0.5]",True,True,True,True,4,True,2.466449020344428,0.9517877058357126
VH_7_OG_MFA,VH,MFA,VH_7_OG_MFA__cand_10,all6,optuna,generic_seed,trial_369,optuna_multi,7a74a72572fc5320,1,True,510.80555844656067,1,454.57153583462264,0.005456725485601475,0.04104396737392585,56.19189219397068,0.02385022010474564,8.2,1.0,1.9720874302402908e-07,5.461888811739218e-05,1.3389713569160784e-08,0.21878358324800873,6,0,2.466854300572566,516.2485312395494,0.9517811412442381,0.04821885875576199,0.5,516.2485312395494,0.04821885875576199,0.5,301.06023050036714,0.0,0.0,516.7967500983051,369,"[""trace"", ""feature"", ""binary""]","[0.6155631150097092, 0.04379687785706887, 0.5]",True,True,True,True,5,True,2.466854300572566,0.9517811412442381
VH_7_OG_MFA,VH,MFA,VH_7_OG_MFA__cand_07,all6,optuna,generic_seed,trial_277,optuna_multi,7a74a72572fc5320,1,True,491.78406255952297,1,1.9860553636909555,0.039964301676942524,0.0007924849533052708,46.429142442949164,0.7158714383119805,8.2,1.0,5.660670699258882e-07,5.971435064832841e-06,3.5005997606273915e-08,0.2714690120730372,6,0,2.410119559898582,485.1230972000981,0.9458438408244433,0.05415615917555677,0.5,485.1230972000981,0.05415615917555677,0.5,208.55913773197565,0.0,0.0,485.6772533592736,277,"[""trace"", ""feature"", ""binary""]","[0.6044264596844235, 0.060816548664899384, 0.5]",True,True,True,True,6,True,2.410119559898582,0.9458438408244433
VH_7_OG_MFA,VH,MFA,VH_7_OG_MFA__cand_08,all6,optuna,generic_seed,trial_380,optuna_multi,7a74a72572fc5320,1,True,496.3992578811736,1,19.635135337385357,0.007058572590901788,0.0018063172511389187,88.54424137722116,0.035058550455355136,8.2,1.0,1.9720874302402908e-07,4.610205183063561e-05,0.0010050124895976764,5.202070575134441,6,0,2.421444750895223,501.3035636391199,0.927790729334154,0.07220927066584601,0.5,501.3035636391199,0.07220927066584601,0.5,713.9512264726204,0.0,0.0,501.8757729097857,380,"[""trace"", ""feature"", ""binary""]","[0.6030423525082912, 0.06860975072765407, 0.5]",True,True,True,True,7,True,2.421444750895223,0.927790729334154
VH_7_OG_MFA,VH,MFA,VH_7_OG_MFA__cand_06,all6,optuna,generic_seed,trial_498,optuna_multi,7a74a72572fc5320,1,True,486.5813341114971,1,19.635135337385357,0.0062036438354928424,0.0018063172511389187,131.58008112196623,0.035058550455355136,8.2,1.0,1.9720874302402908e-07,3.1764108521098706e-05,0.00017507431716231505,8.731355768861862,6,0,2.392398389779788,489.5436492112564,0.8631244764339927,0.13687552356600732,0.5,489.5436492112564,0.13687552356600732,0.5,1574.2394689944035,0.0,0.0,490.1805247348224,498,"[""trace"", ""feature"", ""binary""]","[0.5957513560991345, 0.13480895782600966, 0.5]",True,True,True,True,8,True,2.392398389779788,0.8631244764339927
VH_7_OG_MFA,VH,MFA,VH_7_OG_MFA__cand_05,all6,optuna,generic_seed,trial_487,optuna_multi,7a74a72572fc5320,1,True,483.75111758899965,1,7.053190097210722,0.007058572590901788,0.0018063172511389187,17.03363882994435,22.269685821727563,8.2,1.0,5.238322156582346e-08,5.461888811739218e-05,5.349594518450895e-05,5.202070575134441,6,0,2.3979008961903103,489.071533157557,0.8170136400955158,0.18298635990448422,0.5,489.071533157557,0.18298635990448422,0.5,36.23609552397932,0.0,0.0,489.75451951746146,487,"[""trace"", ""feature"", ""binary""]","[0.5949174279378745, 0.1795294692964432, 0.5]",True,True,True,True,9,True,2.3979008961903103,0.8170136400955158
VH_7_OG_MFA,VH,MFA,VH_7_OG_MFA__cand_01,all6,optuna,generic_seed,trial_421,optuna_multi,7a74a72572fc5320,1,True,446.73463234198823,1,354.1244438629623,0.003470360595544151,1.3380403777740534e-05,56.19189219397068,38.50345044335317,8.2,1.0,1.318600900985154e-06,3.1764108521098706e-05,3.5005997606273915e-08,8.731355768861862,6,0,2.359464810988266,457.872276482562,0.8051630229266348,0.19483697707336514,0.5,457.872276482562,0.19483697707336514,0.5,306.43158869410877,0.0,0.0,458.5671134596353,421,"[""trace"", ""feature"", ""binary""]","[0.5776054654724639, 0.1944528085442263, 0.5]",True,True,True,True,10,True,2.359464810988266,0.8051630229266348
VH_7_OG_MFA,VH,MFA,VH_7_OG_MFA__cand_02,all6,optuna,generic_seed,trial_465,optuna_multi,7a74a72572fc5320,1,True,447.26164034704277,1,354.1244438629623,0.003470360595544151,1.3380403777740534e-05,56.19189219397068,38.50345044335317,8.2,1.0,1.318600900985154e-06,3.1764108521098706e-05,3.5005997606273915e-08,8.731355768861862,6,0,2.359464810988266,457.872276482562,0.8051630229266348,0.19483697707336514,0.5,457.872276482562,0.19483697707336514,0.5,306.43125734353856,0.0,0.0,458.5671134596353,465,"[""trace"", ""feature"", ""binary""]","[0.5776079315043194, 0.193829823287476, 0.5]",True,True,True,True,11,True,2.359464810988266,0.8051630229266348
VH_7_OG_MFA,VH,MFA,VH_7_OG_MFA__cand_04,all6,optuna,generic_seed,trial_239,optuna_multi,7a74a72572fc5320,1,True,453.94363833346324,1,19.635135337385357,0.0014539199187561544,0.0018063172511389187,131.58008112196623,0.035058550455355136,8.2,1.0,1.9720874302402908e-07,5.461888811739218e-05,0.00017507431716231505,0.06574930931112102,6,0,2.306972080635079,454.7631208366749,0.6778555179090251,0.3221444820909749,0.5,454.7631208366749,0.3221444820909749,0.5,1573.409314592508,0.0,0.0,455.58526531876583,239,"[""trace"", ""feature"", ""binary""]","[0.5757638918410155, 0.3218243509696487, 0.5]",True,True,True,True,12,True,2.306972080635079,0.6778555179090251
VH_7_OG_MFA,VH,MFA,VH_7_OG_MFA__cand_03,all6,optuna,generic_seed,trial_156,optuna_multi,7a74a72572fc5320,1,True,450.01719192953635,1,19.635135337385357,0.0014539199187561544,0.0018063172511389187,136.23988289499806,0.01335654520744678,8.2,1.0,1.9720874302402908e-07,5.461888811739218e-05,0.00017507431716231505,1.2635598601775555,6,0,2.3018370883240333,449.1278542839788,0.6766047546168507,0.3233952453831494,0.5,449.1278542839788,0.3233952453831494,0.5,1687.0639158392405,0.0,0.0,449.951249529362,156,"[""trace"", ""feature"", ""binary""]","[0.5749341688208756, 0.32272114997259294, 0.5]",True,True,True,True,13,True,2.3018370883240333,0.6766047546168507
VH_7_OG_MFA_BA,VH,MFA_BA,VH_7_OG_MFA_BA__cand_15,all6,optuna,generic_seed,trial_70,optuna_multi,7a74a72572fc5320,1,True,350.46236576338447,1,29.624350259971568,0.0051316549551483235,1.2720975249530369e-05,76.81395874489215,0.011595696872206107,8.2,1.0,0.0010275784161907387,8.407761618357402e-07,2.021294400065342e-07,0.7615093434578651,6,0,2.1272817992956505,358.59413839434575,0.9522273171985948,0.04777268280140517,0.08333333333333333,358.59413839434575,0.04777268280140517,0.08333333333333333,543.9044150372865,0.0,0.0,358.72524441048046,70,"[""trace"", ""feature"", ""binary""]","[0.5245281282169348, 0.048835623404321904, 0.08333333333333333]",True,True,True,True,1,True,2.1273859696904327,0.9522294694904825
VH_7_OG_MFA_BA,VH,MFA_BA,VH_7_OG_MFA_BA__cand_09,all6,optuna,generic_seed,trial_490,optuna_multi,7a74a72572fc5320,1,True,234.36421035817418,1,36.29933412377833,0.0051316549551483235,0.0033556511123787065,59.59309358405509,0.15935845079964397,8.2,1.0,0.0003394873014043832,1.0398159624859374e-07,8.53873772948728e-06,0.2771211327854311,6,0,1.4654325782666227,235.56063084709686,0.944279298645339,0.055720701354661034,0.08333333333333333,235.56063084709686,0.055720701354661034,0.08333333333333333,325.7923252454681,0.0,0.0,235.69968488178486,490,"[""trace"", ""feature"", ""binary""]","[0.36428794798078834, 0.055720701354661006, 0.08333333333333333]",True,True,True,True,2,True,1.4654325782666227,0.944279298645339
VH_7_OG_MFA_BA,VH,MFA_BA,VH_7_OG_MFA_BA__cand_14,all6,optuna,generic_seed,trial_281,optuna_multi,7a74a72572fc5320,1,True,306.82900023321594,1,131.66617589939165,0.075797972901368,0.003980305062326634,125.74930570667068,0.15935845079964397,8.2,1.0,0.002222586551561993,4.922746084606872e-07,0.00012819994124610575,1.16434746427985,6,0,2.134089499668841,304.98958726486336,0.934629364021747,0.06537063597825306,0.08333333333333333,304.98958726486336,0.06537063597825306,0.08333333333333333,1436.1097802350664,0.0,0.0,305.1382912341749,281,"[""trace"", ""feature"", ""binary""]","[0.5279440544231856, 0.0056752937382106294, 0.08333333333333333]",True,True,True,True,3,True,2.134089499668841,0.934629364021747
VH_7_OG_MFA_BA,VH,MFA_BA,VH_7_OG_MFA_BA__cand_13,all6,optuna,generic_seed,trial_434,optuna_multi,7a74a72572fc5320,1,True,247.22613884219925,1,131.66617589939165,0.09162638829638212,7.536160712278311,83.15310787671011,0.7489579543518217,8.2,1.0,0.0006620420614596556,3.1648327830438766e-05,2.021294400065342e-07,2.3381499592960715,6,0,1.473870531032156,256.8391115976495,0.912442269628604,0.0875577303713959,0.08333333333333333,256.8391115976495,0.0875577303713959,0.08333333333333333,635.1502769820858,0.0,0.0,257.0100026613542,434,"[""trace"", ""feature"", ""binary""]","[0.3541161439044589, 0.07645166806117853, 0.08333333333333333]",True,True,True,True,4,True,1.473870531032156,0.912442269628604
VH_7_OG_MFA_BA,VH,MFA_BA,VH_7_OG_MFA_BA__cand_05,all6,optuna,generic_seed,trial_265,optuna_multi,7a74a72572fc5320,1,True,218.13522983791452,1,197.46556946697868,0.001906534551939351,0.273166688647644,94.40979572028938,0.011595696872206107,8.2,1.0,0.0010275784161907387,1.0398159624859374e-07,2.021294400065342e-07,8.506493044099056,6,0,1.4029580141685127,222.56041489756402,0.884810888879338,0.115189111120662,0.08333333333333333,222.56041489756402,0.115189111120662,0.08333333333333333,816.6177762261635,0.0,0.0,222.75893734201802,265,"[""trace"", ""feature"", ""binary""]","[0.3447278488061662, 0.11557464918787674, 0.08333333333333333]",True,True,True,True,5,True,1.4029580141685127,0.884810888879338
VH_7_OG_MFA_BA,VH,MFA_BA,VH_7_OG_MFA_BA__cand_06,all6,optuna,generic_seed,trial_474,optuna_multi,7a74a72572fc5320,1,True,218.13522983791452,1,197.46556946697868,0.001906534551939351,0.273166688647644,94.40979572028938,0.011595696872206107,8.2,1.0,0.0010275784161907387,1.0398159624859374e-07,2.021294400065342e-07,8.506493044099056,6,0,1.4029580141685127,222.56041489756402,0.884810888879338,0.115189111120662,0.08333333333333333,222.56041489756402,0.115189111120662,0.08333333333333333,816.6177762261635,0.0,0.0,222.75893734201802,474,"[""trace"", ""feature"", ""binary""]","[0.3447278488061662, 0.11557464918787674, 0.08333333333333333]",True,True,True,True,6,True,1.4029580141685127,0.884810888879338
VH_7_OG_MFA_BA,VH,MFA_BA,VH_7_OG_MFA_BA__cand_10,all6,optuna,generic_seed,trial_158,optuna_multi,7a74a72572fc5320,1,True,241.92381585617576,1,131.66617589939165,0.09162638829638212,7.536160712278311,83.15310787671011,0.48091700385969915,8.2,1.0,0.0006620420614596556,1.9740583621124953e-05,4.0592146437489974e-08,2.3381499592960715,6,0,1.4492421405570195,250.2479553814944,0.8751513492995476,0.12484865070045238,0.08333333333333333,250.2479553814944,0.12484865070045238,0.08333333333333333,637.2373537479509,0.0,0.0,250.45613736552818,158,"[""trace"", ""feature"", ""binary""]","[0.34992298163853636, 0.10884584921927709, 0.08333333333333333]",True,True,True,True,7,True,1.4492421405570195,0.8751513492995476
VH_7_OG_MFA_BA,VH,MFA_BA,VH_7_OG_MFA_BA__cand_11,all6,optuna,generic_seed,trial_295,optuna_multi,7a74a72572fc5320,1,True,241.92381585617576,1,131.66617589939165,0.09162638829638212,7.536160712278311,83.15310787671011,0.48091700385969915,8.2,1.0,0.0006620420614596556,1.9740583621124953e-05,4.0592146437489974e-08,2.3381499592960715,6,0,1.4492421405570195,250.2479553814944,0.8751513492995476,0.12484865070045238,0.08333333333333333,250.2479553814944,0.12484865070045238,0.08333333333333333,637.2373537479509,0.0,0.0,250.45613736552818,295,"[""trace"", ""feature"", ""binary""]","[0.34992298163853636, 0.10884584921927709, 0.08333333333333333]",True,True,True,True,8,True,1.4492421405570195,0.8751513492995476
VH_7_OG_MFA_BA,VH,MFA_BA,VH_7_OG_MFA_BA__cand_12,all6,optuna,generic_seed,trial_458,optuna_multi,7a74a72572fc5320,1,True,241.92381585617576,1,131.66617589939165,0.09162638829638212,7.536160712278311,83.15310787671011,0.48091700385969915,8.2,1.0,0.0006620420614596556,1.9740583621124953e-05,4.0592146437489974e-08,2.3381499592960715,6,0,1.4492421405570195,250.2479553814944,0.8751513492995476,0.12484865070045238,0.08333333333333333,250.2479553814944,0.12484865070045238,0.08333333333333333,637.2373537479509,0.0,0.0,250.45613736552818,458,"[""trace"", ""feature"", ""binary""]","[0.34992298163853636, 0.10884584921927709, 0.08333333333333333]",True,True,True,True,9,True,1.4492421405570195,0.8751513492995476
VH_7_OG_MFA_BA,VH,MFA_BA,VH_7_OG_MFA_BA__cand_02,all6,optuna,generic_seed,trial_270,optuna_multi,7a74a72572fc5320,1,True,210.29075591187868,1,36.29933412377833,0.001906534551939351,0.003980305062326634,59.59309358405509,4.449807395755716,8.2,1.0,0.0003394873014043832,1.0398159624859374e-07,0.08927987485470273,2.667823311143773,6,0,1.4009283312210465,223.3149937957218,0.8324448626662474,0.1675551373337526,0.08333333333333333,223.3149937957218,0.1675551373337526,0.08333333333333333,329.85743211509543,0.0,0.0,223.56588226638888,270,"[""trace"", ""feature"", ""binary""]","[0.335095285526623, 0.16863622838714687, 0.08333333333333333]",True,True,True,True,10,True,1.4009283312210465,0.8324448626662474
VH_7_OG_MFA_BA,VH,MFA_BA,VH_7_OG_MFA_BA__cand_08,all6,optuna,generic_seed,trial_370,optuna_multi,7a74a72572fc5320,1,True,226.28307816592724,1,131.66617589939165,0.03848958904021621,0.0023721282002103394,83.15310787671011,0.0011510538679652875,8.2,1.0,4.313297874988255e-06,0.008387968210939496,4.0592146437489974e-08,2.3381499592960715,6,0,1.4527194558525969,248.49600606258045,0.7810314115198733,0.21896858848012665,0.08333333333333333,248.49600606258045,0.21896858848012665,0.08333333333333333,637.9308160240362,0.0,0.0,248.79830798439392,370,"[""trace"", ""feature"", ""binary""]","[0.3325854307390787, 0.20855489494809287, 0.08333333333333333]",True,True,True,True,11,True,1.4527194558525969,0.7810314115198733
VH_7_OG_MFA_BA,VH,MFA_BA,VH_7_OG_MFA_BA__cand_07,all6,optuna,generic_seed,trial_459,optuna_multi,7a74a72572fc5320,1,True,225.1876022893728,1,50.30871445660774,0.03848958904021621,0.00012184078187636968,83.15310787671011,0.0011510538679652875,8.2,1.0,3.205426858107021e-05,0.008387968210939496,4.0592146437489974e-08,2.3381499592960715,6,0,1.4414196860056172,246.74725298213707,0.7378596436026271,0.2621403563973728,0.08333333333333333,246.74725298213707,0.2621403563973728,0.08333333333333333,638.1029269049769,0.0,0.0,247.09272667186778,459,"[""trace"", ""feature"", ""binary""]","[0.3296820229000394, 0.2478002822494485, 0.08333333333333333]",True,True,True,True,12,True,1.4414196860056172,0.7378596436026271
VH_7_OG_MFA_BA,VH,MFA_BA,VH_7_OG_MFA_BA__cand_01,all6,optuna,generic_seed,trial_240,optuna_multi,7a74a72572fc5320,1,True,208.7635129094539,1,22.936801574891415,0.003470360595544151,1.1586756046939324,144.4833809160917,0.0011405478547473157,8.2,1.0,0.000299412050563471,0.008387968210939496,1.0888336764584933e-05,0.41299172660929345,6,0,1.2868161391879622,212.67206398393353,0.7177832787871591,0.28221672121284097,0.4166666666666667,212.67206398393353,0.28221672121284097,0.4166666666666667,1899.3373423480004,0.0,0.0,213.37094737181303,240,"[""trace"", ""feature"", ""binary""]","[0.3166065478034023, 0.27763468945853764, 0.4166666666666667]",True,True,True,True,13,True,1.2868161391879622,0.7177832787871591
VH_7_OG_MFA_BA,VH,MFA_BA,VH_7_OG_MFA_BA__cand_03,all6,optuna,generic_seed,trial_478,optuna_multi,7a74a72572fc5320,1,True,212.294045106115,1,250.62588866464338,0.004316517111160397,0.23017354065574308,83.15310787671011,0.0011510538679652875,8.2,1.0,0.000299412050563471,0.008387968210939496,1.0888336764584933e-05,0.41299172660929345,6,0,1.343800147669559,225.73386264894998,0.6947573729108668,0.305242627089133,0.08333333333333333,225.73386264894998,0.305242627089133,0.08333333333333333,631.5856081442971,0.0,0.0,226.12243860937247,478,"[""trace"", ""feature"", ""binary""]","[0.31799261834317205, 0.26430123049117416, 0.08333333333333333]",True,True,True,True,14,True,1.343800147669559,0.6947573729108668
VH_7_OG_MFA_BA,VH,MFA_BA,VH_7_OG_MFA_BA__cand_04,all6,optuna,generic_seed,trial_447,optuna_multi,7a74a72572fc5320,1,True,216.70617113093292,1,50.30871445660774,0.0009499072859745382,0.00012184078187636968,76.81395874489215,0.19517517603969636,8.2,1.0,3.205426858107021e-05,0.003914801038925881,2.021294400065342e-07,0.07392274977341988,6,0,1.3339935346579328,227.89116174864338,0.6847578330941769,0.315242166905823,0.08333333333333333,227.89116174864338,0.315242166905823,0.08333333333333333,543.6213798266498,0.0,0.0,228.28973724888255,447,"[""trace"", ""feature"", ""binary""]","[0.317672432152553, 0.3403308854721009, 0.08333333333333333]",True,True,True,True,15,True,1.3339935346579328,0.6847578330941769
