file_id,region,condition,candidate_id,mechanism_cluster,dominant_mechanism,heldout_mean_rmse_mV,holdout_mean_pass_fraction,parameter,coordinate_type,value,lower_bound,upper_bound,below_lower_bound,above_upper_bound,within_lower_bound,within_upper_bound,bound_violation,range_source,range_basis,plausibility_status,identifiability_status,identifiability_source,identifiability_evidence,physiologically_interpretable,interpretation_guardrail
1_DH_1_CONTROL,DH,CONTROL,1_DH_1_CONTROL__cand_45,unlabeled,unknown,13.517363828352613,0.3466527547395403,gki,raw,1.527060159221693,1.0,300.0,False,False,True,True,none,broad_model_guardrail,Kir conductance kept within broad positive astrocyte-model scale,within_range,identifiable,step03_effective_parameter_map,Interpret only after profile/FIM support; weak profiles imply practical non-identifiability.,True,within broad range and supported by available identifiability evidence
1_DH_1_CONTROL,DH,CONTROL,1_DH_1_CONTROL__cand_45,unlabeled,unknown,13.517363828352613,0.3466527547395403,eps,raw,0.0392840951347922,1e-05,0.2,False,False,True,True,none,broad_model_guardrail,extracellular exchange factor must be positive and sub-unity,within_range,identifiable,step03_effective_parameter_map,Interpret only after profile/FIM support; weak profiles imply practical non-identifiability.,True,within broad range and supported by available identifiability evidence
1_DH_1_CONTROL,DH,CONTROL,1_DH_1_CONTROL__cand_45,unlabeled,unknown,13.517363828352613,0.3466527547395403,gl_a,raw,0.0662411243163617,0.0001,50.0,False,False,True,True,none,broad_model_guardrail,leak conductance kept positive and below dominant Kir scale,within_range,identifiable,step03_effective_parameter_map,Interpret only after profile/FIM support; weak profiles imply practical non-identifiability.,True,within broad range and supported by available identifiability evidence
1_DH_1_CONTROL,DH,CONTROL,1_DH_1_CONTROL__cand_45,unlabeled,unknown,13.517363828352613,0.3466527547395403,zth,raw,1.3795577424944472,0.001,5.0,False,False,True,True,none,broad_model_guardrail,gating threshold kept positive on modeled potassium-deviation scale,within_range,weakly_identified,step03_effective_parameter_map,Interpret only after profile/FIM support; weak profiles imply practical non-identifiability.,False,within broad range but Step 03 indicates weak/sloppy/broad identifiability
1_DH_1_CONTROL,DH,CONTROL,1_DH_1_CONTROL__cand_45,unlabeled,unknown,13.517363828352613,0.3466527547395403,zs,raw,0.0029978626836734,0.0001,5.0,False,False,True,True,none,broad_model_guardrail,gating slope/scale kept positive on modeled potassium-deviation scale,within_range,weakly_identified,step03_effective_parameter_map,Interpret only after profile/FIM support; weak profiles imply practical non-identifiability.,False,within broad range but Step 03 indicates weak/sloppy/broad identifiability
1_DH_1_CONTROL,DH,CONTROL,1_DH_1_CONTROL__cand_45,unlabeled,unknown,13.517363828352613,0.3466527547395403,P_gap_eff,effective,0.0021014475048247,1e-08,0.005,False,False,True,True,none,effective_coordinate_guardrail,interpretable product d × pk for gap coupling,within_range,weakly_identified,step03_profile_summary,broad_valley,False,within broad range but Step 03 indicates weak/sloppy/broad identifiability
1_DH_1_CONTROL,DH,CONTROL,1_DH_1_CONTROL__cand_45,unlabeled,unknown,13.517363828352613,0.3466527547395403,gamma_t_eff,effective,0.0004778078440182,1e-08,0.05,False,False,True,True,none,effective_coordinate_guardrail,transport effective coordinate normalized by volume/Faraday terms,within_range,weakly_identified,step03_profile_summary,broad_valley,False,within broad range but Step 03 indicates weak/sloppy/broad identifiability
1_DH_1_CONTROL,DH,CONTROL,1_DH_1_CONTROL__cand_45,unlabeled,unknown,13.517363828352613,0.3466527547395403,gamma_s_eff,effective,0.0003120480859813,1e-08,0.05,False,False,True,True,none,effective_coordinate_guardrail,syncytial effective coordinate normalized by volume/Faraday terms,within_range,weakly_identified,step03_profile_summary,flat_unbounded,False,within broad range but Step 03 indicates weak/sloppy/broad identifiability
1_DH_1_CONTROL,DH,CONTROL,1_DH_1_CONTROL__cand_45,unlabeled,unknown,13.517363828352613,0.3466527547395403,volume_ratio_wa_wo,effective,0.078086972939458,0.001,1000.0,False,False,True,True,none,effective_coordinate_guardrail,cell/extracellular volume ratio effective coordinate,within_range,weakly_identified,step03_profile_summary,broad_valley,False,within broad range but Step 03 indicates weak/sloppy/broad identifiability
1_DH_2_CONTROL,DH,CONTROL,1_DH_2_CONTROL__cand_01,unlabeled,unknown,7.782389507575149,0.3430748720931917,gki,raw,1.527060159221693,1.0,300.0,False,False,True,True,none,broad_model_guardrail,Kir conductance kept within broad positive astrocyte-model scale,within_range,identifiable,step03_effective_parameter_map,Interpret only after profile/FIM support; weak profiles imply practical non-identifiability.,True,within broad range and supported by available identifiability evidence
1_DH_2_CONTROL,DH,CONTROL,1_DH_2_CONTROL__cand_01,unlabeled,unknown,7.782389507575149,0.3430748720931917,eps,raw,0.0392840951347922,1e-05,0.2,False,False,True,True,none,broad_model_guardrail,extracellular exchange factor must be positive and sub-unity,within_range,identifiable,step03_effective_parameter_map,Interpret only after profile/FIM support; weak profiles imply practical non-identifiability.,True,within broad range and supported by available identifiability evidence
1_DH_2_CONTROL,DH,CONTROL,1_DH_2_CONTROL__cand_01,unlabeled,unknown,7.782389507575149,0.3430748720931917,gl_a,raw,0.0662411243163617,0.0001,50.0,False,False,True,True,none,broad_model_guardrail,leak conductance kept positive and below dominant Kir scale,within_range,identifiable,step03_effective_parameter_map,Interpret only after profile/FIM support; weak profiles imply practical non-identifiability.,True,within broad range and supported by available identifiability evidence
1_DH_2_CONTROL,DH,CONTROL,1_DH_2_CONTROL__cand_01,unlabeled,unknown,7.782389507575149,0.3430748720931917,zth,raw,1.3795577424944472,0.001,5.0,False,False,True,True,none,broad_model_guardrail,gating threshold kept positive on modeled potassium-deviation scale,within_range,weakly_identified,step03_effective_parameter_map,Interpret only after profile/FIM support; weak profiles imply practical non-identifiability.,False,within broad range but Step 03 indicates weak/sloppy/broad identifiability
1_DH_2_CONTROL,DH,CONTROL,1_DH_2_CONTROL__cand_01,unlabeled,unknown,7.782389507575149,0.3430748720931917,zs,raw,0.0029978626836734,0.0001,5.0,False,False,True,True,none,broad_model_guardrail,gating slope/scale kept positive on modeled potassium-deviation scale,within_range,weakly_identified,step03_effective_parameter_map,Interpret only after profile/FIM support; weak profiles imply practical non-identifiability.,False,within broad range but Step 03 indicates weak/sloppy/broad identifiability
1_DH_2_CONTROL,DH,CONTROL,1_DH_2_CONTROL__cand_01,unlabeled,unknown,7.782389507575149,0.3430748720931917,P_gap_eff,effective,0.0021014475048247,1e-08,0.005,False,False,True,True,none,effective_coordinate_guardrail,interpretable product d × pk for gap coupling,within_range,weakly_identified,step03_profile_summary,broad_valley,False,within broad range but Step 03 indicates weak/sloppy/broad identifiability
1_DH_2_CONTROL,DH,CONTROL,1_DH_2_CONTROL__cand_01,unlabeled,unknown,7.782389507575149,0.3430748720931917,gamma_t_eff,effective,0.0004778078440182,1e-08,0.05,False,False,True,True,none,effective_coordinate_guardrail,transport effective coordinate normalized by volume/Faraday terms,within_range,weakly_identified,step03_profile_summary,broad_valley,False,within broad range but Step 03 indicates weak/sloppy/broad identifiability
1_DH_2_CONTROL,DH,CONTROL,1_DH_2_CONTROL__cand_01,unlabeled,unknown,7.782389507575149,0.3430748720931917,gamma_s_eff,effective,0.0003120480859813,1e-08,0.05,False,False,True,True,none,effective_coordinate_guardrail,syncytial effective coordinate normalized by volume/Faraday terms,within_range,weakly_identified,step03_profile_summary,flat_unbounded,False,within broad range but Step 03 indicates weak/sloppy/broad identifiability
1_DH_2_CONTROL,DH,CONTROL,1_DH_2_CONTROL__cand_01,unlabeled,unknown,7.782389507575149,0.3430748720931917,volume_ratio_wa_wo,effective,0.078086972939458,0.001,1000.0,False,False,True,True,none,effective_coordinate_guardrail,cell/extracellular volume ratio effective coordinate,within_range,weakly_identified,step03_profile_summary,broad_valley,False,within broad range but Step 03 indicates weak/sloppy/broad identifiability
2_DH_1_CONTROL,DH,CONTROL,2_DH_1_CONTROL__cand_01,unlabeled,unknown,6.0204881482616175,0.3419407769805411,gki,raw,1.527060159221693,1.0,300.0,False,False,True,True,none,broad_model_guardrail,Kir conductance kept within broad positive astrocyte-model scale,within_range,identifiable,step03_effective_parameter_map,Interpret only after profile/FIM support; weak profiles imply practical non-identifiability.,True,within broad range and supported by available identifiability evidence
2_DH_1_CONTROL,DH,CONTROL,2_DH_1_CONTROL__cand_01,unlabeled,unknown,6.0204881482616175,0.3419407769805411,eps,raw,0.0392840951347922,1e-05,0.2,False,False,True,True,none,broad_model_guardrail,extracellular exchange factor must be positive and sub-unity,within_range,identifiable,step03_effective_parameter_map,Interpret only after profile/FIM support; weak profiles imply practical non-identifiability.,True,within broad range and supported by available identifiability evidence
2_DH_1_CONTROL,DH,CONTROL,2_DH_1_CONTROL__cand_01,unlabeled,unknown,6.0204881482616175,0.3419407769805411,gl_a,raw,0.0662411243163617,0.0001,50.0,False,False,True,True,none,broad_model_guardrail,leak conductance kept positive and below dominant Kir scale,within_range,identifiable,step03_effective_parameter_map,Interpret only after profile/FIM support; weak profiles imply practical non-identifiability.,True,within broad range and supported by available identifiability evidence
2_DH_1_CONTROL,DH,CONTROL,2_DH_1_CONTROL__cand_01,unlabeled,unknown,6.0204881482616175,0.3419407769805411,zth,raw,1.3795577424944472,0.001,5.0,False,False,True,True,none,broad_model_guardrail,gating threshold kept positive on modeled potassium-deviation scale,within_range,weakly_identified,step03_effective_parameter_map,Interpret only after profile/FIM support; weak profiles imply practical non-identifiability.,False,within broad range but Step 03 indicates weak/sloppy/broad identifiability
2_DH_1_CONTROL,DH,CONTROL,2_DH_1_CONTROL__cand_01,unlabeled,unknown,6.0204881482616175,0.3419407769805411,zs,raw,0.0029978626836734,0.0001,5.0,False,False,True,True,none,broad_model_guardrail,gating slope/scale kept positive on modeled potassium-deviation scale,within_range,weakly_identified,step03_effective_parameter_map,Interpret only after profile/FIM support; weak profiles imply practical non-identifiability.,False,within broad range but Step 03 indicates weak/sloppy/broad identifiability
2_DH_1_CONTROL,DH,CONTROL,2_DH_1_CONTROL__cand_01,unlabeled,unknown,6.0204881482616175,0.3419407769805411,P_gap_eff,effective,0.0021014475048247,1e-08,0.005,False,False,True,True,none,effective_coordinate_guardrail,interpretable product d × pk for gap coupling,within_range,weakly_identified,step03_profile_summary,broad_valley,False,within broad range but Step 03 indicates weak/sloppy/broad identifiability
2_DH_1_CONTROL,DH,CONTROL,2_DH_1_CONTROL__cand_01,unlabeled,unknown,6.0204881482616175,0.3419407769805411,gamma_t_eff,effective,0.0004778078440182,1e-08,0.05,False,False,True,True,none,effective_coordinate_guardrail,transport effective coordinate normalized by volume/Faraday terms,within_range,weakly_identified,step03_profile_summary,broad_valley,False,within broad range but Step 03 indicates weak/sloppy/broad identifiability
2_DH_1_CONTROL,DH,CONTROL,2_DH_1_CONTROL__cand_01,unlabeled,unknown,6.0204881482616175,0.3419407769805411,gamma_s_eff,effective,0.0003120480859813,1e-08,0.05,False,False,True,True,none,effective_coordinate_guardrail,syncytial effective coordinate normalized by volume/Faraday terms,within_range,weakly_identified,step03_profile_summary,flat_unbounded,False,within broad range but Step 03 indicates weak/sloppy/broad identifiability
2_DH_1_CONTROL,DH,CONTROL,2_DH_1_CONTROL__cand_01,unlabeled,unknown,6.0204881482616175,0.3419407769805411,volume_ratio_wa_wo,effective,0.078086972939458,0.001,1000.0,False,False,True,True,none,effective_coordinate_guardrail,cell/extracellular volume ratio effective coordinate,within_range,weakly_identified,step03_profile_summary,broad_valley,False,within broad range but Step 03 indicates weak/sloppy/broad identifiability
3_DH_1_CONTROL,DH,CONTROL,3_DH_1_CONTROL__cand_01,unlabeled,unknown,8.860592494863253,0.3406949850831772,gki,raw,1.527060159221693,1.0,300.0,False,False,True,True,none,broad_model_guardrail,Kir conductance kept within broad positive astrocyte-model scale,within_range,identifiable,step03_effective_parameter_map,Interpret only after profile/FIM support; weak profiles imply practical non-identifiability.,True,within broad range and supported by available identifiability evidence
3_DH_1_CONTROL,DH,CONTROL,3_DH_1_CONTROL__cand_01,unlabeled,unknown,8.860592494863253,0.3406949850831772,eps,raw,0.0392840951347922,1e-05,0.2,False,False,True,True,none,broad_model_guardrail,extracellular exchange factor must be positive and sub-unity,within_range,identifiable,step03_effective_parameter_map,Interpret only after profile/FIM support; weak profiles imply practical non-identifiability.,True,within broad range and supported by available identifiability evidence
3_DH_1_CONTROL,DH,CONTROL,3_DH_1_CONTROL__cand_01,unlabeled,unknown,8.860592494863253,0.3406949850831772,gl_a,raw,0.0662411243163617,0.0001,50.0,False,False,True,True,none,broad_model_guardrail,leak conductance kept positive and below dominant Kir scale,within_range,identifiable,step03_effective_parameter_map,Interpret only after profile/FIM support; weak profiles imply practical non-identifiability.,True,within broad range and supported by available identifiability evidence
3_DH_1_CONTROL,DH,CONTROL,3_DH_1_CONTROL__cand_01,unlabeled,unknown,8.860592494863253,0.3406949850831772,zth,raw,1.3795577424944472,0.001,5.0,False,False,True,True,none,broad_model_guardrail,gating threshold kept positive on modeled potassium-deviation scale,within_range,weakly_identified,step03_effective_parameter_map,Interpret only after profile/FIM support; weak profiles imply practical non-identifiability.,False,within broad range but Step 03 indicates weak/sloppy/broad identifiability
3_DH_1_CONTROL,DH,CONTROL,3_DH_1_CONTROL__cand_01,unlabeled,unknown,8.860592494863253,0.3406949850831772,zs,raw,0.0029978626836734,0.0001,5.0,False,False,True,True,none,broad_model_guardrail,gating slope/scale kept positive on modeled potassium-deviation scale,within_range,weakly_identified,step03_effective_parameter_map,Interpret only after profile/FIM support; weak profiles imply practical non-identifiability.,False,within broad range but Step 03 indicates weak/sloppy/broad identifiability
3_DH_1_CONTROL,DH,CONTROL,3_DH_1_CONTROL__cand_01,unlabeled,unknown,8.860592494863253,0.3406949850831772,P_gap_eff,effective,0.0021014475048247,1e-08,0.005,False,False,True,True,none,effective_coordinate_guardrail,interpretable product d × pk for gap coupling,within_range,weakly_identified,step03_profile_summary,broad_valley,False,within broad range but Step 03 indicates weak/sloppy/broad identifiability
3_DH_1_CONTROL,DH,CONTROL,3_DH_1_CONTROL__cand_01,unlabeled,unknown,8.860592494863253,0.3406949850831772,gamma_t_eff,effective,0.0004778078440182,1e-08,0.05,False,False,True,True,none,effective_coordinate_guardrail,transport effective coordinate normalized by volume/Faraday terms,within_range,weakly_identified,step03_profile_summary,broad_valley,False,within broad range but Step 03 indicates weak/sloppy/broad identifiability
3_DH_1_CONTROL,DH,CONTROL,3_DH_1_CONTROL__cand_01,unlabeled,unknown,8.860592494863253,0.3406949850831772,gamma_s_eff,effective,0.0003120480859813,1e-08,0.05,False,False,True,True,none,effective_coordinate_guardrail,syncytial effective coordinate normalized by volume/Faraday terms,within_range,weakly_identified,step03_profile_summary,flat_unbounded,False,within broad range but Step 03 indicates weak/sloppy/broad identifiability
3_DH_1_CONTROL,DH,CONTROL,3_DH_1_CONTROL__cand_01,unlabeled,unknown,8.860592494863253,0.3406949850831772,volume_ratio_wa_wo,effective,0.078086972939458,0.001,1000.0,False,False,True,True,none,effective_coordinate_guardrail,cell/extracellular volume ratio effective coordinate,within_range,weakly_identified,step03_profile_summary,broad_valley,False,within broad range but Step 03 indicates weak/sloppy/broad identifiability
3_DH_2_CONTROL,DH,CONTROL,3_DH_2_CONTROL__cand_01,unlabeled,unknown,8.620770202958193,0.3490727699420439,gki,raw,1.527060159221693,1.0,300.0,False,False,True,True,none,broad_model_guardrail,Kir conductance kept within broad positive astrocyte-model scale,within_range,identifiable,step03_effective_parameter_map,Interpret only after profile/FIM support; weak profiles imply practical non-identifiability.,True,within broad range and supported by available identifiability evidence
3_DH_2_CONTROL,DH,CONTROL,3_DH_2_CONTROL__cand_01,unlabeled,unknown,8.620770202958193,0.3490727699420439,eps,raw,0.0392840951347922,1e-05,0.2,False,False,True,True,none,broad_model_guardrail,extracellular exchange factor must be positive and sub-unity,within_range,identifiable,step03_effective_parameter_map,Interpret only after profile/FIM support; weak profiles imply practical non-identifiability.,True,within broad range and supported by available identifiability evidence
3_DH_2_CONTROL,DH,CONTROL,3_DH_2_CONTROL__cand_01,unlabeled,unknown,8.620770202958193,0.3490727699420439,gl_a,raw,0.0662411243163617,0.0001,50.0,False,False,True,True,none,broad_model_guardrail,leak conductance kept positive and below dominant Kir scale,within_range,identifiable,step03_effective_parameter_map,Interpret only after profile/FIM support; weak profiles imply practical non-identifiability.,True,within broad range and supported by available identifiability evidence
3_DH_2_CONTROL,DH,CONTROL,3_DH_2_CONTROL__cand_01,unlabeled,unknown,8.620770202958193,0.3490727699420439,zth,raw,1.3795577424944472,0.001,5.0,False,False,True,True,none,broad_model_guardrail,gating threshold kept positive on modeled potassium-deviation scale,within_range,weakly_identified,step03_effective_parameter_map,Interpret only after profile/FIM support; weak profiles imply practical non-identifiability.,False,within broad range but Step 03 indicates weak/sloppy/broad identifiability
3_DH_2_CONTROL,DH,CONTROL,3_DH_2_CONTROL__cand_01,unlabeled,unknown,8.620770202958193,0.3490727699420439,zs,raw,0.0029978626836734,0.0001,5.0,False,False,True,True,none,broad_model_guardrail,gating slope/scale kept positive on modeled potassium-deviation scale,within_range,weakly_identified,step03_effective_parameter_map,Interpret only after profile/FIM support; weak profiles imply practical non-identifiability.,False,within broad range but Step 03 indicates weak/sloppy/broad identifiability
3_DH_2_CONTROL,DH,CONTROL,3_DH_2_CONTROL__cand_01,unlabeled,unknown,8.620770202958193,0.3490727699420439,P_gap_eff,effective,0.0021014475048247,1e-08,0.005,False,False,True,True,none,effective_coordinate_guardrail,interpretable product d × pk for gap coupling,within_range,weakly_identified,step03_profile_summary,broad_valley,False,within broad range but Step 03 indicates weak/sloppy/broad identifiability
3_DH_2_CONTROL,DH,CONTROL,3_DH_2_CONTROL__cand_01,unlabeled,unknown,8.620770202958193,0.3490727699420439,gamma_t_eff,effective,0.0004778078440182,1e-08,0.05,False,False,True,True,none,effective_coordinate_guardrail,transport effective coordinate normalized by volume/Faraday terms,within_range,weakly_identified,step03_profile_summary,broad_valley,False,within broad range but Step 03 indicates weak/sloppy/broad identifiability
3_DH_2_CONTROL,DH,CONTROL,3_DH_2_CONTROL__cand_01,unlabeled,unknown,8.620770202958193,0.3490727699420439,gamma_s_eff,effective,0.0003120480859813,1e-08,0.05,False,False,True,True,none,effective_coordinate_guardrail,syncytial effective coordinate normalized by volume/Faraday terms,within_range,weakly_identified,step03_profile_summary,flat_unbounded,False,within broad range but Step 03 indicates weak/sloppy/broad identifiability
3_DH_2_CONTROL,DH,CONTROL,3_DH_2_CONTROL__cand_01,unlabeled,unknown,8.620770202958193,0.3490727699420439,volume_ratio_wa_wo,effective,0.078086972939458,0.001,1000.0,False,False,True,True,none,effective_coordinate_guardrail,cell/extracellular volume ratio effective coordinate,within_range,weakly_identified,step03_profile_summary,broad_valley,False,within broad range but Step 03 indicates weak/sloppy/broad identifiability
DH_1_CONTROL,DH,CONTROL,DH_1_CONTROL__cand_01,unlabeled,unknown,6.933349910397763,0.3768791346095088,gki,raw,1.527060159221693,1.0,300.0,False,False,True,True,none,broad_model_guardrail,Kir conductance kept within broad positive astrocyte-model scale,within_range,identifiable,step03_effective_parameter_map,Interpret only after profile/FIM support; weak profiles imply practical non-identifiability.,True,within broad range and supported by available identifiability evidence
DH_1_CONTROL,DH,CONTROL,DH_1_CONTROL__cand_01,unlabeled,unknown,6.933349910397763,0.3768791346095088,eps,raw,0.0392840951347922,1e-05,0.2,False,False,True,True,none,broad_model_guardrail,extracellular exchange factor must be positive and sub-unity,within_range,identifiable,step03_effective_parameter_map,Interpret only after profile/FIM support; weak profiles imply practical non-identifiability.,True,within broad range and supported by available identifiability evidence
DH_1_CONTROL,DH,CONTROL,DH_1_CONTROL__cand_01,unlabeled,unknown,6.933349910397763,0.3768791346095088,gl_a,raw,0.0662411243163617,0.0001,50.0,False,False,True,True,none,broad_model_guardrail,leak conductance kept positive and below dominant Kir scale,within_range,identifiable,step03_effective_parameter_map,Interpret only after profile/FIM support; weak profiles imply practical non-identifiability.,True,within broad range and supported by available identifiability evidence
DH_1_CONTROL,DH,CONTROL,DH_1_CONTROL__cand_01,unlabeled,unknown,6.933349910397763,0.3768791346095088,zth,raw,1.3795577424944472,0.001,5.0,False,False,True,True,none,broad_model_guardrail,gating threshold kept positive on modeled potassium-deviation scale,within_range,weakly_identified,step03_effective_parameter_map,Interpret only after profile/FIM support; weak profiles imply practical non-identifiability.,False,within broad range but Step 03 indicates weak/sloppy/broad identifiability
DH_1_CONTROL,DH,CONTROL,DH_1_CONTROL__cand_01,unlabeled,unknown,6.933349910397763,0.3768791346095088,zs,raw,0.0029978626836734,0.0001,5.0,False,False,True,True,none,broad_model_guardrail,gating slope/scale kept positive on modeled potassium-deviation scale,within_range,weakly_identified,step03_effective_parameter_map,Interpret only after profile/FIM support; weak profiles imply practical non-identifiability.,False,within broad range but Step 03 indicates weak/sloppy/broad identifiability
DH_1_CONTROL,DH,CONTROL,DH_1_CONTROL__cand_01,unlabeled,unknown,6.933349910397763,0.3768791346095088,P_gap_eff,effective,0.0021014475048247,1e-08,0.005,False,False,True,True,none,effective_coordinate_guardrail,interpretable product d × pk for gap coupling,within_range,weakly_identified,step03_profile_summary,broad_valley,False,within broad range but Step 03 indicates weak/sloppy/broad identifiability
DH_1_CONTROL,DH,CONTROL,DH_1_CONTROL__cand_01,unlabeled,unknown,6.933349910397763,0.3768791346095088,gamma_t_eff,effective,0.0004778078440182,1e-08,0.05,False,False,True,True,none,effective_coordinate_guardrail,transport effective coordinate normalized by volume/Faraday terms,within_range,weakly_identified,step03_profile_summary,broad_valley,False,within broad range but Step 03 indicates weak/sloppy/broad identifiability
DH_1_CONTROL,DH,CONTROL,DH_1_CONTROL__cand_01,unlabeled,unknown,6.933349910397763,0.3768791346095088,gamma_s_eff,effective,0.0003120480859813,1e-08,0.05,False,False,True,True,none,effective_coordinate_guardrail,syncytial effective coordinate normalized by volume/Faraday terms,within_range,weakly_identified,step03_profile_summary,flat_unbounded,False,within broad range but Step 03 indicates weak/sloppy/broad identifiability
DH_1_CONTROL,DH,CONTROL,DH_1_CONTROL__cand_01,unlabeled,unknown,6.933349910397763,0.3768791346095088,volume_ratio_wa_wo,effective,0.078086972939458,0.001,1000.0,False,False,True,True,none,effective_coordinate_guardrail,cell/extracellular volume ratio effective coordinate,within_range,weakly_identified,step03_profile_summary,broad_valley,False,within broad range but Step 03 indicates weak/sloppy/broad identifiability
DH_1_MFA,DH,MFA,DH_1_MFA__cand_34,unlabeled,unknown,8.620955381906453,0.3990935910767597,gki,raw,1.427835201921991,1.0,300.0,False,False,True,True,none,broad_model_guardrail,Kir conductance kept within broad positive astrocyte-model scale,within_range,identifiable,step03_effective_parameter_map,Interpret only after profile/FIM support; weak profiles imply practical non-identifiability.,True,within broad range and supported by available identifiability evidence
DH_1_MFA,DH,MFA,DH_1_MFA__cand_34,unlabeled,unknown,8.620955381906453,0.3990935910767597,eps,raw,3.5917714215176105e-05,1e-05,0.2,False,False,True,True,none,broad_model_guardrail,extracellular exchange factor must be positive and sub-unity,within_range,identifiable,step03_effective_parameter_map,Interpret only after profile/FIM support; weak profiles imply practical non-identifiability.,True,within broad range and supported by available identifiability evidence
DH_1_MFA,DH,MFA,DH_1_MFA__cand_34,unlabeled,unknown,8.620955381906453,0.3990935910767597,gl_a,raw,0.1091870143057663,0.0001,50.0,False,False,True,True,none,broad_model_guardrail,leak conductance kept positive and below dominant Kir scale,within_range,identifiable,step03_effective_parameter_map,Interpret only after profile/FIM support; weak profiles imply practical non-identifiability.,True,within broad range and supported by available identifiability evidence
DH_1_MFA,DH,MFA,DH_1_MFA__cand_34,unlabeled,unknown,8.620955381906453,0.3990935910767597,zth,raw,27.282012659871725,0.001,5.0,False,True,True,False,above_upper_bound,broad_model_guardrail,gating threshold kept positive on modeled potassium-deviation scale,out_of_range,weakly_identified,step03_effective_parameter_map,Interpret only after profile/FIM support; weak profiles imply practical non-identifiability.,False,not physiologically interpretable because the value is outside the broad plausibility range or missing
DH_1_MFA,DH,MFA,DH_1_MFA__cand_34,unlabeled,unknown,8.620955381906453,0.3990935910767597,zs,raw,0.0420998158150203,0.0001,5.0,False,False,True,True,none,broad_model_guardrail,gating slope/scale kept positive on modeled potassium-deviation scale,within_range,weakly_identified,step03_effective_parameter_map,Interpret only after profile/FIM support; weak profiles imply practical non-identifiability.,False,within broad range but Step 03 indicates weak/sloppy/broad identifiability
DH_1_MFA,DH,MFA,DH_1_MFA__cand_34,unlabeled,unknown,8.620955381906453,0.3990935910767597,P_gap_eff,effective,2.759775231871044e-07,1e-08,0.005,False,False,True,True,none,effective_coordinate_guardrail,interpretable product d × pk for gap coupling,within_range,weakly_identified,step03_profile_summary,broad_valley,False,within broad range but Step 03 indicates weak/sloppy/broad identifiability
DH_1_MFA,DH,MFA,DH_1_MFA__cand_34,unlabeled,unknown,8.620955381906453,0.3990935910767597,gamma_t_eff,effective,2.8521999547271e-08,1e-08,0.05,False,False,True,True,none,effective_coordinate_guardrail,transport effective coordinate normalized by volume/Faraday terms,within_range,weakly_identified,step03_profile_summary,broad_valley,False,within broad range but Step 03 indicates weak/sloppy/broad identifiability
DH_1_MFA,DH,MFA,DH_1_MFA__cand_34,unlabeled,unknown,8.620955381906453,0.3990935910767597,gamma_s_eff,effective,7.982851553991404e-08,1e-08,0.05,False,False,True,True,none,effective_coordinate_guardrail,syncytial effective coordinate normalized by volume/Faraday terms,within_range,weakly_identified,step03_profile_summary,flat_unbounded,False,within broad range but Step 03 indicates weak/sloppy/broad identifiability
DH_1_MFA,DH,MFA,DH_1_MFA__cand_34,unlabeled,unknown,8.620955381906453,0.3990935910767597,volume_ratio_wa_wo,effective,0.0985388116715744,0.001,1000.0,False,False,True,True,none,effective_coordinate_guardrail,cell/extracellular volume ratio effective coordinate,within_range,weakly_identified,step03_profile_summary,broad_valley,False,within broad range but Step 03 indicates weak/sloppy/broad identifiability
DH_1_MFA_BA,DH,MFA_BA,DH_1_MFA_BA__cand_43,unlabeled,unknown,8.051723993541376,0.4285714285714285,gki,raw,40.2023052645072,1.0,300.0,False,False,True,True,none,broad_model_guardrail,Kir conductance kept within broad positive astrocyte-model scale,within_range,identifiable,step03_effective_parameter_map,Interpret only after profile/FIM support; weak profiles imply practical non-identifiability.,True,within broad range and supported by available identifiability evidence
DH_1_MFA_BA,DH,MFA_BA,DH_1_MFA_BA__cand_43,unlabeled,unknown,8.051723993541376,0.4285714285714285,eps,raw,1.5178052094448868e-05,1e-05,0.2,False,False,True,True,none,broad_model_guardrail,extracellular exchange factor must be positive and sub-unity,within_range,identifiable,step03_effective_parameter_map,Interpret only after profile/FIM support; weak profiles imply practical non-identifiability.,True,within broad range and supported by available identifiability evidence
DH_1_MFA_BA,DH,MFA_BA,DH_1_MFA_BA__cand_43,unlabeled,unknown,8.051723993541376,0.4285714285714285,gl_a,raw,0.002293217891866,0.0001,50.0,False,False,True,True,none,broad_model_guardrail,leak conductance kept positive and below dominant Kir scale,within_range,identifiable,step03_effective_parameter_map,Interpret only after profile/FIM support; weak profiles imply practical non-identifiability.,True,within broad range and supported by available identifiability evidence
DH_1_MFA_BA,DH,MFA_BA,DH_1_MFA_BA__cand_43,unlabeled,unknown,8.051723993541376,0.4285714285714285,zth,raw,93.87898735713546,0.001,5.0,False,True,True,False,above_upper_bound,broad_model_guardrail,gating threshold kept positive on modeled potassium-deviation scale,out_of_range,weakly_identified,step03_effective_parameter_map,Interpret only after profile/FIM support; weak profiles imply practical non-identifiability.,False,not physiologically interpretable because the value is outside the broad plausibility range or missing
DH_1_MFA_BA,DH,MFA_BA,DH_1_MFA_BA__cand_43,unlabeled,unknown,8.051723993541376,0.4285714285714285,zs,raw,0.2313247956358284,0.0001,5.0,False,False,True,True,none,broad_model_guardrail,gating slope/scale kept positive on modeled potassium-deviation scale,within_range,weakly_identified,step03_effective_parameter_map,Interpret only after profile/FIM support; weak profiles imply practical non-identifiability.,False,within broad range but Step 03 indicates weak/sloppy/broad identifiability
DH_1_MFA_BA,DH,MFA_BA,DH_1_MFA_BA__cand_43,unlabeled,unknown,8.051723993541376,0.4285714285714285,P_gap_eff,effective,1.0944885422058869e-07,1e-08,0.005,False,False,True,True,none,effective_coordinate_guardrail,interpretable product d × pk for gap coupling,within_range,weakly_identified,step03_profile_summary,broad_valley,False,within broad range but Step 03 indicates weak/sloppy/broad identifiability
DH_1_MFA_BA,DH,MFA_BA,DH_1_MFA_BA__cand_43,unlabeled,unknown,8.051723993541376,0.4285714285714285,gamma_t_eff,effective,4.00968167209241e-06,1e-08,0.05,False,False,True,True,none,effective_coordinate_guardrail,transport effective coordinate normalized by volume/Faraday terms,within_range,weakly_identified,step03_profile_summary,broad_valley,False,within broad range but Step 03 indicates weak/sloppy/broad identifiability
DH_1_MFA_BA,DH,MFA_BA,DH_1_MFA_BA__cand_43,unlabeled,unknown,8.051723993541376,0.4285714285714285,gamma_s_eff,effective,6.159325288067087e-06,1e-08,0.05,False,False,True,True,none,effective_coordinate_guardrail,syncytial effective coordinate normalized by volume/Faraday terms,within_range,weakly_identified,step03_profile_summary,flat_unbounded,False,within broad range but Step 03 indicates weak/sloppy/broad identifiability
DH_1_MFA_BA,DH,MFA_BA,DH_1_MFA_BA__cand_43,unlabeled,unknown,8.051723993541376,0.4285714285714285,volume_ratio_wa_wo,effective,1.306350009564648,0.001,1000.0,False,False,True,True,none,effective_coordinate_guardrail,cell/extracellular volume ratio effective coordinate,within_range,weakly_identified,step03_profile_summary,broad_valley,False,within broad range but Step 03 indicates weak/sloppy/broad identifiability
DH_2_CONTROL,DH,CONTROL,DH_2_CONTROL__cand_01,unlabeled,unknown,8.161763089795288,0.376879691979451,gki,raw,1.527060159221693,1.0,300.0,False,False,True,True,none,broad_model_guardrail,Kir conductance kept within broad positive astrocyte-model scale,within_range,identifiable,step03_effective_parameter_map,Interpret only after profile/FIM support; weak profiles imply practical non-identifiability.,True,within broad range and supported by available identifiability evidence
DH_2_CONTROL,DH,CONTROL,DH_2_CONTROL__cand_01,unlabeled,unknown,8.161763089795288,0.376879691979451,eps,raw,0.0392840951347922,1e-05,0.2,False,False,True,True,none,broad_model_guardrail,extracellular exchange factor must be positive and sub-unity,within_range,identifiable,step03_effective_parameter_map,Interpret only after profile/FIM support; weak profiles imply practical non-identifiability.,True,within broad range and supported by available identifiability evidence
DH_2_CONTROL,DH,CONTROL,DH_2_CONTROL__cand_01,unlabeled,unknown,8.161763089795288,0.376879691979451,gl_a,raw,0.0662411243163617,0.0001,50.0,False,False,True,True,none,broad_model_guardrail,leak conductance kept positive and below dominant Kir scale,within_range,identifiable,step03_effective_parameter_map,Interpret only after profile/FIM support; weak profiles imply practical non-identifiability.,True,within broad range and supported by available identifiability evidence
DH_2_CONTROL,DH,CONTROL,DH_2_CONTROL__cand_01,unlabeled,unknown,8.161763089795288,0.376879691979451,zth,raw,1.3795577424944472,0.001,5.0,False,False,True,True,none,broad_model_guardrail,gating threshold kept positive on modeled potassium-deviation scale,within_range,weakly_identified,step03_effective_parameter_map,Interpret only after profile/FIM support; weak profiles imply practical non-identifiability.,False,within broad range but Step 03 indicates weak/sloppy/broad identifiability
DH_2_CONTROL,DH,CONTROL,DH_2_CONTROL__cand_01,unlabeled,unknown,8.161763089795288,0.376879691979451,zs,raw,0.0029978626836734,0.0001,5.0,False,False,True,True,none,broad_model_guardrail,gating slope/scale kept positive on modeled potassium-deviation scale,within_range,weakly_identified,step03_effective_parameter_map,Interpret only after profile/FIM support; weak profiles imply practical non-identifiability.,False,within broad range but Step 03 indicates weak/sloppy/broad identifiability
DH_2_CONTROL,DH,CONTROL,DH_2_CONTROL__cand_01,unlabeled,unknown,8.161763089795288,0.376879691979451,P_gap_eff,effective,0.0021014475048247,1e-08,0.005,False,False,True,True,none,effective_coordinate_guardrail,interpretable product d × pk for gap coupling,within_range,weakly_identified,step03_profile_summary,broad_valley,False,within broad range but Step 03 indicates weak/sloppy/broad identifiability
DH_2_CONTROL,DH,CONTROL,DH_2_CONTROL__cand_01,unlabeled,unknown,8.161763089795288,0.376879691979451,gamma_t_eff,effective,0.0004778078440182,1e-08,0.05,False,False,True,True,none,effective_coordinate_guardrail,transport effective coordinate normalized by volume/Faraday terms,within_range,weakly_identified,step03_profile_summary,broad_valley,False,within broad range but Step 03 indicates weak/sloppy/broad identifiability
DH_2_CONTROL,DH,CONTROL,DH_2_CONTROL__cand_01,unlabeled,unknown,8.161763089795288,0.376879691979451,gamma_s_eff,effective,0.0003120480859813,1e-08,0.05,False,False,True,True,none,effective_coordinate_guardrail,syncytial effective coordinate normalized by volume/Faraday terms,within_range,weakly_identified,step03_profile_summary,flat_unbounded,False,within broad range but Step 03 indicates weak/sloppy/broad identifiability
DH_2_CONTROL,DH,CONTROL,DH_2_CONTROL__cand_01,unlabeled,unknown,8.161763089795288,0.376879691979451,volume_ratio_wa_wo,effective,0.078086972939458,0.001,1000.0,False,False,True,True,none,effective_coordinate_guardrail,cell/extracellular volume ratio effective coordinate,within_range,weakly_identified,step03_profile_summary,broad_valley,False,within broad range but Step 03 indicates weak/sloppy/broad identifiability
DH_2_MFA,DH,MFA,DH_2_MFA__cand_79,unlabeled,unknown,8.101764620920385,0.3990935910767597,gki,raw,1.427835201921991,1.0,300.0,False,False,True,True,none,broad_model_guardrail,Kir conductance kept within broad positive astrocyte-model scale,within_range,identifiable,step03_effective_parameter_map,Interpret only after profile/FIM support; weak profiles imply practical non-identifiability.,True,within broad range and supported by available identifiability evidence
DH_2_MFA,DH,MFA,DH_2_MFA__cand_79,unlabeled,unknown,8.101764620920385,0.3990935910767597,eps,raw,3.5917714215176105e-05,1e-05,0.2,False,False,True,True,none,broad_model_guardrail,extracellular exchange factor must be positive and sub-unity,within_range,identifiable,step03_effective_parameter_map,Interpret only after profile/FIM support; weak profiles imply practical non-identifiability.,True,within broad range and supported by available identifiability evidence
DH_2_MFA,DH,MFA,DH_2_MFA__cand_79,unlabeled,unknown,8.101764620920385,0.3990935910767597,gl_a,raw,0.1091870143057663,0.0001,50.0,False,False,True,True,none,broad_model_guardrail,leak conductance kept positive and below dominant Kir scale,within_range,identifiable,step03_effective_parameter_map,Interpret only after profile/FIM support; weak profiles imply practical non-identifiability.,True,within broad range and supported by available identifiability evidence
DH_2_MFA,DH,MFA,DH_2_MFA__cand_79,unlabeled,unknown,8.101764620920385,0.3990935910767597,zth,raw,27.282012659871725,0.001,5.0,False,True,True,False,above_upper_bound,broad_model_guardrail,gating threshold kept positive on modeled potassium-deviation scale,out_of_range,weakly_identified,step03_effective_parameter_map,Interpret only after profile/FIM support; weak profiles imply practical non-identifiability.,False,not physiologically interpretable because the value is outside the broad plausibility range or missing
DH_2_MFA,DH,MFA,DH_2_MFA__cand_79,unlabeled,unknown,8.101764620920385,0.3990935910767597,zs,raw,0.0420998158150203,0.0001,5.0,False,False,True,True,none,broad_model_guardrail,gating slope/scale kept positive on modeled potassium-deviation scale,within_range,weakly_identified,step03_effective_parameter_map,Interpret only after profile/FIM support; weak profiles imply practical non-identifiability.,False,within broad range but Step 03 indicates weak/sloppy/broad identifiability
DH_2_MFA,DH,MFA,DH_2_MFA__cand_79,unlabeled,unknown,8.101764620920385,0.3990935910767597,P_gap_eff,effective,2.759775231871044e-07,1e-08,0.005,False,False,True,True,none,effective_coordinate_guardrail,interpretable product d × pk for gap coupling,within_range,weakly_identified,step03_profile_summary,broad_valley,False,within broad range but Step 03 indicates weak/sloppy/broad identifiability
DH_2_MFA,DH,MFA,DH_2_MFA__cand_79,unlabeled,unknown,8.101764620920385,0.3990935910767597,gamma_t_eff,effective,2.8521999547271e-08,1e-08,0.05,False,False,True,True,none,effective_coordinate_guardrail,transport effective coordinate normalized by volume/Faraday terms,within_range,weakly_identified,step03_profile_summary,broad_valley,False,within broad range but Step 03 indicates weak/sloppy/broad identifiability
DH_2_MFA,DH,MFA,DH_2_MFA__cand_79,unlabeled,unknown,8.101764620920385,0.3990935910767597,gamma_s_eff,effective,7.982851553991404e-08,1e-08,0.05,False,False,True,True,none,effective_coordinate_guardrail,syncytial effective coordinate normalized by volume/Faraday terms,within_range,weakly_identified,step03_profile_summary,flat_unbounded,False,within broad range but Step 03 indicates weak/sloppy/broad identifiability
DH_2_MFA,DH,MFA,DH_2_MFA__cand_79,unlabeled,unknown,8.101764620920385,0.3990935910767597,volume_ratio_wa_wo,effective,0.0985388116715744,0.001,1000.0,False,False,True,True,none,effective_coordinate_guardrail,cell/extracellular volume ratio effective coordinate,within_range,weakly_identified,step03_profile_summary,broad_valley,False,within broad range but Step 03 indicates weak/sloppy/broad identifiability
DH_2_MFA_BA,DH,MFA_BA,DH_2_MFA_BA__cand_94,unlabeled,unknown,4.546719479145442,0.4285714285714285,gki,raw,127.51490350814456,1.0,300.0,False,False,True,True,none,broad_model_guardrail,Kir conductance kept within broad positive astrocyte-model scale,within_range,identifiable,step03_effective_parameter_map,Interpret only after profile/FIM support; weak profiles imply practical non-identifiability.,True,within broad range and supported by available identifiability evidence
DH_2_MFA_BA,DH,MFA_BA,DH_2_MFA_BA__cand_94,unlabeled,unknown,4.546719479145442,0.4285714285714285,eps,raw,1.9870215385428627e-05,1e-05,0.2,False,False,True,True,none,broad_model_guardrail,extracellular exchange factor must be positive and sub-unity,within_range,identifiable,step03_effective_parameter_map,Interpret only after profile/FIM support; weak profiles imply practical non-identifiability.,True,within broad range and supported by available identifiability evidence
DH_2_MFA_BA,DH,MFA_BA,DH_2_MFA_BA__cand_94,unlabeled,unknown,4.546719479145442,0.4285714285714285,gl_a,raw,16.53499964207631,0.0001,50.0,False,False,True,True,none,broad_model_guardrail,leak conductance kept positive and below dominant Kir scale,within_range,identifiable,step03_effective_parameter_map,Interpret only after profile/FIM support; weak profiles imply practical non-identifiability.,True,within broad range and supported by available identifiability evidence
DH_2_MFA_BA,DH,MFA_BA,DH_2_MFA_BA__cand_94,unlabeled,unknown,4.546719479145442,0.4285714285714285,zth,raw,115.8367153944986,0.001,5.0,False,True,True,False,above_upper_bound,broad_model_guardrail,gating threshold kept positive on modeled potassium-deviation scale,out_of_range,weakly_identified,step03_effective_parameter_map,Interpret only after profile/FIM support; weak profiles imply practical non-identifiability.,False,not physiologically interpretable because the value is outside the broad plausibility range or missing
DH_2_MFA_BA,DH,MFA_BA,DH_2_MFA_BA__cand_94,unlabeled,unknown,4.546719479145442,0.4285714285714285,zs,raw,0.0085853702059373,0.0001,5.0,False,False,True,True,none,broad_model_guardrail,gating slope/scale kept positive on modeled potassium-deviation scale,within_range,weakly_identified,step03_effective_parameter_map,Interpret only after profile/FIM support; weak profiles imply practical non-identifiability.,False,within broad range but Step 03 indicates weak/sloppy/broad identifiability
DH_2_MFA_BA,DH,MFA_BA,DH_2_MFA_BA__cand_94,unlabeled,unknown,4.546719479145442,0.4285714285714285,P_gap_eff,effective,1.3820379228636983e-06,1e-08,0.005,False,False,True,True,none,effective_coordinate_guardrail,interpretable product d × pk for gap coupling,within_range,weakly_identified,step03_profile_summary,broad_valley,False,within broad range but Step 03 indicates weak/sloppy/broad identifiability
DH_2_MFA_BA,DH,MFA_BA,DH_2_MFA_BA__cand_94,unlabeled,unknown,4.546719479145442,0.4285714285714285,gamma_t_eff,effective,4.848496183873288e-07,1e-08,0.05,False,False,True,True,none,effective_coordinate_guardrail,transport effective coordinate normalized by volume/Faraday terms,within_range,weakly_identified,step03_profile_summary,broad_valley,False,within broad range but Step 03 indicates weak/sloppy/broad identifiability
DH_2_MFA_BA,DH,MFA_BA,DH_2_MFA_BA__cand_94,unlabeled,unknown,4.546719479145442,0.4285714285714285,gamma_s_eff,effective,6.293215187893856e-05,1e-08,0.05,False,False,True,True,none,effective_coordinate_guardrail,syncytial effective coordinate normalized by volume/Faraday terms,within_range,weakly_identified,step03_profile_summary,flat_unbounded,False,within broad range but Step 03 indicates weak/sloppy/broad identifiability
DH_2_MFA_BA,DH,MFA_BA,DH_2_MFA_BA__cand_94,unlabeled,unknown,4.546719479145442,0.4285714285714285,volume_ratio_wa_wo,effective,0.1054971854097057,0.001,1000.0,False,False,True,True,none,effective_coordinate_guardrail,cell/extracellular volume ratio effective coordinate,within_range,weakly_identified,step03_profile_summary,broad_valley,False,within broad range but Step 03 indicates weak/sloppy/broad identifiability
DH_3_MFA,DH,MFA,DH_3_MFA__cand_74,unlabeled,unknown,6.944830805789937,0.3990935910767597,gki,raw,1.427835201921991,1.0,300.0,False,False,True,True,none,broad_model_guardrail,Kir conductance kept within broad positive astrocyte-model scale,within_range,identifiable,step03_effective_parameter_map,Interpret only after profile/FIM support; weak profiles imply practical non-identifiability.,True,within broad range and supported by available identifiability evidence
DH_3_MFA,DH,MFA,DH_3_MFA__cand_74,unlabeled,unknown,6.944830805789937,0.3990935910767597,eps,raw,3.5917714215176105e-05,1e-05,0.2,False,False,True,True,none,broad_model_guardrail,extracellular exchange factor must be positive and sub-unity,within_range,identifiable,step03_effective_parameter_map,Interpret only after profile/FIM support; weak profiles imply practical non-identifiability.,True,within broad range and supported by available identifiability evidence
DH_3_MFA,DH,MFA,DH_3_MFA__cand_74,unlabeled,unknown,6.944830805789937,0.3990935910767597,gl_a,raw,0.1091870143057663,0.0001,50.0,False,False,True,True,none,broad_model_guardrail,leak conductance kept positive and below dominant Kir scale,within_range,identifiable,step03_effective_parameter_map,Interpret only after profile/FIM support; weak profiles imply practical non-identifiability.,True,within broad range and supported by available identifiability evidence
DH_3_MFA,DH,MFA,DH_3_MFA__cand_74,unlabeled,unknown,6.944830805789937,0.3990935910767597,zth,raw,27.282012659871725,0.001,5.0,False,True,True,False,above_upper_bound,broad_model_guardrail,gating threshold kept positive on modeled potassium-deviation scale,out_of_range,weakly_identified,step03_effective_parameter_map,Interpret only after profile/FIM support; weak profiles imply practical non-identifiability.,False,not physiologically interpretable because the value is outside the broad plausibility range or missing
DH_3_MFA,DH,MFA,DH_3_MFA__cand_74,unlabeled,unknown,6.944830805789937,0.3990935910767597,zs,raw,0.0420998158150203,0.0001,5.0,False,False,True,True,none,broad_model_guardrail,gating slope/scale kept positive on modeled potassium-deviation scale,within_range,weakly_identified,step03_effective_parameter_map,Interpret only after profile/FIM support; weak profiles imply practical non-identifiability.,False,within broad range but Step 03 indicates weak/sloppy/broad identifiability
DH_3_MFA,DH,MFA,DH_3_MFA__cand_74,unlabeled,unknown,6.944830805789937,0.3990935910767597,P_gap_eff,effective,2.759775231871044e-07,1e-08,0.005,False,False,True,True,none,effective_coordinate_guardrail,interpretable product d × pk for gap coupling,within_range,weakly_identified,step03_profile_summary,broad_valley,False,within broad range but Step 03 indicates weak/sloppy/broad identifiability
DH_3_MFA,DH,MFA,DH_3_MFA__cand_74,unlabeled,unknown,6.944830805789937,0.3990935910767597,gamma_t_eff,effective,2.8521999547271e-08,1e-08,0.05,False,False,True,True,none,effective_coordinate_guardrail,transport effective coordinate normalized by volume/Faraday terms,within_range,weakly_identified,step03_profile_summary,broad_valley,False,within broad range but Step 03 indicates weak/sloppy/broad identifiability
DH_3_MFA,DH,MFA,DH_3_MFA__cand_74,unlabeled,unknown,6.944830805789937,0.3990935910767597,gamma_s_eff,effective,7.982851553991404e-08,1e-08,0.05,False,False,True,True,none,effective_coordinate_guardrail,syncytial effective coordinate normalized by volume/Faraday terms,within_range,weakly_identified,step03_profile_summary,flat_unbounded,False,within broad range but Step 03 indicates weak/sloppy/broad identifiability
DH_3_MFA,DH,MFA,DH_3_MFA__cand_74,unlabeled,unknown,6.944830805789937,0.3990935910767597,volume_ratio_wa_wo,effective,0.0985388116715744,0.001,1000.0,False,False,True,True,none,effective_coordinate_guardrail,cell/extracellular volume ratio effective coordinate,within_range,weakly_identified,step03_profile_summary,broad_valley,False,within broad range but Step 03 indicates weak/sloppy/broad identifiability
DH_3_MFA_BA,DH,MFA_BA,DH_3_MFA_BA__cand_71,unlabeled,unknown,3.5648877700762287,0.4285714285714285,gki,raw,27.713071905323496,1.0,300.0,False,False,True,True,none,broad_model_guardrail,Kir conductance kept within broad positive astrocyte-model scale,within_range,identifiable,step03_effective_parameter_map,Interpret only after profile/FIM support; weak profiles imply practical non-identifiability.,True,within broad range and supported by available identifiability evidence
DH_3_MFA_BA,DH,MFA_BA,DH_3_MFA_BA__cand_71,unlabeled,unknown,3.5648877700762287,0.4285714285714285,eps,raw,4.1442969011363934e-05,1e-05,0.2,False,False,True,True,none,broad_model_guardrail,extracellular exchange factor must be positive and sub-unity,within_range,identifiable,step03_effective_parameter_map,Interpret only after profile/FIM support; weak profiles imply practical non-identifiability.,True,within broad range and supported by available identifiability evidence
DH_3_MFA_BA,DH,MFA_BA,DH_3_MFA_BA__cand_71,unlabeled,unknown,3.5648877700762287,0.4285714285714285,gl_a,raw,0.0107566791304921,0.0001,50.0,False,False,True,True,none,broad_model_guardrail,leak conductance kept positive and below dominant Kir scale,within_range,identifiable,step03_effective_parameter_map,Interpret only after profile/FIM support; weak profiles imply practical non-identifiability.,True,within broad range and supported by available identifiability evidence
DH_3_MFA_BA,DH,MFA_BA,DH_3_MFA_BA__cand_71,unlabeled,unknown,3.5648877700762287,0.4285714285714285,zth,raw,79.88841488273788,0.001,5.0,False,True,True,False,above_upper_bound,broad_model_guardrail,gating threshold kept positive on modeled potassium-deviation scale,out_of_range,weakly_identified,step03_effective_parameter_map,Interpret only after profile/FIM support; weak profiles imply practical non-identifiability.,False,not physiologically interpretable because the value is outside the broad plausibility range or missing
DH_3_MFA_BA,DH,MFA_BA,DH_3_MFA_BA__cand_71,unlabeled,unknown,3.5648877700762287,0.4285714285714285,zs,raw,0.0017519319988736,0.0001,5.0,False,False,True,True,none,broad_model_guardrail,gating slope/scale kept positive on modeled potassium-deviation scale,within_range,weakly_identified,step03_effective_parameter_map,Interpret only after profile/FIM support; weak profiles imply practical non-identifiability.,False,within broad range but Step 03 indicates weak/sloppy/broad identifiability
DH_3_MFA_BA,DH,MFA_BA,DH_3_MFA_BA__cand_71,unlabeled,unknown,3.5648877700762287,0.4285714285714285,P_gap_eff,effective,2.8474649993162884e-07,1e-08,0.005,False,False,True,True,none,effective_coordinate_guardrail,interpretable product d × pk for gap coupling,within_range,weakly_identified,step03_profile_summary,broad_valley,False,within broad range but Step 03 indicates weak/sloppy/broad identifiability
DH_3_MFA_BA,DH,MFA_BA,DH_3_MFA_BA__cand_71,unlabeled,unknown,3.5648877700762287,0.4285714285714285,gamma_t_eff,effective,4.8867593032889744e-08,1e-08,0.05,False,False,True,True,none,effective_coordinate_guardrail,transport effective coordinate normalized by volume/Faraday terms,within_range,weakly_identified,step03_profile_summary,broad_valley,False,within broad range but Step 03 indicates weak/sloppy/broad identifiability
DH_3_MFA_BA,DH,MFA_BA,DH_3_MFA_BA__cand_71,unlabeled,unknown,3.5648877700762287,0.4285714285714285,gamma_s_eff,effective,0.0001880789957018,1e-08,0.05,False,False,True,True,none,effective_coordinate_guardrail,syncytial effective coordinate normalized by volume/Faraday terms,within_range,weakly_identified,step03_profile_summary,flat_unbounded,False,within broad range but Step 03 indicates weak/sloppy/broad identifiability
DH_3_MFA_BA,DH,MFA_BA,DH_3_MFA_BA__cand_71,unlabeled,unknown,3.5648877700762287,0.4285714285714285,volume_ratio_wa_wo,effective,0.2307371717629052,0.001,1000.0,False,False,True,True,none,effective_coordinate_guardrail,cell/extracellular volume ratio effective coordinate,within_range,weakly_identified,step03_profile_summary,broad_valley,False,within broad range but Step 03 indicates weak/sloppy/broad identifiability
DH_4_MFA,DH,MFA,DH_4_MFA__cand_24,unlabeled,unknown,9.09511674673734,0.3990935910767597,gki,raw,1.427835201921991,1.0,300.0,False,False,True,True,none,broad_model_guardrail,Kir conductance kept within broad positive astrocyte-model scale,within_range,identifiable,step03_effective_parameter_map,Interpret only after profile/FIM support; weak profiles imply practical non-identifiability.,True,within broad range and supported by available identifiability evidence
DH_4_MFA,DH,MFA,DH_4_MFA__cand_24,unlabeled,unknown,9.09511674673734,0.3990935910767597,eps,raw,3.5917714215176105e-05,1e-05,0.2,False,False,True,True,none,broad_model_guardrail,extracellular exchange factor must be positive and sub-unity,within_range,identifiable,step03_effective_parameter_map,Interpret only after profile/FIM support; weak profiles imply practical non-identifiability.,True,within broad range and supported by available identifiability evidence
DH_4_MFA,DH,MFA,DH_4_MFA__cand_24,unlabeled,unknown,9.09511674673734,0.3990935910767597,gl_a,raw,0.1091870143057663,0.0001,50.0,False,False,True,True,none,broad_model_guardrail,leak conductance kept positive and below dominant Kir scale,within_range,identifiable,step03_effective_parameter_map,Interpret only after profile/FIM support; weak profiles imply practical non-identifiability.,True,within broad range and supported by available identifiability evidence
DH_4_MFA,DH,MFA,DH_4_MFA__cand_24,unlabeled,unknown,9.09511674673734,0.3990935910767597,zth,raw,27.282012659871725,0.001,5.0,False,True,True,False,above_upper_bound,broad_model_guardrail,gating threshold kept positive on modeled potassium-deviation scale,out_of_range,weakly_identified,step03_effective_parameter_map,Interpret only after profile/FIM support; weak profiles imply practical non-identifiability.,False,not physiologically interpretable because the value is outside the broad plausibility range or missing
DH_4_MFA,DH,MFA,DH_4_MFA__cand_24,unlabeled,unknown,9.09511674673734,0.3990935910767597,zs,raw,0.0420998158150203,0.0001,5.0,False,False,True,True,none,broad_model_guardrail,gating slope/scale kept positive on modeled potassium-deviation scale,within_range,weakly_identified,step03_effective_parameter_map,Interpret only after profile/FIM support; weak profiles imply practical non-identifiability.,False,within broad range but Step 03 indicates weak/sloppy/broad identifiability
DH_4_MFA,DH,MFA,DH_4_MFA__cand_24,unlabeled,unknown,9.09511674673734,0.3990935910767597,P_gap_eff,effective,2.759775231871044e-07,1e-08,0.005,False,False,True,True,none,effective_coordinate_guardrail,interpretable product d × pk for gap coupling,within_range,weakly_identified,step03_profile_summary,broad_valley,False,within broad range but Step 03 indicates weak/sloppy/broad identifiability
DH_4_MFA,DH,MFA,DH_4_MFA__cand_24,unlabeled,unknown,9.09511674673734,0.3990935910767597,gamma_t_eff,effective,2.8521999547271e-08,1e-08,0.05,False,False,True,True,none,effective_coordinate_guardrail,transport effective coordinate normalized by volume/Faraday terms,within_range,weakly_identified,step03_profile_summary,broad_valley,False,within broad range but Step 03 indicates weak/sloppy/broad identifiability
DH_4_MFA,DH,MFA,DH_4_MFA__cand_24,unlabeled,unknown,9.09511674673734,0.3990935910767597,gamma_s_eff,effective,7.982851553991404e-08,1e-08,0.05,False,False,True,True,none,effective_coordinate_guardrail,syncytial effective coordinate normalized by volume/Faraday terms,within_range,weakly_identified,step03_profile_summary,flat_unbounded,False,within broad range but Step 03 indicates weak/sloppy/broad identifiability
DH_4_MFA,DH,MFA,DH_4_MFA__cand_24,unlabeled,unknown,9.09511674673734,0.3990935910767597,volume_ratio_wa_wo,effective,0.0985388116715744,0.001,1000.0,False,False,True,True,none,effective_coordinate_guardrail,cell/extracellular volume ratio effective coordinate,within_range,weakly_identified,step03_profile_summary,broad_valley,False,within broad range but Step 03 indicates weak/sloppy/broad identifiability
DH_4_MFA_BA,DH,MFA_BA,DH_4_MFA_BA__cand_43,unlabeled,unknown,8.291492735435357,0.4285714285714285,gki,raw,40.2023052645072,1.0,300.0,False,False,True,True,none,broad_model_guardrail,Kir conductance kept within broad positive astrocyte-model scale,within_range,identifiable,step03_effective_parameter_map,Interpret only after profile/FIM support; weak profiles imply practical non-identifiability.,True,within broad range and supported by available identifiability evidence
DH_4_MFA_BA,DH,MFA_BA,DH_4_MFA_BA__cand_43,unlabeled,unknown,8.291492735435357,0.4285714285714285,eps,raw,1.5178052094448868e-05,1e-05,0.2,False,False,True,True,none,broad_model_guardrail,extracellular exchange factor must be positive and sub-unity,within_range,identifiable,step03_effective_parameter_map,Interpret only after profile/FIM support; weak profiles imply practical non-identifiability.,True,within broad range and supported by available identifiability evidence
DH_4_MFA_BA,DH,MFA_BA,DH_4_MFA_BA__cand_43,unlabeled,unknown,8.291492735435357,0.4285714285714285,gl_a,raw,0.002293217891866,0.0001,50.0,False,False,True,True,none,broad_model_guardrail,leak conductance kept positive and below dominant Kir scale,within_range,identifiable,step03_effective_parameter_map,Interpret only after profile/FIM support; weak profiles imply practical non-identifiability.,True,within broad range and supported by available identifiability evidence
DH_4_MFA_BA,DH,MFA_BA,DH_4_MFA_BA__cand_43,unlabeled,unknown,8.291492735435357,0.4285714285714285,zth,raw,93.87898735713546,0.001,5.0,False,True,True,False,above_upper_bound,broad_model_guardrail,gating threshold kept positive on modeled potassium-deviation scale,out_of_range,weakly_identified,step03_effective_parameter_map,Interpret only after profile/FIM support; weak profiles imply practical non-identifiability.,False,not physiologically interpretable because the value is outside the broad plausibility range or missing
DH_4_MFA_BA,DH,MFA_BA,DH_4_MFA_BA__cand_43,unlabeled,unknown,8.291492735435357,0.4285714285714285,zs,raw,0.2313247956358284,0.0001,5.0,False,False,True,True,none,broad_model_guardrail,gating slope/scale kept positive on modeled potassium-deviation scale,within_range,weakly_identified,step03_effective_parameter_map,Interpret only after profile/FIM support; weak profiles imply practical non-identifiability.,False,within broad range but Step 03 indicates weak/sloppy/broad identifiability
DH_4_MFA_BA,DH,MFA_BA,DH_4_MFA_BA__cand_43,unlabeled,unknown,8.291492735435357,0.4285714285714285,P_gap_eff,effective,1.0944885422058869e-07,1e-08,0.005,False,False,True,True,none,effective_coordinate_guardrail,interpretable product d × pk for gap coupling,within_range,weakly_identified,step03_profile_summary,broad_valley,False,within broad range but Step 03 indicates weak/sloppy/broad identifiability
DH_4_MFA_BA,DH,MFA_BA,DH_4_MFA_BA__cand_43,unlabeled,unknown,8.291492735435357,0.4285714285714285,gamma_t_eff,effective,4.00968167209241e-06,1e-08,0.05,False,False,True,True,none,effective_coordinate_guardrail,transport effective coordinate normalized by volume/Faraday terms,within_range,weakly_identified,step03_profile_summary,broad_valley,False,within broad range but Step 03 indicates weak/sloppy/broad identifiability
DH_4_MFA_BA,DH,MFA_BA,DH_4_MFA_BA__cand_43,unlabeled,unknown,8.291492735435357,0.4285714285714285,gamma_s_eff,effective,6.159325288067087e-06,1e-08,0.05,False,False,True,True,none,effective_coordinate_guardrail,syncytial effective coordinate normalized by volume/Faraday terms,within_range,weakly_identified,step03_profile_summary,flat_unbounded,False,within broad range but Step 03 indicates weak/sloppy/broad identifiability
DH_4_MFA_BA,DH,MFA_BA,DH_4_MFA_BA__cand_43,unlabeled,unknown,8.291492735435357,0.4285714285714285,volume_ratio_wa_wo,effective,1.306350009564648,0.001,1000.0,False,False,True,True,none,effective_coordinate_guardrail,cell/extracellular volume ratio effective coordinate,within_range,weakly_identified,step03_profile_summary,broad_valley,False,within broad range but Step 03 indicates weak/sloppy/broad identifiability
DH_5_MFA,DH,MFA,DH_5_MFA__cand_73,unlabeled,unknown,9.801601768612697,0.3990935910767597,gki,raw,1.427835201921991,1.0,300.0,False,False,True,True,none,broad_model_guardrail,Kir conductance kept within broad positive astrocyte-model scale,within_range,identifiable,step03_effective_parameter_map,Interpret only after profile/FIM support; weak profiles imply practical non-identifiability.,True,within broad range and supported by available identifiability evidence
DH_5_MFA,DH,MFA,DH_5_MFA__cand_73,unlabeled,unknown,9.801601768612697,0.3990935910767597,eps,raw,3.5917714215176105e-05,1e-05,0.2,False,False,True,True,none,broad_model_guardrail,extracellular exchange factor must be positive and sub-unity,within_range,identifiable,step03_effective_parameter_map,Interpret only after profile/FIM support; weak profiles imply practical non-identifiability.,True,within broad range and supported by available identifiability evidence
DH_5_MFA,DH,MFA,DH_5_MFA__cand_73,unlabeled,unknown,9.801601768612697,0.3990935910767597,gl_a,raw,0.1091870143057663,0.0001,50.0,False,False,True,True,none,broad_model_guardrail,leak conductance kept positive and below dominant Kir scale,within_range,identifiable,step03_effective_parameter_map,Interpret only after profile/FIM support; weak profiles imply practical non-identifiability.,True,within broad range and supported by available identifiability evidence
DH_5_MFA,DH,MFA,DH_5_MFA__cand_73,unlabeled,unknown,9.801601768612697,0.3990935910767597,zth,raw,27.282012659871725,0.001,5.0,False,True,True,False,above_upper_bound,broad_model_guardrail,gating threshold kept positive on modeled potassium-deviation scale,out_of_range,weakly_identified,step03_effective_parameter_map,Interpret only after profile/FIM support; weak profiles imply practical non-identifiability.,False,not physiologically interpretable because the value is outside the broad plausibility range or missing
DH_5_MFA,DH,MFA,DH_5_MFA__cand_73,unlabeled,unknown,9.801601768612697,0.3990935910767597,zs,raw,0.0420998158150203,0.0001,5.0,False,False,True,True,none,broad_model_guardrail,gating slope/scale kept positive on modeled potassium-deviation scale,within_range,weakly_identified,step03_effective_parameter_map,Interpret only after profile/FIM support; weak profiles imply practical non-identifiability.,False,within broad range but Step 03 indicates weak/sloppy/broad identifiability
DH_5_MFA,DH,MFA,DH_5_MFA__cand_73,unlabeled,unknown,9.801601768612697,0.3990935910767597,P_gap_eff,effective,2.759775231871044e-07,1e-08,0.005,False,False,True,True,none,effective_coordinate_guardrail,interpretable product d × pk for gap coupling,within_range,weakly_identified,step03_profile_summary,broad_valley,False,within broad range but Step 03 indicates weak/sloppy/broad identifiability
DH_5_MFA,DH,MFA,DH_5_MFA__cand_73,unlabeled,unknown,9.801601768612697,0.3990935910767597,gamma_t_eff,effective,2.8521999547271e-08,1e-08,0.05,False,False,True,True,none,effective_coordinate_guardrail,transport effective coordinate normalized by volume/Faraday terms,within_range,weakly_identified,step03_profile_summary,broad_valley,False,within broad range but Step 03 indicates weak/sloppy/broad identifiability
DH_5_MFA,DH,MFA,DH_5_MFA__cand_73,unlabeled,unknown,9.801601768612697,0.3990935910767597,gamma_s_eff,effective,7.982851553991404e-08,1e-08,0.05,False,False,True,True,none,effective_coordinate_guardrail,syncytial effective coordinate normalized by volume/Faraday terms,within_range,weakly_identified,step03_profile_summary,flat_unbounded,False,within broad range but Step 03 indicates weak/sloppy/broad identifiability
DH_5_MFA,DH,MFA,DH_5_MFA__cand_73,unlabeled,unknown,9.801601768612697,0.3990935910767597,volume_ratio_wa_wo,effective,0.0985388116715744,0.001,1000.0,False,False,True,True,none,effective_coordinate_guardrail,cell/extracellular volume ratio effective coordinate,within_range,weakly_identified,step03_profile_summary,broad_valley,False,within broad range but Step 03 indicates weak/sloppy/broad identifiability
DH_5_MFA_BA,DH,MFA_BA,DH_5_MFA_BA__cand_44,unlabeled,unknown,6.619666397329381,0.4285714285714285,gki,raw,40.2023052645072,1.0,300.0,False,False,True,True,none,broad_model_guardrail,Kir conductance kept within broad positive astrocyte-model scale,within_range,identifiable,step03_effective_parameter_map,Interpret only after profile/FIM support; weak profiles imply practical non-identifiability.,True,within broad range and supported by available identifiability evidence
DH_5_MFA_BA,DH,MFA_BA,DH_5_MFA_BA__cand_44,unlabeled,unknown,6.619666397329381,0.4285714285714285,eps,raw,1.5178052094448868e-05,1e-05,0.2,False,False,True,True,none,broad_model_guardrail,extracellular exchange factor must be positive and sub-unity,within_range,identifiable,step03_effective_parameter_map,Interpret only after profile/FIM support; weak profiles imply practical non-identifiability.,True,within broad range and supported by available identifiability evidence
DH_5_MFA_BA,DH,MFA_BA,DH_5_MFA_BA__cand_44,unlabeled,unknown,6.619666397329381,0.4285714285714285,gl_a,raw,0.002293217891866,0.0001,50.0,False,False,True,True,none,broad_model_guardrail,leak conductance kept positive and below dominant Kir scale,within_range,identifiable,step03_effective_parameter_map,Interpret only after profile/FIM support; weak profiles imply practical non-identifiability.,True,within broad range and supported by available identifiability evidence
DH_5_MFA_BA,DH,MFA_BA,DH_5_MFA_BA__cand_44,unlabeled,unknown,6.619666397329381,0.4285714285714285,zth,raw,93.87898735713546,0.001,5.0,False,True,True,False,above_upper_bound,broad_model_guardrail,gating threshold kept positive on modeled potassium-deviation scale,out_of_range,weakly_identified,step03_effective_parameter_map,Interpret only after profile/FIM support; weak profiles imply practical non-identifiability.,False,not physiologically interpretable because the value is outside the broad plausibility range or missing
DH_5_MFA_BA,DH,MFA_BA,DH_5_MFA_BA__cand_44,unlabeled,unknown,6.619666397329381,0.4285714285714285,zs,raw,0.2313247956358284,0.0001,5.0,False,False,True,True,none,broad_model_guardrail,gating slope/scale kept positive on modeled potassium-deviation scale,within_range,weakly_identified,step03_effective_parameter_map,Interpret only after profile/FIM support; weak profiles imply practical non-identifiability.,False,within broad range but Step 03 indicates weak/sloppy/broad identifiability
DH_5_MFA_BA,DH,MFA_BA,DH_5_MFA_BA__cand_44,unlabeled,unknown,6.619666397329381,0.4285714285714285,P_gap_eff,effective,1.0944885422058869e-07,1e-08,0.005,False,False,True,True,none,effective_coordinate_guardrail,interpretable product d × pk for gap coupling,within_range,weakly_identified,step03_profile_summary,broad_valley,False,within broad range but Step 03 indicates weak/sloppy/broad identifiability
DH_5_MFA_BA,DH,MFA_BA,DH_5_MFA_BA__cand_44,unlabeled,unknown,6.619666397329381,0.4285714285714285,gamma_t_eff,effective,4.00968167209241e-06,1e-08,0.05,False,False,True,True,none,effective_coordinate_guardrail,transport effective coordinate normalized by volume/Faraday terms,within_range,weakly_identified,step03_profile_summary,broad_valley,False,within broad range but Step 03 indicates weak/sloppy/broad identifiability
DH_5_MFA_BA,DH,MFA_BA,DH_5_MFA_BA__cand_44,unlabeled,unknown,6.619666397329381,0.4285714285714285,gamma_s_eff,effective,6.159325288067087e-06,1e-08,0.05,False,False,True,True,none,effective_coordinate_guardrail,syncytial effective coordinate normalized by volume/Faraday terms,within_range,weakly_identified,step03_profile_summary,flat_unbounded,False,within broad range but Step 03 indicates weak/sloppy/broad identifiability
DH_5_MFA_BA,DH,MFA_BA,DH_5_MFA_BA__cand_44,unlabeled,unknown,6.619666397329381,0.4285714285714285,volume_ratio_wa_wo,effective,1.306350009564648,0.001,1000.0,False,False,True,True,none,effective_coordinate_guardrail,cell/extracellular volume ratio effective coordinate,within_range,weakly_identified,step03_profile_summary,broad_valley,False,within broad range but Step 03 indicates weak/sloppy/broad identifiability
DH_6_MFA,DH,MFA,DH_6_MFA__cand_81,unlabeled,unknown,6.790896385765137,0.3990935910767597,gki,raw,1.427835201921991,1.0,300.0,False,False,True,True,none,broad_model_guardrail,Kir conductance kept within broad positive astrocyte-model scale,within_range,identifiable,step03_effective_parameter_map,Interpret only after profile/FIM support; weak profiles imply practical non-identifiability.,True,within broad range and supported by available identifiability evidence
DH_6_MFA,DH,MFA,DH_6_MFA__cand_81,unlabeled,unknown,6.790896385765137,0.3990935910767597,eps,raw,3.5917714215176105e-05,1e-05,0.2,False,False,True,True,none,broad_model_guardrail,extracellular exchange factor must be positive and sub-unity,within_range,identifiable,step03_effective_parameter_map,Interpret only after profile/FIM support; weak profiles imply practical non-identifiability.,True,within broad range and supported by available identifiability evidence
DH_6_MFA,DH,MFA,DH_6_MFA__cand_81,unlabeled,unknown,6.790896385765137,0.3990935910767597,gl_a,raw,0.1091870143057663,0.0001,50.0,False,False,True,True,none,broad_model_guardrail,leak conductance kept positive and below dominant Kir scale,within_range,identifiable,step03_effective_parameter_map,Interpret only after profile/FIM support; weak profiles imply practical non-identifiability.,True,within broad range and supported by available identifiability evidence
DH_6_MFA,DH,MFA,DH_6_MFA__cand_81,unlabeled,unknown,6.790896385765137,0.3990935910767597,zth,raw,27.282012659871725,0.001,5.0,False,True,True,False,above_upper_bound,broad_model_guardrail,gating threshold kept positive on modeled potassium-deviation scale,out_of_range,weakly_identified,step03_effective_parameter_map,Interpret only after profile/FIM support; weak profiles imply practical non-identifiability.,False,not physiologically interpretable because the value is outside the broad plausibility range or missing
DH_6_MFA,DH,MFA,DH_6_MFA__cand_81,unlabeled,unknown,6.790896385765137,0.3990935910767597,zs,raw,0.0420998158150203,0.0001,5.0,False,False,True,True,none,broad_model_guardrail,gating slope/scale kept positive on modeled potassium-deviation scale,within_range,weakly_identified,step03_effective_parameter_map,Interpret only after profile/FIM support; weak profiles imply practical non-identifiability.,False,within broad range but Step 03 indicates weak/sloppy/broad identifiability
DH_6_MFA,DH,MFA,DH_6_MFA__cand_81,unlabeled,unknown,6.790896385765137,0.3990935910767597,P_gap_eff,effective,2.759775231871044e-07,1e-08,0.005,False,False,True,True,none,effective_coordinate_guardrail,interpretable product d × pk for gap coupling,within_range,weakly_identified,step03_profile_summary,broad_valley,False,within broad range but Step 03 indicates weak/sloppy/broad identifiability
DH_6_MFA,DH,MFA,DH_6_MFA__cand_81,unlabeled,unknown,6.790896385765137,0.3990935910767597,gamma_t_eff,effective,2.8521999547271e-08,1e-08,0.05,False,False,True,True,none,effective_coordinate_guardrail,transport effective coordinate normalized by volume/Faraday terms,within_range,weakly_identified,step03_profile_summary,broad_valley,False,within broad range but Step 03 indicates weak/sloppy/broad identifiability
DH_6_MFA,DH,MFA,DH_6_MFA__cand_81,unlabeled,unknown,6.790896385765137,0.3990935910767597,gamma_s_eff,effective,7.982851553991404e-08,1e-08,0.05,False,False,True,True,none,effective_coordinate_guardrail,syncytial effective coordinate normalized by volume/Faraday terms,within_range,weakly_identified,step03_profile_summary,flat_unbounded,False,within broad range but Step 03 indicates weak/sloppy/broad identifiability
DH_6_MFA,DH,MFA,DH_6_MFA__cand_81,unlabeled,unknown,6.790896385765137,0.3990935910767597,volume_ratio_wa_wo,effective,0.0985388116715744,0.001,1000.0,False,False,True,True,none,effective_coordinate_guardrail,cell/extracellular volume ratio effective coordinate,within_range,weakly_identified,step03_profile_summary,broad_valley,False,within broad range but Step 03 indicates weak/sloppy/broad identifiability
DH_6_MFA_BA,DH,MFA_BA,DH_6_MFA_BA__cand_94,unlabeled,unknown,6.442804794500945,0.4285714285714285,gki,raw,40.2023052645072,1.0,300.0,False,False,True,True,none,broad_model_guardrail,Kir conductance kept within broad positive astrocyte-model scale,within_range,identifiable,step03_effective_parameter_map,Interpret only after profile/FIM support; weak profiles imply practical non-identifiability.,True,within broad range and supported by available identifiability evidence
DH_6_MFA_BA,DH,MFA_BA,DH_6_MFA_BA__cand_94,unlabeled,unknown,6.442804794500945,0.4285714285714285,eps,raw,1.5178052094448868e-05,1e-05,0.2,False,False,True,True,none,broad_model_guardrail,extracellular exchange factor must be positive and sub-unity,within_range,identifiable,step03_effective_parameter_map,Interpret only after profile/FIM support; weak profiles imply practical non-identifiability.,True,within broad range and supported by available identifiability evidence
DH_6_MFA_BA,DH,MFA_BA,DH_6_MFA_BA__cand_94,unlabeled,unknown,6.442804794500945,0.4285714285714285,gl_a,raw,0.002293217891866,0.0001,50.0,False,False,True,True,none,broad_model_guardrail,leak conductance kept positive and below dominant Kir scale,within_range,identifiable,step03_effective_parameter_map,Interpret only after profile/FIM support; weak profiles imply practical non-identifiability.,True,within broad range and supported by available identifiability evidence
DH_6_MFA_BA,DH,MFA_BA,DH_6_MFA_BA__cand_94,unlabeled,unknown,6.442804794500945,0.4285714285714285,zth,raw,93.87898735713546,0.001,5.0,False,True,True,False,above_upper_bound,broad_model_guardrail,gating threshold kept positive on modeled potassium-deviation scale,out_of_range,weakly_identified,step03_effective_parameter_map,Interpret only after profile/FIM support; weak profiles imply practical non-identifiability.,False,not physiologically interpretable because the value is outside the broad plausibility range or missing
DH_6_MFA_BA,DH,MFA_BA,DH_6_MFA_BA__cand_94,unlabeled,unknown,6.442804794500945,0.4285714285714285,zs,raw,0.2313247956358284,0.0001,5.0,False,False,True,True,none,broad_model_guardrail,gating slope/scale kept positive on modeled potassium-deviation scale,within_range,weakly_identified,step03_effective_parameter_map,Interpret only after profile/FIM support; weak profiles imply practical non-identifiability.,False,within broad range but Step 03 indicates weak/sloppy/broad identifiability
DH_6_MFA_BA,DH,MFA_BA,DH_6_MFA_BA__cand_94,unlabeled,unknown,6.442804794500945,0.4285714285714285,P_gap_eff,effective,1.0944885422058869e-07,1e-08,0.005,False,False,True,True,none,effective_coordinate_guardrail,interpretable product d × pk for gap coupling,within_range,weakly_identified,step03_profile_summary,broad_valley,False,within broad range but Step 03 indicates weak/sloppy/broad identifiability
DH_6_MFA_BA,DH,MFA_BA,DH_6_MFA_BA__cand_94,unlabeled,unknown,6.442804794500945,0.4285714285714285,gamma_t_eff,effective,4.00968167209241e-06,1e-08,0.05,False,False,True,True,none,effective_coordinate_guardrail,transport effective coordinate normalized by volume/Faraday terms,within_range,weakly_identified,step03_profile_summary,broad_valley,False,within broad range but Step 03 indicates weak/sloppy/broad identifiability
DH_6_MFA_BA,DH,MFA_BA,DH_6_MFA_BA__cand_94,unlabeled,unknown,6.442804794500945,0.4285714285714285,gamma_s_eff,effective,6.159325288067087e-06,1e-08,0.05,False,False,True,True,none,effective_coordinate_guardrail,syncytial effective coordinate normalized by volume/Faraday terms,within_range,weakly_identified,step03_profile_summary,flat_unbounded,False,within broad range but Step 03 indicates weak/sloppy/broad identifiability
DH_6_MFA_BA,DH,MFA_BA,DH_6_MFA_BA__cand_94,unlabeled,unknown,6.442804794500945,0.4285714285714285,volume_ratio_wa_wo,effective,1.306350009564648,0.001,1000.0,False,False,True,True,none,effective_coordinate_guardrail,cell/extracellular volume ratio effective coordinate,within_range,weakly_identified,step03_profile_summary,broad_valley,False,within broad range but Step 03 indicates weak/sloppy/broad identifiability
VH_1_MFA,VH,MFA,VH_1_MFA__cand_80,unlabeled,unknown,5.184547904953964,0.3356320739719932,gki,raw,1.427835201921991,1.0,300.0,False,False,True,True,none,broad_model_guardrail,Kir conductance kept within broad positive astrocyte-model scale,within_range,identifiable,step03_effective_parameter_map,Interpret only after profile/FIM support; weak profiles imply practical non-identifiability.,True,within broad range and supported by available identifiability evidence
VH_1_MFA,VH,MFA,VH_1_MFA__cand_80,unlabeled,unknown,5.184547904953964,0.3356320739719932,eps,raw,3.5917714215176105e-05,1e-05,0.2,False,False,True,True,none,broad_model_guardrail,extracellular exchange factor must be positive and sub-unity,within_range,identifiable,step03_effective_parameter_map,Interpret only after profile/FIM support; weak profiles imply practical non-identifiability.,True,within broad range and supported by available identifiability evidence
VH_1_MFA,VH,MFA,VH_1_MFA__cand_80,unlabeled,unknown,5.184547904953964,0.3356320739719932,gl_a,raw,0.1091870143057663,0.0001,50.0,False,False,True,True,none,broad_model_guardrail,leak conductance kept positive and below dominant Kir scale,within_range,identifiable,step03_effective_parameter_map,Interpret only after profile/FIM support; weak profiles imply practical non-identifiability.,True,within broad range and supported by available identifiability evidence
VH_1_MFA,VH,MFA,VH_1_MFA__cand_80,unlabeled,unknown,5.184547904953964,0.3356320739719932,zth,raw,27.282012659871725,0.001,5.0,False,True,True,False,above_upper_bound,broad_model_guardrail,gating threshold kept positive on modeled potassium-deviation scale,out_of_range,weakly_identified,step03_effective_parameter_map,Interpret only after profile/FIM support; weak profiles imply practical non-identifiability.,False,not physiologically interpretable because the value is outside the broad plausibility range or missing
VH_1_MFA,VH,MFA,VH_1_MFA__cand_80,unlabeled,unknown,5.184547904953964,0.3356320739719932,zs,raw,0.0420998158150203,0.0001,5.0,False,False,True,True,none,broad_model_guardrail,gating slope/scale kept positive on modeled potassium-deviation scale,within_range,weakly_identified,step03_effective_parameter_map,Interpret only after profile/FIM support; weak profiles imply practical non-identifiability.,False,within broad range but Step 03 indicates weak/sloppy/broad identifiability
VH_1_MFA,VH,MFA,VH_1_MFA__cand_80,unlabeled,unknown,5.184547904953964,0.3356320739719932,P_gap_eff,effective,2.759775231871044e-07,1e-08,0.005,False,False,True,True,none,effective_coordinate_guardrail,interpretable product d × pk for gap coupling,within_range,weakly_identified,step03_profile_summary,broad_valley,False,within broad range but Step 03 indicates weak/sloppy/broad identifiability
VH_1_MFA,VH,MFA,VH_1_MFA__cand_80,unlabeled,unknown,5.184547904953964,0.3356320739719932,gamma_t_eff,effective,2.8521999547271e-08,1e-08,0.05,False,False,True,True,none,effective_coordinate_guardrail,transport effective coordinate normalized by volume/Faraday terms,within_range,weakly_identified,step03_profile_summary,broad_valley,False,within broad range but Step 03 indicates weak/sloppy/broad identifiability
VH_1_MFA,VH,MFA,VH_1_MFA__cand_80,unlabeled,unknown,5.184547904953964,0.3356320739719932,gamma_s_eff,effective,7.982851553991404e-08,1e-08,0.05,False,False,True,True,none,effective_coordinate_guardrail,syncytial effective coordinate normalized by volume/Faraday terms,within_range,weakly_identified,step03_profile_summary,flat_unbounded,False,within broad range but Step 03 indicates weak/sloppy/broad identifiability
VH_1_MFA,VH,MFA,VH_1_MFA__cand_80,unlabeled,unknown,5.184547904953964,0.3356320739719932,volume_ratio_wa_wo,effective,0.0985388116715744,0.001,1000.0,False,False,True,True,none,effective_coordinate_guardrail,cell/extracellular volume ratio effective coordinate,within_range,weakly_identified,step03_profile_summary,broad_valley,False,within broad range but Step 03 indicates weak/sloppy/broad identifiability
VH_1_MFA_BA,VH,MFA_BA,VH_1_MFA_BA__cand_84,unlabeled,unknown,3.638818422222029,0.4285714285714285,gki,raw,27.713071905323496,1.0,300.0,False,False,True,True,none,broad_model_guardrail,Kir conductance kept within broad positive astrocyte-model scale,within_range,identifiable,step03_effective_parameter_map,Interpret only after profile/FIM support; weak profiles imply practical non-identifiability.,True,within broad range and supported by available identifiability evidence
VH_1_MFA_BA,VH,MFA_BA,VH_1_MFA_BA__cand_84,unlabeled,unknown,3.638818422222029,0.4285714285714285,eps,raw,4.1442969011363934e-05,1e-05,0.2,False,False,True,True,none,broad_model_guardrail,extracellular exchange factor must be positive and sub-unity,within_range,identifiable,step03_effective_parameter_map,Interpret only after profile/FIM support; weak profiles imply practical non-identifiability.,True,within broad range and supported by available identifiability evidence
VH_1_MFA_BA,VH,MFA_BA,VH_1_MFA_BA__cand_84,unlabeled,unknown,3.638818422222029,0.4285714285714285,gl_a,raw,0.0107566791304921,0.0001,50.0,False,False,True,True,none,broad_model_guardrail,leak conductance kept positive and below dominant Kir scale,within_range,identifiable,step03_effective_parameter_map,Interpret only after profile/FIM support; weak profiles imply practical non-identifiability.,True,within broad range and supported by available identifiability evidence
VH_1_MFA_BA,VH,MFA_BA,VH_1_MFA_BA__cand_84,unlabeled,unknown,3.638818422222029,0.4285714285714285,zth,raw,79.88841488273788,0.001,5.0,False,True,True,False,above_upper_bound,broad_model_guardrail,gating threshold kept positive on modeled potassium-deviation scale,out_of_range,weakly_identified,step03_effective_parameter_map,Interpret only after profile/FIM support; weak profiles imply practical non-identifiability.,False,not physiologically interpretable because the value is outside the broad plausibility range or missing
VH_1_MFA_BA,VH,MFA_BA,VH_1_MFA_BA__cand_84,unlabeled,unknown,3.638818422222029,0.4285714285714285,zs,raw,0.0017519319988736,0.0001,5.0,False,False,True,True,none,broad_model_guardrail,gating slope/scale kept positive on modeled potassium-deviation scale,within_range,weakly_identified,step03_effective_parameter_map,Interpret only after profile/FIM support; weak profiles imply practical non-identifiability.,False,within broad range but Step 03 indicates weak/sloppy/broad identifiability
VH_1_MFA_BA,VH,MFA_BA,VH_1_MFA_BA__cand_84,unlabeled,unknown,3.638818422222029,0.4285714285714285,P_gap_eff,effective,2.8474649993162884e-07,1e-08,0.005,False,False,True,True,none,effective_coordinate_guardrail,interpretable product d × pk for gap coupling,within_range,weakly_identified,step03_profile_summary,broad_valley,False,within broad range but Step 03 indicates weak/sloppy/broad identifiability
VH_1_MFA_BA,VH,MFA_BA,VH_1_MFA_BA__cand_84,unlabeled,unknown,3.638818422222029,0.4285714285714285,gamma_t_eff,effective,4.8867593032889744e-08,1e-08,0.05,False,False,True,True,none,effective_coordinate_guardrail,transport effective coordinate normalized by volume/Faraday terms,within_range,weakly_identified,step03_profile_summary,broad_valley,False,within broad range but Step 03 indicates weak/sloppy/broad identifiability
VH_1_MFA_BA,VH,MFA_BA,VH_1_MFA_BA__cand_84,unlabeled,unknown,3.638818422222029,0.4285714285714285,gamma_s_eff,effective,0.0001880789957018,1e-08,0.05,False,False,True,True,none,effective_coordinate_guardrail,syncytial effective coordinate normalized by volume/Faraday terms,within_range,weakly_identified,step03_profile_summary,flat_unbounded,False,within broad range but Step 03 indicates weak/sloppy/broad identifiability
VH_1_MFA_BA,VH,MFA_BA,VH_1_MFA_BA__cand_84,unlabeled,unknown,3.638818422222029,0.4285714285714285,volume_ratio_wa_wo,effective,0.2307371717629052,0.001,1000.0,False,False,True,True,none,effective_coordinate_guardrail,cell/extracellular volume ratio effective coordinate,within_range,weakly_identified,step03_profile_summary,broad_valley,False,within broad range but Step 03 indicates weak/sloppy/broad identifiability
VH_2_MFA,VH,MFA,VH_2_MFA__cand_79,unlabeled,unknown,6.4973188880676,0.3356320739719932,gki,raw,1.427835201921991,1.0,300.0,False,False,True,True,none,broad_model_guardrail,Kir conductance kept within broad positive astrocyte-model scale,within_range,identifiable,step03_effective_parameter_map,Interpret only after profile/FIM support; weak profiles imply practical non-identifiability.,True,within broad range and supported by available identifiability evidence
VH_2_MFA,VH,MFA,VH_2_MFA__cand_79,unlabeled,unknown,6.4973188880676,0.3356320739719932,eps,raw,3.5917714215176105e-05,1e-05,0.2,False,False,True,True,none,broad_model_guardrail,extracellular exchange factor must be positive and sub-unity,within_range,identifiable,step03_effective_parameter_map,Interpret only after profile/FIM support; weak profiles imply practical non-identifiability.,True,within broad range and supported by available identifiability evidence
VH_2_MFA,VH,MFA,VH_2_MFA__cand_79,unlabeled,unknown,6.4973188880676,0.3356320739719932,gl_a,raw,0.1091870143057663,0.0001,50.0,False,False,True,True,none,broad_model_guardrail,leak conductance kept positive and below dominant Kir scale,within_range,identifiable,step03_effective_parameter_map,Interpret only after profile/FIM support; weak profiles imply practical non-identifiability.,True,within broad range and supported by available identifiability evidence
VH_2_MFA,VH,MFA,VH_2_MFA__cand_79,unlabeled,unknown,6.4973188880676,0.3356320739719932,zth,raw,27.282012659871725,0.001,5.0,False,True,True,False,above_upper_bound,broad_model_guardrail,gating threshold kept positive on modeled potassium-deviation scale,out_of_range,weakly_identified,step03_effective_parameter_map,Interpret only after profile/FIM support; weak profiles imply practical non-identifiability.,False,not physiologically interpretable because the value is outside the broad plausibility range or missing
VH_2_MFA,VH,MFA,VH_2_MFA__cand_79,unlabeled,unknown,6.4973188880676,0.3356320739719932,zs,raw,0.0420998158150203,0.0001,5.0,False,False,True,True,none,broad_model_guardrail,gating slope/scale kept positive on modeled potassium-deviation scale,within_range,weakly_identified,step03_effective_parameter_map,Interpret only after profile/FIM support; weak profiles imply practical non-identifiability.,False,within broad range but Step 03 indicates weak/sloppy/broad identifiability
VH_2_MFA,VH,MFA,VH_2_MFA__cand_79,unlabeled,unknown,6.4973188880676,0.3356320739719932,P_gap_eff,effective,2.759775231871044e-07,1e-08,0.005,False,False,True,True,none,effective_coordinate_guardrail,interpretable product d × pk for gap coupling,within_range,weakly_identified,step03_profile_summary,broad_valley,False,within broad range but Step 03 indicates weak/sloppy/broad identifiability
VH_2_MFA,VH,MFA,VH_2_MFA__cand_79,unlabeled,unknown,6.4973188880676,0.3356320739719932,gamma_t_eff,effective,2.8521999547271e-08,1e-08,0.05,False,False,True,True,none,effective_coordinate_guardrail,transport effective coordinate normalized by volume/Faraday terms,within_range,weakly_identified,step03_profile_summary,broad_valley,False,within broad range but Step 03 indicates weak/sloppy/broad identifiability
VH_2_MFA,VH,MFA,VH_2_MFA__cand_79,unlabeled,unknown,6.4973188880676,0.3356320739719932,gamma_s_eff,effective,7.982851553991404e-08,1e-08,0.05,False,False,True,True,none,effective_coordinate_guardrail,syncytial effective coordinate normalized by volume/Faraday terms,within_range,weakly_identified,step03_profile_summary,flat_unbounded,False,within broad range but Step 03 indicates weak/sloppy/broad identifiability
VH_2_MFA,VH,MFA,VH_2_MFA__cand_79,unlabeled,unknown,6.4973188880676,0.3356320739719932,volume_ratio_wa_wo,effective,0.0985388116715744,0.001,1000.0,False,False,True,True,none,effective_coordinate_guardrail,cell/extracellular volume ratio effective coordinate,within_range,weakly_identified,step03_profile_summary,broad_valley,False,within broad range but Step 03 indicates weak/sloppy/broad identifiability
VH_2_MFA_BA,VH,MFA_BA,VH_2_MFA_BA__cand_117,unlabeled,unknown,4.25029588770912,0.4285714285714285,gki,raw,48.93077791926964,1.0,300.0,False,False,True,True,none,broad_model_guardrail,Kir conductance kept within broad positive astrocyte-model scale,within_range,identifiable,step03_effective_parameter_map,Interpret only after profile/FIM support; weak profiles imply practical non-identifiability.,True,within broad range and supported by available identifiability evidence
VH_2_MFA_BA,VH,MFA_BA,VH_2_MFA_BA__cand_117,unlabeled,unknown,4.25029588770912,0.4285714285714285,eps,raw,5.153993511603138e-05,1e-05,0.2,False,False,True,True,none,broad_model_guardrail,extracellular exchange factor must be positive and sub-unity,within_range,identifiable,step03_effective_parameter_map,Interpret only after profile/FIM support; weak profiles imply practical non-identifiability.,True,within broad range and supported by available identifiability evidence
VH_2_MFA_BA,VH,MFA_BA,VH_2_MFA_BA__cand_117,unlabeled,unknown,4.25029588770912,0.4285714285714285,gl_a,raw,11.369278324507132,0.0001,50.0,False,False,True,True,none,broad_model_guardrail,leak conductance kept positive and below dominant Kir scale,within_range,identifiable,step03_effective_parameter_map,Interpret only after profile/FIM support; weak profiles imply practical non-identifiability.,True,within broad range and supported by available identifiability evidence
VH_2_MFA_BA,VH,MFA_BA,VH_2_MFA_BA__cand_117,unlabeled,unknown,4.25029588770912,0.4285714285714285,zth,raw,22.299409162966946,0.001,5.0,False,True,True,False,above_upper_bound,broad_model_guardrail,gating threshold kept positive on modeled potassium-deviation scale,out_of_range,weakly_identified,step03_effective_parameter_map,Interpret only after profile/FIM support; weak profiles imply practical non-identifiability.,False,not physiologically interpretable because the value is outside the broad plausibility range or missing
VH_2_MFA_BA,VH,MFA_BA,VH_2_MFA_BA__cand_117,unlabeled,unknown,4.25029588770912,0.4285714285714285,zs,raw,0.0887781969576259,0.0001,5.0,False,False,True,True,none,broad_model_guardrail,gating slope/scale kept positive on modeled potassium-deviation scale,within_range,weakly_identified,step03_effective_parameter_map,Interpret only after profile/FIM support; weak profiles imply practical non-identifiability.,False,within broad range but Step 03 indicates weak/sloppy/broad identifiability
VH_2_MFA_BA,VH,MFA_BA,VH_2_MFA_BA__cand_117,unlabeled,unknown,4.25029588770912,0.4285714285714285,P_gap_eff,effective,1.494044023881934e-06,1e-08,0.005,False,False,True,True,none,effective_coordinate_guardrail,interpretable product d × pk for gap coupling,within_range,weakly_identified,step03_profile_summary,broad_valley,False,within broad range but Step 03 indicates weak/sloppy/broad identifiability
VH_2_MFA_BA,VH,MFA_BA,VH_2_MFA_BA__cand_117,unlabeled,unknown,4.25029588770912,0.4285714285714285,gamma_t_eff,effective,3.0445990088982677e-05,1e-08,0.05,False,False,True,True,none,effective_coordinate_guardrail,transport effective coordinate normalized by volume/Faraday terms,within_range,weakly_identified,step03_profile_summary,broad_valley,False,within broad range but Step 03 indicates weak/sloppy/broad identifiability
VH_2_MFA_BA,VH,MFA_BA,VH_2_MFA_BA__cand_117,unlabeled,unknown,4.25029588770912,0.4285714285714285,gamma_s_eff,effective,0.0002665937817979,1e-08,0.05,False,False,True,True,none,effective_coordinate_guardrail,syncytial effective coordinate normalized by volume/Faraday terms,within_range,weakly_identified,step03_profile_summary,flat_unbounded,False,within broad range but Step 03 indicates weak/sloppy/broad identifiability
VH_2_MFA_BA,VH,MFA_BA,VH_2_MFA_BA__cand_117,unlabeled,unknown,4.25029588770912,0.4285714285714285,volume_ratio_wa_wo,effective,0.0535920958745476,0.001,1000.0,False,False,True,True,none,effective_coordinate_guardrail,cell/extracellular volume ratio effective coordinate,within_range,weakly_identified,step03_profile_summary,broad_valley,False,within broad range but Step 03 indicates weak/sloppy/broad identifiability
VH_3_MFA,VH,MFA,VH_3_MFA__cand_26,unlabeled,unknown,8.273316263075552,0.3356320739719932,gki,raw,1.427835201921991,1.0,300.0,False,False,True,True,none,broad_model_guardrail,Kir conductance kept within broad positive astrocyte-model scale,within_range,identifiable,step03_effective_parameter_map,Interpret only after profile/FIM support; weak profiles imply practical non-identifiability.,True,within broad range and supported by available identifiability evidence
VH_3_MFA,VH,MFA,VH_3_MFA__cand_26,unlabeled,unknown,8.273316263075552,0.3356320739719932,eps,raw,3.5917714215176105e-05,1e-05,0.2,False,False,True,True,none,broad_model_guardrail,extracellular exchange factor must be positive and sub-unity,within_range,identifiable,step03_effective_parameter_map,Interpret only after profile/FIM support; weak profiles imply practical non-identifiability.,True,within broad range and supported by available identifiability evidence
VH_3_MFA,VH,MFA,VH_3_MFA__cand_26,unlabeled,unknown,8.273316263075552,0.3356320739719932,gl_a,raw,0.1091870143057663,0.0001,50.0,False,False,True,True,none,broad_model_guardrail,leak conductance kept positive and below dominant Kir scale,within_range,identifiable,step03_effective_parameter_map,Interpret only after profile/FIM support; weak profiles imply practical non-identifiability.,True,within broad range and supported by available identifiability evidence
VH_3_MFA,VH,MFA,VH_3_MFA__cand_26,unlabeled,unknown,8.273316263075552,0.3356320739719932,zth,raw,27.282012659871725,0.001,5.0,False,True,True,False,above_upper_bound,broad_model_guardrail,gating threshold kept positive on modeled potassium-deviation scale,out_of_range,weakly_identified,step03_effective_parameter_map,Interpret only after profile/FIM support; weak profiles imply practical non-identifiability.,False,not physiologically interpretable because the value is outside the broad plausibility range or missing
VH_3_MFA,VH,MFA,VH_3_MFA__cand_26,unlabeled,unknown,8.273316263075552,0.3356320739719932,zs,raw,0.0420998158150203,0.0001,5.0,False,False,True,True,none,broad_model_guardrail,gating slope/scale kept positive on modeled potassium-deviation scale,within_range,weakly_identified,step03_effective_parameter_map,Interpret only after profile/FIM support; weak profiles imply practical non-identifiability.,False,within broad range but Step 03 indicates weak/sloppy/broad identifiability
VH_3_MFA,VH,MFA,VH_3_MFA__cand_26,unlabeled,unknown,8.273316263075552,0.3356320739719932,P_gap_eff,effective,2.759775231871044e-07,1e-08,0.005,False,False,True,True,none,effective_coordinate_guardrail,interpretable product d × pk for gap coupling,within_range,weakly_identified,step03_profile_summary,broad_valley,False,within broad range but Step 03 indicates weak/sloppy/broad identifiability
VH_3_MFA,VH,MFA,VH_3_MFA__cand_26,unlabeled,unknown,8.273316263075552,0.3356320739719932,gamma_t_eff,effective,2.8521999547271e-08,1e-08,0.05,False,False,True,True,none,effective_coordinate_guardrail,transport effective coordinate normalized by volume/Faraday terms,within_range,weakly_identified,step03_profile_summary,broad_valley,False,within broad range but Step 03 indicates weak/sloppy/broad identifiability
VH_3_MFA,VH,MFA,VH_3_MFA__cand_26,unlabeled,unknown,8.273316263075552,0.3356320739719932,gamma_s_eff,effective,7.982851553991404e-08,1e-08,0.05,False,False,True,True,none,effective_coordinate_guardrail,syncytial effective coordinate normalized by volume/Faraday terms,within_range,weakly_identified,step03_profile_summary,flat_unbounded,False,within broad range but Step 03 indicates weak/sloppy/broad identifiability
VH_3_MFA,VH,MFA,VH_3_MFA__cand_26,unlabeled,unknown,8.273316263075552,0.3356320739719932,volume_ratio_wa_wo,effective,0.0985388116715744,0.001,1000.0,False,False,True,True,none,effective_coordinate_guardrail,cell/extracellular volume ratio effective coordinate,within_range,weakly_identified,step03_profile_summary,broad_valley,False,within broad range but Step 03 indicates weak/sloppy/broad identifiability
VH_3_MFA_BA,VH,MFA_BA,VH_3_MFA_BA__cand_22,unlabeled,unknown,5.042048630899168,0.5073665841596079,gki,raw,1.4954962219439645,1.0,300.0,False,False,True,True,none,broad_model_guardrail,Kir conductance kept within broad positive astrocyte-model scale,within_range,identifiable,step03_effective_parameter_map,Interpret only after profile/FIM support; weak profiles imply practical non-identifiability.,True,within broad range and supported by available identifiability evidence
VH_3_MFA_BA,VH,MFA_BA,VH_3_MFA_BA__cand_22,unlabeled,unknown,5.042048630899168,0.5073665841596079,eps,raw,0.033379746704222,1e-05,0.2,False,False,True,True,none,broad_model_guardrail,extracellular exchange factor must be positive and sub-unity,within_range,identifiable,step03_effective_parameter_map,Interpret only after profile/FIM support; weak profiles imply practical non-identifiability.,True,within broad range and supported by available identifiability evidence
VH_3_MFA_BA,VH,MFA_BA,VH_3_MFA_BA__cand_22,unlabeled,unknown,5.042048630899168,0.5073665841596079,gl_a,raw,3.1153885531769587,0.0001,50.0,False,False,True,True,none,broad_model_guardrail,leak conductance kept positive and below dominant Kir scale,within_range,identifiable,step03_effective_parameter_map,Interpret only after profile/FIM support; weak profiles imply practical non-identifiability.,True,within broad range and supported by available identifiability evidence
VH_3_MFA_BA,VH,MFA_BA,VH_3_MFA_BA__cand_22,unlabeled,unknown,5.042048630899168,0.5073665841596079,zth,raw,4.387092455183872,0.001,5.0,False,False,True,True,none,broad_model_guardrail,gating threshold kept positive on modeled potassium-deviation scale,within_range,weakly_identified,step03_effective_parameter_map,Interpret only after profile/FIM support; weak profiles imply practical non-identifiability.,False,within broad range but Step 03 indicates weak/sloppy/broad identifiability
VH_3_MFA_BA,VH,MFA_BA,VH_3_MFA_BA__cand_22,unlabeled,unknown,5.042048630899168,0.5073665841596079,zs,raw,7.594306833195988,0.0001,5.0,False,True,True,False,above_upper_bound,broad_model_guardrail,gating slope/scale kept positive on modeled potassium-deviation scale,out_of_range,weakly_identified,step03_effective_parameter_map,Interpret only after profile/FIM support; weak profiles imply practical non-identifiability.,False,not physiologically interpretable because the value is outside the broad plausibility range or missing
VH_3_MFA_BA,VH,MFA_BA,VH_3_MFA_BA__cand_22,unlabeled,unknown,5.042048630899168,0.5073665841596079,P_gap_eff,effective,0.0001530483916352,1e-08,0.005,False,False,True,True,none,effective_coordinate_guardrail,interpretable product d × pk for gap coupling,within_range,weakly_identified,step03_profile_summary,broad_valley,False,within broad range but Step 03 indicates weak/sloppy/broad identifiability
VH_3_MFA_BA,VH,MFA_BA,VH_3_MFA_BA__cand_22,unlabeled,unknown,5.042048630899168,0.5073665841596079,gamma_t_eff,effective,0.0001204604914239,1e-08,0.05,False,False,True,True,none,effective_coordinate_guardrail,transport effective coordinate normalized by volume/Faraday terms,within_range,weakly_identified,step03_profile_summary,broad_valley,False,within broad range but Step 03 indicates weak/sloppy/broad identifiability
VH_3_MFA_BA,VH,MFA_BA,VH_3_MFA_BA__cand_22,unlabeled,unknown,5.042048630899168,0.5073665841596079,gamma_s_eff,effective,0.0002139339192649,1e-08,0.05,False,False,True,True,none,effective_coordinate_guardrail,syncytial effective coordinate normalized by volume/Faraday terms,within_range,weakly_identified,step03_profile_summary,flat_unbounded,False,within broad range but Step 03 indicates weak/sloppy/broad identifiability
VH_3_MFA_BA,VH,MFA_BA,VH_3_MFA_BA__cand_22,unlabeled,unknown,5.042048630899168,0.5073665841596079,volume_ratio_wa_wo,effective,2.697699492232148,0.001,1000.0,False,False,True,True,none,effective_coordinate_guardrail,cell/extracellular volume ratio effective coordinate,within_range,weakly_identified,step03_profile_summary,broad_valley,False,within broad range but Step 03 indicates weak/sloppy/broad identifiability
VH_4_MFA,VH,MFA,VH_4_MFA__cand_80,unlabeled,unknown,6.662488351187481,0.3356320739719932,gki,raw,1.427835201921991,1.0,300.0,False,False,True,True,none,broad_model_guardrail,Kir conductance kept within broad positive astrocyte-model scale,within_range,identifiable,step03_effective_parameter_map,Interpret only after profile/FIM support; weak profiles imply practical non-identifiability.,True,within broad range and supported by available identifiability evidence
VH_4_MFA,VH,MFA,VH_4_MFA__cand_80,unlabeled,unknown,6.662488351187481,0.3356320739719932,eps,raw,3.5917714215176105e-05,1e-05,0.2,False,False,True,True,none,broad_model_guardrail,extracellular exchange factor must be positive and sub-unity,within_range,identifiable,step03_effective_parameter_map,Interpret only after profile/FIM support; weak profiles imply practical non-identifiability.,True,within broad range and supported by available identifiability evidence
VH_4_MFA,VH,MFA,VH_4_MFA__cand_80,unlabeled,unknown,6.662488351187481,0.3356320739719932,gl_a,raw,0.1091870143057663,0.0001,50.0,False,False,True,True,none,broad_model_guardrail,leak conductance kept positive and below dominant Kir scale,within_range,identifiable,step03_effective_parameter_map,Interpret only after profile/FIM support; weak profiles imply practical non-identifiability.,True,within broad range and supported by available identifiability evidence
VH_4_MFA,VH,MFA,VH_4_MFA__cand_80,unlabeled,unknown,6.662488351187481,0.3356320739719932,zth,raw,27.282012659871725,0.001,5.0,False,True,True,False,above_upper_bound,broad_model_guardrail,gating threshold kept positive on modeled potassium-deviation scale,out_of_range,weakly_identified,step03_effective_parameter_map,Interpret only after profile/FIM support; weak profiles imply practical non-identifiability.,False,not physiologically interpretable because the value is outside the broad plausibility range or missing
VH_4_MFA,VH,MFA,VH_4_MFA__cand_80,unlabeled,unknown,6.662488351187481,0.3356320739719932,zs,raw,0.0420998158150203,0.0001,5.0,False,False,True,True,none,broad_model_guardrail,gating slope/scale kept positive on modeled potassium-deviation scale,within_range,weakly_identified,step03_effective_parameter_map,Interpret only after profile/FIM support; weak profiles imply practical non-identifiability.,False,within broad range but Step 03 indicates weak/sloppy/broad identifiability
VH_4_MFA,VH,MFA,VH_4_MFA__cand_80,unlabeled,unknown,6.662488351187481,0.3356320739719932,P_gap_eff,effective,2.759775231871044e-07,1e-08,0.005,False,False,True,True,none,effective_coordinate_guardrail,interpretable product d × pk for gap coupling,within_range,weakly_identified,step03_profile_summary,broad_valley,False,within broad range but Step 03 indicates weak/sloppy/broad identifiability
VH_4_MFA,VH,MFA,VH_4_MFA__cand_80,unlabeled,unknown,6.662488351187481,0.3356320739719932,gamma_t_eff,effective,2.8521999547271e-08,1e-08,0.05,False,False,True,True,none,effective_coordinate_guardrail,transport effective coordinate normalized by volume/Faraday terms,within_range,weakly_identified,step03_profile_summary,broad_valley,False,within broad range but Step 03 indicates weak/sloppy/broad identifiability
VH_4_MFA,VH,MFA,VH_4_MFA__cand_80,unlabeled,unknown,6.662488351187481,0.3356320739719932,gamma_s_eff,effective,7.982851553991404e-08,1e-08,0.05,False,False,True,True,none,effective_coordinate_guardrail,syncytial effective coordinate normalized by volume/Faraday terms,within_range,weakly_identified,step03_profile_summary,flat_unbounded,False,within broad range but Step 03 indicates weak/sloppy/broad identifiability
VH_4_MFA,VH,MFA,VH_4_MFA__cand_80,unlabeled,unknown,6.662488351187481,0.3356320739719932,volume_ratio_wa_wo,effective,0.0985388116715744,0.001,1000.0,False,False,True,True,none,effective_coordinate_guardrail,cell/extracellular volume ratio effective coordinate,within_range,weakly_identified,step03_profile_summary,broad_valley,False,within broad range but Step 03 indicates weak/sloppy/broad identifiability
VH_4_MFA_BA,VH,MFA_BA,VH_4_MFA_BA__cand_75,unlabeled,unknown,3.670938842204553,0.4285714285714285,gki,raw,48.93077791926964,1.0,300.0,False,False,True,True,none,broad_model_guardrail,Kir conductance kept within broad positive astrocyte-model scale,within_range,identifiable,step03_effective_parameter_map,Interpret only after profile/FIM support; weak profiles imply practical non-identifiability.,True,within broad range and supported by available identifiability evidence
VH_4_MFA_BA,VH,MFA_BA,VH_4_MFA_BA__cand_75,unlabeled,unknown,3.670938842204553,0.4285714285714285,eps,raw,5.153993511603138e-05,1e-05,0.2,False,False,True,True,none,broad_model_guardrail,extracellular exchange factor must be positive and sub-unity,within_range,identifiable,step03_effective_parameter_map,Interpret only after profile/FIM support; weak profiles imply practical non-identifiability.,True,within broad range and supported by available identifiability evidence
VH_4_MFA_BA,VH,MFA_BA,VH_4_MFA_BA__cand_75,unlabeled,unknown,3.670938842204553,0.4285714285714285,gl_a,raw,11.369278324507132,0.0001,50.0,False,False,True,True,none,broad_model_guardrail,leak conductance kept positive and below dominant Kir scale,within_range,identifiable,step03_effective_parameter_map,Interpret only after profile/FIM support; weak profiles imply practical non-identifiability.,True,within broad range and supported by available identifiability evidence
VH_4_MFA_BA,VH,MFA_BA,VH_4_MFA_BA__cand_75,unlabeled,unknown,3.670938842204553,0.4285714285714285,zth,raw,22.299409162966946,0.001,5.0,False,True,True,False,above_upper_bound,broad_model_guardrail,gating threshold kept positive on modeled potassium-deviation scale,out_of_range,weakly_identified,step03_effective_parameter_map,Interpret only after profile/FIM support; weak profiles imply practical non-identifiability.,False,not physiologically interpretable because the value is outside the broad plausibility range or missing
VH_4_MFA_BA,VH,MFA_BA,VH_4_MFA_BA__cand_75,unlabeled,unknown,3.670938842204553,0.4285714285714285,zs,raw,0.0887781969576259,0.0001,5.0,False,False,True,True,none,broad_model_guardrail,gating slope/scale kept positive on modeled potassium-deviation scale,within_range,weakly_identified,step03_effective_parameter_map,Interpret only after profile/FIM support; weak profiles imply practical non-identifiability.,False,within broad range but Step 03 indicates weak/sloppy/broad identifiability
VH_4_MFA_BA,VH,MFA_BA,VH_4_MFA_BA__cand_75,unlabeled,unknown,3.670938842204553,0.4285714285714285,P_gap_eff,effective,1.494044023881934e-06,1e-08,0.005,False,False,True,True,none,effective_coordinate_guardrail,interpretable product d × pk for gap coupling,within_range,weakly_identified,step03_profile_summary,broad_valley,False,within broad range but Step 03 indicates weak/sloppy/broad identifiability
VH_4_MFA_BA,VH,MFA_BA,VH_4_MFA_BA__cand_75,unlabeled,unknown,3.670938842204553,0.4285714285714285,gamma_t_eff,effective,3.0445990088982677e-05,1e-08,0.05,False,False,True,True,none,effective_coordinate_guardrail,transport effective coordinate normalized by volume/Faraday terms,within_range,weakly_identified,step03_profile_summary,broad_valley,False,within broad range but Step 03 indicates weak/sloppy/broad identifiability
VH_4_MFA_BA,VH,MFA_BA,VH_4_MFA_BA__cand_75,unlabeled,unknown,3.670938842204553,0.4285714285714285,gamma_s_eff,effective,0.0002665937817979,1e-08,0.05,False,False,True,True,none,effective_coordinate_guardrail,syncytial effective coordinate normalized by volume/Faraday terms,within_range,weakly_identified,step03_profile_summary,flat_unbounded,False,within broad range but Step 03 indicates weak/sloppy/broad identifiability
VH_4_MFA_BA,VH,MFA_BA,VH_4_MFA_BA__cand_75,unlabeled,unknown,3.670938842204553,0.4285714285714285,volume_ratio_wa_wo,effective,0.0535920958745476,0.001,1000.0,False,False,True,True,none,effective_coordinate_guardrail,cell/extracellular volume ratio effective coordinate,within_range,weakly_identified,step03_profile_summary,broad_valley,False,within broad range but Step 03 indicates weak/sloppy/broad identifiability
VH_5_MFA,VH,MFA,VH_5_MFA__cand_80,unlabeled,unknown,5.760887329681753,0.3356320739719932,gki,raw,1.427835201921991,1.0,300.0,False,False,True,True,none,broad_model_guardrail,Kir conductance kept within broad positive astrocyte-model scale,within_range,identifiable,step03_effective_parameter_map,Interpret only after profile/FIM support; weak profiles imply practical non-identifiability.,True,within broad range and supported by available identifiability evidence
VH_5_MFA,VH,MFA,VH_5_MFA__cand_80,unlabeled,unknown,5.760887329681753,0.3356320739719932,eps,raw,3.5917714215176105e-05,1e-05,0.2,False,False,True,True,none,broad_model_guardrail,extracellular exchange factor must be positive and sub-unity,within_range,identifiable,step03_effective_parameter_map,Interpret only after profile/FIM support; weak profiles imply practical non-identifiability.,True,within broad range and supported by available identifiability evidence
VH_5_MFA,VH,MFA,VH_5_MFA__cand_80,unlabeled,unknown,5.760887329681753,0.3356320739719932,gl_a,raw,0.1091870143057663,0.0001,50.0,False,False,True,True,none,broad_model_guardrail,leak conductance kept positive and below dominant Kir scale,within_range,identifiable,step03_effective_parameter_map,Interpret only after profile/FIM support; weak profiles imply practical non-identifiability.,True,within broad range and supported by available identifiability evidence
VH_5_MFA,VH,MFA,VH_5_MFA__cand_80,unlabeled,unknown,5.760887329681753,0.3356320739719932,zth,raw,27.282012659871725,0.001,5.0,False,True,True,False,above_upper_bound,broad_model_guardrail,gating threshold kept positive on modeled potassium-deviation scale,out_of_range,weakly_identified,step03_effective_parameter_map,Interpret only after profile/FIM support; weak profiles imply practical non-identifiability.,False,not physiologically interpretable because the value is outside the broad plausibility range or missing
VH_5_MFA,VH,MFA,VH_5_MFA__cand_80,unlabeled,unknown,5.760887329681753,0.3356320739719932,zs,raw,0.0420998158150203,0.0001,5.0,False,False,True,True,none,broad_model_guardrail,gating slope/scale kept positive on modeled potassium-deviation scale,within_range,weakly_identified,step03_effective_parameter_map,Interpret only after profile/FIM support; weak profiles imply practical non-identifiability.,False,within broad range but Step 03 indicates weak/sloppy/broad identifiability
VH_5_MFA,VH,MFA,VH_5_MFA__cand_80,unlabeled,unknown,5.760887329681753,0.3356320739719932,P_gap_eff,effective,2.759775231871044e-07,1e-08,0.005,False,False,True,True,none,effective_coordinate_guardrail,interpretable product d × pk for gap coupling,within_range,weakly_identified,step03_profile_summary,broad_valley,False,within broad range but Step 03 indicates weak/sloppy/broad identifiability
VH_5_MFA,VH,MFA,VH_5_MFA__cand_80,unlabeled,unknown,5.760887329681753,0.3356320739719932,gamma_t_eff,effective,2.8521999547271e-08,1e-08,0.05,False,False,True,True,none,effective_coordinate_guardrail,transport effective coordinate normalized by volume/Faraday terms,within_range,weakly_identified,step03_profile_summary,broad_valley,False,within broad range but Step 03 indicates weak/sloppy/broad identifiability
VH_5_MFA,VH,MFA,VH_5_MFA__cand_80,unlabeled,unknown,5.760887329681753,0.3356320739719932,gamma_s_eff,effective,7.982851553991404e-08,1e-08,0.05,False,False,True,True,none,effective_coordinate_guardrail,syncytial effective coordinate normalized by volume/Faraday terms,within_range,weakly_identified,step03_profile_summary,flat_unbounded,False,within broad range but Step 03 indicates weak/sloppy/broad identifiability
VH_5_MFA,VH,MFA,VH_5_MFA__cand_80,unlabeled,unknown,5.760887329681753,0.3356320739719932,volume_ratio_wa_wo,effective,0.0985388116715744,0.001,1000.0,False,False,True,True,none,effective_coordinate_guardrail,cell/extracellular volume ratio effective coordinate,within_range,weakly_identified,step03_profile_summary,broad_valley,False,within broad range but Step 03 indicates weak/sloppy/broad identifiability
VH_5_MFA_BA,VH,MFA_BA,VH_5_MFA_BA__cand_69,unlabeled,unknown,4.602462915960218,0.4285714285714285,gki,raw,339.74104899693674,1.0,300.0,False,True,True,False,above_upper_bound,broad_model_guardrail,Kir conductance kept within broad positive astrocyte-model scale,out_of_range,identifiable,step03_effective_parameter_map,Interpret only after profile/FIM support; weak profiles imply practical non-identifiability.,False,not physiologically interpretable because the value is outside the broad plausibility range or missing
VH_5_MFA_BA,VH,MFA_BA,VH_5_MFA_BA__cand_69,unlabeled,unknown,4.602462915960218,0.4285714285714285,eps,raw,1.4378290221680118e-05,1e-05,0.2,False,False,True,True,none,broad_model_guardrail,extracellular exchange factor must be positive and sub-unity,within_range,identifiable,step03_effective_parameter_map,Interpret only after profile/FIM support; weak profiles imply practical non-identifiability.,True,within broad range and supported by available identifiability evidence
VH_5_MFA_BA,VH,MFA_BA,VH_5_MFA_BA__cand_69,unlabeled,unknown,4.602462915960218,0.4285714285714285,gl_a,raw,0.2791581594185588,0.0001,50.0,False,False,True,True,none,broad_model_guardrail,leak conductance kept positive and below dominant Kir scale,within_range,identifiable,step03_effective_parameter_map,Interpret only after profile/FIM support; weak profiles imply practical non-identifiability.,True,within broad range and supported by available identifiability evidence
VH_5_MFA_BA,VH,MFA_BA,VH_5_MFA_BA__cand_69,unlabeled,unknown,4.602462915960218,0.4285714285714285,zth,raw,138.7872476123499,0.001,5.0,False,True,True,False,above_upper_bound,broad_model_guardrail,gating threshold kept positive on modeled potassium-deviation scale,out_of_range,weakly_identified,step03_effective_parameter_map,Interpret only after profile/FIM support; weak profiles imply practical non-identifiability.,False,not physiologically interpretable because the value is outside the broad plausibility range or missing
VH_5_MFA_BA,VH,MFA_BA,VH_5_MFA_BA__cand_69,unlabeled,unknown,4.602462915960218,0.4285714285714285,zs,raw,0.0070553429702563,0.0001,5.0,False,False,True,True,none,broad_model_guardrail,gating slope/scale kept positive on modeled potassium-deviation scale,within_range,weakly_identified,step03_effective_parameter_map,Interpret only after profile/FIM support; weak profiles imply practical non-identifiability.,False,within broad range but Step 03 indicates weak/sloppy/broad identifiability
VH_5_MFA_BA,VH,MFA_BA,VH_5_MFA_BA__cand_69,unlabeled,unknown,4.602462915960218,0.4285714285714285,P_gap_eff,effective,3.147806683575305e-07,1e-08,0.005,False,False,True,True,none,effective_coordinate_guardrail,interpretable product d × pk for gap coupling,within_range,weakly_identified,step03_profile_summary,broad_valley,False,within broad range but Step 03 indicates weak/sloppy/broad identifiability
VH_5_MFA_BA,VH,MFA_BA,VH_5_MFA_BA__cand_69,unlabeled,unknown,4.602462915960218,0.4285714285714285,gamma_t_eff,effective,8.64071700925487e-06,1e-08,0.05,False,False,True,True,none,effective_coordinate_guardrail,transport effective coordinate normalized by volume/Faraday terms,within_range,weakly_identified,step03_profile_summary,broad_valley,False,within broad range but Step 03 indicates weak/sloppy/broad identifiability
VH_5_MFA_BA,VH,MFA_BA,VH_5_MFA_BA__cand_69,unlabeled,unknown,4.602462915960218,0.4285714285714285,gamma_s_eff,effective,3.535624158641975e-07,1e-08,0.05,False,False,True,True,none,effective_coordinate_guardrail,syncytial effective coordinate normalized by volume/Faraday terms,within_range,weakly_identified,step03_profile_summary,flat_unbounded,False,within broad range but Step 03 indicates weak/sloppy/broad identifiability
VH_5_MFA_BA,VH,MFA_BA,VH_5_MFA_BA__cand_69,unlabeled,unknown,4.602462915960218,0.4285714285714285,volume_ratio_wa_wo,effective,9.367500317678571,0.001,1000.0,False,False,True,True,none,effective_coordinate_guardrail,cell/extracellular volume ratio effective coordinate,within_range,weakly_identified,step03_profile_summary,broad_valley,False,within broad range but Step 03 indicates weak/sloppy/broad identifiability
VH_6_MFA,VH,MFA,VH_6_MFA__cand_81,unlabeled,unknown,4.6762037986547815,0.3356320739719932,gki,raw,1.427835201921991,1.0,300.0,False,False,True,True,none,broad_model_guardrail,Kir conductance kept within broad positive astrocyte-model scale,within_range,identifiable,step03_effective_parameter_map,Interpret only after profile/FIM support; weak profiles imply practical non-identifiability.,True,within broad range and supported by available identifiability evidence
VH_6_MFA,VH,MFA,VH_6_MFA__cand_81,unlabeled,unknown,4.6762037986547815,0.3356320739719932,eps,raw,3.5917714215176105e-05,1e-05,0.2,False,False,True,True,none,broad_model_guardrail,extracellular exchange factor must be positive and sub-unity,within_range,identifiable,step03_effective_parameter_map,Interpret only after profile/FIM support; weak profiles imply practical non-identifiability.,True,within broad range and supported by available identifiability evidence
VH_6_MFA,VH,MFA,VH_6_MFA__cand_81,unlabeled,unknown,4.6762037986547815,0.3356320739719932,gl_a,raw,0.1091870143057663,0.0001,50.0,False,False,True,True,none,broad_model_guardrail,leak conductance kept positive and below dominant Kir scale,within_range,identifiable,step03_effective_parameter_map,Interpret only after profile/FIM support; weak profiles imply practical non-identifiability.,True,within broad range and supported by available identifiability evidence
VH_6_MFA,VH,MFA,VH_6_MFA__cand_81,unlabeled,unknown,4.6762037986547815,0.3356320739719932,zth,raw,27.282012659871725,0.001,5.0,False,True,True,False,above_upper_bound,broad_model_guardrail,gating threshold kept positive on modeled potassium-deviation scale,out_of_range,weakly_identified,step03_effective_parameter_map,Interpret only after profile/FIM support; weak profiles imply practical non-identifiability.,False,not physiologically interpretable because the value is outside the broad plausibility range or missing
VH_6_MFA,VH,MFA,VH_6_MFA__cand_81,unlabeled,unknown,4.6762037986547815,0.3356320739719932,zs,raw,0.0420998158150203,0.0001,5.0,False,False,True,True,none,broad_model_guardrail,gating slope/scale kept positive on modeled potassium-deviation scale,within_range,weakly_identified,step03_effective_parameter_map,Interpret only after profile/FIM support; weak profiles imply practical non-identifiability.,False,within broad range but Step 03 indicates weak/sloppy/broad identifiability
VH_6_MFA,VH,MFA,VH_6_MFA__cand_81,unlabeled,unknown,4.6762037986547815,0.3356320739719932,P_gap_eff,effective,2.759775231871044e-07,1e-08,0.005,False,False,True,True,none,effective_coordinate_guardrail,interpretable product d × pk for gap coupling,within_range,weakly_identified,step03_profile_summary,broad_valley,False,within broad range but Step 03 indicates weak/sloppy/broad identifiability
VH_6_MFA,VH,MFA,VH_6_MFA__cand_81,unlabeled,unknown,4.6762037986547815,0.3356320739719932,gamma_t_eff,effective,2.8521999547271e-08,1e-08,0.05,False,False,True,True,none,effective_coordinate_guardrail,transport effective coordinate normalized by volume/Faraday terms,within_range,weakly_identified,step03_profile_summary,broad_valley,False,within broad range but Step 03 indicates weak/sloppy/broad identifiability
VH_6_MFA,VH,MFA,VH_6_MFA__cand_81,unlabeled,unknown,4.6762037986547815,0.3356320739719932,gamma_s_eff,effective,7.982851553991404e-08,1e-08,0.05,False,False,True,True,none,effective_coordinate_guardrail,syncytial effective coordinate normalized by volume/Faraday terms,within_range,weakly_identified,step03_profile_summary,flat_unbounded,False,within broad range but Step 03 indicates weak/sloppy/broad identifiability
VH_6_MFA,VH,MFA,VH_6_MFA__cand_81,unlabeled,unknown,4.6762037986547815,0.3356320739719932,volume_ratio_wa_wo,effective,0.0985388116715744,0.001,1000.0,False,False,True,True,none,effective_coordinate_guardrail,cell/extracellular volume ratio effective coordinate,within_range,weakly_identified,step03_profile_summary,broad_valley,False,within broad range but Step 03 indicates weak/sloppy/broad identifiability
VH_6_MFA_BA,VH,MFA_BA,VH_6_MFA_BA__cand_104,unlabeled,unknown,3.757318326653221,0.4285714285714285,gki,raw,27.713071905323496,1.0,300.0,False,False,True,True,none,broad_model_guardrail,Kir conductance kept within broad positive astrocyte-model scale,within_range,identifiable,step03_effective_parameter_map,Interpret only after profile/FIM support; weak profiles imply practical non-identifiability.,True,within broad range and supported by available identifiability evidence
VH_6_MFA_BA,VH,MFA_BA,VH_6_MFA_BA__cand_104,unlabeled,unknown,3.757318326653221,0.4285714285714285,eps,raw,4.1442969011363934e-05,1e-05,0.2,False,False,True,True,none,broad_model_guardrail,extracellular exchange factor must be positive and sub-unity,within_range,identifiable,step03_effective_parameter_map,Interpret only after profile/FIM support; weak profiles imply practical non-identifiability.,True,within broad range and supported by available identifiability evidence
VH_6_MFA_BA,VH,MFA_BA,VH_6_MFA_BA__cand_104,unlabeled,unknown,3.757318326653221,0.4285714285714285,gl_a,raw,0.0107566791304921,0.0001,50.0,False,False,True,True,none,broad_model_guardrail,leak conductance kept positive and below dominant Kir scale,within_range,identifiable,step03_effective_parameter_map,Interpret only after profile/FIM support; weak profiles imply practical non-identifiability.,True,within broad range and supported by available identifiability evidence
VH_6_MFA_BA,VH,MFA_BA,VH_6_MFA_BA__cand_104,unlabeled,unknown,3.757318326653221,0.4285714285714285,zth,raw,79.88841488273788,0.001,5.0,False,True,True,False,above_upper_bound,broad_model_guardrail,gating threshold kept positive on modeled potassium-deviation scale,out_of_range,weakly_identified,step03_effective_parameter_map,Interpret only after profile/FIM support; weak profiles imply practical non-identifiability.,False,not physiologically interpretable because the value is outside the broad plausibility range or missing
VH_6_MFA_BA,VH,MFA_BA,VH_6_MFA_BA__cand_104,unlabeled,unknown,3.757318326653221,0.4285714285714285,zs,raw,0.0017519319988736,0.0001,5.0,False,False,True,True,none,broad_model_guardrail,gating slope/scale kept positive on modeled potassium-deviation scale,within_range,weakly_identified,step03_effective_parameter_map,Interpret only after profile/FIM support; weak profiles imply practical non-identifiability.,False,within broad range but Step 03 indicates weak/sloppy/broad identifiability
VH_6_MFA_BA,VH,MFA_BA,VH_6_MFA_BA__cand_104,unlabeled,unknown,3.757318326653221,0.4285714285714285,P_gap_eff,effective,2.8474649993162884e-07,1e-08,0.005,False,False,True,True,none,effective_coordinate_guardrail,interpretable product d × pk for gap coupling,within_range,weakly_identified,step03_profile_summary,broad_valley,False,within broad range but Step 03 indicates weak/sloppy/broad identifiability
VH_6_MFA_BA,VH,MFA_BA,VH_6_MFA_BA__cand_104,unlabeled,unknown,3.757318326653221,0.4285714285714285,gamma_t_eff,effective,4.8867593032889744e-08,1e-08,0.05,False,False,True,True,none,effective_coordinate_guardrail,transport effective coordinate normalized by volume/Faraday terms,within_range,weakly_identified,step03_profile_summary,broad_valley,False,within broad range but Step 03 indicates weak/sloppy/broad identifiability
VH_6_MFA_BA,VH,MFA_BA,VH_6_MFA_BA__cand_104,unlabeled,unknown,3.757318326653221,0.4285714285714285,gamma_s_eff,effective,0.0001880789957018,1e-08,0.05,False,False,True,True,none,effective_coordinate_guardrail,syncytial effective coordinate normalized by volume/Faraday terms,within_range,weakly_identified,step03_profile_summary,flat_unbounded,False,within broad range but Step 03 indicates weak/sloppy/broad identifiability
VH_6_MFA_BA,VH,MFA_BA,VH_6_MFA_BA__cand_104,unlabeled,unknown,3.757318326653221,0.4285714285714285,volume_ratio_wa_wo,effective,0.2307371717629052,0.001,1000.0,False,False,True,True,none,effective_coordinate_guardrail,cell/extracellular volume ratio effective coordinate,within_range,weakly_identified,step03_profile_summary,broad_valley,False,within broad range but Step 03 indicates weak/sloppy/broad identifiability
VH_7_OG_MFA,VH,MFA,VH_7_OG_MFA__cand_32,unlabeled,unknown,7.172695692976441,0.4326649879262562,gki,raw,39.90130626899302,1.0,300.0,False,False,True,True,none,broad_model_guardrail,Kir conductance kept within broad positive astrocyte-model scale,within_range,identifiable,step03_effective_parameter_map,Interpret only after profile/FIM support; weak profiles imply practical non-identifiability.,True,within broad range and supported by available identifiability evidence
VH_7_OG_MFA,VH,MFA,VH_7_OG_MFA__cand_32,unlabeled,unknown,7.172695692976441,0.4326649879262562,eps,raw,0.0014452451441203,1e-05,0.2,False,False,True,True,none,broad_model_guardrail,extracellular exchange factor must be positive and sub-unity,within_range,identifiable,step03_effective_parameter_map,Interpret only after profile/FIM support; weak profiles imply practical non-identifiability.,True,within broad range and supported by available identifiability evidence
VH_7_OG_MFA,VH,MFA,VH_7_OG_MFA__cand_32,unlabeled,unknown,7.172695692976441,0.4326649879262562,gl_a,raw,0.8200290293057249,0.0001,50.0,False,False,True,True,none,broad_model_guardrail,leak conductance kept positive and below dominant Kir scale,within_range,identifiable,step03_effective_parameter_map,Interpret only after profile/FIM support; weak profiles imply practical non-identifiability.,True,within broad range and supported by available identifiability evidence
VH_7_OG_MFA,VH,MFA,VH_7_OG_MFA__cand_32,unlabeled,unknown,7.172695692976441,0.4326649879262562,zth,raw,16.047095824043762,0.001,5.0,False,True,True,False,above_upper_bound,broad_model_guardrail,gating threshold kept positive on modeled potassium-deviation scale,out_of_range,weakly_identified,step03_effective_parameter_map,Interpret only after profile/FIM support; weak profiles imply practical non-identifiability.,False,not physiologically interpretable because the value is outside the broad plausibility range or missing
VH_7_OG_MFA,VH,MFA,VH_7_OG_MFA__cand_32,unlabeled,unknown,7.172695692976441,0.4326649879262562,zs,raw,3.7674481701850064,0.0001,5.0,False,False,True,True,none,broad_model_guardrail,gating slope/scale kept positive on modeled potassium-deviation scale,within_range,weakly_identified,step03_effective_parameter_map,Interpret only after profile/FIM support; weak profiles imply practical non-identifiability.,False,within broad range but Step 03 indicates weak/sloppy/broad identifiability
VH_7_OG_MFA,VH,MFA,VH_7_OG_MFA__cand_32,unlabeled,unknown,7.172695692976441,0.4326649879262562,P_gap_eff,effective,5.0299250093888e-05,1e-08,0.005,False,False,True,True,none,effective_coordinate_guardrail,interpretable product d × pk for gap coupling,within_range,weakly_identified,step03_profile_summary,broad_valley,False,within broad range but Step 03 indicates weak/sloppy/broad identifiability
VH_7_OG_MFA,VH,MFA,VH_7_OG_MFA__cand_32,unlabeled,unknown,7.172695692976441,0.4326649879262562,gamma_t_eff,effective,0.0077111130135944,1e-08,0.05,False,False,True,True,none,effective_coordinate_guardrail,transport effective coordinate normalized by volume/Faraday terms,within_range,weakly_identified,step03_profile_summary,broad_valley,False,within broad range but Step 03 indicates weak/sloppy/broad identifiability
VH_7_OG_MFA,VH,MFA,VH_7_OG_MFA__cand_32,unlabeled,unknown,7.172695692976441,0.4326649879262562,gamma_s_eff,effective,0.0002646638885961,1e-08,0.05,False,False,True,True,none,effective_coordinate_guardrail,syncytial effective coordinate normalized by volume/Faraday terms,within_range,weakly_identified,step03_profile_summary,flat_unbounded,False,within broad range but Step 03 indicates weak/sloppy/broad identifiability
VH_7_OG_MFA,VH,MFA,VH_7_OG_MFA__cand_32,unlabeled,unknown,7.172695692976441,0.4326649879262562,volume_ratio_wa_wo,effective,0.1980550120759178,0.001,1000.0,False,False,True,True,none,effective_coordinate_guardrail,cell/extracellular volume ratio effective coordinate,within_range,weakly_identified,step03_profile_summary,broad_valley,False,within broad range but Step 03 indicates weak/sloppy/broad identifiability
VH_7_OG_MFA_BA,VH,MFA_BA,VH_7_OG_MFA_BA__cand_87,unlabeled,unknown,3.996267774649931,0.4285714285714285,gki,raw,45.415942136440485,1.0,300.0,False,False,True,True,none,broad_model_guardrail,Kir conductance kept within broad positive astrocyte-model scale,within_range,identifiable,step03_effective_parameter_map,Interpret only after profile/FIM support; weak profiles imply practical non-identifiability.,True,within broad range and supported by available identifiability evidence
VH_7_OG_MFA_BA,VH,MFA_BA,VH_7_OG_MFA_BA__cand_87,unlabeled,unknown,3.996267774649931,0.4285714285714285,eps,raw,8.968733598183248e-05,1e-05,0.2,False,False,True,True,none,broad_model_guardrail,extracellular exchange factor must be positive and sub-unity,within_range,identifiable,step03_effective_parameter_map,Interpret only after profile/FIM support; weak profiles imply practical non-identifiability.,True,within broad range and supported by available identifiability evidence
VH_7_OG_MFA_BA,VH,MFA_BA,VH_7_OG_MFA_BA__cand_87,unlabeled,unknown,3.996267774649931,0.4285714285714285,gl_a,raw,4.232365821559531e-05,0.0001,50.0,True,False,False,True,below_lower_bound,broad_model_guardrail,leak conductance kept positive and below dominant Kir scale,out_of_range,identifiable,step03_effective_parameter_map,Interpret only after profile/FIM support; weak profiles imply practical non-identifiability.,False,not physiologically interpretable because the value is outside the broad plausibility range or missing
VH_7_OG_MFA_BA,VH,MFA_BA,VH_7_OG_MFA_BA__cand_87,unlabeled,unknown,3.996267774649931,0.4285714285714285,zth,raw,36.475828649918114,0.001,5.0,False,True,True,False,above_upper_bound,broad_model_guardrail,gating threshold kept positive on modeled potassium-deviation scale,out_of_range,weakly_identified,step03_effective_parameter_map,Interpret only after profile/FIM support; weak profiles imply practical non-identifiability.,False,not physiologically interpretable because the value is outside the broad plausibility range or missing
VH_7_OG_MFA_BA,VH,MFA_BA,VH_7_OG_MFA_BA__cand_87,unlabeled,unknown,3.996267774649931,0.4285714285714285,zs,raw,2.476912403311227,0.0001,5.0,False,False,True,True,none,broad_model_guardrail,gating slope/scale kept positive on modeled potassium-deviation scale,within_range,weakly_identified,step03_effective_parameter_map,Interpret only after profile/FIM support; weak profiles imply practical non-identifiability.,False,within broad range but Step 03 indicates weak/sloppy/broad identifiability
VH_7_OG_MFA_BA,VH,MFA_BA,VH_7_OG_MFA_BA__cand_87,unlabeled,unknown,3.996267774649931,0.4285714285714285,P_gap_eff,effective,1.3129954663867746e-08,1e-08,0.005,False,False,True,True,none,effective_coordinate_guardrail,interpretable product d × pk for gap coupling,within_range,weakly_identified,step03_profile_summary,broad_valley,False,within broad range but Step 03 indicates weak/sloppy/broad identifiability
VH_7_OG_MFA_BA,VH,MFA_BA,VH_7_OG_MFA_BA__cand_87,unlabeled,unknown,3.996267774649931,0.4285714285714285,gamma_t_eff,effective,4.2135824057097264e-08,1e-08,0.05,False,False,True,True,none,effective_coordinate_guardrail,transport effective coordinate normalized by volume/Faraday terms,within_range,weakly_identified,step03_profile_summary,broad_valley,False,within broad range but Step 03 indicates weak/sloppy/broad identifiability
VH_7_OG_MFA_BA,VH,MFA_BA,VH_7_OG_MFA_BA__cand_87,unlabeled,unknown,3.996267774649931,0.4285714285714285,gamma_s_eff,effective,0.0039756907707557,1e-08,0.05,False,False,True,True,none,effective_coordinate_guardrail,syncytial effective coordinate normalized by volume/Faraday terms,within_range,weakly_identified,step03_profile_summary,flat_unbounded,False,within broad range but Step 03 indicates weak/sloppy/broad identifiability
VH_7_OG_MFA_BA,VH,MFA_BA,VH_7_OG_MFA_BA__cand_87,unlabeled,unknown,3.996267774649931,0.4285714285714285,volume_ratio_wa_wo,effective,0.1287676077086161,0.001,1000.0,False,False,True,True,none,effective_coordinate_guardrail,cell/extracellular volume ratio effective coordinate,within_range,weakly_identified,step03_profile_summary,broad_valley,False,within broad range but Step 03 indicates weak/sloppy/broad identifiability
