file_id,region,condition,candidate_id,buffering_phenotype,phenotype_window_scope,phenotype_specificity_score,dominant_signed_flux_mode,dKs_activation_score_mean,long_range_distribution_fraction_mean,voltage_coupling_score_mean,kir_current_score_mean,phenotype_claim_scope
1_DH_1_CONTROL,DH,CONTROL,1_DH_1_CONTROL__hybrid_optuna_087,mixed_local_spatial_buffering,M_tot,1.0,STRICTLY_LOCAL,0.4696968163561277,3.3198915743536735e-05,0.024824147088797332,0.47529229910932563,provisional_accepted_ensemble_tag_pending_step06_validation
1_DH_1_CONTROL,DH,CONTROL,1_DH_1_CONTROL__hybrid_optuna_098,mixed_local_spatial_buffering,M_tot,1.0,STRICTLY_LOCAL,0.40609296769892494,5.965698106203987e-05,0.35179840828287173,0.6453230142897212,provisional_accepted_ensemble_tag_pending_step06_validation
1_DH_2_CONTROL,DH,CONTROL,1_DH_2_CONTROL__hybrid_optuna_066,low_recruitment_local_storage,M_tot,1.0,STRICTLY_LOCAL,9.859676542188784e-305,8.850468199611234e-303,0.3514071263833052,0.5706908873790544,provisional_accepted_ensemble_tag_pending_step06_validation
1_DH_2_CONTROL,DH,CONTROL,1_DH_2_CONTROL__hybrid_optuna_068,mixed_local_spatial_buffering,M_tot,1.0,BALANCED_OR_WEAK,0.41786070046514007,0.49094723961140224,0.4794336006314725,0.518783493912674,provisional_accepted_ensemble_tag_pending_step06_validation
1_DH_2_CONTROL,DH,CONTROL,1_DH_2_CONTROL__hybrid_optuna_072,low_recruitment_local_storage,M_tot,1.0,STRICTLY_LOCAL,9.859676543758941e-305,0.0,0.1666206762598346,0.3304409356067796,provisional_accepted_ensemble_tag_pending_step06_validation
1_DH_2_CONTROL,DH,CONTROL,1_DH_2_CONTROL__hybrid_optuna_098,mixed_local_spatial_buffering,M_tot,1.0,STRICTLY_LOCAL,0.4742352083058401,1.2305732333684119e-05,0.024763190862813183,0.4760309130560966,provisional_accepted_ensemble_tag_pending_step06_validation
1_VH_1_CONTROL,VH,CONTROL,1_VH_1_CONTROL__hybrid_optuna_002,kir_dominant_local_buffering,M_tot,1.0,STRICTLY_LOCAL,9.240381599479025e-289,1.8202150927724442e-286,0.15281470002311495,0.8439308532540232,provisional_accepted_ensemble_tag_pending_step06_validation
1_VH_1_CONTROL,VH,CONTROL,1_VH_1_CONTROL__hybrid_optuna_004,kir_dominant_local_buffering,M_tot,1.0,STRICTLY_LOCAL,9.85967654371955e-305,1.0655056870849664e-303,0.032880912370374195,0.9659494002427564,provisional_accepted_ensemble_tag_pending_step06_validation
1_VH_1_CONTROL,VH,CONTROL,1_VH_1_CONTROL__hybrid_optuna_075,kir_dominant_local_buffering,M_tot,1.0,STRICTLY_LOCAL,9.859676543759016e-305,1.0623987213616194e-301,0.3341014458119707,0.6645587659623035,provisional_accepted_ensemble_tag_pending_step06_validation
1_VH_1_CONTROL,VH,CONTROL,1_VH_1_CONTROL__hybrid_post_002,kir_dominant_local_buffering,M_tot,1.0,STRICTLY_LOCAL,9.240381599479025e-289,1.8202150927724442e-286,0.15281470002311495,0.8439308532540232,provisional_accepted_ensemble_tag_pending_step06_validation
1_VH_2_CONTROL,VH,CONTROL,1_VH_2_CONTROL__hybrid_optuna_001,mixed_local_spatial_buffering,M_tot,1.0,STRICTLY_LOCAL,0.38977662256742457,0.2617704120719824,0.26313477937611457,0.7368360177203286,provisional_accepted_ensemble_tag_pending_step06_validation
1_VH_2_CONTROL,VH,CONTROL,1_VH_2_CONTROL__hybrid_optuna_002,kir_dominant_local_buffering,M_tot,0.8333333333333334,STRICTLY_LOCAL,0.2046230620212255,0.38339747532580387,0.38598422656268183,0.6140067697857555,provisional_accepted_ensemble_tag_pending_step06_validation
1_VH_2_CONTROL,VH,CONTROL,1_VH_2_CONTROL__hybrid_optuna_003,mixed_local_spatial_buffering,M_tot,1.0,STRICTLY_LOCAL,0.33313548585597336,0.4344480255644328,0.43618377588881163,0.5638051704076724,provisional_accepted_ensemble_tag_pending_step06_validation
1_VH_2_CONTROL,VH,CONTROL,1_VH_2_CONTROL__hybrid_optuna_004,mixed_local_spatial_buffering,M_tot,1.0,BALANCED_OR_WEAK,0.23027109998196973,0.4526839938832301,0.45747488268721775,0.5425104605505706,provisional_accepted_ensemble_tag_pending_step06_validation
1_VH_2_CONTROL,VH,CONTROL,1_VH_2_CONTROL__hybrid_optuna_005,mixed_local_spatial_buffering,M_tot,1.0,STRICTLY_LOCAL,0.393080248650347,0.29052327789246296,0.2926869281042969,0.7072824734942033,provisional_accepted_ensemble_tag_pending_step06_validation
1_VH_2_CONTROL,VH,CONTROL,1_VH_2_CONTROL__hybrid_optuna_006,mixed_local_spatial_buffering,M_tot,1.0,BALANCED_OR_WEAK,0.26620536535892647,0.4586813555062639,0.46232140615979295,0.5376619097885194,provisional_accepted_ensemble_tag_pending_step06_validation
1_VH_2_CONTROL,VH,CONTROL,1_VH_2_CONTROL__hybrid_optuna_007,mixed_local_spatial_buffering,M_tot,1.0,BALANCED_OR_WEAK,0.2536774903816165,0.45911076238794574,0.4630633978840761,0.5369235469439264,provisional_accepted_ensemble_tag_pending_step06_validation
1_VH_2_CONTROL,VH,CONTROL,1_VH_2_CONTROL__hybrid_optuna_008,mixed_local_spatial_buffering,M_tot,1.0,STRICTLY_LOCAL,0.26045765559139983,0.4487481328393755,0.452840233576173,0.547140642901275,provisional_accepted_ensemble_tag_pending_step06_validation
1_VH_2_CONTROL,VH,CONTROL,1_VH_2_CONTROL__hybrid_optuna_010,mixed_local_spatial_buffering,M_tot,1.0,STRICTLY_LOCAL,0.23593636604870097,0.4454363170545464,0.4499388235099819,0.5500411389052883,provisional_accepted_ensemble_tag_pending_step06_validation
1_VH_2_CONTROL,VH,CONTROL,1_VH_2_CONTROL__hybrid_optuna_013,mixed_local_spatial_buffering,M_tot,1.0,STRICTLY_LOCAL,0.3826264377455904,0.2498844455424926,0.25234229512557177,0.7476209161923889,provisional_accepted_ensemble_tag_pending_step06_validation
1_VH_2_CONTROL,VH,CONTROL,1_VH_2_CONTROL__hybrid_post_001,mixed_local_spatial_buffering,M_tot,1.0,STRICTLY_LOCAL,0.3897765507175807,0.261770401241957,0.26313476739954356,0.7368360296937578,provisional_accepted_ensemble_tag_pending_step06_validation
1_VH_2_CONTROL,VH,CONTROL,1_VH_2_CONTROL__hybrid_post_002,kir_dominant_local_buffering,M_tot,0.8333333333333334,STRICTLY_LOCAL,0.2035765982325385,0.3833125063263915,0.3859455745617049,0.6140454044371448,provisional_accepted_ensemble_tag_pending_step06_validation
1_VH_2_CONTROL,VH,CONTROL,1_VH_2_CONTROL__hybrid_post_003,mixed_local_spatial_buffering,M_tot,1.0,STRICTLY_LOCAL,0.33011329667223027,0.42611755131789847,0.4283463819845072,0.5716401345285952,provisional_accepted_ensemble_tag_pending_step06_validation
2_DH_1_CONTROL,DH,CONTROL,2_DH_1_CONTROL__hybrid_optuna_060,mixed_local_spatial_buffering,M_tot,1.0,STRICTLY_LOCAL,0.35712643133959593,0.3739570885846779,0.24613765385198075,0.7487893445551271,provisional_accepted_ensemble_tag_pending_step06_validation
2_DH_1_CONTROL,DH,CONTROL,2_DH_1_CONTROL__hybrid_optuna_096,mixed_local_spatial_buffering,M_tot,1.0,STRICTLY_LOCAL,0.47423520821866666,1.230573253574145e-05,0.024763190567536574,0.47603092114474893,provisional_accepted_ensemble_tag_pending_step06_validation
3_DH_1_CONTROL,DH,CONTROL,3_DH_1_CONTROL__hybrid_optuna_001,mixed_local_spatial_buffering,M_tot,1.0,BALANCED_OR_WEAK,0.1405481956554978,0.49815902855120225,0.5068339988589791,0.46863787938444385,provisional_accepted_ensemble_tag_pending_step06_validation
3_DH_1_CONTROL,DH,CONTROL,3_DH_1_CONTROL__hybrid_optuna_097,mixed_local_spatial_buffering,M_tot,1.0,STRICTLY_LOCAL,0.47423520821866666,1.230573253574145e-05,0.024763190567536574,0.47603092114474893,provisional_accepted_ensemble_tag_pending_step06_validation
3_DH_1_CONTROL,DH,CONTROL,3_DH_1_CONTROL__hybrid_post_001,mixed_local_spatial_buffering,M_tot,1.0,BALANCED_OR_WEAK,0.13743432590447827,0.4982171396860078,0.5068243510235454,0.4689470521955843,provisional_accepted_ensemble_tag_pending_step06_validation
3_DH_2_CONTROL,DH,CONTROL,3_DH_2_CONTROL__hybrid_optuna_067,mixed_local_spatial_buffering,M_tot,1.0,BALANCED_OR_WEAK,0.4178607004639375,0.4909471882389424,0.47943360055708234,0.518783493966634,provisional_accepted_ensemble_tag_pending_step06_validation
3_DH_2_CONTROL,DH,CONTROL,3_DH_2_CONTROL__hybrid_optuna_098,mixed_local_spatial_buffering,M_tot,1.0,STRICTLY_LOCAL,0.47423520821866666,1.230573253574145e-05,0.024763190567536574,0.47603092114474893,provisional_accepted_ensemble_tag_pending_step06_validation
DH_1_CONTROL,DH,CONTROL,DH_1_CONTROL__hybrid_optuna_049,available_surface_voltage_coupled_but_ionic_recruitment_low,M_tot,1.0,BALANCED_OR_WEAK,1.75677580367573e-05,9.961134969491689e-06,0.48483328243544,0.5120435155040592,provisional_accepted_ensemble_tag_pending_step06_validation
DH_1_CONTROL,DH,CONTROL,DH_1_CONTROL__hybrid_optuna_053,mixed_local_spatial_buffering,M_tot,1.0,STRICTLY_LOCAL,0.4448673716891838,0.0,0.0011221928155235497,0.5001582626973475,provisional_accepted_ensemble_tag_pending_step06_validation
DH_1_CONTROL,DH,CONTROL,DH_1_CONTROL__hybrid_optuna_099,mixed_local_spatial_buffering,M_tot,1.0,STRICTLY_LOCAL,0.4742352082378285,1.2305732598021472e-05,0.024763191033585697,0.476030914660559,provisional_accepted_ensemble_tag_pending_step06_validation
DH_1_MFA,DH,MFA,DH_1_MFA__hybrid_optuna_001,kir_dominant_local_buffering,M_tot,1.0,STRICTLY_LOCAL,8.734656654079196e-09,4.4941190331445913e-13,0.07088602191886384,0.7302298615253978,provisional_accepted_ensemble_tag_pending_step06_validation
DH_1_MFA,DH,MFA,DH_1_MFA__hybrid_optuna_002,mixed_local_spatial_buffering,M_tot,1.0,STRICTLY_LOCAL,0.46162822142837184,0.0,0.006208788334817411,0.6043921135743631,provisional_accepted_ensemble_tag_pending_step06_validation
DH_1_MFA,DH,MFA,DH_1_MFA__hybrid_optuna_003,kir_dominant_local_buffering,M_tot,0.8333333333333334,STRICTLY_LOCAL,6.986795678323573e-12,2.2893205367953255e-17,0.05023736976638243,0.64210910029803,provisional_accepted_ensemble_tag_pending_step06_validation
DH_1_MFA,DH,MFA,DH_1_MFA__hybrid_optuna_004,kir_dominant_local_buffering,M_tot,1.0,STRICTLY_LOCAL,2.9007590385847912e-24,2.4152912543342764e-28,0.08109850044736068,0.6887833464473226,provisional_accepted_ensemble_tag_pending_step06_validation
DH_1_MFA,DH,MFA,DH_1_MFA__hybrid_optuna_005,mixed_local_spatial_buffering,M_tot,1.0,STRICTLY_LOCAL,0.46437635872618005,0.0,0.006337654521270127,0.595453206997924,provisional_accepted_ensemble_tag_pending_step06_validation
DH_1_MFA,DH,MFA,DH_1_MFA__hybrid_optuna_006,kir_dominant_local_buffering,M_tot,0.8333333333333334,STRICTLY_LOCAL,1.4236245822856565e-21,1.0467207817614474e-25,0.08800316724626984,0.6651193264342722,provisional_accepted_ensemble_tag_pending_step06_validation
DH_1_MFA,DH,MFA,DH_1_MFA__hybrid_optuna_007,kir_dominant_local_buffering,M_tot,0.6666666666666666,STRICTLY_LOCAL,5.70126308765055e-18,3.089960715398302e-21,0.13555968629281342,0.6223494336652612,provisional_accepted_ensemble_tag_pending_step06_validation
DH_1_MFA,DH,MFA,DH_1_MFA__hybrid_optuna_008,mixed_local_spatial_buffering,M_tot,1.0,STRICTLY_LOCAL,0.4606144019181388,0.0,0.007728547129620684,0.571240065762508,provisional_accepted_ensemble_tag_pending_step06_validation
DH_1_MFA,DH,MFA,DH_1_MFA__hybrid_optuna_009,mixed_local_spatial_buffering,M_tot,1.0,STRICTLY_LOCAL,0.4487715938451036,0.0,0.005623833949175956,0.5928654291645619,provisional_accepted_ensemble_tag_pending_step06_validation
DH_1_MFA,DH,MFA,DH_1_MFA__hybrid_optuna_010,low_recruitment_local_storage,M_tot,0.5,STRICTLY_LOCAL,1.0364072294244531e-47,1.4411834932235751e-52,0.09427605768327413,0.5689229971505277,provisional_accepted_ensemble_tag_pending_step06_validation
DH_1_MFA,DH,MFA,DH_1_MFA__hybrid_optuna_011,kir_dominant_local_buffering,M_tot,0.6666666666666666,STRICTLY_LOCAL,4.669590734191927e-137,1.0460137543507765e-141,0.08076461533051361,0.6057887090584649,provisional_accepted_ensemble_tag_pending_step06_validation
DH_1_MFA,DH,MFA,DH_1_MFA__hybrid_optuna_012,low_recruitment_local_storage,M_tot,1.0,STRICTLY_LOCAL,3.0728336378784845e-43,1.7019974478696795e-48,0.09302274840212331,0.5495538088251891,provisional_accepted_ensemble_tag_pending_step06_validation
DH_1_MFA,DH,MFA,DH_1_MFA__hybrid_optuna_013,kir_dominant_local_buffering,M_tot,0.6666666666666666,STRICTLY_LOCAL,8.666904399519387e-10,9.044861733029475e-16,0.05026566322718102,0.6232984952636166,provisional_accepted_ensemble_tag_pending_step06_validation
DH_1_MFA,DH,MFA,DH_1_MFA__hybrid_optuna_014,low_recruitment_local_storage,M_tot,1.0,STRICTLY_LOCAL,0.008407279270659847,0.0,0.044156112852878654,0.5659118110169099,provisional_accepted_ensemble_tag_pending_step06_validation
DH_1_MFA,DH,MFA,DH_1_MFA__hybrid_optuna_015,low_recruitment_local_storage,M_tot,1.0,STRICTLY_LOCAL,0.003878254081179581,0.0,0.08631155485233723,0.5191419842057027,provisional_accepted_ensemble_tag_pending_step06_validation
DH_1_MFA,DH,MFA,DH_1_MFA__hybrid_optuna_016,low_recruitment_local_storage,M_tot,1.0,STRICTLY_LOCAL,5.582580091280395e-15,8.289932739192394e-23,0.020200031249212453,0.5390463259960859,provisional_accepted_ensemble_tag_pending_step06_validation
DH_1_MFA,DH,MFA,DH_1_MFA__hybrid_optuna_017,low_recruitment_local_storage,M_tot,1.0,STRICTLY_LOCAL,0.002074021223107204,0.0,0.08579533336012973,0.5291599721054757,provisional_accepted_ensemble_tag_pending_step06_validation
DH_1_MFA,DH,MFA,DH_1_MFA__hybrid_optuna_018,kir_dominant_local_buffering,M_tot,1.0,STRICTLY_LOCAL,0.02024871277896735,0.0,0.0113715631140641,0.6264702585731232,provisional_accepted_ensemble_tag_pending_step06_validation
DH_1_MFA,DH,MFA,DH_1_MFA__hybrid_optuna_019,mixed_local_spatial_buffering,M_tot,1.0,STRICTLY_LOCAL,0.34866243025353105,0.0,0.07066022437839202,0.5923113175969628,provisional_accepted_ensemble_tag_pending_step06_validation
DH_1_MFA,DH,MFA,DH_1_MFA__hybrid_optuna_020,low_recruitment_local_storage,M_tot,1.0,STRICTLY_LOCAL,4.721309460370786e-05,0.0,0.12361658692506351,0.516336412991322,provisional_accepted_ensemble_tag_pending_step06_validation
DH_1_MFA,DH,MFA,DH_1_MFA__hybrid_optuna_021,mixed_local_spatial_buffering,M_tot,1.0,STRICTLY_LOCAL,0.33615139021628093,0.0,0.06122490189726864,0.5994322504292948,provisional_accepted_ensemble_tag_pending_step06_validation
DH_1_MFA,DH,MFA,DH_1_MFA__hybrid_optuna_022,mixed_local_spatial_buffering,M_tot,1.0,STRICTLY_LOCAL,0.45345942170591824,0.0,0.0022648108336685347,0.5586930851995943,provisional_accepted_ensemble_tag_pending_step06_validation
DH_1_MFA,DH,MFA,DH_1_MFA__hybrid_optuna_023,mixed_local_spatial_buffering,M_tot,1.0,STRICTLY_LOCAL,0.4554067860565352,0.0,0.04338355963721385,0.5247683968611341,provisional_accepted_ensemble_tag_pending_step06_validation
DH_1_MFA,DH,MFA,DH_1_MFA__hybrid_optuna_024,mixed_local_spatial_buffering,M_tot,1.0,STRICTLY_LOCAL,0.4629492175197125,0.0,0.002490556838450959,0.5730708582920595,provisional_accepted_ensemble_tag_pending_step06_validation
DH_1_MFA,DH,MFA,DH_1_MFA__hybrid_optuna_025,low_recruitment_local_storage,M_tot,1.0,STRICTLY_LOCAL,0.00010052565247154832,0.0,0.020145962347440333,0.510906722855259,provisional_accepted_ensemble_tag_pending_step06_validation
DH_1_MFA,DH,MFA,DH_1_MFA__hybrid_optuna_026,kir_dominant_local_buffering,M_tot,0.6666666666666666,STRICTLY_LOCAL,0.01013265212234382,1.875663611130557e-09,0.07640227950601271,0.6169340743530576,provisional_accepted_ensemble_tag_pending_step06_validation
DH_1_MFA,DH,MFA,DH_1_MFA__hybrid_optuna_027,mixed_local_spatial_buffering,M_tot,1.0,STRICTLY_LOCAL,0.4663380748125558,9.288811485103617e-10,0.02507864197673994,0.8182257064364648,provisional_accepted_ensemble_tag_pending_step06_validation
DH_1_MFA,DH,MFA,DH_1_MFA__hybrid_optuna_028,mixed_local_spatial_buffering,M_tot,1.0,STRICTLY_LOCAL,0.4729245633253705,0.0,0.00016988682905949405,0.5072115745588931,provisional_accepted_ensemble_tag_pending_step06_validation
DH_1_MFA,DH,MFA,DH_1_MFA__hybrid_optuna_029,mixed_local_spatial_buffering,M_tot,1.0,BALANCED_OR_WEAK,0.43094814766698963,0.484156233562097,0.4850176191494538,0.4813027163458561,provisional_accepted_ensemble_tag_pending_step06_validation
DH_1_MFA,DH,MFA,DH_1_MFA__hybrid_optuna_030,kir_dominant_local_buffering,M_tot,1.0,STRICTLY_LOCAL,2.7772446548787454e-12,5.104812313602229e-16,0.08036950835373499,0.6882139205482593,provisional_accepted_ensemble_tag_pending_step06_validation
DH_1_MFA,DH,MFA,DH_1_MFA__hybrid_optuna_031,mixed_local_spatial_buffering,M_tot,1.0,STRICTLY_LOCAL,0.4674213937288063,0.0,0.0003269466131875941,0.5173434023110502,provisional_accepted_ensemble_tag_pending_step06_validation
DH_1_MFA,DH,MFA,DH_1_MFA__hybrid_optuna_032,mixed_local_spatial_buffering,M_tot,1.0,STRICTLY_LOCAL,0.4727054357164479,0.0,0.00015618255239938195,0.5085828333196231,provisional_accepted_ensemble_tag_pending_step06_validation
DH_1_MFA,DH,MFA,DH_1_MFA__hybrid_optuna_033,mixed_local_spatial_buffering,M_tot,1.0,STRICTLY_LOCAL,0.46012651303056656,0.0,0.001083543313554379,0.5093934431890187,provisional_accepted_ensemble_tag_pending_step06_validation
DH_1_MFA,DH,MFA,DH_1_MFA__hybrid_optuna_034,mixed_local_spatial_buffering,M_tot,1.0,STRICTLY_LOCAL,0.33933156321840713,0.0,0.003939088873668147,0.5031963577131652,provisional_accepted_ensemble_tag_pending_step06_validation
DH_1_MFA,DH,MFA,DH_1_MFA__hybrid_optuna_035,kir_dominant_local_buffering,M_tot,0.6666666666666666,STRICTLY_LOCAL,2.4144321650966463e-46,3.2707902622588375e-50,0.08425969312388841,0.6333819851602452,provisional_accepted_ensemble_tag_pending_step06_validation
DH_1_MFA,DH,MFA,DH_1_MFA__hybrid_optuna_036,mixed_local_spatial_buffering,M_tot,1.0,STRICTLY_LOCAL,0.4595940996152512,0.0,0.0006406460241212901,0.5122367264693387,provisional_accepted_ensemble_tag_pending_step06_validation
DH_1_MFA,DH,MFA,DH_1_MFA__hybrid_optuna_037,low_recruitment_local_storage,M_tot,1.0,STRICTLY_LOCAL,6.158586545721237e-210,0.0,0.04066465630092092,0.5139174604653811,provisional_accepted_ensemble_tag_pending_step06_validation
DH_1_MFA,DH,MFA,DH_1_MFA__hybrid_optuna_038,mixed_local_spatial_buffering,M_tot,1.0,STRICTLY_LOCAL,0.3628223528739885,0.0,0.014015807634629408,0.5039551738917499,provisional_accepted_ensemble_tag_pending_step06_validation
DH_1_MFA,DH,MFA,DH_1_MFA__hybrid_optuna_039,mixed_local_spatial_buffering,M_tot,1.0,STRICTLY_LOCAL,0.48152984679602945,0.0212199256630598,0.23343618390678292,0.40782505898910615,provisional_accepted_ensemble_tag_pending_step06_validation
DH_1_MFA,DH,MFA,DH_1_MFA__hybrid_optuna_040,mixed_local_spatial_buffering,M_tot,1.0,STRICTLY_LOCAL,0.47328985486545877,0.0,0.00018148267981724013,0.5093496817013038,provisional_accepted_ensemble_tag_pending_step06_validation
DH_1_MFA,DH,MFA,DH_1_MFA__hybrid_optuna_041,mixed_local_spatial_buffering,M_tot,1.0,STRICTLY_LOCAL,0.24916229980516827,0.0,0.0038434219360663543,0.502445936555023,provisional_accepted_ensemble_tag_pending_step06_validation
DH_1_MFA,DH,MFA,DH_1_MFA__hybrid_optuna_042,mixed_local_spatial_buffering,M_tot,1.0,STRICTLY_LOCAL,0.3017899069378927,0.0,0.028824446561846972,0.4864750198134708,provisional_accepted_ensemble_tag_pending_step06_validation
DH_1_MFA,DH,MFA,DH_1_MFA__hybrid_optuna_043,mixed_local_spatial_buffering,M_tot,1.0,STRICTLY_LOCAL,0.44391744784123827,0.0,0.00039660383999039537,0.504809235722094,provisional_accepted_ensemble_tag_pending_step06_validation
DH_1_MFA,DH,MFA,DH_1_MFA__hybrid_optuna_044,mixed_local_spatial_buffering,M_tot,1.0,BALANCED_OR_WEAK,0.4264922827551965,0.47736319152845375,0.4784731288525769,0.5213681562647913,provisional_accepted_ensemble_tag_pending_step06_validation
DH_1_MFA,DH,MFA,DH_1_MFA__hybrid_optuna_045,mixed_local_spatial_buffering,M_tot,1.0,STRICTLY_LOCAL,0.43900406702945244,0.0,0.0021530171052669216,0.5004861507665835,provisional_accepted_ensemble_tag_pending_step06_validation
DH_1_MFA,DH,MFA,DH_1_MFA__hybrid_optuna_046,low_recruitment_local_storage,M_tot,1.0,STRICTLY_LOCAL,1.1816031381002443e-207,0.0,0.019953404326314438,0.49332030801465643,provisional_accepted_ensemble_tag_pending_step06_validation
DH_1_MFA,DH,MFA,DH_1_MFA__hybrid_optuna_047,mixed_local_spatial_buffering,M_tot,1.0,STRICTLY_LOCAL,0.40729722913518324,0.0,0.0002098701995164856,0.5006738482616835,provisional_accepted_ensemble_tag_pending_step06_validation
DH_1_MFA,DH,MFA,DH_1_MFA__hybrid_optuna_048,recruited_surface_gap_assisted_buffering,M_tot,1.0,BALANCED_OR_WEAK,0.5539464554064911,0.4974025053417237,0.49794523152241604,0.5017870039137765,provisional_accepted_ensemble_tag_pending_step06_validation
DH_1_MFA,DH,MFA,DH_1_MFA__hybrid_optuna_049,mixed_local_spatial_buffering,M_tot,1.0,STRICTLY_LOCAL,0.30794896046830916,0.0,0.07929481259830404,0.4792769402398549,provisional_accepted_ensemble_tag_pending_step06_validation
DH_1_MFA,DH,MFA,DH_1_MFA__hybrid_optuna_050,low_recruitment_local_storage,M_tot,1.0,STRICTLY_LOCAL,9.85966386434957e-305,0.0,0.0042616554248629005,0.5005790614221554,provisional_accepted_ensemble_tag_pending_step06_validation
DH_1_MFA,DH,MFA,DH_1_MFA__hybrid_optuna_051,mixed_local_spatial_buffering,M_tot,1.0,STRICTLY_LOCAL,0.43606043663218547,0.0,0.0025368961705911513,0.568884885068015,provisional_accepted_ensemble_tag_pending_step06_validation
DH_1_MFA,DH,MFA,DH_1_MFA__hybrid_optuna_052,recruited_surface_gap_assisted_buffering,M_tot,1.0,BALANCED_OR_WEAK,0.923856793712786,0.4989770051595952,0.4992554853886153,0.5004604830893438,provisional_accepted_ensemble_tag_pending_step06_validation
DH_1_MFA,DH,MFA,DH_1_MFA__hybrid_optuna_053,mixed_local_spatial_buffering,M_tot,1.0,STRICTLY_LOCAL,0.3593983901159316,0.0,0.04749625500588212,0.5115672512305643,provisional_accepted_ensemble_tag_pending_step06_validation
DH_1_MFA,DH,MFA,DH_1_MFA__hybrid_optuna_054,recruited_surface_gap_assisted_buffering,M_tot,1.0,BALANCED_OR_WEAK,0.910995522796337,0.49925471223166595,0.49985662569175204,0.49958342691773083,provisional_accepted_ensemble_tag_pending_step06_validation
DH_1_MFA,DH,MFA,DH_1_MFA__hybrid_optuna_055,recruited_surface_gap_assisted_buffering,M_tot,1.0,BALANCED_OR_WEAK,0.8606428356629362,0.4992166374887301,0.49978125221914177,0.4998889388636252,provisional_accepted_ensemble_tag_pending_step06_validation
DH_1_MFA,DH,MFA,DH_1_MFA__hybrid_optuna_056,mixed_local_spatial_buffering,M_tot,1.0,BALANCED_OR_WEAK,0.45155409467113494,0.49884627486579075,0.49953635744616426,0.4852324886790136,provisional_accepted_ensemble_tag_pending_step06_validation
DH_1_MFA,DH,MFA,DH_1_MFA__hybrid_optuna_057,kir_dominant_local_buffering,M_tot,1.0,STRICTLY_LOCAL,1.934728850480234e-10,4.096575600692964e-14,0.09335898145740533,0.7543739959998792,provisional_accepted_ensemble_tag_pending_step06_validation
DH_1_MFA,DH,MFA,DH_1_MFA__hybrid_optuna_058,recruited_surface_gap_assisted_buffering,M_tot,1.0,BALANCED_OR_WEAK,0.9317641627263868,0.4993208388466585,0.5000897655817303,0.4992828088198698,provisional_accepted_ensemble_tag_pending_step06_validation
DH_1_MFA,DH,MFA,DH_1_MFA__hybrid_optuna_059,recruited_surface_gap_assisted_buffering,M_tot,1.0,BALANCED_OR_WEAK,0.8948591199096692,0.499360573794257,0.49978131208767557,0.49982531649074485,provisional_accepted_ensemble_tag_pending_step06_validation
DH_1_MFA,DH,MFA,DH_1_MFA__hybrid_optuna_060,available_surface_voltage_coupled_but_ionic_recruitment_low,M_tot,0.8333333333333334,MIXED_LOCAL,0.08303439176110221,0.021119401415675188,0.47931893842081624,0.1608945764779396,provisional_accepted_ensemble_tag_pending_step06_validation
DH_1_MFA,DH,MFA,DH_1_MFA__hybrid_optuna_061,mixed_local_spatial_buffering,M_tot,1.0,BALANCED_OR_WEAK,0.2989049801062991,0.007376528844354077,0.4814828260887329,0.41069164114002255,provisional_accepted_ensemble_tag_pending_step06_validation
DH_1_MFA,DH,MFA,DH_1_MFA__hybrid_optuna_062,mixed_local_spatial_buffering,M_tot,1.0,STRICTLY_LOCAL,0.3610120359545683,2.533401636020583e-08,0.03936931857777493,0.4783530397964273,provisional_accepted_ensemble_tag_pending_step06_validation
DH_1_MFA,DH,MFA,DH_1_MFA__hybrid_optuna_063,low_recruitment_local_storage,M_tot,1.0,STRICTLY_LOCAL,0.004793691155340734,6.070797085156001e-06,0.22532560316673936,0.4147209341994671,provisional_accepted_ensemble_tag_pending_step06_validation
DH_1_MFA,DH,MFA,DH_1_MFA__hybrid_optuna_064,mixed_local_spatial_buffering,M_tot,1.0,STRICTLY_LOCAL,0.4803103643745253,0.11643670267853724,0.041917757327765946,0.8343634344976062,provisional_accepted_ensemble_tag_pending_step06_validation
DH_1_MFA,DH,MFA,DH_1_MFA__hybrid_optuna_065,mixed_local_spatial_buffering,M_tot,1.0,STRICTLY_LOCAL,0.4655618662439107,0.0030603190858135777,0.03883087020510872,0.9582119121416294,provisional_accepted_ensemble_tag_pending_step06_validation
DH_1_MFA,DH,MFA,DH_1_MFA__hybrid_optuna_066,mixed_local_spatial_buffering,M_tot,1.0,BALANCED_OR_WEAK,0.32067199540843655,0.48326492405350563,0.5003525255007021,0.498897587417057,provisional_accepted_ensemble_tag_pending_step06_validation
DH_1_MFA,DH,MFA,DH_1_MFA__hybrid_optuna_067,kir_dominant_local_buffering,M_tot,1.0,STRICTLY_LOCAL,3.580405062242081e-34,4.3497105173833757e-38,0.1076605589119481,0.7849608349331776,provisional_accepted_ensemble_tag_pending_step06_validation
DH_1_MFA,DH,MFA,DH_1_MFA__hybrid_optuna_068,low_recruitment_local_storage,M_tot,0.5,STRICTLY_LOCAL,1.7520149109202456e-16,2.202964334583103e-19,0.21795106215744375,0.5673770467131815,provisional_accepted_ensemble_tag_pending_step06_validation
DH_1_MFA,DH,MFA,DH_1_MFA__hybrid_optuna_069,kir_dominant_local_buffering,M_tot,0.6666666666666666,STRICTLY_LOCAL,5.392939434276507e-28,2.5033613396449014e-31,0.20204182559532688,0.5987297479198592,provisional_accepted_ensemble_tag_pending_step06_validation
DH_1_MFA,DH,MFA,DH_1_MFA__hybrid_optuna_070,mixed_local_spatial_buffering,M_tot,1.0,STRICTLY_LOCAL,0.4356785263515284,0.0,0.008250758312573414,0.6758405845105867,provisional_accepted_ensemble_tag_pending_step06_validation
DH_1_MFA,DH,MFA,DH_1_MFA__hybrid_optuna_071,kir_dominant_local_buffering,M_tot,1.0,STRICTLY_LOCAL,0.08958905531941184,2.054679529848938e-09,0.02592285848811086,0.7799993468679611,provisional_accepted_ensemble_tag_pending_step06_validation
DH_1_MFA,DH,MFA,DH_1_MFA__hybrid_optuna_072,low_recruitment_local_storage,M_tot,1.0,STRICTLY_LOCAL,1.7140971752340423e-19,0.0,0.017430718798665784,0.5200585518108173,provisional_accepted_ensemble_tag_pending_step06_validation
DH_1_MFA,DH,MFA,DH_1_MFA__hybrid_optuna_073,mixed_local_spatial_buffering,M_tot,1.0,BALANCED_OR_WEAK,0.33892547494224884,0.22533808276926334,0.39209061241659326,0.44597297020629173,provisional_accepted_ensemble_tag_pending_step06_validation
DH_1_MFA,DH,MFA,DH_1_MFA__hybrid_optuna_074,kir_dominant_local_buffering,M_tot,1.0,STRICTLY_LOCAL,1.200367548276838e-05,3.2129436598590194e-11,0.15014032392559576,0.6647581052921526,provisional_accepted_ensemble_tag_pending_step06_validation
DH_1_MFA,DH,MFA,DH_1_MFA__hybrid_optuna_075,kir_dominant_local_buffering,M_tot,1.0,STRICTLY_LOCAL,1.7774906022034683e-37,3.700513445987194e-38,0.3288001016985837,0.6632218229881801,provisional_accepted_ensemble_tag_pending_step06_validation
DH_1_MFA,DH,MFA,DH_1_MFA__hybrid_optuna_076,available_surface_voltage_coupled_but_ionic_recruitment_low,M_tot,1.0,BALANCED_OR_WEAK,1.6161387832523223e-06,0.061951293585286726,0.5033508879113031,0.4965951989129474,provisional_accepted_ensemble_tag_pending_step06_validation
DH_1_MFA,DH,MFA,DH_1_MFA__hybrid_optuna_077,mixed_local_spatial_buffering,M_tot,1.0,BALANCED_OR_WEAK,0.3343038563514486,0.4923933463516701,0.4926234792293959,0.4965979197341011,provisional_accepted_ensemble_tag_pending_step06_validation
DH_1_MFA,DH,MFA,DH_1_MFA__hybrid_optuna_078,low_recruitment_local_storage,M_tot,1.0,STRICTLY_LOCAL,3.6008857603780267e-07,3.7032399981047865e-12,0.21410783359982974,0.4297783405698554,provisional_accepted_ensemble_tag_pending_step06_validation
DH_1_MFA,DH,MFA,DH_1_MFA__hybrid_optuna_079,mixed_local_spatial_buffering,M_tot,1.0,STRICTLY_LOCAL,0.47969472728852997,0.24354478850878244,0.30901897564038583,0.6211280808315651,provisional_accepted_ensemble_tag_pending_step06_validation
DH_1_MFA,DH,MFA,DH_1_MFA__hybrid_optuna_080,mixed_local_spatial_buffering,M_tot,1.0,STRICTLY_LOCAL,0.3656542038970576,0.0,0.008643771381082426,0.49237226667377176,provisional_accepted_ensemble_tag_pending_step06_validation
DH_1_MFA,DH,MFA,DH_1_MFA__hybrid_optuna_081,low_recruitment_local_storage,M_tot,1.0,STRICTLY_LOCAL,0.013806138417853253,0.0015259467648799467,0.2913802271118257,0.504617077704239,provisional_accepted_ensemble_tag_pending_step06_validation
DH_1_MFA,DH,MFA,DH_1_MFA__hybrid_optuna_082,kir_dominant_local_buffering,M_tot,0.8333333333333334,STRICTLY_LOCAL,6.36185467916328e-42,3.4086094568025936e-45,0.21134077067536772,0.640980919586091,provisional_accepted_ensemble_tag_pending_step06_validation
DH_1_MFA,DH,MFA,DH_1_MFA__hybrid_optuna_083,kir_dominant_local_buffering,M_tot,0.8333333333333334,STRICTLY_LOCAL,1.590744799461485e-09,8.172920926508731e-14,0.21187874609172822,0.6394639494989302,provisional_accepted_ensemble_tag_pending_step06_validation
DH_1_MFA,DH,MFA,DH_1_MFA__hybrid_optuna_084,kir_dominant_local_buffering,M_tot,1.0,STRICTLY_LOCAL,0.15778882296080324,0.05444036214058906,0.08836164446589152,0.9115263698707755,provisional_accepted_ensemble_tag_pending_step06_validation
DH_1_MFA,DH,MFA,DH_1_MFA__hybrid_optuna_085,mixed_local_spatial_buffering,M_tot,1.0,STRICTLY_LOCAL,0.4594696488361431,0.0,0.008058156125071035,0.5627347606780487,provisional_accepted_ensemble_tag_pending_step06_validation
DH_1_MFA,DH,MFA,DH_1_MFA__hybrid_optuna_086,kir_dominant_local_buffering,M_tot,1.0,STRICTLY_LOCAL,2.3767540461757583e-06,4.082877072700128e-09,0.195643527115733,0.7413201233780993,provisional_accepted_ensemble_tag_pending_step06_validation
DH_1_MFA,DH,MFA,DH_1_MFA__hybrid_optuna_087,kir_dominant_local_buffering,M_tot,0.6666666666666666,STRICTLY_LOCAL,2.1842607460326141e-16,7.605580832092401e-20,0.2568470616280208,0.6083071743514975,provisional_accepted_ensemble_tag_pending_step06_validation
DH_1_MFA,DH,MFA,DH_1_MFA__hybrid_optuna_088,kir_dominant_local_buffering,M_tot,1.0,STRICTLY_LOCAL,1.7392214495110098e-15,5.871499596613791e-20,0.1471110992173861,0.7765229047085204,provisional_accepted_ensemble_tag_pending_step06_validation
DH_1_MFA,DH,MFA,DH_1_MFA__hybrid_optuna_089,kir_dominant_local_buffering,M_tot,1.0,STRICTLY_LOCAL,2.0441423810866652e-42,4.083230024554398e-46,0.19733426673662222,0.750535552259706,provisional_accepted_ensemble_tag_pending_step06_validation
DH_1_MFA,DH,MFA,DH_1_MFA__hybrid_optuna_090,kir_dominant_local_buffering,M_tot,0.6666666666666666,STRICTLY_LOCAL,1.478665321889173e-21,5.1208415508365604e-24,0.39219798370365866,0.6038688870187268,provisional_accepted_ensemble_tag_pending_step06_validation
DH_1_MFA,DH,MFA,DH_1_MFA__hybrid_optuna_091,mixed_local_spatial_buffering,M_tot,1.0,BALANCED_OR_WEAK,0.4425135778782681,0.04731846105438705,0.4086642949809642,0.4196457439970294,provisional_accepted_ensemble_tag_pending_step06_validation
DH_1_MFA,DH,MFA,DH_1_MFA__hybrid_optuna_092,mixed_local_spatial_buffering,M_tot,1.0,MIXED_LOCAL,0.2892991117410281,0.43128850857087775,0.487444490896949,0.3885610787779264,provisional_accepted_ensemble_tag_pending_step06_validation
DH_1_MFA,DH,MFA,DH_1_MFA__hybrid_optuna_093,low_recruitment_local_storage,M_tot,0.5,BALANCED_OR_WEAK,0.04674371352396919,5.744820326911433e-05,0.39681583356749744,0.3949119982806226,provisional_accepted_ensemble_tag_pending_step06_validation
DH_1_MFA,DH,MFA,DH_1_MFA__hybrid_optuna_094,mixed_local_spatial_buffering,M_tot,1.0,BALANCED_OR_WEAK,0.4424772163812391,0.49687961126920427,0.4972282586511804,0.496619670495944,provisional_accepted_ensemble_tag_pending_step06_validation
DH_1_MFA,DH,MFA,DH_1_MFA__hybrid_optuna_095,low_recruitment_local_storage,M_tot,1.0,STRICTLY_LOCAL,4.034620053729459e-32,0.0,0.012903212717420677,0.51667351647356,provisional_accepted_ensemble_tag_pending_step06_validation
DH_1_MFA,DH,MFA,DH_1_MFA__hybrid_optuna_096,low_recruitment_local_storage,M_tot,1.0,BALANCED_OR_WEAK,1.012052088489508e-121,7.10249964941344e-119,0.3646587082282502,0.3962767001515606,provisional_accepted_ensemble_tag_pending_step06_validation
DH_1_MFA,DH,MFA,DH_1_MFA__hybrid_optuna_097,recruited_surface_gap_assisted_buffering,M_tot,1.0,BALANCED_OR_WEAK,0.8624265205164168,0.4994067086832414,0.4997478241815381,0.4999439538412005,provisional_accepted_ensemble_tag_pending_step06_validation
DH_1_MFA,DH,MFA,DH_1_MFA__hybrid_optuna_098,recruited_surface_gap_assisted_buffering,M_tot,1.0,BALANCED_OR_WEAK,0.7933551891664218,0.4996548139948951,0.499981719565634,0.4998554872592436,provisional_accepted_ensemble_tag_pending_step06_validation
DH_1_MFA,DH,MFA,DH_1_MFA__hybrid_optuna_099,mixed_local_spatial_buffering,M_tot,1.0,STRICTLY_LOCAL,0.10515793655468232,0.0,0.0016448203127380691,0.5158108750861455,provisional_accepted_ensemble_tag_pending_step06_validation
DH_1_MFA,DH,MFA,DH_1_MFA__hybrid_optuna_100,mixed_local_spatial_buffering,M_tot,1.0,STRICTLY_LOCAL,0.43058900099331354,5.254937086197351e-10,0.040113563141466496,0.776719294628586,provisional_accepted_ensemble_tag_pending_step06_validation
DH_1_MFA,DH,MFA,DH_1_MFA__hybrid_post_001,kir_dominant_local_buffering,M_tot,1.0,STRICTLY_LOCAL,8.61403535621033e-09,5.1014250927142725e-14,0.07086616406935654,0.7302565954808172,provisional_accepted_ensemble_tag_pending_step06_validation
DH_1_MFA,DH,MFA,DH_1_MFA__hybrid_post_002,mixed_local_spatial_buffering,M_tot,1.0,STRICTLY_LOCAL,0.4616574843563394,0.0,0.006210423434769618,0.6043733642158743,provisional_accepted_ensemble_tag_pending_step06_validation
DH_1_MFA,DH,MFA,DH_1_MFA__hybrid_post_003,kir_dominant_local_buffering,M_tot,0.8333333333333334,STRICTLY_LOCAL,6.986795678323573e-12,2.2893205367953255e-17,0.05023736976638243,0.64210910029803,provisional_accepted_ensemble_tag_pending_step06_validation
DH_1_MFA,DH,MFA,DH_1_MFA__hybrid_pre_01,recruited_surface_gap_assisted_buffering,M_tot,1.0,BALANCED_OR_WEAK,0.8948591199096692,0.499360573794257,0.49978131208767557,0.49982531649074485,provisional_accepted_ensemble_tag_pending_step06_validation
DH_1_MFA,DH,MFA,DH_1_MFA__hybrid_pre_02,recruited_surface_gap_assisted_buffering,M_tot,1.0,BALANCED_OR_WEAK,0.910995522796337,0.49925471223166595,0.49985662569175204,0.49958342691773083,provisional_accepted_ensemble_tag_pending_step06_validation
DH_1_MFA,DH,MFA,DH_1_MFA__hybrid_pre_03,recruited_surface_gap_assisted_buffering,M_tot,1.0,BALANCED_OR_WEAK,0.8624265205164168,0.4994067086832414,0.4997478241815381,0.4999439538412005,provisional_accepted_ensemble_tag_pending_step06_validation
DH_1_MFA,DH,MFA,DH_1_MFA__hybrid_pre_04,recruited_surface_gap_assisted_buffering,M_tot,1.0,BALANCED_OR_WEAK,0.8606428356629362,0.4992166374887301,0.49978125221914177,0.4998889388636252,provisional_accepted_ensemble_tag_pending_step06_validation
DH_1_MFA,DH,MFA,DH_1_MFA__hybrid_pre_05,recruited_surface_gap_assisted_buffering,M_tot,1.0,BALANCED_OR_WEAK,0.923856793712786,0.4989770051595952,0.4992554853886153,0.5004604830893438,provisional_accepted_ensemble_tag_pending_step06_validation
DH_1_MFA,DH,MFA,DH_1_MFA__hybrid_pre_06,recruited_surface_gap_assisted_buffering,M_tot,1.0,BALANCED_OR_WEAK,0.9317641627263868,0.4993208388466585,0.5000897655817303,0.4992828088198698,provisional_accepted_ensemble_tag_pending_step06_validation
DH_1_MFA,DH,MFA,DH_1_MFA__hybrid_pre_07,recruited_surface_gap_assisted_buffering,M_tot,1.0,BALANCED_OR_WEAK,0.7933551891664218,0.4996548139948951,0.499981719565634,0.4998554872592436,provisional_accepted_ensemble_tag_pending_step06_validation
DH_1_MFA,DH,MFA,DH_1_MFA__hybrid_pre_08,recruited_surface_gap_assisted_buffering,M_tot,1.0,BALANCED_OR_WEAK,0.5539464554064911,0.4974025053417237,0.49794523152241604,0.5017870039137765,provisional_accepted_ensemble_tag_pending_step06_validation
DH_1_MFA_BA,DH,MFA_BA,DH_1_MFA_BA__hybrid_optuna_001,kir_dominant_local_buffering,M_tot,1.0,STRICTLY_LOCAL,9.859622183828292e-305,1.879770085143745e-307,0.04420309463442688,0.7616130753595333,provisional_accepted_ensemble_tag_pending_step06_validation
DH_1_MFA_BA,DH,MFA_BA,DH_1_MFA_BA__hybrid_optuna_002,kir_dominant_local_buffering,M_tot,1.0,STRICTLY_LOCAL,9.859653824875055e-305,3.650264598972497e-306,0.09863229437966214,0.7433325889205632,provisional_accepted_ensemble_tag_pending_step06_validation
DH_1_MFA_BA,DH,MFA_BA,DH_1_MFA_BA__hybrid_optuna_003,kir_dominant_local_buffering,M_tot,0.8333333333333334,STRICTLY_LOCAL,7.78409538855657e-77,4.539872634687988e-77,0.1057685949351151,0.6483395772839856,provisional_accepted_ensemble_tag_pending_step06_validation
DH_1_MFA_BA,DH,MFA_BA,DH_1_MFA_BA__hybrid_optuna_004,kir_dominant_local_buffering,M_tot,0.8333333333333334,STRICTLY_LOCAL,9.859673462915016e-305,8.89428554281905e-305,0.11714094640419793,0.6375778678522973,provisional_accepted_ensemble_tag_pending_step06_validation
DH_1_MFA_BA,DH,MFA_BA,DH_1_MFA_BA__hybrid_optuna_005,kir_dominant_local_buffering,M_tot,1.0,STRICTLY_LOCAL,9.85962067109656e-305,1.0739037916808086e-306,0.04704574614285872,0.7929583439338042,provisional_accepted_ensemble_tag_pending_step06_validation
DH_1_MFA_BA,DH,MFA_BA,DH_1_MFA_BA__hybrid_optuna_006,kir_dominant_local_buffering,M_tot,1.0,STRICTLY_LOCAL,9.859649282852038e-305,1.7459728286910174e-306,0.08985968152707535,0.7076445515285843,provisional_accepted_ensemble_tag_pending_step06_validation
DH_1_MFA_BA,DH,MFA_BA,DH_1_MFA_BA__hybrid_optuna_007,low_recruitment_local_storage,M_tot,1.0,STRICTLY_LOCAL,2.3886633194764098e-126,1.0485752360839397e-129,0.08889328484041226,0.543001313041897,provisional_accepted_ensemble_tag_pending_step06_validation
DH_1_MFA_BA,DH,MFA_BA,DH_1_MFA_BA__hybrid_optuna_008,low_recruitment_local_storage,M_tot,0.5,STRICTLY_LOCAL,7.38276115990144e-27,1.0303835225529816e-28,0.09480035415596146,0.5957560788793096,provisional_accepted_ensemble_tag_pending_step06_validation
DH_1_MFA_BA,DH,MFA_BA,DH_1_MFA_BA__hybrid_optuna_009,low_recruitment_local_storage,M_tot,0.5,STRICTLY_LOCAL,5.405585114999671e-69,8.800272341758362e-71,0.08905321701628466,0.5800650528503837,provisional_accepted_ensemble_tag_pending_step06_validation
DH_1_MFA_BA,DH,MFA_BA,DH_1_MFA_BA__hybrid_optuna_010,low_recruitment_local_storage,M_tot,0.5,STRICTLY_LOCAL,4.2521077862491715e-42,7.557429110606946e-45,0.0318525430452003,0.5957446468869342,provisional_accepted_ensemble_tag_pending_step06_validation
DH_1_MFA_BA,DH,MFA_BA,DH_1_MFA_BA__hybrid_optuna_011,low_recruitment_local_storage,M_tot,1.0,STRICTLY_LOCAL,6.830438681160068e-74,3.0716674534982846e-73,0.18862229000709144,0.4670962043267968,provisional_accepted_ensemble_tag_pending_step06_validation
DH_1_MFA_BA,DH,MFA_BA,DH_1_MFA_BA__hybrid_optuna_012,kir_dominant_local_buffering,M_tot,1.0,STRICTLY_LOCAL,9.859657161287523e-305,4.696157344123783e-307,0.045547494959469685,0.7624585141801249,provisional_accepted_ensemble_tag_pending_step06_validation
DH_1_MFA_BA,DH,MFA_BA,DH_1_MFA_BA__hybrid_optuna_013,low_recruitment_local_storage,M_tot,1.0,STRICTLY_LOCAL,2.5184787089732575e-71,4.571141315021806e-70,0.2749975886476646,0.48170339889520175,provisional_accepted_ensemble_tag_pending_step06_validation
DH_1_MFA_BA,DH,MFA_BA,DH_1_MFA_BA__hybrid_optuna_014,low_recruitment_local_storage,M_tot,1.0,STRICTLY_LOCAL,9.656082482522774e-72,1.1594888448989095e-70,0.26028359557358594,0.4826893277537547,provisional_accepted_ensemble_tag_pending_step06_validation
DH_1_MFA_BA,DH,MFA_BA,DH_1_MFA_BA__hybrid_optuna_015,low_recruitment_local_storage,M_tot,1.0,STRICTLY_LOCAL,3.208162097237059e-92,0.0,0.0580230351367049,0.5131952444389524,provisional_accepted_ensemble_tag_pending_step06_validation
DH_1_MFA_BA,DH,MFA_BA,DH_1_MFA_BA__hybrid_optuna_016,low_recruitment_local_storage,M_tot,1.0,STRICTLY_LOCAL,5.986759986197677e-43,8.317906547896698e-43,0.22046266600388428,0.4382500689347129,provisional_accepted_ensemble_tag_pending_step06_validation
DH_1_MFA_BA,DH,MFA_BA,DH_1_MFA_BA__hybrid_optuna_017,low_recruitment_local_storage,M_tot,0.5,STRICTLY_LOCAL,2.4646776886618735e-78,1.3452553815009399e-79,0.10169260850420324,0.5916553815704583,provisional_accepted_ensemble_tag_pending_step06_validation
DH_1_MFA_BA,DH,MFA_BA,DH_1_MFA_BA__hybrid_optuna_018,low_recruitment_local_storage,M_tot,1.0,STRICTLY_LOCAL,1.149226686861031e-79,0.0,0.055716848451389134,0.5173186042953497,provisional_accepted_ensemble_tag_pending_step06_validation
DH_1_MFA_BA,DH,MFA_BA,DH_1_MFA_BA__hybrid_optuna_019,low_recruitment_local_storage,M_tot,1.0,STRICTLY_LOCAL,8.586471793771098e-81,3.904651284980976e-80,0.2150310918852236,0.42772762381572466,provisional_accepted_ensemble_tag_pending_step06_validation
DH_1_MFA_BA,DH,MFA_BA,DH_1_MFA_BA__hybrid_optuna_020,low_recruitment_local_storage,M_tot,1.0,STRICTLY_LOCAL,2.1116354233218702e-43,0.0,0.0705386190260494,0.4893678539735185,provisional_accepted_ensemble_tag_pending_step06_validation
DH_1_MFA_BA,DH,MFA_BA,DH_1_MFA_BA__hybrid_optuna_021,kir_dominant_local_buffering,M_tot,1.0,STRICTLY_LOCAL,1.0538453226212823e-76,1.7599656768453106e-75,0.15486812156648747,0.8361018812505225,provisional_accepted_ensemble_tag_pending_step06_validation
DH_1_MFA_BA,DH,MFA_BA,DH_1_MFA_BA__hybrid_optuna_022,mixed_local_spatial_buffering,M_tot,1.0,STRICTLY_LOCAL,0.4379814005674832,0.28102835275075266,0.14665534981280193,0.47470022581273136,provisional_accepted_ensemble_tag_pending_step06_validation
DH_1_MFA_BA,DH,MFA_BA,DH_1_MFA_BA__hybrid_optuna_023,low_recruitment_local_storage,M_tot,1.0,STRICTLY_LOCAL,3.5204998557644848e-161,1.5137694296362313e-164,0.13095670056303968,0.4730354204994178,provisional_accepted_ensemble_tag_pending_step06_validation
DH_1_MFA_BA,DH,MFA_BA,DH_1_MFA_BA__hybrid_optuna_024,kir_dominant_local_buffering,M_tot,0.8333333333333334,STRICTLY_LOCAL,9.859670398816942e-305,1.208288589372247e-305,0.06907260167434622,0.6402047786752482,provisional_accepted_ensemble_tag_pending_step06_validation
DH_1_MFA_BA,DH,MFA_BA,DH_1_MFA_BA__hybrid_optuna_025,mixed_local_spatial_buffering,M_tot,1.0,STRICTLY_LOCAL,0.20927740793895946,0.24808444041649527,0.1130092070849188,0.4953016901735266,provisional_accepted_ensemble_tag_pending_step06_validation
DH_1_MFA_BA,DH,MFA_BA,DH_1_MFA_BA__hybrid_optuna_026,low_recruitment_local_storage,M_tot,1.0,STRICTLY_LOCAL,3.599061126286793e-74,0.0,0.008273561804249076,0.5264037666212786,provisional_accepted_ensemble_tag_pending_step06_validation
DH_1_MFA_BA,DH,MFA_BA,DH_1_MFA_BA__hybrid_optuna_027,low_recruitment_local_storage,M_tot,1.0,STRICTLY_LOCAL,1.0178909963632547e-18,0.0,0.009296732030237941,0.5148080385101301,provisional_accepted_ensemble_tag_pending_step06_validation
DH_1_MFA_BA,DH,MFA_BA,DH_1_MFA_BA__hybrid_optuna_028,low_recruitment_local_storage,M_tot,1.0,STRICTLY_LOCAL,3.7301809924375037e-57,3.903557437739478e-59,0.05133225921873245,0.5579014460262867,provisional_accepted_ensemble_tag_pending_step06_validation
DH_1_MFA_BA,DH,MFA_BA,DH_1_MFA_BA__hybrid_optuna_029,mixed_local_spatial_buffering,M_tot,1.0,STRICTLY_LOCAL,0.43677531813211395,0.2044990311680145,0.07796663326903734,0.4887957356589518,provisional_accepted_ensemble_tag_pending_step06_validation
DH_1_MFA_BA,DH,MFA_BA,DH_1_MFA_BA__hybrid_optuna_030,mixed_local_spatial_buffering,M_tot,1.0,STRICTLY_LOCAL,0.47624765617517206,0.07405075522635003,0.019003255124490817,0.5392038891768965,provisional_accepted_ensemble_tag_pending_step06_validation
DH_1_MFA_BA,DH,MFA_BA,DH_1_MFA_BA__hybrid_optuna_031,mixed_local_spatial_buffering,M_tot,1.0,STRICTLY_LOCAL,0.4385592392778825,0.26611718720998595,0.1070345797797559,0.4838048520596679,provisional_accepted_ensemble_tag_pending_step06_validation
DH_1_MFA_BA,DH,MFA_BA,DH_1_MFA_BA__hybrid_optuna_032,mixed_local_spatial_buffering,M_tot,1.0,STRICTLY_LOCAL,0.4387034527843327,0.0,0.052190423822941985,0.45987910712392405,provisional_accepted_ensemble_tag_pending_step06_validation
DH_1_MFA_BA,DH,MFA_BA,DH_1_MFA_BA__hybrid_optuna_033,mixed_local_spatial_buffering,M_tot,1.0,STRICTLY_LOCAL,0.45880093044924397,0.2978856469716549,0.10297566197818993,0.4534373097757878,provisional_accepted_ensemble_tag_pending_step06_validation
DH_1_MFA_BA,DH,MFA_BA,DH_1_MFA_BA__hybrid_optuna_034,mixed_local_spatial_buffering,M_tot,1.0,STRICTLY_LOCAL,0.47594178152743777,0.0,0.025041787975812007,0.5994110406091036,provisional_accepted_ensemble_tag_pending_step06_validation
DH_1_MFA_BA,DH,MFA_BA,DH_1_MFA_BA__hybrid_optuna_035,kir_dominant_local_buffering,M_tot,1.0,STRICTLY_LOCAL,1.6414674503275439e-40,1.6262614952098644e-42,0.03664339139756591,0.6683160904755979,provisional_accepted_ensemble_tag_pending_step06_validation
DH_1_MFA_BA,DH,MFA_BA,DH_1_MFA_BA__hybrid_optuna_036,low_recruitment_local_storage,M_tot,1.0,STRICTLY_LOCAL,1.2576185785494215e-50,2.627102360223243e-52,0.1591524584431,0.5356714716829328,provisional_accepted_ensemble_tag_pending_step06_validation
DH_1_MFA_BA,DH,MFA_BA,DH_1_MFA_BA__hybrid_optuna_037,mixed_local_spatial_buffering,M_tot,1.0,STRICTLY_LOCAL,0.42002997533515174,0.22686736909623986,0.11228284905890591,0.5111570390590969,provisional_accepted_ensemble_tag_pending_step06_validation
DH_1_MFA_BA,DH,MFA_BA,DH_1_MFA_BA__hybrid_optuna_038,low_recruitment_local_storage,M_tot,1.0,STRICTLY_LOCAL,8.155849876162127e-121,0.0,0.016415620635305397,0.5014231493645905,provisional_accepted_ensemble_tag_pending_step06_validation
DH_1_MFA_BA,DH,MFA_BA,DH_1_MFA_BA__hybrid_optuna_039,low_recruitment_local_storage,M_tot,1.0,STRICTLY_LOCAL,5.023503773163211e-87,0.0,0.047116828243578525,0.4731396112297938,provisional_accepted_ensemble_tag_pending_step06_validation
DH_1_MFA_BA,DH,MFA_BA,DH_1_MFA_BA__hybrid_optuna_040,mixed_local_spatial_buffering,M_tot,1.0,STRICTLY_LOCAL,0.38268215875108447,0.18751733156027164,0.009334674822480378,0.49620475059867625,provisional_accepted_ensemble_tag_pending_step06_validation
DH_1_MFA_BA,DH,MFA_BA,DH_1_MFA_BA__hybrid_optuna_041,mixed_local_spatial_buffering,M_tot,1.0,STRICTLY_LOCAL,0.47707806946430537,0.39945820477364413,0.25304597289824643,0.7087637411261313,provisional_accepted_ensemble_tag_pending_step06_validation
DH_1_MFA_BA,DH,MFA_BA,DH_1_MFA_BA__hybrid_optuna_042,mixed_local_spatial_buffering,M_tot,1.0,BALANCED_OR_WEAK,0.36052979915658145,0.494969529905233,0.4953938503087198,0.5003539278413371,provisional_accepted_ensemble_tag_pending_step06_validation
DH_1_MFA_BA,DH,MFA_BA,DH_1_MFA_BA__hybrid_optuna_043,mixed_local_spatial_buffering,M_tot,1.0,STRICTLY_LOCAL,0.16977058224397532,0.0,0.002107792952949314,0.49822929643576064,provisional_accepted_ensemble_tag_pending_step06_validation
DH_1_MFA_BA,DH,MFA_BA,DH_1_MFA_BA__hybrid_optuna_044,low_recruitment_local_storage,M_tot,0.5,STRICTLY_LOCAL,7.844458800300686e-296,4.111873184383559e-298,0.1447755457454625,0.5761069601092021,provisional_accepted_ensemble_tag_pending_step06_validation
DH_1_MFA_BA,DH,MFA_BA,DH_1_MFA_BA__hybrid_optuna_045,low_recruitment_local_storage,M_tot,1.0,STRICTLY_LOCAL,3.866177308569571e-24,1.6941319833584333e-23,0.17888105207649105,0.4623481384269399,provisional_accepted_ensemble_tag_pending_step06_validation
DH_1_MFA_BA,DH,MFA_BA,DH_1_MFA_BA__hybrid_optuna_046,mixed_local_spatial_buffering,M_tot,1.0,STRICTLY_LOCAL,0.4468835731417435,0.0,0.033612567640353405,0.4843561108243329,provisional_accepted_ensemble_tag_pending_step06_validation
DH_1_MFA_BA,DH,MFA_BA,DH_1_MFA_BA__hybrid_optuna_047,mixed_local_spatial_buffering,M_tot,1.0,STRICTLY_LOCAL,0.48495444518742414,0.1297314366761523,0.0054529131560567025,0.49506683750361674,provisional_accepted_ensemble_tag_pending_step06_validation
DH_1_MFA_BA,DH,MFA_BA,DH_1_MFA_BA__hybrid_optuna_048,mixed_local_spatial_buffering,M_tot,1.0,STRICTLY_LOCAL,0.4506999276761688,0.4535436625883534,0.26443551405216587,0.7332500623728889,provisional_accepted_ensemble_tag_pending_step06_validation
DH_1_MFA_BA,DH,MFA_BA,DH_1_MFA_BA__hybrid_optuna_049,kir_dominant_local_buffering,M_tot,1.0,STRICTLY_LOCAL,0.051484398270867614,0.00654809866358113,0.08289332860644431,0.7697250539406436,provisional_accepted_ensemble_tag_pending_step06_validation
DH_1_MFA_BA,DH,MFA_BA,DH_1_MFA_BA__hybrid_optuna_050,low_recruitment_local_storage,M_tot,1.0,STRICTLY_LOCAL,2.0287616646887588e-10,0.0,0.0065492318795699585,0.4938407349680621,provisional_accepted_ensemble_tag_pending_step06_validation
DH_1_MFA_BA,DH,MFA_BA,DH_1_MFA_BA__hybrid_optuna_051,low_recruitment_local_storage,M_tot,1.0,BALANCED_OR_WEAK,8.9694880552758e-46,9.977393752022178e-44,0.3483037227441404,0.3690291857470947,provisional_accepted_ensemble_tag_pending_step06_validation
DH_1_MFA_BA,DH,MFA_BA,DH_1_MFA_BA__hybrid_optuna_052,low_recruitment_local_storage,M_tot,1.0,STRICTLY_LOCAL,2.6852624543807957e-160,1.0710301977048895e-157,0.29481757796759733,0.37491920500318715,provisional_accepted_ensemble_tag_pending_step06_validation
DH_1_MFA_BA,DH,MFA_BA,DH_1_MFA_BA__hybrid_optuna_053,mixed_local_spatial_buffering,M_tot,1.0,STRICTLY_LOCAL,0.4534751736066603,0.4027861255170763,0.14501288073040422,0.8399881930543801,provisional_accepted_ensemble_tag_pending_step06_validation
DH_1_MFA_BA,DH,MFA_BA,DH_1_MFA_BA__hybrid_optuna_054,available_surface_voltage_coupled_but_ionic_recruitment_low,M_tot,1.0,BALANCED_OR_WEAK,2.694611480206829e-96,1.4913517660073316e-92,0.4946561077356635,0.5053274888280058,provisional_accepted_ensemble_tag_pending_step06_validation
DH_1_MFA_BA,DH,MFA_BA,DH_1_MFA_BA__hybrid_optuna_055,low_recruitment_local_storage,M_tot,1.0,STRICTLY_LOCAL,1.5807529313723904e-73,5.062530656658807e-72,0.2763756906186228,0.5100853956822761,provisional_accepted_ensemble_tag_pending_step06_validation
DH_1_MFA_BA,DH,MFA_BA,DH_1_MFA_BA__hybrid_optuna_056,available_surface_voltage_coupled_but_ionic_recruitment_low,M_tot,1.0,BALANCED_OR_WEAK,1.931681648258615e-44,1.7222848624468843e-40,0.4968498343579575,0.5031335692042016,provisional_accepted_ensemble_tag_pending_step06_validation
DH_1_MFA_BA,DH,MFA_BA,DH_1_MFA_BA__hybrid_optuna_057,low_recruitment_local_storage,M_tot,1.0,STRICTLY_LOCAL,9.859676540643858e-305,0.0,0.005649915277713811,0.4991875001904398,provisional_accepted_ensemble_tag_pending_step06_validation
DH_1_MFA_BA,DH,MFA_BA,DH_1_MFA_BA__hybrid_optuna_058,kir_dominant_local_buffering,M_tot,1.0,STRICTLY_LOCAL,9.859392226719072e-305,4.88080923353571e-307,0.04729634587843301,0.8917609448179008,provisional_accepted_ensemble_tag_pending_step06_validation
DH_1_MFA_BA,DH,MFA_BA,DH_1_MFA_BA__hybrid_optuna_059,available_surface_voltage_coupled_but_ionic_recruitment_low,M_tot,1.0,BALANCED_OR_WEAK,2.801341356192089e-23,1.6020197495416678e-24,0.4998576076131674,0.4277066563244046,provisional_accepted_ensemble_tag_pending_step06_validation
DH_1_MFA_BA,DH,MFA_BA,DH_1_MFA_BA__hybrid_optuna_060,kir_dominant_local_buffering,M_tot,1.0,STRICTLY_LOCAL,9.859587922774251e-305,1.5748010181061937e-306,0.08778333754472527,0.7839861019689541,provisional_accepted_ensemble_tag_pending_step06_validation
DH_1_MFA_BA,DH,MFA_BA,DH_1_MFA_BA__hybrid_optuna_061,kir_dominant_local_buffering,M_tot,1.0,STRICTLY_LOCAL,9.859676543620982e-305,8.26570720034548e-301,0.35793585092028285,0.6420533451748297,provisional_accepted_ensemble_tag_pending_step06_validation
DH_1_MFA_BA,DH,MFA_BA,DH_1_MFA_BA__hybrid_optuna_062,mixed_local_spatial_buffering,M_tot,1.0,STRICTLY_LOCAL,0.48423291814631225,0.1678693760456497,0.12655955314221645,0.47039516148998145,provisional_accepted_ensemble_tag_pending_step06_validation
DH_1_MFA_BA,DH,MFA_BA,DH_1_MFA_BA__hybrid_optuna_063,low_recruitment_local_storage,M_tot,1.0,STRICTLY_LOCAL,6.615038289857017e-293,3.212591040842791e-292,0.2660055922608502,0.4783348093407427,provisional_accepted_ensemble_tag_pending_step06_validation
DH_1_MFA_BA,DH,MFA_BA,DH_1_MFA_BA__hybrid_optuna_064,kir_dominant_local_buffering,M_tot,1.0,STRICTLY_LOCAL,8.643335066484826e-05,0.003164680143287463,0.10292794289184877,0.8524686248764848,provisional_accepted_ensemble_tag_pending_step06_validation
DH_1_MFA_BA,DH,MFA_BA,DH_1_MFA_BA__hybrid_optuna_065,kir_dominant_local_buffering,M_tot,1.0,STRICTLY_LOCAL,9.859676014224121e-305,2.824153553373204e-303,0.1935545307813024,0.8041831732487802,provisional_accepted_ensemble_tag_pending_step06_validation
DH_1_MFA_BA,DH,MFA_BA,DH_1_MFA_BA__hybrid_optuna_066,low_recruitment_local_storage,M_tot,1.0,STRICTLY_LOCAL,4.907240272442919e-09,0.0,0.16127890224353647,0.3729023686506765,provisional_accepted_ensemble_tag_pending_step06_validation
DH_1_MFA_BA,DH,MFA_BA,DH_1_MFA_BA__hybrid_optuna_067,available_surface_voltage_coupled_but_ionic_recruitment_low,M_tot,1.0,BALANCED_OR_WEAK,1.7523290227335653e-65,7.913201034803528e-62,0.5007908605558935,0.4923398585966005,provisional_accepted_ensemble_tag_pending_step06_validation
DH_1_MFA_BA,DH,MFA_BA,DH_1_MFA_BA__hybrid_optuna_068,low_recruitment_local_storage,M_tot,0.5,STRICTLY_LOCAL,1.5556588253711203e-30,0.0,0.09455505098949551,0.5886790643024349,provisional_accepted_ensemble_tag_pending_step06_validation
DH_1_MFA_BA,DH,MFA_BA,DH_1_MFA_BA__hybrid_optuna_069,kir_dominant_local_buffering,M_tot,1.0,STRICTLY_LOCAL,1.7774906022034683e-37,3.700513445987194e-38,0.3288001016985837,0.6632218229881801,provisional_accepted_ensemble_tag_pending_step06_validation
DH_1_MFA_BA,DH,MFA_BA,DH_1_MFA_BA__hybrid_optuna_070,available_surface_voltage_coupled_but_ionic_recruitment_low,M_tot,1.0,BALANCED_OR_WEAK,1.6161387832523223e-06,0.061951293585286726,0.5033508879113031,0.4965951989129474,provisional_accepted_ensemble_tag_pending_step06_validation
DH_1_MFA_BA,DH,MFA_BA,DH_1_MFA_BA__hybrid_optuna_071,available_surface_voltage_coupled_but_ionic_recruitment_low,M_tot,1.0,BALANCED_OR_WEAK,2.2453579474340035e-19,3.940329091827476e-15,0.5083892897847738,0.49005897415350425,provisional_accepted_ensemble_tag_pending_step06_validation
DH_1_MFA_BA,DH,MFA_BA,DH_1_MFA_BA__hybrid_optuna_072,mixed_local_spatial_buffering,M_tot,1.0,BALANCED_OR_WEAK,0.3567017811295306,0.49044782689417005,0.4810282957003651,0.4640204067717424,provisional_accepted_ensemble_tag_pending_step06_validation
DH_1_MFA_BA,DH,MFA_BA,DH_1_MFA_BA__hybrid_optuna_073,low_recruitment_local_storage,M_tot,1.0,STRICTLY_LOCAL,1.2558915894203056e-56,3.237270461286879e-57,0.21624775628723172,0.5042773973756117,provisional_accepted_ensemble_tag_pending_step06_validation
DH_1_MFA_BA,DH,MFA_BA,DH_1_MFA_BA__hybrid_optuna_074,kir_dominant_local_buffering,M_tot,1.0,STRICTLY_LOCAL,2.543420174331795e-147,1.2048030711512905e-146,0.162324779437753,0.728001810039196,provisional_accepted_ensemble_tag_pending_step06_validation
DH_1_MFA_BA,DH,MFA_BA,DH_1_MFA_BA__hybrid_optuna_075,low_recruitment_local_storage,M_tot,1.0,STRICTLY_LOCAL,1.6695448479287923e-23,0.0,0.014375115222166392,0.49002253251665745,provisional_accepted_ensemble_tag_pending_step06_validation
DH_1_MFA_BA,DH,MFA_BA,DH_1_MFA_BA__hybrid_optuna_076,kir_dominant_local_buffering,M_tot,1.0,STRICTLY_LOCAL,9.85967420719614e-305,3.5118623642011084e-304,0.16311186897345784,0.7001911089390013,provisional_accepted_ensemble_tag_pending_step06_validation
DH_1_MFA_BA,DH,MFA_BA,DH_1_MFA_BA__hybrid_optuna_077,available_surface_voltage_coupled_but_ionic_recruitment_low,M_tot,1.0,BALANCED_OR_WEAK,6.96921786830296e-132,3.735002151461666e-130,0.429897611584654,0.4025563566872245,provisional_accepted_ensemble_tag_pending_step06_validation
DH_1_MFA_BA,DH,MFA_BA,DH_1_MFA_BA__hybrid_optuna_078,kir_dominant_local_buffering,M_tot,1.0,STRICTLY_LOCAL,0.045863192809939175,0.11929686294690693,0.041831207597552045,0.9481437764736111,provisional_accepted_ensemble_tag_pending_step06_validation
DH_1_MFA_BA,DH,MFA_BA,DH_1_MFA_BA__hybrid_optuna_079,kir_dominant_local_buffering,M_tot,1.0,STRICTLY_LOCAL,9.857159506116599e-305,1.861272343229925e-307,0.1534036867321654,0.8384659462563655,provisional_accepted_ensemble_tag_pending_step06_validation
DH_1_MFA_BA,DH,MFA_BA,DH_1_MFA_BA__hybrid_optuna_080,available_surface_voltage_coupled_but_ionic_recruitment_low,M_tot,1.0,STRICTLY_LOCAL,4.504777150343086e-208,1.722703077437566e-206,0.4238533229608232,0.5380835551992936,provisional_accepted_ensemble_tag_pending_step06_validation
DH_1_MFA_BA,DH,MFA_BA,DH_1_MFA_BA__hybrid_optuna_081,available_surface_voltage_coupled_but_ionic_recruitment_low,M_tot,1.0,BALANCED_OR_WEAK,9.22566246159514e-216,2.8240557127581162e-213,0.47073760424167377,0.4485389989921846,provisional_accepted_ensemble_tag_pending_step06_validation
DH_1_MFA_BA,DH,MFA_BA,DH_1_MFA_BA__hybrid_optuna_082,available_surface_voltage_coupled_but_ionic_recruitment_low,M_tot,1.0,BALANCED_OR_WEAK,6.852520849066359e-18,1.2108970804519265e-15,0.48979628934251696,0.489737099167501,provisional_accepted_ensemble_tag_pending_step06_validation
DH_1_MFA_BA,DH,MFA_BA,DH_1_MFA_BA__hybrid_optuna_083,mixed_local_spatial_buffering,M_tot,1.0,BALANCED_OR_WEAK,0.47651703091403014,0.14109500373002629,0.425490389174128,0.3814772376368804,provisional_accepted_ensemble_tag_pending_step06_validation
DH_1_MFA_BA,DH,MFA_BA,DH_1_MFA_BA__hybrid_optuna_084,mixed_local_spatial_buffering,M_tot,1.0,BALANCED_OR_WEAK,0.322595205208706,0.45881539502153634,0.4506458716757964,0.502461141921008,provisional_accepted_ensemble_tag_pending_step06_validation
DH_1_MFA_BA,DH,MFA_BA,DH_1_MFA_BA__hybrid_optuna_085,available_surface_voltage_coupled_but_ionic_recruitment_low,M_tot,1.0,MIXED_LOCAL,0.033452889234117024,0.42521662347054434,0.47540998497142906,0.3541750473790641,provisional_accepted_ensemble_tag_pending_step06_validation
DH_1_MFA_BA,DH,MFA_BA,DH_1_MFA_BA__hybrid_optuna_086,available_surface_voltage_coupled_but_ionic_recruitment_low,M_tot,1.0,BALANCED_OR_WEAK,9.859676543759716e-305,4.567456677605744e-300,0.4993404628037173,0.5005001953041653,provisional_accepted_ensemble_tag_pending_step06_validation
DH_1_MFA_BA,DH,MFA_BA,DH_1_MFA_BA__hybrid_optuna_087,recruited_surface_gap_assisted_buffering,M_tot,1.0,BALANCED_OR_WEAK,0.7529119058488059,0.49884845977094966,0.49926919589087193,0.5005594262729302,provisional_accepted_ensemble_tag_pending_step06_validation
DH_1_MFA_BA,DH,MFA_BA,DH_1_MFA_BA__hybrid_optuna_088,recruited_surface_gap_assisted_buffering,M_tot,1.0,BALANCED_OR_WEAK,0.9754067021171515,0.49934624974681935,0.5004129422113776,0.4987320902631796,provisional_accepted_ensemble_tag_pending_step06_validation
DH_1_MFA_BA,DH,MFA_BA,DH_1_MFA_BA__hybrid_optuna_089,recruited_surface_gap_assisted_buffering,M_tot,1.0,BALANCED_OR_WEAK,0.9658880153746656,0.4987687064823316,0.4997970640883644,0.4996724130886654,provisional_accepted_ensemble_tag_pending_step06_validation
DH_1_MFA_BA,DH,MFA_BA,DH_1_MFA_BA__hybrid_optuna_090,recruited_surface_gap_assisted_buffering,M_tot,1.0,BALANCED_OR_WEAK,0.9381470735719725,0.49914238561052965,0.5002153255821827,0.49924576712578705,provisional_accepted_ensemble_tag_pending_step06_validation
DH_1_MFA_BA,DH,MFA_BA,DH_1_MFA_BA__hybrid_optuna_091,recruited_surface_gap_assisted_buffering,M_tot,1.0,BALANCED_OR_WEAK,0.9583873105271531,0.49898766583916987,0.5003048214722082,0.49867037256134267,provisional_accepted_ensemble_tag_pending_step06_validation
DH_1_MFA_BA,DH,MFA_BA,DH_1_MFA_BA__hybrid_optuna_092,recruited_surface_gap_assisted_buffering,M_tot,1.0,BALANCED_OR_WEAK,0.936520225776388,0.4989689603143878,0.5006893102672784,0.49842462082832434,provisional_accepted_ensemble_tag_pending_step06_validation
DH_1_MFA_BA,DH,MFA_BA,DH_1_MFA_BA__hybrid_optuna_093,recruited_surface_gap_assisted_buffering,M_tot,1.0,BALANCED_OR_WEAK,0.9043195815143372,0.4989398595307985,0.5009929700024057,0.49823162639564716,provisional_accepted_ensemble_tag_pending_step06_validation
DH_1_MFA_BA,DH,MFA_BA,DH_1_MFA_BA__hybrid_optuna_094,recruited_surface_gap_assisted_buffering,M_tot,1.0,BALANCED_OR_WEAK,0.8782379378143435,0.49949297865659,0.5020402316128584,0.4976611297850196,provisional_accepted_ensemble_tag_pending_step06_validation
DH_1_MFA_BA,DH,MFA_BA,DH_1_MFA_BA__hybrid_optuna_095,mixed_local_spatial_buffering,M_tot,1.0,BALANCED_OR_WEAK,0.3907646369132338,0.49977439674294305,0.5173336699177943,0.4726817020645773,provisional_accepted_ensemble_tag_pending_step06_validation
DH_1_MFA_BA,DH,MFA_BA,DH_1_MFA_BA__hybrid_optuna_096,low_recruitment_local_storage,M_tot,1.0,MIXED_LOCAL,9.859675822881862e-305,0.0,0.35735239694833437,0.02687109818374581,provisional_accepted_ensemble_tag_pending_step06_validation
DH_1_MFA_BA,DH,MFA_BA,DH_1_MFA_BA__hybrid_optuna_097,kir_dominant_local_buffering,M_tot,1.0,STRICTLY_LOCAL,2.1237797403436796e-110,8.219209699995015e-110,0.1492355321211109,0.8505085397748182,provisional_accepted_ensemble_tag_pending_step06_validation
DH_1_MFA_BA,DH,MFA_BA,DH_1_MFA_BA__hybrid_optuna_098,available_surface_voltage_coupled_but_ionic_recruitment_low,M_tot,1.0,BALANCED_OR_WEAK,2.8911021935732713e-72,2.300706607312048e-68,0.43980211499725735,0.3766832134929344,provisional_accepted_ensemble_tag_pending_step06_validation
DH_1_MFA_BA,DH,MFA_BA,DH_1_MFA_BA__hybrid_optuna_099,mixed_local_spatial_buffering,M_tot,0.8333333333333334,BALANCED_OR_WEAK,0.13691586020771254,0.4989092257484434,0.5012991073463162,0.496690287111268,provisional_accepted_ensemble_tag_pending_step06_validation
DH_1_MFA_BA,DH,MFA_BA,DH_1_MFA_BA__hybrid_post_001,kir_dominant_local_buffering,M_tot,1.0,STRICTLY_LOCAL,9.859622110374843e-305,1.896743718877347e-307,0.04423852934671387,0.7617355597291766,provisional_accepted_ensemble_tag_pending_step06_validation
DH_1_MFA_BA,DH,MFA_BA,DH_1_MFA_BA__hybrid_post_002,kir_dominant_local_buffering,M_tot,1.0,STRICTLY_LOCAL,9.85965393978182e-305,3.6435895329789257e-306,0.09863049944169204,0.743167685915937,provisional_accepted_ensemble_tag_pending_step06_validation
DH_1_MFA_BA,DH,MFA_BA,DH_1_MFA_BA__hybrid_post_003,kir_dominant_local_buffering,M_tot,0.8333333333333334,STRICTLY_LOCAL,7.78409536438399e-77,4.539901740425619e-77,0.10576890188508314,0.648339334064464,provisional_accepted_ensemble_tag_pending_step06_validation
DH_1_MFA_BA,DH,MFA_BA,DH_1_MFA_BA__hybrid_pre_01,recruited_surface_gap_assisted_buffering,M_tot,1.0,BALANCED_OR_WEAK,0.936520225776388,0.4989689603143878,0.5006893102672784,0.49842462082832434,provisional_accepted_ensemble_tag_pending_step06_validation
DH_1_MFA_BA,DH,MFA_BA,DH_1_MFA_BA__hybrid_pre_02,recruited_surface_gap_assisted_buffering,M_tot,1.0,BALANCED_OR_WEAK,0.9583873105271531,0.49898766583916987,0.5003048214722082,0.49867037256134267,provisional_accepted_ensemble_tag_pending_step06_validation
DH_1_MFA_BA,DH,MFA_BA,DH_1_MFA_BA__hybrid_pre_03,recruited_surface_gap_assisted_buffering,M_tot,1.0,BALANCED_OR_WEAK,0.9043195815143372,0.4989398595307985,0.5009929700024057,0.49823162639564716,provisional_accepted_ensemble_tag_pending_step06_validation
DH_1_MFA_BA,DH,MFA_BA,DH_1_MFA_BA__hybrid_pre_04,recruited_surface_gap_assisted_buffering,M_tot,1.0,BALANCED_OR_WEAK,0.9381470735719725,0.49914238561052965,0.5002153255821827,0.49924576712578705,provisional_accepted_ensemble_tag_pending_step06_validation
DH_1_MFA_BA,DH,MFA_BA,DH_1_MFA_BA__hybrid_pre_05,recruited_surface_gap_assisted_buffering,M_tot,1.0,BALANCED_OR_WEAK,0.9658880153746656,0.4987687064823316,0.4997970640883644,0.4996724130886654,provisional_accepted_ensemble_tag_pending_step06_validation
DH_1_MFA_BA,DH,MFA_BA,DH_1_MFA_BA__hybrid_pre_06,recruited_surface_gap_assisted_buffering,M_tot,1.0,BALANCED_OR_WEAK,0.9754067021171515,0.49934624974681935,0.5004129422113776,0.4987320902631796,provisional_accepted_ensemble_tag_pending_step06_validation
DH_1_MFA_BA,DH,MFA_BA,DH_1_MFA_BA__hybrid_pre_07,recruited_surface_gap_assisted_buffering,M_tot,1.0,BALANCED_OR_WEAK,0.8782379378143435,0.49949297865659,0.5020402316128584,0.4976611297850196,provisional_accepted_ensemble_tag_pending_step06_validation
DH_1_MFA_BA,DH,MFA_BA,DH_1_MFA_BA__hybrid_pre_08,recruited_surface_gap_assisted_buffering,M_tot,1.0,BALANCED_OR_WEAK,0.7529119058488059,0.49884845977094966,0.49926919589087193,0.5005594262729302,provisional_accepted_ensemble_tag_pending_step06_validation
DH_2_CONTROL,DH,CONTROL,DH_2_CONTROL__hybrid_optuna_044,low_recruitment_local_storage,M_tot,1.0,STRICTLY_LOCAL,1.6559898877844283e-16,0.0,0.07743881671434832,0.42201184765838645,provisional_accepted_ensemble_tag_pending_step06_validation
DH_2_MFA,DH,MFA,DH_2_MFA__hybrid_optuna_001,mixed_local_spatial_buffering,M_tot,1.0,STRICTLY_LOCAL,0.40781162149792277,5.971712719013556e-05,0.041216864835197244,0.956378564334685,provisional_accepted_ensemble_tag_pending_step06_validation
DH_2_MFA,DH,MFA,DH_2_MFA__hybrid_optuna_002,mixed_local_spatial_buffering,M_tot,1.0,STRICTLY_LOCAL,0.42981493737280835,0.00027375064730368603,0.035800466427605405,0.9622122575084625,provisional_accepted_ensemble_tag_pending_step06_validation
DH_2_MFA,DH,MFA,DH_2_MFA__hybrid_optuna_003,mixed_local_spatial_buffering,M_tot,1.0,STRICTLY_LOCAL,0.47770982852900046,0.00020407450278305583,0.0609189726235568,0.9364931968917537,provisional_accepted_ensemble_tag_pending_step06_validation
DH_2_MFA,DH,MFA,DH_2_MFA__hybrid_optuna_004,mixed_local_spatial_buffering,M_tot,1.0,STRICTLY_LOCAL,0.4184114662930005,0.000133039785483206,0.05753974313083702,0.9367086535033202,provisional_accepted_ensemble_tag_pending_step06_validation
DH_2_MFA,DH,MFA,DH_2_MFA__hybrid_optuna_005,mixed_local_spatial_buffering,M_tot,1.0,STRICTLY_LOCAL,0.4625323629480466,0.00028504359405639453,0.04542016138530155,0.9477644493395174,provisional_accepted_ensemble_tag_pending_step06_validation
DH_2_MFA,DH,MFA,DH_2_MFA__hybrid_optuna_006,mixed_local_spatial_buffering,M_tot,1.0,STRICTLY_LOCAL,0.4995531364466221,1.0977543505225108e-05,0.023159040419281532,0.9729624721252438,provisional_accepted_ensemble_tag_pending_step06_validation
DH_2_MFA,DH,MFA,DH_2_MFA__hybrid_optuna_007,mixed_local_spatial_buffering,M_tot,1.0,STRICTLY_LOCAL,0.49905660848603284,7.707999932898215e-05,0.03756506609415554,0.9548092427239062,provisional_accepted_ensemble_tag_pending_step06_validation
DH_2_MFA,DH,MFA,DH_2_MFA__hybrid_optuna_008,mixed_local_spatial_buffering,M_tot,1.0,STRICTLY_LOCAL,0.5000112974033684,3.4471799579481505e-05,0.023544287067240335,0.9675732707455064,provisional_accepted_ensemble_tag_pending_step06_validation
DH_2_MFA,DH,MFA,DH_2_MFA__hybrid_optuna_009,mixed_local_spatial_buffering,M_tot,1.0,STRICTLY_LOCAL,0.4881816256251115,0.00014765824248903927,0.12445345781064006,0.8697178930051791,provisional_accepted_ensemble_tag_pending_step06_validation
DH_2_MFA,DH,MFA,DH_2_MFA__hybrid_optuna_010,mixed_local_spatial_buffering,M_tot,1.0,STRICTLY_LOCAL,0.49984786694441824,4.278321976960798e-05,0.09235980102856334,0.9047937232997788,provisional_accepted_ensemble_tag_pending_step06_validation
DH_2_MFA,DH,MFA,DH_2_MFA__hybrid_optuna_011,mixed_local_spatial_buffering,M_tot,1.0,STRICTLY_LOCAL,0.4989470915665697,8.974569927658954e-05,0.08923650894092507,0.9076448876927099,provisional_accepted_ensemble_tag_pending_step06_validation
DH_2_MFA,DH,MFA,DH_2_MFA__hybrid_optuna_012,mixed_local_spatial_buffering,M_tot,1.0,STRICTLY_LOCAL,0.4998795934411622,0.0001372780374183952,0.11713402845044485,0.8807968917371299,provisional_accepted_ensemble_tag_pending_step06_validation
DH_2_MFA,DH,MFA,DH_2_MFA__hybrid_optuna_013,mixed_local_spatial_buffering,M_tot,1.0,STRICTLY_LOCAL,0.49948759034696605,3.1845561769911836e-05,0.07599807242983002,0.9218537548379654,provisional_accepted_ensemble_tag_pending_step06_validation
DH_2_MFA,DH,MFA,DH_2_MFA__hybrid_optuna_014,mixed_local_spatial_buffering,M_tot,1.0,STRICTLY_LOCAL,0.49642963715028987,0.0004171030336190047,0.06417575828843004,0.933490716841113,provisional_accepted_ensemble_tag_pending_step06_validation
DH_2_MFA,DH,MFA,DH_2_MFA__hybrid_optuna_015,mixed_local_spatial_buffering,M_tot,1.0,STRICTLY_LOCAL,0.471243032903146,0.0018980655033988844,0.0973368521788359,0.9003996255826916,provisional_accepted_ensemble_tag_pending_step06_validation
DH_2_MFA,DH,MFA,DH_2_MFA__hybrid_optuna_016,mixed_local_spatial_buffering,M_tot,1.0,STRICTLY_LOCAL,0.45584563136343165,0.001917918006622531,0.05062623927507006,0.9426225428446452,provisional_accepted_ensemble_tag_pending_step06_validation
DH_2_MFA,DH,MFA,DH_2_MFA__hybrid_optuna_017,mixed_local_spatial_buffering,M_tot,1.0,STRICTLY_LOCAL,0.5000418773943927,7.625504846945684e-05,0.08693068713586455,0.9094980805552105,provisional_accepted_ensemble_tag_pending_step06_validation
DH_2_MFA,DH,MFA,DH_2_MFA__hybrid_optuna_018,mixed_local_spatial_buffering,M_tot,1.0,STRICTLY_LOCAL,0.40568753099157345,0.0004907970008523254,0.05709363234131002,0.937645753002356,provisional_accepted_ensemble_tag_pending_step06_validation
DH_2_MFA,DH,MFA,DH_2_MFA__hybrid_optuna_019,mixed_local_spatial_buffering,M_tot,1.0,STRICTLY_LOCAL,0.483999039908527,1.4145456927672513e-05,0.08351863304568992,0.9160352146356767,provisional_accepted_ensemble_tag_pending_step06_validation
DH_2_MFA,DH,MFA,DH_2_MFA__hybrid_optuna_020,mixed_local_spatial_buffering,M_tot,1.0,STRICTLY_LOCAL,0.5001107892758369,0.00040651764254759517,0.05999049785954901,0.9312394523413153,provisional_accepted_ensemble_tag_pending_step06_validation
DH_2_MFA,DH,MFA,DH_2_MFA__hybrid_optuna_021,mixed_local_spatial_buffering,M_tot,1.0,STRICTLY_LOCAL,0.4986955714234173,9.833896618480577e-07,0.02057467540306683,0.9788596884039388,provisional_accepted_ensemble_tag_pending_step06_validation
DH_2_MFA,DH,MFA,DH_2_MFA__hybrid_optuna_022,kir_dominant_local_buffering,M_tot,1.0,STRICTLY_LOCAL,0.18449540534202657,1.2927497179338437e-05,0.24151449811203274,0.7544691773514419,provisional_accepted_ensemble_tag_pending_step06_validation
DH_2_MFA,DH,MFA,DH_2_MFA__hybrid_optuna_023,mixed_local_spatial_buffering,M_tot,1.0,STRICTLY_LOCAL,0.4960435795124274,6.219714762711383e-06,0.06682168108771673,0.9320655132854875,provisional_accepted_ensemble_tag_pending_step06_validation
DH_2_MFA,DH,MFA,DH_2_MFA__hybrid_optuna_024,mixed_local_spatial_buffering,M_tot,1.0,STRICTLY_LOCAL,0.4635743701717876,6.406382267864648e-05,0.01975241722409955,0.9790367704400266,provisional_accepted_ensemble_tag_pending_step06_validation
DH_2_MFA,DH,MFA,DH_2_MFA__hybrid_optuna_025,mixed_local_spatial_buffering,M_tot,1.0,STRICTLY_LOCAL,0.4947563042722378,8.860539930858364e-05,0.2760154228565568,0.6648639765836114,provisional_accepted_ensemble_tag_pending_step06_validation
DH_2_MFA,DH,MFA,DH_2_MFA__hybrid_optuna_026,mixed_local_spatial_buffering,M_tot,1.0,STRICTLY_LOCAL,0.48809910350790836,0.0013512797462741507,0.04748078145447975,0.9513334764964911,provisional_accepted_ensemble_tag_pending_step06_validation
DH_2_MFA,DH,MFA,DH_2_MFA__hybrid_optuna_027,mixed_local_spatial_buffering,M_tot,1.0,STRICTLY_LOCAL,0.3486534679724765,0.00022382920729278132,0.054295893973232694,0.9350117693939493,provisional_accepted_ensemble_tag_pending_step06_validation
DH_2_MFA,DH,MFA,DH_2_MFA__hybrid_optuna_028,mixed_local_spatial_buffering,M_tot,1.0,BALANCED_OR_WEAK,0.47881490249892306,0.00048136646469099646,0.35028150399359076,0.4149902927465207,provisional_accepted_ensemble_tag_pending_step06_validation
DH_2_MFA,DH,MFA,DH_2_MFA__hybrid_optuna_029,mixed_local_spatial_buffering,M_tot,1.0,STRICTLY_LOCAL,0.4224927381958574,4.668353501270946e-05,0.026639291632112077,0.9720495572453869,provisional_accepted_ensemble_tag_pending_step06_validation
DH_2_MFA,DH,MFA,DH_2_MFA__hybrid_optuna_030,mixed_local_spatial_buffering,M_tot,1.0,STRICTLY_LOCAL,0.49549612245555785,2.5252348337550466e-05,0.1541526817598267,0.8453304150917728,provisional_accepted_ensemble_tag_pending_step06_validation
DH_2_MFA,DH,MFA,DH_2_MFA__hybrid_optuna_031,mixed_local_spatial_buffering,M_tot,1.0,STRICTLY_LOCAL,0.4807279712822741,0.0001565837595127843,0.05856580661525565,0.9326026513158349,provisional_accepted_ensemble_tag_pending_step06_validation
DH_2_MFA,DH,MFA,DH_2_MFA__hybrid_optuna_032,mixed_local_spatial_buffering,M_tot,1.0,STRICTLY_LOCAL,0.4752737785193187,0.00016422062460432773,0.01946013427963584,0.971379521480745,provisional_accepted_ensemble_tag_pending_step06_validation
DH_2_MFA,DH,MFA,DH_2_MFA__hybrid_optuna_033,mixed_local_spatial_buffering,M_tot,1.0,STRICTLY_LOCAL,0.4371729584310819,0.00011967675730716752,0.0853053784368284,0.8811222444952511,provisional_accepted_ensemble_tag_pending_step06_validation
DH_2_MFA,DH,MFA,DH_2_MFA__hybrid_optuna_034,mixed_local_spatial_buffering,M_tot,1.0,BALANCED_OR_WEAK,0.4725575273501175,0.0006926709988195105,0.45729108851984224,0.5344293050867212,provisional_accepted_ensemble_tag_pending_step06_validation
DH_2_MFA,DH,MFA,DH_2_MFA__hybrid_optuna_035,mixed_local_spatial_buffering,M_tot,1.0,STRICTLY_LOCAL,0.4522518778443287,6.785596229928307e-05,0.027858332391986578,0.9714864152452641,provisional_accepted_ensemble_tag_pending_step06_validation
DH_2_MFA,DH,MFA,DH_2_MFA__hybrid_optuna_036,mixed_local_spatial_buffering,M_tot,1.0,STRICTLY_LOCAL,0.3463017990021254,7.876339020678322e-05,0.0627778398412228,0.925287883348285,provisional_accepted_ensemble_tag_pending_step06_validation
DH_2_MFA,DH,MFA,DH_2_MFA__hybrid_optuna_037,available_surface_voltage_coupled_but_ionic_recruitment_low,M_tot,1.0,BALANCED_OR_WEAK,2.8269552281174123e-12,6.1341765374641795e-15,0.45497488671487857,0.4399216048535945,provisional_accepted_ensemble_tag_pending_step06_validation
DH_2_MFA,DH,MFA,DH_2_MFA__hybrid_optuna_038,available_surface_voltage_coupled_but_ionic_recruitment_low,M_tot,1.0,STRICTLY_LOCAL,5.01806191188237e-39,2.069535426320604e-40,0.4281597655851845,0.5593066287328508,provisional_accepted_ensemble_tag_pending_step06_validation
DH_2_MFA,DH,MFA,DH_2_MFA__hybrid_optuna_039,available_surface_voltage_coupled_but_ionic_recruitment_low,M_tot,1.0,BALANCED_OR_WEAK,0.0005455918599235216,6.146282869644827e-07,0.4535687561265884,0.39520447388973684,provisional_accepted_ensemble_tag_pending_step06_validation
DH_2_MFA,DH,MFA,DH_2_MFA__hybrid_optuna_040,mixed_local_spatial_buffering,M_tot,1.0,STRICTLY_LOCAL,0.47542583513434095,0.002956900498499929,0.39816248200498006,0.5151011436402837,provisional_accepted_ensemble_tag_pending_step06_validation
DH_2_MFA,DH,MFA,DH_2_MFA__hybrid_optuna_041,mixed_local_spatial_buffering,M_tot,1.0,STRICTLY_LOCAL,0.4305695551600288,0.0017410620642979418,0.31717228696255123,0.6282243574965747,provisional_accepted_ensemble_tag_pending_step06_validation
DH_2_MFA,DH,MFA,DH_2_MFA__hybrid_optuna_042,available_surface_voltage_coupled_but_ionic_recruitment_low,M_tot,1.0,BALANCED_OR_WEAK,0.004371950785386323,1.0982740886435106e-05,0.45702734428175357,0.4513770997874282,provisional_accepted_ensemble_tag_pending_step06_validation
DH_2_MFA,DH,MFA,DH_2_MFA__hybrid_optuna_043,available_surface_voltage_coupled_but_ionic_recruitment_low,M_tot,1.0,BALANCED_OR_WEAK,7.498799932743618e-40,2.6945947367540203e-41,0.4642605001433155,0.4043649791111235,provisional_accepted_ensemble_tag_pending_step06_validation
DH_2_MFA,DH,MFA,DH_2_MFA__hybrid_optuna_045,mixed_local_spatial_buffering,M_tot,1.0,STRICTLY_LOCAL,0.49845723370675704,7.563654829157866e-07,0.017205614073429923,0.9824695248493321,provisional_accepted_ensemble_tag_pending_step06_validation
DH_2_MFA,DH,MFA,DH_2_MFA__hybrid_optuna_046,available_surface_voltage_coupled_but_ionic_recruitment_low,M_tot,1.0,BALANCED_OR_WEAK,2.696841915229019e-28,3.422589871018862e-29,0.46278120147544444,0.5313261765050006,provisional_accepted_ensemble_tag_pending_step06_validation
DH_2_MFA,DH,MFA,DH_2_MFA__hybrid_optuna_047,kir_dominant_local_buffering,M_tot,1.0,STRICTLY_LOCAL,0.0007328977811534926,7.480022192903126e-08,0.15747655757195425,0.8053677801300747,provisional_accepted_ensemble_tag_pending_step06_validation
DH_2_MFA,DH,MFA,DH_2_MFA__hybrid_optuna_048,mixed_local_spatial_buffering,M_tot,1.0,STRICTLY_LOCAL,0.4788543749882786,9.77167878097266e-05,0.05464197993797027,0.9330325416217192,provisional_accepted_ensemble_tag_pending_step06_validation
DH_2_MFA,DH,MFA,DH_2_MFA__hybrid_optuna_049,mixed_local_spatial_buffering,M_tot,1.0,BALANCED_OR_WEAK,0.4895707614294347,0.006994646541323477,0.488202582160167,0.42814494927142793,provisional_accepted_ensemble_tag_pending_step06_validation
DH_2_MFA,DH,MFA,DH_2_MFA__hybrid_optuna_050,mixed_local_spatial_buffering,M_tot,1.0,STRICTLY_LOCAL,0.49662946506909633,0.0008080671712780016,0.4009931286013379,0.5309520849463639,provisional_accepted_ensemble_tag_pending_step06_validation
DH_2_MFA,DH,MFA,DH_2_MFA__hybrid_optuna_051,mixed_local_spatial_buffering,M_tot,1.0,STRICTLY_LOCAL,0.49504014269693103,0.005350276222301535,0.4169037625793095,0.5784822394856719,provisional_accepted_ensemble_tag_pending_step06_validation
DH_2_MFA,DH,MFA,DH_2_MFA__hybrid_optuna_052,mixed_local_spatial_buffering,M_tot,1.0,STRICTLY_LOCAL,0.4984164896192167,1.3603589618304281e-05,0.10901908082709348,0.8908741571541996,provisional_accepted_ensemble_tag_pending_step06_validation
DH_2_MFA,DH,MFA,DH_2_MFA__hybrid_optuna_053,available_surface_voltage_coupled_but_ionic_recruitment_low,M_tot,1.0,BALANCED_OR_WEAK,1.4935375508598674e-54,8.839377536948267e-54,0.49521708524171587,0.5043293061371223,provisional_accepted_ensemble_tag_pending_step06_validation
DH_2_MFA,DH,MFA,DH_2_MFA__hybrid_optuna_054,mixed_local_spatial_buffering,M_tot,1.0,STRICTLY_LOCAL,0.4414409433273503,4.449600984852516e-05,0.05849667067604681,0.9078595530172596,provisional_accepted_ensemble_tag_pending_step06_validation
DH_2_MFA,DH,MFA,DH_2_MFA__hybrid_optuna_055,available_surface_voltage_coupled_but_ionic_recruitment_low,M_tot,1.0,STRICTLY_LOCAL,1.1447958913250136e-37,6.865481676240375e-39,0.4493625015766951,0.5402055636552722,provisional_accepted_ensemble_tag_pending_step06_validation
DH_2_MFA,DH,MFA,DH_2_MFA__hybrid_optuna_056,available_surface_voltage_coupled_but_ionic_recruitment_low,M_tot,1.0,BALANCED_OR_WEAK,5.652261188236416e-93,1.447022033875484e-92,0.49597831536673437,0.5036240841841264,provisional_accepted_ensemble_tag_pending_step06_validation
DH_2_MFA,DH,MFA,DH_2_MFA__hybrid_optuna_057,available_surface_voltage_coupled_but_ionic_recruitment_low,M_tot,1.0,BALANCED_OR_WEAK,3.1125710182672696e-182,1.2344393360420402e-183,0.4757118853874027,0.4250532378337777,provisional_accepted_ensemble_tag_pending_step06_validation
DH_2_MFA,DH,MFA,DH_2_MFA__hybrid_optuna_058,available_surface_voltage_coupled_but_ionic_recruitment_low,M_tot,1.0,STRICTLY_LOCAL,3.8840384557883393e-134,5.999028073518458e-138,0.42606681969322957,0.5689289894720759,provisional_accepted_ensemble_tag_pending_step06_validation
DH_2_MFA,DH,MFA,DH_2_MFA__hybrid_optuna_059,mixed_local_spatial_buffering,M_tot,1.0,BALANCED_OR_WEAK,0.33451913403679673,0.001912515728987582,0.4931485700578045,0.4989713937044293,provisional_accepted_ensemble_tag_pending_step06_validation
DH_2_MFA,DH,MFA,DH_2_MFA__hybrid_optuna_060,mixed_local_spatial_buffering,M_tot,1.0,STRICTLY_LOCAL,0.49695903237844075,9.47171963821658e-06,0.059430389151352535,0.9398111587233933,provisional_accepted_ensemble_tag_pending_step06_validation
DH_2_MFA,DH,MFA,DH_2_MFA__hybrid_optuna_063,available_surface_voltage_coupled_but_ionic_recruitment_low,M_tot,1.0,BALANCED_OR_WEAK,0.003611652990686528,5.23872016641528e-05,0.49709816237294874,0.43520241744651206,provisional_accepted_ensemble_tag_pending_step06_validation
DH_2_MFA,DH,MFA,DH_2_MFA__hybrid_optuna_064,mixed_local_spatial_buffering,M_tot,1.0,BALANCED_OR_WEAK,0.4772283073473096,0.4802168246506933,0.48306061574603426,0.3991084388756733,provisional_accepted_ensemble_tag_pending_step06_validation
DH_2_MFA,DH,MFA,DH_2_MFA__hybrid_optuna_065,available_surface_voltage_coupled_but_ionic_recruitment_low,M_tot,1.0,BALANCED_OR_WEAK,2.1054185698673084e-249,3.1888382431878884e-249,0.49954154421907204,0.5004181501489455,provisional_accepted_ensemble_tag_pending_step06_validation
DH_2_MFA,DH,MFA,DH_2_MFA__hybrid_optuna_066,recruited_surface_gap_assisted_buffering,M_tot,1.0,BALANCED_OR_WEAK,0.8624266989614137,0.49940727440319516,0.499747824417129,0.4999439535761659,provisional_accepted_ensemble_tag_pending_step06_validation
DH_2_MFA,DH,MFA,DH_2_MFA__hybrid_optuna_067,kir_dominant_local_buffering,M_tot,0.6666666666666666,STRICTLY_LOCAL,0.0015026896507718754,3.520473695321016e-07,0.18448344899392397,0.6265379327273387,provisional_accepted_ensemble_tag_pending_step06_validation
DH_2_MFA,DH,MFA,DH_2_MFA__hybrid_optuna_069,recruited_surface_gap_assisted_buffering,M_tot,1.0,BALANCED_OR_WEAK,0.793355210621075,0.4996548349416938,0.4999817198386129,0.4998554869867457,provisional_accepted_ensemble_tag_pending_step06_validation
DH_2_MFA,DH,MFA,DH_2_MFA__hybrid_optuna_070,low_recruitment_local_storage,M_tot,1.0,STRICTLY_LOCAL,9.859621630428371e-305,1.0524129674891619e-307,0.2595979076181853,0.41593629520685393,provisional_accepted_ensemble_tag_pending_step06_validation
DH_2_MFA,DH,MFA,DH_2_MFA__hybrid_optuna_071,low_recruitment_local_storage,M_tot,1.0,STRICTLY_LOCAL,0.00046291836623234733,2.0290410121366448e-08,0.18021511301573404,0.5085605672346866,provisional_accepted_ensemble_tag_pending_step06_validation
DH_2_MFA,DH,MFA,DH_2_MFA__hybrid_optuna_072,low_recruitment_local_storage,M_tot,1.0,BALANCED_OR_WEAK,8.098506897066006e-44,2.016156081877127e-44,0.38635583101106546,0.4460080788335478,provisional_accepted_ensemble_tag_pending_step06_validation
DH_2_MFA,DH,MFA,DH_2_MFA__hybrid_optuna_073,mixed_local_spatial_buffering,M_tot,1.0,BALANCED_OR_WEAK,0.45795822578408135,0.0009481302856702455,0.4883708412778464,0.5048037250441687,provisional_accepted_ensemble_tag_pending_step06_validation
DH_2_MFA,DH,MFA,DH_2_MFA__hybrid_optuna_074,mixed_local_spatial_buffering,M_tot,1.0,MIXED_LOCAL,0.458983403524921,0.00020705425368931554,0.44063025378151677,0.2004730641349424,provisional_accepted_ensemble_tag_pending_step06_validation
DH_2_MFA,DH,MFA,DH_2_MFA__hybrid_optuna_075,mixed_local_spatial_buffering,M_tot,1.0,STRICTLY_LOCAL,0.4742494172108674,8.145601384593801e-05,0.018914017416153752,0.967659661071263,provisional_accepted_ensemble_tag_pending_step06_validation
DH_2_MFA,DH,MFA,DH_2_MFA__hybrid_optuna_076,recruited_surface_gap_assisted_buffering,M_tot,1.0,BALANCED_OR_WEAK,0.8551358268804149,0.4921141855736421,0.5004062701447645,0.4739681929365096,provisional_accepted_ensemble_tag_pending_step06_validation
DH_2_MFA,DH,MFA,DH_2_MFA__hybrid_optuna_077,available_surface_voltage_coupled_but_ionic_recruitment_low,M_tot,1.0,BALANCED_OR_WEAK,4.116924735277861e-108,9.779462172422699e-109,0.4946375195578716,0.5050116400987265,provisional_accepted_ensemble_tag_pending_step06_validation
DH_2_MFA,DH,MFA,DH_2_MFA__hybrid_optuna_078,low_recruitment_local_storage,M_tot,0.5,STRICTLY_LOCAL,0.00032164177482549446,6.42681339693622e-11,0.04841777295381982,0.579499940196909,provisional_accepted_ensemble_tag_pending_step06_validation
DH_2_MFA,DH,MFA,DH_2_MFA__hybrid_optuna_079,recruited_surface_gap_assisted_buffering,M_tot,1.0,BALANCED_OR_WEAK,0.5539464793862537,0.49740281843294815,0.49794522875447567,0.5017870066325676,provisional_accepted_ensemble_tag_pending_step06_validation
DH_2_MFA,DH,MFA,DH_2_MFA__hybrid_optuna_080,low_recruitment_local_storage,M_tot,1.0,STRICTLY_LOCAL,9.859673286442094e-305,0.0,0.00571581225991206,0.5150901576415804,provisional_accepted_ensemble_tag_pending_step06_validation
DH_2_MFA,DH,MFA,DH_2_MFA__hybrid_optuna_081,low_recruitment_local_storage,M_tot,1.0,STRICTLY_LOCAL,0.0005029622257069357,0.0,0.008840099486853879,0.5032496169060706,provisional_accepted_ensemble_tag_pending_step06_validation
DH_2_MFA,DH,MFA,DH_2_MFA__hybrid_optuna_082,recruited_surface_gap_assisted_buffering,M_tot,1.0,BALANCED_OR_WEAK,0.923856793712786,0.4989770051595952,0.4992554853886153,0.5004604830893438,provisional_accepted_ensemble_tag_pending_step06_validation
DH_2_MFA,DH,MFA,DH_2_MFA__hybrid_optuna_083,kir_dominant_local_buffering,M_tot,1.0,STRICTLY_LOCAL,1.334005922161843e-11,1.47223764630564e-11,0.34154804653335,0.658206311193512,provisional_accepted_ensemble_tag_pending_step06_validation
DH_2_MFA,DH,MFA,DH_2_MFA__hybrid_optuna_084,recruited_surface_gap_assisted_buffering,M_tot,1.0,BALANCED_OR_WEAK,0.8606428125300393,0.49921653730818893,0.4997812526681004,0.49988893841442344,provisional_accepted_ensemble_tag_pending_step06_validation
DH_2_MFA,DH,MFA,DH_2_MFA__hybrid_optuna_085,recruited_surface_gap_assisted_buffering,M_tot,1.0,BALANCED_OR_WEAK,0.910995522796337,0.49925471223166595,0.49985662569175204,0.49958342691773083,provisional_accepted_ensemble_tag_pending_step06_validation
DH_2_MFA,DH,MFA,DH_2_MFA__hybrid_optuna_086,recruited_surface_gap_assisted_buffering,M_tot,1.0,BALANCED_OR_WEAK,0.9317641627263868,0.4993208388466585,0.5000897655817303,0.4992828088198698,provisional_accepted_ensemble_tag_pending_step06_validation
DH_2_MFA,DH,MFA,DH_2_MFA__hybrid_optuna_087,recruited_surface_gap_assisted_buffering,M_tot,1.0,BALANCED_OR_WEAK,0.8948591199096692,0.499360573794257,0.49978131208767557,0.49982531649074485,provisional_accepted_ensemble_tag_pending_step06_validation
DH_2_MFA,DH,MFA,DH_2_MFA__hybrid_optuna_088,low_recruitment_local_storage,M_tot,1.0,STRICTLY_LOCAL,3.360925522554305e-07,0.0,0.016308660782091772,0.48983498789731184,provisional_accepted_ensemble_tag_pending_step06_validation
DH_2_MFA,DH,MFA,DH_2_MFA__hybrid_optuna_089,kir_dominant_local_buffering,M_tot,1.0,STRICTLY_LOCAL,0.00046701733674687763,8.478057159548557e-06,0.08668694622822072,0.9000122943347556,provisional_accepted_ensemble_tag_pending_step06_validation
DH_2_MFA,DH,MFA,DH_2_MFA__hybrid_optuna_090,mixed_local_spatial_buffering,M_tot,1.0,STRICTLY_LOCAL,0.5955080886014266,1.4952262157375156e-06,0.07410754597298341,0.9255379428119768,provisional_accepted_ensemble_tag_pending_step06_validation
DH_2_MFA,DH,MFA,DH_2_MFA__hybrid_optuna_091,recruited_surface_gap_assisted_buffering,M_tot,0.6666666666666666,BALANCED_OR_WEAK,0.5056532318279291,0.01941244505208752,0.5058294801618824,0.49414054646366273,provisional_accepted_ensemble_tag_pending_step06_validation
DH_2_MFA,DH,MFA,DH_2_MFA__hybrid_optuna_093,mixed_local_spatial_buffering,M_tot,1.0,MIXED_LOCAL,0.41448259221677963,0.017874350971033504,0.494434305330331,0.13671067007547308,provisional_accepted_ensemble_tag_pending_step06_validation
DH_2_MFA,DH,MFA,DH_2_MFA__hybrid_optuna_094,available_surface_voltage_coupled_but_ionic_recruitment_low,M_tot,1.0,BALANCED_OR_WEAK,1.628320531499146e-50,7.743712363315292e-53,0.4561209410703309,0.5356245734566565,provisional_accepted_ensemble_tag_pending_step06_validation
DH_2_MFA,DH,MFA,DH_2_MFA__hybrid_optuna_095,kir_dominant_local_buffering,M_tot,1.0,STRICTLY_LOCAL,1.7774906022034683e-37,3.700513445987194e-38,0.3288001016985837,0.6632218229881801,provisional_accepted_ensemble_tag_pending_step06_validation
DH_2_MFA,DH,MFA,DH_2_MFA__hybrid_optuna_096,available_surface_voltage_coupled_but_ionic_recruitment_low,M_tot,1.0,BALANCED_OR_WEAK,1.6161387832523223e-06,0.061951293585286726,0.5033508879113031,0.4965951989129474,provisional_accepted_ensemble_tag_pending_step06_validation
DH_2_MFA,DH,MFA,DH_2_MFA__hybrid_optuna_097,mixed_local_spatial_buffering,M_tot,1.0,STRICTLY_LOCAL,0.4871471185790595,0.0634338954470461,0.0976818473580624,0.839601754664602,provisional_accepted_ensemble_tag_pending_step06_validation
DH_2_MFA,DH,MFA,DH_2_MFA__hybrid_optuna_098,available_surface_voltage_coupled_but_ionic_recruitment_low,M_tot,1.0,BALANCED_OR_WEAK,5.969937950696977e-303,4.326650566617729e-302,0.494248108931173,0.5057259907212789,provisional_accepted_ensemble_tag_pending_step06_validation
DH_2_MFA,DH,MFA,DH_2_MFA__hybrid_optuna_099,mixed_local_spatial_buffering,M_tot,1.0,MIXED_LOCAL,0.4841237557699453,0.08882799748295366,0.5062483841860874,0.023784477780243136,provisional_accepted_ensemble_tag_pending_step06_validation
DH_2_MFA,DH,MFA,DH_2_MFA__hybrid_post_001,mixed_local_spatial_buffering,M_tot,1.0,STRICTLY_LOCAL,0.40769983797643744,5.9703167229630494e-05,0.04122389909890516,0.9563715611221859,provisional_accepted_ensemble_tag_pending_step06_validation
DH_2_MFA,DH,MFA,DH_2_MFA__hybrid_post_002,mixed_local_spatial_buffering,M_tot,1.0,STRICTLY_LOCAL,0.42979836261405396,0.00027417234000256375,0.03583034014502644,0.9621825279613988,provisional_accepted_ensemble_tag_pending_step06_validation
DH_2_MFA,DH,MFA,DH_2_MFA__hybrid_post_003,mixed_local_spatial_buffering,M_tot,1.0,STRICTLY_LOCAL,0.47771290151762075,0.00020439803804521425,0.0609330188234177,0.936481368469019,provisional_accepted_ensemble_tag_pending_step06_validation
DH_2_MFA,DH,MFA,DH_2_MFA__hybrid_pre_01,recruited_surface_gap_assisted_buffering,M_tot,1.0,BALANCED_OR_WEAK,0.8948591199096692,0.499360573794257,0.49978131208767557,0.49982531649074485,provisional_accepted_ensemble_tag_pending_step06_validation
DH_2_MFA,DH,MFA,DH_2_MFA__hybrid_pre_02,recruited_surface_gap_assisted_buffering,M_tot,1.0,BALANCED_OR_WEAK,0.910995522796337,0.49925471223166595,0.49985662569175204,0.49958342691773083,provisional_accepted_ensemble_tag_pending_step06_validation
DH_2_MFA,DH,MFA,DH_2_MFA__hybrid_pre_03,recruited_surface_gap_assisted_buffering,M_tot,1.0,BALANCED_OR_WEAK,0.8624266989614137,0.49940727440319516,0.499747824417129,0.4999439535761659,provisional_accepted_ensemble_tag_pending_step06_validation
DH_2_MFA,DH,MFA,DH_2_MFA__hybrid_pre_04,recruited_surface_gap_assisted_buffering,M_tot,1.0,BALANCED_OR_WEAK,0.8606428125300393,0.49921653730818893,0.4997812526681004,0.49988893841442344,provisional_accepted_ensemble_tag_pending_step06_validation
DH_2_MFA,DH,MFA,DH_2_MFA__hybrid_pre_05,recruited_surface_gap_assisted_buffering,M_tot,1.0,BALANCED_OR_WEAK,0.923856793712786,0.4989770051595952,0.4992554853886153,0.5004604830893438,provisional_accepted_ensemble_tag_pending_step06_validation
DH_2_MFA,DH,MFA,DH_2_MFA__hybrid_pre_06,recruited_surface_gap_assisted_buffering,M_tot,1.0,BALANCED_OR_WEAK,0.9317641627263868,0.4993208388466585,0.5000897655817303,0.4992828088198698,provisional_accepted_ensemble_tag_pending_step06_validation
DH_2_MFA,DH,MFA,DH_2_MFA__hybrid_pre_07,recruited_surface_gap_assisted_buffering,M_tot,1.0,BALANCED_OR_WEAK,0.793355210621075,0.4996548349416938,0.4999817198386129,0.4998554869867457,provisional_accepted_ensemble_tag_pending_step06_validation
DH_2_MFA,DH,MFA,DH_2_MFA__hybrid_pre_08,recruited_surface_gap_assisted_buffering,M_tot,1.0,BALANCED_OR_WEAK,0.5539464793862537,0.49740281843294815,0.49794522875447567,0.5017870066325676,provisional_accepted_ensemble_tag_pending_step06_validation
DH_2_MFA_BA,DH,MFA_BA,DH_2_MFA_BA__hybrid_optuna_001,low_recruitment_local_storage,M_tot,1.0,BALANCED_OR_WEAK,4.246345317147306e-27,4.205105132356513e-27,0.31828743571544976,0.34362486414492155,provisional_accepted_ensemble_tag_pending_step06_validation
DH_2_MFA_BA,DH,MFA_BA,DH_2_MFA_BA__hybrid_optuna_002,low_recruitment_local_storage,M_tot,1.0,BALANCED_OR_WEAK,6.08015584105673e-21,3.9143333480441354e-20,0.3639454854008237,0.33750874101807704,provisional_accepted_ensemble_tag_pending_step06_validation
DH_2_MFA_BA,DH,MFA_BA,DH_2_MFA_BA__hybrid_optuna_003,low_recruitment_local_storage,M_tot,1.0,BALANCED_OR_WEAK,9.481279046285146e-16,3.193517648817161e-16,0.3382750939535841,0.37862875741517427,provisional_accepted_ensemble_tag_pending_step06_validation
DH_2_MFA_BA,DH,MFA_BA,DH_2_MFA_BA__hybrid_optuna_004,low_recruitment_local_storage,M_tot,1.0,STRICTLY_LOCAL,1.0321901587001522e-17,1.0132261931152453e-19,0.3085816341520475,0.4085985417520235,provisional_accepted_ensemble_tag_pending_step06_validation
DH_2_MFA_BA,DH,MFA_BA,DH_2_MFA_BA__hybrid_optuna_005,low_recruitment_local_storage,M_tot,1.0,STRICTLY_LOCAL,2.0445344655365113e-27,9.364478498911899e-30,0.3019758709617364,0.43450768742797813,provisional_accepted_ensemble_tag_pending_step06_validation
DH_2_MFA_BA,DH,MFA_BA,DH_2_MFA_BA__hybrid_optuna_006,low_recruitment_local_storage,M_tot,1.0,STRICTLY_LOCAL,1.914757584771739e-10,3.5649567045965047e-11,0.25385248647839026,0.4792566704212337,provisional_accepted_ensemble_tag_pending_step06_validation
DH_2_MFA_BA,DH,MFA_BA,DH_2_MFA_BA__hybrid_optuna_007,low_recruitment_local_storage,M_tot,1.0,STRICTLY_LOCAL,0.00022226503553549764,9.599683682972204e-07,0.3035088721392119,0.4472191846402384,provisional_accepted_ensemble_tag_pending_step06_validation
DH_2_MFA_BA,DH,MFA_BA,DH_2_MFA_BA__hybrid_optuna_008,low_recruitment_local_storage,M_tot,1.0,STRICTLY_LOCAL,6.121977939911426e-209,4.336838925174058e-209,0.2753022548296171,0.4113674711407478,provisional_accepted_ensemble_tag_pending_step06_validation
DH_2_MFA_BA,DH,MFA_BA,DH_2_MFA_BA__hybrid_optuna_009,low_recruitment_local_storage,M_tot,1.0,STRICTLY_LOCAL,4.26491423472604e-62,6.083524901518419e-63,0.23375861944867282,0.5216677719147947,provisional_accepted_ensemble_tag_pending_step06_validation
DH_2_MFA_BA,DH,MFA_BA,DH_2_MFA_BA__hybrid_optuna_010,low_recruitment_local_storage,M_tot,1.0,STRICTLY_LOCAL,4.849679305425466e-122,6.586387739917803e-123,0.22514277805889993,0.5413559859999828,provisional_accepted_ensemble_tag_pending_step06_validation
DH_2_MFA_BA,DH,MFA_BA,DH_2_MFA_BA__hybrid_optuna_011,low_recruitment_local_storage,M_tot,1.0,MIXED_LOCAL,6.054377522197202e-28,1.7135447321352947e-27,0.3874197986132893,0.3132607542034715,provisional_accepted_ensemble_tag_pending_step06_validation
DH_2_MFA_BA,DH,MFA_BA,DH_2_MFA_BA__hybrid_optuna_012,low_recruitment_local_storage,M_tot,1.0,STRICTLY_LOCAL,2.5388655930001092e-30,3.604972166213345e-30,0.2977734641408396,0.33153040824047625,provisional_accepted_ensemble_tag_pending_step06_validation
DH_2_MFA_BA,DH,MFA_BA,DH_2_MFA_BA__hybrid_optuna_013,low_recruitment_local_storage,M_tot,1.0,BALANCED_OR_WEAK,3.1004548782234813e-25,5.894034920877108e-25,0.3278560850245534,0.31885980551871,provisional_accepted_ensemble_tag_pending_step06_validation
DH_2_MFA_BA,DH,MFA_BA,DH_2_MFA_BA__hybrid_optuna_014,low_recruitment_local_storage,M_tot,1.0,BALANCED_OR_WEAK,9.85960056902979e-305,1.7756454907668719e-307,0.36047625733627475,0.3654008530922898,provisional_accepted_ensemble_tag_pending_step06_validation
DH_2_MFA_BA,DH,MFA_BA,DH_2_MFA_BA__hybrid_optuna_015,low_recruitment_local_storage,M_tot,0.5,STRICTLY_LOCAL,0.00013956582711475797,2.148864571670844e-05,0.20216935337564967,0.5529549790350873,provisional_accepted_ensemble_tag_pending_step06_validation
DH_2_MFA_BA,DH,MFA_BA,DH_2_MFA_BA__hybrid_optuna_016,mixed_local_spatial_buffering,M_tot,1.0,STRICTLY_LOCAL,0.22743372550122262,0.00513173658770185,0.30217563456452684,0.3768843179982835,provisional_accepted_ensemble_tag_pending_step06_validation
DH_2_MFA_BA,DH,MFA_BA,DH_2_MFA_BA__hybrid_optuna_017,low_recruitment_local_storage,M_tot,1.0,BALANCED_OR_WEAK,2.706019063134978e-39,1.4454667870697487e-38,0.36629873742860947,0.3751609421817547,provisional_accepted_ensemble_tag_pending_step06_validation
DH_2_MFA_BA,DH,MFA_BA,DH_2_MFA_BA__hybrid_optuna_018,low_recruitment_local_storage,M_tot,1.0,STRICTLY_LOCAL,8.07885181398938e-10,2.6291664308350374e-10,0.26450546478552844,0.407912511025458,provisional_accepted_ensemble_tag_pending_step06_validation
DH_2_MFA_BA,DH,MFA_BA,DH_2_MFA_BA__hybrid_optuna_019,low_recruitment_local_storage,M_tot,1.0,STRICTLY_LOCAL,2.423829791404931e-40,5.376935956469142e-40,0.27770491102918565,0.40010021135467566,provisional_accepted_ensemble_tag_pending_step06_validation
DH_2_MFA_BA,DH,MFA_BA,DH_2_MFA_BA__hybrid_optuna_020,low_recruitment_local_storage,M_tot,1.0,STRICTLY_LOCAL,5.688808398816194e-47,9.279697339609558e-47,0.2633027398574793,0.40675842236193005,provisional_accepted_ensemble_tag_pending_step06_validation
DH_2_MFA_BA,DH,MFA_BA,DH_2_MFA_BA__hybrid_optuna_021,low_recruitment_local_storage,M_tot,1.0,STRICTLY_LOCAL,1.2688323675803306e-189,4.2032588698551586e-190,0.22136754415065854,0.4362730853982418,provisional_accepted_ensemble_tag_pending_step06_validation
DH_2_MFA_BA,DH,MFA_BA,DH_2_MFA_BA__hybrid_optuna_022,low_recruitment_local_storage,M_tot,1.0,STRICTLY_LOCAL,0.0011083440670421082,1.0658536350523914e-06,0.23442749396080895,0.46615863233796834,provisional_accepted_ensemble_tag_pending_step06_validation
DH_2_MFA_BA,DH,MFA_BA,DH_2_MFA_BA__hybrid_optuna_023,low_recruitment_local_storage,M_tot,1.0,STRICTLY_LOCAL,0.0016264702863111873,2.0898558875513493e-06,0.29541130281259315,0.4317409102712257,provisional_accepted_ensemble_tag_pending_step06_validation
DH_2_MFA_BA,DH,MFA_BA,DH_2_MFA_BA__hybrid_optuna_024,low_recruitment_local_storage,M_tot,1.0,STRICTLY_LOCAL,1.3639793146748354e-130,1.3803747985152758e-129,0.3264229956536547,0.45576413230532964,provisional_accepted_ensemble_tag_pending_step06_validation
DH_2_MFA_BA,DH,MFA_BA,DH_2_MFA_BA__hybrid_optuna_025,low_recruitment_local_storage,M_tot,1.0,STRICTLY_LOCAL,6.58337112286896e-11,4.424918162727427e-12,0.22589087784917186,0.5060445860965586,provisional_accepted_ensemble_tag_pending_step06_validation
DH_2_MFA_BA,DH,MFA_BA,DH_2_MFA_BA__hybrid_optuna_026,low_recruitment_local_storage,M_tot,1.0,STRICTLY_LOCAL,9.915694777034831e-79,5.2090688008485606e-80,0.2336645517547691,0.5615876413880047,provisional_accepted_ensemble_tag_pending_step06_validation
DH_2_MFA_BA,DH,MFA_BA,DH_2_MFA_BA__hybrid_optuna_027,available_surface_voltage_coupled_but_ionic_recruitment_low,M_tot,1.0,MIXED_LOCAL,1.0439639608539106e-142,4.31141472141831e-145,0.4983763438863125,0.4053436487558071,provisional_accepted_ensemble_tag_pending_step06_validation
DH_2_MFA_BA,DH,MFA_BA,DH_2_MFA_BA__hybrid_optuna_028,available_surface_voltage_coupled_but_ionic_recruitment_low,M_tot,1.0,BALANCED_OR_WEAK,9.85967638350002e-305,2.09372196382995e-306,0.4860729363310667,0.46014647521506485,provisional_accepted_ensemble_tag_pending_step06_validation
DH_2_MFA_BA,DH,MFA_BA,DH_2_MFA_BA__hybrid_optuna_029,available_surface_voltage_coupled_but_ionic_recruitment_low,M_tot,1.0,MIXED_LOCAL,4.287754555604675e-20,3.2851970219576024e-19,0.4555800810859582,0.26453980051039666,provisional_accepted_ensemble_tag_pending_step06_validation
DH_2_MFA_BA,DH,MFA_BA,DH_2_MFA_BA__hybrid_optuna_030,available_surface_voltage_coupled_but_ionic_recruitment_low,M_tot,1.0,BALANCED_OR_WEAK,2.1845153540157563e-24,1.0641018485964509e-23,0.4977974945013757,0.4702105316763982,provisional_accepted_ensemble_tag_pending_step06_validation
DH_2_MFA_BA,DH,MFA_BA,DH_2_MFA_BA__hybrid_optuna_031,available_surface_voltage_coupled_but_ionic_recruitment_low,M_tot,1.0,BALANCED_OR_WEAK,9.859673435866797e-305,5.701062158486922e-307,0.47092833196802214,0.45199618295581606,provisional_accepted_ensemble_tag_pending_step06_validation
DH_2_MFA_BA,DH,MFA_BA,DH_2_MFA_BA__hybrid_optuna_032,available_surface_voltage_coupled_but_ionic_recruitment_low,M_tot,1.0,BALANCED_OR_WEAK,4.2111150814384136e-191,8.025634522413686e-192,0.4981547324872196,0.47401382533055075,provisional_accepted_ensemble_tag_pending_step06_validation
DH_2_MFA_BA,DH,MFA_BA,DH_2_MFA_BA__hybrid_optuna_033,recruited_surface_gap_assisted_buffering,M_tot,0.5,MIXED_LOCAL,0.4633276694206264,0.034209399126776646,0.7627772641378806,0.10413210263397057,provisional_accepted_ensemble_tag_pending_step06_validation
DH_2_MFA_BA,DH,MFA_BA,DH_2_MFA_BA__hybrid_optuna_034,available_surface_voltage_coupled_but_ionic_recruitment_low,M_tot,1.0,BALANCED_OR_WEAK,4.778552418314999e-61,3.661948451008126e-59,0.4899035794863089,0.4829722681697784,provisional_accepted_ensemble_tag_pending_step06_validation
DH_2_MFA_BA,DH,MFA_BA,DH_2_MFA_BA__hybrid_optuna_035,recruited_surface_gap_assisted_buffering,M_tot,1.0,BALANCED_OR_WEAK,0.7529120283718612,0.49884838941482673,0.4992691932767861,0.5005594280922857,provisional_accepted_ensemble_tag_pending_step06_validation
DH_2_MFA_BA,DH,MFA_BA,DH_2_MFA_BA__hybrid_optuna_036,available_surface_voltage_coupled_but_ionic_recruitment_low,M_tot,1.0,MIXED_LOCAL,3.5526651650972006e-25,9.173662514722896e-24,0.494247046323048,0.40155064089292053,provisional_accepted_ensemble_tag_pending_step06_validation
DH_2_MFA_BA,DH,MFA_BA,DH_2_MFA_BA__hybrid_optuna_037,available_surface_voltage_coupled_but_ionic_recruitment_low,M_tot,1.0,BALANCED_OR_WEAK,9.859675733846648e-305,4.629251953245843e-305,0.49761659208313214,0.5005378053068963,provisional_accepted_ensemble_tag_pending_step06_validation
DH_2_MFA_BA,DH,MFA_BA,DH_2_MFA_BA__hybrid_optuna_038,available_surface_voltage_coupled_but_ionic_recruitment_low,M_tot,1.0,BALANCED_OR_WEAK,7.113330165867957e-112,6.072435109565642e-112,0.4669008364990172,0.5078073113405068,provisional_accepted_ensemble_tag_pending_step06_validation
DH_2_MFA_BA,DH,MFA_BA,DH_2_MFA_BA__hybrid_optuna_039,low_recruitment_local_storage,M_tot,1.0,STRICTLY_LOCAL,3.6088058063227054e-52,2.8713078699921323e-52,0.2227193748432862,0.4147431536903843,provisional_accepted_ensemble_tag_pending_step06_validation
DH_2_MFA_BA,DH,MFA_BA,DH_2_MFA_BA__hybrid_optuna_040,available_surface_voltage_coupled_but_ionic_recruitment_low,M_tot,1.0,BALANCED_OR_WEAK,1.3355726687167084e-11,4.253458481567069e-09,0.4936720444131999,0.470563918488661,provisional_accepted_ensemble_tag_pending_step06_validation
DH_2_MFA_BA,DH,MFA_BA,DH_2_MFA_BA__hybrid_optuna_041,available_surface_voltage_coupled_but_ionic_recruitment_low,M_tot,0.8333333333333334,BALANCED_OR_WEAK,2.8215770339682497e-42,7.185144539991111e-45,0.40422512823716766,0.40450034609094127,provisional_accepted_ensemble_tag_pending_step06_validation
DH_2_MFA_BA,DH,MFA_BA,DH_2_MFA_BA__hybrid_optuna_042,low_recruitment_local_storage,M_tot,1.0,STRICTLY_LOCAL,7.816934000884112e-20,1.0896132803062916e-22,0.09094770594020161,0.4136961008867714,provisional_accepted_ensemble_tag_pending_step06_validation
DH_2_MFA_BA,DH,MFA_BA,DH_2_MFA_BA__hybrid_optuna_043,available_surface_voltage_coupled_but_ionic_recruitment_low,M_tot,1.0,BALANCED_OR_WEAK,2.2697995666143668e-70,3.6341372675129684e-70,0.489671702173559,0.44477207744200226,provisional_accepted_ensemble_tag_pending_step06_validation
DH_2_MFA_BA,DH,MFA_BA,DH_2_MFA_BA__hybrid_optuna_044,mixed_local_spatial_buffering,M_tot,1.0,STRICTLY_LOCAL,0.32453091346903,0.0003973475296905527,0.28249697099423215,0.5862732322871048,provisional_accepted_ensemble_tag_pending_step06_validation
DH_2_MFA_BA,DH,MFA_BA,DH_2_MFA_BA__hybrid_optuna_045,kir_dominant_local_buffering,M_tot,1.0,STRICTLY_LOCAL,1.204087314488885e-84,2.094770208902206e-86,0.37756165657878576,0.6223050258180355,provisional_accepted_ensemble_tag_pending_step06_validation
DH_2_MFA_BA,DH,MFA_BA,DH_2_MFA_BA__hybrid_optuna_046,low_recruitment_local_storage,M_tot,0.8333333333333334,STRICTLY_LOCAL,1.7438376834592633e-107,4.916066380550633e-108,0.3924395464421093,0.4907701306305033,provisional_accepted_ensemble_tag_pending_step06_validation
DH_2_MFA_BA,DH,MFA_BA,DH_2_MFA_BA__hybrid_optuna_047,kir_dominant_local_buffering,M_tot,1.0,STRICTLY_LOCAL,6.01659737357396e-11,7.89710235227885e-14,0.12592669510632207,0.6969875955573929,provisional_accepted_ensemble_tag_pending_step06_validation
DH_2_MFA_BA,DH,MFA_BA,DH_2_MFA_BA__hybrid_optuna_048,kir_dominant_local_buffering,M_tot,1.0,STRICTLY_LOCAL,9.859181846582456e-305,9.390418052227944e-308,0.04785517073285716,0.9489436215201786,provisional_accepted_ensemble_tag_pending_step06_validation
DH_2_MFA_BA,DH,MFA_BA,DH_2_MFA_BA__hybrid_optuna_049,available_surface_voltage_coupled_but_ionic_recruitment_low,M_tot,1.0,BALANCED_OR_WEAK,1.1879730822182626e-12,6.282625810892858e-13,0.47173279569733156,0.48725084631839827,provisional_accepted_ensemble_tag_pending_step06_validation
DH_2_MFA_BA,DH,MFA_BA,DH_2_MFA_BA__hybrid_optuna_050,kir_dominant_local_buffering,M_tot,1.0,STRICTLY_LOCAL,8.143013827629298e-12,9.528194966693507e-13,0.2611415428776832,0.6878818482972681,provisional_accepted_ensemble_tag_pending_step06_validation
DH_2_MFA_BA,DH,MFA_BA,DH_2_MFA_BA__hybrid_optuna_051,kir_dominant_local_buffering,M_tot,1.0,STRICTLY_LOCAL,0.11984173713885181,0.05772357931189562,0.22665004381398599,0.7181912866797125,provisional_accepted_ensemble_tag_pending_step06_validation
DH_2_MFA_BA,DH,MFA_BA,DH_2_MFA_BA__hybrid_optuna_052,available_surface_voltage_coupled_but_ionic_recruitment_low,M_tot,1.0,STRICTLY_LOCAL,1.8531346764296975e-07,1.5309079151228762e-05,0.41931955728264064,0.5175537740139137,provisional_accepted_ensemble_tag_pending_step06_validation
DH_2_MFA_BA,DH,MFA_BA,DH_2_MFA_BA__hybrid_optuna_053,kir_dominant_local_buffering,M_tot,1.0,STRICTLY_LOCAL,9.276866302554482e-112,1.6051156648613037e-112,0.24481868584071442,0.7457007668419356,provisional_accepted_ensemble_tag_pending_step06_validation
DH_2_MFA_BA,DH,MFA_BA,DH_2_MFA_BA__hybrid_optuna_054,available_surface_voltage_coupled_but_ionic_recruitment_low,M_tot,1.0,BALANCED_OR_WEAK,9.859676543706576e-305,2.3277862106939757e-303,0.49905594104645595,0.500917792771281,provisional_accepted_ensemble_tag_pending_step06_validation
DH_2_MFA_BA,DH,MFA_BA,DH_2_MFA_BA__hybrid_optuna_055,recruited_surface_gap_assisted_buffering,M_tot,1.0,BALANCED_OR_WEAK,0.9754067021171515,0.49934624974681935,0.5004129422113776,0.4987320902631796,provisional_accepted_ensemble_tag_pending_step06_validation
DH_2_MFA_BA,DH,MFA_BA,DH_2_MFA_BA__hybrid_optuna_056,recruited_surface_gap_assisted_buffering,M_tot,1.0,BALANCED_OR_WEAK,0.9658880153746656,0.4987687064823316,0.4997970640883644,0.4996724130886654,provisional_accepted_ensemble_tag_pending_step06_validation
DH_2_MFA_BA,DH,MFA_BA,DH_2_MFA_BA__hybrid_optuna_057,recruited_surface_gap_assisted_buffering,M_tot,1.0,BALANCED_OR_WEAK,0.9381470735719725,0.49914238561052965,0.5002153255821827,0.49924576712578705,provisional_accepted_ensemble_tag_pending_step06_validation
DH_2_MFA_BA,DH,MFA_BA,DH_2_MFA_BA__hybrid_optuna_058,recruited_surface_gap_assisted_buffering,M_tot,1.0,BALANCED_OR_WEAK,0.9583873109184787,0.49898766619934715,0.5003048221261844,0.49867037192724245,provisional_accepted_ensemble_tag_pending_step06_validation
DH_2_MFA_BA,DH,MFA_BA,DH_2_MFA_BA__hybrid_optuna_059,low_recruitment_local_storage,M_tot,1.0,STRICTLY_LOCAL,1.6490175851263673e-17,1.252714112324287e-22,0.15515098569888827,0.41869161853907483,provisional_accepted_ensemble_tag_pending_step06_validation
DH_2_MFA_BA,DH,MFA_BA,DH_2_MFA_BA__hybrid_optuna_060,recruited_surface_gap_assisted_buffering,M_tot,1.0,BALANCED_OR_WEAK,0.936520225776388,0.4989689603143878,0.5006893102672784,0.49842462082832434,provisional_accepted_ensemble_tag_pending_step06_validation
DH_2_MFA_BA,DH,MFA_BA,DH_2_MFA_BA__hybrid_optuna_061,recruited_surface_gap_assisted_buffering,M_tot,1.0,BALANCED_OR_WEAK,0.9043195696301646,0.4989398151359609,0.5009929707808062,0.49823162564567675,provisional_accepted_ensemble_tag_pending_step06_validation
DH_2_MFA_BA,DH,MFA_BA,DH_2_MFA_BA__hybrid_optuna_062,low_recruitment_local_storage,M_tot,0.8333333333333334,MIXED_LOCAL,6.58527383888524e-126,1.45193530189116e-125,0.3798383129894419,0.2938450980222165,provisional_accepted_ensemble_tag_pending_step06_validation
DH_2_MFA_BA,DH,MFA_BA,DH_2_MFA_BA__hybrid_optuna_063,low_recruitment_local_storage,M_tot,1.0,STRICTLY_LOCAL,3.0682546289047743e-07,0.0,0.21217816100740775,0.3586121610665909,provisional_accepted_ensemble_tag_pending_step06_validation
DH_2_MFA_BA,DH,MFA_BA,DH_2_MFA_BA__hybrid_optuna_064,recruited_surface_gap_assisted_buffering,M_tot,1.0,BALANCED_OR_WEAK,0.8782379378143435,0.49949297865659,0.5020402316128584,0.4976611297850196,provisional_accepted_ensemble_tag_pending_step06_validation
DH_2_MFA_BA,DH,MFA_BA,DH_2_MFA_BA__hybrid_optuna_065,low_recruitment_local_storage,M_tot,1.0,STRICTLY_LOCAL,8.203332554723806e-49,0.0,0.023994053091865215,0.5081915943828308,provisional_accepted_ensemble_tag_pending_step06_validation
DH_2_MFA_BA,DH,MFA_BA,DH_2_MFA_BA__hybrid_optuna_066,recruited_surface_gap_assisted_buffering,M_tot,0.6666666666666666,MIXED_LOCAL,0.6172652461626372,0.1797274408675341,0.6538784898429922,0.09202910241784346,provisional_accepted_ensemble_tag_pending_step06_validation
DH_2_MFA_BA,DH,MFA_BA,DH_2_MFA_BA__hybrid_optuna_067,mixed_local_spatial_buffering,M_tot,1.0,STRICTLY_LOCAL,0.27028146302789574,0.0,0.02000272669581601,0.48337796954033313,provisional_accepted_ensemble_tag_pending_step06_validation
DH_2_MFA_BA,DH,MFA_BA,DH_2_MFA_BA__hybrid_optuna_068,low_recruitment_local_storage,M_tot,1.0,STRICTLY_LOCAL,8.809921843356949e-16,3.8152758688501334e-19,0.18266186937919304,0.38339255047741544,provisional_accepted_ensemble_tag_pending_step06_validation
DH_2_MFA_BA,DH,MFA_BA,DH_2_MFA_BA__hybrid_optuna_069,low_recruitment_local_storage,M_tot,1.0,STRICTLY_LOCAL,3.907521388612262e-73,0.0,0.1504429566870531,0.4067546184651989,provisional_accepted_ensemble_tag_pending_step06_validation
DH_2_MFA_BA,DH,MFA_BA,DH_2_MFA_BA__hybrid_optuna_070,low_recruitment_local_storage,M_tot,1.0,STRICTLY_LOCAL,8.487912410536994e-38,0.0,0.2199776310309485,0.3462192361748926,provisional_accepted_ensemble_tag_pending_step06_validation
DH_2_MFA_BA,DH,MFA_BA,DH_2_MFA_BA__hybrid_optuna_071,available_surface_voltage_coupled_but_ionic_recruitment_low,M_tot,1.0,MIXED_LOCAL,9.586176332547857e-84,1.6103339120753462e-84,0.46080465392066167,0.20610027561180502,provisional_accepted_ensemble_tag_pending_step06_validation
DH_2_MFA_BA,DH,MFA_BA,DH_2_MFA_BA__hybrid_optuna_072,low_recruitment_local_storage,M_tot,1.0,STRICTLY_LOCAL,9.858612791790576e-305,1.3884560333091e-310,0.07491522487075279,0.5216314259937219,provisional_accepted_ensemble_tag_pending_step06_validation
DH_2_MFA_BA,DH,MFA_BA,DH_2_MFA_BA__hybrid_optuna_073,available_surface_voltage_coupled_but_ionic_recruitment_low,M_tot,1.0,MIXED_LOCAL,1.7687857735670486e-248,1.7929546485294394e-247,0.479155718641932,0.3490784552263782,provisional_accepted_ensemble_tag_pending_step06_validation
DH_2_MFA_BA,DH,MFA_BA,DH_2_MFA_BA__hybrid_optuna_074,available_surface_voltage_coupled_but_ionic_recruitment_low,M_tot,0.8333333333333334,MIXED_LOCAL,9.859676543736472e-305,2.2150636275515005e-302,0.4145744617668516,0.1382667728861349,provisional_accepted_ensemble_tag_pending_step06_validation
DH_2_MFA_BA,DH,MFA_BA,DH_2_MFA_BA__hybrid_optuna_075,low_recruitment_local_storage,M_tot,1.0,STRICTLY_LOCAL,9.859675834609632e-305,0.0,0.15507242508849237,0.3833451232348311,provisional_accepted_ensemble_tag_pending_step06_validation
DH_2_MFA_BA,DH,MFA_BA,DH_2_MFA_BA__hybrid_optuna_076,mixed_local_spatial_buffering,M_tot,1.0,STRICTLY_LOCAL,0.45949870478598065,0.0,0.0006509535274295175,0.5123109139397855,provisional_accepted_ensemble_tag_pending_step06_validation
DH_2_MFA_BA,DH,MFA_BA,DH_2_MFA_BA__hybrid_optuna_077,low_recruitment_local_storage,M_tot,0.5,STRICTLY_LOCAL,5.487010721997959e-06,5.9629681444294464e-09,0.15014612591138501,0.5776625574010436,provisional_accepted_ensemble_tag_pending_step06_validation
DH_2_MFA_BA,DH,MFA_BA,DH_2_MFA_BA__hybrid_optuna_078,low_recruitment_local_storage,M_tot,1.0,STRICTLY_LOCAL,0.00041613422986295714,6.648506292959242e-06,0.28899372861369965,0.4880824298560562,provisional_accepted_ensemble_tag_pending_step06_validation
DH_2_MFA_BA,DH,MFA_BA,DH_2_MFA_BA__hybrid_optuna_079,low_recruitment_local_storage,M_tot,1.0,STRICTLY_LOCAL,3.439955604911113e-10,5.277592658257455e-13,0.06273877792339165,0.5135559102605366,provisional_accepted_ensemble_tag_pending_step06_validation
DH_2_MFA_BA,DH,MFA_BA,DH_2_MFA_BA__hybrid_optuna_080,low_recruitment_local_storage,M_tot,1.0,STRICTLY_LOCAL,2.6992194674059657e-40,0.0,0.05509647815938734,0.48015038504358337,provisional_accepted_ensemble_tag_pending_step06_validation
DH_2_MFA_BA,DH,MFA_BA,DH_2_MFA_BA__hybrid_optuna_081,low_recruitment_local_storage,M_tot,1.0,STRICTLY_LOCAL,0.010882128301681874,0.0,0.03030160685066186,0.4715860581371986,provisional_accepted_ensemble_tag_pending_step06_validation
DH_2_MFA_BA,DH,MFA_BA,DH_2_MFA_BA__hybrid_optuna_082,available_surface_voltage_coupled_but_ionic_recruitment_low,M_tot,1.0,MIXED_LOCAL,8.588269787266832e-22,2.1544247663937377e-21,0.4966448088869271,0.18969380147753742,provisional_accepted_ensemble_tag_pending_step06_validation
DH_2_MFA_BA,DH,MFA_BA,DH_2_MFA_BA__hybrid_optuna_083,available_surface_voltage_coupled_but_ionic_recruitment_low,M_tot,1.0,MIXED_LOCAL,0.006206996023538052,0.12619544672953556,0.4778192845153013,0.316243543079022,provisional_accepted_ensemble_tag_pending_step06_validation
DH_2_MFA_BA,DH,MFA_BA,DH_2_MFA_BA__hybrid_optuna_084,low_recruitment_local_storage,M_tot,1.0,BALANCED_OR_WEAK,9.319388235574207e-59,1.2004079426001406e-61,0.3416511091047359,0.3130661074243668,provisional_accepted_ensemble_tag_pending_step06_validation
DH_2_MFA_BA,DH,MFA_BA,DH_2_MFA_BA__hybrid_optuna_085,available_surface_voltage_coupled_but_ionic_recruitment_low,M_tot,1.0,BALANCED_OR_WEAK,9.8596748575929e-305,1.1448926901659805e-306,0.5006578544423004,0.47499632359887917,provisional_accepted_ensemble_tag_pending_step06_validation
DH_2_MFA_BA,DH,MFA_BA,DH_2_MFA_BA__hybrid_optuna_086,available_surface_voltage_coupled_but_ionic_recruitment_low,M_tot,1.0,MIXED_LOCAL,9.457271856532373e-89,2.2377465765289223e-87,0.6204734551982494,0.3372879544866296,provisional_accepted_ensemble_tag_pending_step06_validation
DH_2_MFA_BA,DH,MFA_BA,DH_2_MFA_BA__hybrid_optuna_087,mixed_local_spatial_buffering,M_tot,1.0,MIXED_LOCAL,0.45706004550562357,0.026893675047386757,0.446217819046651,0.19853912842545376,provisional_accepted_ensemble_tag_pending_step06_validation
DH_2_MFA_BA,DH,MFA_BA,DH_2_MFA_BA__hybrid_optuna_088,available_surface_voltage_coupled_but_ionic_recruitment_low,M_tot,1.0,MIXED_LOCAL,4.766790572135695e-19,1.5874933884532401e-21,0.46644423158233944,0.1004448647207445,provisional_accepted_ensemble_tag_pending_step06_validation
DH_2_MFA_BA,DH,MFA_BA,DH_2_MFA_BA__hybrid_optuna_089,available_surface_voltage_coupled_but_ionic_recruitment_low,M_tot,1.0,MIXED_LOCAL,1.6065611047179745e-19,4.0039937232597375e-21,0.5029564535806926,0.4181826985198225,provisional_accepted_ensemble_tag_pending_step06_validation
DH_2_MFA_BA,DH,MFA_BA,DH_2_MFA_BA__hybrid_optuna_090,kir_dominant_local_buffering,M_tot,1.0,STRICTLY_LOCAL,1.7774906022034683e-37,3.700513445987194e-38,0.3288001016985837,0.6632218229881801,provisional_accepted_ensemble_tag_pending_step06_validation
DH_2_MFA_BA,DH,MFA_BA,DH_2_MFA_BA__hybrid_optuna_091,available_surface_voltage_coupled_but_ionic_recruitment_low,M_tot,1.0,BALANCED_OR_WEAK,1.6161387832523223e-06,0.061951293585286726,0.5033508879113031,0.4965951989129474,provisional_accepted_ensemble_tag_pending_step06_validation
DH_2_MFA_BA,DH,MFA_BA,DH_2_MFA_BA__hybrid_optuna_092,low_recruitment_local_storage,M_tot,1.0,STRICTLY_LOCAL,4.1611201761299505e-71,1.6272903699798013e-72,0.21963909174324128,0.44364841221021784,provisional_accepted_ensemble_tag_pending_step06_validation
DH_2_MFA_BA,DH,MFA_BA,DH_2_MFA_BA__hybrid_optuna_093,low_recruitment_local_storage,M_tot,1.0,STRICTLY_LOCAL,1.4850946766038333e-47,1.069569403607016e-50,0.10828101621231256,0.5178729434668146,provisional_accepted_ensemble_tag_pending_step06_validation
DH_2_MFA_BA,DH,MFA_BA,DH_2_MFA_BA__hybrid_optuna_094,available_surface_voltage_coupled_but_ionic_recruitment_low,M_tot,1.0,BALANCED_OR_WEAK,3.903684237307336e-110,3.1245155421054275e-111,0.47402529379872044,0.4996816433764839,provisional_accepted_ensemble_tag_pending_step06_validation
DH_2_MFA_BA,DH,MFA_BA,DH_2_MFA_BA__hybrid_optuna_095,low_recruitment_local_storage,M_tot,1.0,STRICTLY_LOCAL,3.235542050338374e-17,0.0,0.03933582491720488,0.4670658178969989,provisional_accepted_ensemble_tag_pending_step06_validation
DH_2_MFA_BA,DH,MFA_BA,DH_2_MFA_BA__hybrid_optuna_096,available_surface_voltage_coupled_but_ionic_recruitment_low,M_tot,1.0,BALANCED_OR_WEAK,1.8667098976117336e-115,1.5082709774560743e-116,0.4995570932374291,0.47917043222587824,provisional_accepted_ensemble_tag_pending_step06_validation
DH_2_MFA_BA,DH,MFA_BA,DH_2_MFA_BA__hybrid_optuna_097,available_surface_voltage_coupled_but_ionic_recruitment_low,M_tot,1.0,MIXED_LOCAL,2.565046434967899e-131,9.807652105320938e-135,0.44496015919778653,0.3448750728491754,provisional_accepted_ensemble_tag_pending_step06_validation
DH_2_MFA_BA,DH,MFA_BA,DH_2_MFA_BA__hybrid_optuna_098,low_recruitment_local_storage,M_tot,1.0,STRICTLY_LOCAL,4.76753522315338e-09,4.559504980622129e-11,0.18788321001990563,0.4292828547479483,provisional_accepted_ensemble_tag_pending_step06_validation
DH_2_MFA_BA,DH,MFA_BA,DH_2_MFA_BA__hybrid_optuna_099,kir_dominant_local_buffering,M_tot,1.0,STRICTLY_LOCAL,1.8685747875001112e-111,1.2562140320452611e-110,0.23549189177925398,0.762888521376334,provisional_accepted_ensemble_tag_pending_step06_validation
DH_2_MFA_BA,DH,MFA_BA,DH_2_MFA_BA__hybrid_optuna_100,low_recruitment_local_storage,M_tot,1.0,BALANCED_OR_WEAK,0.03435282166901738,0.00011010951101782024,0.35495012632808515,0.37653872556380846,provisional_accepted_ensemble_tag_pending_step06_validation
DH_2_MFA_BA,DH,MFA_BA,DH_2_MFA_BA__hybrid_post_001,low_recruitment_local_storage,M_tot,1.0,BALANCED_OR_WEAK,4.245578107270902e-27,4.202143415031547e-27,0.3180795154934187,0.3438156606009073,provisional_accepted_ensemble_tag_pending_step06_validation
DH_2_MFA_BA,DH,MFA_BA,DH_2_MFA_BA__hybrid_post_002,low_recruitment_local_storage,M_tot,1.0,BALANCED_OR_WEAK,6.08015584105673e-21,3.9143333480441354e-20,0.3639454854008237,0.33750874101807704,provisional_accepted_ensemble_tag_pending_step06_validation
DH_2_MFA_BA,DH,MFA_BA,DH_2_MFA_BA__hybrid_post_003,low_recruitment_local_storage,M_tot,1.0,BALANCED_OR_WEAK,9.481279046285146e-16,3.193517648817161e-16,0.3382750939535841,0.37862875741517427,provisional_accepted_ensemble_tag_pending_step06_validation
DH_2_MFA_BA,DH,MFA_BA,DH_2_MFA_BA__hybrid_pre_01,recruited_surface_gap_assisted_buffering,M_tot,1.0,BALANCED_OR_WEAK,0.936520225776388,0.4989689603143878,0.5006893102672784,0.49842462082832434,provisional_accepted_ensemble_tag_pending_step06_validation
DH_2_MFA_BA,DH,MFA_BA,DH_2_MFA_BA__hybrid_pre_02,recruited_surface_gap_assisted_buffering,M_tot,1.0,BALANCED_OR_WEAK,0.9583873109184787,0.49898766619934715,0.5003048221261844,0.49867037192724245,provisional_accepted_ensemble_tag_pending_step06_validation
DH_2_MFA_BA,DH,MFA_BA,DH_2_MFA_BA__hybrid_pre_03,recruited_surface_gap_assisted_buffering,M_tot,1.0,BALANCED_OR_WEAK,0.9043195696301646,0.4989398151359609,0.5009929707808062,0.49823162564567675,provisional_accepted_ensemble_tag_pending_step06_validation
DH_2_MFA_BA,DH,MFA_BA,DH_2_MFA_BA__hybrid_pre_04,recruited_surface_gap_assisted_buffering,M_tot,1.0,BALANCED_OR_WEAK,0.9381470735719725,0.49914238561052965,0.5002153255821827,0.49924576712578705,provisional_accepted_ensemble_tag_pending_step06_validation
DH_2_MFA_BA,DH,MFA_BA,DH_2_MFA_BA__hybrid_pre_05,recruited_surface_gap_assisted_buffering,M_tot,1.0,BALANCED_OR_WEAK,0.9658880153746656,0.4987687064823316,0.4997970640883644,0.4996724130886654,provisional_accepted_ensemble_tag_pending_step06_validation
DH_2_MFA_BA,DH,MFA_BA,DH_2_MFA_BA__hybrid_pre_06,recruited_surface_gap_assisted_buffering,M_tot,1.0,BALANCED_OR_WEAK,0.9754067021171515,0.49934624974681935,0.5004129422113776,0.4987320902631796,provisional_accepted_ensemble_tag_pending_step06_validation
DH_2_MFA_BA,DH,MFA_BA,DH_2_MFA_BA__hybrid_pre_07,recruited_surface_gap_assisted_buffering,M_tot,1.0,BALANCED_OR_WEAK,0.8782379378143435,0.49949297865659,0.5020402316128584,0.4976611297850196,provisional_accepted_ensemble_tag_pending_step06_validation
DH_2_MFA_BA,DH,MFA_BA,DH_2_MFA_BA__hybrid_pre_08,recruited_surface_gap_assisted_buffering,M_tot,1.0,BALANCED_OR_WEAK,0.7529120283718612,0.49884838941482673,0.4992691932767861,0.5005594280922857,provisional_accepted_ensemble_tag_pending_step06_validation
DH_3_MFA,DH,MFA,DH_3_MFA__hybrid_optuna_001,kir_dominant_local_buffering,M_tot,1.0,STRICTLY_LOCAL,9.792717548665008e-305,6.281820764984853e-309,0.16218799148288446,0.8372352676622437,provisional_accepted_ensemble_tag_pending_step06_validation
DH_3_MFA,DH,MFA,DH_3_MFA__hybrid_optuna_002,kir_dominant_local_buffering,M_tot,1.0,STRICTLY_LOCAL,9.852458248043888e-305,1.239989714613749e-308,0.15137750022631152,0.8482637358965318,provisional_accepted_ensemble_tag_pending_step06_validation
DH_3_MFA,DH,MFA,DH_3_MFA__hybrid_optuna_003,kir_dominant_local_buffering,M_tot,1.0,STRICTLY_LOCAL,9.852349610605423e-305,1.043346163830458e-308,0.15317218458616047,0.8464869698822796,provisional_accepted_ensemble_tag_pending_step06_validation
DH_3_MFA,DH,MFA,DH_3_MFA__hybrid_optuna_004,kir_dominant_local_buffering,M_tot,1.0,STRICTLY_LOCAL,9.748020617210387e-305,3.352982233003725e-309,0.15498153334189993,0.8443274087025255,provisional_accepted_ensemble_tag_pending_step06_validation
DH_3_MFA,DH,MFA,DH_3_MFA__hybrid_optuna_005,kir_dominant_local_buffering,M_tot,1.0,STRICTLY_LOCAL,9.851917799844818e-305,1.000368956425867e-308,0.15651803801310749,0.8431324565650046,provisional_accepted_ensemble_tag_pending_step06_validation
DH_3_MFA,DH,MFA,DH_3_MFA__hybrid_optuna_006,kir_dominant_local_buffering,M_tot,1.0,STRICTLY_LOCAL,9.852938079484702e-305,1.1494817812416566e-308,0.1528011631168604,0.8468445391451541,provisional_accepted_ensemble_tag_pending_step06_validation
DH_3_MFA,DH,MFA,DH_3_MFA__hybrid_optuna_007,kir_dominant_local_buffering,M_tot,1.0,STRICTLY_LOCAL,9.798614222281904e-305,3.02192405533341e-309,0.1525161815749879,0.8468753320711144,provisional_accepted_ensemble_tag_pending_step06_validation
DH_3_MFA,DH,MFA,DH_3_MFA__hybrid_optuna_008,kir_dominant_local_buffering,M_tot,1.0,STRICTLY_LOCAL,9.850811787864169e-305,9.382919481196423e-309,0.15838173980471318,0.8411619465186941,provisional_accepted_ensemble_tag_pending_step06_validation
DH_3_MFA,DH,MFA,DH_3_MFA__hybrid_optuna_009,kir_dominant_local_buffering,M_tot,1.0,STRICTLY_LOCAL,9.848053379614197e-305,1.3843588026734497e-308,0.15895164024218242,0.8404431867282628,provisional_accepted_ensemble_tag_pending_step06_validation
DH_3_MFA,DH,MFA,DH_3_MFA__hybrid_optuna_010,kir_dominant_local_buffering,M_tot,1.0,STRICTLY_LOCAL,9.85793170603262e-305,7.994212607684765e-309,0.1526501708949129,0.8458537538361884,provisional_accepted_ensemble_tag_pending_step06_validation
DH_3_MFA,DH,MFA,DH_3_MFA__hybrid_optuna_011,kir_dominant_local_buffering,M_tot,1.0,STRICTLY_LOCAL,9.855302696774079e-305,2.607097705160176e-308,0.25003409630668744,0.7495377810063628,provisional_accepted_ensemble_tag_pending_step06_validation
DH_3_MFA,DH,MFA,DH_3_MFA__hybrid_optuna_012,kir_dominant_local_buffering,M_tot,1.0,STRICTLY_LOCAL,9.857867522970221e-305,7.02012243656634e-309,0.17896648003792368,0.8200412548243005,provisional_accepted_ensemble_tag_pending_step06_validation
DH_3_MFA,DH,MFA,DH_3_MFA__hybrid_optuna_013,kir_dominant_local_buffering,M_tot,1.0,STRICTLY_LOCAL,9.859569122647615e-305,1.0488862770749471e-307,0.2028873080341984,0.7570118522201713,provisional_accepted_ensemble_tag_pending_step06_validation
DH_3_MFA,DH,MFA,DH_3_MFA__hybrid_optuna_014,kir_dominant_local_buffering,M_tot,1.0,STRICTLY_LOCAL,9.85729562746143e-305,2.601365716334867e-308,0.2540908537576621,0.745651553963584,provisional_accepted_ensemble_tag_pending_step06_validation
DH_3_MFA,DH,MFA,DH_3_MFA__hybrid_optuna_015,kir_dominant_local_buffering,M_tot,1.0,STRICTLY_LOCAL,9.858561067350341e-305,1.1230440612852295e-308,0.1798543161338706,0.8182197357772774,provisional_accepted_ensemble_tag_pending_step06_validation
DH_3_MFA,DH,MFA,DH_3_MFA__hybrid_optuna_016,kir_dominant_local_buffering,M_tot,1.0,STRICTLY_LOCAL,9.852243998146735e-305,7.43970395143002e-309,0.255201640919412,0.7445453821875784,provisional_accepted_ensemble_tag_pending_step06_validation
DH_3_MFA,DH,MFA,DH_3_MFA__hybrid_optuna_017,kir_dominant_local_buffering,M_tot,1.0,STRICTLY_LOCAL,9.83485455189703e-305,4.701515205784703e-309,0.24174855388174765,0.7577988757433824,provisional_accepted_ensemble_tag_pending_step06_validation
DH_3_MFA,DH,MFA,DH_3_MFA__hybrid_optuna_018,kir_dominant_local_buffering,M_tot,1.0,STRICTLY_LOCAL,9.858425373512158e-305,9.770328476707916e-309,0.18002232986394148,0.8187044313800763,provisional_accepted_ensemble_tag_pending_step06_validation
DH_3_MFA,DH,MFA,DH_3_MFA__hybrid_optuna_019,kir_dominant_local_buffering,M_tot,1.0,STRICTLY_LOCAL,9.858455558384476e-305,1.0510221069817066e-308,0.19553120375780453,0.8034970176714942,provisional_accepted_ensemble_tag_pending_step06_validation
DH_3_MFA,DH,MFA,DH_3_MFA__hybrid_optuna_020,kir_dominant_local_buffering,M_tot,1.0,STRICTLY_LOCAL,9.859542100052304e-305,7.945954822602309e-308,0.1977254743610631,0.7593980535856518,provisional_accepted_ensemble_tag_pending_step06_validation
DH_3_MFA,DH,MFA,DH_3_MFA__hybrid_optuna_021,kir_dominant_local_buffering,M_tot,1.0,STRICTLY_LOCAL,9.858145166999977e-305,7.46648635234134e-309,0.1892083252525322,0.807985695127522,provisional_accepted_ensemble_tag_pending_step06_validation
DH_3_MFA,DH,MFA,DH_3_MFA__hybrid_optuna_022,kir_dominant_local_buffering,M_tot,1.0,STRICTLY_LOCAL,9.85917263596072e-305,4.591553602994163e-308,0.19417192542925418,0.8025912620696265,provisional_accepted_ensemble_tag_pending_step06_validation
DH_3_MFA,DH,MFA,DH_3_MFA__hybrid_optuna_023,mixed_local_spatial_buffering,M_tot,1.0,STRICTLY_LOCAL,0.4221605459127676,1.525102571375554e-05,0.1537546134375744,0.8454759044374006,provisional_accepted_ensemble_tag_pending_step06_validation
DH_3_MFA,DH,MFA,DH_3_MFA__hybrid_optuna_024,kir_dominant_local_buffering,M_tot,1.0,STRICTLY_LOCAL,9.85233482575033e-305,4.47641892024633e-309,0.16321800614517093,0.8355102061179379,provisional_accepted_ensemble_tag_pending_step06_validation
DH_3_MFA,DH,MFA,DH_3_MFA__hybrid_optuna_025,kir_dominant_local_buffering,M_tot,1.0,STRICTLY_LOCAL,9.842345465849403e-305,1.4538744302967356e-308,0.2904431552213954,0.709080032636968,provisional_accepted_ensemble_tag_pending_step06_validation
DH_3_MFA,DH,MFA,DH_3_MFA__hybrid_optuna_026,kir_dominant_local_buffering,M_tot,1.0,STRICTLY_LOCAL,9.859357494399335e-305,3.569136812295357e-308,0.19702793526349116,0.7703459050155875,provisional_accepted_ensemble_tag_pending_step06_validation
DH_3_MFA,DH,MFA,DH_3_MFA__hybrid_optuna_027,kir_dominant_local_buffering,M_tot,1.0,STRICTLY_LOCAL,9.859665518653466e-305,2.7582663369403013e-307,0.20347082841385544,0.7581311263656051,provisional_accepted_ensemble_tag_pending_step06_validation
DH_3_MFA,DH,MFA,DH_3_MFA__hybrid_optuna_028,kir_dominant_local_buffering,M_tot,0.6666666666666666,STRICTLY_LOCAL,2.469156473434693e-239,5.266196002513469e-242,0.3026273802850204,0.6057522512341634,provisional_accepted_ensemble_tag_pending_step06_validation
DH_3_MFA,DH,MFA,DH_3_MFA__hybrid_optuna_029,kir_dominant_local_buffering,M_tot,0.8333333333333334,STRICTLY_LOCAL,9.859668377985789e-305,2.39484091425893e-307,0.22831157472803545,0.6575217608579036,provisional_accepted_ensemble_tag_pending_step06_validation
DH_3_MFA,DH,MFA,DH_3_MFA__hybrid_optuna_030,kir_dominant_local_buffering,M_tot,1.0,STRICTLY_LOCAL,9.859607925658141e-305,3.674329639321401e-307,0.21135975944589344,0.7506492048812529,provisional_accepted_ensemble_tag_pending_step06_validation
DH_3_MFA,DH,MFA,DH_3_MFA__hybrid_optuna_031,kir_dominant_local_buffering,M_tot,0.6666666666666666,STRICTLY_LOCAL,1.8401167032394243e-236,6.707200643514289e-238,0.36461016310704947,0.6047700696745566,provisional_accepted_ensemble_tag_pending_step06_validation
DH_3_MFA,DH,MFA,DH_3_MFA__hybrid_optuna_032,low_recruitment_local_storage,M_tot,0.8333333333333334,STRICTLY_LOCAL,9.859672080528597e-305,3.613737130900803e-307,0.39350003679099715,0.5810811791360245,provisional_accepted_ensemble_tag_pending_step06_validation
DH_3_MFA,DH,MFA,DH_3_MFA__hybrid_optuna_033,low_recruitment_local_storage,M_tot,0.5,STRICTLY_LOCAL,9.859671507615851e-305,2.1676525191114255e-307,0.3193426035632226,0.5907404646128765,provisional_accepted_ensemble_tag_pending_step06_validation
DH_3_MFA,DH,MFA,DH_3_MFA__hybrid_optuna_034,low_recruitment_local_storage,M_tot,1.0,STRICTLY_LOCAL,9.859674889999331e-305,6.603022818961751e-307,0.36283861237350457,0.5694250278877647,provisional_accepted_ensemble_tag_pending_step06_validation
DH_3_MFA,DH,MFA,DH_3_MFA__hybrid_optuna_035,kir_dominant_local_buffering,M_tot,1.0,STRICTLY_LOCAL,9.859675630403931e-305,4.962075048293717e-307,0.2658780380818548,0.7094984358219057,provisional_accepted_ensemble_tag_pending_step06_validation
DH_3_MFA,DH,MFA,DH_3_MFA__hybrid_optuna_036,kir_dominant_local_buffering,M_tot,1.0,STRICTLY_LOCAL,9.85967577643873e-305,5.7161910009359845e-307,0.2630882268152697,0.7222095171099623,provisional_accepted_ensemble_tag_pending_step06_validation
DH_3_MFA,DH,MFA,DH_3_MFA__hybrid_optuna_037,available_surface_voltage_coupled_but_ionic_recruitment_low,M_tot,1.0,STRICTLY_LOCAL,5.01806191188237e-39,2.069535426320604e-40,0.4281597655851845,0.5593066287328508,provisional_accepted_ensemble_tag_pending_step06_validation
DH_3_MFA,DH,MFA,DH_3_MFA__hybrid_optuna_038,available_surface_voltage_coupled_but_ionic_recruitment_low,M_tot,1.0,BALANCED_OR_WEAK,2.696841915229019e-28,3.422589871018862e-29,0.46278120147544444,0.5313261765050006,provisional_accepted_ensemble_tag_pending_step06_validation
DH_3_MFA,DH,MFA,DH_3_MFA__hybrid_optuna_039,available_surface_voltage_coupled_but_ionic_recruitment_low,M_tot,0.8333333333333334,STRICTLY_LOCAL,9.859676156361605e-305,2.4102855224541065e-306,0.4079080800370864,0.5612098165235323,provisional_accepted_ensemble_tag_pending_step06_validation
DH_3_MFA,DH,MFA,DH_3_MFA__hybrid_optuna_040,low_recruitment_local_storage,M_tot,0.5,STRICTLY_LOCAL,9.859671701964168e-305,1.80218436205631e-307,0.33037358282244433,0.5765589357996995,provisional_accepted_ensemble_tag_pending_step06_validation
DH_3_MFA,DH,MFA,DH_3_MFA__hybrid_optuna_041,available_surface_voltage_coupled_but_ionic_recruitment_low,M_tot,0.5,STRICTLY_LOCAL,3.4594547771002243e-154,3.421814849233779e-157,0.4009322069687755,0.5094837822404611,provisional_accepted_ensemble_tag_pending_step06_validation
DH_3_MFA,DH,MFA,DH_3_MFA__hybrid_optuna_042,kir_dominant_local_buffering,M_tot,1.0,STRICTLY_LOCAL,9.859637390692954e-305,5.348501727361205e-308,0.07907642177494432,0.8939351646874126,provisional_accepted_ensemble_tag_pending_step06_validation
DH_3_MFA,DH,MFA,DH_3_MFA__hybrid_optuna_043,low_recruitment_local_storage,M_tot,1.0,STRICTLY_LOCAL,9.859676045241327e-305,1.88556602391969e-306,0.3614379532246527,0.5356261106078074,provisional_accepted_ensemble_tag_pending_step06_validation
DH_3_MFA,DH,MFA,DH_3_MFA__hybrid_optuna_044,low_recruitment_local_storage,M_tot,1.0,STRICTLY_LOCAL,1.9877884208853698e-175,1.2239473143787578e-178,0.314512910026595,0.5131886892907934,provisional_accepted_ensemble_tag_pending_step06_validation
DH_3_MFA,DH,MFA,DH_3_MFA__hybrid_optuna_045,available_surface_voltage_coupled_but_ionic_recruitment_low,M_tot,1.0,STRICTLY_LOCAL,0.0037228795613661395,0.0001317188020375204,0.4349041998831418,0.5583532487660455,provisional_accepted_ensemble_tag_pending_step06_validation
DH_3_MFA,DH,MFA,DH_3_MFA__hybrid_optuna_046,available_surface_voltage_coupled_but_ionic_recruitment_low,M_tot,1.0,BALANCED_OR_WEAK,1.2844927449046382e-39,1.5402177331792994e-40,0.4541842296724206,0.5393849054944098,provisional_accepted_ensemble_tag_pending_step06_validation
DH_3_MFA,DH,MFA,DH_3_MFA__hybrid_optuna_047,available_surface_voltage_coupled_but_ionic_recruitment_low,M_tot,1.0,BALANCED_OR_WEAK,1.4935375508598674e-54,8.839377536948267e-54,0.49521708524171587,0.5043293061371223,provisional_accepted_ensemble_tag_pending_step06_validation
DH_3_MFA,DH,MFA,DH_3_MFA__hybrid_optuna_048,kir_dominant_local_buffering,M_tot,1.0,STRICTLY_LOCAL,2.2409069951237158e-299,1.3524861802313071e-300,0.11901136190158165,0.8788299238327599,provisional_accepted_ensemble_tag_pending_step06_validation
DH_3_MFA,DH,MFA,DH_3_MFA__hybrid_optuna_049,kir_dominant_local_buffering,M_tot,1.0,STRICTLY_LOCAL,1.3476424672947232e-05,6.591758372200925e-07,0.37754538302230595,0.6192539885559326,provisional_accepted_ensemble_tag_pending_step06_validation
DH_3_MFA,DH,MFA,DH_3_MFA__hybrid_optuna_050,available_surface_voltage_coupled_but_ionic_recruitment_low,M_tot,1.0,STRICTLY_LOCAL,1.1447958913250136e-37,6.865481676240375e-39,0.4493625015766951,0.5402055636552722,provisional_accepted_ensemble_tag_pending_step06_validation
DH_3_MFA,DH,MFA,DH_3_MFA__hybrid_optuna_051,kir_dominant_local_buffering,M_tot,1.0,STRICTLY_LOCAL,9.859675556337093e-305,3.551091047990293e-307,0.22237722996038975,0.7154677295368631,provisional_accepted_ensemble_tag_pending_step06_validation
DH_3_MFA,DH,MFA,DH_3_MFA__hybrid_optuna_052,available_surface_voltage_coupled_but_ionic_recruitment_low,M_tot,1.0,BALANCED_OR_WEAK,2.203458728573096e-31,4.225053171584269e-32,0.46914200094974884,0.529806527247935,provisional_accepted_ensemble_tag_pending_step06_validation
DH_3_MFA,DH,MFA,DH_3_MFA__hybrid_optuna_053,kir_dominant_local_buffering,M_tot,1.0,STRICTLY_LOCAL,4.9810922680822536e-164,1.2537992462857963e-167,0.14283946120325472,0.8287556737742641,provisional_accepted_ensemble_tag_pending_step06_validation
DH_3_MFA,DH,MFA,DH_3_MFA__hybrid_optuna_054,available_surface_voltage_coupled_but_ionic_recruitment_low,M_tot,1.0,BALANCED_OR_WEAK,5.652261188236416e-93,1.447022033875484e-92,0.49597831536673437,0.5036240841841264,provisional_accepted_ensemble_tag_pending_step06_validation
DH_3_MFA,DH,MFA,DH_3_MFA__hybrid_optuna_055,available_surface_voltage_coupled_but_ionic_recruitment_low,M_tot,1.0,BALANCED_OR_WEAK,7.498799932743618e-40,2.6945947367540203e-41,0.4642605001433155,0.4043649791111235,provisional_accepted_ensemble_tag_pending_step06_validation
DH_3_MFA,DH,MFA,DH_3_MFA__hybrid_optuna_056,available_surface_voltage_coupled_but_ionic_recruitment_low,M_tot,1.0,BALANCED_OR_WEAK,9.859676023604385e-305,1.2829205934897437e-306,0.4685432396349138,0.443199499072543,provisional_accepted_ensemble_tag_pending_step06_validation
DH_3_MFA,DH,MFA,DH_3_MFA__hybrid_optuna_057,kir_dominant_local_buffering,M_tot,1.0,STRICTLY_LOCAL,9.859371381971055e-305,7.511843540604297e-309,0.23273844927850737,0.6947239916183395,provisional_accepted_ensemble_tag_pending_step06_validation
DH_3_MFA,DH,MFA,DH_3_MFA__hybrid_optuna_058,available_surface_voltage_coupled_but_ionic_recruitment_low,M_tot,1.0,STRICTLY_LOCAL,3.8840384557883393e-134,5.999028073518458e-138,0.42606681969322957,0.5689289894720759,provisional_accepted_ensemble_tag_pending_step06_validation
DH_3_MFA,DH,MFA,DH_3_MFA__hybrid_optuna_059,kir_dominant_local_buffering,M_tot,1.0,STRICTLY_LOCAL,9.790552146002132e-305,8.5404277564116e-311,0.005615660721542103,0.9943214522561029,provisional_accepted_ensemble_tag_pending_step06_validation
DH_3_MFA,DH,MFA,DH_3_MFA__hybrid_optuna_060,mixed_local_spatial_buffering,M_tot,1.0,BALANCED_OR_WEAK,0.4126217950998698,0.42392249059217485,0.49576392837687094,0.4985108407461556,provisional_accepted_ensemble_tag_pending_step06_validation
DH_3_MFA,DH,MFA,DH_3_MFA__hybrid_optuna_061,available_surface_voltage_coupled_but_ionic_recruitment_low,M_tot,1.0,BALANCED_OR_WEAK,1.499122474510747e-08,6.046757961217757e-09,0.4924193496166925,0.5073977904120228,provisional_accepted_ensemble_tag_pending_step06_validation
DH_3_MFA,DH,MFA,DH_3_MFA__hybrid_optuna_062,available_surface_voltage_coupled_but_ionic_recruitment_low,M_tot,1.0,BALANCED_OR_WEAK,6.525501627533239e-93,5.3413892720004126e-95,0.48702779205996066,0.5106574001161983,provisional_accepted_ensemble_tag_pending_step06_validation
DH_3_MFA,DH,MFA,DH_3_MFA__hybrid_optuna_063,kir_dominant_local_buffering,M_tot,0.8333333333333334,STRICTLY_LOCAL,9.859663417187655e-305,1.942924842914692e-307,0.19419835778094954,0.670029450566792,provisional_accepted_ensemble_tag_pending_step06_validation
DH_3_MFA,DH,MFA,DH_3_MFA__hybrid_optuna_064,available_surface_voltage_coupled_but_ionic_recruitment_low,M_tot,1.0,BALANCED_OR_WEAK,9.85967555711094e-305,1.4349138328560184e-307,0.4950701510333076,0.503061004491543,provisional_accepted_ensemble_tag_pending_step06_validation
DH_3_MFA,DH,MFA,DH_3_MFA__hybrid_optuna_065,available_surface_voltage_coupled_but_ionic_recruitment_low,M_tot,1.0,BALANCED_OR_WEAK,2.1054185698673084e-249,3.1888382431878884e-249,0.49954154421907204,0.5004181501489455,provisional_accepted_ensemble_tag_pending_step06_validation
DH_3_MFA,DH,MFA,DH_3_MFA__hybrid_optuna_066,kir_dominant_local_buffering,M_tot,1.0,STRICTLY_LOCAL,9.859675710326468e-305,1.287666057659983e-307,0.10997942977079418,0.8117455420234733,provisional_accepted_ensemble_tag_pending_step06_validation
DH_3_MFA,DH,MFA,DH_3_MFA__hybrid_optuna_067,available_surface_voltage_coupled_but_ionic_recruitment_low,M_tot,1.0,BALANCED_OR_WEAK,1.4948988651885888e-10,3.5226769253307914e-12,0.4998135308746765,0.48895357572540504,provisional_accepted_ensemble_tag_pending_step06_validation
DH_3_MFA,DH,MFA,DH_3_MFA__hybrid_optuna_068,available_surface_voltage_coupled_but_ionic_recruitment_low,M_tot,1.0,STRICTLY_LOCAL,4.065611220349436e-55,1.753693907197624e-57,0.4257591798460198,0.5701616634817127,provisional_accepted_ensemble_tag_pending_step06_validation
DH_3_MFA,DH,MFA,DH_3_MFA__hybrid_optuna_069,recruited_surface_gap_assisted_buffering,M_tot,1.0,BALANCED_OR_WEAK,0.8624266989614137,0.49940727440319516,0.499747824417129,0.4999439535761659,provisional_accepted_ensemble_tag_pending_step06_validation
DH_3_MFA,DH,MFA,DH_3_MFA__hybrid_optuna_070,low_recruitment_local_storage,M_tot,1.0,STRICTLY_LOCAL,2.734233189984086e-203,1.3397739548332154e-206,0.25077852786411675,0.5105239947933189,provisional_accepted_ensemble_tag_pending_step06_validation
DH_3_MFA,DH,MFA,DH_3_MFA__hybrid_optuna_071,recruited_surface_gap_assisted_buffering,M_tot,1.0,BALANCED_OR_WEAK,0.793355210621075,0.4996548349416938,0.4999817198386129,0.4998554869867457,provisional_accepted_ensemble_tag_pending_step06_validation
DH_3_MFA,DH,MFA,DH_3_MFA__hybrid_optuna_072,low_recruitment_local_storage,M_tot,1.0,STRICTLY_LOCAL,9.859621630428371e-305,1.0524129674891619e-307,0.2595979076181853,0.41593629520685393,provisional_accepted_ensemble_tag_pending_step06_validation
DH_3_MFA,DH,MFA,DH_3_MFA__hybrid_optuna_073,low_recruitment_local_storage,M_tot,0.5,STRICTLY_LOCAL,9.834951057178005e-305,5.07312502998127e-309,0.14538350856516116,0.582030991875547,provisional_accepted_ensemble_tag_pending_step06_validation
DH_3_MFA,DH,MFA,DH_3_MFA__hybrid_optuna_074,low_recruitment_local_storage,M_tot,1.0,BALANCED_OR_WEAK,8.098506897066006e-44,2.016156081877127e-44,0.38635583101106546,0.4460080788335478,provisional_accepted_ensemble_tag_pending_step06_validation
DH_3_MFA,DH,MFA,DH_3_MFA__hybrid_optuna_075,recruited_surface_gap_assisted_buffering,M_tot,1.0,BALANCED_OR_WEAK,0.8551358268804149,0.4921141855736421,0.5004062701447645,0.4739681929365096,provisional_accepted_ensemble_tag_pending_step06_validation
DH_3_MFA,DH,MFA,DH_3_MFA__hybrid_optuna_076,available_surface_voltage_coupled_but_ionic_recruitment_low,M_tot,1.0,BALANCED_OR_WEAK,4.116924735277861e-108,9.779462172422699e-109,0.4946375195578716,0.5050116400987265,provisional_accepted_ensemble_tag_pending_step06_validation
DH_3_MFA,DH,MFA,DH_3_MFA__hybrid_optuna_077,kir_dominant_local_buffering,M_tot,0.6666666666666666,STRICTLY_LOCAL,9.859466085059097e-305,5.747505293491351e-308,0.12284639060683977,0.6322698072344366,provisional_accepted_ensemble_tag_pending_step06_validation
DH_3_MFA,DH,MFA,DH_3_MFA__hybrid_optuna_078,kir_dominant_local_buffering,M_tot,0.8333333333333334,STRICTLY_LOCAL,9.859676348799256e-305,1.9797813415475104e-306,0.10103122754741452,0.6806159969603134,provisional_accepted_ensemble_tag_pending_step06_validation
DH_3_MFA,DH,MFA,DH_3_MFA__hybrid_optuna_079,low_recruitment_local_storage,M_tot,1.0,STRICTLY_LOCAL,9.859676543697566e-305,1.3717988059175835e-303,0.13641160808478112,0.5131489037656248,provisional_accepted_ensemble_tag_pending_step06_validation
DH_3_MFA,DH,MFA,DH_3_MFA__hybrid_optuna_080,low_recruitment_local_storage,M_tot,1.0,STRICTLY_LOCAL,1.2130495998265176e-256,1.2540943252322444e-259,0.09907195662309316,0.4867568705632607,provisional_accepted_ensemble_tag_pending_step06_validation
DH_3_MFA,DH,MFA,DH_3_MFA__hybrid_optuna_081,recruited_surface_gap_assisted_buffering,M_tot,1.0,BALANCED_OR_WEAK,0.5539470149697606,0.49740257391400555,0.49794521812273146,0.5017870168567765,provisional_accepted_ensemble_tag_pending_step06_validation
DH_3_MFA,DH,MFA,DH_3_MFA__hybrid_optuna_082,low_recruitment_local_storage,M_tot,1.0,STRICTLY_LOCAL,9.859673286442094e-305,0.0,0.00571581225991206,0.5150901576415804,provisional_accepted_ensemble_tag_pending_step06_validation
DH_3_MFA,DH,MFA,DH_3_MFA__hybrid_optuna_083,recruited_surface_gap_assisted_buffering,M_tot,1.0,BALANCED_OR_WEAK,0.923856793712786,0.4989770051595952,0.4992554853886153,0.5004604830893438,provisional_accepted_ensemble_tag_pending_step06_validation
DH_3_MFA,DH,MFA,DH_3_MFA__hybrid_optuna_084,kir_dominant_local_buffering,M_tot,1.0,STRICTLY_LOCAL,1.334005922161843e-11,1.47223764630564e-11,0.34154804653335,0.658206311193512,provisional_accepted_ensemble_tag_pending_step06_validation
DH_3_MFA,DH,MFA,DH_3_MFA__hybrid_optuna_085,recruited_surface_gap_assisted_buffering,M_tot,1.0,BALANCED_OR_WEAK,0.910995522796337,0.49925471223166595,0.49985662569175204,0.49958342691773083,provisional_accepted_ensemble_tag_pending_step06_validation
DH_3_MFA,DH,MFA,DH_3_MFA__hybrid_optuna_086,recruited_surface_gap_assisted_buffering,M_tot,1.0,BALANCED_OR_WEAK,0.8606428125300393,0.49921653730818893,0.4997812526681004,0.49988893841442344,provisional_accepted_ensemble_tag_pending_step06_validation
DH_3_MFA,DH,MFA,DH_3_MFA__hybrid_optuna_087,recruited_surface_gap_assisted_buffering,M_tot,1.0,BALANCED_OR_WEAK,0.9317641627263868,0.4993208388466585,0.5000897655817303,0.4992828088198698,provisional_accepted_ensemble_tag_pending_step06_validation
DH_3_MFA,DH,MFA,DH_3_MFA__hybrid_optuna_088,recruited_surface_gap_assisted_buffering,M_tot,1.0,BALANCED_OR_WEAK,0.8948591199096692,0.499360573794257,0.49978131208767557,0.49982531649074485,provisional_accepted_ensemble_tag_pending_step06_validation
DH_3_MFA,DH,MFA,DH_3_MFA__hybrid_optuna_089,low_recruitment_local_storage,M_tot,1.0,STRICTLY_LOCAL,9.859675135028092e-305,0.0,0.012417203480021366,0.4877549086002604,provisional_accepted_ensemble_tag_pending_step06_validation
DH_3_MFA,DH,MFA,DH_3_MFA__hybrid_optuna_090,available_surface_voltage_coupled_but_ionic_recruitment_low,M_tot,1.0,BALANCED_OR_WEAK,9.859676521971103e-305,2.488977281459757e-305,0.5017826134189652,0.4941794232971211,provisional_accepted_ensemble_tag_pending_step06_validation
DH_3_MFA,DH,MFA,DH_3_MFA__hybrid_optuna_091,available_surface_voltage_coupled_but_ionic_recruitment_low,M_tot,1.0,BALANCED_OR_WEAK,1.628320531499146e-50,7.743712363315292e-53,0.4561209410703309,0.5356245734566565,provisional_accepted_ensemble_tag_pending_step06_validation
DH_3_MFA,DH,MFA,DH_3_MFA__hybrid_optuna_092,mixed_local_spatial_buffering,M_tot,1.0,MIXED_LOCAL,0.4752102702898669,0.2941908956843452,0.5073623313959924,0.04013375461506407,provisional_accepted_ensemble_tag_pending_step06_validation
DH_3_MFA,DH,MFA,DH_3_MFA__hybrid_optuna_093,available_surface_voltage_coupled_but_ionic_recruitment_low,M_tot,1.0,BALANCED_OR_WEAK,9.859676539407376e-305,4.157574345843117e-305,0.5022898129575443,0.49690700708605967,provisional_accepted_ensemble_tag_pending_step06_validation
DH_3_MFA,DH,MFA,DH_3_MFA__hybrid_optuna_094,available_surface_voltage_coupled_but_ionic_recruitment_low,M_tot,1.0,BALANCED_OR_WEAK,9.859676525459726e-305,1.158205577513591e-305,0.5127764643178011,0.4859417909618144,provisional_accepted_ensemble_tag_pending_step06_validation
DH_3_MFA,DH,MFA,DH_3_MFA__hybrid_optuna_095,kir_dominant_local_buffering,M_tot,1.0,STRICTLY_LOCAL,1.7774906022034683e-37,3.700513445987194e-38,0.3288001016985837,0.6632218229881801,provisional_accepted_ensemble_tag_pending_step06_validation
DH_3_MFA,DH,MFA,DH_3_MFA__hybrid_optuna_096,available_surface_voltage_coupled_but_ionic_recruitment_low,M_tot,1.0,BALANCED_OR_WEAK,1.6161387832523223e-06,0.061951293585286726,0.5033508879113031,0.4965951989129474,provisional_accepted_ensemble_tag_pending_step06_validation
DH_3_MFA,DH,MFA,DH_3_MFA__hybrid_optuna_097,low_recruitment_local_storage,M_tot,1.0,STRICTLY_LOCAL,9.756416409448872e-305,1.713208486682971e-307,0.2087136347092077,0.4124087124683163,provisional_accepted_ensemble_tag_pending_step06_validation
DH_3_MFA,DH,MFA,DH_3_MFA__hybrid_optuna_098,available_surface_voltage_coupled_but_ionic_recruitment_low,M_tot,1.0,BALANCED_OR_WEAK,5.969937950696977e-303,4.326650566617729e-302,0.494248108931173,0.5057259907212789,provisional_accepted_ensemble_tag_pending_step06_validation
DH_3_MFA,DH,MFA,DH_3_MFA__hybrid_optuna_099,available_surface_voltage_coupled_but_ionic_recruitment_low,M_tot,1.0,STRICTLY_LOCAL,9.859297130281808e-305,7.410911899284294e-306,0.44287333363169545,0.5557600953718164,provisional_accepted_ensemble_tag_pending_step06_validation
DH_3_MFA,DH,MFA,DH_3_MFA__hybrid_optuna_100,mixed_local_spatial_buffering,M_tot,1.0,MIXED_LOCAL,0.4841237557699453,0.08882799748295366,0.5062483841860874,0.023784477780243136,provisional_accepted_ensemble_tag_pending_step06_validation
DH_3_MFA,DH,MFA,DH_3_MFA__hybrid_post_001,kir_dominant_local_buffering,M_tot,1.0,STRICTLY_LOCAL,9.795911458941205e-305,6.59919788747542e-309,0.1621875242658344,0.8372357442429296,provisional_accepted_ensemble_tag_pending_step06_validation
DH_3_MFA,DH,MFA,DH_3_MFA__hybrid_post_002,kir_dominant_local_buffering,M_tot,1.0,STRICTLY_LOCAL,9.852458251760685e-305,1.2399897520182396e-308,0.1513774926044549,0.8482637435395642,provisional_accepted_ensemble_tag_pending_step06_validation
DH_3_MFA,DH,MFA,DH_3_MFA__hybrid_post_003,kir_dominant_local_buffering,M_tot,1.0,STRICTLY_LOCAL,9.832710484091382e-305,2.82768414911652e-309,0.15317504494158238,0.8464840865696129,provisional_accepted_ensemble_tag_pending_step06_validation
DH_3_MFA,DH,MFA,DH_3_MFA__hybrid_pre_01,recruited_surface_gap_assisted_buffering,M_tot,1.0,BALANCED_OR_WEAK,0.8948591199096692,0.499360573794257,0.49978131208767557,0.49982531649074485,provisional_accepted_ensemble_tag_pending_step06_validation
DH_3_MFA,DH,MFA,DH_3_MFA__hybrid_pre_02,recruited_surface_gap_assisted_buffering,M_tot,1.0,BALANCED_OR_WEAK,0.910995522796337,0.49925471223166595,0.49985662569175204,0.49958342691773083,provisional_accepted_ensemble_tag_pending_step06_validation
DH_3_MFA,DH,MFA,DH_3_MFA__hybrid_pre_03,recruited_surface_gap_assisted_buffering,M_tot,1.0,BALANCED_OR_WEAK,0.8624266989614137,0.49940727440319516,0.499747824417129,0.4999439535761659,provisional_accepted_ensemble_tag_pending_step06_validation
DH_3_MFA,DH,MFA,DH_3_MFA__hybrid_pre_04,recruited_surface_gap_assisted_buffering,M_tot,1.0,BALANCED_OR_WEAK,0.8606428125300393,0.49921653730818893,0.4997812526681004,0.49988893841442344,provisional_accepted_ensemble_tag_pending_step06_validation
DH_3_MFA,DH,MFA,DH_3_MFA__hybrid_pre_05,recruited_surface_gap_assisted_buffering,M_tot,1.0,BALANCED_OR_WEAK,0.923856793712786,0.4989770051595952,0.4992554853886153,0.5004604830893438,provisional_accepted_ensemble_tag_pending_step06_validation
DH_3_MFA,DH,MFA,DH_3_MFA__hybrid_pre_06,recruited_surface_gap_assisted_buffering,M_tot,1.0,BALANCED_OR_WEAK,0.9317641627263868,0.4993208388466585,0.5000897655817303,0.4992828088198698,provisional_accepted_ensemble_tag_pending_step06_validation
DH_3_MFA,DH,MFA,DH_3_MFA__hybrid_pre_07,recruited_surface_gap_assisted_buffering,M_tot,1.0,BALANCED_OR_WEAK,0.793355210621075,0.4996548349416938,0.4999817198386129,0.4998554869867457,provisional_accepted_ensemble_tag_pending_step06_validation
DH_3_MFA,DH,MFA,DH_3_MFA__hybrid_pre_08,recruited_surface_gap_assisted_buffering,M_tot,1.0,BALANCED_OR_WEAK,0.5539470149697606,0.49740257391400555,0.49794521812273146,0.5017870168567765,provisional_accepted_ensemble_tag_pending_step06_validation
DH_3_MFA_BA,DH,MFA_BA,DH_3_MFA_BA__hybrid_optuna_001,recruited_surface_gap_assisted_buffering,M_tot,1.0,STRICTLY_LOCAL,0.6398231728956317,0.00020925389819839802,0.45303843723146375,0.5468109877617721,provisional_accepted_ensemble_tag_pending_step06_validation
DH_3_MFA_BA,DH,MFA_BA,DH_3_MFA_BA__hybrid_optuna_002,recruited_surface_gap_assisted_buffering,M_tot,1.0,BALANCED_OR_WEAK,0.8475831713005962,0.0002185054065441518,0.4634063848855668,0.5361015599068831,provisional_accepted_ensemble_tag_pending_step06_validation
DH_3_MFA_BA,DH,MFA_BA,DH_3_MFA_BA__hybrid_optuna_003,recruited_surface_gap_assisted_buffering,M_tot,1.0,BALANCED_OR_WEAK,0.7466270696383638,0.00028307916086192284,0.4589733697033214,0.5403526003662734,provisional_accepted_ensemble_tag_pending_step06_validation
DH_3_MFA_BA,DH,MFA_BA,DH_3_MFA_BA__hybrid_optuna_004,recruited_surface_gap_assisted_buffering,M_tot,1.0,BALANCED_OR_WEAK,0.6635326814745593,0.0001378471541334654,0.4579667890979286,0.5418994610020818,provisional_accepted_ensemble_tag_pending_step06_validation
DH_3_MFA_BA,DH,MFA_BA,DH_3_MFA_BA__hybrid_optuna_005,recruited_surface_gap_assisted_buffering,M_tot,1.0,STRICTLY_LOCAL,0.6376625116257718,0.00037934712547809047,0.4539124872491674,0.5460130661681774,provisional_accepted_ensemble_tag_pending_step06_validation
DH_3_MFA_BA,DH,MFA_BA,DH_3_MFA_BA__hybrid_optuna_006,recruited_surface_gap_assisted_buffering,M_tot,0.8333333333333334,BALANCED_OR_WEAK,0.5917496203911471,0.0002722815009625649,0.46764189071030243,0.5322290692740408,provisional_accepted_ensemble_tag_pending_step06_validation
DH_3_MFA_BA,DH,MFA_BA,DH_3_MFA_BA__hybrid_optuna_007,recruited_surface_gap_assisted_buffering,M_tot,1.0,BALANCED_OR_WEAK,0.6518988651392621,0.00014011772189241996,0.4595193708066602,0.5403170645213602,provisional_accepted_ensemble_tag_pending_step06_validation
DH_3_MFA_BA,DH,MFA_BA,DH_3_MFA_BA__hybrid_optuna_008,recruited_surface_gap_assisted_buffering,M_tot,1.0,BALANCED_OR_WEAK,0.6033160948670097,0.00035075511250955653,0.4635948746659515,0.5363421712793458,provisional_accepted_ensemble_tag_pending_step06_validation
DH_3_MFA_BA,DH,MFA_BA,DH_3_MFA_BA__hybrid_optuna_009,recruited_surface_gap_assisted_buffering,M_tot,0.8333333333333334,STRICTLY_LOCAL,0.6584524733500136,2.3120360439753272e-05,0.31614467080185327,0.6827633580791718,provisional_accepted_ensemble_tag_pending_step06_validation
DH_3_MFA_BA,DH,MFA_BA,DH_3_MFA_BA__hybrid_optuna_010,recruited_surface_gap_assisted_buffering,M_tot,0.8333333333333334,STRICTLY_LOCAL,0.7215162855960213,2.550154277744954e-05,0.3219769890456059,0.6765312601573904,provisional_accepted_ensemble_tag_pending_step06_validation
DH_3_MFA_BA,DH,MFA_BA,DH_3_MFA_BA__hybrid_optuna_011,mixed_local_spatial_buffering,M_tot,1.0,MIXED_LOCAL,0.14903149929012036,0.005895553308693276,0.4469236385869572,0.23265026838611927,provisional_accepted_ensemble_tag_pending_step06_validation
DH_3_MFA_BA,DH,MFA_BA,DH_3_MFA_BA__hybrid_optuna_012,recruited_surface_gap_assisted_buffering,M_tot,1.0,BALANCED_OR_WEAK,0.6264701164107469,0.00025468678616203554,0.4845753590462805,0.5152633013877344,provisional_accepted_ensemble_tag_pending_step06_validation
DH_3_MFA_BA,DH,MFA_BA,DH_3_MFA_BA__hybrid_optuna_013,recruited_surface_gap_assisted_buffering,M_tot,1.0,BALANCED_OR_WEAK,0.8308426839561466,0.00017883545834716848,0.46289617680908934,0.5365774858152724,provisional_accepted_ensemble_tag_pending_step06_validation
DH_3_MFA_BA,DH,MFA_BA,DH_3_MFA_BA__hybrid_optuna_014,recruited_surface_gap_assisted_buffering,M_tot,1.0,STRICTLY_LOCAL,0.6774781793153415,7.386746883754943e-05,0.42180700883355154,0.5779817996562026,provisional_accepted_ensemble_tag_pending_step06_validation
DH_3_MFA_BA,DH,MFA_BA,DH_3_MFA_BA__hybrid_optuna_015,recruited_surface_gap_assisted_buffering,M_tot,0.6666666666666666,BALANCED_OR_WEAK,0.5551499175958006,0.0028770582602597097,0.4813011363419603,0.5185973198073118,provisional_accepted_ensemble_tag_pending_step06_validation
DH_3_MFA_BA,DH,MFA_BA,DH_3_MFA_BA__hybrid_optuna_016,recruited_surface_gap_assisted_buffering,M_tot,1.0,STRICTLY_LOCAL,0.5968988174971152,3.268733440859648e-05,0.37784501352665517,0.6217052466762543,provisional_accepted_ensemble_tag_pending_step06_validation
DH_3_MFA_BA,DH,MFA_BA,DH_3_MFA_BA__hybrid_optuna_017,recruited_surface_gap_assisted_buffering,M_tot,0.6666666666666666,BALANCED_OR_WEAK,0.5436681317082989,0.0014600847290062793,0.49259455719478923,0.5073421872453231,provisional_accepted_ensemble_tag_pending_step06_validation
DH_3_MFA_BA,DH,MFA_BA,DH_3_MFA_BA__hybrid_optuna_018,mixed_local_spatial_buffering,M_tot,1.0,MIXED_LOCAL,0.14495681671365357,0.0027409654583196576,0.45529712959620694,0.3092385692205804,provisional_accepted_ensemble_tag_pending_step06_validation
DH_3_MFA_BA,DH,MFA_BA,DH_3_MFA_BA__hybrid_optuna_019,recruited_surface_gap_assisted_buffering,M_tot,0.8333333333333334,STRICTLY_LOCAL,0.5306790678936343,8.547528144352552e-06,0.31128100027899036,0.6875487748873849,provisional_accepted_ensemble_tag_pending_step06_validation
DH_3_MFA_BA,DH,MFA_BA,DH_3_MFA_BA__hybrid_optuna_020,available_surface_voltage_coupled_but_ionic_recruitment_low,M_tot,1.0,BALANCED_OR_WEAK,7.61622777962201e-10,2.550458198498998e-10,0.5057595485932166,0.49352718456145356,provisional_accepted_ensemble_tag_pending_step06_validation
DH_3_MFA_BA,DH,MFA_BA,DH_3_MFA_BA__hybrid_optuna_021,mixed_local_spatial_buffering,M_tot,1.0,BALANCED_OR_WEAK,0.28257588583233834,0.05329248853840459,0.5079258891305326,0.4896841627495037,provisional_accepted_ensemble_tag_pending_step06_validation
DH_3_MFA_BA,DH,MFA_BA,DH_3_MFA_BA__hybrid_optuna_022,recruited_surface_gap_assisted_buffering,M_tot,0.8333333333333334,BALANCED_OR_WEAK,0.6827361116497439,0.001951719718543135,0.5004407495036692,0.49950203517742836,provisional_accepted_ensemble_tag_pending_step06_validation
DH_3_MFA_BA,DH,MFA_BA,DH_3_MFA_BA__hybrid_optuna_023,mixed_local_spatial_buffering,M_tot,0.5,STRICTLY_LOCAL,0.7029879039878298,2.3788704083641267e-05,0.2896743866767674,0.7089737178035221,provisional_accepted_ensemble_tag_pending_step06_validation
DH_3_MFA_BA,DH,MFA_BA,DH_3_MFA_BA__hybrid_optuna_024,available_surface_voltage_coupled_but_ionic_recruitment_low,M_tot,1.0,BALANCED_OR_WEAK,1.8286942449118424e-12,1.050149680106194e-12,0.5041036762432733,0.49513615383327547,provisional_accepted_ensemble_tag_pending_step06_validation
DH_3_MFA_BA,DH,MFA_BA,DH_3_MFA_BA__hybrid_optuna_025,available_surface_voltage_coupled_but_ionic_recruitment_low,M_tot,1.0,BALANCED_OR_WEAK,2.1025658496254658e-05,4.8576450707122106e-05,0.5052950161779827,0.49411042418620066,provisional_accepted_ensemble_tag_pending_step06_validation
DH_3_MFA_BA,DH,MFA_BA,DH_3_MFA_BA__hybrid_optuna_026,mixed_local_spatial_buffering,M_tot,0.8333333333333334,BALANCED_OR_WEAK,0.3907850768316019,0.039725856761553345,0.5242501001794803,0.47561141466135193,provisional_accepted_ensemble_tag_pending_step06_validation
DH_3_MFA_BA,DH,MFA_BA,DH_3_MFA_BA__hybrid_optuna_027,mixed_local_spatial_buffering,M_tot,0.8333333333333334,MIXED_LOCAL,0.4767305949272312,0.004626997203114102,0.5651763980558098,0.43477697370085217,provisional_accepted_ensemble_tag_pending_step06_validation
DH_3_MFA_BA,DH,MFA_BA,DH_3_MFA_BA__hybrid_optuna_028,mixed_local_spatial_buffering,M_tot,0.5,BALANCED_OR_WEAK,0.4861822497553013,0.010177621097212883,0.5401083553693207,0.459298834655176,provisional_accepted_ensemble_tag_pending_step06_validation
DH_3_MFA_BA,DH,MFA_BA,DH_3_MFA_BA__hybrid_optuna_029,recruited_surface_gap_assisted_buffering,M_tot,0.8333333333333334,BALANCED_OR_WEAK,0.7630403324133067,0.002307645884403672,0.501581341361161,0.49837456110882955,provisional_accepted_ensemble_tag_pending_step06_validation
DH_3_MFA_BA,DH,MFA_BA,DH_3_MFA_BA__hybrid_optuna_030,recruited_surface_gap_assisted_buffering,M_tot,0.5,BALANCED_OR_WEAK,0.41063604637780343,0.05472006087040728,0.5095601317585826,0.49028704989398736,provisional_accepted_ensemble_tag_pending_step06_validation
DH_3_MFA_BA,DH,MFA_BA,DH_3_MFA_BA__hybrid_optuna_031,recruited_surface_gap_assisted_buffering,M_tot,0.8333333333333334,STRICTLY_LOCAL,0.6121396206925164,0.0008613977626076606,0.41934339216281474,0.5797833350603683,provisional_accepted_ensemble_tag_pending_step06_validation
DH_3_MFA_BA,DH,MFA_BA,DH_3_MFA_BA__hybrid_optuna_032,available_surface_voltage_coupled_but_ionic_recruitment_low,M_tot,1.0,BALANCED_OR_WEAK,4.925942341700831e-22,1.7382797310511734e-22,0.5045924371443362,0.49487954852597404,provisional_accepted_ensemble_tag_pending_step06_validation
DH_3_MFA_BA,DH,MFA_BA,DH_3_MFA_BA__hybrid_optuna_033,available_surface_voltage_coupled_but_ionic_recruitment_low,M_tot,0.8333333333333334,BALANCED_OR_WEAK,0.04052404811626795,0.006033181652593409,0.5037312308724806,0.49589741631705636,provisional_accepted_ensemble_tag_pending_step06_validation
DH_3_MFA_BA,DH,MFA_BA,DH_3_MFA_BA__hybrid_optuna_034,recruited_surface_gap_assisted_buffering,M_tot,1.0,BALANCED_OR_WEAK,0.6348721723286498,0.0006432200570061869,0.4762652989623493,0.5236919133692314,provisional_accepted_ensemble_tag_pending_step06_validation
DH_3_MFA_BA,DH,MFA_BA,DH_3_MFA_BA__hybrid_optuna_035,recruited_surface_gap_assisted_buffering,M_tot,0.8333333333333334,STRICTLY_LOCAL,0.66322949704868,0.13816655925955698,0.4426021518186145,0.5531846265817054,provisional_accepted_ensemble_tag_pending_step06_validation
DH_3_MFA_BA,DH,MFA_BA,DH_3_MFA_BA__hybrid_optuna_036,available_surface_voltage_coupled_but_ionic_recruitment_low,M_tot,1.0,BALANCED_OR_WEAK,2.2905631432829765e-08,7.669506725852782e-09,0.5219830473005594,0.47504958534679326,provisional_accepted_ensemble_tag_pending_step06_validation
DH_3_MFA_BA,DH,MFA_BA,DH_3_MFA_BA__hybrid_optuna_037,available_surface_voltage_coupled_but_ionic_recruitment_low,M_tot,0.6666666666666666,BALANCED_OR_WEAK,0.07537834982565067,0.009666723507844947,0.5022858482020887,0.49719830871207726,provisional_accepted_ensemble_tag_pending_step06_validation
DH_3_MFA_BA,DH,MFA_BA,DH_3_MFA_BA__hybrid_optuna_038,available_surface_voltage_coupled_but_ionic_recruitment_low,M_tot,1.0,MIXED_LOCAL,7.203238182252297e-14,2.7797839132249614e-13,0.46757716475276184,0.27139946553923233,provisional_accepted_ensemble_tag_pending_step06_validation
DH_3_MFA_BA,DH,MFA_BA,DH_3_MFA_BA__hybrid_optuna_039,mixed_local_spatial_buffering,M_tot,1.0,BALANCED_OR_WEAK,0.15849792014208455,0.01058355801229219,0.49984111819969596,0.4980987827218344,provisional_accepted_ensemble_tag_pending_step06_validation
DH_3_MFA_BA,DH,MFA_BA,DH_3_MFA_BA__hybrid_optuna_040,mixed_local_spatial_buffering,M_tot,1.0,BALANCED_OR_WEAK,0.42890418554543813,0.26124138313938805,0.5099415906966207,0.47762004426810784,provisional_accepted_ensemble_tag_pending_step06_validation
DH_3_MFA_BA,DH,MFA_BA,DH_3_MFA_BA__hybrid_optuna_041,recruited_surface_gap_assisted_buffering,M_tot,1.0,MIXED_LOCAL,0.7031290891416506,0.0035754939369978186,0.5498253245695695,0.44561745862371843,provisional_accepted_ensemble_tag_pending_step06_validation
DH_3_MFA_BA,DH,MFA_BA,DH_3_MFA_BA__hybrid_optuna_042,available_surface_voltage_coupled_but_ionic_recruitment_low,M_tot,1.0,BALANCED_OR_WEAK,1.033760550350195e-06,2.928571293703184e-07,0.49903116675887693,0.5007419809076518,provisional_accepted_ensemble_tag_pending_step06_validation
DH_3_MFA_BA,DH,MFA_BA,DH_3_MFA_BA__hybrid_optuna_043,available_surface_voltage_coupled_but_ionic_recruitment_low,M_tot,1.0,MIXED_LOCAL,6.694616762183492e-235,2.8504103121861114e-236,0.65212257305711,0.34776474598746066,provisional_accepted_ensemble_tag_pending_step06_validation
DH_3_MFA_BA,DH,MFA_BA,DH_3_MFA_BA__hybrid_optuna_044,available_surface_voltage_coupled_but_ionic_recruitment_low,M_tot,1.0,MIXED_LOCAL,5.006318072514165e-07,7.546515208573627e-09,0.4694575147997941,0.36174660417680454,provisional_accepted_ensemble_tag_pending_step06_validation
DH_3_MFA_BA,DH,MFA_BA,DH_3_MFA_BA__hybrid_optuna_045,mixed_local_spatial_buffering,M_tot,1.0,BALANCED_OR_WEAK,0.2542382546294528,0.0010664481111973365,0.49329815499592616,0.4874702020154708,provisional_accepted_ensemble_tag_pending_step06_validation
DH_3_MFA_BA,DH,MFA_BA,DH_3_MFA_BA__hybrid_optuna_046,mixed_local_spatial_buffering,M_tot,1.0,BALANCED_OR_WEAK,0.24641732618674686,0.00042608717672592677,0.4857905738889088,0.4686273814816928,provisional_accepted_ensemble_tag_pending_step06_validation
DH_3_MFA_BA,DH,MFA_BA,DH_3_MFA_BA__hybrid_optuna_047,available_surface_voltage_coupled_but_ionic_recruitment_low,M_tot,1.0,MIXED_LOCAL,1.5107226871208837e-06,2.458311448886888e-08,0.46672687217780395,0.35759552417429213,provisional_accepted_ensemble_tag_pending_step06_validation
DH_3_MFA_BA,DH,MFA_BA,DH_3_MFA_BA__hybrid_optuna_048,available_surface_voltage_coupled_but_ionic_recruitment_low,M_tot,0.5,MIXED_LOCAL,0.11515768874293249,0.011199023153627974,0.47403740173834835,0.18757062442141537,provisional_accepted_ensemble_tag_pending_step06_validation
DH_3_MFA_BA,DH,MFA_BA,DH_3_MFA_BA__hybrid_optuna_049,mixed_local_spatial_buffering,M_tot,1.0,BALANCED_OR_WEAK,0.21665561669955755,0.000554159074404066,0.4922527432453081,0.4867370290851056,provisional_accepted_ensemble_tag_pending_step06_validation
DH_3_MFA_BA,DH,MFA_BA,DH_3_MFA_BA__hybrid_optuna_050,available_surface_voltage_coupled_but_ionic_recruitment_low,M_tot,1.0,MIXED_LOCAL,0.008026617254296873,0.0008876926760884278,0.444558754016938,0.2910691824829776,provisional_accepted_ensemble_tag_pending_step06_validation
DH_3_MFA_BA,DH,MFA_BA,DH_3_MFA_BA__hybrid_optuna_051,mixed_local_spatial_buffering,M_tot,1.0,MIXED_LOCAL,0.4253717022821331,0.0001382466747101667,0.4477983762809174,0.3570974475314442,provisional_accepted_ensemble_tag_pending_step06_validation
DH_3_MFA_BA,DH,MFA_BA,DH_3_MFA_BA__hybrid_optuna_052,mixed_local_spatial_buffering,M_tot,1.0,BALANCED_OR_WEAK,0.27632658455565423,0.0006507144804953181,0.4908789074362167,0.4820390189426733,provisional_accepted_ensemble_tag_pending_step06_validation
DH_3_MFA_BA,DH,MFA_BA,DH_3_MFA_BA__hybrid_optuna_053,recruited_surface_gap_assisted_buffering,M_tot,0.6666666666666666,BALANCED_OR_WEAK,0.7038007806208338,0.36444138757893,0.502924101667327,0.4970094030758336,provisional_accepted_ensemble_tag_pending_step06_validation
DH_3_MFA_BA,DH,MFA_BA,DH_3_MFA_BA__hybrid_optuna_054,available_surface_voltage_coupled_but_ionic_recruitment_low,M_tot,1.0,BALANCED_OR_WEAK,0.002664232850607216,0.09116245674572586,0.5116808164118143,0.48530468513246244,provisional_accepted_ensemble_tag_pending_step06_validation
DH_3_MFA_BA,DH,MFA_BA,DH_3_MFA_BA__hybrid_optuna_055,available_surface_voltage_coupled_but_ionic_recruitment_low,M_tot,1.0,BALANCED_OR_WEAK,2.1153412036146062e-11,2.2781473618409694e-10,0.5024594280742715,0.49746112298300527,provisional_accepted_ensemble_tag_pending_step06_validation
DH_3_MFA_BA,DH,MFA_BA,DH_3_MFA_BA__hybrid_optuna_056,low_recruitment_local_storage,M_tot,0.8333333333333334,MIXED_LOCAL,0.006823631408246722,1.6618162057445912e-05,0.3899284328815926,0.27637067302927404,provisional_accepted_ensemble_tag_pending_step06_validation
DH_3_MFA_BA,DH,MFA_BA,DH_3_MFA_BA__hybrid_optuna_057,mixed_local_spatial_buffering,M_tot,1.0,BALANCED_OR_WEAK,0.43994283141209806,0.0017404996613921359,0.4854895011843836,0.4321326815856368,provisional_accepted_ensemble_tag_pending_step06_validation
DH_3_MFA_BA,DH,MFA_BA,DH_3_MFA_BA__hybrid_optuna_058,available_surface_voltage_coupled_but_ionic_recruitment_low,M_tot,1.0,MIXED_LOCAL,6.128503542315139e-18,1.847378074446378e-15,0.45974112734949896,0.2384941664343144,provisional_accepted_ensemble_tag_pending_step06_validation
DH_3_MFA_BA,DH,MFA_BA,DH_3_MFA_BA__hybrid_optuna_059,mixed_local_spatial_buffering,M_tot,1.0,BALANCED_OR_WEAK,0.46308940777436464,0.15935556278595706,0.4812397568369355,0.5006575753088639,provisional_accepted_ensemble_tag_pending_step06_validation
DH_3_MFA_BA,DH,MFA_BA,DH_3_MFA_BA__hybrid_optuna_060,available_surface_voltage_coupled_but_ionic_recruitment_low,M_tot,1.0,BALANCED_OR_WEAK,2.089968860670581e-30,2.2400403387455538e-29,0.507991331073407,0.4916164901206375,provisional_accepted_ensemble_tag_pending_step06_validation
DH_3_MFA_BA,DH,MFA_BA,DH_3_MFA_BA__hybrid_optuna_061,mixed_local_spatial_buffering,M_tot,1.0,MIXED_LOCAL,0.4641053680283393,0.009621756014500561,0.40971175833867707,0.1343422590593612,provisional_accepted_ensemble_tag_pending_step06_validation
DH_3_MFA_BA,DH,MFA_BA,DH_3_MFA_BA__hybrid_optuna_062,mixed_local_spatial_buffering,M_tot,1.0,BALANCED_OR_WEAK,0.4042123904323523,0.0016930100782061488,0.5042361240053606,0.495634144503291,provisional_accepted_ensemble_tag_pending_step06_validation
DH_3_MFA_BA,DH,MFA_BA,DH_3_MFA_BA__hybrid_optuna_063,available_surface_voltage_coupled_but_ionic_recruitment_low,M_tot,0.8333333333333334,MIXED_LOCAL,0.08112926023119611,0.015195558399977929,0.4839908861511218,0.3819346641515558,provisional_accepted_ensemble_tag_pending_step06_validation
DH_3_MFA_BA,DH,MFA_BA,DH_3_MFA_BA__hybrid_optuna_064,available_surface_voltage_coupled_but_ionic_recruitment_low,M_tot,1.0,BALANCED_OR_WEAK,3.3069891750160276e-27,1.1867591971291397e-26,0.5047944026191095,0.4928825972901858,provisional_accepted_ensemble_tag_pending_step06_validation
DH_3_MFA_BA,DH,MFA_BA,DH_3_MFA_BA__hybrid_optuna_065,mixed_local_spatial_buffering,M_tot,1.0,BALANCED_OR_WEAK,0.47799572097200543,0.0019421650742138937,0.452050207562714,0.5247897206350766,provisional_accepted_ensemble_tag_pending_step06_validation
DH_3_MFA_BA,DH,MFA_BA,DH_3_MFA_BA__hybrid_optuna_066,available_surface_voltage_coupled_but_ionic_recruitment_low,M_tot,1.0,BALANCED_OR_WEAK,1.931681648258615e-44,1.7222848624468843e-40,0.4968498343579575,0.5031335692042016,provisional_accepted_ensemble_tag_pending_step06_validation
DH_3_MFA_BA,DH,MFA_BA,DH_3_MFA_BA__hybrid_optuna_067,mixed_local_spatial_buffering,M_tot,1.0,BALANCED_OR_WEAK,0.3444633615971355,0.0189905410190478,0.4974703317282297,0.4269421985468423,provisional_accepted_ensemble_tag_pending_step06_validation
DH_3_MFA_BA,DH,MFA_BA,DH_3_MFA_BA__hybrid_optuna_068,mixed_local_spatial_buffering,M_tot,1.0,STRICTLY_LOCAL,0.46093400814458924,0.0006214094782527038,0.265944238827236,0.6531407584188963,provisional_accepted_ensemble_tag_pending_step06_validation
DH_3_MFA_BA,DH,MFA_BA,DH_3_MFA_BA__hybrid_optuna_069,kir_dominant_local_buffering,M_tot,1.0,STRICTLY_LOCAL,4.429279822759975e-38,2.027598255187939e-42,0.14887048036416717,0.7817550270609707,provisional_accepted_ensemble_tag_pending_step06_validation
DH_3_MFA_BA,DH,MFA_BA,DH_3_MFA_BA__hybrid_optuna_070,mixed_local_spatial_buffering,M_tot,1.0,MIXED_LOCAL,0.3851666759994787,0.3202611261961845,0.5004870922838287,0.41568617045146156,provisional_accepted_ensemble_tag_pending_step06_validation
DH_3_MFA_BA,DH,MFA_BA,DH_3_MFA_BA__hybrid_optuna_071,available_surface_voltage_coupled_but_ionic_recruitment_low,M_tot,1.0,BALANCED_OR_WEAK,1.4534294645117962e-06,6.807016443028418e-06,0.5234574525831331,0.4764083250766907,provisional_accepted_ensemble_tag_pending_step06_validation
DH_3_MFA_BA,DH,MFA_BA,DH_3_MFA_BA__hybrid_optuna_072,kir_dominant_local_buffering,M_tot,1.0,STRICTLY_LOCAL,1.7774906022034683e-37,3.700513445987194e-38,0.3288001016985837,0.6632218229881801,provisional_accepted_ensemble_tag_pending_step06_validation
DH_3_MFA_BA,DH,MFA_BA,DH_3_MFA_BA__hybrid_optuna_073,available_surface_voltage_coupled_but_ionic_recruitment_low,M_tot,1.0,BALANCED_OR_WEAK,1.6161387832523223e-06,0.061951293585286726,0.5033508879113031,0.4965951989129474,provisional_accepted_ensemble_tag_pending_step06_validation
DH_3_MFA_BA,DH,MFA_BA,DH_3_MFA_BA__hybrid_optuna_074,low_recruitment_local_storage,M_tot,1.0,STRICTLY_LOCAL,6.592799657430935e-12,9.158964214609063e-14,0.28888047063490735,0.3057679651461709,provisional_accepted_ensemble_tag_pending_step06_validation
DH_3_MFA_BA,DH,MFA_BA,DH_3_MFA_BA__hybrid_optuna_075,available_surface_voltage_coupled_but_ionic_recruitment_low,M_tot,1.0,BALANCED_OR_WEAK,3.52908370852592e-21,1.4979354970092421e-21,0.5060675072347912,0.4933925851618712,provisional_accepted_ensemble_tag_pending_step06_validation
DH_3_MFA_BA,DH,MFA_BA,DH_3_MFA_BA__hybrid_optuna_076,mixed_local_spatial_buffering,M_tot,1.0,MIXED_LOCAL,0.41494379345687366,0.0,0.2822059312413329,0.2250774481244797,provisional_accepted_ensemble_tag_pending_step06_validation
DH_3_MFA_BA,DH,MFA_BA,DH_3_MFA_BA__hybrid_optuna_077,available_surface_voltage_coupled_but_ionic_recruitment_low,M_tot,1.0,BALANCED_OR_WEAK,1.5386030875324278e-05,3.3772112124258616e-05,0.5017984294217588,0.4981791483188082,provisional_accepted_ensemble_tag_pending_step06_validation
DH_3_MFA_BA,DH,MFA_BA,DH_3_MFA_BA__hybrid_optuna_078,available_surface_voltage_coupled_but_ionic_recruitment_low,M_tot,1.0,MIXED_LOCAL,0.0015065683222720908,0.00036691854110908916,0.5675505353397322,0.432154680506111,provisional_accepted_ensemble_tag_pending_step06_validation
DH_3_MFA_BA,DH,MFA_BA,DH_3_MFA_BA__hybrid_optuna_079,mixed_local_spatial_buffering,M_tot,1.0,MIXED_LOCAL,0.18720977577168282,0.1411432317208487,0.45296379918509394,0.17950654595411075,provisional_accepted_ensemble_tag_pending_step06_validation
DH_3_MFA_BA,DH,MFA_BA,DH_3_MFA_BA__hybrid_optuna_080,available_surface_voltage_coupled_but_ionic_recruitment_low,M_tot,1.0,BALANCED_OR_WEAK,3.0797928046617406e-50,8.042983034812431e-51,0.5080735628973868,0.49172128284567185,provisional_accepted_ensemble_tag_pending_step06_validation
DH_3_MFA_BA,DH,MFA_BA,DH_3_MFA_BA__hybrid_optuna_081,mixed_local_spatial_buffering,M_tot,1.0,STRICTLY_LOCAL,0.46686400734880257,0.0,0.16055718246069425,0.3764319861101948,provisional_accepted_ensemble_tag_pending_step06_validation
DH_3_MFA_BA,DH,MFA_BA,DH_3_MFA_BA__hybrid_optuna_082,mixed_local_spatial_buffering,M_tot,1.0,MIXED_LOCAL,0.3479973300489266,0.0094951059462922,0.4902109904228868,0.38766409238759447,provisional_accepted_ensemble_tag_pending_step06_validation
DH_3_MFA_BA,DH,MFA_BA,DH_3_MFA_BA__hybrid_optuna_083,available_surface_voltage_coupled_but_ionic_recruitment_low,M_tot,1.0,BALANCED_OR_WEAK,2.694611480206829e-96,1.4913517660073316e-92,0.4946561077356635,0.5053274888280058,provisional_accepted_ensemble_tag_pending_step06_validation
DH_3_MFA_BA,DH,MFA_BA,DH_3_MFA_BA__hybrid_optuna_084,recruited_surface_gap_assisted_buffering,M_tot,1.0,BALANCED_OR_WEAK,0.8168816164714974,0.4983764391204631,0.5987294842016618,0.3443563808042362,provisional_accepted_ensemble_tag_pending_step06_validation
DH_3_MFA_BA,DH,MFA_BA,DH_3_MFA_BA__hybrid_optuna_085,recruited_surface_gap_assisted_buffering,M_tot,1.0,BALANCED_OR_WEAK,0.7529120328214357,0.498848650591774,0.4992691933463671,0.5005594280659865,provisional_accepted_ensemble_tag_pending_step06_validation
DH_3_MFA_BA,DH,MFA_BA,DH_3_MFA_BA__hybrid_optuna_086,available_surface_voltage_coupled_but_ionic_recruitment_low,M_tot,1.0,MIXED_LOCAL,0.05987605742259402,0.0037521418283025273,0.46101842353842887,0.21453104848535598,provisional_accepted_ensemble_tag_pending_step06_validation
DH_3_MFA_BA,DH,MFA_BA,DH_3_MFA_BA__hybrid_optuna_087,recruited_surface_gap_assisted_buffering,M_tot,1.0,BALANCED_OR_WEAK,0.9754067021171515,0.49934624974681935,0.5004129422113776,0.4987320902631796,provisional_accepted_ensemble_tag_pending_step06_validation
DH_3_MFA_BA,DH,MFA_BA,DH_3_MFA_BA__hybrid_optuna_088,recruited_surface_gap_assisted_buffering,M_tot,1.0,BALANCED_OR_WEAK,0.9658880153746656,0.4987687064823316,0.4997970640883644,0.4996724130886654,provisional_accepted_ensemble_tag_pending_step06_validation
DH_3_MFA_BA,DH,MFA_BA,DH_3_MFA_BA__hybrid_optuna_089,recruited_surface_gap_assisted_buffering,M_tot,1.0,BALANCED_OR_WEAK,0.9381470735719725,0.49914238561052965,0.5002153255821827,0.49924576712578705,provisional_accepted_ensemble_tag_pending_step06_validation
DH_3_MFA_BA,DH,MFA_BA,DH_3_MFA_BA__hybrid_optuna_090,recruited_surface_gap_assisted_buffering,M_tot,1.0,BALANCED_OR_WEAK,0.9583873109184787,0.49898766619934715,0.5003048221261844,0.49867037192724245,provisional_accepted_ensemble_tag_pending_step06_validation
DH_3_MFA_BA,DH,MFA_BA,DH_3_MFA_BA__hybrid_optuna_091,recruited_surface_gap_assisted_buffering,M_tot,1.0,BALANCED_OR_WEAK,0.936520225776388,0.4989689603143878,0.5006893102672784,0.49842462082832434,provisional_accepted_ensemble_tag_pending_step06_validation
DH_3_MFA_BA,DH,MFA_BA,DH_3_MFA_BA__hybrid_optuna_092,recruited_surface_gap_assisted_buffering,M_tot,1.0,BALANCED_OR_WEAK,0.9043195696301646,0.4989398151359609,0.5009929707808062,0.49823162564567675,provisional_accepted_ensemble_tag_pending_step06_validation
DH_3_MFA_BA,DH,MFA_BA,DH_3_MFA_BA__hybrid_optuna_093,recruited_surface_gap_assisted_buffering,M_tot,1.0,BALANCED_OR_WEAK,0.8782379378143435,0.49949297865659,0.5020402316128584,0.4976611297850196,provisional_accepted_ensemble_tag_pending_step06_validation
DH_3_MFA_BA,DH,MFA_BA,DH_3_MFA_BA__hybrid_optuna_094,available_surface_voltage_coupled_but_ionic_recruitment_low,M_tot,1.0,BALANCED_OR_WEAK,0.00019872421349457345,7.022312978007778e-05,0.5137286021950994,0.4654780765687898,provisional_accepted_ensemble_tag_pending_step06_validation
DH_3_MFA_BA,DH,MFA_BA,DH_3_MFA_BA__hybrid_optuna_095,kir_dominant_local_buffering,M_tot,1.0,STRICTLY_LOCAL,6.255268974072591e-227,5.973565993233281e-230,0.16870268283012016,0.8022754796005778,provisional_accepted_ensemble_tag_pending_step06_validation
DH_3_MFA_BA,DH,MFA_BA,DH_3_MFA_BA__hybrid_optuna_096,available_surface_voltage_coupled_but_ionic_recruitment_low,M_tot,1.0,BALANCED_OR_WEAK,6.215896741999311e-32,4.0421515054864485e-34,0.48837685443630385,0.5003358972539181,provisional_accepted_ensemble_tag_pending_step06_validation
DH_3_MFA_BA,DH,MFA_BA,DH_3_MFA_BA__hybrid_optuna_097,available_surface_voltage_coupled_but_ionic_recruitment_low,M_tot,1.0,BALANCED_OR_WEAK,9.859676543753874e-305,3.4852404312613746e-301,0.4647248843061675,0.535272375925051,provisional_accepted_ensemble_tag_pending_step06_validation
DH_3_MFA_BA,DH,MFA_BA,DH_3_MFA_BA__hybrid_optuna_098,mixed_local_spatial_buffering,M_tot,1.0,STRICTLY_LOCAL,0.47248955900086775,0.05639808596115273,0.3196182401031871,0.6460779300952271,provisional_accepted_ensemble_tag_pending_step06_validation
DH_3_MFA_BA,DH,MFA_BA,DH_3_MFA_BA__hybrid_optuna_099,low_recruitment_local_storage,M_tot,1.0,MIXED_LOCAL,9.859675822881862e-305,0.0,0.35735239694833437,0.02687109818374581,provisional_accepted_ensemble_tag_pending_step06_validation
DH_3_MFA_BA,DH,MFA_BA,DH_3_MFA_BA__hybrid_optuna_100,available_surface_voltage_coupled_but_ionic_recruitment_low,M_tot,1.0,BALANCED_OR_WEAK,1.1700841489452954e-05,7.294124187901142e-07,0.4795839621078213,0.438869625342081,provisional_accepted_ensemble_tag_pending_step06_validation
DH_3_MFA_BA,DH,MFA_BA,DH_3_MFA_BA__hybrid_post_001,recruited_surface_gap_assisted_buffering,M_tot,1.0,STRICTLY_LOCAL,0.6414191649300804,0.00031319839169234104,0.45208973172982914,0.547770088358276,provisional_accepted_ensemble_tag_pending_step06_validation
DH_3_MFA_BA,DH,MFA_BA,DH_3_MFA_BA__hybrid_post_002,recruited_surface_gap_assisted_buffering,M_tot,1.0,BALANCED_OR_WEAK,0.8538801524204084,0.00027037236290608805,0.46575807929376767,0.5337237288808706,provisional_accepted_ensemble_tag_pending_step06_validation
DH_3_MFA_BA,DH,MFA_BA,DH_3_MFA_BA__hybrid_post_003,recruited_surface_gap_assisted_buffering,M_tot,1.0,BALANCED_OR_WEAK,0.7444286816686133,0.0003208516099015383,0.4601938562989207,0.5391600888942324,provisional_accepted_ensemble_tag_pending_step06_validation
DH_3_MFA_BA,DH,MFA_BA,DH_3_MFA_BA__hybrid_pre_01,recruited_surface_gap_assisted_buffering,M_tot,1.0,BALANCED_OR_WEAK,0.936520225776388,0.4989689603143878,0.5006893102672784,0.49842462082832434,provisional_accepted_ensemble_tag_pending_step06_validation
DH_3_MFA_BA,DH,MFA_BA,DH_3_MFA_BA__hybrid_pre_02,recruited_surface_gap_assisted_buffering,M_tot,1.0,BALANCED_OR_WEAK,0.9583873109184787,0.49898766619934715,0.5003048221261844,0.49867037192724245,provisional_accepted_ensemble_tag_pending_step06_validation
DH_3_MFA_BA,DH,MFA_BA,DH_3_MFA_BA__hybrid_pre_03,recruited_surface_gap_assisted_buffering,M_tot,1.0,BALANCED_OR_WEAK,0.9043195696301646,0.4989398151359609,0.5009929707808062,0.49823162564567675,provisional_accepted_ensemble_tag_pending_step06_validation
DH_3_MFA_BA,DH,MFA_BA,DH_3_MFA_BA__hybrid_pre_04,recruited_surface_gap_assisted_buffering,M_tot,1.0,BALANCED_OR_WEAK,0.9381470735719725,0.49914238561052965,0.5002153255821827,0.49924576712578705,provisional_accepted_ensemble_tag_pending_step06_validation
DH_3_MFA_BA,DH,MFA_BA,DH_3_MFA_BA__hybrid_pre_05,recruited_surface_gap_assisted_buffering,M_tot,1.0,BALANCED_OR_WEAK,0.9658880153746656,0.4987687064823316,0.4997970640883644,0.4996724130886654,provisional_accepted_ensemble_tag_pending_step06_validation
DH_3_MFA_BA,DH,MFA_BA,DH_3_MFA_BA__hybrid_pre_06,recruited_surface_gap_assisted_buffering,M_tot,1.0,BALANCED_OR_WEAK,0.9754067021171515,0.49934624974681935,0.5004129422113776,0.4987320902631796,provisional_accepted_ensemble_tag_pending_step06_validation
DH_3_MFA_BA,DH,MFA_BA,DH_3_MFA_BA__hybrid_pre_07,recruited_surface_gap_assisted_buffering,M_tot,1.0,BALANCED_OR_WEAK,0.8782379378143435,0.49949297865659,0.5020402316128584,0.4976611297850196,provisional_accepted_ensemble_tag_pending_step06_validation
DH_3_MFA_BA,DH,MFA_BA,DH_3_MFA_BA__hybrid_pre_08,recruited_surface_gap_assisted_buffering,M_tot,1.0,BALANCED_OR_WEAK,0.7529120328214357,0.498848650591774,0.4992691933463671,0.5005594280659865,provisional_accepted_ensemble_tag_pending_step06_validation
DH_4_MFA,DH,MFA,DH_4_MFA__hybrid_optuna_001,low_recruitment_local_storage,M_tot,1.0,STRICTLY_LOCAL,1.54464400468943e-08,0.0,0.004410474715406538,0.5197817106887244,provisional_accepted_ensemble_tag_pending_step06_validation
DH_4_MFA,DH,MFA,DH_4_MFA__hybrid_optuna_002,low_recruitment_local_storage,M_tot,1.0,STRICTLY_LOCAL,9.85967649795084e-305,0.0,0.01219125090759453,0.5520759167550302,provisional_accepted_ensemble_tag_pending_step06_validation
DH_4_MFA,DH,MFA,DH_4_MFA__hybrid_optuna_003,low_recruitment_local_storage,M_tot,1.0,STRICTLY_LOCAL,1.0503404994220945e-48,0.0,0.005890923739484255,0.5375262765947052,provisional_accepted_ensemble_tag_pending_step06_validation
DH_4_MFA,DH,MFA,DH_4_MFA__hybrid_optuna_004,low_recruitment_local_storage,M_tot,1.0,STRICTLY_LOCAL,3.211972554873963e-30,0.0,0.025871788444837892,0.540659940325838,provisional_accepted_ensemble_tag_pending_step06_validation
DH_4_MFA,DH,MFA,DH_4_MFA__hybrid_optuna_005,low_recruitment_local_storage,M_tot,1.0,STRICTLY_LOCAL,4.304545521437158e-54,0.0,0.00991195217060147,0.5627275926451224,provisional_accepted_ensemble_tag_pending_step06_validation
DH_4_MFA,DH,MFA,DH_4_MFA__hybrid_optuna_006,low_recruitment_local_storage,M_tot,1.0,STRICTLY_LOCAL,9.85967584124016e-305,0.0,0.011329553435283081,0.5223029357972098,provisional_accepted_ensemble_tag_pending_step06_validation
DH_4_MFA,DH,MFA,DH_4_MFA__hybrid_optuna_007,low_recruitment_local_storage,M_tot,1.0,STRICTLY_LOCAL,1.044545874288193e-160,0.0,0.006498893063416627,0.5752620811951861,provisional_accepted_ensemble_tag_pending_step06_validation
DH_4_MFA,DH,MFA,DH_4_MFA__hybrid_optuna_008,low_recruitment_local_storage,M_tot,1.0,STRICTLY_LOCAL,3.1321268489074305e-18,0.0,0.016189347580187852,0.5679024637726607,provisional_accepted_ensemble_tag_pending_step06_validation
DH_4_MFA,DH,MFA,DH_4_MFA__hybrid_optuna_009,low_recruitment_local_storage,M_tot,1.0,STRICTLY_LOCAL,4.978886621469451e-10,0.0,0.013068651328278225,0.5180323031868818,provisional_accepted_ensemble_tag_pending_step06_validation
DH_4_MFA,DH,MFA,DH_4_MFA__hybrid_optuna_010,low_recruitment_local_storage,M_tot,1.0,STRICTLY_LOCAL,9.85967652887667e-305,0.0,0.03797382090506721,0.5363693135570164,provisional_accepted_ensemble_tag_pending_step06_validation
DH_4_MFA,DH,MFA,DH_4_MFA__hybrid_optuna_011,low_recruitment_local_storage,M_tot,1.0,STRICTLY_LOCAL,9.859676535286385e-305,0.0,0.037395068547713385,0.5331568107249446,provisional_accepted_ensemble_tag_pending_step06_validation
DH_4_MFA,DH,MFA,DH_4_MFA__hybrid_optuna_012,low_recruitment_local_storage,M_tot,1.0,STRICTLY_LOCAL,6.111099929604674e-194,0.0,0.03279042386356477,0.531004693188746,provisional_accepted_ensemble_tag_pending_step06_validation
DH_4_MFA,DH,MFA,DH_4_MFA__hybrid_optuna_013,low_recruitment_local_storage,M_tot,1.0,STRICTLY_LOCAL,2.2448982104684246e-202,0.0,0.0036301644332576125,0.5117527292934241,provisional_accepted_ensemble_tag_pending_step06_validation
DH_4_MFA,DH,MFA,DH_4_MFA__hybrid_optuna_014,low_recruitment_local_storage,M_tot,1.0,STRICTLY_LOCAL,1.3368009579040613e-55,0.0,0.009527443031069092,0.5759331835857338,provisional_accepted_ensemble_tag_pending_step06_validation
DH_4_MFA,DH,MFA,DH_4_MFA__hybrid_optuna_015,low_recruitment_local_storage,M_tot,1.0,STRICTLY_LOCAL,2.405172684582157e-190,0.0,0.02115589050117225,0.5232222251529792,provisional_accepted_ensemble_tag_pending_step06_validation
DH_4_MFA,DH,MFA,DH_4_MFA__hybrid_optuna_016,low_recruitment_local_storage,M_tot,1.0,STRICTLY_LOCAL,2.656955739827139e-07,0.0,0.013994246904910934,0.5537061897803168,provisional_accepted_ensemble_tag_pending_step06_validation
DH_4_MFA,DH,MFA,DH_4_MFA__hybrid_optuna_017,kir_dominant_local_buffering,M_tot,1.0,STRICTLY_LOCAL,2.209514040100897e-93,9.482380370173407e-98,0.03883184409592417,0.6279077849964801,provisional_accepted_ensemble_tag_pending_step06_validation
DH_4_MFA,DH,MFA,DH_4_MFA__hybrid_optuna_018,low_recruitment_local_storage,M_tot,1.0,STRICTLY_LOCAL,1.5262332406042103e-172,0.0,0.006159311510475954,0.5035774750387009,provisional_accepted_ensemble_tag_pending_step06_validation
DH_4_MFA,DH,MFA,DH_4_MFA__hybrid_optuna_019,low_recruitment_local_storage,M_tot,1.0,STRICTLY_LOCAL,4.451141289139619e-07,1.8863960189471602e-14,0.06492072921945438,0.5394119382881867,provisional_accepted_ensemble_tag_pending_step06_validation
DH_4_MFA,DH,MFA,DH_4_MFA__hybrid_optuna_020,kir_dominant_local_buffering,M_tot,1.0,STRICTLY_LOCAL,2.2283020699711754e-08,0.0,0.05811210680392057,0.6443853818242796,provisional_accepted_ensemble_tag_pending_step06_validation
DH_4_MFA,DH,MFA,DH_4_MFA__hybrid_optuna_021,kir_dominant_local_buffering,M_tot,1.0,STRICTLY_LOCAL,9.859674706812107e-305,3.1213909166696e-311,0.06394387956437969,0.6624446736342642,provisional_accepted_ensemble_tag_pending_step06_validation
DH_4_MFA,DH,MFA,DH_4_MFA__hybrid_optuna_022,kir_dominant_local_buffering,M_tot,1.0,STRICTLY_LOCAL,1.1432581921124708e-56,9.168691935707467e-63,0.025762893587238277,0.7111028829640583,provisional_accepted_ensemble_tag_pending_step06_validation
DH_4_MFA,DH,MFA,DH_4_MFA__hybrid_optuna_023,low_recruitment_local_storage,M_tot,1.0,STRICTLY_LOCAL,9.859676506515897e-305,0.0,0.014225024443228882,0.5691384381156968,provisional_accepted_ensemble_tag_pending_step06_validation
DH_4_MFA,DH,MFA,DH_4_MFA__hybrid_optuna_024,low_recruitment_local_storage,M_tot,1.0,STRICTLY_LOCAL,9.859675648167116e-305,0.0,0.005811357332096897,0.5534662974664144,provisional_accepted_ensemble_tag_pending_step06_validation
DH_4_MFA,DH,MFA,DH_4_MFA__hybrid_optuna_025,low_recruitment_local_storage,M_tot,1.0,STRICTLY_LOCAL,9.85967653888864e-305,0.0,0.016175338281479996,0.5037526506270859,provisional_accepted_ensemble_tag_pending_step06_validation
DH_4_MFA,DH,MFA,DH_4_MFA__hybrid_optuna_026,low_recruitment_local_storage,M_tot,1.0,STRICTLY_LOCAL,9.859676541234352e-305,3.5392929305559104e-308,0.12224835747783754,0.5131804490676445,provisional_accepted_ensemble_tag_pending_step06_validation
DH_4_MFA,DH,MFA,DH_4_MFA__hybrid_optuna_027,mixed_local_spatial_buffering,M_tot,1.0,STRICTLY_LOCAL,0.10515793655511062,0.0,0.0016448203470564996,0.5158108660652958,provisional_accepted_ensemble_tag_pending_step06_validation
DH_4_MFA,DH,MFA,DH_4_MFA__hybrid_optuna_028,mixed_local_spatial_buffering,M_tot,1.0,STRICTLY_LOCAL,0.23537988134018273,0.0,0.08740125485356166,0.4852588491702437,provisional_accepted_ensemble_tag_pending_step06_validation
DH_4_MFA,DH,MFA,DH_4_MFA__hybrid_optuna_029,mixed_local_spatial_buffering,M_tot,1.0,STRICTLY_LOCAL,0.1553956465137791,0.0,0.0886701644140201,0.5132905542989863,provisional_accepted_ensemble_tag_pending_step06_validation
DH_4_MFA,DH,MFA,DH_4_MFA__hybrid_optuna_030,mixed_local_spatial_buffering,M_tot,1.0,STRICTLY_LOCAL,0.22238303974838378,0.0,0.053710539271117595,0.4802264013509266,provisional_accepted_ensemble_tag_pending_step06_validation
DH_4_MFA,DH,MFA,DH_4_MFA__hybrid_optuna_031,mixed_local_spatial_buffering,M_tot,1.0,STRICTLY_LOCAL,0.4601265130307713,0.0,0.0010835433270523379,0.5093934336396146,provisional_accepted_ensemble_tag_pending_step06_validation
DH_4_MFA,DH,MFA,DH_4_MFA__hybrid_optuna_032,mixed_local_spatial_buffering,M_tot,1.0,STRICTLY_LOCAL,0.1952122318882351,0.0,0.007888313289064872,0.5047095745708562,provisional_accepted_ensemble_tag_pending_step06_validation
DH_4_MFA,DH,MFA,DH_4_MFA__hybrid_optuna_033,mixed_local_spatial_buffering,M_tot,1.0,STRICTLY_LOCAL,0.16975431073312766,2.081189086295089e-09,0.0983373832150083,0.46993163648264685,provisional_accepted_ensemble_tag_pending_step06_validation
DH_4_MFA,DH,MFA,DH_4_MFA__hybrid_optuna_034,low_recruitment_local_storage,M_tot,1.0,STRICTLY_LOCAL,0.000205785381590185,0.0,0.08444413899820595,0.477316568657377,provisional_accepted_ensemble_tag_pending_step06_validation
DH_4_MFA,DH,MFA,DH_4_MFA__hybrid_optuna_035,mixed_local_spatial_buffering,M_tot,1.0,STRICTLY_LOCAL,0.4729245633292005,0.0,0.00016988682837574775,0.5072115764156243,provisional_accepted_ensemble_tag_pending_step06_validation
DH_4_MFA,DH,MFA,DH_4_MFA__hybrid_optuna_036,low_recruitment_local_storage,M_tot,1.0,STRICTLY_LOCAL,7.641186345899394e-20,0.0,0.012682737460908129,0.502272232706145,provisional_accepted_ensemble_tag_pending_step06_validation
DH_4_MFA,DH,MFA,DH_4_MFA__hybrid_optuna_037,low_recruitment_local_storage,M_tot,0.5,STRICTLY_LOCAL,0.00033979920249315116,2.436009885436753e-09,0.13174385434852218,0.5749228066499638,provisional_accepted_ensemble_tag_pending_step06_validation
DH_4_MFA,DH,MFA,DH_4_MFA__hybrid_optuna_038,mixed_local_spatial_buffering,M_tot,1.0,STRICTLY_LOCAL,0.4674213937873015,0.0,0.00032694662174485465,0.51734339199976,provisional_accepted_ensemble_tag_pending_step06_validation
DH_4_MFA,DH,MFA,DH_4_MFA__hybrid_optuna_039,low_recruitment_local_storage,M_tot,1.0,STRICTLY_LOCAL,9.85967651520403e-305,0.0,0.009814987386376086,0.5707221118656828,provisional_accepted_ensemble_tag_pending_step06_validation
DH_4_MFA,DH,MFA,DH_4_MFA__hybrid_optuna_040,mixed_local_spatial_buffering,M_tot,1.0,STRICTLY_LOCAL,0.4727054357149855,0.0,0.00015618255516381793,0.5085828294719088,provisional_accepted_ensemble_tag_pending_step06_validation
DH_4_MFA,DH,MFA,DH_4_MFA__hybrid_optuna_041,mixed_local_spatial_buffering,M_tot,1.0,STRICTLY_LOCAL,0.45959410054518773,0.0,0.0006406460304207106,0.5122367152717398,provisional_accepted_ensemble_tag_pending_step06_validation
DH_4_MFA,DH,MFA,DH_4_MFA__hybrid_optuna_042,mixed_local_spatial_buffering,M_tot,1.0,STRICTLY_LOCAL,0.250124303941263,0.0,0.012692098364610086,0.5269602453442087,provisional_accepted_ensemble_tag_pending_step06_validation
DH_4_MFA,DH,MFA,DH_4_MFA__hybrid_optuna_043,low_recruitment_local_storage,M_tot,1.0,STRICTLY_LOCAL,0.09216886415060703,0.3092970004823188,0.13306177769781158,0.44251610390292684,provisional_accepted_ensemble_tag_pending_step06_validation
DH_4_MFA,DH,MFA,DH_4_MFA__hybrid_optuna_044,mixed_local_spatial_buffering,M_tot,1.0,STRICTLY_LOCAL,0.4815298467952027,0.021219923105360566,0.23343617441279887,0.40782508832903835,provisional_accepted_ensemble_tag_pending_step06_validation
DH_4_MFA,DH,MFA,DH_4_MFA__hybrid_optuna_045,mixed_local_spatial_buffering,M_tot,1.0,STRICTLY_LOCAL,0.47328985486583286,0.0,0.000181482681853351,0.5093496775406118,provisional_accepted_ensemble_tag_pending_step06_validation
DH_4_MFA,DH,MFA,DH_4_MFA__hybrid_optuna_046,low_recruitment_local_storage,M_tot,1.0,STRICTLY_LOCAL,9.859676537642734e-305,0.0,0.0067832522430902355,0.5090153484005672,provisional_accepted_ensemble_tag_pending_step06_validation
DH_4_MFA,DH,MFA,DH_4_MFA__hybrid_optuna_047,low_recruitment_local_storage,M_tot,1.0,STRICTLY_LOCAL,1.181602681411487e-207,0.0,0.019953404229427308,0.4933203078863211,provisional_accepted_ensemble_tag_pending_step06_validation
DH_4_MFA,DH,MFA,DH_4_MFA__hybrid_optuna_048,mixed_local_spatial_buffering,M_tot,1.0,STRICTLY_LOCAL,0.4439174478429695,0.0,0.0003966038344535186,0.504809240834555,provisional_accepted_ensemble_tag_pending_step06_validation
DH_4_MFA,DH,MFA,DH_4_MFA__hybrid_optuna_049,low_recruitment_local_storage,M_tot,1.0,STRICTLY_LOCAL,6.158586597217932e-210,0.0,0.04066465603138518,0.5139174638831913,provisional_accepted_ensemble_tag_pending_step06_validation
DH_4_MFA,DH,MFA,DH_4_MFA__hybrid_optuna_050,kir_dominant_local_buffering,M_tot,1.0,STRICTLY_LOCAL,0.11386718445939292,0.12922438127500713,0.05116744701168677,0.9333208077484256,provisional_accepted_ensemble_tag_pending_step06_validation
DH_4_MFA,DH,MFA,DH_4_MFA__hybrid_optuna_051,mixed_local_spatial_buffering,M_tot,1.0,STRICTLY_LOCAL,0.4072972291511289,0.0,0.00020987019858088957,0.5006738467741564,provisional_accepted_ensemble_tag_pending_step06_validation
DH_4_MFA,DH,MFA,DH_4_MFA__hybrid_optuna_052,recruited_surface_gap_assisted_buffering,M_tot,1.0,BALANCED_OR_WEAK,0.5539464337988828,0.49740230759687587,0.4979452284682148,0.5017870069193132,provisional_accepted_ensemble_tag_pending_step06_validation
DH_4_MFA,DH,MFA,DH_4_MFA__hybrid_optuna_053,low_recruitment_local_storage,M_tot,1.0,STRICTLY_LOCAL,0.01636330426268141,0.0,0.05550730702134646,0.4826170385204012,provisional_accepted_ensemble_tag_pending_step06_validation
DH_4_MFA,DH,MFA,DH_4_MFA__hybrid_optuna_056,mixed_local_spatial_buffering,M_tot,1.0,STRICTLY_LOCAL,0.30794896047558923,0.0,0.07929481258118297,0.4792769405518536,provisional_accepted_ensemble_tag_pending_step06_validation
DH_4_MFA,DH,MFA,DH_4_MFA__hybrid_optuna_057,recruited_surface_gap_assisted_buffering,M_tot,1.0,BALANCED_OR_WEAK,0.923856793712786,0.4989770051595952,0.4992554853886153,0.5004604830893438,provisional_accepted_ensemble_tag_pending_step06_validation
DH_4_MFA,DH,MFA,DH_4_MFA__hybrid_optuna_058,mixed_local_spatial_buffering,M_tot,1.0,STRICTLY_LOCAL,0.4360604366288506,0.0,0.0025368958949752224,0.5688849024105181,provisional_accepted_ensemble_tag_pending_step06_validation
DH_4_MFA,DH,MFA,DH_4_MFA__hybrid_optuna_059,low_recruitment_local_storage,M_tot,1.0,STRICTLY_LOCAL,4.311437030297088e-37,0.0,0.023628100878724634,0.5239596736195126,provisional_accepted_ensemble_tag_pending_step06_validation
DH_4_MFA,DH,MFA,DH_4_MFA__hybrid_optuna_060,recruited_surface_gap_assisted_buffering,M_tot,1.0,BALANCED_OR_WEAK,0.8606428125300393,0.49921653730818893,0.4997812526681004,0.49988893841442344,provisional_accepted_ensemble_tag_pending_step06_validation
DH_4_MFA,DH,MFA,DH_4_MFA__hybrid_optuna_061,recruited_surface_gap_assisted_buffering,M_tot,1.0,BALANCED_OR_WEAK,0.910995522796337,0.49925471223166595,0.49985662569175204,0.49958342691773083,provisional_accepted_ensemble_tag_pending_step06_validation
DH_4_MFA,DH,MFA,DH_4_MFA__hybrid_optuna_062,recruited_surface_gap_assisted_buffering,M_tot,1.0,BALANCED_OR_WEAK,0.9317641627263868,0.4993208388466585,0.5000897655817303,0.4992828088198698,provisional_accepted_ensemble_tag_pending_step06_validation
DH_4_MFA,DH,MFA,DH_4_MFA__hybrid_optuna_063,recruited_surface_gap_assisted_buffering,M_tot,1.0,BALANCED_OR_WEAK,0.8948591199096692,0.499360573794257,0.49978131208767557,0.49982531649074485,provisional_accepted_ensemble_tag_pending_step06_validation
DH_4_MFA,DH,MFA,DH_4_MFA__hybrid_optuna_064,available_surface_voltage_coupled_but_ionic_recruitment_low,M_tot,1.0,BALANCED_OR_WEAK,4.5915617771262375e-08,4.656249572278538e-08,0.48256022933225323,0.46596518476077614,provisional_accepted_ensemble_tag_pending_step06_validation
DH_4_MFA,DH,MFA,DH_4_MFA__hybrid_optuna_065,available_surface_voltage_coupled_but_ionic_recruitment_low,M_tot,1.0,BALANCED_OR_WEAK,8.18351022935257e-16,2.3782964441612226e-17,0.473547407800409,0.500412754505387,provisional_accepted_ensemble_tag_pending_step06_validation
DH_4_MFA,DH,MFA,DH_4_MFA__hybrid_optuna_066,available_surface_voltage_coupled_but_ionic_recruitment_low,M_tot,0.8333333333333334,MIXED_LOCAL,0.0830344683709557,0.021119412864034567,0.47931888390541116,0.16089460258619295,provisional_accepted_ensemble_tag_pending_step06_validation
DH_4_MFA,DH,MFA,DH_4_MFA__hybrid_optuna_067,mixed_local_spatial_buffering,M_tot,1.0,MIXED_LOCAL,0.28684684595032156,8.883151929889912e-05,0.44157837284783147,0.1479845573348906,provisional_accepted_ensemble_tag_pending_step06_validation
DH_4_MFA,DH,MFA,DH_4_MFA__hybrid_optuna_068,mixed_local_spatial_buffering,M_tot,1.0,BALANCED_OR_WEAK,0.2989049798227954,0.007376528844631701,0.4814828278118147,0.4106916393139946,provisional_accepted_ensemble_tag_pending_step06_validation
DH_4_MFA,DH,MFA,DH_4_MFA__hybrid_optuna_069,low_recruitment_local_storage,M_tot,1.0,STRICTLY_LOCAL,4.863613310514077e-50,6.439774088733769e-52,0.021004625803608245,0.4882969009972711,provisional_accepted_ensemble_tag_pending_step06_validation
DH_4_MFA,DH,MFA,DH_4_MFA__hybrid_optuna_070,low_recruitment_local_storage,M_tot,1.0,STRICTLY_LOCAL,1.2821406166867223e-111,0.0,0.00945566798127976,0.48921187265151356,provisional_accepted_ensemble_tag_pending_step06_validation
DH_4_MFA,DH,MFA,DH_4_MFA__hybrid_optuna_071,mixed_local_spatial_buffering,M_tot,1.0,STRICTLY_LOCAL,0.36101203595833703,2.5334015640253105e-08,0.039369316855936955,0.47835305649725185,provisional_accepted_ensemble_tag_pending_step06_validation
DH_4_MFA,DH,MFA,DH_4_MFA__hybrid_optuna_072,low_recruitment_local_storage,M_tot,1.0,STRICTLY_LOCAL,9.859676190527476e-305,4.546216026449166e-307,0.1730055651889285,0.5611671893740399,provisional_accepted_ensemble_tag_pending_step06_validation
DH_4_MFA,DH,MFA,DH_4_MFA__hybrid_optuna_073,low_recruitment_local_storage,M_tot,1.0,STRICTLY_LOCAL,9.859676542425795e-305,3.1833482144004355e-308,0.008714855199725728,0.5594852240400526,provisional_accepted_ensemble_tag_pending_step06_validation
DH_4_MFA,DH,MFA,DH_4_MFA__hybrid_optuna_074,low_recruitment_local_storage,M_tot,1.0,STRICTLY_LOCAL,9.85967648049686e-305,1.487794290607916e-309,0.009696309385562612,0.5063192493815744,provisional_accepted_ensemble_tag_pending_step06_validation
DH_4_MFA,DH,MFA,DH_4_MFA__hybrid_optuna_075,mixed_local_spatial_buffering,M_tot,1.0,STRICTLY_LOCAL,0.4655618662439145,0.0030603190830459787,0.03883087018722182,0.9582119121597413,provisional_accepted_ensemble_tag_pending_step06_validation
DH_4_MFA,DH,MFA,DH_4_MFA__hybrid_optuna_076,mixed_local_spatial_buffering,M_tot,1.0,BALANCED_OR_WEAK,0.3206719953246147,0.4832649239533573,0.5003525246229142,0.49889758829157876,provisional_accepted_ensemble_tag_pending_step06_validation
DH_4_MFA,DH,MFA,DH_4_MFA__hybrid_optuna_077,kir_dominant_local_buffering,M_tot,1.0,STRICTLY_LOCAL,1.7774906022034683e-37,3.700513445987194e-38,0.3288001016985837,0.6632218229881801,provisional_accepted_ensemble_tag_pending_step06_validation
DH_4_MFA,DH,MFA,DH_4_MFA__hybrid_optuna_078,available_surface_voltage_coupled_but_ionic_recruitment_low,M_tot,1.0,BALANCED_OR_WEAK,1.6161387832523223e-06,0.061951293585286726,0.5033508879113031,0.4965951989129474,provisional_accepted_ensemble_tag_pending_step06_validation
DH_4_MFA,DH,MFA,DH_4_MFA__hybrid_optuna_079,low_recruitment_local_storage,M_tot,1.0,STRICTLY_LOCAL,4.825661900612542e-267,0.0,0.010182248284608226,0.5808792277992408,provisional_accepted_ensemble_tag_pending_step06_validation
DH_4_MFA,DH,MFA,DH_4_MFA__hybrid_optuna_080,low_recruitment_local_storage,M_tot,1.0,MIXED_LOCAL,0.0024737326638595435,3.927238848280671e-09,0.3389727072160773,0.16816965180891982,provisional_accepted_ensemble_tag_pending_step06_validation
DH_4_MFA,DH,MFA,DH_4_MFA__hybrid_optuna_081,mixed_local_spatial_buffering,M_tot,1.0,STRICTLY_LOCAL,0.30178990690330154,0.0,0.028824446964933154,0.48647501792749903,provisional_accepted_ensemble_tag_pending_step06_validation
DH_4_MFA,DH,MFA,DH_4_MFA__hybrid_optuna_082,low_recruitment_local_storage,M_tot,1.0,STRICTLY_LOCAL,1.2086439150678263e-08,1.215849926116563e-11,0.2829905013374419,0.39447064595350256,provisional_accepted_ensemble_tag_pending_step06_validation
DH_4_MFA,DH,MFA,DH_4_MFA__hybrid_optuna_083,mixed_local_spatial_buffering,M_tot,1.0,STRICTLY_LOCAL,0.10683367941899526,0.0,0.007637577637340215,0.5072724312934849,provisional_accepted_ensemble_tag_pending_step06_validation
DH_4_MFA,DH,MFA,DH_4_MFA__hybrid_optuna_084,kir_dominant_local_buffering,M_tot,1.0,STRICTLY_LOCAL,0.29649982399218966,0.0006502476521697483,0.2872374959917307,0.6237084192831492,provisional_accepted_ensemble_tag_pending_step06_validation
DH_4_MFA,DH,MFA,DH_4_MFA__hybrid_optuna_085,kir_dominant_local_buffering,M_tot,1.0,STRICTLY_LOCAL,3.625139667711737e-17,2.443952294543262e-20,0.3807631756038054,0.6191501644085577,provisional_accepted_ensemble_tag_pending_step06_validation
DH_4_MFA,DH,MFA,DH_4_MFA__hybrid_optuna_086,available_surface_voltage_coupled_but_ionic_recruitment_low,M_tot,1.0,MIXED_LOCAL,0.06848705408033678,0.00017009980521867692,0.47725113626261817,0.3956643026178091,provisional_accepted_ensemble_tag_pending_step06_validation
DH_4_MFA,DH,MFA,DH_4_MFA__hybrid_optuna_087,low_recruitment_local_storage,M_tot,0.5,STRICTLY_LOCAL,0.017594443427582082,1.786348803419312e-05,0.3957037525378883,0.5204578063841875,provisional_accepted_ensemble_tag_pending_step06_validation
DH_4_MFA,DH,MFA,DH_4_MFA__hybrid_optuna_088,kir_dominant_local_buffering,M_tot,1.0,STRICTLY_LOCAL,4.933589106475414e-06,1.966903569206048e-11,0.03265269752881033,0.9668501954984384,provisional_accepted_ensemble_tag_pending_step06_validation
DH_4_MFA,DH,MFA,DH_4_MFA__hybrid_optuna_089,low_recruitment_local_storage,M_tot,1.0,STRICTLY_LOCAL,1.7140971189325735e-19,0.0,0.017430718782826888,0.5200585502419467,provisional_accepted_ensemble_tag_pending_step06_validation
DH_4_MFA,DH,MFA,DH_4_MFA__hybrid_optuna_090,mixed_local_spatial_buffering,M_tot,1.0,BALANCED_OR_WEAK,0.3389254749260977,0.22533798585572926,0.39209051844468196,0.4459730950744614,provisional_accepted_ensemble_tag_pending_step06_validation
DH_4_MFA,DH,MFA,DH_4_MFA__hybrid_optuna_091,mixed_local_spatial_buffering,M_tot,1.0,STRICTLY_LOCAL,0.4796947272887184,0.2435447692917836,0.3090189578868901,0.6211281025353167,provisional_accepted_ensemble_tag_pending_step06_validation
DH_4_MFA,DH,MFA,DH_4_MFA__hybrid_optuna_092,recruited_surface_gap_assisted_buffering,M_tot,1.0,BALANCED_OR_WEAK,0.8624266989614137,0.49940727440319516,0.499747824417129,0.4999439535761659,provisional_accepted_ensemble_tag_pending_step06_validation
DH_4_MFA,DH,MFA,DH_4_MFA__hybrid_optuna_093,low_recruitment_local_storage,M_tot,1.0,STRICTLY_LOCAL,2.551776193585352e-74,1.6345499163233063e-74,0.01316715086951345,0.50227245189926,provisional_accepted_ensemble_tag_pending_step06_validation
DH_4_MFA,DH,MFA,DH_4_MFA__hybrid_optuna_094,available_surface_voltage_coupled_but_ionic_recruitment_low,M_tot,1.0,BALANCED_OR_WEAK,0.00045490047492915167,6.224337764112976e-05,0.4967601408776691,0.4963832714851612,provisional_accepted_ensemble_tag_pending_step06_validation
DH_4_MFA,DH,MFA,DH_4_MFA__hybrid_optuna_096,recruited_surface_gap_assisted_buffering,M_tot,1.0,BALANCED_OR_WEAK,0.793355210621075,0.4996548349416938,0.4999817198386129,0.4998554869867457,provisional_accepted_ensemble_tag_pending_step06_validation
DH_4_MFA,DH,MFA,DH_4_MFA__hybrid_optuna_097,low_recruitment_local_storage,M_tot,1.0,STRICTLY_LOCAL,1.6558319253945307e-146,1.3595764934846175e-147,0.0887281715698209,0.47554311687215933,provisional_accepted_ensemble_tag_pending_step06_validation
DH_4_MFA,DH,MFA,DH_4_MFA__hybrid_post_001,low_recruitment_local_storage,M_tot,1.0,STRICTLY_LOCAL,9.409449178665868e-09,0.0,0.005274884261389415,0.5179846611623558,provisional_accepted_ensemble_tag_pending_step06_validation
DH_4_MFA,DH,MFA,DH_4_MFA__hybrid_post_002,low_recruitment_local_storage,M_tot,1.0,STRICTLY_LOCAL,9.859676543379094e-305,0.0,0.043538908355502885,0.563468163094056,provisional_accepted_ensemble_tag_pending_step06_validation
DH_4_MFA,DH,MFA,DH_4_MFA__hybrid_post_003,low_recruitment_local_storage,M_tot,1.0,STRICTLY_LOCAL,6.62666628043599e-49,0.0,0.005783991607044276,0.532203214587117,provisional_accepted_ensemble_tag_pending_step06_validation
DH_4_MFA,DH,MFA,DH_4_MFA__hybrid_pre_01,recruited_surface_gap_assisted_buffering,M_tot,1.0,BALANCED_OR_WEAK,0.8948591199096692,0.499360573794257,0.49978131208767557,0.49982531649074485,provisional_accepted_ensemble_tag_pending_step06_validation
DH_4_MFA,DH,MFA,DH_4_MFA__hybrid_pre_02,recruited_surface_gap_assisted_buffering,M_tot,1.0,BALANCED_OR_WEAK,0.910995522796337,0.49925471223166595,0.49985662569175204,0.49958342691773083,provisional_accepted_ensemble_tag_pending_step06_validation
DH_4_MFA,DH,MFA,DH_4_MFA__hybrid_pre_03,recruited_surface_gap_assisted_buffering,M_tot,1.0,BALANCED_OR_WEAK,0.8624266989614137,0.49940727440319516,0.499747824417129,0.4999439535761659,provisional_accepted_ensemble_tag_pending_step06_validation
DH_4_MFA,DH,MFA,DH_4_MFA__hybrid_pre_04,recruited_surface_gap_assisted_buffering,M_tot,1.0,BALANCED_OR_WEAK,0.8606428125300393,0.49921653730818893,0.4997812526681004,0.49988893841442344,provisional_accepted_ensemble_tag_pending_step06_validation
DH_4_MFA,DH,MFA,DH_4_MFA__hybrid_pre_05,recruited_surface_gap_assisted_buffering,M_tot,1.0,BALANCED_OR_WEAK,0.923856793712786,0.4989770051595952,0.4992554853886153,0.5004604830893438,provisional_accepted_ensemble_tag_pending_step06_validation
DH_4_MFA,DH,MFA,DH_4_MFA__hybrid_pre_06,recruited_surface_gap_assisted_buffering,M_tot,1.0,BALANCED_OR_WEAK,0.9317641627263868,0.4993208388466585,0.5000897655817303,0.4992828088198698,provisional_accepted_ensemble_tag_pending_step06_validation
DH_4_MFA,DH,MFA,DH_4_MFA__hybrid_pre_07,recruited_surface_gap_assisted_buffering,M_tot,1.0,BALANCED_OR_WEAK,0.793355210621075,0.4996548349416938,0.4999817198386129,0.4998554869867457,provisional_accepted_ensemble_tag_pending_step06_validation
DH_4_MFA,DH,MFA,DH_4_MFA__hybrid_pre_08,recruited_surface_gap_assisted_buffering,M_tot,1.0,BALANCED_OR_WEAK,0.5539464337988828,0.49740230759687587,0.4979452284682148,0.5017870069193132,provisional_accepted_ensemble_tag_pending_step06_validation
DH_4_MFA_BA,DH,MFA_BA,DH_4_MFA_BA__hybrid_optuna_001,low_recruitment_local_storage,M_tot,0.5,STRICTLY_LOCAL,9.849897802660088e-305,3.277670160315711e-307,0.31281411280229837,0.5851499800145421,provisional_accepted_ensemble_tag_pending_step06_validation
DH_4_MFA_BA,DH,MFA_BA,DH_4_MFA_BA__hybrid_optuna_002,available_surface_voltage_coupled_but_ionic_recruitment_low,M_tot,1.0,BALANCED_OR_WEAK,4.88250590318012e-27,6.614163116653307e-28,0.49952928274144476,0.5004668180872458,provisional_accepted_ensemble_tag_pending_step06_validation
DH_4_MFA_BA,DH,MFA_BA,DH_4_MFA_BA__hybrid_optuna_003,available_surface_voltage_coupled_but_ionic_recruitment_low,M_tot,1.0,BALANCED_OR_WEAK,8.063182229074817e-08,1.4746513105087926e-07,0.49330650320206376,0.5020006292271709,provisional_accepted_ensemble_tag_pending_step06_validation
DH_4_MFA_BA,DH,MFA_BA,DH_4_MFA_BA__hybrid_optuna_004,available_surface_voltage_coupled_but_ionic_recruitment_low,M_tot,1.0,BALANCED_OR_WEAK,2.7544814750400163e-75,8.660638467839081e-73,0.49995227609971477,0.5000431139042788,provisional_accepted_ensemble_tag_pending_step06_validation
DH_4_MFA_BA,DH,MFA_BA,DH_4_MFA_BA__hybrid_optuna_005,available_surface_voltage_coupled_but_ionic_recruitment_low,M_tot,1.0,BALANCED_OR_WEAK,3.439210444993948e-11,9.084522671924951e-12,0.4997393170531053,0.5002578237713061,provisional_accepted_ensemble_tag_pending_step06_validation
DH_4_MFA_BA,DH,MFA_BA,DH_4_MFA_BA__hybrid_optuna_006,available_surface_voltage_coupled_but_ionic_recruitment_low,M_tot,1.0,BALANCED_OR_WEAK,9.859676523179016e-305,3.846082114713104e-306,0.49889802930292865,0.5006473024623543,provisional_accepted_ensemble_tag_pending_step06_validation
DH_4_MFA_BA,DH,MFA_BA,DH_4_MFA_BA__hybrid_optuna_007,mixed_local_spatial_buffering,M_tot,1.0,BALANCED_OR_WEAK,0.4824002712001878,0.15400335048908834,0.476051081453815,0.522224945278345,provisional_accepted_ensemble_tag_pending_step06_validation
DH_4_MFA_BA,DH,MFA_BA,DH_4_MFA_BA__hybrid_optuna_008,kir_dominant_local_buffering,M_tot,1.0,STRICTLY_LOCAL,4.635741988807351e-12,3.3492259858176624e-12,0.36533704660786176,0.6311356171533613,provisional_accepted_ensemble_tag_pending_step06_validation
DH_4_MFA_BA,DH,MFA_BA,DH_4_MFA_BA__hybrid_optuna_009,available_surface_voltage_coupled_but_ionic_recruitment_low,M_tot,1.0,BALANCED_OR_WEAK,9.047049510549199e-14,2.234248681373641e-15,0.49945460087152416,0.5003332368800874,provisional_accepted_ensemble_tag_pending_step06_validation
DH_4_MFA_BA,DH,MFA_BA,DH_4_MFA_BA__hybrid_optuna_010,available_surface_voltage_coupled_but_ionic_recruitment_low,M_tot,1.0,BALANCED_OR_WEAK,9.859676457487282e-305,3.104895468167128e-306,0.49972701652314044,0.5002444489108034,provisional_accepted_ensemble_tag_pending_step06_validation
DH_4_MFA_BA,DH,MFA_BA,DH_4_MFA_BA__hybrid_optuna_011,low_recruitment_local_storage,M_tot,1.0,STRICTLY_LOCAL,9.239217054638498e-23,2.99819582587926e-26,0.32101033896245107,0.40898969916385725,provisional_accepted_ensemble_tag_pending_step06_validation
DH_4_MFA_BA,DH,MFA_BA,DH_4_MFA_BA__hybrid_optuna_012,available_surface_voltage_coupled_but_ionic_recruitment_low,M_tot,1.0,BALANCED_OR_WEAK,7.351983147805142e-29,1.3174882737730315e-29,0.49965979935763744,0.5003361553541893,provisional_accepted_ensemble_tag_pending_step06_validation
DH_4_MFA_BA,DH,MFA_BA,DH_4_MFA_BA__hybrid_optuna_013,available_surface_voltage_coupled_but_ionic_recruitment_low,M_tot,1.0,BALANCED_OR_WEAK,3.8961865633936615e-297,1.9154135046213894e-298,0.5003901681057269,0.49958196643549485,provisional_accepted_ensemble_tag_pending_step06_validation
DH_4_MFA_BA,DH,MFA_BA,DH_4_MFA_BA__hybrid_optuna_014,kir_dominant_local_buffering,M_tot,1.0,STRICTLY_LOCAL,0.010542904267619661,0.006722855566891883,0.39578771640704974,0.6023858301391193,provisional_accepted_ensemble_tag_pending_step06_validation
DH_4_MFA_BA,DH,MFA_BA,DH_4_MFA_BA__hybrid_optuna_015,available_surface_voltage_coupled_but_ionic_recruitment_low,M_tot,1.0,BALANCED_OR_WEAK,1.166813113779842e-63,7.477660033326237e-61,0.49947985413784274,0.5004512505238196,provisional_accepted_ensemble_tag_pending_step06_validation
DH_4_MFA_BA,DH,MFA_BA,DH_4_MFA_BA__hybrid_optuna_016,mixed_local_spatial_buffering,M_tot,1.0,BALANCED_OR_WEAK,0.459291535713057,0.03263323281726944,0.49967451801622276,0.5001737012385427,provisional_accepted_ensemble_tag_pending_step06_validation
DH_4_MFA_BA,DH,MFA_BA,DH_4_MFA_BA__hybrid_optuna_017,available_surface_voltage_coupled_but_ionic_recruitment_low,M_tot,1.0,BALANCED_OR_WEAK,3.5666195966998886e-41,9.918810653447244e-43,0.4999703234496482,0.5000231396402387,provisional_accepted_ensemble_tag_pending_step06_validation
DH_4_MFA_BA,DH,MFA_BA,DH_4_MFA_BA__hybrid_optuna_018,available_surface_voltage_coupled_but_ionic_recruitment_low,M_tot,1.0,BALANCED_OR_WEAK,1.2378097083882476e-18,4.1183533398640957e-20,0.4991924935833348,0.5007647380648592,provisional_accepted_ensemble_tag_pending_step06_validation
DH_4_MFA_BA,DH,MFA_BA,DH_4_MFA_BA__hybrid_optuna_019,low_recruitment_local_storage,M_tot,1.0,BALANCED_OR_WEAK,1.2177049573004491e-10,7.048193609539221e-14,0.34207322943638213,0.3731656660341664,provisional_accepted_ensemble_tag_pending_step06_validation
DH_4_MFA_BA,DH,MFA_BA,DH_4_MFA_BA__hybrid_optuna_020,mixed_local_spatial_buffering,M_tot,1.0,BALANCED_OR_WEAK,0.46727551498484693,0.4991120022286042,0.49925662226237616,0.5006372971506171,provisional_accepted_ensemble_tag_pending_step06_validation
DH_4_MFA_BA,DH,MFA_BA,DH_4_MFA_BA__hybrid_optuna_021,available_surface_voltage_coupled_but_ionic_recruitment_low,M_tot,1.0,BALANCED_OR_WEAK,1.220043351522461e-18,7.94775466137754e-18,0.4985372224253975,0.5013993247886788,provisional_accepted_ensemble_tag_pending_step06_validation
DH_4_MFA_BA,DH,MFA_BA,DH_4_MFA_BA__hybrid_optuna_022,mixed_local_spatial_buffering,M_tot,1.0,BALANCED_OR_WEAK,0.42752298550156076,0.46900335590502884,0.4998378624696647,0.5001506999045114,provisional_accepted_ensemble_tag_pending_step06_validation
DH_4_MFA_BA,DH,MFA_BA,DH_4_MFA_BA__hybrid_optuna_023,available_surface_voltage_coupled_but_ionic_recruitment_low,M_tot,1.0,BALANCED_OR_WEAK,0.00019239870327206342,0.0003171022443449096,0.49875361093821224,0.5003105325259681,provisional_accepted_ensemble_tag_pending_step06_validation
DH_4_MFA_BA,DH,MFA_BA,DH_4_MFA_BA__hybrid_optuna_024,available_surface_voltage_coupled_but_ionic_recruitment_low,M_tot,1.0,BALANCED_OR_WEAK,2.222869768602381e-12,4.483651522314364e-12,0.49506923299663463,0.50102674817068,provisional_accepted_ensemble_tag_pending_step06_validation
DH_4_MFA_BA,DH,MFA_BA,DH_4_MFA_BA__hybrid_optuna_025,available_surface_voltage_coupled_but_ionic_recruitment_low,M_tot,1.0,BALANCED_OR_WEAK,7.550709778962653e-13,1.1959755445461638e-14,0.4919666645508925,0.4666344404395248,provisional_accepted_ensemble_tag_pending_step06_validation
DH_4_MFA_BA,DH,MFA_BA,DH_4_MFA_BA__hybrid_optuna_026,available_surface_voltage_coupled_but_ionic_recruitment_low,M_tot,1.0,BALANCED_OR_WEAK,1.8402589802678648e-26,2.75747138372744e-27,0.4999158947202955,0.5000823999714593,provisional_accepted_ensemble_tag_pending_step06_validation
DH_4_MFA_BA,DH,MFA_BA,DH_4_MFA_BA__hybrid_optuna_027,available_surface_voltage_coupled_but_ionic_recruitment_low,M_tot,1.0,BALANCED_OR_WEAK,1.282262783947999e-22,6.498225306995645e-24,0.49981743872702794,0.5001717476342242,provisional_accepted_ensemble_tag_pending_step06_validation
DH_4_MFA_BA,DH,MFA_BA,DH_4_MFA_BA__hybrid_optuna_028,available_surface_voltage_coupled_but_ionic_recruitment_low,M_tot,1.0,BALANCED_OR_WEAK,1.2670419414772085e-68,7.324604119861732e-66,0.5000124112507277,0.4999836423684565,provisional_accepted_ensemble_tag_pending_step06_validation
DH_4_MFA_BA,DH,MFA_BA,DH_4_MFA_BA__hybrid_optuna_029,available_surface_voltage_coupled_but_ionic_recruitment_low,M_tot,1.0,BALANCED_OR_WEAK,0.0006381647000688004,0.002240181894757801,0.46281393706253815,0.508233774214936,provisional_accepted_ensemble_tag_pending_step06_validation
DH_4_MFA_BA,DH,MFA_BA,DH_4_MFA_BA__hybrid_optuna_030,kir_dominant_local_buffering,M_tot,1.0,STRICTLY_LOCAL,1.2610008168906079e-05,5.8325978404720995e-09,0.18651950693176236,0.8038495906729954,provisional_accepted_ensemble_tag_pending_step06_validation
DH_4_MFA_BA,DH,MFA_BA,DH_4_MFA_BA__hybrid_optuna_031,available_surface_voltage_coupled_but_ionic_recruitment_low,M_tot,1.0,BALANCED_OR_WEAK,1.7442021069826033e-06,2.103827535269225e-07,0.49978275446580755,0.5002163265735455,provisional_accepted_ensemble_tag_pending_step06_validation
DH_4_MFA_BA,DH,MFA_BA,DH_4_MFA_BA__hybrid_optuna_032,available_surface_voltage_coupled_but_ionic_recruitment_low,M_tot,1.0,BALANCED_OR_WEAK,1.4880614034662775e-93,1.1351350082368152e-93,0.4990262819979823,0.5009547898554364,provisional_accepted_ensemble_tag_pending_step06_validation
DH_4_MFA_BA,DH,MFA_BA,DH_4_MFA_BA__hybrid_optuna_033,mixed_local_spatial_buffering,M_tot,1.0,BALANCED_OR_WEAK,0.43216098607480236,0.3607059311718423,0.4058346811026053,0.359356884878087,provisional_accepted_ensemble_tag_pending_step06_validation
DH_4_MFA_BA,DH,MFA_BA,DH_4_MFA_BA__hybrid_optuna_034,available_surface_voltage_coupled_but_ionic_recruitment_low,M_tot,1.0,BALANCED_OR_WEAK,1.1196667552334548e-10,4.020700209748203e-12,0.49997795636737613,0.5000186358057449,provisional_accepted_ensemble_tag_pending_step06_validation
DH_4_MFA_BA,DH,MFA_BA,DH_4_MFA_BA__hybrid_optuna_035,available_surface_voltage_coupled_but_ionic_recruitment_low,M_tot,1.0,BALANCED_OR_WEAK,1.6725153365153683e-22,7.462233756265779e-23,0.4996054501446838,0.500389132903212,provisional_accepted_ensemble_tag_pending_step06_validation
DH_4_MFA_BA,DH,MFA_BA,DH_4_MFA_BA__hybrid_optuna_036,available_surface_voltage_coupled_but_ionic_recruitment_low,M_tot,1.0,BALANCED_OR_WEAK,2.6862340368329025e-15,1.1179898309481137e-15,0.4980279484372346,0.5019644065944336,provisional_accepted_ensemble_tag_pending_step06_validation
DH_4_MFA_BA,DH,MFA_BA,DH_4_MFA_BA__hybrid_optuna_037,available_surface_voltage_coupled_but_ionic_recruitment_low,M_tot,1.0,BALANCED_OR_WEAK,9.859676543181687e-305,1.4943951401010141e-304,0.4971811386323594,0.5025419626725307,provisional_accepted_ensemble_tag_pending_step06_validation
DH_4_MFA_BA,DH,MFA_BA,DH_4_MFA_BA__hybrid_optuna_038,available_surface_voltage_coupled_but_ionic_recruitment_low,M_tot,1.0,BALANCED_OR_WEAK,1.3382666755742502e-14,2.9104900698841246e-16,0.49623135492707515,0.5037437429528241,provisional_accepted_ensemble_tag_pending_step06_validation
DH_4_MFA_BA,DH,MFA_BA,DH_4_MFA_BA__hybrid_optuna_039,mixed_local_spatial_buffering,M_tot,1.0,BALANCED_OR_WEAK,0.33218746918516673,0.10461165178712419,0.5000866997628983,0.4710721383568872,provisional_accepted_ensemble_tag_pending_step06_validation
DH_4_MFA_BA,DH,MFA_BA,DH_4_MFA_BA__hybrid_optuna_040,available_surface_voltage_coupled_but_ionic_recruitment_low,M_tot,1.0,BALANCED_OR_WEAK,1.0369474453840446e-122,2.4387238548248693e-123,0.4998619148656016,0.5000918718619709,provisional_accepted_ensemble_tag_pending_step06_validation
DH_4_MFA_BA,DH,MFA_BA,DH_4_MFA_BA__hybrid_optuna_041,available_surface_voltage_coupled_but_ionic_recruitment_low,M_tot,1.0,BALANCED_OR_WEAK,3.530225545789295e-39,1.254173513209715e-40,0.4999436173066547,0.49974738151531567,provisional_accepted_ensemble_tag_pending_step06_validation
DH_4_MFA_BA,DH,MFA_BA,DH_4_MFA_BA__hybrid_optuna_042,kir_dominant_local_buffering,M_tot,1.0,STRICTLY_LOCAL,0.0510174965937133,0.0003766273817325677,0.14819719741913953,0.8514594434285198,provisional_accepted_ensemble_tag_pending_step06_validation
DH_4_MFA_BA,DH,MFA_BA,DH_4_MFA_BA__hybrid_optuna_043,available_surface_voltage_coupled_but_ionic_recruitment_low,M_tot,1.0,BALANCED_OR_WEAK,3.719282809537522e-08,7.659063479152443e-10,0.4980010547051282,0.5019882377979346,provisional_accepted_ensemble_tag_pending_step06_validation
DH_4_MFA_BA,DH,MFA_BA,DH_4_MFA_BA__hybrid_optuna_044,available_surface_voltage_coupled_but_ionic_recruitment_low,M_tot,1.0,BALANCED_OR_WEAK,1.931681648258615e-44,1.7222848624468843e-40,0.4968498343579575,0.5031335692042016,provisional_accepted_ensemble_tag_pending_step06_validation
DH_4_MFA_BA,DH,MFA_BA,DH_4_MFA_BA__hybrid_optuna_045,available_surface_voltage_coupled_but_ionic_recruitment_low,M_tot,1.0,BALANCED_OR_WEAK,2.457011580252372e-21,7.231250529388743e-19,0.5003035185528241,0.498283411924652,provisional_accepted_ensemble_tag_pending_step06_validation
DH_4_MFA_BA,DH,MFA_BA,DH_4_MFA_BA__hybrid_optuna_046,available_surface_voltage_coupled_but_ionic_recruitment_low,M_tot,1.0,BALANCED_OR_WEAK,9.859676482280713e-305,2.822295494366936e-305,0.5000690335410765,0.4998940712355322,provisional_accepted_ensemble_tag_pending_step06_validation
DH_4_MFA_BA,DH,MFA_BA,DH_4_MFA_BA__hybrid_optuna_047,available_surface_voltage_coupled_but_ionic_recruitment_low,M_tot,1.0,BALANCED_OR_WEAK,3.898164077421478e-26,2.5930881958532757e-23,0.5005173175348089,0.49934825781696107,provisional_accepted_ensemble_tag_pending_step06_validation
DH_4_MFA_BA,DH,MFA_BA,DH_4_MFA_BA__hybrid_optuna_048,available_surface_voltage_coupled_but_ionic_recruitment_low,M_tot,1.0,BALANCED_OR_WEAK,8.070144491280554e-13,1.8881752387916545e-12,0.48201613601966947,0.5172634530406799,provisional_accepted_ensemble_tag_pending_step06_validation
DH_4_MFA_BA,DH,MFA_BA,DH_4_MFA_BA__hybrid_optuna_049,available_surface_voltage_coupled_but_ionic_recruitment_low,M_tot,1.0,BALANCED_OR_WEAK,2.8403184109909704e-29,4.225375190192459e-29,0.5001581914474216,0.499739604376442,provisional_accepted_ensemble_tag_pending_step06_validation
DH_4_MFA_BA,DH,MFA_BA,DH_4_MFA_BA__hybrid_optuna_050,mixed_local_spatial_buffering,M_tot,1.0,BALANCED_OR_WEAK,0.4656822572636498,0.49946222364842635,0.49907321535883237,0.5000311619384689,provisional_accepted_ensemble_tag_pending_step06_validation
DH_4_MFA_BA,DH,MFA_BA,DH_4_MFA_BA__hybrid_optuna_051,available_surface_voltage_coupled_but_ionic_recruitment_low,M_tot,1.0,BALANCED_OR_WEAK,9.85967654307626e-305,5.236964692529036e-305,0.4990519954320256,0.49800497488711576,provisional_accepted_ensemble_tag_pending_step06_validation
DH_4_MFA_BA,DH,MFA_BA,DH_4_MFA_BA__hybrid_optuna_052,available_surface_voltage_coupled_but_ionic_recruitment_low,M_tot,1.0,BALANCED_OR_WEAK,3.8306186864560284e-39,1.618358194050734e-36,0.4954376103406663,0.5044385956452658,provisional_accepted_ensemble_tag_pending_step06_validation
DH_4_MFA_BA,DH,MFA_BA,DH_4_MFA_BA__hybrid_optuna_053,available_surface_voltage_coupled_but_ionic_recruitment_low,M_tot,1.0,MIXED_LOCAL,1.621382354702954e-06,3.1776238522953836e-09,0.6288389461778413,0.3710575268075767,provisional_accepted_ensemble_tag_pending_step06_validation
DH_4_MFA_BA,DH,MFA_BA,DH_4_MFA_BA__hybrid_optuna_054,mixed_local_spatial_buffering,M_tot,1.0,BALANCED_OR_WEAK,0.4107850081714968,0.49322937162721003,0.4862711090276652,0.513218047842351,provisional_accepted_ensemble_tag_pending_step06_validation
DH_4_MFA_BA,DH,MFA_BA,DH_4_MFA_BA__hybrid_optuna_055,available_surface_voltage_coupled_but_ionic_recruitment_low,M_tot,1.0,BALANCED_OR_WEAK,5.117971800572505e-15,1.0523403915904934e-11,0.5005832111591898,0.49939920217955924,provisional_accepted_ensemble_tag_pending_step06_validation
DH_4_MFA_BA,DH,MFA_BA,DH_4_MFA_BA__hybrid_optuna_056,low_recruitment_local_storage,M_tot,0.5,STRICTLY_LOCAL,1.3627633930494088e-21,1.953555792653136e-21,0.25864061789155324,0.5836637614058355,provisional_accepted_ensemble_tag_pending_step06_validation
DH_4_MFA_BA,DH,MFA_BA,DH_4_MFA_BA__hybrid_optuna_057,kir_dominant_local_buffering,M_tot,1.0,STRICTLY_LOCAL,2.9306589053164924e-85,1.3762354059684499e-89,0.18664661360411985,0.8122535958635607,provisional_accepted_ensemble_tag_pending_step06_validation
DH_4_MFA_BA,DH,MFA_BA,DH_4_MFA_BA__hybrid_optuna_058,kir_dominant_local_buffering,M_tot,0.5,STRICTLY_LOCAL,2.992197248420332e-49,1.4724979326028056e-52,0.39822622513032263,0.6000686584041519,provisional_accepted_ensemble_tag_pending_step06_validation
DH_4_MFA_BA,DH,MFA_BA,DH_4_MFA_BA__hybrid_optuna_059,kir_dominant_local_buffering,M_tot,0.8333333333333334,STRICTLY_LOCAL,2.5481887432351144e-09,3.696188012071969e-13,0.3849328081355847,0.606663015479763,provisional_accepted_ensemble_tag_pending_step06_validation
DH_4_MFA_BA,DH,MFA_BA,DH_4_MFA_BA__hybrid_optuna_060,available_surface_voltage_coupled_but_ionic_recruitment_low,M_tot,1.0,BALANCED_OR_WEAK,9.859676543753874e-305,3.4852404312613746e-301,0.4647248843061675,0.535272375925051,provisional_accepted_ensemble_tag_pending_step06_validation
DH_4_MFA_BA,DH,MFA_BA,DH_4_MFA_BA__hybrid_optuna_061,kir_dominant_local_buffering,M_tot,1.0,STRICTLY_LOCAL,9.859676246826319e-305,5.222308684261193e-305,0.007600317201968103,0.9922054841645312,provisional_accepted_ensemble_tag_pending_step06_validation
DH_4_MFA_BA,DH,MFA_BA,DH_4_MFA_BA__hybrid_optuna_062,mixed_local_spatial_buffering,M_tot,1.0,STRICTLY_LOCAL,0.11474627604623494,0.17929740752629983,0.4039002078158879,0.5958231514935547,provisional_accepted_ensemble_tag_pending_step06_validation
DH_4_MFA_BA,DH,MFA_BA,DH_4_MFA_BA__hybrid_optuna_063,available_surface_voltage_coupled_but_ionic_recruitment_low,M_tot,1.0,BALANCED_OR_WEAK,9.859676540975054e-305,4.056283695611956e-303,0.49732646349358584,0.5024525318472424,provisional_accepted_ensemble_tag_pending_step06_validation
DH_4_MFA_BA,DH,MFA_BA,DH_4_MFA_BA__hybrid_optuna_064,kir_dominant_local_buffering,M_tot,1.0,STRICTLY_LOCAL,9.899703286505778e-159,5.667694610671398e-163,0.08467869572350813,0.8898478146477075,provisional_accepted_ensemble_tag_pending_step06_validation
DH_4_MFA_BA,DH,MFA_BA,DH_4_MFA_BA__hybrid_optuna_065,available_surface_voltage_coupled_but_ionic_recruitment_low,M_tot,1.0,BALANCED_OR_WEAK,9.859676307433507e-305,2.0696439327847692e-305,0.4983391893078706,0.5016534666858742,provisional_accepted_ensemble_tag_pending_step06_validation
DH_4_MFA_BA,DH,MFA_BA,DH_4_MFA_BA__hybrid_optuna_066,available_surface_voltage_coupled_but_ionic_recruitment_low,M_tot,1.0,BALANCED_OR_WEAK,1.612198489642104e-144,6.053426031633618e-147,0.49393506314786123,0.5023840959735307,provisional_accepted_ensemble_tag_pending_step06_validation
DH_4_MFA_BA,DH,MFA_BA,DH_4_MFA_BA__hybrid_optuna_067,kir_dominant_local_buffering,M_tot,1.0,STRICTLY_LOCAL,1.7774906022034683e-37,3.700513445987194e-38,0.3288001016985837,0.6632218229881801,provisional_accepted_ensemble_tag_pending_step06_validation
DH_4_MFA_BA,DH,MFA_BA,DH_4_MFA_BA__hybrid_optuna_068,available_surface_voltage_coupled_but_ionic_recruitment_low,M_tot,1.0,BALANCED_OR_WEAK,1.6161387832523223e-06,0.061951293585286726,0.5033508879113031,0.4965951989129474,provisional_accepted_ensemble_tag_pending_step06_validation
DH_4_MFA_BA,DH,MFA_BA,DH_4_MFA_BA__hybrid_optuna_069,available_surface_voltage_coupled_but_ionic_recruitment_low,M_tot,1.0,BALANCED_OR_WEAK,2.694611480206829e-96,1.4913517660073316e-92,0.4946561077356635,0.5053274888280058,provisional_accepted_ensemble_tag_pending_step06_validation
DH_4_MFA_BA,DH,MFA_BA,DH_4_MFA_BA__hybrid_optuna_070,mixed_local_spatial_buffering,M_tot,1.0,BALANCED_OR_WEAK,0.4835011159071747,0.49311416953105525,0.5205008320781151,0.4734047536811956,provisional_accepted_ensemble_tag_pending_step06_validation
DH_4_MFA_BA,DH,MFA_BA,DH_4_MFA_BA__hybrid_optuna_071,available_surface_voltage_coupled_but_ionic_recruitment_low,M_tot,1.0,BALANCED_OR_WEAK,9.859676264850123e-305,2.6051218360112715e-306,0.49618680801794146,0.5036986631974881,provisional_accepted_ensemble_tag_pending_step06_validation
DH_4_MFA_BA,DH,MFA_BA,DH_4_MFA_BA__hybrid_optuna_072,low_recruitment_local_storage,M_tot,1.0,STRICTLY_LOCAL,4.223075806644013e-09,0.0,0.00632482115195174,0.47584711553196085,provisional_accepted_ensemble_tag_pending_step06_validation
DH_4_MFA_BA,DH,MFA_BA,DH_4_MFA_BA__hybrid_optuna_073,available_surface_voltage_coupled_but_ionic_recruitment_low,M_tot,1.0,BALANCED_OR_WEAK,2.863679732474695e-10,1.3549522342111036e-11,0.499002690788142,0.500915777394832,provisional_accepted_ensemble_tag_pending_step06_validation
DH_4_MFA_BA,DH,MFA_BA,DH_4_MFA_BA__hybrid_optuna_074,low_recruitment_local_storage,M_tot,1.0,STRICTLY_LOCAL,4.9041004501308765e-23,2.9830422236330943e-27,0.2780751506110685,0.41808544010199067,provisional_accepted_ensemble_tag_pending_step06_validation
DH_4_MFA_BA,DH,MFA_BA,DH_4_MFA_BA__hybrid_optuna_075,available_surface_voltage_coupled_but_ionic_recruitment_low,M_tot,1.0,BALANCED_OR_WEAK,9.85967654046543e-305,2.3493505604362794e-304,0.4847044869789257,0.44190739692342557,provisional_accepted_ensemble_tag_pending_step06_validation
DH_4_MFA_BA,DH,MFA_BA,DH_4_MFA_BA__hybrid_optuna_076,mixed_local_spatial_buffering,M_tot,1.0,STRICTLY_LOCAL,0.3105078421822459,5.99921552412586e-05,0.1298625211292526,0.46730865657747483,provisional_accepted_ensemble_tag_pending_step06_validation
DH_4_MFA_BA,DH,MFA_BA,DH_4_MFA_BA__hybrid_optuna_077,mixed_local_spatial_buffering,M_tot,1.0,BALANCED_OR_WEAK,0.4891700461488461,0.04580696951944865,0.4564448668114994,0.5392612034599797,provisional_accepted_ensemble_tag_pending_step06_validation
DH_4_MFA_BA,DH,MFA_BA,DH_4_MFA_BA__hybrid_optuna_078,available_surface_voltage_coupled_but_ionic_recruitment_low,M_tot,1.0,MIXED_LOCAL,9.859676542343548e-305,1.349464524256538e-302,0.437031604629422,0.3048929303441576,provisional_accepted_ensemble_tag_pending_step06_validation
DH_4_MFA_BA,DH,MFA_BA,DH_4_MFA_BA__hybrid_optuna_079,mixed_local_spatial_buffering,M_tot,1.0,BALANCED_OR_WEAK,0.14082684761074174,0.018909515539932725,0.4996846149002747,0.5002873302573555,provisional_accepted_ensemble_tag_pending_step06_validation
DH_4_MFA_BA,DH,MFA_BA,DH_4_MFA_BA__hybrid_optuna_080,available_surface_voltage_coupled_but_ionic_recruitment_low,M_tot,1.0,BALANCED_OR_WEAK,4.270591685928997e-18,3.0181294657345266e-19,0.4995681828178413,0.5004141822561325,provisional_accepted_ensemble_tag_pending_step06_validation
DH_4_MFA_BA,DH,MFA_BA,DH_4_MFA_BA__hybrid_optuna_081,available_surface_voltage_coupled_but_ionic_recruitment_low,M_tot,1.0,BALANCED_OR_WEAK,0.012597719402633585,0.0801711709899018,0.49870341561359455,0.5009242101980723,provisional_accepted_ensemble_tag_pending_step06_validation
DH_4_MFA_BA,DH,MFA_BA,DH_4_MFA_BA__hybrid_optuna_082,available_surface_voltage_coupled_but_ionic_recruitment_low,M_tot,1.0,BALANCED_OR_WEAK,3.2211445967227093e-115,8.620673591088996e-117,0.49978917160551867,0.4997606027035444,provisional_accepted_ensemble_tag_pending_step06_validation
DH_4_MFA_BA,DH,MFA_BA,DH_4_MFA_BA__hybrid_optuna_083,available_surface_voltage_coupled_but_ionic_recruitment_low,M_tot,1.0,BALANCED_OR_WEAK,4.5890898692961114e-11,3.2877992783500556e-11,0.4871169792778607,0.5038683049123908,provisional_accepted_ensemble_tag_pending_step06_validation
DH_4_MFA_BA,DH,MFA_BA,DH_4_MFA_BA__hybrid_optuna_084,available_surface_voltage_coupled_but_ionic_recruitment_low,M_tot,1.0,BALANCED_OR_WEAK,5.799506878117053e-64,1.4046503583495617e-64,0.4972671247971397,0.47071968654430113,provisional_accepted_ensemble_tag_pending_step06_validation
DH_4_MFA_BA,DH,MFA_BA,DH_4_MFA_BA__hybrid_optuna_085,mixed_local_spatial_buffering,M_tot,0.8333333333333334,BALANCED_OR_WEAK,0.30847148818875286,0.37987714868497496,0.47273125429531376,0.4864862078735439,provisional_accepted_ensemble_tag_pending_step06_validation
DH_4_MFA_BA,DH,MFA_BA,DH_4_MFA_BA__hybrid_optuna_086,available_surface_voltage_coupled_but_ionic_recruitment_low,M_tot,1.0,BALANCED_OR_WEAK,9.859676541569228e-305,4.834565976172665e-305,0.49816807668403423,0.5015543180556271,provisional_accepted_ensemble_tag_pending_step06_validation
DH_4_MFA_BA,DH,MFA_BA,DH_4_MFA_BA__hybrid_optuna_087,available_surface_voltage_coupled_but_ionic_recruitment_low,M_tot,1.0,STRICTLY_LOCAL,9.859675620840258e-305,9.787593169841491e-308,0.4286321442698869,0.5613073441699099,provisional_accepted_ensemble_tag_pending_step06_validation
DH_4_MFA_BA,DH,MFA_BA,DH_4_MFA_BA__hybrid_optuna_088,recruited_surface_gap_assisted_buffering,M_tot,1.0,BALANCED_OR_WEAK,0.7529120283718612,0.49884838941482673,0.4992691932767861,0.5005594280922857,provisional_accepted_ensemble_tag_pending_step06_validation
DH_4_MFA_BA,DH,MFA_BA,DH_4_MFA_BA__hybrid_optuna_089,recruited_surface_gap_assisted_buffering,M_tot,1.0,BALANCED_OR_WEAK,0.9754067004510611,0.4993462319527988,0.5004129418251254,0.49873209064559293,provisional_accepted_ensemble_tag_pending_step06_validation
DH_4_MFA_BA,DH,MFA_BA,DH_4_MFA_BA__hybrid_optuna_090,recruited_surface_gap_assisted_buffering,M_tot,1.0,BALANCED_OR_WEAK,0.9658880153746656,0.4987687064823316,0.4997970640883644,0.4996724130886654,provisional_accepted_ensemble_tag_pending_step06_validation
DH_4_MFA_BA,DH,MFA_BA,DH_4_MFA_BA__hybrid_optuna_091,recruited_surface_gap_assisted_buffering,M_tot,1.0,BALANCED_OR_WEAK,0.9381470735719725,0.49914238561052965,0.5002153255821827,0.49924576712578705,provisional_accepted_ensemble_tag_pending_step06_validation
DH_4_MFA_BA,DH,MFA_BA,DH_4_MFA_BA__hybrid_optuna_092,recruited_surface_gap_assisted_buffering,M_tot,1.0,BALANCED_OR_WEAK,0.9583873139935356,0.4989876786761222,0.5003048217369295,0.49867037227091876,provisional_accepted_ensemble_tag_pending_step06_validation
DH_4_MFA_BA,DH,MFA_BA,DH_4_MFA_BA__hybrid_optuna_093,recruited_surface_gap_assisted_buffering,M_tot,1.0,BALANCED_OR_WEAK,0.936520225776388,0.4989689603143878,0.5006893102672784,0.49842462082832434,provisional_accepted_ensemble_tag_pending_step06_validation
DH_4_MFA_BA,DH,MFA_BA,DH_4_MFA_BA__hybrid_optuna_094,recruited_surface_gap_assisted_buffering,M_tot,1.0,BALANCED_OR_WEAK,0.9043195696301646,0.4989398151359609,0.5009929707808062,0.49823162564567675,provisional_accepted_ensemble_tag_pending_step06_validation
DH_4_MFA_BA,DH,MFA_BA,DH_4_MFA_BA__hybrid_optuna_095,recruited_surface_gap_assisted_buffering,M_tot,1.0,BALANCED_OR_WEAK,0.8782379378143435,0.49949297865659,0.5020402316128584,0.4976611297850196,provisional_accepted_ensemble_tag_pending_step06_validation
DH_4_MFA_BA,DH,MFA_BA,DH_4_MFA_BA__hybrid_optuna_096,low_recruitment_local_storage,M_tot,1.0,MIXED_LOCAL,9.859675822881862e-305,0.0,0.35735239694833437,0.02687109818374581,provisional_accepted_ensemble_tag_pending_step06_validation
DH_4_MFA_BA,DH,MFA_BA,DH_4_MFA_BA__hybrid_optuna_097,available_surface_voltage_coupled_but_ionic_recruitment_low,M_tot,1.0,BALANCED_OR_WEAK,9.403159562026434e-195,5.613908339210413e-196,0.4911200636657009,0.5058602955560226,provisional_accepted_ensemble_tag_pending_step06_validation
DH_4_MFA_BA,DH,MFA_BA,DH_4_MFA_BA__hybrid_optuna_098,mixed_local_spatial_buffering,M_tot,1.0,BALANCED_OR_WEAK,0.3822059955403226,0.2123311119250457,0.4956169989693655,0.5043191673383246,provisional_accepted_ensemble_tag_pending_step06_validation
DH_4_MFA_BA,DH,MFA_BA,DH_4_MFA_BA__hybrid_optuna_099,available_surface_voltage_coupled_but_ionic_recruitment_low,M_tot,1.0,BALANCED_OR_WEAK,1.7243946602024058e-05,1.3061189723720772e-05,0.4899661971458795,0.5082771783274763,provisional_accepted_ensemble_tag_pending_step06_validation
DH_4_MFA_BA,DH,MFA_BA,DH_4_MFA_BA__hybrid_optuna_100,available_surface_voltage_coupled_but_ionic_recruitment_low,M_tot,1.0,BALANCED_OR_WEAK,3.538782888036246e-53,6.102723298243565e-50,0.4992067859919267,0.5007888778990452,provisional_accepted_ensemble_tag_pending_step06_validation
DH_4_MFA_BA,DH,MFA_BA,DH_4_MFA_BA__hybrid_post_001,kir_dominant_local_buffering,M_tot,0.6666666666666666,STRICTLY_LOCAL,9.317476247256081e-305,5.43421365015902e-309,0.3012795530749584,0.5964101430315354,provisional_accepted_ensemble_tag_pending_step06_validation
DH_4_MFA_BA,DH,MFA_BA,DH_4_MFA_BA__hybrid_post_002,available_surface_voltage_coupled_but_ionic_recruitment_low,M_tot,1.0,BALANCED_OR_WEAK,4.882504187476141e-27,6.614165460354912e-28,0.49952927712653034,0.5004668237145539,provisional_accepted_ensemble_tag_pending_step06_validation
DH_4_MFA_BA,DH,MFA_BA,DH_4_MFA_BA__hybrid_post_003,available_surface_voltage_coupled_but_ionic_recruitment_low,M_tot,1.0,BALANCED_OR_WEAK,8.063182229074817e-08,1.4746513105087926e-07,0.49330650320206376,0.5020006292271709,provisional_accepted_ensemble_tag_pending_step06_validation
DH_4_MFA_BA,DH,MFA_BA,DH_4_MFA_BA__hybrid_pre_01,recruited_surface_gap_assisted_buffering,M_tot,1.0,BALANCED_OR_WEAK,0.936520225776388,0.4989689603143878,0.5006893102672784,0.49842462082832434,provisional_accepted_ensemble_tag_pending_step06_validation
DH_4_MFA_BA,DH,MFA_BA,DH_4_MFA_BA__hybrid_pre_02,recruited_surface_gap_assisted_buffering,M_tot,1.0,BALANCED_OR_WEAK,0.9583873139935356,0.4989876786761222,0.5003048217369295,0.49867037227091876,provisional_accepted_ensemble_tag_pending_step06_validation
DH_4_MFA_BA,DH,MFA_BA,DH_4_MFA_BA__hybrid_pre_03,recruited_surface_gap_assisted_buffering,M_tot,1.0,BALANCED_OR_WEAK,0.9043195696301646,0.4989398151359609,0.5009929707808062,0.49823162564567675,provisional_accepted_ensemble_tag_pending_step06_validation
DH_4_MFA_BA,DH,MFA_BA,DH_4_MFA_BA__hybrid_pre_04,recruited_surface_gap_assisted_buffering,M_tot,1.0,BALANCED_OR_WEAK,0.9381470735719725,0.49914238561052965,0.5002153255821827,0.49924576712578705,provisional_accepted_ensemble_tag_pending_step06_validation
DH_4_MFA_BA,DH,MFA_BA,DH_4_MFA_BA__hybrid_pre_05,recruited_surface_gap_assisted_buffering,M_tot,1.0,BALANCED_OR_WEAK,0.9658880153746656,0.4987687064823316,0.4997970640883644,0.4996724130886654,provisional_accepted_ensemble_tag_pending_step06_validation
DH_4_MFA_BA,DH,MFA_BA,DH_4_MFA_BA__hybrid_pre_06,recruited_surface_gap_assisted_buffering,M_tot,1.0,BALANCED_OR_WEAK,0.9754067004510611,0.4993462319527988,0.5004129418251254,0.49873209064559293,provisional_accepted_ensemble_tag_pending_step06_validation
DH_4_MFA_BA,DH,MFA_BA,DH_4_MFA_BA__hybrid_pre_07,recruited_surface_gap_assisted_buffering,M_tot,1.0,BALANCED_OR_WEAK,0.8782379378143435,0.49949297865659,0.5020402316128584,0.4976611297850196,provisional_accepted_ensemble_tag_pending_step06_validation
DH_4_MFA_BA,DH,MFA_BA,DH_4_MFA_BA__hybrid_pre_08,recruited_surface_gap_assisted_buffering,M_tot,1.0,BALANCED_OR_WEAK,0.7529120283718612,0.49884838941482673,0.4992691932767861,0.5005594280922857,provisional_accepted_ensemble_tag_pending_step06_validation
DH_5_MFA,DH,MFA,DH_5_MFA__hybrid_optuna_001,kir_dominant_local_buffering,M_tot,1.0,STRICTLY_LOCAL,0.28227473273426984,0.001271262760036396,0.2056081209771812,0.7797173136324952,provisional_accepted_ensemble_tag_pending_step06_validation
DH_5_MFA,DH,MFA,DH_5_MFA__hybrid_optuna_002,kir_dominant_local_buffering,M_tot,1.0,STRICTLY_LOCAL,0.2632044416279305,0.0005805099508335846,0.2053252272465694,0.7904887376725537,provisional_accepted_ensemble_tag_pending_step06_validation
DH_5_MFA,DH,MFA,DH_5_MFA__hybrid_optuna_003,kir_dominant_local_buffering,M_tot,1.0,STRICTLY_LOCAL,0.13910804031891558,9.588883077379604e-05,0.21644659872286567,0.7685108037822279,provisional_accepted_ensemble_tag_pending_step06_validation
DH_5_MFA,DH,MFA,DH_5_MFA__hybrid_optuna_004,kir_dominant_local_buffering,M_tot,1.0,STRICTLY_LOCAL,0.032022783088927954,4.619628760638035e-06,0.3485084328962138,0.6016204150560256,provisional_accepted_ensemble_tag_pending_step06_validation
DH_5_MFA,DH,MFA,DH_5_MFA__hybrid_optuna_005,mixed_local_spatial_buffering,M_tot,1.0,STRICTLY_LOCAL,0.13691033076007716,7.187451635287797e-05,0.3357395762109963,0.40986892909128886,provisional_accepted_ensemble_tag_pending_step06_validation
DH_5_MFA,DH,MFA,DH_5_MFA__hybrid_optuna_006,kir_dominant_local_buffering,M_tot,1.0,STRICTLY_LOCAL,0.14271572404089036,0.0002541524251902522,0.20395352556188107,0.7817959674375713,provisional_accepted_ensemble_tag_pending_step06_validation
DH_5_MFA,DH,MFA,DH_5_MFA__hybrid_optuna_007,mixed_local_spatial_buffering,M_tot,1.0,STRICTLY_LOCAL,0.4743806212830097,0.0002889477647150564,0.153679699982773,0.8421559619500553,provisional_accepted_ensemble_tag_pending_step06_validation
DH_5_MFA,DH,MFA,DH_5_MFA__hybrid_optuna_008,mixed_local_spatial_buffering,M_tot,1.0,STRICTLY_LOCAL,0.46353982972665736,0.00033723955962762053,0.14273955690372986,0.8409048024754852,provisional_accepted_ensemble_tag_pending_step06_validation
DH_5_MFA,DH,MFA,DH_5_MFA__hybrid_optuna_009,kir_dominant_local_buffering,M_tot,1.0,STRICTLY_LOCAL,0.2439966222999187,0.0003404895146600367,0.2402398584810069,0.752483255819973,provisional_accepted_ensemble_tag_pending_step06_validation
DH_5_MFA,DH,MFA,DH_5_MFA__hybrid_optuna_010,kir_dominant_local_buffering,M_tot,1.0,STRICTLY_LOCAL,0.26676169291775587,0.0004386008875108677,0.2124727267516615,0.7723810493705913,provisional_accepted_ensemble_tag_pending_step06_validation
DH_5_MFA,DH,MFA,DH_5_MFA__hybrid_optuna_011,kir_dominant_local_buffering,M_tot,1.0,STRICTLY_LOCAL,0.27562876340447423,0.0002900827885928202,0.18175706535508485,0.7985517971200548,provisional_accepted_ensemble_tag_pending_step06_validation
DH_5_MFA,DH,MFA,DH_5_MFA__hybrid_optuna_012,kir_dominant_local_buffering,M_tot,1.0,STRICTLY_LOCAL,0.01005654292004378,1.2329768190458398e-05,0.18131211070471054,0.7606145651720574,provisional_accepted_ensemble_tag_pending_step06_validation
DH_5_MFA,DH,MFA,DH_5_MFA__hybrid_optuna_013,low_recruitment_local_storage,M_tot,1.0,STRICTLY_LOCAL,0.0773280089375667,3.0464987157475892e-06,0.2187167507286634,0.3907946746661594,provisional_accepted_ensemble_tag_pending_step06_validation
DH_5_MFA,DH,MFA,DH_5_MFA__hybrid_optuna_014,kir_dominant_local_buffering,M_tot,1.0,STRICTLY_LOCAL,0.2768842652420462,0.0003691204787913079,0.2095368515599725,0.7741001831312789,provisional_accepted_ensemble_tag_pending_step06_validation
DH_5_MFA,DH,MFA,DH_5_MFA__hybrid_optuna_015,mixed_local_spatial_buffering,M_tot,1.0,STRICTLY_LOCAL,0.47076442133097013,0.03328241668211938,0.35840238232906785,0.6396635659744693,provisional_accepted_ensemble_tag_pending_step06_validation
DH_5_MFA,DH,MFA,DH_5_MFA__hybrid_optuna_016,mixed_local_spatial_buffering,M_tot,1.0,STRICTLY_LOCAL,0.4725580680941504,0.025878661123599715,0.3568595012168303,0.6414972113285892,provisional_accepted_ensemble_tag_pending_step06_validation
DH_5_MFA,DH,MFA,DH_5_MFA__hybrid_optuna_017,mixed_local_spatial_buffering,M_tot,1.0,STRICTLY_LOCAL,0.478585015170728,0.006559895465170243,0.3602538092357241,0.6378478680803948,provisional_accepted_ensemble_tag_pending_step06_validation
DH_5_MFA,DH,MFA,DH_5_MFA__hybrid_optuna_018,mixed_local_spatial_buffering,M_tot,1.0,STRICTLY_LOCAL,0.467045959570401,0.005662363042974094,0.3671631485634909,0.6315481683765114,provisional_accepted_ensemble_tag_pending_step06_validation
DH_5_MFA,DH,MFA,DH_5_MFA__hybrid_optuna_019,mixed_local_spatial_buffering,M_tot,1.0,STRICTLY_LOCAL,0.4036046193708798,0.006343241698345604,0.3773887197851607,0.6208451493053843,provisional_accepted_ensemble_tag_pending_step06_validation
DH_5_MFA,DH,MFA,DH_5_MFA__hybrid_optuna_020,kir_dominant_local_buffering,M_tot,1.0,STRICTLY_LOCAL,0.035287003904869045,2.8969705047647553e-05,0.2690451101535127,0.7254964798211073,provisional_accepted_ensemble_tag_pending_step06_validation
DH_5_MFA,DH,MFA,DH_5_MFA__hybrid_optuna_021,kir_dominant_local_buffering,M_tot,1.0,STRICTLY_LOCAL,0.0013440391563483292,1.543047155937993e-07,0.22262564816732522,0.679438401111486,provisional_accepted_ensemble_tag_pending_step06_validation
DH_5_MFA,DH,MFA,DH_5_MFA__hybrid_optuna_022,kir_dominant_local_buffering,M_tot,1.0,STRICTLY_LOCAL,0.02884283474942248,3.423217761350432e-05,0.29715501131132754,0.6604135871496252,provisional_accepted_ensemble_tag_pending_step06_validation
DH_5_MFA,DH,MFA,DH_5_MFA__hybrid_optuna_023,kir_dominant_local_buffering,M_tot,1.0,STRICTLY_LOCAL,0.12060329718438606,0.0007587213689400621,0.3425564366395684,0.6558529579407392,provisional_accepted_ensemble_tag_pending_step06_validation
DH_5_MFA,DH,MFA,DH_5_MFA__hybrid_optuna_024,kir_dominant_local_buffering,M_tot,1.0,STRICTLY_LOCAL,0.2862949510273341,0.0011223753036285417,0.30192686857082435,0.6884414134254073,provisional_accepted_ensemble_tag_pending_step06_validation
DH_5_MFA,DH,MFA,DH_5_MFA__hybrid_optuna_025,mixed_local_spatial_buffering,M_tot,1.0,STRICTLY_LOCAL,0.4432797001182565,0.0002735572661857095,0.13827288742346347,0.8430810361963204,provisional_accepted_ensemble_tag_pending_step06_validation
DH_5_MFA,DH,MFA,DH_5_MFA__hybrid_optuna_026,kir_dominant_local_buffering,M_tot,0.8333333333333334,STRICTLY_LOCAL,0.0007397116180271365,9.549558757083424e-08,0.23894854979110788,0.6612650057910976,provisional_accepted_ensemble_tag_pending_step06_validation
DH_5_MFA,DH,MFA,DH_5_MFA__hybrid_optuna_027,mixed_local_spatial_buffering,M_tot,1.0,STRICTLY_LOCAL,0.4777985899037289,0.0005840891918997785,0.1628974173446963,0.8330077004803718,provisional_accepted_ensemble_tag_pending_step06_validation
DH_5_MFA,DH,MFA,DH_5_MFA__hybrid_optuna_028,mixed_local_spatial_buffering,M_tot,1.0,STRICTLY_LOCAL,0.41508728329165495,0.00025614331012445776,0.13048581148723842,0.8477487663497852,provisional_accepted_ensemble_tag_pending_step06_validation
DH_5_MFA,DH,MFA,DH_5_MFA__hybrid_optuna_029,kir_dominant_local_buffering,M_tot,0.8333333333333334,STRICTLY_LOCAL,0.011801771632412196,7.026532010160085e-07,0.2082365885777592,0.6644800664061631,provisional_accepted_ensemble_tag_pending_step06_validation
DH_5_MFA,DH,MFA,DH_5_MFA__hybrid_optuna_030,kir_dominant_local_buffering,M_tot,1.0,STRICTLY_LOCAL,0.0015183997230230678,1.8589671482573945e-07,0.20725615811346906,0.6898001644987931,provisional_accepted_ensemble_tag_pending_step06_validation
DH_5_MFA,DH,MFA,DH_5_MFA__hybrid_optuna_031,mixed_local_spatial_buffering,M_tot,1.0,STRICTLY_LOCAL,0.4911353981013378,0.0395687052385666,0.23974671454121407,0.7594878639443992,provisional_accepted_ensemble_tag_pending_step06_validation
DH_5_MFA,DH,MFA,DH_5_MFA__hybrid_optuna_032,kir_dominant_local_buffering,M_tot,1.0,STRICTLY_LOCAL,0.034582530111441086,3.3683049264213696e-05,0.34572026565886244,0.6395802316642893,provisional_accepted_ensemble_tag_pending_step06_validation
DH_5_MFA,DH,MFA,DH_5_MFA__hybrid_optuna_033,kir_dominant_local_buffering,M_tot,1.0,STRICTLY_LOCAL,0.07196733326969101,0.00020493396796715586,0.235351854730627,0.7544574144983754,provisional_accepted_ensemble_tag_pending_step06_validation
DH_5_MFA,DH,MFA,DH_5_MFA__hybrid_optuna_034,mixed_local_spatial_buffering,M_tot,1.0,STRICTLY_LOCAL,0.4717151628940514,0.0003789125900649551,0.11326564982992286,0.8806277464398978,provisional_accepted_ensemble_tag_pending_step06_validation
DH_5_MFA,DH,MFA,DH_5_MFA__hybrid_optuna_035,mixed_local_spatial_buffering,M_tot,1.0,BALANCED_OR_WEAK,0.4988163514921846,0.14320022099449695,0.45918815678036334,0.5396944470557844,provisional_accepted_ensemble_tag_pending_step06_validation
DH_5_MFA,DH,MFA,DH_5_MFA__hybrid_optuna_036,mixed_local_spatial_buffering,M_tot,1.0,STRICTLY_LOCAL,0.4218625439051595,0.009835594447498564,0.2518500485018122,0.7420884241791695,provisional_accepted_ensemble_tag_pending_step06_validation
DH_5_MFA,DH,MFA,DH_5_MFA__hybrid_optuna_037,mixed_local_spatial_buffering,M_tot,1.0,STRICTLY_LOCAL,0.4640369649000382,0.00021123894225730057,0.14004072300982617,0.8449056586011651,provisional_accepted_ensemble_tag_pending_step06_validation
DH_5_MFA,DH,MFA,DH_5_MFA__hybrid_optuna_038,mixed_local_spatial_buffering,M_tot,1.0,STRICTLY_LOCAL,0.4713167733722306,2.405230948380057e-05,0.22344794216912334,0.704598337187976,provisional_accepted_ensemble_tag_pending_step06_validation
DH_5_MFA,DH,MFA,DH_5_MFA__hybrid_optuna_039,kir_dominant_local_buffering,M_tot,1.0,STRICTLY_LOCAL,0.11331949980584775,2.9489183549879425e-06,0.1269488107586074,0.8053912664925487,provisional_accepted_ensemble_tag_pending_step06_validation
DH_5_MFA,DH,MFA,DH_5_MFA__hybrid_optuna_040,kir_dominant_local_buffering,M_tot,1.0,STRICTLY_LOCAL,0.1207236804584267,3.7194962682200216e-06,0.12228436840686796,0.7999556286403471,provisional_accepted_ensemble_tag_pending_step06_validation
DH_5_MFA,DH,MFA,DH_5_MFA__hybrid_optuna_041,mixed_local_spatial_buffering,M_tot,1.0,STRICTLY_LOCAL,0.4439306450610234,0.012419574807986463,0.3995594565887984,0.6002691948793175,provisional_accepted_ensemble_tag_pending_step06_validation
DH_5_MFA,DH,MFA,DH_5_MFA__hybrid_optuna_042,available_surface_voltage_coupled_but_ionic_recruitment_low,M_tot,1.0,STRICTLY_LOCAL,2.7184482067042624e-06,2.2009302017700034e-09,0.44303158137665005,0.5427902722704611,provisional_accepted_ensemble_tag_pending_step06_validation
DH_5_MFA,DH,MFA,DH_5_MFA__hybrid_optuna_043,available_surface_voltage_coupled_but_ionic_recruitment_low,M_tot,1.0,BALANCED_OR_WEAK,2.696841915229019e-28,3.422589871018862e-29,0.46278120147544444,0.5313261765050006,provisional_accepted_ensemble_tag_pending_step06_validation
DH_5_MFA,DH,MFA,DH_5_MFA__hybrid_optuna_044,available_surface_voltage_coupled_but_ionic_recruitment_low,M_tot,1.0,STRICTLY_LOCAL,5.01806191188237e-39,2.069535426320604e-40,0.4281597655851845,0.5593066287328508,provisional_accepted_ensemble_tag_pending_step06_validation
DH_5_MFA,DH,MFA,DH_5_MFA__hybrid_optuna_045,low_recruitment_local_storage,M_tot,1.0,STRICTLY_LOCAL,1.7162264159017378e-13,4.368001285646984e-16,0.3786442161719088,0.45448935184734635,provisional_accepted_ensemble_tag_pending_step06_validation
DH_5_MFA,DH,MFA,DH_5_MFA__hybrid_optuna_046,available_surface_voltage_coupled_but_ionic_recruitment_low,M_tot,1.0,BALANCED_OR_WEAK,0.02998790126957161,8.112089979939731e-05,0.46034933274416767,0.5219859372183285,provisional_accepted_ensemble_tag_pending_step06_validation
DH_5_MFA,DH,MFA,DH_5_MFA__hybrid_optuna_047,mixed_local_spatial_buffering,M_tot,1.0,BALANCED_OR_WEAK,0.4722105074332014,0.1390904536884133,0.4859641554974126,0.513885837534767,provisional_accepted_ensemble_tag_pending_step06_validation
DH_5_MFA,DH,MFA,DH_5_MFA__hybrid_optuna_048,available_surface_voltage_coupled_but_ionic_recruitment_low,M_tot,1.0,BALANCED_OR_WEAK,3.048272346592352e-57,1.351669013908366e-59,0.42370083679314247,0.4236077533421117,provisional_accepted_ensemble_tag_pending_step06_validation
DH_5_MFA,DH,MFA,DH_5_MFA__hybrid_optuna_049,kir_dominant_local_buffering,M_tot,1.0,STRICTLY_LOCAL,0.001526184264073462,2.2874097220881678e-07,0.2757775499762787,0.6975735768037655,provisional_accepted_ensemble_tag_pending_step06_validation
DH_5_MFA,DH,MFA,DH_5_MFA__hybrid_optuna_050,mixed_local_spatial_buffering,M_tot,1.0,STRICTLY_LOCAL,0.45733186390702546,0.017966045445622178,0.37073930578336095,0.6276866549244012,provisional_accepted_ensemble_tag_pending_step06_validation
DH_5_MFA,DH,MFA,DH_5_MFA__hybrid_optuna_051,available_surface_voltage_coupled_but_ionic_recruitment_low,M_tot,1.0,BALANCED_OR_WEAK,1.7361460773402822e-32,5.070341361451522e-34,0.4613358657753997,0.4262007844390065,provisional_accepted_ensemble_tag_pending_step06_validation
DH_5_MFA,DH,MFA,DH_5_MFA__hybrid_optuna_052,available_surface_voltage_coupled_but_ionic_recruitment_low,M_tot,1.0,BALANCED_OR_WEAK,1.4935375508598674e-54,8.839377536948267e-54,0.49521708524171587,0.5043293061371223,provisional_accepted_ensemble_tag_pending_step06_validation
DH_5_MFA,DH,MFA,DH_5_MFA__hybrid_optuna_053,available_surface_voltage_coupled_but_ionic_recruitment_low,M_tot,1.0,BALANCED_OR_WEAK,7.498799932743618e-40,2.6945947367540203e-41,0.4642605001433155,0.4043649791111235,provisional_accepted_ensemble_tag_pending_step06_validation
DH_5_MFA,DH,MFA,DH_5_MFA__hybrid_optuna_054,mixed_local_spatial_buffering,M_tot,1.0,STRICTLY_LOCAL,0.4818220520852086,0.007036625419367691,0.3795531348353074,0.619966237247409,provisional_accepted_ensemble_tag_pending_step06_validation
DH_5_MFA,DH,MFA,DH_5_MFA__hybrid_optuna_055,available_surface_voltage_coupled_but_ionic_recruitment_low,M_tot,1.0,STRICTLY_LOCAL,1.1447958913250136e-37,6.865481676240375e-39,0.4493625015766951,0.5402055636552722,provisional_accepted_ensemble_tag_pending_step06_validation
DH_5_MFA,DH,MFA,DH_5_MFA__hybrid_optuna_056,available_surface_voltage_coupled_but_ionic_recruitment_low,M_tot,1.0,BALANCED_OR_WEAK,5.652261188236416e-93,1.447022033875484e-92,0.49597831536673437,0.5036240841841264,provisional_accepted_ensemble_tag_pending_step06_validation
DH_5_MFA,DH,MFA,DH_5_MFA__hybrid_optuna_057,mixed_local_spatial_buffering,M_tot,1.0,STRICTLY_LOCAL,0.4743848322379141,0.07186680751303332,0.3299073725727958,0.6692701793974667,provisional_accepted_ensemble_tag_pending_step06_validation
DH_5_MFA,DH,MFA,DH_5_MFA__hybrid_optuna_058,available_surface_voltage_coupled_but_ionic_recruitment_low,M_tot,1.0,STRICTLY_LOCAL,3.8840384557883393e-134,5.999028073518458e-138,0.42606681969322957,0.5689289894720759,provisional_accepted_ensemble_tag_pending_step06_validation
DH_5_MFA,DH,MFA,DH_5_MFA__hybrid_optuna_059,available_surface_voltage_coupled_but_ionic_recruitment_low,M_tot,1.0,BALANCED_OR_WEAK,1.499122474510747e-08,6.046757961217757e-09,0.4924193496166925,0.5073977904120228,provisional_accepted_ensemble_tag_pending_step06_validation
DH_5_MFA,DH,MFA,DH_5_MFA__hybrid_optuna_060,mixed_local_spatial_buffering,M_tot,1.0,BALANCED_OR_WEAK,0.4126217950998698,0.42392249059217485,0.49576392837687094,0.4985108407461556,provisional_accepted_ensemble_tag_pending_step06_validation
DH_5_MFA,DH,MFA,DH_5_MFA__hybrid_optuna_061,mixed_local_spatial_buffering,M_tot,1.0,STRICTLY_LOCAL,0.4979447437801848,1.628104602636164e-05,0.1909948463311011,0.6550620591993533,provisional_accepted_ensemble_tag_pending_step06_validation
DH_5_MFA,DH,MFA,DH_5_MFA__hybrid_optuna_062,mixed_local_spatial_buffering,M_tot,1.0,BALANCED_OR_WEAK,0.4688514128546826,0.33040993299872695,0.49909287971202265,0.5009055465180018,provisional_accepted_ensemble_tag_pending_step06_validation
DH_5_MFA,DH,MFA,DH_5_MFA__hybrid_optuna_063,available_surface_voltage_coupled_but_ionic_recruitment_low,M_tot,1.0,BALANCED_OR_WEAK,2.1054185698673084e-249,3.1888382431878884e-249,0.49954154421907204,0.5004181501489455,provisional_accepted_ensemble_tag_pending_step06_validation
DH_5_MFA,DH,MFA,DH_5_MFA__hybrid_optuna_064,available_surface_voltage_coupled_but_ionic_recruitment_low,M_tot,1.0,BALANCED_OR_WEAK,1.4948988651885888e-10,3.5226769253307914e-12,0.4998135308746765,0.48895357572540504,provisional_accepted_ensemble_tag_pending_step06_validation
DH_5_MFA,DH,MFA,DH_5_MFA__hybrid_optuna_065,kir_dominant_local_buffering,M_tot,1.0,STRICTLY_LOCAL,0.14410120680438882,9.435546270906269e-06,0.11535763761662167,0.7700029127943923,provisional_accepted_ensemble_tag_pending_step06_validation
DH_5_MFA,DH,MFA,DH_5_MFA__hybrid_optuna_066,recruited_surface_gap_assisted_buffering,M_tot,1.0,BALANCED_OR_WEAK,0.8624266989614137,0.49940727440319516,0.499747824417129,0.4999439535761659,provisional_accepted_ensemble_tag_pending_step06_validation
DH_5_MFA,DH,MFA,DH_5_MFA__hybrid_optuna_067,low_recruitment_local_storage,M_tot,1.0,STRICTLY_LOCAL,1.7485520850175087e-50,8.960747223746374e-54,0.23002484732371298,0.5300452653287863,provisional_accepted_ensemble_tag_pending_step06_validation
DH_5_MFA,DH,MFA,DH_5_MFA__hybrid_optuna_068,mixed_local_spatial_buffering,M_tot,1.0,STRICTLY_LOCAL,0.4941545172736222,0.0017119025344873161,0.19554217731968457,0.7679590752822195,provisional_accepted_ensemble_tag_pending_step06_validation
DH_5_MFA,DH,MFA,DH_5_MFA__hybrid_optuna_069,recruited_surface_gap_assisted_buffering,M_tot,1.0,BALANCED_OR_WEAK,0.793355210621075,0.4996548349416938,0.4999817198386129,0.4998554869867457,provisional_accepted_ensemble_tag_pending_step06_validation
DH_5_MFA,DH,MFA,DH_5_MFA__hybrid_optuna_070,kir_dominant_local_buffering,M_tot,1.0,STRICTLY_LOCAL,0.19840696532385182,4.173946168348138e-06,0.05541424527560354,0.8651450592487894,provisional_accepted_ensemble_tag_pending_step06_validation
DH_5_MFA,DH,MFA,DH_5_MFA__hybrid_optuna_071,low_recruitment_local_storage,M_tot,1.0,STRICTLY_LOCAL,2.2129238640488045e-16,6.144024591725756e-20,0.22745219961194926,0.42418358524263766,provisional_accepted_ensemble_tag_pending_step06_validation
DH_5_MFA,DH,MFA,DH_5_MFA__hybrid_optuna_072,low_recruitment_local_storage,M_tot,1.0,STRICTLY_LOCAL,9.859621630428371e-305,1.0524129674891619e-307,0.2595979076181853,0.41593629520685393,provisional_accepted_ensemble_tag_pending_step06_validation
DH_5_MFA,DH,MFA,DH_5_MFA__hybrid_optuna_073,available_surface_voltage_coupled_but_ionic_recruitment_low,M_tot,1.0,BALANCED_OR_WEAK,4.116924735277861e-108,9.779462172422699e-109,0.4946375195578716,0.5050116400987265,provisional_accepted_ensemble_tag_pending_step06_validation
DH_5_MFA,DH,MFA,DH_5_MFA__hybrid_optuna_074,kir_dominant_local_buffering,M_tot,1.0,STRICTLY_LOCAL,0.11216726255427502,3.0390245248007316e-05,0.18890676470314016,0.7860624379034008,provisional_accepted_ensemble_tag_pending_step06_validation
DH_5_MFA,DH,MFA,DH_5_MFA__hybrid_optuna_075,low_recruitment_local_storage,M_tot,1.0,BALANCED_OR_WEAK,8.098506897066006e-44,2.016156081877127e-44,0.38635583101106546,0.4460080788335478,provisional_accepted_ensemble_tag_pending_step06_validation
DH_5_MFA,DH,MFA,DH_5_MFA__hybrid_optuna_076,low_recruitment_local_storage,M_tot,1.0,STRICTLY_LOCAL,0.005054485930897118,1.969462429676541e-06,0.3843011585033715,0.5858222835455721,provisional_accepted_ensemble_tag_pending_step06_validation
DH_5_MFA,DH,MFA,DH_5_MFA__hybrid_optuna_077,kir_dominant_local_buffering,M_tot,1.0,STRICTLY_LOCAL,0.21556577216716735,6.15627273322099e-05,0.3199121639790144,0.6436985372746502,provisional_accepted_ensemble_tag_pending_step06_validation
DH_5_MFA,DH,MFA,DH_5_MFA__hybrid_optuna_078,mixed_local_spatial_buffering,M_tot,1.0,STRICTLY_LOCAL,0.15444976302822536,2.245502490308925e-05,0.3350658904261287,0.5188859225018092,provisional_accepted_ensemble_tag_pending_step06_validation
DH_5_MFA,DH,MFA,DH_5_MFA__hybrid_optuna_079,kir_dominant_local_buffering,M_tot,1.0,STRICTLY_LOCAL,0.2878415516860258,0.00017498882458394979,0.20432062933841802,0.7798847338364151,provisional_accepted_ensemble_tag_pending_step06_validation
DH_5_MFA,DH,MFA,DH_5_MFA__hybrid_optuna_080,kir_dominant_local_buffering,M_tot,1.0,STRICTLY_LOCAL,0.1275464905795319,0.00019221587528264834,0.20960943691100398,0.743065465713778,provisional_accepted_ensemble_tag_pending_step06_validation
DH_5_MFA,DH,MFA,DH_5_MFA__hybrid_optuna_081,recruited_surface_gap_assisted_buffering,M_tot,1.0,BALANCED_OR_WEAK,0.8551358268804149,0.4921141855736421,0.5004062701447645,0.4739681929365096,provisional_accepted_ensemble_tag_pending_step06_validation
DH_5_MFA,DH,MFA,DH_5_MFA__hybrid_optuna_082,mixed_local_spatial_buffering,M_tot,1.0,BALANCED_OR_WEAK,0.45773055546302427,0.48157993625300527,0.32728748180595096,0.6710463162038,provisional_accepted_ensemble_tag_pending_step06_validation
DH_5_MFA,DH,MFA,DH_5_MFA__hybrid_optuna_083,recruited_surface_gap_assisted_buffering,M_tot,1.0,BALANCED_OR_WEAK,0.5539451248236684,0.49740250061704705,0.49794522460028373,0.5017870123823757,provisional_accepted_ensemble_tag_pending_step06_validation
DH_5_MFA,DH,MFA,DH_5_MFA__hybrid_optuna_084,low_recruitment_local_storage,M_tot,1.0,STRICTLY_LOCAL,9.859673286442094e-305,0.0,0.00571581225991206,0.5150901576415804,provisional_accepted_ensemble_tag_pending_step06_validation
DH_5_MFA,DH,MFA,DH_5_MFA__hybrid_optuna_085,kir_dominant_local_buffering,M_tot,1.0,STRICTLY_LOCAL,1.334005922161843e-11,1.47223764630564e-11,0.34154804653335,0.658206311193512,provisional_accepted_ensemble_tag_pending_step06_validation
DH_5_MFA,DH,MFA,DH_5_MFA__hybrid_optuna_086,recruited_surface_gap_assisted_buffering,M_tot,1.0,BALANCED_OR_WEAK,0.923856793712786,0.4989770051595952,0.4992554853886153,0.5004604830893438,provisional_accepted_ensemble_tag_pending_step06_validation
DH_5_MFA,DH,MFA,DH_5_MFA__hybrid_optuna_087,recruited_surface_gap_assisted_buffering,M_tot,1.0,BALANCED_OR_WEAK,0.8606428125300393,0.49921653730818893,0.4997812526681004,0.49988893841442344,provisional_accepted_ensemble_tag_pending_step06_validation
DH_5_MFA,DH,MFA,DH_5_MFA__hybrid_optuna_088,recruited_surface_gap_assisted_buffering,M_tot,1.0,BALANCED_OR_WEAK,0.910995522796337,0.49925471223166595,0.49985662569175204,0.49958342691773083,provisional_accepted_ensemble_tag_pending_step06_validation
DH_5_MFA,DH,MFA,DH_5_MFA__hybrid_optuna_089,recruited_surface_gap_assisted_buffering,M_tot,1.0,BALANCED_OR_WEAK,0.9317641627263868,0.4993208388466585,0.5000897655817303,0.4992828088198698,provisional_accepted_ensemble_tag_pending_step06_validation
DH_5_MFA,DH,MFA,DH_5_MFA__hybrid_optuna_090,recruited_surface_gap_assisted_buffering,M_tot,1.0,BALANCED_OR_WEAK,0.8948591199096692,0.499360573794257,0.49978131208767557,0.49982531649074485,provisional_accepted_ensemble_tag_pending_step06_validation
DH_5_MFA,DH,MFA,DH_5_MFA__hybrid_optuna_091,mixed_local_spatial_buffering,M_tot,1.0,BALANCED_OR_WEAK,0.41149380970178084,0.41332719641099996,0.5000246465418293,0.4999713304325051,provisional_accepted_ensemble_tag_pending_step06_validation
DH_5_MFA,DH,MFA,DH_5_MFA__hybrid_optuna_092,available_surface_voltage_coupled_but_ionic_recruitment_low,M_tot,1.0,BALANCED_OR_WEAK,1.628320531499146e-50,7.743712363315292e-53,0.4561209410703309,0.5356245734566565,provisional_accepted_ensemble_tag_pending_step06_validation
DH_5_MFA,DH,MFA,DH_5_MFA__hybrid_optuna_093,low_recruitment_local_storage,M_tot,1.0,STRICTLY_LOCAL,1.7530826026274905e-12,0.0,0.012627329366677494,0.48591906905606314,provisional_accepted_ensemble_tag_pending_step06_validation
DH_5_MFA,DH,MFA,DH_5_MFA__hybrid_optuna_094,mixed_local_spatial_buffering,M_tot,1.0,BALANCED_OR_WEAK,0.4901796727012547,0.489947159622866,0.5017219091634352,0.49826583622325443,provisional_accepted_ensemble_tag_pending_step06_validation
DH_5_MFA,DH,MFA,DH_5_MFA__hybrid_optuna_095,kir_dominant_local_buffering,M_tot,1.0,STRICTLY_LOCAL,1.7774906022034683e-37,3.700513445987194e-38,0.3288001016985837,0.6632218229881801,provisional_accepted_ensemble_tag_pending_step06_validation
DH_5_MFA,DH,MFA,DH_5_MFA__hybrid_optuna_096,available_surface_voltage_coupled_but_ionic_recruitment_low,M_tot,1.0,BALANCED_OR_WEAK,1.6161387832523223e-06,0.061951293585286726,0.5033508879113031,0.4965951989129474,provisional_accepted_ensemble_tag_pending_step06_validation
DH_5_MFA,DH,MFA,DH_5_MFA__hybrid_optuna_097,mixed_local_spatial_buffering,M_tot,1.0,BALANCED_OR_WEAK,0.46514696373173886,0.44989161682607387,0.5407090175429153,0.4592871351995445,provisional_accepted_ensemble_tag_pending_step06_validation
DH_5_MFA,DH,MFA,DH_5_MFA__hybrid_optuna_098,available_surface_voltage_coupled_but_ionic_recruitment_low,M_tot,1.0,BALANCED_OR_WEAK,5.969937950696977e-303,4.326650566617729e-302,0.494248108931173,0.5057259907212789,provisional_accepted_ensemble_tag_pending_step06_validation
DH_5_MFA,DH,MFA,DH_5_MFA__hybrid_optuna_099,available_surface_voltage_coupled_but_ionic_recruitment_low,M_tot,1.0,STRICTLY_LOCAL,9.859297130281808e-305,7.410911899284294e-306,0.44287333363169545,0.5557600953718164,provisional_accepted_ensemble_tag_pending_step06_validation
DH_5_MFA,DH,MFA,DH_5_MFA__hybrid_optuna_100,mixed_local_spatial_buffering,M_tot,1.0,MIXED_LOCAL,0.4841237557699453,0.08882799748295366,0.5062483841860874,0.023784477780243136,provisional_accepted_ensemble_tag_pending_step06_validation
DH_5_MFA,DH,MFA,DH_5_MFA__hybrid_post_001,kir_dominant_local_buffering,M_tot,1.0,STRICTLY_LOCAL,0.28235445596496006,0.001251206972393569,0.2056943980388302,0.779835034164584,provisional_accepted_ensemble_tag_pending_step06_validation
DH_5_MFA,DH,MFA,DH_5_MFA__hybrid_post_002,kir_dominant_local_buffering,M_tot,1.0,STRICTLY_LOCAL,0.2632952857255562,0.0005884274141855295,0.20596595010685312,0.7898878375231608,provisional_accepted_ensemble_tag_pending_step06_validation
DH_5_MFA,DH,MFA,DH_5_MFA__hybrid_post_003,kir_dominant_local_buffering,M_tot,1.0,STRICTLY_LOCAL,0.1389898583342752,9.584274119405731e-05,0.21664557746324417,0.7682857285976487,provisional_accepted_ensemble_tag_pending_step06_validation
DH_5_MFA,DH,MFA,DH_5_MFA__hybrid_pre_01,recruited_surface_gap_assisted_buffering,M_tot,1.0,BALANCED_OR_WEAK,0.8948591199096692,0.499360573794257,0.49978131208767557,0.49982531649074485,provisional_accepted_ensemble_tag_pending_step06_validation
DH_5_MFA,DH,MFA,DH_5_MFA__hybrid_pre_02,recruited_surface_gap_assisted_buffering,M_tot,1.0,BALANCED_OR_WEAK,0.910995522796337,0.49925471223166595,0.49985662569175204,0.49958342691773083,provisional_accepted_ensemble_tag_pending_step06_validation
DH_5_MFA,DH,MFA,DH_5_MFA__hybrid_pre_03,recruited_surface_gap_assisted_buffering,M_tot,1.0,BALANCED_OR_WEAK,0.8624266989614137,0.49940727440319516,0.499747824417129,0.4999439535761659,provisional_accepted_ensemble_tag_pending_step06_validation
DH_5_MFA,DH,MFA,DH_5_MFA__hybrid_pre_04,recruited_surface_gap_assisted_buffering,M_tot,1.0,BALANCED_OR_WEAK,0.8606428125300393,0.49921653730818893,0.4997812526681004,0.49988893841442344,provisional_accepted_ensemble_tag_pending_step06_validation
DH_5_MFA,DH,MFA,DH_5_MFA__hybrid_pre_05,recruited_surface_gap_assisted_buffering,M_tot,1.0,BALANCED_OR_WEAK,0.923856793712786,0.4989770051595952,0.4992554853886153,0.5004604830893438,provisional_accepted_ensemble_tag_pending_step06_validation
DH_5_MFA,DH,MFA,DH_5_MFA__hybrid_pre_06,recruited_surface_gap_assisted_buffering,M_tot,1.0,BALANCED_OR_WEAK,0.9317641627263868,0.4993208388466585,0.5000897655817303,0.4992828088198698,provisional_accepted_ensemble_tag_pending_step06_validation
DH_5_MFA,DH,MFA,DH_5_MFA__hybrid_pre_07,recruited_surface_gap_assisted_buffering,M_tot,1.0,BALANCED_OR_WEAK,0.793355210621075,0.4996548349416938,0.4999817198386129,0.4998554869867457,provisional_accepted_ensemble_tag_pending_step06_validation
DH_5_MFA,DH,MFA,DH_5_MFA__hybrid_pre_08,recruited_surface_gap_assisted_buffering,M_tot,1.0,BALANCED_OR_WEAK,0.5539451248236684,0.49740250061704705,0.49794522460028373,0.5017870123823757,provisional_accepted_ensemble_tag_pending_step06_validation
DH_5_MFA_BA,DH,MFA_BA,DH_5_MFA_BA__hybrid_optuna_001,low_recruitment_local_storage,M_tot,1.0,STRICTLY_LOCAL,7.687678630589152e-166,0.0,0.03274295869178802,0.510643523131454,provisional_accepted_ensemble_tag_pending_step06_validation
DH_5_MFA_BA,DH,MFA_BA,DH_5_MFA_BA__hybrid_optuna_002,low_recruitment_local_storage,M_tot,1.0,STRICTLY_LOCAL,1.539326037618752e-71,0.0,0.02361577819385761,0.5400726023524772,provisional_accepted_ensemble_tag_pending_step06_validation
DH_5_MFA_BA,DH,MFA_BA,DH_5_MFA_BA__hybrid_optuna_003,low_recruitment_local_storage,M_tot,1.0,STRICTLY_LOCAL,5.059446753459117e-86,0.0,0.019465819963743584,0.5431577203269626,provisional_accepted_ensemble_tag_pending_step06_validation
DH_5_MFA_BA,DH,MFA_BA,DH_5_MFA_BA__hybrid_optuna_004,low_recruitment_local_storage,M_tot,1.0,STRICTLY_LOCAL,6.41536993214784e-87,0.0,0.0009286768197291967,0.5055941549669981,provisional_accepted_ensemble_tag_pending_step06_validation
DH_5_MFA_BA,DH,MFA_BA,DH_5_MFA_BA__hybrid_optuna_005,kir_dominant_local_buffering,M_tot,1.0,STRICTLY_LOCAL,5.944966426917326e-05,0.0,0.006052201110386401,0.618085734896905,provisional_accepted_ensemble_tag_pending_step06_validation
DH_5_MFA_BA,DH,MFA_BA,DH_5_MFA_BA__hybrid_optuna_006,low_recruitment_local_storage,M_tot,1.0,STRICTLY_LOCAL,0.001029368558505487,0.0,0.030679789111219522,0.5011220218646848,provisional_accepted_ensemble_tag_pending_step06_validation
DH_5_MFA_BA,DH,MFA_BA,DH_5_MFA_BA__hybrid_optuna_007,low_recruitment_local_storage,M_tot,1.0,STRICTLY_LOCAL,4.695251871574258e-183,0.0,0.023968382062215975,0.505734259945965,provisional_accepted_ensemble_tag_pending_step06_validation
DH_5_MFA_BA,DH,MFA_BA,DH_5_MFA_BA__hybrid_optuna_008,low_recruitment_local_storage,M_tot,1.0,STRICTLY_LOCAL,1.5685487480064535e-165,0.0,0.03189899068259076,0.5028150009350313,provisional_accepted_ensemble_tag_pending_step06_validation
DH_5_MFA_BA,DH,MFA_BA,DH_5_MFA_BA__hybrid_optuna_009,low_recruitment_local_storage,M_tot,1.0,STRICTLY_LOCAL,0.010279571060685173,0.0,0.0003885669950632956,0.5029587514503463,provisional_accepted_ensemble_tag_pending_step06_validation
DH_5_MFA_BA,DH,MFA_BA,DH_5_MFA_BA__hybrid_optuna_010,low_recruitment_local_storage,M_tot,1.0,STRICTLY_LOCAL,7.501105795089869e-82,0.0,0.02081627095460149,0.5307709797598928,provisional_accepted_ensemble_tag_pending_step06_validation
DH_5_MFA_BA,DH,MFA_BA,DH_5_MFA_BA__hybrid_optuna_011,low_recruitment_local_storage,M_tot,1.0,STRICTLY_LOCAL,1.8258553964514547e-80,0.0,0.02983889201699788,0.5490791792482997,provisional_accepted_ensemble_tag_pending_step06_validation
DH_5_MFA_BA,DH,MFA_BA,DH_5_MFA_BA__hybrid_optuna_012,low_recruitment_local_storage,M_tot,1.0,STRICTLY_LOCAL,0.0013122153202921524,0.0,0.0006009558095041822,0.5024665856833687,provisional_accepted_ensemble_tag_pending_step06_validation
DH_5_MFA_BA,DH,MFA_BA,DH_5_MFA_BA__hybrid_optuna_013,low_recruitment_local_storage,M_tot,1.0,STRICTLY_LOCAL,5.471758669442441e-174,0.0,0.03065373099074865,0.49974066366310615,provisional_accepted_ensemble_tag_pending_step06_validation
DH_5_MFA_BA,DH,MFA_BA,DH_5_MFA_BA__hybrid_optuna_014,mixed_local_spatial_buffering,M_tot,1.0,STRICTLY_LOCAL,0.244112230248565,0.0,0.01271541644730316,0.5343883057872764,provisional_accepted_ensemble_tag_pending_step06_validation
DH_5_MFA_BA,DH,MFA_BA,DH_5_MFA_BA__hybrid_optuna_015,low_recruitment_local_storage,M_tot,1.0,STRICTLY_LOCAL,0.09203822807771743,0.0,0.0036305744133902852,0.5092091520478402,provisional_accepted_ensemble_tag_pending_step06_validation
DH_5_MFA_BA,DH,MFA_BA,DH_5_MFA_BA__hybrid_optuna_016,mixed_local_spatial_buffering,M_tot,1.0,STRICTLY_LOCAL,0.2362478924472968,0.0,0.014454916082733395,0.5317216720441253,provisional_accepted_ensemble_tag_pending_step06_validation
DH_5_MFA_BA,DH,MFA_BA,DH_5_MFA_BA__hybrid_optuna_017,low_recruitment_local_storage,M_tot,1.0,STRICTLY_LOCAL,2.025479910586712e-73,0.0,0.009412505958674397,0.49913053551769737,provisional_accepted_ensemble_tag_pending_step06_validation
DH_5_MFA_BA,DH,MFA_BA,DH_5_MFA_BA__hybrid_optuna_019,low_recruitment_local_storage,M_tot,1.0,STRICTLY_LOCAL,0.007356728116809488,0.0,0.0167048152048181,0.49921845081021526,provisional_accepted_ensemble_tag_pending_step06_validation
DH_5_MFA_BA,DH,MFA_BA,DH_5_MFA_BA__hybrid_optuna_020,low_recruitment_local_storage,M_tot,1.0,STRICTLY_LOCAL,8.785884896959005e-81,0.0,0.0678789871968044,0.49664976291182206,provisional_accepted_ensemble_tag_pending_step06_validation
DH_5_MFA_BA,DH,MFA_BA,DH_5_MFA_BA__hybrid_optuna_021,low_recruitment_local_storage,M_tot,1.0,STRICTLY_LOCAL,4.921147432674069e-89,0.0,0.15337720368404498,0.4277401590291052,provisional_accepted_ensemble_tag_pending_step06_validation
DH_5_MFA_BA,DH,MFA_BA,DH_5_MFA_BA__hybrid_optuna_022,low_recruitment_local_storage,M_tot,1.0,STRICTLY_LOCAL,8.483137592875093e-91,0.0,0.0052452205754219515,0.5396050436768164,provisional_accepted_ensemble_tag_pending_step06_validation
DH_5_MFA_BA,DH,MFA_BA,DH_5_MFA_BA__hybrid_optuna_023,low_recruitment_local_storage,M_tot,1.0,STRICTLY_LOCAL,1.6598446167354805e-79,0.0,0.035412286078081,0.542414130984955,provisional_accepted_ensemble_tag_pending_step06_validation
DH_5_MFA_BA,DH,MFA_BA,DH_5_MFA_BA__hybrid_optuna_024,low_recruitment_local_storage,M_tot,1.0,STRICTLY_LOCAL,5.91818250552768e-281,0.0,0.03567757776587451,0.49068849217097693,provisional_accepted_ensemble_tag_pending_step06_validation
DH_5_MFA_BA,DH,MFA_BA,DH_5_MFA_BA__hybrid_optuna_026,kir_dominant_local_buffering,M_tot,1.0,STRICTLY_LOCAL,2.610612020150092e-62,0.0,0.005154036659568508,0.7128776040615308,provisional_accepted_ensemble_tag_pending_step06_validation
DH_5_MFA_BA,DH,MFA_BA,DH_5_MFA_BA__hybrid_optuna_027,low_recruitment_local_storage,M_tot,0.75,STRICTLY_LOCAL,9.571526472870632e-240,0.0,0.029632916919969273,0.6555014746329522,provisional_accepted_ensemble_tag_pending_step06_validation
DH_5_MFA_BA,DH,MFA_BA,DH_5_MFA_BA__hybrid_optuna_028,low_recruitment_local_storage,M_tot,1.0,STRICTLY_LOCAL,6.049484047020557e-271,0.0,0.032411763575594714,0.5057742635756218,provisional_accepted_ensemble_tag_pending_step06_validation
DH_5_MFA_BA,DH,MFA_BA,DH_5_MFA_BA__hybrid_optuna_029,low_recruitment_local_storage,M_tot,1.0,STRICTLY_LOCAL,9.85967654348814e-305,0.0,0.07990644723828373,0.47019869045621365,provisional_accepted_ensemble_tag_pending_step06_validation
DH_5_MFA_BA,DH,MFA_BA,DH_5_MFA_BA__hybrid_optuna_030,available_surface_voltage_coupled_but_ionic_recruitment_low,M_tot,1.0,BALANCED_OR_WEAK,1.7453157787566304e-46,1.366224274405135e-47,0.4997735837765449,0.5002198716202596,provisional_accepted_ensemble_tag_pending_step06_validation
DH_5_MFA_BA,DH,MFA_BA,DH_5_MFA_BA__hybrid_optuna_031,available_surface_voltage_coupled_but_ionic_recruitment_low,M_tot,1.0,BALANCED_OR_WEAK,1.5099261064127862e-15,8.048625595993526e-16,0.5165864971274922,0.48309575806909694,provisional_accepted_ensemble_tag_pending_step06_validation
DH_5_MFA_BA,DH,MFA_BA,DH_5_MFA_BA__hybrid_optuna_032,available_surface_voltage_coupled_but_ionic_recruitment_low,M_tot,1.0,BALANCED_OR_WEAK,1.6330495081706234e-236,1.9984488249101032e-236,0.5133078496919565,0.4858127487603694,provisional_accepted_ensemble_tag_pending_step06_validation
DH_5_MFA_BA,DH,MFA_BA,DH_5_MFA_BA__hybrid_optuna_033,available_surface_voltage_coupled_but_ionic_recruitment_low,M_tot,1.0,BALANCED_OR_WEAK,1.8001268700416944e-270,1.8372424121690862e-271,0.5146321904041476,0.4829870173490652,provisional_accepted_ensemble_tag_pending_step06_validation
DH_5_MFA_BA,DH,MFA_BA,DH_5_MFA_BA__hybrid_optuna_034,available_surface_voltage_coupled_but_ionic_recruitment_low,M_tot,1.0,BALANCED_OR_WEAK,9.859676541885847e-305,5.877070868309369e-306,0.5138912587979724,0.4843174067601988,provisional_accepted_ensemble_tag_pending_step06_validation
DH_5_MFA_BA,DH,MFA_BA,DH_5_MFA_BA__hybrid_optuna_035,available_surface_voltage_coupled_but_ionic_recruitment_low,M_tot,1.0,BALANCED_OR_WEAK,4.3676502905589054e-15,2.2697130852850495e-17,0.4820309044329158,0.5073556392882664,provisional_accepted_ensemble_tag_pending_step06_validation
DH_5_MFA_BA,DH,MFA_BA,DH_5_MFA_BA__hybrid_optuna_036,available_surface_voltage_coupled_but_ionic_recruitment_low,M_tot,1.0,BALANCED_OR_WEAK,9.859676543576566e-305,5.935611424579915e-305,0.5065592354712671,0.49278402263626253,provisional_accepted_ensemble_tag_pending_step06_validation
DH_5_MFA_BA,DH,MFA_BA,DH_5_MFA_BA__hybrid_optuna_037,available_surface_voltage_coupled_but_ionic_recruitment_low,M_tot,1.0,BALANCED_OR_WEAK,9.859676543599223e-305,6.762214889980388e-305,0.5055317530710782,0.4939091135984011,provisional_accepted_ensemble_tag_pending_step06_validation
DH_5_MFA_BA,DH,MFA_BA,DH_5_MFA_BA__hybrid_optuna_038,available_surface_voltage_coupled_but_ionic_recruitment_low,M_tot,1.0,BALANCED_OR_WEAK,2.3534666962191057e-06,1.492589417524542e-06,0.5257723902310619,0.470235662226865,provisional_accepted_ensemble_tag_pending_step06_validation
DH_5_MFA_BA,DH,MFA_BA,DH_5_MFA_BA__hybrid_optuna_039,available_surface_voltage_coupled_but_ionic_recruitment_low,M_tot,1.0,BALANCED_OR_WEAK,9.85967654352753e-305,4.722179223387343e-305,0.5094605321249285,0.4887217149338791,provisional_accepted_ensemble_tag_pending_step06_validation
DH_5_MFA_BA,DH,MFA_BA,DH_5_MFA_BA__hybrid_optuna_040,available_surface_voltage_coupled_but_ionic_recruitment_low,M_tot,1.0,BALANCED_OR_WEAK,2.4001661538656542e-160,6.379883629551213e-160,0.504386441853989,0.4944234021889317,provisional_accepted_ensemble_tag_pending_step06_validation
DH_5_MFA_BA,DH,MFA_BA,DH_5_MFA_BA__hybrid_optuna_041,available_surface_voltage_coupled_but_ionic_recruitment_low,M_tot,1.0,MIXED_LOCAL,2.471060882278855e-145,1.0529192111271593e-146,0.4867836916394062,0.38610980605323036,provisional_accepted_ensemble_tag_pending_step06_validation
DH_5_MFA_BA,DH,MFA_BA,DH_5_MFA_BA__hybrid_optuna_042,available_surface_voltage_coupled_but_ionic_recruitment_low,M_tot,1.0,BALANCED_OR_WEAK,1.9162018104334925e-36,8.723004876644538e-39,0.5018963107372316,0.4971689316837315,provisional_accepted_ensemble_tag_pending_step06_validation
DH_5_MFA_BA,DH,MFA_BA,DH_5_MFA_BA__hybrid_optuna_043,available_surface_voltage_coupled_but_ionic_recruitment_low,M_tot,1.0,BALANCED_OR_WEAK,2.591479114889087e-24,4.4659916296119786e-23,0.509761203133734,0.48141142011168897,provisional_accepted_ensemble_tag_pending_step06_validation
DH_5_MFA_BA,DH,MFA_BA,DH_5_MFA_BA__hybrid_optuna_044,available_surface_voltage_coupled_but_ionic_recruitment_low,M_tot,1.0,BALANCED_OR_WEAK,8.244383826564125e-158,9.484897103958895e-159,0.4949988602976177,0.5022674241562489,provisional_accepted_ensemble_tag_pending_step06_validation
DH_5_MFA_BA,DH,MFA_BA,DH_5_MFA_BA__hybrid_optuna_045,available_surface_voltage_coupled_but_ionic_recruitment_low,M_tot,1.0,BALANCED_OR_WEAK,4.853766161370818e-22,8.159321951311868e-24,0.49477586583567174,0.5051846178946114,provisional_accepted_ensemble_tag_pending_step06_validation
DH_5_MFA_BA,DH,MFA_BA,DH_5_MFA_BA__hybrid_optuna_046,available_surface_voltage_coupled_but_ionic_recruitment_low,M_tot,0.8333333333333334,BALANCED_OR_WEAK,0.1605657403036758,0.08092447347997006,0.5065008065610195,0.4933685806120239,provisional_accepted_ensemble_tag_pending_step06_validation
DH_5_MFA_BA,DH,MFA_BA,DH_5_MFA_BA__hybrid_optuna_047,available_surface_voltage_coupled_but_ionic_recruitment_low,M_tot,1.0,BALANCED_OR_WEAK,2.693442983732195e-22,3.7649518482787455e-24,0.494839878300763,0.5051193291110635,provisional_accepted_ensemble_tag_pending_step06_validation
DH_5_MFA_BA,DH,MFA_BA,DH_5_MFA_BA__hybrid_optuna_048,low_recruitment_local_storage,M_tot,1.0,STRICTLY_LOCAL,3.590355441794097e-76,0.0,0.0835340856326676,0.44971824801478494,provisional_accepted_ensemble_tag_pending_step06_validation
DH_5_MFA_BA,DH,MFA_BA,DH_5_MFA_BA__hybrid_optuna_049,available_surface_voltage_coupled_but_ionic_recruitment_low,M_tot,1.0,BALANCED_OR_WEAK,3.641246741396313e-82,2.31781084642281e-84,0.4960909780901244,0.5038849362699165,provisional_accepted_ensemble_tag_pending_step06_validation
DH_5_MFA_BA,DH,MFA_BA,DH_5_MFA_BA__hybrid_optuna_050,available_surface_voltage_coupled_but_ionic_recruitment_low,M_tot,1.0,BALANCED_OR_WEAK,1.4499160071376368e-20,1.922677834117537e-22,0.49520013950726177,0.5047497048012427,provisional_accepted_ensemble_tag_pending_step06_validation
DH_5_MFA_BA,DH,MFA_BA,DH_5_MFA_BA__hybrid_optuna_051,available_surface_voltage_coupled_but_ionic_recruitment_low,M_tot,1.0,BALANCED_OR_WEAK,1.4103014681505964e-223,6.784453194002124e-224,0.4992119917501587,0.49828947519989875,provisional_accepted_ensemble_tag_pending_step06_validation
DH_5_MFA_BA,DH,MFA_BA,DH_5_MFA_BA__hybrid_optuna_052,available_surface_voltage_coupled_but_ionic_recruitment_low,M_tot,1.0,BALANCED_OR_WEAK,4.1871686370068326e-102,3.984718133396326e-103,0.5006584958176703,0.4992295577753163,provisional_accepted_ensemble_tag_pending_step06_validation
DH_5_MFA_BA,DH,MFA_BA,DH_5_MFA_BA__hybrid_optuna_053,available_surface_voltage_coupled_but_ionic_recruitment_low,M_tot,1.0,BALANCED_OR_WEAK,7.48939532217429e-19,1.5391452811785328e-20,0.49569740908592735,0.5042194257782612,provisional_accepted_ensemble_tag_pending_step06_validation
DH_5_MFA_BA,DH,MFA_BA,DH_5_MFA_BA__hybrid_optuna_054,available_surface_voltage_coupled_but_ionic_recruitment_low,M_tot,1.0,BALANCED_OR_WEAK,9.859676543724441e-305,3.5677534681738473e-304,0.5018747736804618,0.4980536056320019,provisional_accepted_ensemble_tag_pending_step06_validation
DH_5_MFA_BA,DH,MFA_BA,DH_5_MFA_BA__hybrid_optuna_055,available_surface_voltage_coupled_but_ionic_recruitment_low,M_tot,1.0,BALANCED_OR_WEAK,9.395111184909584e-93,2.360783336007728e-94,0.5036096296615622,0.4926961373352327,provisional_accepted_ensemble_tag_pending_step06_validation
DH_5_MFA_BA,DH,MFA_BA,DH_5_MFA_BA__hybrid_optuna_056,available_surface_voltage_coupled_but_ionic_recruitment_low,M_tot,1.0,BALANCED_OR_WEAK,1.301966385525189e-99,7.989846308876142e-100,0.49996381438687326,0.49996979775466716,provisional_accepted_ensemble_tag_pending_step06_validation
DH_5_MFA_BA,DH,MFA_BA,DH_5_MFA_BA__hybrid_optuna_057,available_surface_voltage_coupled_but_ionic_recruitment_low,M_tot,1.0,STRICTLY_LOCAL,4.621961938431072e-13,9.109863074927205e-17,0.45297695863450915,0.5465167377729628,provisional_accepted_ensemble_tag_pending_step06_validation
DH_5_MFA_BA,DH,MFA_BA,DH_5_MFA_BA__hybrid_optuna_058,available_surface_voltage_coupled_but_ionic_recruitment_low,M_tot,1.0,BALANCED_OR_WEAK,9.521775490402098e-37,1.0775147318283582e-36,0.5001191992533023,0.4998068897600849,provisional_accepted_ensemble_tag_pending_step06_validation
DH_5_MFA_BA,DH,MFA_BA,DH_5_MFA_BA__hybrid_optuna_059,available_surface_voltage_coupled_but_ionic_recruitment_low,M_tot,1.0,BALANCED_OR_WEAK,9.859676541140624e-305,7.162077476970024e-306,0.49952782521531275,0.4990583967218157,provisional_accepted_ensemble_tag_pending_step06_validation
DH_5_MFA_BA,DH,MFA_BA,DH_5_MFA_BA__hybrid_optuna_060,available_surface_voltage_coupled_but_ionic_recruitment_low,M_tot,1.0,BALANCED_OR_WEAK,3.73485735525111e-10,1.3583414576354121e-13,0.4688292679594997,0.5307221077025027,provisional_accepted_ensemble_tag_pending_step06_validation
DH_5_MFA_BA,DH,MFA_BA,DH_5_MFA_BA__hybrid_optuna_061,mixed_local_spatial_buffering,M_tot,1.0,STRICTLY_LOCAL,0.4433854120068254,0.0,0.007748853919968548,0.6030305875644184,provisional_accepted_ensemble_tag_pending_step06_validation
DH_5_MFA_BA,DH,MFA_BA,DH_5_MFA_BA__hybrid_optuna_062,available_surface_voltage_coupled_but_ionic_recruitment_low,M_tot,1.0,BALANCED_OR_WEAK,3.1047598920239037e-212,8.805831817747569e-213,0.48907925928703966,0.5052072019992883,provisional_accepted_ensemble_tag_pending_step06_validation
DH_5_MFA_BA,DH,MFA_BA,DH_5_MFA_BA__hybrid_optuna_063,available_surface_voltage_coupled_but_ionic_recruitment_low,M_tot,1.0,BALANCED_OR_WEAK,1.931681648258615e-44,1.7222848624468843e-40,0.4968498343579575,0.5031335692042016,provisional_accepted_ensemble_tag_pending_step06_validation
DH_5_MFA_BA,DH,MFA_BA,DH_5_MFA_BA__hybrid_optuna_064,available_surface_voltage_coupled_but_ionic_recruitment_low,M_tot,1.0,BALANCED_OR_WEAK,5.958107540344642e-10,1.2966639398321228e-13,0.47065235458922244,0.5122438352561219,provisional_accepted_ensemble_tag_pending_step06_validation
DH_5_MFA_BA,DH,MFA_BA,DH_5_MFA_BA__hybrid_optuna_065,recruited_surface_gap_assisted_buffering,M_tot,1.0,BALANCED_OR_WEAK,0.9742462789762096,0.4770245319793364,0.5012679963960441,0.49161618180774574,provisional_accepted_ensemble_tag_pending_step06_validation
DH_5_MFA_BA,DH,MFA_BA,DH_5_MFA_BA__hybrid_optuna_066,mixed_local_spatial_buffering,M_tot,1.0,BALANCED_OR_WEAK,0.46308940777436464,0.15935556278595706,0.4812397568369355,0.5006575753088639,provisional_accepted_ensemble_tag_pending_step06_validation
DH_5_MFA_BA,DH,MFA_BA,DH_5_MFA_BA__hybrid_optuna_067,mixed_local_spatial_buffering,M_tot,1.0,BALANCED_OR_WEAK,0.47799572097200543,0.0019421650742138937,0.452050207562714,0.5247897206350766,provisional_accepted_ensemble_tag_pending_step06_validation
DH_5_MFA_BA,DH,MFA_BA,DH_5_MFA_BA__hybrid_optuna_068,available_surface_voltage_coupled_but_ionic_recruitment_low,M_tot,1.0,BALANCED_OR_WEAK,9.859676543281681e-305,7.240739306366034e-305,0.5037515675333559,0.49623573072101834,provisional_accepted_ensemble_tag_pending_step06_validation
DH_5_MFA_BA,DH,MFA_BA,DH_5_MFA_BA__hybrid_optuna_069,mixed_local_spatial_buffering,M_tot,1.0,MIXED_LOCAL,0.4641053680283393,0.009621756014500561,0.40971175833867707,0.1343422590593612,provisional_accepted_ensemble_tag_pending_step06_validation
DH_5_MFA_BA,DH,MFA_BA,DH_5_MFA_BA__hybrid_optuna_070,available_surface_voltage_coupled_but_ionic_recruitment_low,M_tot,1.0,BALANCED_OR_WEAK,9.859676543743654e-305,5.4203026684037724e-303,0.5031881142010034,0.4967916332052607,provisional_accepted_ensemble_tag_pending_step06_validation
DH_5_MFA_BA,DH,MFA_BA,DH_5_MFA_BA__hybrid_optuna_071,mixed_local_spatial_buffering,M_tot,1.0,STRICTLY_LOCAL,0.46093400814458924,0.0006214094782527038,0.265944238827236,0.6531407584188963,provisional_accepted_ensemble_tag_pending_step06_validation
DH_5_MFA_BA,DH,MFA_BA,DH_5_MFA_BA__hybrid_optuna_072,low_recruitment_local_storage,M_tot,1.0,STRICTLY_LOCAL,7.556271148514565e-32,0.0,0.0012505262950331464,0.5057098422914136,provisional_accepted_ensemble_tag_pending_step06_validation
DH_5_MFA_BA,DH,MFA_BA,DH_5_MFA_BA__hybrid_optuna_073,kir_dominant_local_buffering,M_tot,1.0,STRICTLY_LOCAL,4.429279822759975e-38,2.027598255187939e-42,0.14887048036416717,0.7817550270609707,provisional_accepted_ensemble_tag_pending_step06_validation
DH_5_MFA_BA,DH,MFA_BA,DH_5_MFA_BA__hybrid_optuna_074,mixed_local_spatial_buffering,M_tot,1.0,MIXED_LOCAL,0.3851666759994787,0.3202611261961845,0.5004870922838287,0.41568617045146156,provisional_accepted_ensemble_tag_pending_step06_validation
DH_5_MFA_BA,DH,MFA_BA,DH_5_MFA_BA__hybrid_optuna_075,low_recruitment_local_storage,M_tot,1.0,STRICTLY_LOCAL,3.18147516240629e-166,0.0,0.15379419788501456,0.4115585617920861,provisional_accepted_ensemble_tag_pending_step06_validation
DH_5_MFA_BA,DH,MFA_BA,DH_5_MFA_BA__hybrid_optuna_076,kir_dominant_local_buffering,M_tot,1.0,STRICTLY_LOCAL,1.7774906022034683e-37,3.700513445987194e-38,0.3288001016985837,0.6632218229881801,provisional_accepted_ensemble_tag_pending_step06_validation
DH_5_MFA_BA,DH,MFA_BA,DH_5_MFA_BA__hybrid_optuna_077,mixed_local_spatial_buffering,M_tot,1.0,MIXED_LOCAL,0.41494379345687366,0.0,0.2822059312413329,0.2250774481244797,provisional_accepted_ensemble_tag_pending_step06_validation
DH_5_MFA_BA,DH,MFA_BA,DH_5_MFA_BA__hybrid_optuna_078,available_surface_voltage_coupled_but_ionic_recruitment_low,M_tot,1.0,BALANCED_OR_WEAK,1.6161387832523223e-06,0.061951293585286726,0.5033508879113031,0.4965951989129474,provisional_accepted_ensemble_tag_pending_step06_validation
DH_5_MFA_BA,DH,MFA_BA,DH_5_MFA_BA__hybrid_optuna_079,available_surface_voltage_coupled_but_ionic_recruitment_low,M_tot,1.0,MIXED_LOCAL,9.859676507360242e-305,1.8763812634450223e-306,0.5749326768555787,0.4107145736870537,provisional_accepted_ensemble_tag_pending_step06_validation
DH_5_MFA_BA,DH,MFA_BA,DH_5_MFA_BA__hybrid_optuna_080,available_surface_voltage_coupled_but_ionic_recruitment_low,M_tot,0.8333333333333334,BALANCED_OR_WEAK,0.11510846220234643,0.004845982269324985,0.4870479144018394,0.5032404327481754,provisional_accepted_ensemble_tag_pending_step06_validation
DH_5_MFA_BA,DH,MFA_BA,DH_5_MFA_BA__hybrid_optuna_081,available_surface_voltage_coupled_but_ionic_recruitment_low,M_tot,1.0,BALANCED_OR_WEAK,2.694611480206829e-96,1.4913517660073316e-92,0.4946561077356635,0.5053274888280058,provisional_accepted_ensemble_tag_pending_step06_validation
DH_5_MFA_BA,DH,MFA_BA,DH_5_MFA_BA__hybrid_optuna_082,kir_dominant_local_buffering,M_tot,1.0,STRICTLY_LOCAL,6.033405784196885e-06,0.0,0.00760586435313478,0.6372357152219238,provisional_accepted_ensemble_tag_pending_step06_validation
DH_5_MFA_BA,DH,MFA_BA,DH_5_MFA_BA__hybrid_optuna_083,mixed_local_spatial_buffering,M_tot,1.0,MIXED_LOCAL,0.3479973300489266,0.0094951059462922,0.4902109904228868,0.38766409238759447,provisional_accepted_ensemble_tag_pending_step06_validation
DH_5_MFA_BA,DH,MFA_BA,DH_5_MFA_BA__hybrid_optuna_084,mixed_local_spatial_buffering,M_tot,1.0,STRICTLY_LOCAL,0.46686400734880257,0.0,0.16055718246069425,0.3764319861101948,provisional_accepted_ensemble_tag_pending_step06_validation
DH_5_MFA_BA,DH,MFA_BA,DH_5_MFA_BA__hybrid_optuna_085,available_surface_voltage_coupled_but_ionic_recruitment_low,M_tot,1.0,BALANCED_OR_WEAK,9.859676543753874e-305,3.4852404312613746e-301,0.4647248843061675,0.535272375925051,provisional_accepted_ensemble_tag_pending_step06_validation
DH_5_MFA_BA,DH,MFA_BA,DH_5_MFA_BA__hybrid_optuna_086,available_surface_voltage_coupled_but_ionic_recruitment_low,M_tot,1.0,BALANCED_OR_WEAK,1.4964863853423649e-09,1.4853467236777127e-09,0.4997423521695654,0.5002536981563397,provisional_accepted_ensemble_tag_pending_step06_validation
DH_5_MFA_BA,DH,MFA_BA,DH_5_MFA_BA__hybrid_optuna_087,available_surface_voltage_coupled_but_ionic_recruitment_low,M_tot,1.0,BALANCED_OR_WEAK,9.240289702478173e-92,1.7578142578770654e-93,0.4752225687708181,0.5247603375487088,provisional_accepted_ensemble_tag_pending_step06_validation
DH_5_MFA_BA,DH,MFA_BA,DH_5_MFA_BA__hybrid_optuna_088,available_surface_voltage_coupled_but_ionic_recruitment_low,M_tot,1.0,BALANCED_OR_WEAK,9.859676543454215e-305,4.2187072453785555e-305,0.49820841372137714,0.5013600518475794,provisional_accepted_ensemble_tag_pending_step06_validation
DH_5_MFA_BA,DH,MFA_BA,DH_5_MFA_BA__hybrid_optuna_089,recruited_surface_gap_assisted_buffering,M_tot,1.0,BALANCED_OR_WEAK,0.752912170962102,0.4988486768833765,0.4992691938645746,0.5005594275019756,provisional_accepted_ensemble_tag_pending_step06_validation
DH_5_MFA_BA,DH,MFA_BA,DH_5_MFA_BA__hybrid_optuna_090,recruited_surface_gap_assisted_buffering,M_tot,1.0,BALANCED_OR_WEAK,0.8168816164714974,0.4983764391204631,0.5987294842016618,0.3443563808042362,provisional_accepted_ensemble_tag_pending_step06_validation
DH_5_MFA_BA,DH,MFA_BA,DH_5_MFA_BA__hybrid_optuna_091,recruited_surface_gap_assisted_buffering,M_tot,1.0,BALANCED_OR_WEAK,0.9754067021171515,0.49934624974681935,0.5004129422113776,0.4987320902631796,provisional_accepted_ensemble_tag_pending_step06_validation
DH_5_MFA_BA,DH,MFA_BA,DH_5_MFA_BA__hybrid_optuna_092,recruited_surface_gap_assisted_buffering,M_tot,1.0,BALANCED_OR_WEAK,0.9658880153746656,0.4987687064823316,0.4997970640883644,0.4996724130886654,provisional_accepted_ensemble_tag_pending_step06_validation
DH_5_MFA_BA,DH,MFA_BA,DH_5_MFA_BA__hybrid_optuna_093,recruited_surface_gap_assisted_buffering,M_tot,1.0,BALANCED_OR_WEAK,0.9381470735719725,0.49914238561052965,0.5002153255821827,0.49924576712578705,provisional_accepted_ensemble_tag_pending_step06_validation
DH_5_MFA_BA,DH,MFA_BA,DH_5_MFA_BA__hybrid_optuna_094,recruited_surface_gap_assisted_buffering,M_tot,1.0,BALANCED_OR_WEAK,0.9583873109184787,0.49898766619934715,0.5003048221261844,0.49867037192724245,provisional_accepted_ensemble_tag_pending_step06_validation
DH_5_MFA_BA,DH,MFA_BA,DH_5_MFA_BA__hybrid_optuna_095,recruited_surface_gap_assisted_buffering,M_tot,1.0,BALANCED_OR_WEAK,0.936520225776388,0.4989689603143878,0.5006893102672784,0.49842462082832434,provisional_accepted_ensemble_tag_pending_step06_validation
DH_5_MFA_BA,DH,MFA_BA,DH_5_MFA_BA__hybrid_optuna_096,recruited_surface_gap_assisted_buffering,M_tot,1.0,BALANCED_OR_WEAK,0.9043195696301646,0.4989398151359609,0.5009929707808062,0.49823162564567675,provisional_accepted_ensemble_tag_pending_step06_validation
DH_5_MFA_BA,DH,MFA_BA,DH_5_MFA_BA__hybrid_optuna_097,recruited_surface_gap_assisted_buffering,M_tot,1.0,BALANCED_OR_WEAK,0.8782379378143435,0.49949297865659,0.5020402316128584,0.4976611297850196,provisional_accepted_ensemble_tag_pending_step06_validation
DH_5_MFA_BA,DH,MFA_BA,DH_5_MFA_BA__hybrid_optuna_098,available_surface_voltage_coupled_but_ionic_recruitment_low,M_tot,1.0,MIXED_LOCAL,1.0307352552842204e-156,2.215251141136789e-160,0.8559113152350242,0.13826629008064478,provisional_accepted_ensemble_tag_pending_step06_validation
DH_5_MFA_BA,DH,MFA_BA,DH_5_MFA_BA__hybrid_optuna_099,kir_dominant_local_buffering,M_tot,1.0,STRICTLY_LOCAL,6.255268974072591e-227,5.973565993233281e-230,0.16870268283012016,0.8022754796005778,provisional_accepted_ensemble_tag_pending_step06_validation
DH_5_MFA_BA,DH,MFA_BA,DH_5_MFA_BA__hybrid_optuna_100,low_recruitment_local_storage,M_tot,1.0,MIXED_LOCAL,9.859675822881862e-305,0.0,0.35735239694833437,0.02687109818374581,provisional_accepted_ensemble_tag_pending_step06_validation
DH_5_MFA_BA,DH,MFA_BA,DH_5_MFA_BA__hybrid_post_001,low_recruitment_local_storage,M_tot,1.0,STRICTLY_LOCAL,7.638486526292785e-166,0.0,0.03276453532659313,0.5105454877254989,provisional_accepted_ensemble_tag_pending_step06_validation
DH_5_MFA_BA,DH,MFA_BA,DH_5_MFA_BA__hybrid_post_002,low_recruitment_local_storage,M_tot,1.0,STRICTLY_LOCAL,1.5359616606692968e-71,0.0,0.023630132000221505,0.5401153616986725,provisional_accepted_ensemble_tag_pending_step06_validation
DH_5_MFA_BA,DH,MFA_BA,DH_5_MFA_BA__hybrid_post_003,low_recruitment_local_storage,M_tot,1.0,STRICTLY_LOCAL,5.173294879862933e-86,0.0,0.020978069891876266,0.542641447914061,provisional_accepted_ensemble_tag_pending_step06_validation
DH_5_MFA_BA,DH,MFA_BA,DH_5_MFA_BA__hybrid_pre_01,recruited_surface_gap_assisted_buffering,M_tot,1.0,BALANCED_OR_WEAK,0.936520225776388,0.4989689603143878,0.5006893102672784,0.49842462082832434,provisional_accepted_ensemble_tag_pending_step06_validation
DH_5_MFA_BA,DH,MFA_BA,DH_5_MFA_BA__hybrid_pre_02,recruited_surface_gap_assisted_buffering,M_tot,1.0,BALANCED_OR_WEAK,0.9583873109184787,0.49898766619934715,0.5003048221261844,0.49867037192724245,provisional_accepted_ensemble_tag_pending_step06_validation
DH_5_MFA_BA,DH,MFA_BA,DH_5_MFA_BA__hybrid_pre_03,recruited_surface_gap_assisted_buffering,M_tot,1.0,BALANCED_OR_WEAK,0.9043195696301646,0.4989398151359609,0.5009929707808062,0.49823162564567675,provisional_accepted_ensemble_tag_pending_step06_validation
DH_5_MFA_BA,DH,MFA_BA,DH_5_MFA_BA__hybrid_pre_04,recruited_surface_gap_assisted_buffering,M_tot,1.0,BALANCED_OR_WEAK,0.9381470735719725,0.49914238561052965,0.5002153255821827,0.49924576712578705,provisional_accepted_ensemble_tag_pending_step06_validation
DH_5_MFA_BA,DH,MFA_BA,DH_5_MFA_BA__hybrid_pre_05,recruited_surface_gap_assisted_buffering,M_tot,1.0,BALANCED_OR_WEAK,0.9658880153746656,0.4987687064823316,0.4997970640883644,0.4996724130886654,provisional_accepted_ensemble_tag_pending_step06_validation
DH_5_MFA_BA,DH,MFA_BA,DH_5_MFA_BA__hybrid_pre_06,recruited_surface_gap_assisted_buffering,M_tot,1.0,BALANCED_OR_WEAK,0.9754067021171515,0.49934624974681935,0.5004129422113776,0.4987320902631796,provisional_accepted_ensemble_tag_pending_step06_validation
DH_5_MFA_BA,DH,MFA_BA,DH_5_MFA_BA__hybrid_pre_07,recruited_surface_gap_assisted_buffering,M_tot,1.0,BALANCED_OR_WEAK,0.8782379378143435,0.49949297865659,0.5020402316128584,0.4976611297850196,provisional_accepted_ensemble_tag_pending_step06_validation
DH_5_MFA_BA,DH,MFA_BA,DH_5_MFA_BA__hybrid_pre_08,recruited_surface_gap_assisted_buffering,M_tot,1.0,BALANCED_OR_WEAK,0.752912170962102,0.4988486768833765,0.4992691938645746,0.5005594275019756,provisional_accepted_ensemble_tag_pending_step06_validation
DH_6_MFA,DH,MFA,DH_6_MFA__hybrid_optuna_001,available_surface_voltage_coupled_but_ionic_recruitment_low,M_tot,1.0,STRICTLY_LOCAL,6.308863537793771e-16,6.786351847120514e-18,0.41205900065456863,0.5322459187497516,provisional_accepted_ensemble_tag_pending_step06_validation
DH_6_MFA,DH,MFA,DH_6_MFA__hybrid_optuna_002,kir_dominant_local_buffering,M_tot,1.0,STRICTLY_LOCAL,0.18653806119986263,0.02256148121789626,0.31585426541400874,0.6831650938359757,provisional_accepted_ensemble_tag_pending_step06_validation
DH_6_MFA,DH,MFA,DH_6_MFA__hybrid_optuna_003,kir_dominant_local_buffering,M_tot,1.0,STRICTLY_LOCAL,2.3578452102025115e-05,3.017945572944439e-07,0.301956336655233,0.6967875960107537,provisional_accepted_ensemble_tag_pending_step06_validation
DH_6_MFA,DH,MFA,DH_6_MFA__hybrid_optuna_004,kir_dominant_local_buffering,M_tot,1.0,STRICTLY_LOCAL,0.026367613466632914,3.343888779334604e-06,0.23934887797940554,0.7550105976396703,provisional_accepted_ensemble_tag_pending_step06_validation
DH_6_MFA,DH,MFA,DH_6_MFA__hybrid_optuna_005,kir_dominant_local_buffering,M_tot,1.0,STRICTLY_LOCAL,2.178061986998715e-05,2.3292457920267858e-07,0.29605864625361744,0.7027601718199435,provisional_accepted_ensemble_tag_pending_step06_validation
DH_6_MFA,DH,MFA,DH_6_MFA__hybrid_optuna_006,kir_dominant_local_buffering,M_tot,1.0,STRICTLY_LOCAL,4.461651995447388e-16,1.598931084547442e-18,0.19884757198222927,0.7825082965606263,provisional_accepted_ensemble_tag_pending_step06_validation
DH_6_MFA,DH,MFA,DH_6_MFA__hybrid_optuna_007,kir_dominant_local_buffering,M_tot,1.0,STRICTLY_LOCAL,0.00049182877536557,8.036963174840028e-07,0.16577001271796224,0.8282237404735849,provisional_accepted_ensemble_tag_pending_step06_validation
DH_6_MFA,DH,MFA,DH_6_MFA__hybrid_optuna_008,available_surface_voltage_coupled_but_ionic_recruitment_low,M_tot,1.0,STRICTLY_LOCAL,5.01806191188237e-39,2.069535426320604e-40,0.4281597655851845,0.5593066287328508,provisional_accepted_ensemble_tag_pending_step06_validation
DH_6_MFA,DH,MFA,DH_6_MFA__hybrid_optuna_009,kir_dominant_local_buffering,M_tot,1.0,STRICTLY_LOCAL,0.013573184535952264,3.892637543899474e-06,0.22534197987929205,0.7690130842290442,provisional_accepted_ensemble_tag_pending_step06_validation
DH_6_MFA,DH,MFA,DH_6_MFA__hybrid_optuna_010,kir_dominant_local_buffering,M_tot,1.0,STRICTLY_LOCAL,0.13051966684744745,0.007868317069931692,0.21376002825807253,0.7836349839742006,provisional_accepted_ensemble_tag_pending_step06_validation
DH_6_MFA,DH,MFA,DH_6_MFA__hybrid_optuna_011,kir_dominant_local_buffering,M_tot,1.0,STRICTLY_LOCAL,2.365270950778977e-07,1.3205573263134338e-10,0.318873813991334,0.638980457691286,provisional_accepted_ensemble_tag_pending_step06_validation
DH_6_MFA,DH,MFA,DH_6_MFA__hybrid_optuna_012,kir_dominant_local_buffering,M_tot,1.0,STRICTLY_LOCAL,0.00041695060293029957,1.0265738804671789e-07,0.1545162743408205,0.8393095782654664,provisional_accepted_ensemble_tag_pending_step06_validation
DH_6_MFA,DH,MFA,DH_6_MFA__hybrid_optuna_013,kir_dominant_local_buffering,M_tot,1.0,STRICTLY_LOCAL,4.328094232549708e-08,1.4991566299932476e-10,0.28157549938049636,0.7143550389445289,provisional_accepted_ensemble_tag_pending_step06_validation
DH_6_MFA,DH,MFA,DH_6_MFA__hybrid_optuna_014,low_recruitment_local_storage,M_tot,1.0,STRICTLY_LOCAL,0.01082071397280835,9.324456395886869e-07,0.3864002771098955,0.5912529586480687,provisional_accepted_ensemble_tag_pending_step06_validation
DH_6_MFA,DH,MFA,DH_6_MFA__hybrid_optuna_015,low_recruitment_local_storage,M_tot,0.5,STRICTLY_LOCAL,3.1552798728654303e-46,9.388320449944077e-48,0.39192816418304216,0.5886430730636324,provisional_accepted_ensemble_tag_pending_step06_validation
DH_6_MFA,DH,MFA,DH_6_MFA__hybrid_optuna_016,kir_dominant_local_buffering,M_tot,1.0,STRICTLY_LOCAL,0.0017705169353594002,2.2678929988372024e-06,0.24662963638529137,0.7484866268244504,provisional_accepted_ensemble_tag_pending_step06_validation
DH_6_MFA,DH,MFA,DH_6_MFA__hybrid_optuna_017,kir_dominant_local_buffering,M_tot,1.0,STRICTLY_LOCAL,1.1126606250799362e-27,3.5668241161586038e-31,0.1592316269893246,0.8341245262748659,provisional_accepted_ensemble_tag_pending_step06_validation
DH_6_MFA,DH,MFA,DH_6_MFA__hybrid_optuna_018,kir_dominant_local_buffering,M_tot,1.0,STRICTLY_LOCAL,0.012559224397930844,2.752747065358707e-06,0.2453348304808226,0.7427250697159797,provisional_accepted_ensemble_tag_pending_step06_validation
DH_6_MFA,DH,MFA,DH_6_MFA__hybrid_optuna_019,mixed_local_spatial_buffering,M_tot,1.0,STRICTLY_LOCAL,0.29571994587877654,0.20693636230999155,0.45373627606990147,0.5461160514755848,provisional_accepted_ensemble_tag_pending_step06_validation
DH_6_MFA,DH,MFA,DH_6_MFA__hybrid_optuna_020,available_surface_voltage_coupled_but_ionic_recruitment_low,M_tot,1.0,BALANCED_OR_WEAK,3.397614808181809e-11,4.1153179324094666e-13,0.44341849911398085,0.5165101661372953,provisional_accepted_ensemble_tag_pending_step06_validation
DH_6_MFA,DH,MFA,DH_6_MFA__hybrid_optuna_021,kir_dominant_local_buffering,M_tot,1.0,STRICTLY_LOCAL,0.14549754000907528,0.1496040494151973,0.18859452448886502,0.8033255469851431,provisional_accepted_ensemble_tag_pending_step06_validation
DH_6_MFA,DH,MFA,DH_6_MFA__hybrid_optuna_022,available_surface_voltage_coupled_but_ionic_recruitment_low,M_tot,1.0,STRICTLY_LOCAL,0.06291835380472773,0.0001280520239570555,0.42387184443403636,0.5734068826386317,provisional_accepted_ensemble_tag_pending_step06_validation
DH_6_MFA,DH,MFA,DH_6_MFA__hybrid_optuna_023,kir_dominant_local_buffering,M_tot,1.0,STRICTLY_LOCAL,0.00012651981883620727,8.217284355065497e-09,0.24667440453048597,0.7177229343317824,provisional_accepted_ensemble_tag_pending_step06_validation
DH_6_MFA,DH,MFA,DH_6_MFA__hybrid_optuna_024,available_surface_voltage_coupled_but_ionic_recruitment_low,M_tot,1.0,STRICTLY_LOCAL,0.0025639552181704463,1.8912994476977197e-06,0.41900727658353265,0.5301372500474953,provisional_accepted_ensemble_tag_pending_step06_validation
DH_6_MFA,DH,MFA,DH_6_MFA__hybrid_optuna_025,kir_dominant_local_buffering,M_tot,1.0,STRICTLY_LOCAL,0.03652477756653797,8.574830117905943e-05,0.15685691870098312,0.8214581392565035,provisional_accepted_ensemble_tag_pending_step06_validation
DH_6_MFA,DH,MFA,DH_6_MFA__hybrid_optuna_026,low_recruitment_local_storage,M_tot,0.6666666666666666,STRICTLY_LOCAL,1.4776118910005662e-39,5.690313460271374e-41,0.39881498888028766,0.5755607532864769,provisional_accepted_ensemble_tag_pending_step06_validation
DH_6_MFA,DH,MFA,DH_6_MFA__hybrid_optuna_027,mixed_local_spatial_buffering,M_tot,1.0,STRICTLY_LOCAL,0.38913875123691627,0.05667016657705262,0.377997306866261,0.6217485196096347,provisional_accepted_ensemble_tag_pending_step06_validation
DH_6_MFA,DH,MFA,DH_6_MFA__hybrid_optuna_028,kir_dominant_local_buffering,M_tot,1.0,STRICTLY_LOCAL,0.2563759807444814,0.04645728861401797,0.3059863909350287,0.6929160365668219,provisional_accepted_ensemble_tag_pending_step06_validation
DH_6_MFA,DH,MFA,DH_6_MFA__hybrid_optuna_029,kir_dominant_local_buffering,M_tot,1.0,STRICTLY_LOCAL,0.16924467962263465,2.7842449662810234e-05,0.28247525530565015,0.702929039760111,provisional_accepted_ensemble_tag_pending_step06_validation
DH_6_MFA,DH,MFA,DH_6_MFA__hybrid_optuna_030,kir_dominant_local_buffering,M_tot,1.0,STRICTLY_LOCAL,2.0234696917267867e-15,1.9103576742327205e-17,0.28286214476526217,0.7062773929097267,provisional_accepted_ensemble_tag_pending_step06_validation
DH_6_MFA,DH,MFA,DH_6_MFA__hybrid_optuna_031,available_surface_voltage_coupled_but_ionic_recruitment_low,M_tot,1.0,STRICTLY_LOCAL,7.936733120187624e-09,6.484795105922562e-11,0.42270669054468996,0.5744131211832884,provisional_accepted_ensemble_tag_pending_step06_validation
DH_6_MFA,DH,MFA,DH_6_MFA__hybrid_optuna_032,kir_dominant_local_buffering,M_tot,1.0,STRICTLY_LOCAL,0.008417892914231012,1.5129093290852742e-06,0.23900577890129296,0.7598979327964739,provisional_accepted_ensemble_tag_pending_step06_validation
DH_6_MFA,DH,MFA,DH_6_MFA__hybrid_optuna_033,kir_dominant_local_buffering,M_tot,1.0,STRICTLY_LOCAL,0.014853133946248797,0.00026639810518847934,0.30006957409286694,0.68491476378583,provisional_accepted_ensemble_tag_pending_step06_validation
DH_6_MFA,DH,MFA,DH_6_MFA__hybrid_optuna_034,kir_dominant_local_buffering,M_tot,1.0,STRICTLY_LOCAL,1.2551371737039143e-10,3.824628969380238e-12,0.28508811092129055,0.7069838293058842,provisional_accepted_ensemble_tag_pending_step06_validation
DH_6_MFA,DH,MFA,DH_6_MFA__hybrid_optuna_035,kir_dominant_local_buffering,M_tot,1.0,STRICTLY_LOCAL,0.006145448624566913,1.1323487249545e-06,0.2596115131899051,0.7393666095113907,provisional_accepted_ensemble_tag_pending_step06_validation
DH_6_MFA,DH,MFA,DH_6_MFA__hybrid_optuna_036,kir_dominant_local_buffering,M_tot,1.0,STRICTLY_LOCAL,0.00046914500047978746,1.2897133832672277e-07,0.35413243632842484,0.6434890151629037,provisional_accepted_ensemble_tag_pending_step06_validation
DH_6_MFA,DH,MFA,DH_6_MFA__hybrid_optuna_037,kir_dominant_local_buffering,M_tot,1.0,STRICTLY_LOCAL,0.00021998160461207615,3.2932116211002494e-07,0.1630309536576024,0.8299010950032956,provisional_accepted_ensemble_tag_pending_step06_validation
DH_6_MFA,DH,MFA,DH_6_MFA__hybrid_optuna_038,mixed_local_spatial_buffering,M_tot,1.0,BALANCED_OR_WEAK,0.14644332155567666,0.20700479248451964,0.466755860531642,0.5328694236983889,provisional_accepted_ensemble_tag_pending_step06_validation
DH_6_MFA,DH,MFA,DH_6_MFA__hybrid_optuna_039,available_surface_voltage_coupled_but_ionic_recruitment_low,M_tot,1.0,STRICTLY_LOCAL,4.757632464352597e-12,6.795263381310293e-15,0.4064892558949786,0.5686183063382307,provisional_accepted_ensemble_tag_pending_step06_validation
DH_6_MFA,DH,MFA,DH_6_MFA__hybrid_optuna_040,available_surface_voltage_coupled_but_ionic_recruitment_low,M_tot,1.0,BALANCED_OR_WEAK,3.2753185317611984e-11,2.5750104680682574e-12,0.48839777336822415,0.5086975774382675,provisional_accepted_ensemble_tag_pending_step06_validation
DH_6_MFA,DH,MFA,DH_6_MFA__hybrid_optuna_041,available_surface_voltage_coupled_but_ionic_recruitment_low,M_tot,1.0,STRICTLY_LOCAL,1.1447958913250136e-37,6.865481676240375e-39,0.4493625015766951,0.5402055636552722,provisional_accepted_ensemble_tag_pending_step06_validation
DH_6_MFA,DH,MFA,DH_6_MFA__hybrid_optuna_042,available_surface_voltage_coupled_but_ionic_recruitment_low,M_tot,1.0,BALANCED_OR_WEAK,2.696841915229019e-28,3.422589871018862e-29,0.46278120147544444,0.5313261765050006,provisional_accepted_ensemble_tag_pending_step06_validation
DH_6_MFA,DH,MFA,DH_6_MFA__hybrid_optuna_043,mixed_local_spatial_buffering,M_tot,1.0,BALANCED_OR_WEAK,0.12850669208751167,0.00015941576348046637,0.4724045150207134,0.5273062137704708,provisional_accepted_ensemble_tag_pending_step06_validation
DH_6_MFA,DH,MFA,DH_6_MFA__hybrid_optuna_044,available_surface_voltage_coupled_but_ionic_recruitment_low,M_tot,1.0,BALANCED_OR_WEAK,1.4935375508598674e-54,8.839377536948267e-54,0.49521708524171587,0.5043293061371223,provisional_accepted_ensemble_tag_pending_step06_validation
DH_6_MFA,DH,MFA,DH_6_MFA__hybrid_optuna_045,kir_dominant_local_buffering,M_tot,1.0,STRICTLY_LOCAL,2.8941292878109646e-06,8.279555391175996e-07,0.1493276667862151,0.8281827536653558,provisional_accepted_ensemble_tag_pending_step06_validation
DH_6_MFA,DH,MFA,DH_6_MFA__hybrid_optuna_046,kir_dominant_local_buffering,M_tot,1.0,STRICTLY_LOCAL,5.003385081686229e-15,3.5350382160057726e-20,0.035877857519353386,0.9639345071441335,provisional_accepted_ensemble_tag_pending_step06_validation
DH_6_MFA,DH,MFA,DH_6_MFA__hybrid_optuna_047,available_surface_voltage_coupled_but_ionic_recruitment_low,M_tot,1.0,BALANCED_OR_WEAK,1.5159912980774848e-18,2.5138697504520755e-19,0.4679289249128928,0.5219519207696509,provisional_accepted_ensemble_tag_pending_step06_validation
DH_6_MFA,DH,MFA,DH_6_MFA__hybrid_optuna_048,available_surface_voltage_coupled_but_ionic_recruitment_low,M_tot,1.0,BALANCED_OR_WEAK,5.652261188236416e-93,1.447022033875484e-92,0.49597831536673437,0.5036240841841264,provisional_accepted_ensemble_tag_pending_step06_validation
DH_6_MFA,DH,MFA,DH_6_MFA__hybrid_optuna_049,available_surface_voltage_coupled_but_ionic_recruitment_low,M_tot,1.0,BALANCED_OR_WEAK,2.3368529378458057e-16,1.1946832101072164e-15,0.4685726111181329,0.5248212433076168,provisional_accepted_ensemble_tag_pending_step06_validation
DH_6_MFA,DH,MFA,DH_6_MFA__hybrid_optuna_050,available_surface_voltage_coupled_but_ionic_recruitment_low,M_tot,1.0,BALANCED_OR_WEAK,1.7575087948616708e-70,5.49255176614288e-72,0.49577070006068724,0.5019506132464228,provisional_accepted_ensemble_tag_pending_step06_validation
DH_6_MFA,DH,MFA,DH_6_MFA__hybrid_optuna_051,kir_dominant_local_buffering,M_tot,1.0,STRICTLY_LOCAL,0.03029132231523056,3.5394981939911164e-05,0.22957688581348115,0.7684372665152427,provisional_accepted_ensemble_tag_pending_step06_validation
DH_6_MFA,DH,MFA,DH_6_MFA__hybrid_optuna_052,available_surface_voltage_coupled_but_ionic_recruitment_low,M_tot,1.0,BALANCED_OR_WEAK,0.0021239074573072354,0.0024029825105643565,0.4953217406706974,0.5046307808405569,provisional_accepted_ensemble_tag_pending_step06_validation
DH_6_MFA,DH,MFA,DH_6_MFA__hybrid_optuna_053,available_surface_voltage_coupled_but_ionic_recruitment_low,M_tot,1.0,STRICTLY_LOCAL,3.8840384557883393e-134,5.999028073518458e-138,0.42606681969322957,0.5689289894720759,provisional_accepted_ensemble_tag_pending_step06_validation
DH_6_MFA,DH,MFA,DH_6_MFA__hybrid_optuna_054,mixed_local_spatial_buffering,M_tot,1.0,STRICTLY_LOCAL,0.3129589221140067,7.124890376222332e-05,0.4020374848494328,0.5943266743559749,provisional_accepted_ensemble_tag_pending_step06_validation
DH_6_MFA,DH,MFA,DH_6_MFA__hybrid_optuna_055,available_surface_voltage_coupled_but_ionic_recruitment_low,M_tot,1.0,BALANCED_OR_WEAK,1.8746693490888973e-136,9.164307588416792e-137,0.5008614294801261,0.49902464685450526,provisional_accepted_ensemble_tag_pending_step06_validation
DH_6_MFA,DH,MFA,DH_6_MFA__hybrid_optuna_057,recruited_surface_gap_assisted_buffering,M_tot,1.0,BALANCED_OR_WEAK,0.8624266989614137,0.49940727440319516,0.499747824417129,0.4999439535761659,provisional_accepted_ensemble_tag_pending_step06_validation
DH_6_MFA,DH,MFA,DH_6_MFA__hybrid_optuna_058,mixed_local_spatial_buffering,M_tot,1.0,STRICTLY_LOCAL,0.3127580253205079,0.00029238228701458554,0.1696743076024064,0.6630471347543466,provisional_accepted_ensemble_tag_pending_step06_validation
DH_6_MFA,DH,MFA,DH_6_MFA__hybrid_optuna_059,recruited_surface_gap_assisted_buffering,M_tot,1.0,BALANCED_OR_WEAK,0.793355210621075,0.4996548349416938,0.4999817198386129,0.4998554869867457,provisional_accepted_ensemble_tag_pending_step06_validation
DH_6_MFA,DH,MFA,DH_6_MFA__hybrid_optuna_060,low_recruitment_local_storage,M_tot,1.0,STRICTLY_LOCAL,9.859621630428371e-305,1.0524129674891619e-307,0.2595979076181853,0.41593629520685393,provisional_accepted_ensemble_tag_pending_step06_validation
DH_6_MFA,DH,MFA,DH_6_MFA__hybrid_optuna_061,mixed_local_spatial_buffering,M_tot,1.0,STRICTLY_LOCAL,0.4025580662768606,0.002705680853627218,0.14124625719287587,0.5991289009688995,provisional_accepted_ensemble_tag_pending_step06_validation
DH_6_MFA,DH,MFA,DH_6_MFA__hybrid_optuna_062,mixed_local_spatial_buffering,M_tot,1.0,BALANCED_OR_WEAK,0.35299925212283995,0.49921078225652754,0.565303647102239,0.4346501464632507,provisional_accepted_ensemble_tag_pending_step06_validation
DH_6_MFA,DH,MFA,DH_6_MFA__hybrid_optuna_063,kir_dominant_local_buffering,M_tot,1.0,STRICTLY_LOCAL,2.311155240214964e-19,1.517198176272388e-22,0.35926895884121807,0.6341160723139782,provisional_accepted_ensemble_tag_pending_step06_validation
DH_6_MFA,DH,MFA,DH_6_MFA__hybrid_optuna_064,kir_dominant_local_buffering,M_tot,1.0,STRICTLY_LOCAL,2.8171873058894443e-09,7.014177207703151e-11,0.28694674929201675,0.7121407760243897,provisional_accepted_ensemble_tag_pending_step06_validation
DH_6_MFA,DH,MFA,DH_6_MFA__hybrid_optuna_065,kir_dominant_local_buffering,M_tot,1.0,STRICTLY_LOCAL,2.1344700160535425e-14,7.970763783007182e-16,0.19204524330387462,0.7998562171463308,provisional_accepted_ensemble_tag_pending_step06_validation
DH_6_MFA,DH,MFA,DH_6_MFA__hybrid_optuna_066,kir_dominant_local_buffering,M_tot,1.0,STRICTLY_LOCAL,1.1610160073040114e-09,3.388878200870663e-11,0.332047029914083,0.6664439856781706,provisional_accepted_ensemble_tag_pending_step06_validation
DH_6_MFA,DH,MFA,DH_6_MFA__hybrid_optuna_067,available_surface_voltage_coupled_but_ionic_recruitment_low,M_tot,1.0,BALANCED_OR_WEAK,8.396255393699403e-10,2.6066577795489648e-11,0.49207348775940823,0.4726037228917042,provisional_accepted_ensemble_tag_pending_step06_validation
DH_6_MFA,DH,MFA,DH_6_MFA__hybrid_optuna_068,kir_dominant_local_buffering,M_tot,1.0,STRICTLY_LOCAL,1.7226104348948808e-22,3.694879652182052e-26,0.3421931784263558,0.6562012616991072,provisional_accepted_ensemble_tag_pending_step06_validation
DH_6_MFA,DH,MFA,DH_6_MFA__hybrid_optuna_069,available_surface_voltage_coupled_but_ionic_recruitment_low,M_tot,1.0,BALANCED_OR_WEAK,0.004856414219336906,3.115969434994985e-05,0.4702468244302293,0.5277972137090309,provisional_accepted_ensemble_tag_pending_step06_validation
DH_6_MFA,DH,MFA,DH_6_MFA__hybrid_optuna_070,kir_dominant_local_buffering,M_tot,0.6666666666666666,STRICTLY_LOCAL,4.8116350912388655e-20,1.0541663799419362e-22,0.38845800079373927,0.6022410288431083,provisional_accepted_ensemble_tag_pending_step06_validation
DH_6_MFA,DH,MFA,DH_6_MFA__hybrid_optuna_071,kir_dominant_local_buffering,M_tot,1.0,STRICTLY_LOCAL,1.877350982694225e-05,5.056998881876419e-09,0.22347286892434937,0.7717828242384366,provisional_accepted_ensemble_tag_pending_step06_validation
DH_6_MFA,DH,MFA,DH_6_MFA__hybrid_optuna_072,kir_dominant_local_buffering,M_tot,1.0,STRICTLY_LOCAL,0.048842539474650774,1.3699566957349543e-06,0.3658456251808486,0.632061834950727,provisional_accepted_ensemble_tag_pending_step06_validation
DH_6_MFA,DH,MFA,DH_6_MFA__hybrid_optuna_073,available_surface_voltage_coupled_but_ionic_recruitment_low,M_tot,1.0,BALANCED_OR_WEAK,9.716304962128924e-07,2.3932480267129336e-08,0.40257658529576323,0.3504412338770205,provisional_accepted_ensemble_tag_pending_step06_validation
DH_6_MFA,DH,MFA,DH_6_MFA__hybrid_optuna_074,kir_dominant_local_buffering,M_tot,1.0,STRICTLY_LOCAL,0.006167995451215955,0.0009087538118567402,0.3150496294970374,0.6764304892439199,provisional_accepted_ensemble_tag_pending_step06_validation
DH_6_MFA,DH,MFA,DH_6_MFA__hybrid_optuna_075,recruited_surface_gap_assisted_buffering,M_tot,1.0,BALANCED_OR_WEAK,0.8551358268804149,0.4921141855736421,0.5004062701447645,0.4739681929365096,provisional_accepted_ensemble_tag_pending_step06_validation
DH_6_MFA,DH,MFA,DH_6_MFA__hybrid_optuna_076,available_surface_voltage_coupled_but_ionic_recruitment_low,M_tot,1.0,BALANCED_OR_WEAK,4.116924735277861e-108,9.779462172422699e-109,0.4946375195578716,0.5050116400987265,provisional_accepted_ensemble_tag_pending_step06_validation
DH_6_MFA,DH,MFA,DH_6_MFA__hybrid_optuna_077,kir_dominant_local_buffering,M_tot,1.0,BALANCED_OR_WEAK,0.19488728846064107,0.541001647232098,0.15357048356079125,0.8418608389636293,provisional_accepted_ensemble_tag_pending_step06_validation
DH_6_MFA,DH,MFA,DH_6_MFA__hybrid_optuna_078,kir_dominant_local_buffering,M_tot,1.0,STRICTLY_LOCAL,1.2923902103281019e-28,3.298685849687081e-32,0.19685617496551125,0.7576017003889229,provisional_accepted_ensemble_tag_pending_step06_validation
DH_6_MFA,DH,MFA,DH_6_MFA__hybrid_optuna_079,low_recruitment_local_storage,M_tot,1.0,STRICTLY_LOCAL,7.136191237278195e-76,9.134750110881515e-79,0.13416576301473873,0.5254444137333673,provisional_accepted_ensemble_tag_pending_step06_validation
DH_6_MFA,DH,MFA,DH_6_MFA__hybrid_optuna_080,low_recruitment_local_storage,M_tot,1.0,STRICTLY_LOCAL,9.857537380750856e-305,1.05564503537493e-308,0.14253038111551677,0.46715029624225757,provisional_accepted_ensemble_tag_pending_step06_validation
DH_6_MFA,DH,MFA,DH_6_MFA__hybrid_optuna_081,recruited_surface_gap_assisted_buffering,M_tot,1.0,BALANCED_OR_WEAK,0.5539468754119286,0.49740243979755533,0.4979452173543588,0.5017870176314636,provisional_accepted_ensemble_tag_pending_step06_validation
DH_6_MFA,DH,MFA,DH_6_MFA__hybrid_optuna_082,low_recruitment_local_storage,M_tot,1.0,STRICTLY_LOCAL,9.859673286442094e-305,0.0,0.00571581225991206,0.5150901576415804,provisional_accepted_ensemble_tag_pending_step06_validation
DH_6_MFA,DH,MFA,DH_6_MFA__hybrid_optuna_083,recruited_surface_gap_assisted_buffering,M_tot,1.0,BALANCED_OR_WEAK,0.923856793712786,0.4989770051595952,0.4992554853886153,0.5004604830893438,provisional_accepted_ensemble_tag_pending_step06_validation
DH_6_MFA,DH,MFA,DH_6_MFA__hybrid_optuna_084,low_recruitment_local_storage,M_tot,1.0,STRICTLY_LOCAL,2.0020808968139633e-05,0.0,0.0019408797040556616,0.5026488061231843,provisional_accepted_ensemble_tag_pending_step06_validation
DH_6_MFA,DH,MFA,DH_6_MFA__hybrid_optuna_085,recruited_surface_gap_assisted_buffering,M_tot,1.0,BALANCED_OR_WEAK,0.910995522796337,0.49925471223166595,0.49985662569175204,0.49958342691773083,provisional_accepted_ensemble_tag_pending_step06_validation
DH_6_MFA,DH,MFA,DH_6_MFA__hybrid_optuna_086,recruited_surface_gap_assisted_buffering,M_tot,1.0,BALANCED_OR_WEAK,0.8606428125300393,0.49921653730818893,0.4997812526681004,0.49988893841442344,provisional_accepted_ensemble_tag_pending_step06_validation
DH_6_MFA,DH,MFA,DH_6_MFA__hybrid_optuna_087,recruited_surface_gap_assisted_buffering,M_tot,1.0,BALANCED_OR_WEAK,0.9317641627263868,0.4993208388466585,0.5000897655817303,0.4992828088198698,provisional_accepted_ensemble_tag_pending_step06_validation
DH_6_MFA,DH,MFA,DH_6_MFA__hybrid_optuna_088,recruited_surface_gap_assisted_buffering,M_tot,1.0,BALANCED_OR_WEAK,0.8948591199096692,0.499360573794257,0.49978131208767557,0.49982531649074485,provisional_accepted_ensemble_tag_pending_step06_validation
DH_6_MFA,DH,MFA,DH_6_MFA__hybrid_optuna_089,kir_dominant_local_buffering,M_tot,1.0,STRICTLY_LOCAL,1.3558451251545483e-85,9.490475675618963e-89,0.297479412042332,0.7019967259355027,provisional_accepted_ensemble_tag_pending_step06_validation
DH_6_MFA,DH,MFA,DH_6_MFA__hybrid_optuna_090,available_surface_voltage_coupled_but_ionic_recruitment_low,M_tot,1.0,BALANCED_OR_WEAK,2.369725387605338e-51,7.3043695197307035e-53,0.502716962443034,0.4607096232906633,provisional_accepted_ensemble_tag_pending_step06_validation
DH_6_MFA,DH,MFA,DH_6_MFA__hybrid_optuna_091,available_surface_voltage_coupled_but_ionic_recruitment_low,M_tot,1.0,BALANCED_OR_WEAK,8.050327835175496e-05,0.00043255898115373463,0.5017209422552021,0.49826651619074364,provisional_accepted_ensemble_tag_pending_step06_validation
DH_6_MFA,DH,MFA,DH_6_MFA__hybrid_optuna_092,kir_dominant_local_buffering,M_tot,1.0,STRICTLY_LOCAL,8.55546014303378e-06,5.567433536181966e-10,0.2966184336769124,0.6984749912590771,provisional_accepted_ensemble_tag_pending_step06_validation
DH_6_MFA,DH,MFA,DH_6_MFA__hybrid_optuna_093,available_surface_voltage_coupled_but_ionic_recruitment_low,M_tot,1.0,BALANCED_OR_WEAK,5.969937950696977e-303,4.326650566617729e-302,0.494248108931173,0.5057259907212789,provisional_accepted_ensemble_tag_pending_step06_validation
DH_6_MFA,DH,MFA,DH_6_MFA__hybrid_optuna_094,available_surface_voltage_coupled_but_ionic_recruitment_low,M_tot,1.0,BALANCED_OR_WEAK,0.0014323437026473908,0.0007435132612243181,0.501049686471056,0.49894383404656995,provisional_accepted_ensemble_tag_pending_step06_validation
DH_6_MFA,DH,MFA,DH_6_MFA__hybrid_optuna_095,kir_dominant_local_buffering,M_tot,1.0,STRICTLY_LOCAL,1.7774906022034683e-37,3.700513445987194e-38,0.3288001016985837,0.6632218229881801,provisional_accepted_ensemble_tag_pending_step06_validation
DH_6_MFA,DH,MFA,DH_6_MFA__hybrid_optuna_096,available_surface_voltage_coupled_but_ionic_recruitment_low,M_tot,1.0,BALANCED_OR_WEAK,1.6161387832523223e-06,0.061951293585286726,0.5033508879113031,0.4965951989129474,provisional_accepted_ensemble_tag_pending_step06_validation
DH_6_MFA,DH,MFA,DH_6_MFA__hybrid_optuna_097,mixed_local_spatial_buffering,M_tot,1.0,BALANCED_OR_WEAK,0.42789079349072595,0.4688942322334426,0.6817858377341123,0.3181753072084596,provisional_accepted_ensemble_tag_pending_step06_validation
DH_6_MFA,DH,MFA,DH_6_MFA__hybrid_optuna_098,available_surface_voltage_coupled_but_ionic_recruitment_low,M_tot,1.0,BALANCED_OR_WEAK,9.859676525034427e-305,4.4652845696709136e-303,0.5019007942959081,0.4980907880710725,provisional_accepted_ensemble_tag_pending_step06_validation
DH_6_MFA,DH,MFA,DH_6_MFA__hybrid_optuna_099,low_recruitment_local_storage,M_tot,1.0,STRICTLY_LOCAL,0.06520268987920831,4.030340861696182e-06,0.15401644467296458,0.4014260964222381,provisional_accepted_ensemble_tag_pending_step06_validation
DH_6_MFA,DH,MFA,DH_6_MFA__hybrid_optuna_100,mixed_local_spatial_buffering,M_tot,1.0,MIXED_LOCAL,0.4841237557699453,0.08882799748295366,0.5062483841860874,0.023784477780243136,provisional_accepted_ensemble_tag_pending_step06_validation
DH_6_MFA,DH,MFA,DH_6_MFA__hybrid_post_001,available_surface_voltage_coupled_but_ionic_recruitment_low,M_tot,1.0,STRICTLY_LOCAL,6.308863537793771e-16,6.786351847120514e-18,0.41205900065456863,0.5322459187497516,provisional_accepted_ensemble_tag_pending_step06_validation
DH_6_MFA,DH,MFA,DH_6_MFA__hybrid_post_002,kir_dominant_local_buffering,M_tot,1.0,STRICTLY_LOCAL,0.18653808543394315,0.02256176403928471,0.3158542680781204,0.6831650890394726,provisional_accepted_ensemble_tag_pending_step06_validation
DH_6_MFA,DH,MFA,DH_6_MFA__hybrid_post_003,kir_dominant_local_buffering,M_tot,1.0,STRICTLY_LOCAL,2.2475943658002912e-05,1.627562382935053e-09,0.30195645235214047,0.6967874804974331,provisional_accepted_ensemble_tag_pending_step06_validation
DH_6_MFA,DH,MFA,DH_6_MFA__hybrid_pre_01,recruited_surface_gap_assisted_buffering,M_tot,1.0,BALANCED_OR_WEAK,0.8948591199096692,0.499360573794257,0.49978131208767557,0.49982531649074485,provisional_accepted_ensemble_tag_pending_step06_validation
DH_6_MFA,DH,MFA,DH_6_MFA__hybrid_pre_02,recruited_surface_gap_assisted_buffering,M_tot,1.0,BALANCED_OR_WEAK,0.910995522796337,0.49925471223166595,0.49985662569175204,0.49958342691773083,provisional_accepted_ensemble_tag_pending_step06_validation
DH_6_MFA,DH,MFA,DH_6_MFA__hybrid_pre_03,recruited_surface_gap_assisted_buffering,M_tot,1.0,BALANCED_OR_WEAK,0.8624266989614137,0.49940727440319516,0.499747824417129,0.4999439535761659,provisional_accepted_ensemble_tag_pending_step06_validation
DH_6_MFA,DH,MFA,DH_6_MFA__hybrid_pre_04,recruited_surface_gap_assisted_buffering,M_tot,1.0,BALANCED_OR_WEAK,0.8606428125300393,0.49921653730818893,0.4997812526681004,0.49988893841442344,provisional_accepted_ensemble_tag_pending_step06_validation
DH_6_MFA,DH,MFA,DH_6_MFA__hybrid_pre_05,recruited_surface_gap_assisted_buffering,M_tot,1.0,BALANCED_OR_WEAK,0.923856793712786,0.4989770051595952,0.4992554853886153,0.5004604830893438,provisional_accepted_ensemble_tag_pending_step06_validation
DH_6_MFA,DH,MFA,DH_6_MFA__hybrid_pre_06,recruited_surface_gap_assisted_buffering,M_tot,1.0,BALANCED_OR_WEAK,0.9317641627263868,0.4993208388466585,0.5000897655817303,0.4992828088198698,provisional_accepted_ensemble_tag_pending_step06_validation
DH_6_MFA,DH,MFA,DH_6_MFA__hybrid_pre_07,recruited_surface_gap_assisted_buffering,M_tot,1.0,BALANCED_OR_WEAK,0.793355210621075,0.4996548349416938,0.4999817198386129,0.4998554869867457,provisional_accepted_ensemble_tag_pending_step06_validation
DH_6_MFA,DH,MFA,DH_6_MFA__hybrid_pre_08,recruited_surface_gap_assisted_buffering,M_tot,1.0,BALANCED_OR_WEAK,0.5539468754119286,0.49740243979755533,0.4979452173543588,0.5017870176314636,provisional_accepted_ensemble_tag_pending_step06_validation
DH_6_MFA_BA,DH,MFA_BA,DH_6_MFA_BA__hybrid_optuna_001,available_surface_voltage_coupled_but_ionic_recruitment_low,M_tot,1.0,BALANCED_OR_WEAK,1.2747042337075143e-214,7.059470681554664e-212,0.49773780970943643,0.5014588641827067,provisional_accepted_ensemble_tag_pending_step06_validation
DH_6_MFA_BA,DH,MFA_BA,DH_6_MFA_BA__hybrid_optuna_002,mixed_local_spatial_buffering,M_tot,1.0,BALANCED_OR_WEAK,0.3177935544490021,0.4292086496841818,0.497051605976018,0.47888422164950484,provisional_accepted_ensemble_tag_pending_step06_validation
DH_6_MFA_BA,DH,MFA_BA,DH_6_MFA_BA__hybrid_optuna_003,available_surface_voltage_coupled_but_ionic_recruitment_low,M_tot,1.0,BALANCED_OR_WEAK,1.885180630483334e-66,1.008893152063707e-64,0.49711285261654375,0.5028584938237354,provisional_accepted_ensemble_tag_pending_step06_validation
DH_6_MFA_BA,DH,MFA_BA,DH_6_MFA_BA__hybrid_optuna_004,available_surface_voltage_coupled_but_ionic_recruitment_low,M_tot,1.0,BALANCED_OR_WEAK,5.0908452317054775e-37,2.837959409011936e-36,0.49695921217675126,0.5016067863015218,provisional_accepted_ensemble_tag_pending_step06_validation
DH_6_MFA_BA,DH,MFA_BA,DH_6_MFA_BA__hybrid_optuna_005,available_surface_voltage_coupled_but_ionic_recruitment_low,M_tot,1.0,BALANCED_OR_WEAK,2.9776538840095156e-41,1.3008735166387166e-40,0.4964252798448428,0.5022820015573521,provisional_accepted_ensemble_tag_pending_step06_validation
DH_6_MFA_BA,DH,MFA_BA,DH_6_MFA_BA__hybrid_optuna_006,available_surface_voltage_coupled_but_ionic_recruitment_low,M_tot,1.0,BALANCED_OR_WEAK,1.2722310623716026e-75,9.657250843189813e-75,0.49690279260807846,0.49843083010669137,provisional_accepted_ensemble_tag_pending_step06_validation
DH_6_MFA_BA,DH,MFA_BA,DH_6_MFA_BA__hybrid_optuna_007,available_surface_voltage_coupled_but_ionic_recruitment_low,M_tot,1.0,BALANCED_OR_WEAK,0.044239768092381865,0.180171280974096,0.49888756853594973,0.496514936746656,provisional_accepted_ensemble_tag_pending_step06_validation
DH_6_MFA_BA,DH,MFA_BA,DH_6_MFA_BA__hybrid_optuna_008,mixed_local_spatial_buffering,M_tot,1.0,BALANCED_OR_WEAK,0.28684234417774784,0.4834032517088455,0.4963239840772515,0.500528630554074,provisional_accepted_ensemble_tag_pending_step06_validation
DH_6_MFA_BA,DH,MFA_BA,DH_6_MFA_BA__hybrid_optuna_009,available_surface_voltage_coupled_but_ionic_recruitment_low,M_tot,1.0,BALANCED_OR_WEAK,9.859676098876826e-305,5.908782113161028e-304,0.49639675894946983,0.4981504073590422,provisional_accepted_ensemble_tag_pending_step06_validation
DH_6_MFA_BA,DH,MFA_BA,DH_6_MFA_BA__hybrid_optuna_010,available_surface_voltage_coupled_but_ionic_recruitment_low,M_tot,1.0,BALANCED_OR_WEAK,1.8164109322489923e-150,1.2047832410001437e-149,0.4960063772392982,0.5000730783502082,provisional_accepted_ensemble_tag_pending_step06_validation
DH_6_MFA_BA,DH,MFA_BA,DH_6_MFA_BA__hybrid_optuna_011,available_surface_voltage_coupled_but_ionic_recruitment_low,M_tot,1.0,BALANCED_OR_WEAK,3.562254899790722e-178,3.443374715610754e-176,0.4987296941091399,0.5003055352171062,provisional_accepted_ensemble_tag_pending_step06_validation
DH_6_MFA_BA,DH,MFA_BA,DH_6_MFA_BA__hybrid_optuna_012,available_surface_voltage_coupled_but_ionic_recruitment_low,M_tot,1.0,BALANCED_OR_WEAK,2.2472206034114614e-154,2.0758085006092028e-153,0.4956770222543793,0.5031586509500069,provisional_accepted_ensemble_tag_pending_step06_validation
DH_6_MFA_BA,DH,MFA_BA,DH_6_MFA_BA__hybrid_optuna_013,available_surface_voltage_coupled_but_ionic_recruitment_low,M_tot,1.0,BALANCED_OR_WEAK,7.927170704194429e-259,2.037049043794443e-255,0.4977396422970448,0.5017504353781367,provisional_accepted_ensemble_tag_pending_step06_validation
DH_6_MFA_BA,DH,MFA_BA,DH_6_MFA_BA__hybrid_optuna_014,available_surface_voltage_coupled_but_ionic_recruitment_low,M_tot,1.0,BALANCED_OR_WEAK,1.8787675011806715e-81,1.600822407546859e-80,0.49787119599530877,0.5019297117404605,provisional_accepted_ensemble_tag_pending_step06_validation
DH_6_MFA_BA,DH,MFA_BA,DH_6_MFA_BA__hybrid_optuna_015,available_surface_voltage_coupled_but_ionic_recruitment_low,M_tot,1.0,BALANCED_OR_WEAK,4.412999726858611e-84,4.096701195169709e-83,0.49891943582258375,0.49809968850168257,provisional_accepted_ensemble_tag_pending_step06_validation
DH_6_MFA_BA,DH,MFA_BA,DH_6_MFA_BA__hybrid_optuna_016,available_surface_voltage_coupled_but_ionic_recruitment_low,M_tot,1.0,BALANCED_OR_WEAK,9.85967653551702e-305,6.46202519435928e-303,0.49848077466138013,0.4938590941181174,provisional_accepted_ensemble_tag_pending_step06_validation
DH_6_MFA_BA,DH,MFA_BA,DH_6_MFA_BA__hybrid_optuna_017,available_surface_voltage_coupled_but_ionic_recruitment_low,M_tot,1.0,BALANCED_OR_WEAK,1.989179260063935e-43,4.453127213744476e-42,0.4951832993901279,0.49194368168004626,provisional_accepted_ensemble_tag_pending_step06_validation
DH_6_MFA_BA,DH,MFA_BA,DH_6_MFA_BA__hybrid_optuna_018,available_surface_voltage_coupled_but_ionic_recruitment_low,M_tot,1.0,BALANCED_OR_WEAK,9.373145443038416e-74,9.601245741465548e-73,0.49811308843052826,0.4988441631021863,provisional_accepted_ensemble_tag_pending_step06_validation
DH_6_MFA_BA,DH,MFA_BA,DH_6_MFA_BA__hybrid_optuna_019,available_surface_voltage_coupled_but_ionic_recruitment_low,M_tot,1.0,MIXED_LOCAL,1.4309695976569344e-42,2.130322903523832e-45,0.48904732968162673,0.37263852854743845,provisional_accepted_ensemble_tag_pending_step06_validation
DH_6_MFA_BA,DH,MFA_BA,DH_6_MFA_BA__hybrid_optuna_020,available_surface_voltage_coupled_but_ionic_recruitment_low,M_tot,1.0,BALANCED_OR_WEAK,1.1911139378817463e-25,2.522651246886734e-25,0.4896476406833074,0.5080906951488326,provisional_accepted_ensemble_tag_pending_step06_validation
DH_6_MFA_BA,DH,MFA_BA,DH_6_MFA_BA__hybrid_optuna_021,mixed_local_spatial_buffering,M_tot,1.0,BALANCED_OR_WEAK,0.2473857021147019,0.11914065483714616,0.4851653132504461,0.44504138721256464,provisional_accepted_ensemble_tag_pending_step06_validation
DH_6_MFA_BA,DH,MFA_BA,DH_6_MFA_BA__hybrid_optuna_022,mixed_local_spatial_buffering,M_tot,1.0,BALANCED_OR_WEAK,0.25086014203274193,0.18561420141945895,0.49032403046247214,0.5089012115717706,provisional_accepted_ensemble_tag_pending_step06_validation
DH_6_MFA_BA,DH,MFA_BA,DH_6_MFA_BA__hybrid_optuna_023,mixed_local_spatial_buffering,M_tot,1.0,BALANCED_OR_WEAK,0.14326666928739026,0.16545964823000195,0.4894291495539529,0.5103576800066264,provisional_accepted_ensemble_tag_pending_step06_validation
DH_6_MFA_BA,DH,MFA_BA,DH_6_MFA_BA__hybrid_optuna_024,mixed_local_spatial_buffering,M_tot,1.0,BALANCED_OR_WEAK,0.2649009061240258,0.13321432161225513,0.47967516830897217,0.5193192552380036,provisional_accepted_ensemble_tag_pending_step06_validation
DH_6_MFA_BA,DH,MFA_BA,DH_6_MFA_BA__hybrid_optuna_025,mixed_local_spatial_buffering,M_tot,1.0,BALANCED_OR_WEAK,0.20785609282016446,0.22900324958859566,0.4915634275293665,0.5071476145639573,provisional_accepted_ensemble_tag_pending_step06_validation
DH_6_MFA_BA,DH,MFA_BA,DH_6_MFA_BA__hybrid_optuna_026,mixed_local_spatial_buffering,M_tot,1.0,BALANCED_OR_WEAK,0.11760864275960814,0.46772693139335214,0.49644429809640367,0.41752225393017656,provisional_accepted_ensemble_tag_pending_step06_validation
DH_6_MFA_BA,DH,MFA_BA,DH_6_MFA_BA__hybrid_optuna_027,available_surface_voltage_coupled_but_ionic_recruitment_low,M_tot,1.0,BALANCED_OR_WEAK,6.522891442422123e-91,5.485296133491695e-90,0.49825463485243465,0.5015218673793042,provisional_accepted_ensemble_tag_pending_step06_validation
DH_6_MFA_BA,DH,MFA_BA,DH_6_MFA_BA__hybrid_optuna_028,mixed_local_spatial_buffering,M_tot,1.0,BALANCED_OR_WEAK,0.36066962634313104,0.2361405931678493,0.48315366278120947,0.501431569598827,provisional_accepted_ensemble_tag_pending_step06_validation
DH_6_MFA_BA,DH,MFA_BA,DH_6_MFA_BA__hybrid_optuna_029,mixed_local_spatial_buffering,M_tot,1.0,BALANCED_OR_WEAK,0.1794662661185746,0.35930976490321087,0.4958002929712777,0.5037263005678129,provisional_accepted_ensemble_tag_pending_step06_validation
DH_6_MFA_BA,DH,MFA_BA,DH_6_MFA_BA__hybrid_optuna_030,mixed_local_spatial_buffering,M_tot,1.0,STRICTLY_LOCAL,0.30684734152416904,0.36398507615759046,0.37797059593592497,0.5629419511627751,provisional_accepted_ensemble_tag_pending_step06_validation
DH_6_MFA_BA,DH,MFA_BA,DH_6_MFA_BA__hybrid_optuna_031,available_surface_voltage_coupled_but_ionic_recruitment_low,M_tot,1.0,BALANCED_OR_WEAK,2.5457716726684917e-95,7.529734567397729e-95,0.4983079321171185,0.5012865266113878,provisional_accepted_ensemble_tag_pending_step06_validation
DH_6_MFA_BA,DH,MFA_BA,DH_6_MFA_BA__hybrid_optuna_032,mixed_local_spatial_buffering,M_tot,1.0,BALANCED_OR_WEAK,0.4303461588018828,0.048044238169860067,0.49838225901971894,0.5015101697706904,provisional_accepted_ensemble_tag_pending_step06_validation
DH_6_MFA_BA,DH,MFA_BA,DH_6_MFA_BA__hybrid_optuna_033,mixed_local_spatial_buffering,M_tot,1.0,BALANCED_OR_WEAK,0.26845748722284196,0.17223744973536273,0.44724192542127644,0.4413244541930738,provisional_accepted_ensemble_tag_pending_step06_validation
DH_6_MFA_BA,DH,MFA_BA,DH_6_MFA_BA__hybrid_optuna_034,available_surface_voltage_coupled_but_ionic_recruitment_low,M_tot,1.0,BALANCED_OR_WEAK,1.5172364421111275e-16,3.1832906674883245e-16,0.483259871111704,0.513684115310074,provisional_accepted_ensemble_tag_pending_step06_validation
DH_6_MFA_BA,DH,MFA_BA,DH_6_MFA_BA__hybrid_optuna_035,available_surface_voltage_coupled_but_ionic_recruitment_low,M_tot,1.0,BALANCED_OR_WEAK,2.4645081206296482e-73,3.809653869886668e-74,0.46943966032908024,0.5262133200606197,provisional_accepted_ensemble_tag_pending_step06_validation
DH_6_MFA_BA,DH,MFA_BA,DH_6_MFA_BA__hybrid_optuna_036,available_surface_voltage_coupled_but_ionic_recruitment_low,M_tot,1.0,BALANCED_OR_WEAK,9.859676540391482e-305,4.96078476291354e-303,0.49004693581104924,0.505847123042874,provisional_accepted_ensemble_tag_pending_step06_validation
DH_6_MFA_BA,DH,MFA_BA,DH_6_MFA_BA__hybrid_optuna_037,available_surface_voltage_coupled_but_ionic_recruitment_low,M_tot,1.0,BALANCED_OR_WEAK,1.6578162584643882e-10,1.7183651057860964e-07,0.4986175480232216,0.49979669237531116,provisional_accepted_ensemble_tag_pending_step06_validation
DH_6_MFA_BA,DH,MFA_BA,DH_6_MFA_BA__hybrid_optuna_038,available_surface_voltage_coupled_but_ionic_recruitment_low,M_tot,1.0,BALANCED_OR_WEAK,9.859676505900496e-305,1.0369103992124177e-303,0.4991499267535789,0.5001924279011346,provisional_accepted_ensemble_tag_pending_step06_validation
DH_6_MFA_BA,DH,MFA_BA,DH_6_MFA_BA__hybrid_optuna_039,low_recruitment_local_storage,M_tot,0.5,STRICTLY_LOCAL,2.3647447112863435e-28,5.088153763155895e-28,0.3910130787228572,0.5404931195564006,provisional_accepted_ensemble_tag_pending_step06_validation
DH_6_MFA_BA,DH,MFA_BA,DH_6_MFA_BA__hybrid_optuna_040,mixed_local_spatial_buffering,M_tot,1.0,STRICTLY_LOCAL,0.3395577760509998,0.42665671820547985,0.41936773862349525,0.5804045793940006,provisional_accepted_ensemble_tag_pending_step06_validation
DH_6_MFA_BA,DH,MFA_BA,DH_6_MFA_BA__hybrid_optuna_041,available_surface_voltage_coupled_but_ionic_recruitment_low,M_tot,1.0,BALANCED_OR_WEAK,9.859676537998287e-305,8.31950383678454e-304,0.4978311039957057,0.4999660598685483,provisional_accepted_ensemble_tag_pending_step06_validation
DH_6_MFA_BA,DH,MFA_BA,DH_6_MFA_BA__hybrid_optuna_042,kir_dominant_local_buffering,M_tot,1.0,STRICTLY_LOCAL,1.9136294008304272e-10,1.1102261398998743e-09,0.17340638058518656,0.826518323734967,provisional_accepted_ensemble_tag_pending_step06_validation
DH_6_MFA_BA,DH,MFA_BA,DH_6_MFA_BA__hybrid_optuna_043,mixed_local_spatial_buffering,M_tot,1.0,MIXED_LOCAL,0.4842329379318581,0.19450181426087773,0.4843015648290747,0.350617279289059,provisional_accepted_ensemble_tag_pending_step06_validation
DH_6_MFA_BA,DH,MFA_BA,DH_6_MFA_BA__hybrid_optuna_044,available_surface_voltage_coupled_but_ionic_recruitment_low,M_tot,1.0,BALANCED_OR_WEAK,9.859676543609315e-305,8.407334966057091e-302,0.49843449158843667,0.5015637108250081,provisional_accepted_ensemble_tag_pending_step06_validation
DH_6_MFA_BA,DH,MFA_BA,DH_6_MFA_BA__hybrid_optuna_045,available_surface_voltage_coupled_but_ionic_recruitment_low,M_tot,1.0,BALANCED_OR_WEAK,3.087848167963551e-08,5.18969099295537e-05,0.5001352106733948,0.4990234107794995,provisional_accepted_ensemble_tag_pending_step06_validation
DH_6_MFA_BA,DH,MFA_BA,DH_6_MFA_BA__hybrid_optuna_046,available_surface_voltage_coupled_but_ionic_recruitment_low,M_tot,1.0,BALANCED_OR_WEAK,1.5742637524543347e-65,2.826205628010499e-63,0.49918161853866844,0.5008135859527306,provisional_accepted_ensemble_tag_pending_step06_validation
DH_6_MFA_BA,DH,MFA_BA,DH_6_MFA_BA__hybrid_optuna_047,mixed_local_spatial_buffering,M_tot,1.0,BALANCED_OR_WEAK,0.24507476898666472,0.4519228154335327,0.4871418834223646,0.4708402421524813,provisional_accepted_ensemble_tag_pending_step06_validation
DH_6_MFA_BA,DH,MFA_BA,DH_6_MFA_BA__hybrid_optuna_048,available_surface_voltage_coupled_but_ionic_recruitment_low,M_tot,1.0,BALANCED_OR_WEAK,9.859676540038835e-305,6.460912986999333e-303,0.4992227215504272,0.5004724333491112,provisional_accepted_ensemble_tag_pending_step06_validation
DH_6_MFA_BA,DH,MFA_BA,DH_6_MFA_BA__hybrid_optuna_049,mixed_local_spatial_buffering,M_tot,1.0,BALANCED_OR_WEAK,0.46412385238807413,0.49880689950569707,0.49905434755452266,0.48984013778019814,provisional_accepted_ensemble_tag_pending_step06_validation
DH_6_MFA_BA,DH,MFA_BA,DH_6_MFA_BA__hybrid_optuna_050,available_surface_voltage_coupled_but_ionic_recruitment_low,M_tot,1.0,BALANCED_OR_WEAK,0.04786488613879498,0.3845506502749833,0.48896733611545556,0.5093671691436267,provisional_accepted_ensemble_tag_pending_step06_validation
DH_6_MFA_BA,DH,MFA_BA,DH_6_MFA_BA__hybrid_optuna_051,available_surface_voltage_coupled_but_ionic_recruitment_low,M_tot,1.0,BALANCED_OR_WEAK,2.686617959587675e-287,5.105202377358489e-286,0.4812729989053797,0.5082268909989586,provisional_accepted_ensemble_tag_pending_step06_validation
DH_6_MFA_BA,DH,MFA_BA,DH_6_MFA_BA__hybrid_optuna_052,available_surface_voltage_coupled_but_ionic_recruitment_low,M_tot,1.0,BALANCED_OR_WEAK,5.5188049964362835e-34,2.355490847732026e-33,0.4937683310159719,0.4712867210418526,provisional_accepted_ensemble_tag_pending_step06_validation
DH_6_MFA_BA,DH,MFA_BA,DH_6_MFA_BA__hybrid_optuna_053,available_surface_voltage_coupled_but_ionic_recruitment_low,M_tot,1.0,BALANCED_OR_WEAK,2.204225893038192e-274,3.4284665013421325e-272,0.4994671927073114,0.4898774011598421,provisional_accepted_ensemble_tag_pending_step06_validation
DH_6_MFA_BA,DH,MFA_BA,DH_6_MFA_BA__hybrid_optuna_054,available_surface_voltage_coupled_but_ionic_recruitment_low,M_tot,1.0,BALANCED_OR_WEAK,0.0022104708291881023,0.03223678727423367,0.49315504301955254,0.5043319233286939,provisional_accepted_ensemble_tag_pending_step06_validation
DH_6_MFA_BA,DH,MFA_BA,DH_6_MFA_BA__hybrid_optuna_055,mixed_local_spatial_buffering,M_tot,1.0,BALANCED_OR_WEAK,0.47347017841615724,0.4986168571330787,0.4988849562260323,0.43821138293426337,provisional_accepted_ensemble_tag_pending_step06_validation
DH_6_MFA_BA,DH,MFA_BA,DH_6_MFA_BA__hybrid_optuna_056,mixed_local_spatial_buffering,M_tot,1.0,BALANCED_OR_WEAK,0.4660867874389106,0.49886251959954414,0.4991252439496397,0.42462474129110306,provisional_accepted_ensemble_tag_pending_step06_validation
DH_6_MFA_BA,DH,MFA_BA,DH_6_MFA_BA__hybrid_optuna_057,available_surface_voltage_coupled_but_ionic_recruitment_low,M_tot,1.0,BALANCED_OR_WEAK,1.496567018551421e-55,4.100966054800639e-56,0.4994167560062792,0.48899156415072675,provisional_accepted_ensemble_tag_pending_step06_validation
DH_6_MFA_BA,DH,MFA_BA,DH_6_MFA_BA__hybrid_optuna_058,available_surface_voltage_coupled_but_ionic_recruitment_low,M_tot,1.0,BALANCED_OR_WEAK,0.014697702322731024,0.0001990412637575946,0.5010673579580321,0.49889985213858923,provisional_accepted_ensemble_tag_pending_step06_validation
DH_6_MFA_BA,DH,MFA_BA,DH_6_MFA_BA__hybrid_optuna_059,recruited_surface_gap_assisted_buffering,M_tot,1.0,BALANCED_OR_WEAK,0.7529120012621395,0.4988486413402642,0.4992691961543482,0.5005594259938371,provisional_accepted_ensemble_tag_pending_step06_validation
DH_6_MFA_BA,DH,MFA_BA,DH_6_MFA_BA__hybrid_optuna_060,available_surface_voltage_coupled_but_ionic_recruitment_low,M_tot,1.0,MIXED_LOCAL,0.0005623898396505334,0.00011443654813879285,0.4100636078923674,0.24240708967426838,provisional_accepted_ensemble_tag_pending_step06_validation
DH_6_MFA_BA,DH,MFA_BA,DH_6_MFA_BA__hybrid_optuna_061,mixed_local_spatial_buffering,M_tot,1.0,BALANCED_OR_WEAK,0.44804617228005594,0.4988998227402424,0.5001283754209892,0.49967636437110546,provisional_accepted_ensemble_tag_pending_step06_validation
DH_6_MFA_BA,DH,MFA_BA,DH_6_MFA_BA__hybrid_optuna_062,available_surface_voltage_coupled_but_ionic_recruitment_low,M_tot,1.0,BALANCED_OR_WEAK,9.859676543654563e-305,5.951540962716944e-304,0.4940879163611332,0.5028519622659648,provisional_accepted_ensemble_tag_pending_step06_validation
DH_6_MFA_BA,DH,MFA_BA,DH_6_MFA_BA__hybrid_optuna_063,mixed_local_spatial_buffering,M_tot,1.0,MIXED_LOCAL,0.45973371532939106,0.014900020289163618,0.38699257871486026,0.29581095038963184,provisional_accepted_ensemble_tag_pending_step06_validation
DH_6_MFA_BA,DH,MFA_BA,DH_6_MFA_BA__hybrid_optuna_064,recruited_surface_gap_assisted_buffering,M_tot,1.0,BALANCED_OR_WEAK,0.9754067021171515,0.49934624974681935,0.5004129422113776,0.4987320902631796,provisional_accepted_ensemble_tag_pending_step06_validation
DH_6_MFA_BA,DH,MFA_BA,DH_6_MFA_BA__hybrid_optuna_065,recruited_surface_gap_assisted_buffering,M_tot,1.0,BALANCED_OR_WEAK,0.9658880153746656,0.4987687064823316,0.4997970640883644,0.4996724130886654,provisional_accepted_ensemble_tag_pending_step06_validation
DH_6_MFA_BA,DH,MFA_BA,DH_6_MFA_BA__hybrid_optuna_066,recruited_surface_gap_assisted_buffering,M_tot,1.0,BALANCED_OR_WEAK,0.9381470735719725,0.49914238561052965,0.5002153255821827,0.49924576712578705,provisional_accepted_ensemble_tag_pending_step06_validation
DH_6_MFA_BA,DH,MFA_BA,DH_6_MFA_BA__hybrid_optuna_067,recruited_surface_gap_assisted_buffering,M_tot,1.0,BALANCED_OR_WEAK,0.9583873109184787,0.49898766619934715,0.5003048221261844,0.49867037192724245,provisional_accepted_ensemble_tag_pending_step06_validation
DH_6_MFA_BA,DH,MFA_BA,DH_6_MFA_BA__hybrid_optuna_068,recruited_surface_gap_assisted_buffering,M_tot,1.0,BALANCED_OR_WEAK,0.936520225776388,0.4989689603143878,0.5006893102672784,0.49842462082832434,provisional_accepted_ensemble_tag_pending_step06_validation
DH_6_MFA_BA,DH,MFA_BA,DH_6_MFA_BA__hybrid_optuna_069,recruited_surface_gap_assisted_buffering,M_tot,1.0,BALANCED_OR_WEAK,0.9043195696301646,0.4989398151359609,0.5009929707808062,0.49823162564567675,provisional_accepted_ensemble_tag_pending_step06_validation
DH_6_MFA_BA,DH,MFA_BA,DH_6_MFA_BA__hybrid_optuna_070,recruited_surface_gap_assisted_buffering,M_tot,1.0,BALANCED_OR_WEAK,0.8782379378143435,0.49949297865659,0.5020402316128584,0.4976611297850196,provisional_accepted_ensemble_tag_pending_step06_validation
DH_6_MFA_BA,DH,MFA_BA,DH_6_MFA_BA__hybrid_optuna_071,available_surface_voltage_coupled_but_ionic_recruitment_low,M_tot,1.0,BALANCED_OR_WEAK,4.6379889347627126e-151,5.105557046720149e-150,0.4981109101100887,0.5003974783549003,provisional_accepted_ensemble_tag_pending_step06_validation
DH_6_MFA_BA,DH,MFA_BA,DH_6_MFA_BA__hybrid_optuna_072,available_surface_voltage_coupled_but_ionic_recruitment_low,M_tot,1.0,BALANCED_OR_WEAK,0.07131385160115898,0.0725958737847754,0.49883926532217715,0.48684637911636436,provisional_accepted_ensemble_tag_pending_step06_validation
DH_6_MFA_BA,DH,MFA_BA,DH_6_MFA_BA__hybrid_optuna_073,available_surface_voltage_coupled_but_ionic_recruitment_low,M_tot,1.0,BALANCED_OR_WEAK,5.238941459057814e-25,4.365050454679698e-25,0.49393402168460093,0.5059148183361288,provisional_accepted_ensemble_tag_pending_step06_validation
DH_6_MFA_BA,DH,MFA_BA,DH_6_MFA_BA__hybrid_optuna_074,available_surface_voltage_coupled_but_ionic_recruitment_low,M_tot,1.0,MIXED_LOCAL,2.618929137543009e-09,1.0860508291844926e-07,0.4876906874562906,0.4007360728747132,provisional_accepted_ensemble_tag_pending_step06_validation
DH_6_MFA_BA,DH,MFA_BA,DH_6_MFA_BA__hybrid_optuna_075,available_surface_voltage_coupled_but_ionic_recruitment_low,M_tot,1.0,BALANCED_OR_WEAK,4.643132712569731e-34,6.550599523061647e-34,0.48458336716517,0.49469775376490327,provisional_accepted_ensemble_tag_pending_step06_validation
DH_6_MFA_BA,DH,MFA_BA,DH_6_MFA_BA__hybrid_optuna_076,available_surface_voltage_coupled_but_ionic_recruitment_low,M_tot,1.0,BALANCED_OR_WEAK,0.0038595484548888948,0.0002149101962215412,0.4295774366903771,0.46762633308106416,provisional_accepted_ensemble_tag_pending_step06_validation
DH_6_MFA_BA,DH,MFA_BA,DH_6_MFA_BA__hybrid_optuna_077,available_surface_voltage_coupled_but_ionic_recruitment_low,M_tot,1.0,STRICTLY_LOCAL,7.3731756733293e-17,3.487915222439513e-16,0.42351906287889934,0.5763464841949815,provisional_accepted_ensemble_tag_pending_step06_validation
DH_6_MFA_BA,DH,MFA_BA,DH_6_MFA_BA__hybrid_optuna_078,mixed_local_spatial_buffering,M_tot,1.0,BALANCED_OR_WEAK,0.4757663681358017,0.49690822836814214,0.4839214450930338,0.31514536549059624,provisional_accepted_ensemble_tag_pending_step06_validation
DH_6_MFA_BA,DH,MFA_BA,DH_6_MFA_BA__hybrid_optuna_079,mixed_local_spatial_buffering,M_tot,1.0,STRICTLY_LOCAL,0.45949869228775486,0.0,0.0006509534772179668,0.5123109180766879,provisional_accepted_ensemble_tag_pending_step06_validation
DH_6_MFA_BA,DH,MFA_BA,DH_6_MFA_BA__hybrid_optuna_080,mixed_local_spatial_buffering,M_tot,1.0,BALANCED_OR_WEAK,0.17072972422235375,0.0003373876857083045,0.47181517323363326,0.520565429585042,provisional_accepted_ensemble_tag_pending_step06_validation
DH_6_MFA_BA,DH,MFA_BA,DH_6_MFA_BA__hybrid_optuna_081,low_recruitment_local_storage,M_tot,1.0,BALANCED_OR_WEAK,3.515143530702988e-132,9.90236124822209e-131,0.2982196133858759,0.28694744923440135,provisional_accepted_ensemble_tag_pending_step06_validation
DH_6_MFA_BA,DH,MFA_BA,DH_6_MFA_BA__hybrid_optuna_082,low_recruitment_local_storage,M_tot,1.0,STRICTLY_LOCAL,2.880934274702363e-14,0.0,0.02176696176215488,0.48747550535560374,provisional_accepted_ensemble_tag_pending_step06_validation
DH_6_MFA_BA,DH,MFA_BA,DH_6_MFA_BA__hybrid_optuna_083,available_surface_voltage_coupled_but_ionic_recruitment_low,M_tot,0.6666666666666666,BALANCED_OR_WEAK,0.08086733231861977,0.2211654737267764,0.4945852926649626,0.49201595092485273,provisional_accepted_ensemble_tag_pending_step06_validation
DH_6_MFA_BA,DH,MFA_BA,DH_6_MFA_BA__hybrid_optuna_084,available_surface_voltage_coupled_but_ionic_recruitment_low,M_tot,1.0,BALANCED_OR_WEAK,5.0528320262855347e-203,1.345064919577593e-199,0.4998800888753094,0.499146678980161,provisional_accepted_ensemble_tag_pending_step06_validation
DH_6_MFA_BA,DH,MFA_BA,DH_6_MFA_BA__hybrid_optuna_086,mixed_local_spatial_buffering,M_tot,1.0,BALANCED_OR_WEAK,0.18985454672832425,0.0029938814589937535,0.35521279802644284,0.313946143873988,provisional_accepted_ensemble_tag_pending_step06_validation
DH_6_MFA_BA,DH,MFA_BA,DH_6_MFA_BA__hybrid_optuna_087,low_recruitment_local_storage,M_tot,1.0,STRICTLY_LOCAL,9.858268557491715e-305,0.0,0.10655614307213612,0.4210175010140906,provisional_accepted_ensemble_tag_pending_step06_validation
DH_6_MFA_BA,DH,MFA_BA,DH_6_MFA_BA__hybrid_optuna_088,mixed_local_spatial_buffering,M_tot,1.0,BALANCED_OR_WEAK,0.1165007105950972,0.4552012991913575,0.5000808658271193,0.47455305665623837,provisional_accepted_ensemble_tag_pending_step06_validation
DH_6_MFA_BA,DH,MFA_BA,DH_6_MFA_BA__hybrid_optuna_089,available_surface_voltage_coupled_but_ionic_recruitment_low,M_tot,1.0,BALANCED_OR_WEAK,3.382976848420289e-46,2.5687783691174604e-44,0.4943499036946633,0.5036660370575234,provisional_accepted_ensemble_tag_pending_step06_validation
DH_6_MFA_BA,DH,MFA_BA,DH_6_MFA_BA__hybrid_optuna_090,kir_dominant_local_buffering,M_tot,1.0,STRICTLY_LOCAL,1.2898791271587515e-52,4.61754220866858e-56,0.020125813585746118,0.9708353057787856,provisional_accepted_ensemble_tag_pending_step06_validation
DH_6_MFA_BA,DH,MFA_BA,DH_6_MFA_BA__hybrid_optuna_091,available_surface_voltage_coupled_but_ionic_recruitment_low,M_tot,1.0,BALANCED_OR_WEAK,2.0058988661173049e-286,3.8697792796713097e-287,0.5018137672896659,0.4793879748618776,provisional_accepted_ensemble_tag_pending_step06_validation
DH_6_MFA_BA,DH,MFA_BA,DH_6_MFA_BA__hybrid_optuna_092,available_surface_voltage_coupled_but_ionic_recruitment_low,M_tot,1.0,MIXED_LOCAL,4.318052535202655e-64,1.761453192343847e-66,0.5510205679303356,0.018365976869754327,provisional_accepted_ensemble_tag_pending_step06_validation
DH_6_MFA_BA,DH,MFA_BA,DH_6_MFA_BA__hybrid_optuna_093,mixed_local_spatial_buffering,M_tot,1.0,BALANCED_OR_WEAK,0.45298016233703825,0.4994914267142761,0.49704138166722506,0.04181972941357357,provisional_accepted_ensemble_tag_pending_step06_validation
DH_6_MFA_BA,DH,MFA_BA,DH_6_MFA_BA__hybrid_optuna_094,available_surface_voltage_coupled_but_ionic_recruitment_low,M_tot,1.0,BALANCED_OR_WEAK,2.5910088174362994e-108,5.154896001509413e-106,0.528500868671697,0.4704791087551616,provisional_accepted_ensemble_tag_pending_step06_validation
DH_6_MFA_BA,DH,MFA_BA,DH_6_MFA_BA__hybrid_optuna_095,kir_dominant_local_buffering,M_tot,1.0,STRICTLY_LOCAL,1.7774906022034683e-37,3.700513445987194e-38,0.3288001016985837,0.6632218229881801,provisional_accepted_ensemble_tag_pending_step06_validation
DH_6_MFA_BA,DH,MFA_BA,DH_6_MFA_BA__hybrid_optuna_096,available_surface_voltage_coupled_but_ionic_recruitment_low,M_tot,1.0,BALANCED_OR_WEAK,1.6161387832523223e-06,0.061951293585286726,0.5033508879113031,0.4965951989129474,provisional_accepted_ensemble_tag_pending_step06_validation
DH_6_MFA_BA,DH,MFA_BA,DH_6_MFA_BA__hybrid_optuna_097,available_surface_voltage_coupled_but_ionic_recruitment_low,M_tot,1.0,BALANCED_OR_WEAK,2.0551753096203673e-49,1.0930107879344294e-46,0.5361193214328347,0.46361602573386906,provisional_accepted_ensemble_tag_pending_step06_validation
DH_6_MFA_BA,DH,MFA_BA,DH_6_MFA_BA__hybrid_optuna_098,low_recruitment_local_storage,M_tot,1.0,STRICTLY_LOCAL,6.932793784872661e-130,4.64515413337283e-130,0.24446361668863167,0.38804370158346185,provisional_accepted_ensemble_tag_pending_step06_validation
DH_6_MFA_BA,DH,MFA_BA,DH_6_MFA_BA__hybrid_optuna_099,mixed_local_spatial_buffering,M_tot,1.0,STRICTLY_LOCAL,0.35432755961094414,0.29357223275073696,0.12937617969525372,0.423454385701373,provisional_accepted_ensemble_tag_pending_step06_validation
DH_6_MFA_BA,DH,MFA_BA,DH_6_MFA_BA__hybrid_optuna_100,available_surface_voltage_coupled_but_ionic_recruitment_low,M_tot,1.0,MIXED_LOCAL,3.126895296709676e-135,4.3772308419930584e-138,0.4722257854910315,0.38287248338111574,provisional_accepted_ensemble_tag_pending_step06_validation
DH_6_MFA_BA,DH,MFA_BA,DH_6_MFA_BA__hybrid_post_001,available_surface_voltage_coupled_but_ionic_recruitment_low,M_tot,1.0,BALANCED_OR_WEAK,1.2747024825228416e-214,7.059347746153576e-212,0.4977377682490583,0.5014589190664537,provisional_accepted_ensemble_tag_pending_step06_validation
DH_6_MFA_BA,DH,MFA_BA,DH_6_MFA_BA__hybrid_post_002,mixed_local_spatial_buffering,M_tot,1.0,BALANCED_OR_WEAK,0.3177935544490021,0.4292086496841818,0.497051605976018,0.47888422164950484,provisional_accepted_ensemble_tag_pending_step06_validation
DH_6_MFA_BA,DH,MFA_BA,DH_6_MFA_BA__hybrid_post_003,available_surface_voltage_coupled_but_ionic_recruitment_low,M_tot,1.0,BALANCED_OR_WEAK,1.8856947877614704e-66,1.1347090712151713e-67,0.497126241410361,0.5028453473860728,provisional_accepted_ensemble_tag_pending_step06_validation
DH_6_MFA_BA,DH,MFA_BA,DH_6_MFA_BA__hybrid_pre_01,recruited_surface_gap_assisted_buffering,M_tot,1.0,BALANCED_OR_WEAK,0.936520225776388,0.4989689603143878,0.5006893102672784,0.49842462082832434,provisional_accepted_ensemble_tag_pending_step06_validation
DH_6_MFA_BA,DH,MFA_BA,DH_6_MFA_BA__hybrid_pre_02,recruited_surface_gap_assisted_buffering,M_tot,1.0,BALANCED_OR_WEAK,0.9583873109184787,0.49898766619934715,0.5003048221261844,0.49867037192724245,provisional_accepted_ensemble_tag_pending_step06_validation
DH_6_MFA_BA,DH,MFA_BA,DH_6_MFA_BA__hybrid_pre_03,recruited_surface_gap_assisted_buffering,M_tot,1.0,BALANCED_OR_WEAK,0.9043195696301646,0.4989398151359609,0.5009929707808062,0.49823162564567675,provisional_accepted_ensemble_tag_pending_step06_validation
DH_6_MFA_BA,DH,MFA_BA,DH_6_MFA_BA__hybrid_pre_04,recruited_surface_gap_assisted_buffering,M_tot,1.0,BALANCED_OR_WEAK,0.9381470735719725,0.49914238561052965,0.5002153255821827,0.49924576712578705,provisional_accepted_ensemble_tag_pending_step06_validation
DH_6_MFA_BA,DH,MFA_BA,DH_6_MFA_BA__hybrid_pre_05,recruited_surface_gap_assisted_buffering,M_tot,1.0,BALANCED_OR_WEAK,0.9658880153746656,0.4987687064823316,0.4997970640883644,0.4996724130886654,provisional_accepted_ensemble_tag_pending_step06_validation
DH_6_MFA_BA,DH,MFA_BA,DH_6_MFA_BA__hybrid_pre_06,recruited_surface_gap_assisted_buffering,M_tot,1.0,BALANCED_OR_WEAK,0.9754067021171515,0.49934624974681935,0.5004129422113776,0.4987320902631796,provisional_accepted_ensemble_tag_pending_step06_validation
DH_6_MFA_BA,DH,MFA_BA,DH_6_MFA_BA__hybrid_pre_07,recruited_surface_gap_assisted_buffering,M_tot,1.0,BALANCED_OR_WEAK,0.8782379378143435,0.49949297865659,0.5020402316128584,0.4976611297850196,provisional_accepted_ensemble_tag_pending_step06_validation
DH_6_MFA_BA,DH,MFA_BA,DH_6_MFA_BA__hybrid_pre_08,recruited_surface_gap_assisted_buffering,M_tot,1.0,BALANCED_OR_WEAK,0.7529120012621395,0.4988486413402642,0.4992691961543482,0.5005594259938371,provisional_accepted_ensemble_tag_pending_step06_validation
VH_1_MFA,VH,MFA,VH_1_MFA__hybrid_optuna_282,available_surface_voltage_coupled_but_ionic_recruitment_low,M_tot,1.0,BALANCED_OR_WEAK,9.859676454385957e-305,7.03432533694412e-304,0.4977557933198111,0.501875510325509,provisional_accepted_ensemble_tag_pending_step06_validation
VH_1_MFA,VH,MFA,VH_1_MFA__hybrid_optuna_286,available_surface_voltage_coupled_but_ionic_recruitment_low,M_tot,1.0,BALANCED_OR_WEAK,3.3579247697492488e-226,6.651050582891266e-225,0.4950885417025775,0.5045995350801118,provisional_accepted_ensemble_tag_pending_step06_validation
VH_1_MFA_BA,VH,MFA_BA,VH_1_MFA_BA__hybrid_optuna_001,recruited_surface_gap_assisted_buffering,M_tot,1.0,MIXED_LOCAL,0.619128611852408,0.021304917715180643,0.4822117948987386,0.03735563643196813,provisional_accepted_ensemble_tag_pending_step06_validation
VH_1_MFA_BA,VH,MFA_BA,VH_1_MFA_BA__hybrid_optuna_002,recruited_surface_gap_assisted_buffering,M_tot,0.8333333333333334,MIXED_LOCAL,0.5117934907149727,0.005627880235024488,0.4046697846311624,0.25441924615843053,provisional_accepted_ensemble_tag_pending_step06_validation
VH_1_MFA_BA,VH,MFA_BA,VH_1_MFA_BA__hybrid_optuna_003,recruited_surface_gap_assisted_buffering,M_tot,1.0,MIXED_LOCAL,0.5051309125346403,0.004266623589987798,0.4222909697215527,0.2148421245663843,provisional_accepted_ensemble_tag_pending_step06_validation
VH_1_MFA_BA,VH,MFA_BA,VH_1_MFA_BA__hybrid_optuna_004,recruited_surface_gap_assisted_buffering,M_tot,1.0,MIXED_LOCAL,0.7215489951389907,0.01781430968348571,0.49172378126836486,0.01638863082924892,provisional_accepted_ensemble_tag_pending_step06_validation
VH_1_MFA_BA,VH,MFA_BA,VH_1_MFA_BA__hybrid_optuna_005,recruited_surface_gap_assisted_buffering,M_tot,1.0,MIXED_LOCAL,0.725981240894528,0.005857587302091276,0.4674147344667972,0.37808466734108287,provisional_accepted_ensemble_tag_pending_step06_validation
VH_1_MFA_BA,VH,MFA_BA,VH_1_MFA_BA__hybrid_optuna_006,recruited_surface_gap_assisted_buffering,M_tot,0.8333333333333334,BALANCED_OR_WEAK,0.618458901114759,0.003547598725870843,0.4814776073439662,0.4168027149423246,provisional_accepted_ensemble_tag_pending_step06_validation
VH_1_MFA_BA,VH,MFA_BA,VH_1_MFA_BA__hybrid_optuna_007,recruited_surface_gap_assisted_buffering,M_tot,1.0,BALANCED_OR_WEAK,0.7164981327234003,0.0031904903711438212,0.3645335584947689,0.332770850272401,provisional_accepted_ensemble_tag_pending_step06_validation
VH_1_MFA_BA,VH,MFA_BA,VH_1_MFA_BA__hybrid_optuna_008,recruited_surface_gap_assisted_buffering,M_tot,0.8333333333333334,BALANCED_OR_WEAK,0.5186144011408277,0.004244862388126633,0.38591243758744054,0.32981276470428195,provisional_accepted_ensemble_tag_pending_step06_validation
VH_1_MFA_BA,VH,MFA_BA,VH_1_MFA_BA__hybrid_optuna_009,recruited_surface_gap_assisted_buffering,M_tot,0.8333333333333334,MIXED_LOCAL,0.5836670636280535,0.010467329019793609,0.47253293139930436,0.24552577765272668,provisional_accepted_ensemble_tag_pending_step06_validation
VH_1_MFA_BA,VH,MFA_BA,VH_1_MFA_BA__hybrid_optuna_010,recruited_surface_gap_assisted_buffering,M_tot,1.0,MIXED_LOCAL,0.6215429844262746,0.006517627108015143,0.4510909086392892,0.3769928214163676,provisional_accepted_ensemble_tag_pending_step06_validation
VH_1_MFA_BA,VH,MFA_BA,VH_1_MFA_BA__hybrid_optuna_011,recruited_surface_gap_assisted_buffering,M_tot,0.8333333333333334,BALANCED_OR_WEAK,0.6417269282992559,0.0011349806940209194,0.4296410654142499,0.3744253668446737,provisional_accepted_ensemble_tag_pending_step06_validation
VH_1_MFA_BA,VH,MFA_BA,VH_1_MFA_BA__hybrid_optuna_012,recruited_surface_gap_assisted_buffering,M_tot,1.0,MIXED_LOCAL,0.5457658972056488,0.005257487821376958,0.4912608746689134,0.3621723038881213,provisional_accepted_ensemble_tag_pending_step06_validation
VH_1_MFA_BA,VH,MFA_BA,VH_1_MFA_BA__hybrid_optuna_013,recruited_surface_gap_assisted_buffering,M_tot,0.75,MIXED_LOCAL,0.6547304862786244,0.002402421913271574,0.39635743202805873,0.30359036022335206,provisional_accepted_ensemble_tag_pending_step06_validation
VH_1_MFA_BA,VH,MFA_BA,VH_1_MFA_BA__hybrid_optuna_014,recruited_surface_gap_assisted_buffering,M_tot,0.8333333333333334,MIXED_LOCAL,0.6371965463991118,0.010023783500864438,0.43960412081381395,0.15898737938200777,provisional_accepted_ensemble_tag_pending_step06_validation
VH_1_MFA_BA,VH,MFA_BA,VH_1_MFA_BA__hybrid_optuna_015,recruited_surface_gap_assisted_buffering,M_tot,1.0,BALANCED_OR_WEAK,0.5297984399887671,0.003172075569740331,0.3945612029317391,0.41967029268431105,provisional_accepted_ensemble_tag_pending_step06_validation
VH_1_MFA_BA,VH,MFA_BA,VH_1_MFA_BA__hybrid_optuna_016,recruited_surface_gap_assisted_buffering,M_tot,0.8333333333333334,MIXED_LOCAL,0.6008182139987354,0.014214025418611553,0.47475278552209527,0.3212803688263786,provisional_accepted_ensemble_tag_pending_step06_validation
VH_1_MFA_BA,VH,MFA_BA,VH_1_MFA_BA__hybrid_optuna_017,recruited_surface_gap_assisted_buffering,M_tot,0.8333333333333334,MIXED_LOCAL,0.6133937700771736,0.0065879068582221575,0.44863246747325713,0.37414250179021186,provisional_accepted_ensemble_tag_pending_step06_validation
VH_1_MFA_BA,VH,MFA_BA,VH_1_MFA_BA__hybrid_optuna_018,available_surface_voltage_coupled_but_ionic_recruitment_low,M_tot,0.5,BALANCED_OR_WEAK,0.27132500887935906,0.00039269744888477924,0.4222804165353395,0.37318980629889037,provisional_accepted_ensemble_tag_pending_step06_validation
VH_1_MFA_BA,VH,MFA_BA,VH_1_MFA_BA__hybrid_optuna_019,recruited_surface_gap_assisted_buffering,M_tot,1.0,MIXED_LOCAL,0.5797287244245259,0.011803629286364989,0.46688460604324145,0.23259325069480183,provisional_accepted_ensemble_tag_pending_step06_validation
VH_1_MFA_BA,VH,MFA_BA,VH_1_MFA_BA__hybrid_optuna_020,recruited_surface_gap_assisted_buffering,M_tot,1.0,BALANCED_OR_WEAK,0.8114792608114488,0.0016162238731453648,0.4485327810756274,0.4966854748728968,provisional_accepted_ensemble_tag_pending_step06_validation
VH_1_MFA_BA,VH,MFA_BA,VH_1_MFA_BA__hybrid_optuna_021,recruited_surface_gap_assisted_buffering,M_tot,0.8333333333333334,MIXED_LOCAL,0.5095908828231007,0.007049569113587842,0.4169236714629689,0.23051399878585208,provisional_accepted_ensemble_tag_pending_step06_validation
VH_1_MFA_BA,VH,MFA_BA,VH_1_MFA_BA__hybrid_optuna_022,recruited_surface_gap_assisted_buffering,M_tot,1.0,MIXED_LOCAL,0.7855796888642391,0.007101696627464467,0.4143414358702433,0.17984452899045325,provisional_accepted_ensemble_tag_pending_step06_validation
VH_1_MFA_BA,VH,MFA_BA,VH_1_MFA_BA__hybrid_optuna_023,recruited_surface_gap_assisted_buffering,M_tot,1.0,MIXED_LOCAL,0.6757154356006669,0.12090944675917552,0.4792241472527949,0.05057062655418652,provisional_accepted_ensemble_tag_pending_step06_validation
VH_1_MFA_BA,VH,MFA_BA,VH_1_MFA_BA__hybrid_optuna_024,recruited_surface_gap_assisted_buffering,M_tot,1.0,MIXED_LOCAL,0.5217216274702746,0.10534816411086383,0.40456663703047085,0.3076653903863962,provisional_accepted_ensemble_tag_pending_step06_validation
VH_1_MFA_BA,VH,MFA_BA,VH_1_MFA_BA__hybrid_optuna_025,recruited_surface_gap_assisted_buffering,M_tot,0.6666666666666666,STRICTLY_LOCAL,0.5763003738844629,0.009503418462367158,0.32819591345326876,0.6638512466274298,provisional_accepted_ensemble_tag_pending_step06_validation
VH_1_MFA_BA,VH,MFA_BA,VH_1_MFA_BA__hybrid_optuna_026,recruited_surface_gap_assisted_buffering,M_tot,0.6666666666666666,MIXED_LOCAL,0.5032554347087831,0.03431165584313318,0.4923789754868373,0.02046985429046277,provisional_accepted_ensemble_tag_pending_step06_validation
VH_1_MFA_BA,VH,MFA_BA,VH_1_MFA_BA__hybrid_optuna_027,recruited_surface_gap_assisted_buffering,M_tot,1.0,MIXED_LOCAL,0.5660758929517882,0.03033152263002986,0.45751616099925335,0.12092733162068088,provisional_accepted_ensemble_tag_pending_step06_validation
VH_1_MFA_BA,VH,MFA_BA,VH_1_MFA_BA__hybrid_optuna_028,mixed_local_spatial_buffering,M_tot,0.5,BALANCED_OR_WEAK,0.3906871418225213,0.0013412010550904057,0.45549028859354185,0.5089504546103956,provisional_accepted_ensemble_tag_pending_step06_validation
VH_1_MFA_BA,VH,MFA_BA,VH_1_MFA_BA__hybrid_optuna_029,recruited_surface_gap_assisted_buffering,M_tot,1.0,MIXED_LOCAL,0.5191893410326144,0.009944809712635049,0.44224946164858353,0.1277355989554901,provisional_accepted_ensemble_tag_pending_step06_validation
VH_1_MFA_BA,VH,MFA_BA,VH_1_MFA_BA__hybrid_optuna_030,recruited_surface_gap_assisted_buffering,M_tot,1.0,BALANCED_OR_WEAK,0.5288790347375677,0.002187783379109262,0.398686898603966,0.45707493053122317,provisional_accepted_ensemble_tag_pending_step06_validation
VH_1_MFA_BA,VH,MFA_BA,VH_1_MFA_BA__hybrid_optuna_031,recruited_surface_gap_assisted_buffering,M_tot,1.0,MIXED_LOCAL,0.7130335546861084,0.0024893065987467928,0.48484879300675976,0.030563678386138517,provisional_accepted_ensemble_tag_pending_step06_validation
VH_1_MFA_BA,VH,MFA_BA,VH_1_MFA_BA__hybrid_optuna_032,recruited_surface_gap_assisted_buffering,M_tot,1.0,MIXED_LOCAL,0.6526900315839229,0.019730180245220576,0.4859975921646684,0.02823226243575308,provisional_accepted_ensemble_tag_pending_step06_validation
VH_1_MFA_BA,VH,MFA_BA,VH_1_MFA_BA__hybrid_optuna_033,recruited_surface_gap_assisted_buffering,M_tot,1.0,MIXED_LOCAL,0.5569379222071814,0.0009427933554069229,0.4313335992582361,0.17780453223935508,provisional_accepted_ensemble_tag_pending_step06_validation
VH_1_MFA_BA,VH,MFA_BA,VH_1_MFA_BA__hybrid_optuna_034,recruited_surface_gap_assisted_buffering,M_tot,0.8333333333333334,MIXED_LOCAL,0.5200860009397129,0.002462295406139709,0.42224878915314706,0.2632631198579221,provisional_accepted_ensemble_tag_pending_step06_validation
VH_1_MFA_BA,VH,MFA_BA,VH_1_MFA_BA__hybrid_optuna_035,recruited_surface_gap_assisted_buffering,M_tot,1.0,MIXED_LOCAL,0.5181831135639406,0.029190944929174397,0.4503663840184103,0.24426206709336487,provisional_accepted_ensemble_tag_pending_step06_validation
VH_1_MFA_BA,VH,MFA_BA,VH_1_MFA_BA__hybrid_optuna_036,recruited_surface_gap_assisted_buffering,M_tot,0.8333333333333334,MIXED_LOCAL,0.6317367080136701,0.004180233887852029,0.5687533470889101,0.2695641292587522,provisional_accepted_ensemble_tag_pending_step06_validation
VH_1_MFA_BA,VH,MFA_BA,VH_1_MFA_BA__hybrid_optuna_037,recruited_surface_gap_assisted_buffering,M_tot,0.8333333333333334,MIXED_LOCAL,0.5712732869818983,0.030317908105717915,0.4555976628480063,0.12542957500769722,provisional_accepted_ensemble_tag_pending_step06_validation
VH_1_MFA_BA,VH,MFA_BA,VH_1_MFA_BA__hybrid_optuna_038,recruited_surface_gap_assisted_buffering,M_tot,1.0,MIXED_LOCAL,0.6273074973357374,0.12947752777682778,0.47095046408931696,0.27490383456489725,provisional_accepted_ensemble_tag_pending_step06_validation
VH_1_MFA_BA,VH,MFA_BA,VH_1_MFA_BA__hybrid_optuna_039,recruited_surface_gap_assisted_buffering,M_tot,1.0,BALANCED_OR_WEAK,0.5233843170210536,0.42535414000977845,0.4985442358083037,0.49575232245071166,provisional_accepted_ensemble_tag_pending_step06_validation
VH_1_MFA_BA,VH,MFA_BA,VH_1_MFA_BA__hybrid_optuna_040,mixed_local_spatial_buffering,M_tot,0.6666666666666666,MIXED_LOCAL,0.403933315715369,0.010716177540185556,0.4743138461434357,0.06810221562032809,provisional_accepted_ensemble_tag_pending_step06_validation
VH_1_MFA_BA,VH,MFA_BA,VH_1_MFA_BA__hybrid_optuna_041,mixed_local_spatial_buffering,M_tot,1.0,STRICTLY_LOCAL,0.38829967875674204,1.1672909117854498e-05,0.09446649522682066,0.9034862925464621,provisional_accepted_ensemble_tag_pending_step06_validation
VH_1_MFA_BA,VH,MFA_BA,VH_1_MFA_BA__hybrid_optuna_042,mixed_local_spatial_buffering,M_tot,1.0,STRICTLY_LOCAL,0.4061276376593428,1.1160389158908503e-05,0.09521095856821303,0.8936537814514836,provisional_accepted_ensemble_tag_pending_step06_validation
VH_1_MFA_BA,VH,MFA_BA,VH_1_MFA_BA__hybrid_optuna_043,recruited_surface_gap_assisted_buffering,M_tot,1.0,MIXED_LOCAL,0.8474265150291095,0.04532185499050082,0.49469901735483046,0.018126245114870515,provisional_accepted_ensemble_tag_pending_step06_validation
VH_1_MFA_BA,VH,MFA_BA,VH_1_MFA_BA__hybrid_optuna_044,mixed_local_spatial_buffering,M_tot,1.0,MIXED_LOCAL,0.1445515715108515,0.008696815374058605,0.48139772358291716,0.3235033469332342,provisional_accepted_ensemble_tag_pending_step06_validation
VH_1_MFA_BA,VH,MFA_BA,VH_1_MFA_BA__hybrid_optuna_045,recruited_surface_gap_assisted_buffering,M_tot,1.0,BALANCED_OR_WEAK,0.5748180929227734,0.06113144732691109,0.48972803000605486,0.435664135669559,provisional_accepted_ensemble_tag_pending_step06_validation
VH_1_MFA_BA,VH,MFA_BA,VH_1_MFA_BA__hybrid_optuna_046,mixed_local_spatial_buffering,M_tot,0.5,BALANCED_OR_WEAK,0.494791559994262,0.015836381285916096,0.4723407627554402,0.4249118831512018,provisional_accepted_ensemble_tag_pending_step06_validation
VH_1_MFA_BA,VH,MFA_BA,VH_1_MFA_BA__hybrid_optuna_047,mixed_local_spatial_buffering,M_tot,1.0,STRICTLY_LOCAL,0.40149009066370933,0.00013059648448337903,0.2304005194806814,0.7660096842368277,provisional_accepted_ensemble_tag_pending_step06_validation
VH_1_MFA_BA,VH,MFA_BA,VH_1_MFA_BA__hybrid_optuna_048,recruited_surface_gap_assisted_buffering,M_tot,1.0,MIXED_LOCAL,0.8956320126550693,0.0020682670324951567,0.45832390986717014,0.12176051600673742,provisional_accepted_ensemble_tag_pending_step06_validation
VH_1_MFA_BA,VH,MFA_BA,VH_1_MFA_BA__hybrid_optuna_049,mixed_local_spatial_buffering,M_tot,0.6666666666666666,STRICTLY_LOCAL,0.19817867937935385,0.001043675319910435,0.39641207917947935,0.5878163864762359,provisional_accepted_ensemble_tag_pending_step06_validation
VH_1_MFA_BA,VH,MFA_BA,VH_1_MFA_BA__hybrid_optuna_050,recruited_surface_gap_assisted_buffering,M_tot,1.0,MIXED_LOCAL,0.5145097880655481,0.002077899177478174,0.403079430915835,0.2542017211204532,provisional_accepted_ensemble_tag_pending_step06_validation
VH_1_MFA_BA,VH,MFA_BA,VH_1_MFA_BA__hybrid_optuna_051,recruited_surface_gap_assisted_buffering,M_tot,0.6666666666666666,MIXED_LOCAL,0.5386442076400147,0.017800725988499716,0.483231631235743,0.08336981100183329,provisional_accepted_ensemble_tag_pending_step06_validation
VH_1_MFA_BA,VH,MFA_BA,VH_1_MFA_BA__hybrid_optuna_052,mixed_local_spatial_buffering,M_tot,1.0,STRICTLY_LOCAL,0.23292931893928173,0.00010771803149666163,0.2648382623159704,0.5341839111276093,provisional_accepted_ensemble_tag_pending_step06_validation
VH_1_MFA_BA,VH,MFA_BA,VH_1_MFA_BA__hybrid_optuna_053,mixed_local_spatial_buffering,M_tot,1.0,STRICTLY_LOCAL,0.4168994832423814,4.1580486093609206e-07,0.08186362212232978,0.9132775884809831,provisional_accepted_ensemble_tag_pending_step06_validation
VH_1_MFA_BA,VH,MFA_BA,VH_1_MFA_BA__hybrid_optuna_054,kir_dominant_local_buffering,M_tot,1.0,STRICTLY_LOCAL,4.429279822759975e-38,2.027598255187939e-42,0.14887048036416717,0.7817550270609707,provisional_accepted_ensemble_tag_pending_step06_validation
VH_1_MFA_BA,VH,MFA_BA,VH_1_MFA_BA__hybrid_optuna_055,mixed_local_spatial_buffering,M_tot,1.0,STRICTLY_LOCAL,0.4015560679573866,3.315815779550303e-05,0.22381960724582525,0.6270300551150602,provisional_accepted_ensemble_tag_pending_step06_validation
VH_1_MFA_BA,VH,MFA_BA,VH_1_MFA_BA__hybrid_optuna_056,mixed_local_spatial_buffering,M_tot,1.0,STRICTLY_LOCAL,0.46093400814458924,0.0006214094782527038,0.265944238827236,0.6531407584188963,provisional_accepted_ensemble_tag_pending_step06_validation
VH_1_MFA_BA,VH,MFA_BA,VH_1_MFA_BA__hybrid_optuna_057,recruited_surface_gap_assisted_buffering,M_tot,1.0,MIXED_LOCAL,0.517540493928221,0.03484274629222758,0.584157462930294,0.026753690153810464,provisional_accepted_ensemble_tag_pending_step06_validation
VH_1_MFA_BA,VH,MFA_BA,VH_1_MFA_BA__hybrid_optuna_058,mixed_local_spatial_buffering,M_tot,0.5,STRICTLY_LOCAL,0.4487658281189471,3.63906030919685e-05,0.32491265531893077,0.4743846199527662,provisional_accepted_ensemble_tag_pending_step06_validation
VH_1_MFA_BA,VH,MFA_BA,VH_1_MFA_BA__hybrid_optuna_059,mixed_local_spatial_buffering,M_tot,1.0,STRICTLY_LOCAL,0.3959281667108558,4.2950623200719e-05,0.2540106062315171,0.6022021432315231,provisional_accepted_ensemble_tag_pending_step06_validation
VH_1_MFA_BA,VH,MFA_BA,VH_1_MFA_BA__hybrid_optuna_060,recruited_surface_gap_assisted_buffering,M_tot,1.0,BALANCED_OR_WEAK,0.7916430269170801,0.46820973800931814,0.4936921356305604,0.47192351233534,provisional_accepted_ensemble_tag_pending_step06_validation
VH_1_MFA_BA,VH,MFA_BA,VH_1_MFA_BA__hybrid_optuna_061,available_surface_voltage_coupled_but_ionic_recruitment_low,M_tot,1.0,BALANCED_OR_WEAK,1.931681648258615e-44,1.7222848624468843e-40,0.4968498343579575,0.5031335692042016,provisional_accepted_ensemble_tag_pending_step06_validation
VH_1_MFA_BA,VH,MFA_BA,VH_1_MFA_BA__hybrid_optuna_062,kir_dominant_local_buffering,M_tot,1.0,STRICTLY_LOCAL,1.7774906022034683e-37,3.700513445987194e-38,0.3288001016985837,0.6632218229881801,provisional_accepted_ensemble_tag_pending_step06_validation
VH_1_MFA_BA,VH,MFA_BA,VH_1_MFA_BA__hybrid_optuna_063,available_surface_voltage_coupled_but_ionic_recruitment_low,M_tot,1.0,BALANCED_OR_WEAK,1.6161387832523223e-06,0.061951293585286726,0.5033508879113031,0.4965951989129474,provisional_accepted_ensemble_tag_pending_step06_validation
VH_1_MFA_BA,VH,MFA_BA,VH_1_MFA_BA__hybrid_optuna_064,mixed_local_spatial_buffering,M_tot,1.0,STRICTLY_LOCAL,0.4488267680937641,8.685622073784743e-05,0.2320224162492689,0.763102841540641,provisional_accepted_ensemble_tag_pending_step06_validation
VH_1_MFA_BA,VH,MFA_BA,VH_1_MFA_BA__hybrid_optuna_065,available_surface_voltage_coupled_but_ionic_recruitment_low,M_tot,0.6666666666666666,MIXED_LOCAL,0.07322911826385088,0.002329086514981559,0.47611859630333603,0.03159991325553461,provisional_accepted_ensemble_tag_pending_step06_validation
VH_1_MFA_BA,VH,MFA_BA,VH_1_MFA_BA__hybrid_optuna_066,mixed_local_spatial_buffering,M_tot,1.0,STRICTLY_LOCAL,0.4625328182753268,9.527886940874675e-06,0.06688946695308805,0.3911931457522881,provisional_accepted_ensemble_tag_pending_step06_validation
VH_1_MFA_BA,VH,MFA_BA,VH_1_MFA_BA__hybrid_optuna_067,mixed_local_spatial_buffering,M_tot,0.6666666666666666,STRICTLY_LOCAL,0.3467694808641825,0.1382138183438462,0.22846228562685847,0.6522779041144587,provisional_accepted_ensemble_tag_pending_step06_validation
VH_1_MFA_BA,VH,MFA_BA,VH_1_MFA_BA__hybrid_optuna_068,recruited_surface_gap_assisted_buffering,M_tot,0.8333333333333334,MIXED_LOCAL,0.5989904336372969,0.23137742729332766,0.7304656751895688,0.21446140566456262,provisional_accepted_ensemble_tag_pending_step06_validation
VH_1_MFA_BA,VH,MFA_BA,VH_1_MFA_BA__hybrid_optuna_069,recruited_surface_gap_assisted_buffering,M_tot,1.0,BALANCED_OR_WEAK,0.5200107177567314,0.22767557248126793,0.5017224185185115,0.4965228071931594,provisional_accepted_ensemble_tag_pending_step06_validation
VH_1_MFA_BA,VH,MFA_BA,VH_1_MFA_BA__hybrid_optuna_070,mixed_local_spatial_buffering,M_tot,1.0,STRICTLY_LOCAL,0.3508870101147248,0.0019519303791240828,0.23027631696476028,0.3889481194543085,provisional_accepted_ensemble_tag_pending_step06_validation
VH_1_MFA_BA,VH,MFA_BA,VH_1_MFA_BA__hybrid_optuna_071,mixed_local_spatial_buffering,M_tot,1.0,MIXED_LOCAL,0.46710399840602207,0.003403095416318324,0.42907309546571176,0.15076559677784204,provisional_accepted_ensemble_tag_pending_step06_validation
VH_1_MFA_BA,VH,MFA_BA,VH_1_MFA_BA__hybrid_optuna_072,recruited_surface_gap_assisted_buffering,M_tot,0.6666666666666666,MIXED_LOCAL,0.5502336859299187,0.014253085355076847,0.48144901164807763,0.21880083585227336,provisional_accepted_ensemble_tag_pending_step06_validation
VH_1_MFA_BA,VH,MFA_BA,VH_1_MFA_BA__hybrid_optuna_073,recruited_surface_gap_assisted_buffering,M_tot,1.0,MIXED_LOCAL,0.7230638819491787,0.007450653087704476,0.4914302112818189,0.01569519878785664,provisional_accepted_ensemble_tag_pending_step06_validation
VH_1_MFA_BA,VH,MFA_BA,VH_1_MFA_BA__hybrid_optuna_074,recruited_surface_gap_assisted_buffering,M_tot,1.0,BALANCED_OR_WEAK,0.7529119668976939,0.49884868414069294,0.4992691938784406,0.5005594279363033,provisional_accepted_ensemble_tag_pending_step06_validation
VH_1_MFA_BA,VH,MFA_BA,VH_1_MFA_BA__hybrid_optuna_075,recruited_surface_gap_assisted_buffering,M_tot,1.0,BALANCED_OR_WEAK,0.8450178702577231,0.49195429550604786,0.49434360718773357,0.3473705819753407,provisional_accepted_ensemble_tag_pending_step06_validation
VH_1_MFA_BA,VH,MFA_BA,VH_1_MFA_BA__hybrid_optuna_076,available_surface_voltage_coupled_but_ionic_recruitment_low,M_tot,1.0,BALANCED_OR_WEAK,2.694611480206829e-96,1.4913517660073316e-92,0.4946561077356635,0.5053274888280058,provisional_accepted_ensemble_tag_pending_step06_validation
VH_1_MFA_BA,VH,MFA_BA,VH_1_MFA_BA__hybrid_optuna_077,recruited_surface_gap_assisted_buffering,M_tot,1.0,MIXED_LOCAL,0.5100889567073029,0.006488117345753564,0.5028483514144174,0.399445502158781,provisional_accepted_ensemble_tag_pending_step06_validation
VH_1_MFA_BA,VH,MFA_BA,VH_1_MFA_BA__hybrid_optuna_078,recruited_surface_gap_assisted_buffering,M_tot,1.0,BALANCED_OR_WEAK,0.975406701464745,0.49934624229058205,0.5004129425220679,0.4987320899537447,provisional_accepted_ensemble_tag_pending_step06_validation
VH_1_MFA_BA,VH,MFA_BA,VH_1_MFA_BA__hybrid_optuna_079,recruited_surface_gap_assisted_buffering,M_tot,1.0,BALANCED_OR_WEAK,0.9658880144882215,0.49876870337344675,0.49979706406652685,0.49967241310752536,provisional_accepted_ensemble_tag_pending_step06_validation
VH_1_MFA_BA,VH,MFA_BA,VH_1_MFA_BA__hybrid_optuna_080,mixed_local_spatial_buffering,M_tot,1.0,MIXED_LOCAL,0.4903554572306545,0.008425238222522101,0.455959046300978,0.07818672249124352,provisional_accepted_ensemble_tag_pending_step06_validation
VH_1_MFA_BA,VH,MFA_BA,VH_1_MFA_BA__hybrid_optuna_081,recruited_surface_gap_assisted_buffering,M_tot,1.0,BALANCED_OR_WEAK,0.9381470755954164,0.4991423895289802,0.5002153258512448,0.49924576685479005,provisional_accepted_ensemble_tag_pending_step06_validation
VH_1_MFA_BA,VH,MFA_BA,VH_1_MFA_BA__hybrid_optuna_082,mixed_local_spatial_buffering,M_tot,0.5,BALANCED_OR_WEAK,0.49810549680561494,0.4611926774477441,0.4275229150693011,0.28722000619015803,provisional_accepted_ensemble_tag_pending_step06_validation
VH_1_MFA_BA,VH,MFA_BA,VH_1_MFA_BA__hybrid_optuna_083,recruited_surface_gap_assisted_buffering,M_tot,1.0,BALANCED_OR_WEAK,0.9583873139935356,0.4989876786761222,0.5003048217369295,0.49867037227091876,provisional_accepted_ensemble_tag_pending_step06_validation
VH_1_MFA_BA,VH,MFA_BA,VH_1_MFA_BA__hybrid_optuna_084,recruited_surface_gap_assisted_buffering,M_tot,1.0,BALANCED_OR_WEAK,0.9365202252510478,0.4989689548349289,0.5006893099135407,0.49842462120849135,provisional_accepted_ensemble_tag_pending_step06_validation
VH_1_MFA_BA,VH,MFA_BA,VH_1_MFA_BA__hybrid_optuna_085,recruited_surface_gap_assisted_buffering,M_tot,1.0,BALANCED_OR_WEAK,0.8782379198892326,0.4994929592694068,0.5020402319956863,0.4976611294047131,provisional_accepted_ensemble_tag_pending_step06_validation
VH_1_MFA_BA,VH,MFA_BA,VH_1_MFA_BA__hybrid_optuna_086,recruited_surface_gap_assisted_buffering,M_tot,1.0,BALANCED_OR_WEAK,0.9043195696301646,0.4989398151359609,0.5009929707808062,0.49823162564567675,provisional_accepted_ensemble_tag_pending_step06_validation
VH_1_MFA_BA,VH,MFA_BA,VH_1_MFA_BA__hybrid_optuna_087,recruited_surface_gap_assisted_buffering,M_tot,1.0,BALANCED_OR_WEAK,0.5965972193935887,0.49495436595196846,0.49723776194429964,0.5017436256353998,provisional_accepted_ensemble_tag_pending_step06_validation
VH_1_MFA_BA,VH,MFA_BA,VH_1_MFA_BA__hybrid_optuna_088,recruited_surface_gap_assisted_buffering,M_tot,0.8333333333333334,BALANCED_OR_WEAK,0.7104429427217648,0.0473591452705529,0.40398216624431177,0.4134245650177579,provisional_accepted_ensemble_tag_pending_step06_validation
VH_1_MFA_BA,VH,MFA_BA,VH_1_MFA_BA__hybrid_optuna_089,recruited_surface_gap_assisted_buffering,M_tot,1.0,MIXED_LOCAL,0.938898683870125,0.4542614297251468,0.506154001259623,0.03348861026276012,provisional_accepted_ensemble_tag_pending_step06_validation
VH_1_MFA_BA,VH,MFA_BA,VH_1_MFA_BA__hybrid_optuna_090,kir_dominant_local_buffering,M_tot,1.0,STRICTLY_LOCAL,6.255268974072591e-227,5.973565993233281e-230,0.16870268283012016,0.8022754796005778,provisional_accepted_ensemble_tag_pending_step06_validation
VH_1_MFA_BA,VH,MFA_BA,VH_1_MFA_BA__hybrid_optuna_091,recruited_surface_gap_assisted_buffering,M_tot,1.0,BALANCED_OR_WEAK,0.9576635226063899,0.0520642441775687,0.47838513046715736,0.505068337397146,provisional_accepted_ensemble_tag_pending_step06_validation
VH_1_MFA_BA,VH,MFA_BA,VH_1_MFA_BA__hybrid_optuna_092,low_recruitment_local_storage,M_tot,1.0,MIXED_LOCAL,9.859675822881862e-305,0.0,0.35735239694833437,0.02687109818374581,provisional_accepted_ensemble_tag_pending_step06_validation
VH_1_MFA_BA,VH,MFA_BA,VH_1_MFA_BA__hybrid_optuna_094,available_surface_voltage_coupled_but_ionic_recruitment_low,M_tot,1.0,BALANCED_OR_WEAK,9.859676543753874e-305,3.4852404312613746e-301,0.4647248843061675,0.535272375925051,provisional_accepted_ensemble_tag_pending_step06_validation
VH_1_MFA_BA,VH,MFA_BA,VH_1_MFA_BA__hybrid_optuna_098,mixed_local_spatial_buffering,M_tot,1.0,STRICTLY_LOCAL,0.39260242992699884,0.00017079480229245496,0.4539107400225657,0.5456672212712358,provisional_accepted_ensemble_tag_pending_step06_validation
VH_1_MFA_BA,VH,MFA_BA,VH_1_MFA_BA__hybrid_post_001,recruited_surface_gap_assisted_buffering,M_tot,1.0,MIXED_LOCAL,0.6191289189283862,0.0213050154597549,0.4822117603517618,0.0373557596043066,provisional_accepted_ensemble_tag_pending_step06_validation
VH_1_MFA_BA,VH,MFA_BA,VH_1_MFA_BA__hybrid_post_002,recruited_surface_gap_assisted_buffering,M_tot,0.8333333333333334,MIXED_LOCAL,0.5117935120677403,0.005627873147873559,0.40466953506773234,0.254420746447451,provisional_accepted_ensemble_tag_pending_step06_validation
VH_1_MFA_BA,VH,MFA_BA,VH_1_MFA_BA__hybrid_post_003,recruited_surface_gap_assisted_buffering,M_tot,0.8333333333333334,MIXED_LOCAL,0.5047628551689237,0.004009314259439656,0.4233535540990771,0.20966682159828445,provisional_accepted_ensemble_tag_pending_step06_validation
VH_1_MFA_BA,VH,MFA_BA,VH_1_MFA_BA__hybrid_pre_01,recruited_surface_gap_assisted_buffering,M_tot,1.0,BALANCED_OR_WEAK,0.9365202252510478,0.4989689548349289,0.5006893099135407,0.49842462120849135,provisional_accepted_ensemble_tag_pending_step06_validation
VH_1_MFA_BA,VH,MFA_BA,VH_1_MFA_BA__hybrid_pre_02,recruited_surface_gap_assisted_buffering,M_tot,1.0,BALANCED_OR_WEAK,0.9583873139935356,0.4989876786761222,0.5003048217369295,0.49867037227091876,provisional_accepted_ensemble_tag_pending_step06_validation
VH_1_MFA_BA,VH,MFA_BA,VH_1_MFA_BA__hybrid_pre_03,recruited_surface_gap_assisted_buffering,M_tot,1.0,BALANCED_OR_WEAK,0.9043195696301646,0.4989398151359609,0.5009929707808062,0.49823162564567675,provisional_accepted_ensemble_tag_pending_step06_validation
VH_1_MFA_BA,VH,MFA_BA,VH_1_MFA_BA__hybrid_pre_04,recruited_surface_gap_assisted_buffering,M_tot,1.0,BALANCED_OR_WEAK,0.9381470755954164,0.4991423895289802,0.5002153258512448,0.49924576685479005,provisional_accepted_ensemble_tag_pending_step06_validation
VH_1_MFA_BA,VH,MFA_BA,VH_1_MFA_BA__hybrid_pre_05,recruited_surface_gap_assisted_buffering,M_tot,1.0,BALANCED_OR_WEAK,0.9658880144882215,0.49876870337344675,0.49979706406652685,0.49967241310752536,provisional_accepted_ensemble_tag_pending_step06_validation
VH_1_MFA_BA,VH,MFA_BA,VH_1_MFA_BA__hybrid_pre_06,recruited_surface_gap_assisted_buffering,M_tot,1.0,BALANCED_OR_WEAK,0.975406701464745,0.49934624229058205,0.5004129425220679,0.4987320899537447,provisional_accepted_ensemble_tag_pending_step06_validation
VH_1_MFA_BA,VH,MFA_BA,VH_1_MFA_BA__hybrid_pre_07,recruited_surface_gap_assisted_buffering,M_tot,1.0,BALANCED_OR_WEAK,0.8782379198892326,0.4994929592694068,0.5020402319956863,0.4976611294047131,provisional_accepted_ensemble_tag_pending_step06_validation
VH_1_MFA_BA,VH,MFA_BA,VH_1_MFA_BA__hybrid_pre_08,recruited_surface_gap_assisted_buffering,M_tot,1.0,BALANCED_OR_WEAK,0.7529119668976939,0.49884868414069294,0.4992691938784406,0.5005594279363033,provisional_accepted_ensemble_tag_pending_step06_validation
VH_2_MFA,VH,MFA,VH_2_MFA__hybrid_optuna_224,kir_dominant_local_buffering,M_tot,1.0,STRICTLY_LOCAL,0.006305715233250741,0.012794103018461086,0.1182391464735235,0.8786908255894126,provisional_accepted_ensemble_tag_pending_step06_validation
VH_2_MFA,VH,MFA,VH_2_MFA__hybrid_optuna_247,kir_dominant_local_buffering,M_tot,1.0,STRICTLY_LOCAL,2.5825431504216473e-108,1.7786494347606322e-110,0.10743894855585152,0.88423783660031,provisional_accepted_ensemble_tag_pending_step06_validation
VH_2_MFA,VH,MFA,VH_2_MFA__hybrid_optuna_260,kir_dominant_local_buffering,M_tot,1.0,STRICTLY_LOCAL,5.343005962002925e-80,1.9690321417873524e-77,0.2261170245762444,0.7735249679278686,provisional_accepted_ensemble_tag_pending_step06_validation
VH_2_MFA_BA,VH,MFA_BA,VH_2_MFA_BA__hybrid_optuna_001,kir_dominant_local_buffering,M_tot,1.0,STRICTLY_LOCAL,5.305381566349157e-106,1.1575263217260052e-108,0.3844547722267148,0.6050249383344829,provisional_accepted_ensemble_tag_pending_step06_validation
VH_2_MFA_BA,VH,MFA_BA,VH_2_MFA_BA__hybrid_optuna_002,kir_dominant_local_buffering,M_tot,0.6666666666666666,STRICTLY_LOCAL,0.17290974200594444,0.00015282805148964586,0.3449888153733156,0.644097312949245,provisional_accepted_ensemble_tag_pending_step06_validation
VH_2_MFA_BA,VH,MFA_BA,VH_2_MFA_BA__hybrid_optuna_003,available_surface_voltage_coupled_but_ionic_recruitment_low,M_tot,0.5,BALANCED_OR_WEAK,0.26066792995997345,0.00015574616560366846,0.47442050887355375,0.5225395612722864,provisional_accepted_ensemble_tag_pending_step06_validation
VH_2_MFA_BA,VH,MFA_BA,VH_2_MFA_BA__hybrid_optuna_004,available_surface_voltage_coupled_but_ionic_recruitment_low,M_tot,0.5,MIXED_LOCAL,0.292310843033619,0.00023636522172014744,0.6041579036087144,0.3843694178820378,provisional_accepted_ensemble_tag_pending_step06_validation
VH_2_MFA_BA,VH,MFA_BA,VH_2_MFA_BA__hybrid_optuna_005,available_surface_voltage_coupled_but_ionic_recruitment_low,M_tot,0.5,MIXED_LOCAL,0.2926914514602384,0.0002938218783359984,0.5400114953610854,0.44562928535557117,provisional_accepted_ensemble_tag_pending_step06_validation
VH_2_MFA_BA,VH,MFA_BA,VH_2_MFA_BA__hybrid_optuna_006,available_surface_voltage_coupled_but_ionic_recruitment_low,M_tot,0.5,MIXED_LOCAL,0.295213813497722,0.0004769942097379745,0.5688794905020869,0.41838787109275016,provisional_accepted_ensemble_tag_pending_step06_validation
VH_2_MFA_BA,VH,MFA_BA,VH_2_MFA_BA__hybrid_optuna_007,available_surface_voltage_coupled_but_ionic_recruitment_low,M_tot,0.5,MIXED_LOCAL,0.26936549441383967,0.0015155914815183772,0.6851511713842277,0.3091995861160613,provisional_accepted_ensemble_tag_pending_step06_validation
VH_2_MFA_BA,VH,MFA_BA,VH_2_MFA_BA__hybrid_optuna_008,available_surface_voltage_coupled_but_ionic_recruitment_low,M_tot,0.5,MIXED_LOCAL,0.270403789855911,0.0014705450288686056,0.6685464446217938,0.32668173626800273,provisional_accepted_ensemble_tag_pending_step06_validation
VH_2_MFA_BA,VH,MFA_BA,VH_2_MFA_BA__hybrid_optuna_009,available_surface_voltage_coupled_but_ionic_recruitment_low,M_tot,0.5,MIXED_LOCAL,0.28297841235250815,0.001245743935544322,0.5861894003284714,0.3982684014460148,provisional_accepted_ensemble_tag_pending_step06_validation
VH_2_MFA_BA,VH,MFA_BA,VH_2_MFA_BA__hybrid_optuna_010,available_surface_voltage_coupled_but_ionic_recruitment_low,M_tot,0.5,MIXED_LOCAL,0.1954215812873182,0.00020369915993619198,0.5980220421802859,0.3881460293075198,provisional_accepted_ensemble_tag_pending_step06_validation
VH_2_MFA_BA,VH,MFA_BA,VH_2_MFA_BA__hybrid_optuna_011,available_surface_voltage_coupled_but_ionic_recruitment_low,M_tot,0.5,MIXED_LOCAL,0.19002176823446973,0.00016204199079530474,0.6076960742291423,0.38012389218029924,provisional_accepted_ensemble_tag_pending_step06_validation
VH_2_MFA_BA,VH,MFA_BA,VH_2_MFA_BA__hybrid_optuna_012,available_surface_voltage_coupled_but_ionic_recruitment_low,M_tot,0.5,STRICTLY_LOCAL,0.292795397949686,0.0007261336984727198,0.420121529011169,0.5481869210296103,provisional_accepted_ensemble_tag_pending_step06_validation
VH_2_MFA_BA,VH,MFA_BA,VH_2_MFA_BA__hybrid_optuna_013,available_surface_voltage_coupled_but_ionic_recruitment_low,M_tot,0.5,MIXED_LOCAL,0.313601084213664,0.0027313410202097614,0.5709553586179638,0.41836850128036857,provisional_accepted_ensemble_tag_pending_step06_validation
VH_2_MFA_BA,VH,MFA_BA,VH_2_MFA_BA__hybrid_optuna_014,available_surface_voltage_coupled_but_ionic_recruitment_low,M_tot,1.0,MIXED_LOCAL,9.074644048744769e-73,1.5368384931652033e-74,0.4445818655299496,0.2860968180265637,provisional_accepted_ensemble_tag_pending_step06_validation
VH_2_MFA_BA,VH,MFA_BA,VH_2_MFA_BA__hybrid_optuna_015,available_surface_voltage_coupled_but_ionic_recruitment_low,M_tot,1.0,MIXED_LOCAL,8.645317000735143e-34,1.5701151003902147e-34,0.6749941748432473,0.18349009010884335,provisional_accepted_ensemble_tag_pending_step06_validation
VH_2_MFA_BA,VH,MFA_BA,VH_2_MFA_BA__hybrid_optuna_016,available_surface_voltage_coupled_but_ionic_recruitment_low,M_tot,1.0,MIXED_LOCAL,1.7603361195852316e-30,6.977768738194976e-32,0.6872439566937661,0.17975804279977525,provisional_accepted_ensemble_tag_pending_step06_validation
VH_2_MFA_BA,VH,MFA_BA,VH_2_MFA_BA__hybrid_optuna_017,available_surface_voltage_coupled_but_ionic_recruitment_low,M_tot,1.0,MIXED_LOCAL,1.432357150594706e-106,3.1215632443050104e-105,0.460902404982887,0.3244734071072715,provisional_accepted_ensemble_tag_pending_step06_validation
VH_2_MFA_BA,VH,MFA_BA,VH_2_MFA_BA__hybrid_optuna_018,kir_dominant_local_buffering,M_tot,0.6666666666666666,STRICTLY_LOCAL,0.1210487562705143,7.280270701846611e-05,0.2861856125483118,0.7098825605058208,provisional_accepted_ensemble_tag_pending_step06_validation
VH_2_MFA_BA,VH,MFA_BA,VH_2_MFA_BA__hybrid_optuna_019,recruited_surface_gap_assisted_buffering,M_tot,0.5,MIXED_LOCAL,0.40409771571258774,0.002232638745091334,0.5509069787376607,0.43626682624695734,provisional_accepted_ensemble_tag_pending_step06_validation
VH_2_MFA_BA,VH,MFA_BA,VH_2_MFA_BA__hybrid_optuna_020,recruited_surface_gap_assisted_buffering,M_tot,0.6666666666666666,STRICTLY_LOCAL,0.45931571896253914,0.0010788398611779014,0.41549306972886946,0.5645814579849197,provisional_accepted_ensemble_tag_pending_step06_validation
VH_2_MFA_BA,VH,MFA_BA,VH_2_MFA_BA__hybrid_optuna_021,available_surface_voltage_coupled_but_ionic_recruitment_low,M_tot,1.0,MIXED_LOCAL,0.04247119357463489,0.01776766312953122,0.4668600084472352,0.20717297001431342,provisional_accepted_ensemble_tag_pending_step06_validation
VH_2_MFA_BA,VH,MFA_BA,VH_2_MFA_BA__hybrid_optuna_022,available_surface_voltage_coupled_but_ionic_recruitment_low,M_tot,0.3333333333333333,STRICTLY_LOCAL,0.24479131017040098,0.004227679584601344,0.4052118523439334,0.5752771674963262,provisional_accepted_ensemble_tag_pending_step06_validation
VH_2_MFA_BA,VH,MFA_BA,VH_2_MFA_BA__hybrid_optuna_023,available_surface_voltage_coupled_but_ionic_recruitment_low,M_tot,0.5,MIXED_LOCAL,0.20698627598075672,0.00025938899731214876,0.7631083711699064,0.2309985729545926,provisional_accepted_ensemble_tag_pending_step06_validation
VH_2_MFA_BA,VH,MFA_BA,VH_2_MFA_BA__hybrid_optuna_024,available_surface_voltage_coupled_but_ionic_recruitment_low,M_tot,1.0,MIXED_LOCAL,5.902130676000498e-302,7.093584039449308e-301,0.46798799827415144,0.17115161794634517,provisional_accepted_ensemble_tag_pending_step06_validation
VH_2_MFA_BA,VH,MFA_BA,VH_2_MFA_BA__hybrid_optuna_025,available_surface_voltage_coupled_but_ionic_recruitment_low,M_tot,1.0,MIXED_LOCAL,4.23072712163616e-05,2.9444361288732453e-05,0.46133227191696125,0.17044215545290356,provisional_accepted_ensemble_tag_pending_step06_validation
VH_2_MFA_BA,VH,MFA_BA,VH_2_MFA_BA__hybrid_optuna_026,available_surface_voltage_coupled_but_ionic_recruitment_low,M_tot,0.5,MIXED_LOCAL,0.1758583489580682,0.0005163090862026267,0.6046412732599692,0.3895915870141744,provisional_accepted_ensemble_tag_pending_step06_validation
VH_2_MFA_BA,VH,MFA_BA,VH_2_MFA_BA__hybrid_optuna_027,available_surface_voltage_coupled_but_ionic_recruitment_low,M_tot,1.0,MIXED_LOCAL,4.584780937573671e-43,2.1632984831882665e-42,0.4677829907518394,0.12977448064503574,provisional_accepted_ensemble_tag_pending_step06_validation
VH_2_MFA_BA,VH,MFA_BA,VH_2_MFA_BA__hybrid_optuna_028,available_surface_voltage_coupled_but_ionic_recruitment_low,M_tot,0.5,BALANCED_OR_WEAK,0.22603664312504954,0.0027860403902321544,0.4879404280003889,0.5096521363865446,provisional_accepted_ensemble_tag_pending_step06_validation
VH_2_MFA_BA,VH,MFA_BA,VH_2_MFA_BA__hybrid_optuna_029,mixed_local_spatial_buffering,M_tot,0.6666666666666666,MIXED_LOCAL,0.13876143156785592,0.0986962950456019,0.4601383876416756,0.20310460893857205,provisional_accepted_ensemble_tag_pending_step06_validation
VH_2_MFA_BA,VH,MFA_BA,VH_2_MFA_BA__hybrid_optuna_030,available_surface_voltage_coupled_but_ionic_recruitment_low,M_tot,1.0,MIXED_LOCAL,2.1671180917119543e-58,2.8992047888782785e-58,0.4659197011198894,0.31452316060229496,provisional_accepted_ensemble_tag_pending_step06_validation
VH_2_MFA_BA,VH,MFA_BA,VH_2_MFA_BA__hybrid_optuna_031,available_surface_voltage_coupled_but_ionic_recruitment_low,M_tot,1.0,MIXED_LOCAL,1.5548608155818724e-13,7.63798363702781e-13,0.46016171349001894,0.13867830925202365,provisional_accepted_ensemble_tag_pending_step06_validation
VH_2_MFA_BA,VH,MFA_BA,VH_2_MFA_BA__hybrid_optuna_032,available_surface_voltage_coupled_but_ionic_recruitment_low,M_tot,1.0,MIXED_LOCAL,9.19607112643665e-63,1.4704054528181178e-62,0.46283531433479314,0.35921564194530803,provisional_accepted_ensemble_tag_pending_step06_validation
VH_2_MFA_BA,VH,MFA_BA,VH_2_MFA_BA__hybrid_optuna_033,available_surface_voltage_coupled_but_ionic_recruitment_low,M_tot,1.0,MIXED_LOCAL,1.452989018295017e-62,3.6087669373251096e-62,0.45142734045184646,0.2510043204927427,provisional_accepted_ensemble_tag_pending_step06_validation
VH_2_MFA_BA,VH,MFA_BA,VH_2_MFA_BA__hybrid_optuna_034,available_surface_voltage_coupled_but_ionic_recruitment_low,M_tot,1.0,MIXED_LOCAL,2.6316116723182975e-27,1.3348963347365433e-24,0.45218416647282234,0.14210489034978194,provisional_accepted_ensemble_tag_pending_step06_validation
VH_2_MFA_BA,VH,MFA_BA,VH_2_MFA_BA__hybrid_optuna_035,available_surface_voltage_coupled_but_ionic_recruitment_low,M_tot,1.0,MIXED_LOCAL,0.008026617254296873,0.0008876926760884278,0.444558754016938,0.2910691824829776,provisional_accepted_ensemble_tag_pending_step06_validation
VH_2_MFA_BA,VH,MFA_BA,VH_2_MFA_BA__hybrid_optuna_036,available_surface_voltage_coupled_but_ionic_recruitment_low,M_tot,1.0,BALANCED_OR_WEAK,6.947997979509834e-16,5.267075243393822e-16,0.47940757489909985,0.45178156720125545,provisional_accepted_ensemble_tag_pending_step06_validation
VH_2_MFA_BA,VH,MFA_BA,VH_2_MFA_BA__hybrid_optuna_037,available_surface_voltage_coupled_but_ionic_recruitment_low,M_tot,1.0,MIXED_LOCAL,1.3865929750498438e-57,6.981706347660242e-57,0.4689259988538683,0.37238039496342673,provisional_accepted_ensemble_tag_pending_step06_validation
VH_2_MFA_BA,VH,MFA_BA,VH_2_MFA_BA__hybrid_optuna_038,available_surface_voltage_coupled_but_ionic_recruitment_low,M_tot,1.0,MIXED_LOCAL,3.3703957229583553e-12,2.3891649155265297e-11,0.45481828857660683,0.15605580473812766,provisional_accepted_ensemble_tag_pending_step06_validation
VH_2_MFA_BA,VH,MFA_BA,VH_2_MFA_BA__hybrid_optuna_039,available_surface_voltage_coupled_but_ionic_recruitment_low,M_tot,1.0,BALANCED_OR_WEAK,4.493641854048191e-16,2.551038531216718e-16,0.48334334767897474,0.42364481852108044,provisional_accepted_ensemble_tag_pending_step06_validation
VH_2_MFA_BA,VH,MFA_BA,VH_2_MFA_BA__hybrid_optuna_040,mixed_local_spatial_buffering,M_tot,1.0,MIXED_LOCAL,0.14495681671365357,0.0027409654583196576,0.45529712959620694,0.3092385692205804,provisional_accepted_ensemble_tag_pending_step06_validation
VH_2_MFA_BA,VH,MFA_BA,VH_2_MFA_BA__hybrid_optuna_041,available_surface_voltage_coupled_but_ionic_recruitment_low,M_tot,1.0,MIXED_LOCAL,1.0025784783778451e-87,3.1131589155482175e-87,0.47288336316926305,0.18346676778634988,provisional_accepted_ensemble_tag_pending_step06_validation
VH_2_MFA_BA,VH,MFA_BA,VH_2_MFA_BA__hybrid_optuna_042,available_surface_voltage_coupled_but_ionic_recruitment_low,M_tot,1.0,MIXED_LOCAL,0.02554887117067874,0.0052113765843933195,0.4652684624260222,0.3765707055447247,provisional_accepted_ensemble_tag_pending_step06_validation
VH_2_MFA_BA,VH,MFA_BA,VH_2_MFA_BA__hybrid_optuna_043,kir_dominant_local_buffering,M_tot,0.5,STRICTLY_LOCAL,0.2808069376013715,0.0004725331545227579,0.2973657484167218,0.6940664500297601,provisional_accepted_ensemble_tag_pending_step06_validation
VH_2_MFA_BA,VH,MFA_BA,VH_2_MFA_BA__hybrid_optuna_044,mixed_local_spatial_buffering,M_tot,1.0,MIXED_LOCAL,0.14903149929012036,0.005895553308693276,0.4469236385869572,0.23265026838611927,provisional_accepted_ensemble_tag_pending_step06_validation
VH_2_MFA_BA,VH,MFA_BA,VH_2_MFA_BA__hybrid_optuna_045,available_surface_voltage_coupled_but_ionic_recruitment_low,M_tot,1.0,MIXED_LOCAL,0.02863044683325297,0.00984894887245639,0.4537730816271403,0.2707661267922192,provisional_accepted_ensemble_tag_pending_step06_validation
VH_2_MFA_BA,VH,MFA_BA,VH_2_MFA_BA__hybrid_optuna_046,mixed_local_spatial_buffering,M_tot,1.0,BALANCED_OR_WEAK,0.2542382546294528,0.0010664481111973365,0.49329815499592616,0.4874702020154708,provisional_accepted_ensemble_tag_pending_step06_validation
VH_2_MFA_BA,VH,MFA_BA,VH_2_MFA_BA__hybrid_optuna_047,available_surface_voltage_coupled_but_ionic_recruitment_low,M_tot,1.0,BALANCED_OR_WEAK,0.006961031941735835,0.0007152721919771732,0.4919023778251765,0.4378422629517145,provisional_accepted_ensemble_tag_pending_step06_validation
VH_2_MFA_BA,VH,MFA_BA,VH_2_MFA_BA__hybrid_optuna_048,mixed_local_spatial_buffering,M_tot,1.0,BALANCED_OR_WEAK,0.24641732618674686,0.00042608717672592677,0.4857905738889088,0.4686273814816928,provisional_accepted_ensemble_tag_pending_step06_validation
VH_2_MFA_BA,VH,MFA_BA,VH_2_MFA_BA__hybrid_optuna_049,recruited_surface_gap_assisted_buffering,M_tot,0.5,MIXED_LOCAL,0.3531794102843601,0.0035593550972783153,0.7858727662938821,0.20918030206591612,provisional_accepted_ensemble_tag_pending_step06_validation
VH_2_MFA_BA,VH,MFA_BA,VH_2_MFA_BA__hybrid_optuna_050,mixed_local_spatial_buffering,M_tot,1.0,BALANCED_OR_WEAK,0.21665561669955755,0.000554159074404066,0.4922527432453081,0.4867370290851056,provisional_accepted_ensemble_tag_pending_step06_validation
VH_2_MFA_BA,VH,MFA_BA,VH_2_MFA_BA__hybrid_optuna_051,available_surface_voltage_coupled_but_ionic_recruitment_low,M_tot,1.0,MIXED_LOCAL,7.072228619186001e-143,4.380302173035232e-141,0.46730595660886537,0.17834691361888125,provisional_accepted_ensemble_tag_pending_step06_validation
VH_2_MFA_BA,VH,MFA_BA,VH_2_MFA_BA__hybrid_optuna_052,recruited_surface_gap_assisted_buffering,M_tot,0.5,MIXED_LOCAL,0.39808572899635664,0.014050459649030319,0.6715467660493485,0.32418725957464356,provisional_accepted_ensemble_tag_pending_step06_validation
VH_2_MFA_BA,VH,MFA_BA,VH_2_MFA_BA__hybrid_optuna_053,available_surface_voltage_coupled_but_ionic_recruitment_low,M_tot,0.6666666666666666,MIXED_LOCAL,0.12029724655488738,0.000563686740726921,0.5487179969203424,0.44648109019762444,provisional_accepted_ensemble_tag_pending_step06_validation
VH_2_MFA_BA,VH,MFA_BA,VH_2_MFA_BA__hybrid_optuna_054,mixed_local_spatial_buffering,M_tot,1.0,MIXED_LOCAL,0.4253717022821331,0.0001382466747101667,0.4477983762809174,0.3570974475314442,provisional_accepted_ensemble_tag_pending_step06_validation
VH_2_MFA_BA,VH,MFA_BA,VH_2_MFA_BA__hybrid_optuna_055,mixed_local_spatial_buffering,M_tot,1.0,BALANCED_OR_WEAK,0.27632658455565423,0.0006507144804953181,0.4908789074362167,0.4820390189426733,provisional_accepted_ensemble_tag_pending_step06_validation
VH_2_MFA_BA,VH,MFA_BA,VH_2_MFA_BA__hybrid_optuna_056,available_surface_voltage_coupled_but_ionic_recruitment_low,M_tot,1.0,MIXED_LOCAL,0.015511643813851556,0.001149706819742171,0.4614393300428885,0.24580786401081403,provisional_accepted_ensemble_tag_pending_step06_validation
VH_2_MFA_BA,VH,MFA_BA,VH_2_MFA_BA__hybrid_optuna_057,available_surface_voltage_coupled_but_ionic_recruitment_low,M_tot,1.0,MIXED_LOCAL,4.5636483480227503e-10,2.3129044294777246e-09,0.48074930238157343,0.39611796855172815,provisional_accepted_ensemble_tag_pending_step06_validation
VH_2_MFA_BA,VH,MFA_BA,VH_2_MFA_BA__hybrid_optuna_058,available_surface_voltage_coupled_but_ionic_recruitment_low,M_tot,1.0,MIXED_LOCAL,3.256639658112393e-13,4.550246921207149e-12,0.4696963094732358,0.346095826388869,provisional_accepted_ensemble_tag_pending_step06_validation
VH_2_MFA_BA,VH,MFA_BA,VH_2_MFA_BA__hybrid_optuna_059,available_surface_voltage_coupled_but_ionic_recruitment_low,M_tot,1.0,MIXED_LOCAL,7.375644996491955e-26,7.385573842841865e-27,0.707955456467598,0.16687774355524018,provisional_accepted_ensemble_tag_pending_step06_validation
VH_2_MFA_BA,VH,MFA_BA,VH_2_MFA_BA__hybrid_optuna_060,available_surface_voltage_coupled_but_ionic_recruitment_low,M_tot,1.0,MIXED_LOCAL,9.859676543748786e-305,4.478541948568448e-304,0.44913264487992577,0.2195951013107077,provisional_accepted_ensemble_tag_pending_step06_validation
VH_2_MFA_BA,VH,MFA_BA,VH_2_MFA_BA__hybrid_optuna_061,available_surface_voltage_coupled_but_ionic_recruitment_low,M_tot,0.8333333333333334,MIXED_LOCAL,0.13433288525068973,0.016214905000792958,0.7069901206625612,0.19830849017174745,provisional_accepted_ensemble_tag_pending_step06_validation
VH_2_MFA_BA,VH,MFA_BA,VH_2_MFA_BA__hybrid_optuna_062,available_surface_voltage_coupled_but_ionic_recruitment_low,M_tot,0.6666666666666666,MIXED_LOCAL,0.2794093047116622,0.011098410225840098,0.747377811427122,0.23527290911153656,provisional_accepted_ensemble_tag_pending_step06_validation
VH_2_MFA_BA,VH,MFA_BA,VH_2_MFA_BA__hybrid_optuna_063,mixed_local_spatial_buffering,M_tot,1.0,BALANCED_OR_WEAK,0.43994283141209806,0.0017404996613921359,0.4854895011843836,0.4321326815856368,provisional_accepted_ensemble_tag_pending_step06_validation
VH_2_MFA_BA,VH,MFA_BA,VH_2_MFA_BA__hybrid_optuna_064,available_surface_voltage_coupled_but_ionic_recruitment_low,M_tot,1.0,MIXED_LOCAL,3.725418683981155e-235,4.230145139302695e-235,0.505318060390357,0.02398417776273799,provisional_accepted_ensemble_tag_pending_step06_validation
VH_2_MFA_BA,VH,MFA_BA,VH_2_MFA_BA__hybrid_optuna_065,mixed_local_spatial_buffering,M_tot,1.0,BALANCED_OR_WEAK,0.46308940777436464,0.15935556278595706,0.4812397568369355,0.5006575753088639,provisional_accepted_ensemble_tag_pending_step06_validation
VH_2_MFA_BA,VH,MFA_BA,VH_2_MFA_BA__hybrid_optuna_066,mixed_local_spatial_buffering,M_tot,1.0,MIXED_LOCAL,0.4641053680283393,0.009621756014500561,0.40971175833867707,0.1343422590593612,provisional_accepted_ensemble_tag_pending_step06_validation
VH_2_MFA_BA,VH,MFA_BA,VH_2_MFA_BA__hybrid_optuna_067,mixed_local_spatial_buffering,M_tot,1.0,BALANCED_OR_WEAK,0.47799572097200543,0.0019421650742138937,0.452050207562714,0.5247897206350766,provisional_accepted_ensemble_tag_pending_step06_validation
VH_2_MFA_BA,VH,MFA_BA,VH_2_MFA_BA__hybrid_optuna_068,available_surface_voltage_coupled_but_ionic_recruitment_low,M_tot,0.8333333333333334,MIXED_LOCAL,0.08112926023119611,0.015195558399977929,0.4839908861511218,0.3819346641515558,provisional_accepted_ensemble_tag_pending_step06_validation
VH_2_MFA_BA,VH,MFA_BA,VH_2_MFA_BA__hybrid_optuna_069,available_surface_voltage_coupled_but_ionic_recruitment_low,M_tot,1.0,BALANCED_OR_WEAK,1.931681648258615e-44,1.7222848624468843e-40,0.4968498343579575,0.5031335692042016,provisional_accepted_ensemble_tag_pending_step06_validation
VH_2_MFA_BA,VH,MFA_BA,VH_2_MFA_BA__hybrid_optuna_070,mixed_local_spatial_buffering,M_tot,1.0,STRICTLY_LOCAL,0.46093400814458924,0.0006214094782527038,0.265944238827236,0.6531407584188963,provisional_accepted_ensemble_tag_pending_step06_validation
VH_2_MFA_BA,VH,MFA_BA,VH_2_MFA_BA__hybrid_optuna_071,kir_dominant_local_buffering,M_tot,1.0,STRICTLY_LOCAL,4.429279822759975e-38,2.027598255187939e-42,0.14887048036416717,0.7817550270609707,provisional_accepted_ensemble_tag_pending_step06_validation
VH_2_MFA_BA,VH,MFA_BA,VH_2_MFA_BA__hybrid_optuna_072,available_surface_voltage_coupled_but_ionic_recruitment_low,M_tot,1.0,BALANCED_OR_WEAK,9.859676403307602e-305,2.35269553754811e-308,0.5049914257149631,0.490319962048444,provisional_accepted_ensemble_tag_pending_step06_validation
VH_2_MFA_BA,VH,MFA_BA,VH_2_MFA_BA__hybrid_optuna_073,mixed_local_spatial_buffering,M_tot,1.0,MIXED_LOCAL,0.3851666759994787,0.3202611261961845,0.5004870922838287,0.41568617045146156,provisional_accepted_ensemble_tag_pending_step06_validation
VH_2_MFA_BA,VH,MFA_BA,VH_2_MFA_BA__hybrid_optuna_074,kir_dominant_local_buffering,M_tot,1.0,STRICTLY_LOCAL,1.7774906022034683e-37,3.700513445987194e-38,0.3288001016985837,0.6632218229881801,provisional_accepted_ensemble_tag_pending_step06_validation
VH_2_MFA_BA,VH,MFA_BA,VH_2_MFA_BA__hybrid_optuna_075,low_recruitment_local_storage,M_tot,1.0,STRICTLY_LOCAL,6.592799657430935e-12,9.158964214609063e-14,0.28888047063490735,0.3057679651461709,provisional_accepted_ensemble_tag_pending_step06_validation
VH_2_MFA_BA,VH,MFA_BA,VH_2_MFA_BA__hybrid_optuna_076,available_surface_voltage_coupled_but_ionic_recruitment_low,M_tot,1.0,BALANCED_OR_WEAK,1.6161387832523223e-06,0.061951293585286726,0.5033508879113031,0.4965951989129474,provisional_accepted_ensemble_tag_pending_step06_validation
VH_2_MFA_BA,VH,MFA_BA,VH_2_MFA_BA__hybrid_optuna_077,mixed_local_spatial_buffering,M_tot,1.0,MIXED_LOCAL,0.41494379345687366,0.0,0.2822059312413329,0.2250774481244797,provisional_accepted_ensemble_tag_pending_step06_validation
VH_2_MFA_BA,VH,MFA_BA,VH_2_MFA_BA__hybrid_optuna_078,available_surface_voltage_coupled_but_ionic_recruitment_low,M_tot,1.0,BALANCED_OR_WEAK,4.1334484578946963e-63,2.640665967383413e-63,0.5111040376492363,0.48888928952051375,provisional_accepted_ensemble_tag_pending_step06_validation
VH_2_MFA_BA,VH,MFA_BA,VH_2_MFA_BA__hybrid_optuna_079,available_surface_voltage_coupled_but_ionic_recruitment_low,M_tot,1.0,MIXED_LOCAL,1.6685869507718347e-182,1.0461714124619067e-180,0.46858754477636416,0.33452750578605533,provisional_accepted_ensemble_tag_pending_step06_validation
VH_2_MFA_BA,VH,MFA_BA,VH_2_MFA_BA__hybrid_optuna_080,recruited_surface_gap_assisted_buffering,M_tot,1.0,BALANCED_OR_WEAK,0.8168816164714974,0.4983764391204631,0.5987294842016618,0.3443563808042362,provisional_accepted_ensemble_tag_pending_step06_validation
VH_2_MFA_BA,VH,MFA_BA,VH_2_MFA_BA__hybrid_optuna_081,recruited_surface_gap_assisted_buffering,M_tot,1.0,BALANCED_OR_WEAK,0.7529121033807206,0.49884859657573766,0.4992691930945532,0.5005594282820108,provisional_accepted_ensemble_tag_pending_step06_validation
VH_2_MFA_BA,VH,MFA_BA,VH_2_MFA_BA__hybrid_optuna_082,recruited_surface_gap_assisted_buffering,M_tot,1.0,MIXED_LOCAL,0.8830614064511799,0.07283827188767518,0.7606612822715525,0.1964985831807958,provisional_accepted_ensemble_tag_pending_step06_validation
VH_2_MFA_BA,VH,MFA_BA,VH_2_MFA_BA__hybrid_optuna_083,available_surface_voltage_coupled_but_ionic_recruitment_low,M_tot,1.0,BALANCED_OR_WEAK,3.204856464012939e-05,0.0004322710551796153,0.4910420003230098,0.4743082240038392,provisional_accepted_ensemble_tag_pending_step06_validation
VH_2_MFA_BA,VH,MFA_BA,VH_2_MFA_BA__hybrid_optuna_084,available_surface_voltage_coupled_but_ionic_recruitment_low,M_tot,1.0,MIXED_LOCAL,0.05987605742259402,0.0037521418283025273,0.46101842353842887,0.21453104848535598,provisional_accepted_ensemble_tag_pending_step06_validation
VH_2_MFA_BA,VH,MFA_BA,VH_2_MFA_BA__hybrid_optuna_085,mixed_local_spatial_buffering,M_tot,1.0,STRICTLY_LOCAL,0.46686400734880257,0.0,0.16055718246069425,0.3764319861101948,provisional_accepted_ensemble_tag_pending_step06_validation
VH_2_MFA_BA,VH,MFA_BA,VH_2_MFA_BA__hybrid_optuna_086,recruited_surface_gap_assisted_buffering,M_tot,1.0,BALANCED_OR_WEAK,0.975406701464745,0.49934624229058205,0.5004129425220679,0.4987320899537447,provisional_accepted_ensemble_tag_pending_step06_validation
VH_2_MFA_BA,VH,MFA_BA,VH_2_MFA_BA__hybrid_optuna_087,recruited_surface_gap_assisted_buffering,M_tot,1.0,BALANCED_OR_WEAK,0.9658880144882215,0.49876870337344675,0.49979706406652685,0.49967241310752536,provisional_accepted_ensemble_tag_pending_step06_validation
VH_2_MFA_BA,VH,MFA_BA,VH_2_MFA_BA__hybrid_optuna_088,recruited_surface_gap_assisted_buffering,M_tot,1.0,BALANCED_OR_WEAK,0.9381470755954164,0.4991423895289802,0.5002153258512448,0.49924576685479005,provisional_accepted_ensemble_tag_pending_step06_validation
VH_2_MFA_BA,VH,MFA_BA,VH_2_MFA_BA__hybrid_optuna_089,recruited_surface_gap_assisted_buffering,M_tot,1.0,BALANCED_OR_WEAK,0.9583873129478603,0.49898767420837303,0.5003048216894062,0.4986703723540102,provisional_accepted_ensemble_tag_pending_step06_validation
VH_2_MFA_BA,VH,MFA_BA,VH_2_MFA_BA__hybrid_optuna_090,available_surface_voltage_coupled_but_ionic_recruitment_low,M_tot,1.0,MIXED_LOCAL,2.2322288294780183e-05,3.752837708042679e-05,0.45253428889341113,0.36345803191293835,provisional_accepted_ensemble_tag_pending_step06_validation
VH_2_MFA_BA,VH,MFA_BA,VH_2_MFA_BA__hybrid_optuna_091,recruited_surface_gap_assisted_buffering,M_tot,1.0,BALANCED_OR_WEAK,0.9365202252510478,0.4989689548349289,0.5006893099135407,0.49842462120849135,provisional_accepted_ensemble_tag_pending_step06_validation
VH_2_MFA_BA,VH,MFA_BA,VH_2_MFA_BA__hybrid_optuna_092,available_surface_voltage_coupled_but_ionic_recruitment_low,M_tot,1.0,BALANCED_OR_WEAK,2.694611480206829e-96,1.4913517660073316e-92,0.4946561077356635,0.5053274888280058,provisional_accepted_ensemble_tag_pending_step06_validation
VH_2_MFA_BA,VH,MFA_BA,VH_2_MFA_BA__hybrid_optuna_093,recruited_surface_gap_assisted_buffering,M_tot,1.0,BALANCED_OR_WEAK,0.8782379198892326,0.4994929592694068,0.5020402319956863,0.4976611294047131,provisional_accepted_ensemble_tag_pending_step06_validation
VH_2_MFA_BA,VH,MFA_BA,VH_2_MFA_BA__hybrid_optuna_094,mixed_local_spatial_buffering,M_tot,1.0,MIXED_LOCAL,0.3479973300489266,0.0094951059462922,0.4902109904228868,0.38766409238759447,provisional_accepted_ensemble_tag_pending_step06_validation
VH_2_MFA_BA,VH,MFA_BA,VH_2_MFA_BA__hybrid_optuna_095,recruited_surface_gap_assisted_buffering,M_tot,1.0,BALANCED_OR_WEAK,0.9043195696301646,0.4989398151359609,0.5009929707808062,0.49823162564567675,provisional_accepted_ensemble_tag_pending_step06_validation
VH_2_MFA_BA,VH,MFA_BA,VH_2_MFA_BA__hybrid_optuna_096,available_surface_voltage_coupled_but_ionic_recruitment_low,M_tot,1.0,BALANCED_OR_WEAK,0.01335045364315098,0.005231168958628456,0.48557079450613533,0.4688743158486049,provisional_accepted_ensemble_tag_pending_step06_validation
VH_2_MFA_BA,VH,MFA_BA,VH_2_MFA_BA__hybrid_optuna_097,available_surface_voltage_coupled_but_ionic_recruitment_low,M_tot,1.0,BALANCED_OR_WEAK,9.859676543753874e-305,3.4852404312613746e-301,0.4647248843061675,0.535272375925051,provisional_accepted_ensemble_tag_pending_step06_validation
VH_2_MFA_BA,VH,MFA_BA,VH_2_MFA_BA__hybrid_optuna_098,kir_dominant_local_buffering,M_tot,1.0,STRICTLY_LOCAL,6.255268974072591e-227,5.973565993233281e-230,0.16870268283012016,0.8022754796005778,provisional_accepted_ensemble_tag_pending_step06_validation
VH_2_MFA_BA,VH,MFA_BA,VH_2_MFA_BA__hybrid_optuna_099,low_recruitment_local_storage,M_tot,1.0,MIXED_LOCAL,9.859675822881862e-305,0.0,0.35735239694833437,0.02687109818374581,provisional_accepted_ensemble_tag_pending_step06_validation
VH_2_MFA_BA,VH,MFA_BA,VH_2_MFA_BA__hybrid_post_001,kir_dominant_local_buffering,M_tot,1.0,STRICTLY_LOCAL,5.304774039550371e-106,1.1571256045768193e-108,0.38445474102334387,0.6050249766103705,provisional_accepted_ensemble_tag_pending_step06_validation
VH_2_MFA_BA,VH,MFA_BA,VH_2_MFA_BA__hybrid_post_002,kir_dominant_local_buffering,M_tot,0.6666666666666666,STRICTLY_LOCAL,0.17290586900766614,0.00015279041667750262,0.3449993178409545,0.6440873405130818,provisional_accepted_ensemble_tag_pending_step06_validation
VH_2_MFA_BA,VH,MFA_BA,VH_2_MFA_BA__hybrid_post_003,available_surface_voltage_coupled_but_ionic_recruitment_low,M_tot,0.5,BALANCED_OR_WEAK,0.2606678454691789,0.00015575163953438347,0.4744200663065709,0.5225400085691653,provisional_accepted_ensemble_tag_pending_step06_validation
VH_2_MFA_BA,VH,MFA_BA,VH_2_MFA_BA__hybrid_pre_01,recruited_surface_gap_assisted_buffering,M_tot,1.0,BALANCED_OR_WEAK,0.9365202252510478,0.4989689548349289,0.5006893099135407,0.49842462120849135,provisional_accepted_ensemble_tag_pending_step06_validation
VH_2_MFA_BA,VH,MFA_BA,VH_2_MFA_BA__hybrid_pre_02,recruited_surface_gap_assisted_buffering,M_tot,1.0,BALANCED_OR_WEAK,0.9583873129478603,0.49898767420837303,0.5003048216894062,0.4986703723540102,provisional_accepted_ensemble_tag_pending_step06_validation
VH_2_MFA_BA,VH,MFA_BA,VH_2_MFA_BA__hybrid_pre_03,recruited_surface_gap_assisted_buffering,M_tot,1.0,BALANCED_OR_WEAK,0.9043195696301646,0.4989398151359609,0.5009929707808062,0.49823162564567675,provisional_accepted_ensemble_tag_pending_step06_validation
VH_2_MFA_BA,VH,MFA_BA,VH_2_MFA_BA__hybrid_pre_04,recruited_surface_gap_assisted_buffering,M_tot,1.0,BALANCED_OR_WEAK,0.9381470755954164,0.4991423895289802,0.5002153258512448,0.49924576685479005,provisional_accepted_ensemble_tag_pending_step06_validation
VH_2_MFA_BA,VH,MFA_BA,VH_2_MFA_BA__hybrid_pre_05,recruited_surface_gap_assisted_buffering,M_tot,1.0,BALANCED_OR_WEAK,0.9658880144882215,0.49876870337344675,0.49979706406652685,0.49967241310752536,provisional_accepted_ensemble_tag_pending_step06_validation
VH_2_MFA_BA,VH,MFA_BA,VH_2_MFA_BA__hybrid_pre_06,recruited_surface_gap_assisted_buffering,M_tot,1.0,BALANCED_OR_WEAK,0.975406701464745,0.49934624229058205,0.5004129425220679,0.4987320899537447,provisional_accepted_ensemble_tag_pending_step06_validation
VH_2_MFA_BA,VH,MFA_BA,VH_2_MFA_BA__hybrid_pre_07,recruited_surface_gap_assisted_buffering,M_tot,1.0,BALANCED_OR_WEAK,0.8782379198892326,0.4994929592694068,0.5020402319956863,0.4976611294047131,provisional_accepted_ensemble_tag_pending_step06_validation
VH_2_MFA_BA,VH,MFA_BA,VH_2_MFA_BA__hybrid_pre_08,recruited_surface_gap_assisted_buffering,M_tot,1.0,BALANCED_OR_WEAK,0.7529121033807206,0.49884859657573766,0.4992691930945532,0.5005594282820108,provisional_accepted_ensemble_tag_pending_step06_validation
VH_3_MFA,VH,MFA,VH_3_MFA__hybrid_optuna_204,kir_dominant_local_buffering,M_tot,0.6666666666666666,STRICTLY_LOCAL,0.27668278625475584,0.0001252091317219508,0.23285999304105318,0.6058697669819909,provisional_accepted_ensemble_tag_pending_step06_validation
VH_3_MFA,VH,MFA,VH_3_MFA__hybrid_optuna_210,kir_dominant_local_buffering,M_tot,1.0,STRICTLY_LOCAL,1.9873736491990177e-48,2.688848659891893e-45,0.32873858054112876,0.6695393166908118,provisional_accepted_ensemble_tag_pending_step06_validation
VH_3_MFA,VH,MFA,VH_3_MFA__hybrid_optuna_215,kir_dominant_local_buffering,M_tot,0.5,STRICTLY_LOCAL,9.859676534765136e-305,1.0691142975079206e-303,0.34910731353725716,0.6032679507084954,provisional_accepted_ensemble_tag_pending_step06_validation
VH_3_MFA_BA,VH,MFA_BA,VH_3_MFA_BA__hybrid_optuna_001,low_recruitment_local_storage,M_tot,1.0,STRICTLY_LOCAL,9.859676543633877e-305,0.0,0.09190296203170634,0.4407684510197251,provisional_accepted_ensemble_tag_pending_step06_validation
VH_3_MFA_BA,VH,MFA_BA,VH_3_MFA_BA__hybrid_optuna_002,low_recruitment_local_storage,M_tot,1.0,STRICTLY_LOCAL,0.010970372844574373,0.0,0.1840882867316165,0.39357876594002583,provisional_accepted_ensemble_tag_pending_step06_validation
VH_3_MFA_BA,VH,MFA_BA,VH_3_MFA_BA__hybrid_optuna_003,low_recruitment_local_storage,M_tot,1.0,STRICTLY_LOCAL,5.33475078359924e-244,0.0,0.018306611664792014,0.48741625070438405,provisional_accepted_ensemble_tag_pending_step06_validation
VH_3_MFA_BA,VH,MFA_BA,VH_3_MFA_BA__hybrid_optuna_004,low_recruitment_local_storage,M_tot,1.0,STRICTLY_LOCAL,9.859611749774472e-305,0.0,0.09473151448368929,0.44097413826151693,provisional_accepted_ensemble_tag_pending_step06_validation
VH_3_MFA_BA,VH,MFA_BA,VH_3_MFA_BA__hybrid_optuna_005,low_recruitment_local_storage,M_tot,1.0,STRICTLY_LOCAL,1.3849655397210566e-79,0.0,0.04550426049386655,0.47134703312924753,provisional_accepted_ensemble_tag_pending_step06_validation
VH_3_MFA_BA,VH,MFA_BA,VH_3_MFA_BA__hybrid_optuna_006,mixed_local_spatial_buffering,M_tot,1.0,STRICTLY_LOCAL,0.2669416833520779,0.0,0.01056041804556729,0.49232282967072355,provisional_accepted_ensemble_tag_pending_step06_validation
VH_3_MFA_BA,VH,MFA_BA,VH_3_MFA_BA__hybrid_optuna_007,low_recruitment_local_storage,M_tot,1.0,STRICTLY_LOCAL,9.859676197243538e-305,0.0,0.03622220675916046,0.4749079598863497,provisional_accepted_ensemble_tag_pending_step06_validation
VH_3_MFA_BA,VH,MFA_BA,VH_3_MFA_BA__hybrid_optuna_008,low_recruitment_local_storage,M_tot,1.0,STRICTLY_LOCAL,2.375616910766957e-280,0.0,0.004791733437242497,0.4955043457248037,provisional_accepted_ensemble_tag_pending_step06_validation
VH_3_MFA_BA,VH,MFA_BA,VH_3_MFA_BA__hybrid_optuna_009,low_recruitment_local_storage,M_tot,1.0,STRICTLY_LOCAL,7.476777614920667e-177,0.0,0.09561265683352939,0.4349271590509332,provisional_accepted_ensemble_tag_pending_step06_validation
VH_3_MFA_BA,VH,MFA_BA,VH_3_MFA_BA__hybrid_optuna_010,low_recruitment_local_storage,M_tot,1.0,STRICTLY_LOCAL,3.5204703389629306e-127,0.0,0.08139888755078524,0.44359757824327706,provisional_accepted_ensemble_tag_pending_step06_validation
VH_3_MFA_BA,VH,MFA_BA,VH_3_MFA_BA__hybrid_optuna_011,low_recruitment_local_storage,M_tot,1.0,STRICTLY_LOCAL,9.859672098501882e-305,0.0,0.019170643708073018,0.4858511033614688,provisional_accepted_ensemble_tag_pending_step06_validation
VH_3_MFA_BA,VH,MFA_BA,VH_3_MFA_BA__hybrid_optuna_012,low_recruitment_local_storage,M_tot,1.0,STRICTLY_LOCAL,9.85966992209105e-305,0.0,0.02000074944436257,0.48441180285358815,provisional_accepted_ensemble_tag_pending_step06_validation
VH_3_MFA_BA,VH,MFA_BA,VH_3_MFA_BA__hybrid_optuna_013,low_recruitment_local_storage,M_tot,1.0,STRICTLY_LOCAL,9.859665706922399e-305,0.0,0.13865259711673616,0.4245192574970941,provisional_accepted_ensemble_tag_pending_step06_validation
VH_3_MFA_BA,VH,MFA_BA,VH_3_MFA_BA__hybrid_optuna_014,low_recruitment_local_storage,M_tot,1.0,STRICTLY_LOCAL,9.859673846589802e-305,0.0,0.0587954880377641,0.46550753244413406,provisional_accepted_ensemble_tag_pending_step06_validation
VH_3_MFA_BA,VH,MFA_BA,VH_3_MFA_BA__hybrid_optuna_015,low_recruitment_local_storage,M_tot,1.0,STRICTLY_LOCAL,9.859675281927208e-305,0.0,0.08515636242942741,0.45231005518410067,provisional_accepted_ensemble_tag_pending_step06_validation
VH_3_MFA_BA,VH,MFA_BA,VH_3_MFA_BA__hybrid_optuna_016,low_recruitment_local_storage,M_tot,1.0,STRICTLY_LOCAL,9.859671100515835e-305,0.0,0.06724454422285216,0.4614031294892151,provisional_accepted_ensemble_tag_pending_step06_validation
VH_3_MFA_BA,VH,MFA_BA,VH_3_MFA_BA__hybrid_optuna_017,low_recruitment_local_storage,M_tot,1.0,STRICTLY_LOCAL,0.00029527021799236096,0.0,0.14538007787880267,0.4300233919978133,provisional_accepted_ensemble_tag_pending_step06_validation
VH_3_MFA_BA,VH,MFA_BA,VH_3_MFA_BA__hybrid_optuna_018,low_recruitment_local_storage,M_tot,1.0,STRICTLY_LOCAL,9.859659298524844e-305,0.0,0.053301365973594944,0.46923704831056484,provisional_accepted_ensemble_tag_pending_step06_validation
VH_3_MFA_BA,VH,MFA_BA,VH_3_MFA_BA__hybrid_optuna_019,mixed_local_spatial_buffering,M_tot,1.0,STRICTLY_LOCAL,0.23353813987498487,0.0,0.14247191420325775,0.4221690691223852,provisional_accepted_ensemble_tag_pending_step06_validation
VH_3_MFA_BA,VH,MFA_BA,VH_3_MFA_BA__hybrid_optuna_020,low_recruitment_local_storage,M_tot,1.0,STRICTLY_LOCAL,9.859670654833066e-305,0.0,0.04385579457263009,0.4750403560864351,provisional_accepted_ensemble_tag_pending_step06_validation
VH_3_MFA_BA,VH,MFA_BA,VH_3_MFA_BA__hybrid_optuna_021,low_recruitment_local_storage,M_tot,1.0,STRICTLY_LOCAL,0.029414478854849813,0.0,0.019047736799387986,0.4899735483974981,provisional_accepted_ensemble_tag_pending_step06_validation
VH_3_MFA_BA,VH,MFA_BA,VH_3_MFA_BA__hybrid_optuna_022,low_recruitment_local_storage,M_tot,1.0,STRICTLY_LOCAL,4.73402272427396e-68,3.9900484844335097e-75,0.1053120920154293,0.45280489783493166,provisional_accepted_ensemble_tag_pending_step06_validation
VH_3_MFA_BA,VH,MFA_BA,VH_3_MFA_BA__hybrid_optuna_023,low_recruitment_local_storage,M_tot,1.0,STRICTLY_LOCAL,8.227969165353923e-139,0.0,0.009611122094143281,0.4913863151145193,provisional_accepted_ensemble_tag_pending_step06_validation
VH_3_MFA_BA,VH,MFA_BA,VH_3_MFA_BA__hybrid_optuna_024,low_recruitment_local_storage,M_tot,1.0,STRICTLY_LOCAL,1.7201310847744196e-05,0.0,0.0060851840112403355,0.49707017970602,provisional_accepted_ensemble_tag_pending_step06_validation
VH_3_MFA_BA,VH,MFA_BA,VH_3_MFA_BA__hybrid_optuna_025,low_recruitment_local_storage,M_tot,1.0,STRICTLY_LOCAL,9.859676418216144e-305,0.0,0.1519673120544749,0.42134402960630907,provisional_accepted_ensemble_tag_pending_step06_validation
VH_3_MFA_BA,VH,MFA_BA,VH_3_MFA_BA__hybrid_optuna_026,low_recruitment_local_storage,M_tot,1.0,STRICTLY_LOCAL,9.84824883681335e-305,1.4341287180178e-310,0.18238946120652744,0.41533149618857385,provisional_accepted_ensemble_tag_pending_step06_validation
VH_3_MFA_BA,VH,MFA_BA,VH_3_MFA_BA__hybrid_optuna_027,low_recruitment_local_storage,M_tot,1.0,STRICTLY_LOCAL,9.235929027108931e-296,0.0,0.14417978808344203,0.43019338823776354,provisional_accepted_ensemble_tag_pending_step06_validation
VH_3_MFA_BA,VH,MFA_BA,VH_3_MFA_BA__hybrid_optuna_028,mixed_local_spatial_buffering,M_tot,1.0,STRICTLY_LOCAL,0.3287196150686786,0.0,0.04583423240374978,0.4762604113827791,provisional_accepted_ensemble_tag_pending_step06_validation
VH_3_MFA_BA,VH,MFA_BA,VH_3_MFA_BA__hybrid_optuna_029,mixed_local_spatial_buffering,M_tot,1.0,STRICTLY_LOCAL,0.16387282055449803,0.0,0.06171844413946475,0.46062162676731155,provisional_accepted_ensemble_tag_pending_step06_validation
VH_3_MFA_BA,VH,MFA_BA,VH_3_MFA_BA__hybrid_optuna_030,available_surface_voltage_coupled_but_ionic_recruitment_low,M_tot,1.0,MIXED_LOCAL,9.85967649885986e-305,4.921890762742183e-307,0.44415462731838945,0.25075554347068457,provisional_accepted_ensemble_tag_pending_step06_validation
VH_3_MFA_BA,VH,MFA_BA,VH_3_MFA_BA__hybrid_optuna_031,low_recruitment_local_storage,M_tot,1.0,STRICTLY_LOCAL,2.3415035772030242e-56,0.0,0.12052647891402049,0.4390045394916329,provisional_accepted_ensemble_tag_pending_step06_validation
VH_3_MFA_BA,VH,MFA_BA,VH_3_MFA_BA__hybrid_optuna_032,low_recruitment_local_storage,M_tot,1.0,STRICTLY_LOCAL,9.859652518363728e-305,0.0,0.14133704719287743,0.43325142342830425,provisional_accepted_ensemble_tag_pending_step06_validation
VH_3_MFA_BA,VH,MFA_BA,VH_3_MFA_BA__hybrid_optuna_033,low_recruitment_local_storage,M_tot,1.0,STRICTLY_LOCAL,9.859633881456977e-305,0.0,0.04062381481721051,0.5152566976499685,provisional_accepted_ensemble_tag_pending_step06_validation
VH_3_MFA_BA,VH,MFA_BA,VH_3_MFA_BA__hybrid_optuna_034,low_recruitment_local_storage,M_tot,1.0,STRICTLY_LOCAL,1.149861766743039e-242,0.0,0.016265516280135065,0.49669353782574577,provisional_accepted_ensemble_tag_pending_step06_validation
VH_3_MFA_BA,VH,MFA_BA,VH_3_MFA_BA__hybrid_optuna_035,mixed_local_spatial_buffering,M_tot,1.0,STRICTLY_LOCAL,0.12003293395383113,0.0,0.1052963860739637,0.42524630251747836,provisional_accepted_ensemble_tag_pending_step06_validation
VH_3_MFA_BA,VH,MFA_BA,VH_3_MFA_BA__hybrid_optuna_036,mixed_local_spatial_buffering,M_tot,1.0,STRICTLY_LOCAL,0.3845129144144768,0.0,0.012752312616058215,0.49752574862570653,provisional_accepted_ensemble_tag_pending_step06_validation
VH_3_MFA_BA,VH,MFA_BA,VH_3_MFA_BA__hybrid_optuna_037,low_recruitment_local_storage,M_tot,1.0,STRICTLY_LOCAL,9.859676543751976e-305,0.0,0.09733880896353075,0.4298093940755325,provisional_accepted_ensemble_tag_pending_step06_validation
VH_3_MFA_BA,VH,MFA_BA,VH_3_MFA_BA__hybrid_optuna_038,low_recruitment_local_storage,M_tot,1.0,STRICTLY_LOCAL,2.244472605429164e-29,0.0,0.00827164714210535,0.4924149890228733,provisional_accepted_ensemble_tag_pending_step06_validation
VH_3_MFA_BA,VH,MFA_BA,VH_3_MFA_BA__hybrid_optuna_039,low_recruitment_local_storage,M_tot,1.0,STRICTLY_LOCAL,1.5442003583676638e-175,0.0,0.04649561658706486,0.4707205668873873,provisional_accepted_ensemble_tag_pending_step06_validation
VH_3_MFA_BA,VH,MFA_BA,VH_3_MFA_BA__hybrid_optuna_040,low_recruitment_local_storage,M_tot,1.0,STRICTLY_LOCAL,1.689001798345266e-187,0.0,0.019042161592554365,0.48485247937504444,provisional_accepted_ensemble_tag_pending_step06_validation
VH_3_MFA_BA,VH,MFA_BA,VH_3_MFA_BA__hybrid_optuna_041,available_surface_voltage_coupled_but_ionic_recruitment_low,M_tot,1.0,BALANCED_OR_WEAK,2.7637463791287757e-114,9.461156720589823e-115,0.4997260919333417,0.4246210996779208,provisional_accepted_ensemble_tag_pending_step06_validation
VH_3_MFA_BA,VH,MFA_BA,VH_3_MFA_BA__hybrid_optuna_042,low_recruitment_local_storage,M_tot,1.0,STRICTLY_LOCAL,5.074637375262762e-43,0.0,0.095234414459145,0.44469572698300525,provisional_accepted_ensemble_tag_pending_step06_validation
VH_3_MFA_BA,VH,MFA_BA,VH_3_MFA_BA__hybrid_optuna_043,low_recruitment_local_storage,M_tot,1.0,STRICTLY_LOCAL,4.826949993599223e-72,0.0,0.00993071003688019,0.5061464468924403,provisional_accepted_ensemble_tag_pending_step06_validation
VH_3_MFA_BA,VH,MFA_BA,VH_3_MFA_BA__hybrid_optuna_044,mixed_local_spatial_buffering,M_tot,1.0,BALANCED_OR_WEAK,0.40879428662306566,0.10311857806235847,0.5002028794960109,0.49965929458331787,provisional_accepted_ensemble_tag_pending_step06_validation
VH_3_MFA_BA,VH,MFA_BA,VH_3_MFA_BA__hybrid_optuna_045,low_recruitment_local_storage,M_tot,1.0,STRICTLY_LOCAL,9.859676338194921e-305,0.0,0.05649387565218774,0.45649518712133424,provisional_accepted_ensemble_tag_pending_step06_validation
VH_3_MFA_BA,VH,MFA_BA,VH_3_MFA_BA__hybrid_optuna_046,mixed_local_spatial_buffering,M_tot,1.0,STRICTLY_LOCAL,0.47321169726001094,0.0,0.00018427526799930105,0.5093931452290862,provisional_accepted_ensemble_tag_pending_step06_validation
VH_3_MFA_BA,VH,MFA_BA,VH_3_MFA_BA__hybrid_optuna_047,mixed_local_spatial_buffering,M_tot,1.0,STRICTLY_LOCAL,0.47245105775567775,0.0,0.00016796670764874727,0.5073620548794681,provisional_accepted_ensemble_tag_pending_step06_validation
VH_3_MFA_BA,VH,MFA_BA,VH_3_MFA_BA__hybrid_optuna_048,mixed_local_spatial_buffering,M_tot,1.0,STRICTLY_LOCAL,0.4594987009669773,0.0,0.0006509534703185075,0.5123109378282918,provisional_accepted_ensemble_tag_pending_step06_validation
VH_3_MFA_BA,VH,MFA_BA,VH_3_MFA_BA__hybrid_optuna_049,mixed_local_spatial_buffering,M_tot,1.0,STRICTLY_LOCAL,0.46707029380934656,0.0,0.0003444281889975137,0.5176540805531916,provisional_accepted_ensemble_tag_pending_step06_validation
VH_3_MFA_BA,VH,MFA_BA,VH_3_MFA_BA__hybrid_optuna_050,low_recruitment_local_storage,M_tot,1.0,STRICTLY_LOCAL,7.355361270711338e-163,0.0,0.014599028756971597,0.48600369926482995,provisional_accepted_ensemble_tag_pending_step06_validation
VH_3_MFA_BA,VH,MFA_BA,VH_3_MFA_BA__hybrid_optuna_051,low_recruitment_local_storage,M_tot,1.0,STRICTLY_LOCAL,2.7126805696788808e-92,0.0,0.005353491369690953,0.5043030226220364,provisional_accepted_ensemble_tag_pending_step06_validation
VH_3_MFA_BA,VH,MFA_BA,VH_3_MFA_BA__hybrid_optuna_052,low_recruitment_local_storage,M_tot,1.0,STRICTLY_LOCAL,0.013419999499392299,0.0,0.12144700093974964,0.4094176921146202,provisional_accepted_ensemble_tag_pending_step06_validation
VH_3_MFA_BA,VH,MFA_BA,VH_3_MFA_BA__hybrid_optuna_053,available_surface_voltage_coupled_but_ionic_recruitment_low,M_tot,1.0,MIXED_LOCAL,2.5987235540763646e-31,2.0907417063845398e-32,0.4834701494051936,0.1680485613583905,provisional_accepted_ensemble_tag_pending_step06_validation
VH_3_MFA_BA,VH,MFA_BA,VH_3_MFA_BA__hybrid_optuna_054,mixed_local_spatial_buffering,M_tot,1.0,STRICTLY_LOCAL,0.4455192718137008,0.001541779852543903,0.14090217600978527,0.39452292310068304,provisional_accepted_ensemble_tag_pending_step06_validation
VH_3_MFA_BA,VH,MFA_BA,VH_3_MFA_BA__hybrid_optuna_055,low_recruitment_local_storage,M_tot,1.0,STRICTLY_LOCAL,9.859675610565484e-305,0.0,0.04059111075083456,0.5408715815184687,provisional_accepted_ensemble_tag_pending_step06_validation
VH_3_MFA_BA,VH,MFA_BA,VH_3_MFA_BA__hybrid_optuna_056,low_recruitment_local_storage,M_tot,1.0,STRICTLY_LOCAL,9.859659165608706e-305,0.0,0.01239814072130517,0.4877323440584449,provisional_accepted_ensemble_tag_pending_step06_validation
VH_3_MFA_BA,VH,MFA_BA,VH_3_MFA_BA__hybrid_optuna_057,low_recruitment_local_storage,M_tot,1.0,STRICTLY_LOCAL,9.859676512240649e-305,0.0,0.24933714253339967,0.3369106387140756,provisional_accepted_ensemble_tag_pending_step06_validation
VH_3_MFA_BA,VH,MFA_BA,VH_3_MFA_BA__hybrid_optuna_058,low_recruitment_local_storage,M_tot,1.0,STRICTLY_LOCAL,9.85948071679523e-305,0.0,0.1556256442633525,0.4060420375249561,provisional_accepted_ensemble_tag_pending_step06_validation
VH_3_MFA_BA,VH,MFA_BA,VH_3_MFA_BA__hybrid_optuna_059,low_recruitment_local_storage,M_tot,1.0,STRICTLY_LOCAL,1.2404098082208842e-132,1.8269522989620812e-135,0.24178080867373863,0.40756647179518096,provisional_accepted_ensemble_tag_pending_step06_validation
VH_3_MFA_BA,VH,MFA_BA,VH_3_MFA_BA__hybrid_optuna_060,low_recruitment_local_storage,M_tot,1.0,BALANCED_OR_WEAK,2.0768534581507588e-102,2.1451956749609515e-100,0.3500758386470581,0.3165898689738498,provisional_accepted_ensemble_tag_pending_step06_validation
VH_3_MFA_BA,VH,MFA_BA,VH_3_MFA_BA__hybrid_optuna_061,low_recruitment_local_storage,M_tot,1.0,STRICTLY_LOCAL,2.8940261724390482e-239,1.1817455970944654e-242,0.20697712643656233,0.5106114792501292,provisional_accepted_ensemble_tag_pending_step06_validation
VH_3_MFA_BA,VH,MFA_BA,VH_3_MFA_BA__hybrid_optuna_062,available_surface_voltage_coupled_but_ionic_recruitment_low,M_tot,1.0,MIXED_LOCAL,9.859676098234736e-305,9.682701256008806e-306,0.4992291107837161,0.39134220039929435,provisional_accepted_ensemble_tag_pending_step06_validation
VH_3_MFA_BA,VH,MFA_BA,VH_3_MFA_BA__hybrid_optuna_063,available_surface_voltage_coupled_but_ionic_recruitment_low,M_tot,1.0,BALANCED_OR_WEAK,0.0007193958101445139,7.345826693126942e-05,0.4993398802286341,0.42453067268249983,provisional_accepted_ensemble_tag_pending_step06_validation
VH_3_MFA_BA,VH,MFA_BA,VH_3_MFA_BA__hybrid_optuna_064,low_recruitment_local_storage,M_tot,1.0,STRICTLY_LOCAL,9.944331573518822e-11,0.0,0.1693109318949191,0.36566460029066145,provisional_accepted_ensemble_tag_pending_step06_validation
VH_3_MFA_BA,VH,MFA_BA,VH_3_MFA_BA__hybrid_optuna_065,available_surface_voltage_coupled_but_ionic_recruitment_low,M_tot,1.0,MIXED_LOCAL,9.858169231421077e-305,2.48441696417321e-307,0.4952397973588687,0.3682946624850408,provisional_accepted_ensemble_tag_pending_step06_validation
VH_3_MFA_BA,VH,MFA_BA,VH_3_MFA_BA__hybrid_optuna_066,available_surface_voltage_coupled_but_ionic_recruitment_low,M_tot,1.0,BALANCED_OR_WEAK,3.020798282441481e-66,3.2656868232340746e-65,0.49889939501514574,0.5005083808347726,provisional_accepted_ensemble_tag_pending_step06_validation
VH_3_MFA_BA,VH,MFA_BA,VH_3_MFA_BA__hybrid_optuna_067,low_recruitment_local_storage,M_tot,1.0,STRICTLY_LOCAL,4.3362696732926503e-203,0.0,0.001486766013383949,0.4973890842456838,provisional_accepted_ensemble_tag_pending_step06_validation
VH_3_MFA_BA,VH,MFA_BA,VH_3_MFA_BA__hybrid_optuna_068,low_recruitment_local_storage,M_tot,1.0,STRICTLY_LOCAL,2.6667288120253622e-36,0.0,0.09932418970885575,0.3994375058047961,provisional_accepted_ensemble_tag_pending_step06_validation
VH_3_MFA_BA,VH,MFA_BA,VH_3_MFA_BA__hybrid_optuna_069,available_surface_voltage_coupled_but_ionic_recruitment_low,M_tot,1.0,BALANCED_OR_WEAK,9.859637659489453e-305,5.4890473944694225e-306,0.4587506131468008,0.4311999547861209,provisional_accepted_ensemble_tag_pending_step06_validation
VH_3_MFA_BA,VH,MFA_BA,VH_3_MFA_BA__hybrid_optuna_070,low_recruitment_local_storage,M_tot,1.0,STRICTLY_LOCAL,9.859676543752315e-305,0.0,0.10470828980183694,0.4232639618417162,provisional_accepted_ensemble_tag_pending_step06_validation
VH_3_MFA_BA,VH,MFA_BA,VH_3_MFA_BA__hybrid_optuna_071,low_recruitment_local_storage,M_tot,1.0,STRICTLY_LOCAL,1.319639079586345e-79,9.609137251481127e-82,0.20102960951612756,0.4290058882840419,provisional_accepted_ensemble_tag_pending_step06_validation
VH_3_MFA_BA,VH,MFA_BA,VH_3_MFA_BA__hybrid_optuna_072,low_recruitment_local_storage,M_tot,1.0,STRICTLY_LOCAL,9.859676364659559e-305,0.0,0.0031629201554708567,0.49913327389666334,provisional_accepted_ensemble_tag_pending_step06_validation
VH_3_MFA_BA,VH,MFA_BA,VH_3_MFA_BA__hybrid_optuna_073,recruited_surface_gap_assisted_buffering,M_tot,1.0,BALANCED_OR_WEAK,0.7529118602256761,0.4988485042851543,0.49926919477476533,0.5005594269765355,provisional_accepted_ensemble_tag_pending_step06_validation
VH_3_MFA_BA,VH,MFA_BA,VH_3_MFA_BA__hybrid_optuna_074,available_surface_voltage_coupled_but_ionic_recruitment_low,M_tot,1.0,BALANCED_OR_WEAK,9.859676076193242e-305,2.4332730831512906e-304,0.460635625106605,0.5392900385669842,provisional_accepted_ensemble_tag_pending_step06_validation
VH_3_MFA_BA,VH,MFA_BA,VH_3_MFA_BA__hybrid_optuna_075,low_recruitment_local_storage,M_tot,1.0,BALANCED_OR_WEAK,9.859676543749926e-305,2.7807174274841037e-302,0.30525938201038544,0.28724853284913043,provisional_accepted_ensemble_tag_pending_step06_validation
VH_3_MFA_BA,VH,MFA_BA,VH_3_MFA_BA__hybrid_optuna_076,available_surface_voltage_coupled_but_ionic_recruitment_low,M_tot,1.0,MIXED_LOCAL,0.0594125849356115,0.018143238450829848,0.5036614678352305,0.40167993899380056,provisional_accepted_ensemble_tag_pending_step06_validation
VH_3_MFA_BA,VH,MFA_BA,VH_3_MFA_BA__hybrid_optuna_077,kir_dominant_local_buffering,M_tot,1.0,STRICTLY_LOCAL,1.7774906022034683e-37,3.700513445987194e-38,0.3288001016985837,0.6632218229881801,provisional_accepted_ensemble_tag_pending_step06_validation
VH_3_MFA_BA,VH,MFA_BA,VH_3_MFA_BA__hybrid_optuna_078,available_surface_voltage_coupled_but_ionic_recruitment_low,M_tot,0.8333333333333334,BALANCED_OR_WEAK,9.85967649250139e-305,5.533142167105504e-305,0.40917055146428777,0.38771845946329425,provisional_accepted_ensemble_tag_pending_step06_validation
VH_3_MFA_BA,VH,MFA_BA,VH_3_MFA_BA__hybrid_optuna_079,available_surface_voltage_coupled_but_ionic_recruitment_low,M_tot,1.0,BALANCED_OR_WEAK,1.6161387832523223e-06,0.061951293585286726,0.5033508879113031,0.4965951989129474,provisional_accepted_ensemble_tag_pending_step06_validation
VH_3_MFA_BA,VH,MFA_BA,VH_3_MFA_BA__hybrid_optuna_080,available_surface_voltage_coupled_but_ionic_recruitment_low,M_tot,1.0,BALANCED_OR_WEAK,2.7536014563497156e-46,5.524042900206315e-43,0.431723622608827,0.40258321067815167,provisional_accepted_ensemble_tag_pending_step06_validation
VH_3_MFA_BA,VH,MFA_BA,VH_3_MFA_BA__hybrid_optuna_081,available_surface_voltage_coupled_but_ionic_recruitment_low,M_tot,1.0,MIXED_LOCAL,2.791709894767567e-181,1.3960633613175026e-180,0.5998047608565106,0.0011957747964577439,provisional_accepted_ensemble_tag_pending_step06_validation
VH_3_MFA_BA,VH,MFA_BA,VH_3_MFA_BA__hybrid_optuna_082,low_recruitment_local_storage,M_tot,0.5,MIXED_LOCAL,9.859675663706206e-305,1.1829217170411002e-306,0.39667713289348416,0.3202789252648943,provisional_accepted_ensemble_tag_pending_step06_validation
VH_3_MFA_BA,VH,MFA_BA,VH_3_MFA_BA__hybrid_optuna_083,available_surface_voltage_coupled_but_ionic_recruitment_low,M_tot,1.0,BALANCED_OR_WEAK,1.0351727177558524e-81,9.893941499251146e-83,0.4885790490448882,0.5113077042722511,provisional_accepted_ensemble_tag_pending_step06_validation
VH_3_MFA_BA,VH,MFA_BA,VH_3_MFA_BA__hybrid_optuna_084,mixed_local_spatial_buffering,M_tot,1.0,STRICTLY_LOCAL,0.32448479291037274,0.0,0.012179942502831803,0.5159508830280796,provisional_accepted_ensemble_tag_pending_step06_validation
VH_3_MFA_BA,VH,MFA_BA,VH_3_MFA_BA__hybrid_optuna_085,low_recruitment_local_storage,M_tot,1.0,STRICTLY_LOCAL,2.0000234254174127e-286,0.0,0.01714827279552515,0.44040744213318117,provisional_accepted_ensemble_tag_pending_step06_validation
VH_3_MFA_BA,VH,MFA_BA,VH_3_MFA_BA__hybrid_optuna_086,available_surface_voltage_coupled_but_ionic_recruitment_low,M_tot,1.0,STRICTLY_LOCAL,8.30571927848209e-11,2.5206152387739275e-12,0.44186884438938107,0.5543971896521667,provisional_accepted_ensemble_tag_pending_step06_validation
VH_3_MFA_BA,VH,MFA_BA,VH_3_MFA_BA__hybrid_optuna_087,recruited_surface_gap_assisted_buffering,M_tot,1.0,BALANCED_OR_WEAK,0.975406701464745,0.49934624229058205,0.5004129425220679,0.4987320899537447,provisional_accepted_ensemble_tag_pending_step06_validation
VH_3_MFA_BA,VH,MFA_BA,VH_3_MFA_BA__hybrid_optuna_088,recruited_surface_gap_assisted_buffering,M_tot,1.0,BALANCED_OR_WEAK,0.9658880144882215,0.49876870337344675,0.49979706406652685,0.49967241310752536,provisional_accepted_ensemble_tag_pending_step06_validation
VH_3_MFA_BA,VH,MFA_BA,VH_3_MFA_BA__hybrid_optuna_089,recruited_surface_gap_assisted_buffering,M_tot,1.0,BALANCED_OR_WEAK,0.9381470755954164,0.4991423895289802,0.5002153258512448,0.49924576685479005,provisional_accepted_ensemble_tag_pending_step06_validation
VH_3_MFA_BA,VH,MFA_BA,VH_3_MFA_BA__hybrid_optuna_090,available_surface_voltage_coupled_but_ionic_recruitment_low,M_tot,1.0,MIXED_LOCAL,9.859676535823517e-305,9.131849918808636e-306,0.408672653402977,0.26864718578843205,provisional_accepted_ensemble_tag_pending_step06_validation
VH_3_MFA_BA,VH,MFA_BA,VH_3_MFA_BA__hybrid_optuna_091,recruited_surface_gap_assisted_buffering,M_tot,1.0,BALANCED_OR_WEAK,0.9583873129478603,0.49898767420837303,0.5003048216894062,0.4986703723540102,provisional_accepted_ensemble_tag_pending_step06_validation
VH_3_MFA_BA,VH,MFA_BA,VH_3_MFA_BA__hybrid_optuna_092,recruited_surface_gap_assisted_buffering,M_tot,1.0,BALANCED_OR_WEAK,0.9365202252510478,0.4989689548349289,0.5006893099135407,0.49842462120849135,provisional_accepted_ensemble_tag_pending_step06_validation
VH_3_MFA_BA,VH,MFA_BA,VH_3_MFA_BA__hybrid_optuna_093,recruited_surface_gap_assisted_buffering,M_tot,1.0,BALANCED_OR_WEAK,0.8782379198892326,0.4994929592694068,0.5020402319956863,0.4976611294047131,provisional_accepted_ensemble_tag_pending_step06_validation
VH_3_MFA_BA,VH,MFA_BA,VH_3_MFA_BA__hybrid_optuna_094,recruited_surface_gap_assisted_buffering,M_tot,1.0,BALANCED_OR_WEAK,0.9043195696301646,0.4989398151359609,0.5009929707808062,0.49823162564567675,provisional_accepted_ensemble_tag_pending_step06_validation
VH_3_MFA_BA,VH,MFA_BA,VH_3_MFA_BA__hybrid_optuna_095,low_recruitment_local_storage,M_tot,1.0,BALANCED_OR_WEAK,3.4584548654540437e-22,7.250043745541274e-23,0.32951376473952737,0.3405789848378676,provisional_accepted_ensemble_tag_pending_step06_validation
VH_3_MFA_BA,VH,MFA_BA,VH_3_MFA_BA__hybrid_optuna_096,low_recruitment_local_storage,M_tot,1.0,BALANCED_OR_WEAK,2.301675122108021e-19,2.5886331412944524e-17,0.36021393044876393,0.33614882092223847,provisional_accepted_ensemble_tag_pending_step06_validation
VH_3_MFA_BA,VH,MFA_BA,VH_3_MFA_BA__hybrid_optuna_097,available_surface_voltage_coupled_but_ionic_recruitment_low,M_tot,1.0,BALANCED_OR_WEAK,9.859607155186631e-305,1.0195787501334443e-306,0.49788648274010966,0.4600366203458001,provisional_accepted_ensemble_tag_pending_step06_validation
VH_3_MFA_BA,VH,MFA_BA,VH_3_MFA_BA__hybrid_optuna_098,available_surface_voltage_coupled_but_ionic_recruitment_low,M_tot,1.0,MIXED_LOCAL,4.273209718268112e-24,4.0493550917310336e-24,0.492778795740541,0.12450666973106474,provisional_accepted_ensemble_tag_pending_step06_validation
VH_3_MFA_BA,VH,MFA_BA,VH_3_MFA_BA__hybrid_post_001,low_recruitment_local_storage,M_tot,1.0,STRICTLY_LOCAL,9.85967654363388e-305,0.0,0.0919002871760619,0.440769932068723,provisional_accepted_ensemble_tag_pending_step06_validation
VH_3_MFA_BA,VH,MFA_BA,VH_3_MFA_BA__hybrid_post_002,low_recruitment_local_storage,M_tot,1.0,STRICTLY_LOCAL,0.01097312594819646,0.0,0.18438533534808946,0.39345935754204237,provisional_accepted_ensemble_tag_pending_step06_validation
VH_3_MFA_BA,VH,MFA_BA,VH_3_MFA_BA__hybrid_post_003,low_recruitment_local_storage,M_tot,1.0,STRICTLY_LOCAL,5.334925222739401e-244,0.0,0.018306853658202293,0.48741616515969866,provisional_accepted_ensemble_tag_pending_step06_validation
VH_3_MFA_BA,VH,MFA_BA,VH_3_MFA_BA__hybrid_pre_01,recruited_surface_gap_assisted_buffering,M_tot,1.0,BALANCED_OR_WEAK,0.9365202252510478,0.4989689548349289,0.5006893099135407,0.49842462120849135,provisional_accepted_ensemble_tag_pending_step06_validation
VH_3_MFA_BA,VH,MFA_BA,VH_3_MFA_BA__hybrid_pre_02,recruited_surface_gap_assisted_buffering,M_tot,1.0,BALANCED_OR_WEAK,0.9583873129478603,0.49898767420837303,0.5003048216894062,0.4986703723540102,provisional_accepted_ensemble_tag_pending_step06_validation
VH_3_MFA_BA,VH,MFA_BA,VH_3_MFA_BA__hybrid_pre_03,recruited_surface_gap_assisted_buffering,M_tot,1.0,BALANCED_OR_WEAK,0.9043195696301646,0.4989398151359609,0.5009929707808062,0.49823162564567675,provisional_accepted_ensemble_tag_pending_step06_validation
VH_3_MFA_BA,VH,MFA_BA,VH_3_MFA_BA__hybrid_pre_04,recruited_surface_gap_assisted_buffering,M_tot,1.0,BALANCED_OR_WEAK,0.9381470755954164,0.4991423895289802,0.5002153258512448,0.49924576685479005,provisional_accepted_ensemble_tag_pending_step06_validation
VH_3_MFA_BA,VH,MFA_BA,VH_3_MFA_BA__hybrid_pre_05,recruited_surface_gap_assisted_buffering,M_tot,1.0,BALANCED_OR_WEAK,0.9658880144882215,0.49876870337344675,0.49979706406652685,0.49967241310752536,provisional_accepted_ensemble_tag_pending_step06_validation
VH_3_MFA_BA,VH,MFA_BA,VH_3_MFA_BA__hybrid_pre_06,recruited_surface_gap_assisted_buffering,M_tot,1.0,BALANCED_OR_WEAK,0.975406701464745,0.49934624229058205,0.5004129425220679,0.4987320899537447,provisional_accepted_ensemble_tag_pending_step06_validation
VH_3_MFA_BA,VH,MFA_BA,VH_3_MFA_BA__hybrid_pre_07,recruited_surface_gap_assisted_buffering,M_tot,1.0,BALANCED_OR_WEAK,0.8782379198892326,0.4994929592694068,0.5020402319956863,0.4976611294047131,provisional_accepted_ensemble_tag_pending_step06_validation
VH_3_MFA_BA,VH,MFA_BA,VH_3_MFA_BA__hybrid_pre_08,recruited_surface_gap_assisted_buffering,M_tot,1.0,BALANCED_OR_WEAK,0.7529118602256761,0.4988485042851543,0.49926919477476533,0.5005594269765355,provisional_accepted_ensemble_tag_pending_step06_validation
VH_4_MFA,VH,MFA,VH_4_MFA__hybrid_optuna_279,kir_dominant_local_buffering,M_tot,0.8333333333333334,STRICTLY_LOCAL,0.002867229196465782,2.959438708551097e-07,0.16230154248654444,0.6618807818976299,provisional_accepted_ensemble_tag_pending_step06_validation
VH_4_MFA,VH,MFA,VH_4_MFA__hybrid_optuna_282,available_surface_voltage_coupled_but_ionic_recruitment_low,M_tot,1.0,BALANCED_OR_WEAK,9.859676535318498e-305,1.9748171722900316e-306,0.4983494389087411,0.5013894365516894,provisional_accepted_ensemble_tag_pending_step06_validation
VH_4_MFA,VH,MFA,VH_4_MFA__hybrid_optuna_284,available_surface_voltage_coupled_but_ionic_recruitment_low,M_tot,1.0,BALANCED_OR_WEAK,5.137231497172988e-76,4.0256577731304864e-77,0.47630966908637934,0.5097073032255964,provisional_accepted_ensemble_tag_pending_step06_validation
VH_4_MFA_BA,VH,MFA_BA,VH_4_MFA_BA__hybrid_optuna_001,kir_dominant_local_buffering,M_tot,1.0,STRICTLY_LOCAL,9.859676537628617e-305,2.6161877566090186e-307,0.26324468223149194,0.6848634498731628,provisional_accepted_ensemble_tag_pending_step06_validation
VH_4_MFA_BA,VH,MFA_BA,VH_4_MFA_BA__hybrid_optuna_002,recruited_surface_gap_assisted_buffering,M_tot,0.8333333333333334,BALANCED_OR_WEAK,0.6480056500874977,0.32707216391490307,0.44133603239750646,0.4215787279946215,provisional_accepted_ensemble_tag_pending_step06_validation
VH_4_MFA_BA,VH,MFA_BA,VH_4_MFA_BA__hybrid_optuna_003,recruited_surface_gap_assisted_buffering,M_tot,1.0,BALANCED_OR_WEAK,0.9155939215935772,0.15735362960452456,0.4569607083058309,0.42857577125435403,provisional_accepted_ensemble_tag_pending_step06_validation
VH_4_MFA_BA,VH,MFA_BA,VH_4_MFA_BA__hybrid_optuna_004,mixed_local_spatial_buffering,M_tot,0.8333333333333334,STRICTLY_LOCAL,0.6757920470816373,0.0015959837671270932,0.20846474842446347,0.7678186653379012,provisional_accepted_ensemble_tag_pending_step06_validation
VH_4_MFA_BA,VH,MFA_BA,VH_4_MFA_BA__hybrid_optuna_005,recruited_surface_gap_assisted_buffering,M_tot,1.0,STRICTLY_LOCAL,0.8571814546608282,0.06408750539751716,0.37422356190522593,0.6159295586619905,provisional_accepted_ensemble_tag_pending_step06_validation
VH_4_MFA_BA,VH,MFA_BA,VH_4_MFA_BA__hybrid_optuna_006,recruited_surface_gap_assisted_buffering,M_tot,1.0,MIXED_LOCAL,0.8492982150322664,0.02091324225389507,0.7164912713329619,0.23423618668123244,provisional_accepted_ensemble_tag_pending_step06_validation
VH_4_MFA_BA,VH,MFA_BA,VH_4_MFA_BA__hybrid_optuna_007,recruited_surface_gap_assisted_buffering,M_tot,1.0,BALANCED_OR_WEAK,0.803651841440252,0.3713284945404387,0.43976853516914044,0.3797328172083622,provisional_accepted_ensemble_tag_pending_step06_validation
VH_4_MFA_BA,VH,MFA_BA,VH_4_MFA_BA__hybrid_optuna_008,recruited_surface_gap_assisted_buffering,M_tot,1.0,STRICTLY_LOCAL,0.8805110141643726,0.005865652636579197,0.34809091473362286,0.5580548193105501,provisional_accepted_ensemble_tag_pending_step06_validation
VH_4_MFA_BA,VH,MFA_BA,VH_4_MFA_BA__hybrid_optuna_009,recruited_surface_gap_assisted_buffering,M_tot,1.0,MIXED_LOCAL,0.8353404888388322,0.16764750728659325,0.5867678824221948,0.4085003590810709,provisional_accepted_ensemble_tag_pending_step06_validation
VH_4_MFA_BA,VH,MFA_BA,VH_4_MFA_BA__hybrid_optuna_010,mixed_local_spatial_buffering,M_tot,0.8333333333333334,STRICTLY_LOCAL,0.8139276773776266,0.01102918581989837,0.28568453892806434,0.6737319838956988,provisional_accepted_ensemble_tag_pending_step06_validation
VH_4_MFA_BA,VH,MFA_BA,VH_4_MFA_BA__hybrid_optuna_011,recruited_surface_gap_assisted_buffering,M_tot,0.8333333333333334,STRICTLY_LOCAL,0.838398305295016,0.011790703724392337,0.3574845222910414,0.6391058779778759,provisional_accepted_ensemble_tag_pending_step06_validation
VH_4_MFA_BA,VH,MFA_BA,VH_4_MFA_BA__hybrid_optuna_012,low_recruitment_local_storage,M_tot,1.0,STRICTLY_LOCAL,1.5767353898014408e-67,1.8039883654591293e-69,0.2956503836743754,0.5446540807967756,provisional_accepted_ensemble_tag_pending_step06_validation
VH_4_MFA_BA,VH,MFA_BA,VH_4_MFA_BA__hybrid_optuna_013,recruited_surface_gap_assisted_buffering,M_tot,1.0,MIXED_LOCAL,0.8649684013573241,0.03542982406081093,0.6455790476080717,0.2962196294777694,provisional_accepted_ensemble_tag_pending_step06_validation
VH_4_MFA_BA,VH,MFA_BA,VH_4_MFA_BA__hybrid_optuna_014,mixed_local_spatial_buffering,M_tot,1.0,STRICTLY_LOCAL,0.7448779628343596,0.0007513123191791139,0.24424029033748298,0.7004300617153271,provisional_accepted_ensemble_tag_pending_step06_validation
VH_4_MFA_BA,VH,MFA_BA,VH_4_MFA_BA__hybrid_optuna_015,kir_dominant_local_buffering,M_tot,1.0,STRICTLY_LOCAL,9.85967654342408e-305,2.138502603285771e-306,0.24321294342329092,0.7252497061149595,provisional_accepted_ensemble_tag_pending_step06_validation
VH_4_MFA_BA,VH,MFA_BA,VH_4_MFA_BA__hybrid_optuna_016,recruited_surface_gap_assisted_buffering,M_tot,1.0,STRICTLY_LOCAL,0.8579759445048417,0.004761316921299149,0.354402111569692,0.5306361177320786,provisional_accepted_ensemble_tag_pending_step06_validation
VH_4_MFA_BA,VH,MFA_BA,VH_4_MFA_BA__hybrid_optuna_017,recruited_surface_gap_assisted_buffering,M_tot,1.0,MIXED_LOCAL,0.8138055342925163,0.060974021938818575,0.4649151828400169,0.37211207379974326,provisional_accepted_ensemble_tag_pending_step06_validation
VH_4_MFA_BA,VH,MFA_BA,VH_4_MFA_BA__hybrid_optuna_018,mixed_local_spatial_buffering,M_tot,0.6666666666666666,STRICTLY_LOCAL,0.6614229336268572,0.005280948125618028,0.2769354893529838,0.7055954456036634,provisional_accepted_ensemble_tag_pending_step06_validation
VH_4_MFA_BA,VH,MFA_BA,VH_4_MFA_BA__hybrid_optuna_019,recruited_surface_gap_assisted_buffering,M_tot,1.0,BALANCED_OR_WEAK,0.8665366177426655,0.08730583465528453,0.47790976519742867,0.49119339137826956,provisional_accepted_ensemble_tag_pending_step06_validation
VH_4_MFA_BA,VH,MFA_BA,VH_4_MFA_BA__hybrid_optuna_020,mixed_local_spatial_buffering,M_tot,1.0,STRICTLY_LOCAL,0.7021319292170459,0.005925109427375597,0.27406427308481746,0.5595233474276878,provisional_accepted_ensemble_tag_pending_step06_validation
VH_4_MFA_BA,VH,MFA_BA,VH_4_MFA_BA__hybrid_optuna_021,available_surface_voltage_coupled_but_ionic_recruitment_low,M_tot,0.8,BALANCED_OR_WEAK,0.22703459939065765,0.00014440194388171563,0.45710492963529337,0.5380722024813683,provisional_accepted_ensemble_tag_pending_step06_validation
VH_4_MFA_BA,VH,MFA_BA,VH_4_MFA_BA__hybrid_optuna_022,recruited_surface_gap_assisted_buffering,M_tot,1.0,MIXED_LOCAL,0.9668616707149083,0.010564663379022654,0.4545508957183972,0.3421552368554089,provisional_accepted_ensemble_tag_pending_step06_validation
VH_4_MFA_BA,VH,MFA_BA,VH_4_MFA_BA__hybrid_optuna_023,recruited_surface_gap_assisted_buffering,M_tot,1.0,MIXED_LOCAL,0.9351377251059464,0.01227561459493822,0.44170622993505076,0.2609109694251828,provisional_accepted_ensemble_tag_pending_step06_validation
VH_4_MFA_BA,VH,MFA_BA,VH_4_MFA_BA__hybrid_optuna_024,recruited_surface_gap_assisted_buffering,M_tot,1.0,BALANCED_OR_WEAK,0.7509298090951365,0.03426731600170616,0.4981757059582988,0.5002654484321498,provisional_accepted_ensemble_tag_pending_step06_validation
VH_4_MFA_BA,VH,MFA_BA,VH_4_MFA_BA__hybrid_optuna_025,recruited_surface_gap_assisted_buffering,M_tot,1.0,BALANCED_OR_WEAK,0.8989651731736542,0.040077846925908926,0.4892669736698028,0.48410528846734396,provisional_accepted_ensemble_tag_pending_step06_validation
VH_4_MFA_BA,VH,MFA_BA,VH_4_MFA_BA__hybrid_optuna_026,recruited_surface_gap_assisted_buffering,M_tot,0.8333333333333334,BALANCED_OR_WEAK,0.7745755006684415,0.07853231109736768,0.48254539493341103,0.44708515589148073,provisional_accepted_ensemble_tag_pending_step06_validation
VH_4_MFA_BA,VH,MFA_BA,VH_4_MFA_BA__hybrid_optuna_027,recruited_surface_gap_assisted_buffering,M_tot,0.5,MIXED_LOCAL,0.4331007558093724,0.20276874706952275,0.47150699679995706,0.39283509008938017,provisional_accepted_ensemble_tag_pending_step06_validation
VH_4_MFA_BA,VH,MFA_BA,VH_4_MFA_BA__hybrid_optuna_028,mixed_local_spatial_buffering,M_tot,0.5,MIXED_LOCAL,0.4993118590860664,0.02042150295048078,0.4474928101559934,0.11407100239873562,provisional_accepted_ensemble_tag_pending_step06_validation
VH_4_MFA_BA,VH,MFA_BA,VH_4_MFA_BA__hybrid_optuna_029,recruited_surface_gap_assisted_buffering,M_tot,0.5,MIXED_LOCAL,0.4358961190691981,0.03150501491439722,0.5754905696150947,0.4171592572732383,provisional_accepted_ensemble_tag_pending_step06_validation
VH_4_MFA_BA,VH,MFA_BA,VH_4_MFA_BA__hybrid_optuna_030,recruited_surface_gap_assisted_buffering,M_tot,0.5,MIXED_LOCAL,0.37911620231770343,0.012395720533879613,0.8643011508730329,0.1145448572796644,provisional_accepted_ensemble_tag_pending_step06_validation
VH_4_MFA_BA,VH,MFA_BA,VH_4_MFA_BA__hybrid_optuna_031,available_surface_voltage_coupled_but_ionic_recruitment_low,M_tot,1.0,BALANCED_OR_WEAK,0.08358555116362248,0.4544104382650486,0.4645615894784812,0.5172239063589655,provisional_accepted_ensemble_tag_pending_step06_validation
VH_4_MFA_BA,VH,MFA_BA,VH_4_MFA_BA__hybrid_optuna_034,recruited_surface_gap_assisted_buffering,M_tot,0.6666666666666666,BALANCED_OR_WEAK,0.5175872254531351,0.30048709882346075,0.49539831479975316,0.5045191881817409,provisional_accepted_ensemble_tag_pending_step06_validation
VH_4_MFA_BA,VH,MFA_BA,VH_4_MFA_BA__hybrid_optuna_035,recruited_surface_gap_assisted_buffering,M_tot,0.6666666666666666,BALANCED_OR_WEAK,0.5361468826855118,0.3004716460598744,0.48476808933034965,0.4452954744726452,provisional_accepted_ensemble_tag_pending_step06_validation
VH_4_MFA_BA,VH,MFA_BA,VH_4_MFA_BA__hybrid_optuna_036,mixed_local_spatial_buffering,M_tot,0.5,MIXED_LOCAL,0.49284319935495846,0.22510813689403741,0.4296825942219804,0.22883288892651207,provisional_accepted_ensemble_tag_pending_step06_validation
VH_4_MFA_BA,VH,MFA_BA,VH_4_MFA_BA__hybrid_optuna_037,recruited_surface_gap_assisted_buffering,M_tot,1.0,BALANCED_OR_WEAK,0.8615549036426695,0.027241908890271355,0.4913817721495352,0.4661645129340688,provisional_accepted_ensemble_tag_pending_step06_validation
VH_4_MFA_BA,VH,MFA_BA,VH_4_MFA_BA__hybrid_optuna_038,recruited_surface_gap_assisted_buffering,M_tot,1.0,BALANCED_OR_WEAK,0.8582471857506482,0.003930568084235476,0.49855344929838,0.495268153752041,provisional_accepted_ensemble_tag_pending_step06_validation
VH_4_MFA_BA,VH,MFA_BA,VH_4_MFA_BA__hybrid_optuna_039,mixed_local_spatial_buffering,M_tot,0.6666666666666666,STRICTLY_LOCAL,0.4784125476583349,0.10556157161127776,0.44378687197973216,0.5556507567746464,provisional_accepted_ensemble_tag_pending_step06_validation
VH_4_MFA_BA,VH,MFA_BA,VH_4_MFA_BA__hybrid_optuna_040,recruited_surface_gap_assisted_buffering,M_tot,0.6,STRICTLY_LOCAL,0.6257406963123436,0.008287443755673009,0.30668700321258324,0.6554170378567624,provisional_accepted_ensemble_tag_pending_step06_validation
VH_4_MFA_BA,VH,MFA_BA,VH_4_MFA_BA__hybrid_optuna_041,recruited_surface_gap_assisted_buffering,M_tot,0.8333333333333334,MIXED_LOCAL,0.7086662776099124,0.019890128295865502,0.5396745617577997,0.3984497251309193,provisional_accepted_ensemble_tag_pending_step06_validation
VH_4_MFA_BA,VH,MFA_BA,VH_4_MFA_BA__hybrid_optuna_042,mixed_local_spatial_buffering,M_tot,1.0,STRICTLY_LOCAL,0.40149009066370933,0.00013059648448337903,0.2304005194806814,0.7660096842368277,provisional_accepted_ensemble_tag_pending_step06_validation
VH_4_MFA_BA,VH,MFA_BA,VH_4_MFA_BA__hybrid_optuna_043,recruited_surface_gap_assisted_buffering,M_tot,1.0,MIXED_LOCAL,0.7949848289485074,0.021343355360071103,0.4909070439014294,0.09101164252346179,provisional_accepted_ensemble_tag_pending_step06_validation
VH_4_MFA_BA,VH,MFA_BA,VH_4_MFA_BA__hybrid_optuna_044,mixed_local_spatial_buffering,M_tot,1.0,STRICTLY_LOCAL,0.44546635638589765,0.0233915507161491,0.3736200196898291,0.6233124975233412,provisional_accepted_ensemble_tag_pending_step06_validation
VH_4_MFA_BA,VH,MFA_BA,VH_4_MFA_BA__hybrid_optuna_045,recruited_surface_gap_assisted_buffering,M_tot,0.8,MIXED_LOCAL,0.717343650715071,0.0007229615998866007,0.7443963799832494,0.23472507893836939,provisional_accepted_ensemble_tag_pending_step06_validation
VH_4_MFA_BA,VH,MFA_BA,VH_4_MFA_BA__hybrid_optuna_046,recruited_surface_gap_assisted_buffering,M_tot,0.8,STRICTLY_LOCAL,0.9715104238143807,0.10214100409258017,0.3466989579117349,0.6253843947419897,provisional_accepted_ensemble_tag_pending_step06_validation
VH_4_MFA_BA,VH,MFA_BA,VH_4_MFA_BA__hybrid_optuna_047,mixed_local_spatial_buffering,M_tot,1.0,STRICTLY_LOCAL,0.4889042419989314,0.004360939064295573,0.15356620323879716,0.8427235534329905,provisional_accepted_ensemble_tag_pending_step06_validation
VH_4_MFA_BA,VH,MFA_BA,VH_4_MFA_BA__hybrid_optuna_048,mixed_local_spatial_buffering,M_tot,1.0,STRICTLY_LOCAL,0.46093400814458924,0.0006214094782527038,0.265944238827236,0.6531407584188963,provisional_accepted_ensemble_tag_pending_step06_validation
VH_4_MFA_BA,VH,MFA_BA,VH_4_MFA_BA__hybrid_optuna_049,kir_dominant_local_buffering,M_tot,1.0,STRICTLY_LOCAL,4.429279822759975e-38,2.027598255187939e-42,0.14887048036416717,0.7817550270609707,provisional_accepted_ensemble_tag_pending_step06_validation
VH_4_MFA_BA,VH,MFA_BA,VH_4_MFA_BA__hybrid_optuna_050,mixed_local_spatial_buffering,M_tot,1.0,STRICTLY_LOCAL,0.4015560679573866,3.315815779550303e-05,0.22381960724582525,0.6270300551150602,provisional_accepted_ensemble_tag_pending_step06_validation
VH_4_MFA_BA,VH,MFA_BA,VH_4_MFA_BA__hybrid_optuna_051,available_surface_voltage_coupled_but_ionic_recruitment_low,M_tot,1.0,BALANCED_OR_WEAK,1.931681648258615e-44,1.7222848624468843e-40,0.4968498343579575,0.5031335692042016,provisional_accepted_ensemble_tag_pending_step06_validation
VH_4_MFA_BA,VH,MFA_BA,VH_4_MFA_BA__hybrid_optuna_052,mixed_local_spatial_buffering,M_tot,1.0,STRICTLY_LOCAL,0.3959281667108558,4.2950623200719e-05,0.2540106062315171,0.6022021432315231,provisional_accepted_ensemble_tag_pending_step06_validation
VH_4_MFA_BA,VH,MFA_BA,VH_4_MFA_BA__hybrid_optuna_053,recruited_surface_gap_assisted_buffering,M_tot,1.0,BALANCED_OR_WEAK,0.5777448985407994,0.44664803241904444,0.46791893115901656,0.5307555550314661,provisional_accepted_ensemble_tag_pending_step06_validation
VH_4_MFA_BA,VH,MFA_BA,VH_4_MFA_BA__hybrid_optuna_054,kir_dominant_local_buffering,M_tot,1.0,STRICTLY_LOCAL,1.7774906022034683e-37,3.700513445987194e-38,0.3288001016985837,0.6632218229881801,provisional_accepted_ensemble_tag_pending_step06_validation
VH_4_MFA_BA,VH,MFA_BA,VH_4_MFA_BA__hybrid_optuna_055,available_surface_voltage_coupled_but_ionic_recruitment_low,M_tot,1.0,BALANCED_OR_WEAK,1.6161387832523223e-06,0.061951293585286726,0.5033508879113031,0.4965951989129474,provisional_accepted_ensemble_tag_pending_step06_validation
VH_4_MFA_BA,VH,MFA_BA,VH_4_MFA_BA__hybrid_optuna_056,recruited_surface_gap_assisted_buffering,M_tot,0.6666666666666666,BALANCED_OR_WEAK,0.5349917504448259,0.47841829484645393,0.4809512242764067,0.436183235851166,provisional_accepted_ensemble_tag_pending_step06_validation
VH_4_MFA_BA,VH,MFA_BA,VH_4_MFA_BA__hybrid_optuna_057,available_surface_voltage_coupled_but_ionic_recruitment_low,M_tot,1.0,MIXED_LOCAL,4.903506120915915e-75,1.483287456489758e-76,0.7662570271759154,0.09528465016939346,provisional_accepted_ensemble_tag_pending_step06_validation
VH_4_MFA_BA,VH,MFA_BA,VH_4_MFA_BA__hybrid_optuna_058,recruited_surface_gap_assisted_buffering,M_tot,0.6666666666666666,BALANCED_OR_WEAK,0.5983756069293155,0.001274281913177509,0.49294250041520327,0.5006387455761984,provisional_accepted_ensemble_tag_pending_step06_validation
VH_4_MFA_BA,VH,MFA_BA,VH_4_MFA_BA__hybrid_optuna_059,available_surface_voltage_coupled_but_ionic_recruitment_low,M_tot,1.0,MIXED_LOCAL,5.865933439792553e-25,5.655981760846864e-27,0.737182229173141,0.2503874362921348,provisional_accepted_ensemble_tag_pending_step06_validation
VH_4_MFA_BA,VH,MFA_BA,VH_4_MFA_BA__hybrid_optuna_060,kir_dominant_local_buffering,M_tot,1.0,STRICTLY_LOCAL,3.6284276394472695e-44,6.409943162388319e-48,0.08012311221976898,0.9101168086370918,provisional_accepted_ensemble_tag_pending_step06_validation
VH_4_MFA_BA,VH,MFA_BA,VH_4_MFA_BA__hybrid_optuna_061,mixed_local_spatial_buffering,M_tot,0.6666666666666666,BALANCED_OR_WEAK,0.1268865605973042,0.3768880055351373,0.49465928400578424,0.3262314339488905,provisional_accepted_ensemble_tag_pending_step06_validation
VH_4_MFA_BA,VH,MFA_BA,VH_4_MFA_BA__hybrid_optuna_062,kir_dominant_local_buffering,M_tot,0.5,STRICTLY_LOCAL,0.35776700960483726,0.00186486153694983,0.3890191581097018,0.6024953561708233,provisional_accepted_ensemble_tag_pending_step06_validation
VH_4_MFA_BA,VH,MFA_BA,VH_4_MFA_BA__hybrid_optuna_063,mixed_local_spatial_buffering,M_tot,1.0,STRICTLY_LOCAL,0.4625328182753268,9.527886940874675e-06,0.06688946695308805,0.3911931457522881,provisional_accepted_ensemble_tag_pending_step06_validation
VH_4_MFA_BA,VH,MFA_BA,VH_4_MFA_BA__hybrid_optuna_064,recruited_surface_gap_assisted_buffering,M_tot,0.6666666666666666,MIXED_LOCAL,0.6151159695862504,0.05109098231661028,0.4170542531105705,0.1997619970911663,provisional_accepted_ensemble_tag_pending_step06_validation
VH_4_MFA_BA,VH,MFA_BA,VH_4_MFA_BA__hybrid_optuna_065,mixed_local_spatial_buffering,M_tot,1.0,STRICTLY_LOCAL,0.3203290475503633,0.05482072604555558,0.22343748757841694,0.4090472137300201,provisional_accepted_ensemble_tag_pending_step06_validation
VH_4_MFA_BA,VH,MFA_BA,VH_4_MFA_BA__hybrid_optuna_066,recruited_surface_gap_assisted_buffering,M_tot,1.0,MIXED_LOCAL,0.6631358093335656,0.020998879689359068,0.48063855939393174,0.061858877690133686,provisional_accepted_ensemble_tag_pending_step06_validation
VH_4_MFA_BA,VH,MFA_BA,VH_4_MFA_BA__hybrid_optuna_067,recruited_surface_gap_assisted_buffering,M_tot,1.0,BALANCED_OR_WEAK,0.752911949088504,0.49884820638181915,0.49926919330246533,0.5005594280621767,provisional_accepted_ensemble_tag_pending_step06_validation
VH_4_MFA_BA,VH,MFA_BA,VH_4_MFA_BA__hybrid_optuna_068,recruited_surface_gap_assisted_buffering,M_tot,0.8333333333333334,MIXED_LOCAL,0.7213980275491222,0.0392403196487913,0.7037839969446532,0.28007897366399737,provisional_accepted_ensemble_tag_pending_step06_validation
VH_4_MFA_BA,VH,MFA_BA,VH_4_MFA_BA__hybrid_optuna_069,recruited_surface_gap_assisted_buffering,M_tot,1.0,BALANCED_OR_WEAK,0.9833977895400056,0.3230104939381153,0.4533735040653954,0.5270103919829117,provisional_accepted_ensemble_tag_pending_step06_validation
VH_4_MFA_BA,VH,MFA_BA,VH_4_MFA_BA__hybrid_optuna_070,mixed_local_spatial_buffering,M_tot,1.0,BALANCED_OR_WEAK,0.4489479725441285,0.49794425668181147,0.4995215018416596,0.4926775408662496,provisional_accepted_ensemble_tag_pending_step06_validation
VH_4_MFA_BA,VH,MFA_BA,VH_4_MFA_BA__hybrid_optuna_071,mixed_local_spatial_buffering,M_tot,0.5,BALANCED_OR_WEAK,0.49400363472060005,0.10742264845690287,0.469639878903269,0.3964874614810081,provisional_accepted_ensemble_tag_pending_step06_validation
VH_4_MFA_BA,VH,MFA_BA,VH_4_MFA_BA__hybrid_optuna_072,recruited_surface_gap_assisted_buffering,M_tot,1.0,BALANCED_OR_WEAK,0.9963251541466912,0.11255649776986416,0.47428892490357316,0.4529272828407341,provisional_accepted_ensemble_tag_pending_step06_validation
VH_4_MFA_BA,VH,MFA_BA,VH_4_MFA_BA__hybrid_optuna_073,recruited_surface_gap_assisted_buffering,M_tot,1.0,BALANCED_OR_WEAK,0.975406701464745,0.49934624229058205,0.5004129425220679,0.4987320899537447,provisional_accepted_ensemble_tag_pending_step06_validation
VH_4_MFA_BA,VH,MFA_BA,VH_4_MFA_BA__hybrid_optuna_074,recruited_surface_gap_assisted_buffering,M_tot,1.0,BALANCED_OR_WEAK,0.886955237047086,0.39110436660533515,0.4802088130550741,0.46918123153211205,provisional_accepted_ensemble_tag_pending_step06_validation
VH_4_MFA_BA,VH,MFA_BA,VH_4_MFA_BA__hybrid_optuna_075,recruited_surface_gap_assisted_buffering,M_tot,1.0,BALANCED_OR_WEAK,0.9658880144882215,0.49876870337344675,0.49979706406652685,0.49967241310752536,provisional_accepted_ensemble_tag_pending_step06_validation
VH_4_MFA_BA,VH,MFA_BA,VH_4_MFA_BA__hybrid_optuna_076,recruited_surface_gap_assisted_buffering,M_tot,0.8333333333333334,STRICTLY_LOCAL,0.8740625699913572,0.0051504009618255926,0.3321541813590086,0.5722284119713029,provisional_accepted_ensemble_tag_pending_step06_validation
VH_4_MFA_BA,VH,MFA_BA,VH_4_MFA_BA__hybrid_optuna_077,recruited_surface_gap_assisted_buffering,M_tot,1.0,BALANCED_OR_WEAK,0.9381470755954164,0.4991423895289802,0.5002153258512448,0.49924576685479005,provisional_accepted_ensemble_tag_pending_step06_validation
VH_4_MFA_BA,VH,MFA_BA,VH_4_MFA_BA__hybrid_optuna_078,recruited_surface_gap_assisted_buffering,M_tot,1.0,BALANCED_OR_WEAK,0.9583873129478603,0.49898767420837303,0.5003048216894062,0.4986703723540102,provisional_accepted_ensemble_tag_pending_step06_validation
VH_4_MFA_BA,VH,MFA_BA,VH_4_MFA_BA__hybrid_optuna_079,recruited_surface_gap_assisted_buffering,M_tot,1.0,BALANCED_OR_WEAK,0.9365202252510478,0.4989689548349289,0.5006893099135407,0.49842462120849135,provisional_accepted_ensemble_tag_pending_step06_validation
VH_4_MFA_BA,VH,MFA_BA,VH_4_MFA_BA__hybrid_optuna_080,recruited_surface_gap_assisted_buffering,M_tot,1.0,BALANCED_OR_WEAK,0.8782379198892326,0.4994929592694068,0.5020402319956863,0.4976611294047131,provisional_accepted_ensemble_tag_pending_step06_validation
VH_4_MFA_BA,VH,MFA_BA,VH_4_MFA_BA__hybrid_optuna_081,recruited_surface_gap_assisted_buffering,M_tot,1.0,BALANCED_OR_WEAK,0.9043195677501036,0.49893981040251867,0.5009929705776689,0.4982316258042147,provisional_accepted_ensemble_tag_pending_step06_validation
VH_4_MFA_BA,VH,MFA_BA,VH_4_MFA_BA__hybrid_optuna_082,recruited_surface_gap_assisted_buffering,M_tot,0.8333333333333334,BALANCED_OR_WEAK,0.7998173858164623,0.14908960409759411,0.42636772888944524,0.3752703712896699,provisional_accepted_ensemble_tag_pending_step06_validation
VH_4_MFA_BA,VH,MFA_BA,VH_4_MFA_BA__hybrid_optuna_084,recruited_surface_gap_assisted_buffering,M_tot,1.0,BALANCED_OR_WEAK,0.8745187456178275,0.3789966396995544,0.5163084552626037,0.47399805841081416,provisional_accepted_ensemble_tag_pending_step06_validation
VH_4_MFA_BA,VH,MFA_BA,VH_4_MFA_BA__hybrid_optuna_085,recruited_surface_gap_assisted_buffering,M_tot,0.8333333333333334,MIXED_LOCAL,0.5989904336372969,0.23137742729332766,0.7304656751895688,0.21446140566456262,provisional_accepted_ensemble_tag_pending_step06_validation
VH_4_MFA_BA,VH,MFA_BA,VH_4_MFA_BA__hybrid_optuna_086,available_surface_voltage_coupled_but_ionic_recruitment_low,M_tot,1.0,MIXED_LOCAL,9.859676525285236e-305,1.2691939610254794e-306,0.6497605073562104,0.33181907716232734,provisional_accepted_ensemble_tag_pending_step06_validation
VH_4_MFA_BA,VH,MFA_BA,VH_4_MFA_BA__hybrid_optuna_087,kir_dominant_local_buffering,M_tot,1.0,STRICTLY_LOCAL,6.255268974072591e-227,5.973565993233281e-230,0.16870268283012016,0.8022754796005778,provisional_accepted_ensemble_tag_pending_step06_validation
VH_4_MFA_BA,VH,MFA_BA,VH_4_MFA_BA__hybrid_optuna_088,low_recruitment_local_storage,M_tot,1.0,MIXED_LOCAL,9.859675822881862e-305,0.0,0.35735239694833437,0.02687109818374581,provisional_accepted_ensemble_tag_pending_step06_validation
VH_4_MFA_BA,VH,MFA_BA,VH_4_MFA_BA__hybrid_optuna_089,available_surface_voltage_coupled_but_ionic_recruitment_low,M_tot,1.0,BALANCED_OR_WEAK,7.984067992366431e-05,0.0004055318426246651,0.4969706139205155,0.49988014102537476,provisional_accepted_ensemble_tag_pending_step06_validation
VH_4_MFA_BA,VH,MFA_BA,VH_4_MFA_BA__hybrid_optuna_090,mixed_local_spatial_buffering,M_tot,1.0,STRICTLY_LOCAL,0.47110958856476065,0.0025564524503704834,0.35796757921853106,0.44199243788787923,provisional_accepted_ensemble_tag_pending_step06_validation
VH_4_MFA_BA,VH,MFA_BA,VH_4_MFA_BA__hybrid_optuna_091,available_surface_voltage_coupled_but_ionic_recruitment_low,M_tot,1.0,BALANCED_OR_WEAK,9.859676543753874e-305,3.4852404312613746e-301,0.4647248843061675,0.535272375925051,provisional_accepted_ensemble_tag_pending_step06_validation
VH_4_MFA_BA,VH,MFA_BA,VH_4_MFA_BA__hybrid_optuna_092,available_surface_voltage_coupled_but_ionic_recruitment_low,M_tot,0.6666666666666666,BALANCED_OR_WEAK,0.038178421188385374,0.00025482441258758737,0.39942678375681945,0.35786177284165355,provisional_accepted_ensemble_tag_pending_step06_validation
VH_4_MFA_BA,VH,MFA_BA,VH_4_MFA_BA__hybrid_optuna_093,low_recruitment_local_storage,M_tot,1.0,STRICTLY_LOCAL,0.0011898406734816753,3.059475065942602e-06,0.31859992323450587,0.417541586610161,provisional_accepted_ensemble_tag_pending_step06_validation
VH_4_MFA_BA,VH,MFA_BA,VH_4_MFA_BA__hybrid_optuna_095,available_surface_voltage_coupled_but_ionic_recruitment_low,M_tot,1.0,BALANCED_OR_WEAK,2.694611480206829e-96,1.4913517660073316e-92,0.4946561077356635,0.5053274888280058,provisional_accepted_ensemble_tag_pending_step06_validation
VH_4_MFA_BA,VH,MFA_BA,VH_4_MFA_BA__hybrid_optuna_099,mixed_local_spatial_buffering,M_tot,1.0,STRICTLY_LOCAL,0.41257662553141433,0.08137389787033059,0.30210108053956036,0.6975649094586537,provisional_accepted_ensemble_tag_pending_step06_validation
VH_4_MFA_BA,VH,MFA_BA,VH_4_MFA_BA__hybrid_post_001,kir_dominant_local_buffering,M_tot,1.0,STRICTLY_LOCAL,9.859676537628617e-305,2.6161877566090186e-307,0.26324468223149194,0.6848634498731628,provisional_accepted_ensemble_tag_pending_step06_validation
VH_4_MFA_BA,VH,MFA_BA,VH_4_MFA_BA__hybrid_post_002,recruited_surface_gap_assisted_buffering,M_tot,0.8333333333333334,BALANCED_OR_WEAK,0.6480056500874977,0.32707216391490307,0.44133603239750646,0.4215787279946215,provisional_accepted_ensemble_tag_pending_step06_validation
VH_4_MFA_BA,VH,MFA_BA,VH_4_MFA_BA__hybrid_post_003,recruited_surface_gap_assisted_buffering,M_tot,1.0,BALANCED_OR_WEAK,0.9123007134190786,0.13376758433742889,0.44983043062425215,0.4163640814632849,provisional_accepted_ensemble_tag_pending_step06_validation
VH_4_MFA_BA,VH,MFA_BA,VH_4_MFA_BA__hybrid_pre_01,recruited_surface_gap_assisted_buffering,M_tot,1.0,BALANCED_OR_WEAK,0.9365202252510478,0.4989689548349289,0.5006893099135407,0.49842462120849135,provisional_accepted_ensemble_tag_pending_step06_validation
VH_4_MFA_BA,VH,MFA_BA,VH_4_MFA_BA__hybrid_pre_02,recruited_surface_gap_assisted_buffering,M_tot,1.0,BALANCED_OR_WEAK,0.9583873129478603,0.49898767420837303,0.5003048216894062,0.4986703723540102,provisional_accepted_ensemble_tag_pending_step06_validation
VH_4_MFA_BA,VH,MFA_BA,VH_4_MFA_BA__hybrid_pre_03,recruited_surface_gap_assisted_buffering,M_tot,1.0,BALANCED_OR_WEAK,0.9043195677501036,0.49893981040251867,0.5009929705776689,0.4982316258042147,provisional_accepted_ensemble_tag_pending_step06_validation
VH_4_MFA_BA,VH,MFA_BA,VH_4_MFA_BA__hybrid_pre_04,recruited_surface_gap_assisted_buffering,M_tot,1.0,BALANCED_OR_WEAK,0.9381470755954164,0.4991423895289802,0.5002153258512448,0.49924576685479005,provisional_accepted_ensemble_tag_pending_step06_validation
VH_4_MFA_BA,VH,MFA_BA,VH_4_MFA_BA__hybrid_pre_05,recruited_surface_gap_assisted_buffering,M_tot,1.0,BALANCED_OR_WEAK,0.9658880144882215,0.49876870337344675,0.49979706406652685,0.49967241310752536,provisional_accepted_ensemble_tag_pending_step06_validation
VH_4_MFA_BA,VH,MFA_BA,VH_4_MFA_BA__hybrid_pre_06,recruited_surface_gap_assisted_buffering,M_tot,1.0,BALANCED_OR_WEAK,0.975406701464745,0.49934624229058205,0.5004129425220679,0.4987320899537447,provisional_accepted_ensemble_tag_pending_step06_validation
VH_4_MFA_BA,VH,MFA_BA,VH_4_MFA_BA__hybrid_pre_07,recruited_surface_gap_assisted_buffering,M_tot,1.0,BALANCED_OR_WEAK,0.8782379198892326,0.4994929592694068,0.5020402319956863,0.4976611294047131,provisional_accepted_ensemble_tag_pending_step06_validation
VH_4_MFA_BA,VH,MFA_BA,VH_4_MFA_BA__hybrid_pre_08,recruited_surface_gap_assisted_buffering,M_tot,1.0,BALANCED_OR_WEAK,0.752911949088504,0.49884820638181915,0.49926919330246533,0.5005594280621767,provisional_accepted_ensemble_tag_pending_step06_validation
VH_5_MFA,VH,MFA,VH_5_MFA__hybrid_optuna_276,low_recruitment_local_storage,M_tot,0.5,STRICTLY_LOCAL,0.1348611544000746,4.452513293032826e-05,0.3077358097702772,0.45094917156371617,provisional_accepted_ensemble_tag_pending_step06_validation
VH_5_MFA,VH,MFA,VH_5_MFA__hybrid_optuna_289,available_surface_voltage_coupled_but_ionic_recruitment_low,M_tot,1.0,BALANCED_OR_WEAK,9.854498457234412e-126,1.452158505796159e-124,0.49639518726984205,0.5036012459000666,provisional_accepted_ensemble_tag_pending_step06_validation
VH_5_MFA,VH,MFA,VH_5_MFA__hybrid_optuna_292,kir_dominant_local_buffering,M_tot,1.0,STRICTLY_LOCAL,6.673575994575385e-11,4.0182054983171345e-14,0.2683390076198162,0.7288866760883991,provisional_accepted_ensemble_tag_pending_step06_validation
VH_5_MFA_BA,VH,MFA_BA,VH_5_MFA_BA__hybrid_optuna_001,available_surface_voltage_coupled_but_ionic_recruitment_low,M_tot,1.0,BALANCED_OR_WEAK,1.6132835995843147e-137,3.3116786946485107e-135,0.5396844755948568,0.45914824972299,provisional_accepted_ensemble_tag_pending_step06_validation
VH_5_MFA_BA,VH,MFA_BA,VH_5_MFA_BA__hybrid_optuna_002,available_surface_voltage_coupled_but_ionic_recruitment_low,M_tot,1.0,MIXED_LOCAL,9.8596765437466e-305,6.707711739773485e-304,0.5835993590333227,0.40556729799822255,provisional_accepted_ensemble_tag_pending_step06_validation
VH_5_MFA_BA,VH,MFA_BA,VH_5_MFA_BA__hybrid_optuna_003,available_surface_voltage_coupled_but_ionic_recruitment_low,M_tot,1.0,MIXED_LOCAL,9.859676543698208e-305,1.7130170097058048e-304,0.560721049635777,0.4363111042365619,provisional_accepted_ensemble_tag_pending_step06_validation
VH_5_MFA_BA,VH,MFA_BA,VH_5_MFA_BA__hybrid_optuna_004,available_surface_voltage_coupled_but_ionic_recruitment_low,M_tot,1.0,MIXED_LOCAL,9.859676540070133e-305,3.1796708159967585e-307,0.6742616658737446,0.29877379985238633,provisional_accepted_ensemble_tag_pending_step06_validation
VH_5_MFA_BA,VH,MFA_BA,VH_5_MFA_BA__hybrid_optuna_005,available_surface_voltage_coupled_but_ionic_recruitment_low,M_tot,1.0,MIXED_LOCAL,2.1947726407086527e-146,1.8497464990469263e-144,0.5421365517624049,0.44718029480900845,provisional_accepted_ensemble_tag_pending_step06_validation
VH_5_MFA_BA,VH,MFA_BA,VH_5_MFA_BA__hybrid_optuna_006,available_surface_voltage_coupled_but_ionic_recruitment_low,M_tot,1.0,MIXED_LOCAL,9.85967654375935e-305,2.037543878854135e-302,0.5861223050099293,0.36749827953233843,provisional_accepted_ensemble_tag_pending_step06_validation
VH_5_MFA_BA,VH,MFA_BA,VH_5_MFA_BA__hybrid_optuna_007,available_surface_voltage_coupled_but_ionic_recruitment_low,M_tot,1.0,MIXED_LOCAL,2.339242730205254e-158,5.088841771373696e-157,0.6585887993135365,0.3368503161999185,provisional_accepted_ensemble_tag_pending_step06_validation
VH_5_MFA_BA,VH,MFA_BA,VH_5_MFA_BA__hybrid_optuna_008,available_surface_voltage_coupled_but_ionic_recruitment_low,M_tot,1.0,MIXED_LOCAL,1.5036611780406371e-136,4.287555053576084e-136,0.5940744080910171,0.40344963164247716,provisional_accepted_ensemble_tag_pending_step06_validation
VH_5_MFA_BA,VH,MFA_BA,VH_5_MFA_BA__hybrid_optuna_009,recruited_surface_gap_assisted_buffering,M_tot,0.6666666666666666,STRICTLY_LOCAL,0.4481768754241627,0.0019445301449234193,0.3006294695674862,0.5478301702030367,provisional_accepted_ensemble_tag_pending_step06_validation
VH_5_MFA_BA,VH,MFA_BA,VH_5_MFA_BA__hybrid_optuna_010,available_surface_voltage_coupled_but_ionic_recruitment_low,M_tot,1.0,BALANCED_OR_WEAK,1.117418079432696e-176,2.9447991708861755e-174,0.5169521939500964,0.4774477725904161,provisional_accepted_ensemble_tag_pending_step06_validation
VH_5_MFA_BA,VH,MFA_BA,VH_5_MFA_BA__hybrid_optuna_011,available_surface_voltage_coupled_but_ionic_recruitment_low,M_tot,1.0,BALANCED_OR_WEAK,9.859676543639153e-305,8.54270448981587e-305,0.5110145731093324,0.4849846659422488,provisional_accepted_ensemble_tag_pending_step06_validation
VH_5_MFA_BA,VH,MFA_BA,VH_5_MFA_BA__hybrid_optuna_012,available_surface_voltage_coupled_but_ionic_recruitment_low,M_tot,1.0,MIXED_LOCAL,9.859676543749687e-305,4.7670947833885456e-303,0.6388919756803862,0.07155064254129197,provisional_accepted_ensemble_tag_pending_step06_validation
VH_5_MFA_BA,VH,MFA_BA,VH_5_MFA_BA__hybrid_optuna_013,available_surface_voltage_coupled_but_ionic_recruitment_low,M_tot,1.0,MIXED_LOCAL,5.360747214205538e-30,6.230219320896757e-31,0.6168254097629529,0.3154028015478086,provisional_accepted_ensemble_tag_pending_step06_validation
VH_5_MFA_BA,VH,MFA_BA,VH_5_MFA_BA__hybrid_optuna_014,available_surface_voltage_coupled_but_ionic_recruitment_low,M_tot,1.0,BALANCED_OR_WEAK,9.859676543759232e-305,1.8425613272628476e-302,0.5129208502333052,0.4824584912003076,provisional_accepted_ensemble_tag_pending_step06_validation
VH_5_MFA_BA,VH,MFA_BA,VH_5_MFA_BA__hybrid_optuna_015,available_surface_voltage_coupled_but_ionic_recruitment_low,M_tot,1.0,MIXED_LOCAL,2.416638864642387e-190,6.287321402739878e-190,0.5490051742308804,0.4485917460281644,provisional_accepted_ensemble_tag_pending_step06_validation
VH_5_MFA_BA,VH,MFA_BA,VH_5_MFA_BA__hybrid_optuna_016,available_surface_voltage_coupled_but_ionic_recruitment_low,M_tot,1.0,MIXED_LOCAL,1.3202635093781448e-108,1.703204001285381e-108,0.699472896952539,0.28728980958365175,provisional_accepted_ensemble_tag_pending_step06_validation
VH_5_MFA_BA,VH,MFA_BA,VH_5_MFA_BA__hybrid_optuna_017,available_surface_voltage_coupled_but_ionic_recruitment_low,M_tot,1.0,MIXED_LOCAL,6.355146548758936e-119,1.0751918888217835e-118,0.591179800773284,0.40591826416853016,provisional_accepted_ensemble_tag_pending_step06_validation
VH_5_MFA_BA,VH,MFA_BA,VH_5_MFA_BA__hybrid_optuna_018,available_surface_voltage_coupled_but_ionic_recruitment_low,M_tot,1.0,BALANCED_OR_WEAK,2.095886317942845e-156,4.929665733935441e-155,0.4961273145860045,0.4960534305831991,provisional_accepted_ensemble_tag_pending_step06_validation
VH_5_MFA_BA,VH,MFA_BA,VH_5_MFA_BA__hybrid_optuna_019,recruited_surface_gap_assisted_buffering,M_tot,0.8333333333333334,STRICTLY_LOCAL,0.616812147814873,0.0006921775027606433,0.34933220968651546,0.4791966043281046,provisional_accepted_ensemble_tag_pending_step06_validation
VH_5_MFA_BA,VH,MFA_BA,VH_5_MFA_BA__hybrid_optuna_020,available_surface_voltage_coupled_but_ionic_recruitment_low,M_tot,1.0,BALANCED_OR_WEAK,4.362556568997256e-93,1.6722702852889036e-91,0.5169747687065757,0.4531910350693619,provisional_accepted_ensemble_tag_pending_step06_validation
VH_5_MFA_BA,VH,MFA_BA,VH_5_MFA_BA__hybrid_optuna_021,available_surface_voltage_coupled_but_ionic_recruitment_low,M_tot,1.0,BALANCED_OR_WEAK,9.859676542767637e-305,1.0586804573756578e-305,0.5065383789231087,0.4890534444210572,provisional_accepted_ensemble_tag_pending_step06_validation
VH_5_MFA_BA,VH,MFA_BA,VH_5_MFA_BA__hybrid_optuna_022,available_surface_voltage_coupled_but_ionic_recruitment_low,M_tot,1.0,MIXED_LOCAL,2.1794415736270946e-170,7.793219550074652e-169,0.6581524425245959,0.3411607314505023,provisional_accepted_ensemble_tag_pending_step06_validation
VH_5_MFA_BA,VH,MFA_BA,VH_5_MFA_BA__hybrid_optuna_023,available_surface_voltage_coupled_but_ionic_recruitment_low,M_tot,1.0,MIXED_LOCAL,9.55555740983255e-74,2.4038617607559444e-72,0.5727010414439256,0.4257001254303838,provisional_accepted_ensemble_tag_pending_step06_validation
VH_5_MFA_BA,VH,MFA_BA,VH_5_MFA_BA__hybrid_optuna_024,available_surface_voltage_coupled_but_ionic_recruitment_low,M_tot,1.0,BALANCED_OR_WEAK,9.859676543716053e-305,2.4129730192465913e-304,0.537635039060297,0.46204045835694346,provisional_accepted_ensemble_tag_pending_step06_validation
VH_5_MFA_BA,VH,MFA_BA,VH_5_MFA_BA__hybrid_optuna_025,recruited_surface_gap_assisted_buffering,M_tot,0.6666666666666666,MIXED_LOCAL,0.4320264468721342,0.0023900487063006812,0.6554483450813677,0.22011085646611053,provisional_accepted_ensemble_tag_pending_step06_validation
VH_5_MFA_BA,VH,MFA_BA,VH_5_MFA_BA__hybrid_optuna_026,available_surface_voltage_coupled_but_ionic_recruitment_low,M_tot,1.0,BALANCED_OR_WEAK,1.8009939357039672e-77,8.678072110557297e-79,0.53029838829361,0.4696359902783381,provisional_accepted_ensemble_tag_pending_step06_validation
VH_5_MFA_BA,VH,MFA_BA,VH_5_MFA_BA__hybrid_optuna_027,available_surface_voltage_coupled_but_ionic_recruitment_low,M_tot,1.0,BALANCED_OR_WEAK,2.8047751000876664e-118,1.1647267758287804e-115,0.5234227445603042,0.4619655103792521,provisional_accepted_ensemble_tag_pending_step06_validation
VH_5_MFA_BA,VH,MFA_BA,VH_5_MFA_BA__hybrid_optuna_028,available_surface_voltage_coupled_but_ionic_recruitment_low,M_tot,1.0,BALANCED_OR_WEAK,9.859676543752552e-305,1.330032059723332e-303,0.49708602178355515,0.5004768432651975,provisional_accepted_ensemble_tag_pending_step06_validation
VH_5_MFA_BA,VH,MFA_BA,VH_5_MFA_BA__hybrid_optuna_029,available_surface_voltage_coupled_but_ionic_recruitment_low,M_tot,1.0,BALANCED_OR_WEAK,9.859676543755278e-305,1.335642512206511e-303,0.5189105352708271,0.4676372869622732,provisional_accepted_ensemble_tag_pending_step06_validation
VH_5_MFA_BA,VH,MFA_BA,VH_5_MFA_BA__hybrid_optuna_030,available_surface_voltage_coupled_but_ionic_recruitment_low,M_tot,1.0,BALANCED_OR_WEAK,4.45153350747158e-19,6.86675237744027e-21,0.4931304077152379,0.5068252662002335,provisional_accepted_ensemble_tag_pending_step06_validation
VH_5_MFA_BA,VH,MFA_BA,VH_5_MFA_BA__hybrid_optuna_031,available_surface_voltage_coupled_but_ionic_recruitment_low,M_tot,1.0,BALANCED_OR_WEAK,9.859676543406434e-305,2.5350277431025545e-305,0.4904224381244104,0.5062482314592622,provisional_accepted_ensemble_tag_pending_step06_validation
VH_5_MFA_BA,VH,MFA_BA,VH_5_MFA_BA__hybrid_optuna_032,available_surface_voltage_coupled_but_ionic_recruitment_low,M_tot,1.0,BALANCED_OR_WEAK,9.859676543759763e-305,1.1139885363905891e-300,0.507463713083701,0.4916592596127552,provisional_accepted_ensemble_tag_pending_step06_validation
VH_5_MFA_BA,VH,MFA_BA,VH_5_MFA_BA__hybrid_optuna_033,available_surface_voltage_coupled_but_ionic_recruitment_low,M_tot,1.0,MIXED_LOCAL,9.859676543746463e-305,6.222237849955376e-304,0.5638124208220987,0.3269533512814644,provisional_accepted_ensemble_tag_pending_step06_validation
VH_5_MFA_BA,VH,MFA_BA,VH_5_MFA_BA__hybrid_optuna_034,available_surface_voltage_coupled_but_ionic_recruitment_low,M_tot,1.0,BALANCED_OR_WEAK,9.85967654362068e-305,7.803501661685945e-305,0.497490486317574,0.5017594650461759,provisional_accepted_ensemble_tag_pending_step06_validation
VH_5_MFA_BA,VH,MFA_BA,VH_5_MFA_BA__hybrid_optuna_035,available_surface_voltage_coupled_but_ionic_recruitment_low,M_tot,1.0,BALANCED_OR_WEAK,9.85967654375809e-305,2.1562459951235284e-303,0.502228830541032,0.48238121678938195,provisional_accepted_ensemble_tag_pending_step06_validation
VH_5_MFA_BA,VH,MFA_BA,VH_5_MFA_BA__hybrid_optuna_036,available_surface_voltage_coupled_but_ionic_recruitment_low,M_tot,1.0,BALANCED_OR_WEAK,9.859676543192058e-305,1.8286851803839473e-305,0.4861238413558848,0.5138741771358609,provisional_accepted_ensemble_tag_pending_step06_validation
VH_5_MFA_BA,VH,MFA_BA,VH_5_MFA_BA__hybrid_optuna_037,available_surface_voltage_coupled_but_ionic_recruitment_low,M_tot,1.0,BALANCED_OR_WEAK,2.357884249429822e-17,3.8214848084532616e-19,0.4947757083364785,0.5051839408550204,provisional_accepted_ensemble_tag_pending_step06_validation
VH_5_MFA_BA,VH,MFA_BA,VH_5_MFA_BA__hybrid_optuna_038,available_surface_voltage_coupled_but_ionic_recruitment_low,M_tot,1.0,BALANCED_OR_WEAK,7.57450187233684e-29,5.893093222863348e-26,0.447079856391745,0.5235000042786508,provisional_accepted_ensemble_tag_pending_step06_validation
VH_5_MFA_BA,VH,MFA_BA,VH_5_MFA_BA__hybrid_optuna_039,available_surface_voltage_coupled_but_ionic_recruitment_low,M_tot,1.0,BALANCED_OR_WEAK,2.5718001979124482e-279,6.20098317222121e-279,0.49240446973265267,0.5075934279099209,provisional_accepted_ensemble_tag_pending_step06_validation
VH_5_MFA_BA,VH,MFA_BA,VH_5_MFA_BA__hybrid_optuna_040,available_surface_voltage_coupled_but_ionic_recruitment_low,M_tot,1.0,BALANCED_OR_WEAK,2.65811955457481e-18,5.0752989522474026e-20,0.49602039971662176,0.5039399377693768,provisional_accepted_ensemble_tag_pending_step06_validation
VH_5_MFA_BA,VH,MFA_BA,VH_5_MFA_BA__hybrid_optuna_041,available_surface_voltage_coupled_but_ionic_recruitment_low,M_tot,1.0,MIXED_LOCAL,1.5620039848944031e-58,2.766604740852359e-56,0.46806296375383266,0.3712980074591787,provisional_accepted_ensemble_tag_pending_step06_validation
VH_5_MFA_BA,VH,MFA_BA,VH_5_MFA_BA__hybrid_optuna_042,available_surface_voltage_coupled_but_ionic_recruitment_low,M_tot,1.0,BALANCED_OR_WEAK,1.3714633112961795e-20,1.804939960266939e-22,0.49516522076391833,0.5047835469453039,provisional_accepted_ensemble_tag_pending_step06_validation
VH_5_MFA_BA,VH,MFA_BA,VH_5_MFA_BA__hybrid_optuna_043,available_surface_voltage_coupled_but_ionic_recruitment_low,M_tot,1.0,BALANCED_OR_WEAK,2.1862366096502585e-136,1.9256008343912165e-137,0.5002964027093505,0.49969965645173803,provisional_accepted_ensemble_tag_pending_step06_validation
VH_5_MFA_BA,VH,MFA_BA,VH_5_MFA_BA__hybrid_optuna_044,available_surface_voltage_coupled_but_ionic_recruitment_low,M_tot,1.0,BALANCED_OR_WEAK,3.3515250167372947e-156,3.3660408960622685e-155,0.5246636533421413,0.4751885573486343,provisional_accepted_ensemble_tag_pending_step06_validation
VH_5_MFA_BA,VH,MFA_BA,VH_5_MFA_BA__hybrid_optuna_045,available_surface_voltage_coupled_but_ionic_recruitment_low,M_tot,1.0,BALANCED_OR_WEAK,4.070686465268262e-182,8.546077410358022e-180,0.4898987100910958,0.5048558708349399,provisional_accepted_ensemble_tag_pending_step06_validation
VH_5_MFA_BA,VH,MFA_BA,VH_5_MFA_BA__hybrid_optuna_046,available_surface_voltage_coupled_but_ionic_recruitment_low,M_tot,1.0,BALANCED_OR_WEAK,5.348838456214195e-23,6.826477826112554e-25,0.49550442122773525,0.5044709074891852,provisional_accepted_ensemble_tag_pending_step06_validation
VH_5_MFA_BA,VH,MFA_BA,VH_5_MFA_BA__hybrid_optuna_047,available_surface_voltage_coupled_but_ionic_recruitment_low,M_tot,1.0,MIXED_LOCAL,1.0743344226240458e-95,3.2828479526608074e-95,0.42129893966667237,0.34507602896249207,provisional_accepted_ensemble_tag_pending_step06_validation
VH_5_MFA_BA,VH,MFA_BA,VH_5_MFA_BA__hybrid_optuna_048,available_surface_voltage_coupled_but_ionic_recruitment_low,M_tot,1.0,STRICTLY_LOCAL,4.621961938431072e-13,9.109863074927205e-17,0.45297695863450915,0.5465167377729628,provisional_accepted_ensemble_tag_pending_step06_validation
VH_5_MFA_BA,VH,MFA_BA,VH_5_MFA_BA__hybrid_optuna_049,available_surface_voltage_coupled_but_ionic_recruitment_low,M_tot,0.8333333333333334,STRICTLY_LOCAL,8.288665177461288e-13,5.390867912224827e-17,0.4196987859107477,0.5795819702674426,provisional_accepted_ensemble_tag_pending_step06_validation
VH_5_MFA_BA,VH,MFA_BA,VH_5_MFA_BA__hybrid_optuna_050,available_surface_voltage_coupled_but_ionic_recruitment_low,M_tot,1.0,BALANCED_OR_WEAK,8.310538626987522e-21,4.8808153354881986e-21,0.4972313686139233,0.49483112463361767,provisional_accepted_ensemble_tag_pending_step06_validation
VH_5_MFA_BA,VH,MFA_BA,VH_5_MFA_BA__hybrid_optuna_051,available_surface_voltage_coupled_but_ionic_recruitment_low,M_tot,1.0,BALANCED_OR_WEAK,1.9560800583841394e-71,5.477587619743436e-72,0.527796991760961,0.4721491974397145,provisional_accepted_ensemble_tag_pending_step06_validation
VH_5_MFA_BA,VH,MFA_BA,VH_5_MFA_BA__hybrid_optuna_052,available_surface_voltage_coupled_but_ionic_recruitment_low,M_tot,1.0,BALANCED_OR_WEAK,3.73485735525111e-10,1.3583414576354121e-13,0.4688292679594997,0.5307221077025027,provisional_accepted_ensemble_tag_pending_step06_validation
VH_5_MFA_BA,VH,MFA_BA,VH_5_MFA_BA__hybrid_optuna_053,available_surface_voltage_coupled_but_ionic_recruitment_low,M_tot,1.0,MIXED_LOCAL,1.9221894973473367e-90,8.612205195938626e-91,0.6229097493111245,0.36894453654686593,provisional_accepted_ensemble_tag_pending_step06_validation
VH_5_MFA_BA,VH,MFA_BA,VH_5_MFA_BA__hybrid_optuna_054,available_surface_voltage_coupled_but_ionic_recruitment_low,M_tot,1.0,BALANCED_OR_WEAK,5.958107540344642e-10,1.2966639398321228e-13,0.47065235458922244,0.5122438352561219,provisional_accepted_ensemble_tag_pending_step06_validation
VH_5_MFA_BA,VH,MFA_BA,VH_5_MFA_BA__hybrid_optuna_055,available_surface_voltage_coupled_but_ionic_recruitment_low,M_tot,1.0,BALANCED_OR_WEAK,1.931681648258615e-44,1.7222848624468843e-40,0.4968498343579575,0.5031335692042016,provisional_accepted_ensemble_tag_pending_step06_validation
VH_5_MFA_BA,VH,MFA_BA,VH_5_MFA_BA__hybrid_optuna_056,available_surface_voltage_coupled_but_ionic_recruitment_low,M_tot,1.0,BALANCED_OR_WEAK,3.603197088870624e-204,3.537890370063189e-204,0.5068603329779932,0.49284925292274573,provisional_accepted_ensemble_tag_pending_step06_validation
VH_5_MFA_BA,VH,MFA_BA,VH_5_MFA_BA__hybrid_optuna_057,mixed_local_spatial_buffering,M_tot,1.0,BALANCED_OR_WEAK,0.46308940777436464,0.15935556278595706,0.4812397568369355,0.5006575753088639,provisional_accepted_ensemble_tag_pending_step06_validation
VH_5_MFA_BA,VH,MFA_BA,VH_5_MFA_BA__hybrid_optuna_058,mixed_local_spatial_buffering,M_tot,1.0,BALANCED_OR_WEAK,0.47799572097200543,0.0019421650742138937,0.452050207562714,0.5247897206350766,provisional_accepted_ensemble_tag_pending_step06_validation
VH_5_MFA_BA,VH,MFA_BA,VH_5_MFA_BA__hybrid_optuna_059,mixed_local_spatial_buffering,M_tot,1.0,MIXED_LOCAL,0.4641053680283393,0.009621756014500561,0.40971175833867707,0.1343422590593612,provisional_accepted_ensemble_tag_pending_step06_validation
VH_5_MFA_BA,VH,MFA_BA,VH_5_MFA_BA__hybrid_optuna_060,kir_dominant_local_buffering,M_tot,1.0,STRICTLY_LOCAL,3.552798762783873e-77,4.5004084049387823e-79,0.3573536295005762,0.6270391518177129,provisional_accepted_ensemble_tag_pending_step06_validation
VH_5_MFA_BA,VH,MFA_BA,VH_5_MFA_BA__hybrid_optuna_061,mixed_local_spatial_buffering,M_tot,1.0,STRICTLY_LOCAL,0.46093400814458924,0.0006214094782527038,0.265944238827236,0.6531407584188963,provisional_accepted_ensemble_tag_pending_step06_validation
VH_5_MFA_BA,VH,MFA_BA,VH_5_MFA_BA__hybrid_optuna_062,kir_dominant_local_buffering,M_tot,1.0,STRICTLY_LOCAL,4.429279822759975e-38,2.027598255187939e-42,0.14887048036416717,0.7817550270609707,provisional_accepted_ensemble_tag_pending_step06_validation
VH_5_MFA_BA,VH,MFA_BA,VH_5_MFA_BA__hybrid_optuna_063,mixed_local_spatial_buffering,M_tot,1.0,MIXED_LOCAL,0.3851666759994787,0.3202611261961845,0.5004870922838287,0.41568617045146156,provisional_accepted_ensemble_tag_pending_step06_validation
VH_5_MFA_BA,VH,MFA_BA,VH_5_MFA_BA__hybrid_optuna_064,available_surface_voltage_coupled_but_ionic_recruitment_low,M_tot,0.8333333333333334,BALANCED_OR_WEAK,0.06196946651721155,0.08115047815341234,0.5253631913315324,0.46810895744016157,provisional_accepted_ensemble_tag_pending_step06_validation
VH_5_MFA_BA,VH,MFA_BA,VH_5_MFA_BA__hybrid_optuna_065,kir_dominant_local_buffering,M_tot,1.0,STRICTLY_LOCAL,1.7774906022034683e-37,3.700513445987194e-38,0.3288001016985837,0.6632218229881801,provisional_accepted_ensemble_tag_pending_step06_validation
VH_5_MFA_BA,VH,MFA_BA,VH_5_MFA_BA__hybrid_optuna_066,available_surface_voltage_coupled_but_ionic_recruitment_low,M_tot,1.0,BALANCED_OR_WEAK,9.859676543716359e-305,2.277894633026013e-302,0.5052604862502014,0.4913174726916336,provisional_accepted_ensemble_tag_pending_step06_validation
VH_5_MFA_BA,VH,MFA_BA,VH_5_MFA_BA__hybrid_optuna_067,mixed_local_spatial_buffering,M_tot,1.0,MIXED_LOCAL,0.41494379345687366,0.0,0.2822059312413329,0.2250774481244797,provisional_accepted_ensemble_tag_pending_step06_validation
VH_5_MFA_BA,VH,MFA_BA,VH_5_MFA_BA__hybrid_optuna_068,available_surface_voltage_coupled_but_ionic_recruitment_low,M_tot,1.0,BALANCED_OR_WEAK,1.6161387832523223e-06,0.061951293585286726,0.5033508879113031,0.4965951989129474,provisional_accepted_ensemble_tag_pending_step06_validation
VH_5_MFA_BA,VH,MFA_BA,VH_5_MFA_BA__hybrid_optuna_069,available_surface_voltage_coupled_but_ionic_recruitment_low,M_tot,1.0,BALANCED_OR_WEAK,2.888040687557486e-93,5.168228334437013e-93,0.5101037771964839,0.47369230868373285,provisional_accepted_ensemble_tag_pending_step06_validation
VH_5_MFA_BA,VH,MFA_BA,VH_5_MFA_BA__hybrid_optuna_070,available_surface_voltage_coupled_but_ionic_recruitment_low,M_tot,0.6666666666666666,BALANCED_OR_WEAK,0.14024605979904672,0.09856114472228823,0.5189249238243215,0.4656599150442405,provisional_accepted_ensemble_tag_pending_step06_validation
VH_5_MFA_BA,VH,MFA_BA,VH_5_MFA_BA__hybrid_optuna_071,available_surface_voltage_coupled_but_ionic_recruitment_low,M_tot,1.0,BALANCED_OR_WEAK,7.721521247518617e-214,7.131585140814048e-210,0.49852108234653514,0.4683637313031977,provisional_accepted_ensemble_tag_pending_step06_validation
VH_5_MFA_BA,VH,MFA_BA,VH_5_MFA_BA__hybrid_optuna_072,available_surface_voltage_coupled_but_ionic_recruitment_low,M_tot,1.0,BALANCED_OR_WEAK,1.4839579559702572e-70,1.0968212288592113e-68,0.5031653142834591,0.47828990279325817,provisional_accepted_ensemble_tag_pending_step06_validation
VH_5_MFA_BA,VH,MFA_BA,VH_5_MFA_BA__hybrid_optuna_073,available_surface_voltage_coupled_but_ionic_recruitment_low,M_tot,1.0,BALANCED_OR_WEAK,2.8598241484540554e-299,1.282791282274325e-297,0.5171749146479331,0.48247919621487695,provisional_accepted_ensemble_tag_pending_step06_validation
VH_5_MFA_BA,VH,MFA_BA,VH_5_MFA_BA__hybrid_optuna_074,available_surface_voltage_coupled_but_ionic_recruitment_low,M_tot,1.0,BALANCED_OR_WEAK,1.8212282328361716e-05,0.04852110239679682,0.5343045911827285,0.4612767693783349,provisional_accepted_ensemble_tag_pending_step06_validation
VH_5_MFA_BA,VH,MFA_BA,VH_5_MFA_BA__hybrid_optuna_075,recruited_surface_gap_assisted_buffering,M_tot,1.0,MIXED_LOCAL,0.8572459366885106,0.02264978357462788,0.5680894928180269,0.34068663267588173,provisional_accepted_ensemble_tag_pending_step06_validation
VH_5_MFA_BA,VH,MFA_BA,VH_5_MFA_BA__hybrid_optuna_076,available_surface_voltage_coupled_but_ionic_recruitment_low,M_tot,1.0,MIXED_LOCAL,9.85967654375941e-305,2.3040313134000192e-302,0.5876053572372385,0.36941264865065343,provisional_accepted_ensemble_tag_pending_step06_validation
VH_5_MFA_BA,VH,MFA_BA,VH_5_MFA_BA__hybrid_optuna_077,recruited_surface_gap_assisted_buffering,M_tot,0.8333333333333334,BALANCED_OR_WEAK,0.820652137778326,0.3875840544576657,0.5480984252678641,0.4244189765130085,provisional_accepted_ensemble_tag_pending_step06_validation
VH_5_MFA_BA,VH,MFA_BA,VH_5_MFA_BA__hybrid_optuna_078,recruited_surface_gap_assisted_buffering,M_tot,1.0,BALANCED_OR_WEAK,0.8168816164714974,0.4983764391204631,0.5987294842016618,0.3443563808042362,provisional_accepted_ensemble_tag_pending_step06_validation
VH_5_MFA_BA,VH,MFA_BA,VH_5_MFA_BA__hybrid_optuna_079,recruited_surface_gap_assisted_buffering,M_tot,1.0,BALANCED_OR_WEAK,0.7529119877321815,0.49884867937038296,0.4992691940814607,0.5005594276497177,provisional_accepted_ensemble_tag_pending_step06_validation
VH_5_MFA_BA,VH,MFA_BA,VH_5_MFA_BA__hybrid_optuna_080,mixed_local_spatial_buffering,M_tot,1.0,STRICTLY_LOCAL,0.46686400734880257,0.0,0.16055718246069425,0.3764319861101948,provisional_accepted_ensemble_tag_pending_step06_validation
VH_5_MFA_BA,VH,MFA_BA,VH_5_MFA_BA__hybrid_optuna_081,recruited_surface_gap_assisted_buffering,M_tot,0.6666666666666666,BALANCED_OR_WEAK,0.6475546940121418,0.3150775627727817,0.4935948671137149,0.48989587459203854,provisional_accepted_ensemble_tag_pending_step06_validation
VH_5_MFA_BA,VH,MFA_BA,VH_5_MFA_BA__hybrid_optuna_082,kir_dominant_local_buffering,M_tot,0.8,STRICTLY_LOCAL,0.08713157587662573,0.00029004547606018764,0.161296057329477,0.7670857986011616,provisional_accepted_ensemble_tag_pending_step06_validation
VH_5_MFA_BA,VH,MFA_BA,VH_5_MFA_BA__hybrid_optuna_083,available_surface_voltage_coupled_but_ionic_recruitment_low,M_tot,1.0,BALANCED_OR_WEAK,2.694611480206829e-96,1.4913517660073316e-92,0.4946561077356635,0.5053274888280058,provisional_accepted_ensemble_tag_pending_step06_validation
VH_5_MFA_BA,VH,MFA_BA,VH_5_MFA_BA__hybrid_optuna_084,mixed_local_spatial_buffering,M_tot,1.0,MIXED_LOCAL,0.3479973300489266,0.0094951059462922,0.4902109904228868,0.38766409238759447,provisional_accepted_ensemble_tag_pending_step06_validation
VH_5_MFA_BA,VH,MFA_BA,VH_5_MFA_BA__hybrid_optuna_085,available_surface_voltage_coupled_but_ionic_recruitment_low,M_tot,0.5,MIXED_LOCAL,0.29600842132396493,0.18592504342769822,0.6654958447083003,0.32405373361521955,provisional_accepted_ensemble_tag_pending_step06_validation
VH_5_MFA_BA,VH,MFA_BA,VH_5_MFA_BA__hybrid_optuna_086,available_surface_voltage_coupled_but_ionic_recruitment_low,M_tot,1.0,BALANCED_OR_WEAK,9.859676543477316e-305,3.7074238017363864e-305,0.4922562066506965,0.5073517733577768,provisional_accepted_ensemble_tag_pending_step06_validation
VH_5_MFA_BA,VH,MFA_BA,VH_5_MFA_BA__hybrid_optuna_087,available_surface_voltage_coupled_but_ionic_recruitment_low,M_tot,1.0,BALANCED_OR_WEAK,9.859676543753874e-305,3.4852404312613746e-301,0.4647248843061675,0.535272375925051,provisional_accepted_ensemble_tag_pending_step06_validation
VH_5_MFA_BA,VH,MFA_BA,VH_5_MFA_BA__hybrid_optuna_088,recruited_surface_gap_assisted_buffering,M_tot,1.0,BALANCED_OR_WEAK,0.975406701464745,0.49934624229058205,0.5004129425220679,0.4987320899537447,provisional_accepted_ensemble_tag_pending_step06_validation
VH_5_MFA_BA,VH,MFA_BA,VH_5_MFA_BA__hybrid_optuna_089,recruited_surface_gap_assisted_buffering,M_tot,1.0,BALANCED_OR_WEAK,0.9658880144882215,0.49876870337344675,0.49979706406652685,0.49967241310752536,provisional_accepted_ensemble_tag_pending_step06_validation
VH_5_MFA_BA,VH,MFA_BA,VH_5_MFA_BA__hybrid_optuna_090,recruited_surface_gap_assisted_buffering,M_tot,1.0,BALANCED_OR_WEAK,0.9381470755954164,0.4991423895289802,0.5002153258512448,0.49924576685479005,provisional_accepted_ensemble_tag_pending_step06_validation
VH_5_MFA_BA,VH,MFA_BA,VH_5_MFA_BA__hybrid_optuna_091,recruited_surface_gap_assisted_buffering,M_tot,1.0,BALANCED_OR_WEAK,0.9583873129478603,0.49898767420837303,0.5003048216894062,0.4986703723540102,provisional_accepted_ensemble_tag_pending_step06_validation
VH_5_MFA_BA,VH,MFA_BA,VH_5_MFA_BA__hybrid_optuna_092,recruited_surface_gap_assisted_buffering,M_tot,1.0,BALANCED_OR_WEAK,0.9365202252510478,0.4989689548349289,0.5006893099135407,0.49842462120849135,provisional_accepted_ensemble_tag_pending_step06_validation
VH_5_MFA_BA,VH,MFA_BA,VH_5_MFA_BA__hybrid_optuna_093,recruited_surface_gap_assisted_buffering,M_tot,1.0,BALANCED_OR_WEAK,0.8782379198892326,0.4994929592694068,0.5020402319956863,0.4976611294047131,provisional_accepted_ensemble_tag_pending_step06_validation
VH_5_MFA_BA,VH,MFA_BA,VH_5_MFA_BA__hybrid_optuna_094,recruited_surface_gap_assisted_buffering,M_tot,1.0,BALANCED_OR_WEAK,0.9043195696301646,0.4989398151359609,0.5009929707808062,0.49823162564567675,provisional_accepted_ensemble_tag_pending_step06_validation
VH_5_MFA_BA,VH,MFA_BA,VH_5_MFA_BA__hybrid_optuna_096,kir_dominant_local_buffering,M_tot,1.0,STRICTLY_LOCAL,6.255268974072591e-227,5.973565993233281e-230,0.16870268283012016,0.8022754796005778,provisional_accepted_ensemble_tag_pending_step06_validation
VH_5_MFA_BA,VH,MFA_BA,VH_5_MFA_BA__hybrid_optuna_097,low_recruitment_local_storage,M_tot,1.0,MIXED_LOCAL,9.859675822881862e-305,0.0,0.35735239694833437,0.02687109818374581,provisional_accepted_ensemble_tag_pending_step06_validation
VH_5_MFA_BA,VH,MFA_BA,VH_5_MFA_BA__hybrid_post_001,available_surface_voltage_coupled_but_ionic_recruitment_low,M_tot,1.0,BALANCED_OR_WEAK,1.6135698159411143e-137,5.625280855988173e-140,0.5396842848561489,0.45914846632976797,provisional_accepted_ensemble_tag_pending_step06_validation
VH_5_MFA_BA,VH,MFA_BA,VH_5_MFA_BA__hybrid_post_002,available_surface_voltage_coupled_but_ionic_recruitment_low,M_tot,1.0,MIXED_LOCAL,9.8596765437466e-305,6.707711739773485e-304,0.5835993590333227,0.40556729799822255,provisional_accepted_ensemble_tag_pending_step06_validation
VH_5_MFA_BA,VH,MFA_BA,VH_5_MFA_BA__hybrid_post_003,available_surface_voltage_coupled_but_ionic_recruitment_low,M_tot,1.0,MIXED_LOCAL,9.859676533166926e-305,9.955700210242589e-307,0.5607186894855164,0.43631357659300307,provisional_accepted_ensemble_tag_pending_step06_validation
VH_5_MFA_BA,VH,MFA_BA,VH_5_MFA_BA__hybrid_pre_01,recruited_surface_gap_assisted_buffering,M_tot,1.0,BALANCED_OR_WEAK,0.9365202252510478,0.4989689548349289,0.5006893099135407,0.49842462120849135,provisional_accepted_ensemble_tag_pending_step06_validation
VH_5_MFA_BA,VH,MFA_BA,VH_5_MFA_BA__hybrid_pre_02,recruited_surface_gap_assisted_buffering,M_tot,1.0,BALANCED_OR_WEAK,0.9583873129478603,0.49898767420837303,0.5003048216894062,0.4986703723540102,provisional_accepted_ensemble_tag_pending_step06_validation
VH_5_MFA_BA,VH,MFA_BA,VH_5_MFA_BA__hybrid_pre_03,recruited_surface_gap_assisted_buffering,M_tot,1.0,BALANCED_OR_WEAK,0.9043195696301646,0.4989398151359609,0.5009929707808062,0.49823162564567675,provisional_accepted_ensemble_tag_pending_step06_validation
VH_5_MFA_BA,VH,MFA_BA,VH_5_MFA_BA__hybrid_pre_04,recruited_surface_gap_assisted_buffering,M_tot,1.0,BALANCED_OR_WEAK,0.9381470755954164,0.4991423895289802,0.5002153258512448,0.49924576685479005,provisional_accepted_ensemble_tag_pending_step06_validation
VH_5_MFA_BA,VH,MFA_BA,VH_5_MFA_BA__hybrid_pre_05,recruited_surface_gap_assisted_buffering,M_tot,1.0,BALANCED_OR_WEAK,0.9658880144882215,0.49876870337344675,0.49979706406652685,0.49967241310752536,provisional_accepted_ensemble_tag_pending_step06_validation
VH_5_MFA_BA,VH,MFA_BA,VH_5_MFA_BA__hybrid_pre_06,recruited_surface_gap_assisted_buffering,M_tot,1.0,BALANCED_OR_WEAK,0.975406701464745,0.49934624229058205,0.5004129425220679,0.4987320899537447,provisional_accepted_ensemble_tag_pending_step06_validation
VH_5_MFA_BA,VH,MFA_BA,VH_5_MFA_BA__hybrid_pre_07,recruited_surface_gap_assisted_buffering,M_tot,1.0,BALANCED_OR_WEAK,0.8782379198892326,0.4994929592694068,0.5020402319956863,0.4976611294047131,provisional_accepted_ensemble_tag_pending_step06_validation
VH_5_MFA_BA,VH,MFA_BA,VH_5_MFA_BA__hybrid_pre_08,recruited_surface_gap_assisted_buffering,M_tot,1.0,BALANCED_OR_WEAK,0.7529119877321815,0.49884867937038296,0.4992691940814607,0.5005594276497177,provisional_accepted_ensemble_tag_pending_step06_validation
VH_6_MFA,VH,MFA,VH_6_MFA__hybrid_optuna_943,kir_dominant_local_buffering,M_tot,1.0,STRICTLY_LOCAL,9.858509576993344e-305,2.4575141927391697e-307,0.19454579648985526,0.793704114390836,provisional_accepted_ensemble_tag_pending_step06_validation
VH_6_MFA,VH,MFA,VH_6_MFA__hybrid_optuna_950,available_surface_voltage_coupled_but_ionic_recruitment_low,M_tot,1.0,BALANCED_OR_WEAK,6.6665612304639325e-99,1.3743854289887761e-98,0.49817549445887077,0.5018216633936278,provisional_accepted_ensemble_tag_pending_step06_validation
VH_6_MFA,VH,MFA,VH_6_MFA__hybrid_optuna_970,kir_dominant_local_buffering,M_tot,1.0,STRICTLY_LOCAL,1.0543851016910911e-10,2.908014260812503e-12,0.31399341764982336,0.668386964193379,provisional_accepted_ensemble_tag_pending_step06_validation
VH_6_MFA_BA,VH,MFA_BA,VH_6_MFA_BA__hybrid_optuna_001,available_surface_voltage_coupled_but_ionic_recruitment_low,M_tot,1.0,BALANCED_OR_WEAK,1.1885421809099811e-07,0.00036259050315769176,0.5001100475820827,0.4991062413804413,provisional_accepted_ensemble_tag_pending_step06_validation
VH_6_MFA_BA,VH,MFA_BA,VH_6_MFA_BA__hybrid_optuna_002,available_surface_voltage_coupled_but_ionic_recruitment_low,M_tot,1.0,BALANCED_OR_WEAK,5.536077144200633e-10,1.8961288635217718e-06,0.5000675498666945,0.4990917091537847,provisional_accepted_ensemble_tag_pending_step06_validation
VH_6_MFA_BA,VH,MFA_BA,VH_6_MFA_BA__hybrid_optuna_003,available_surface_voltage_coupled_but_ionic_recruitment_low,M_tot,1.0,BALANCED_OR_WEAK,8.517922391221837e-10,2.8547100064958154e-06,0.5001198524479257,0.4990990358930622,provisional_accepted_ensemble_tag_pending_step06_validation
VH_6_MFA_BA,VH,MFA_BA,VH_6_MFA_BA__hybrid_optuna_004,available_surface_voltage_coupled_but_ionic_recruitment_low,M_tot,1.0,BALANCED_OR_WEAK,2.113933980049943e-11,3.5418641808796887e-07,0.5000284779113858,0.4994965645974556,provisional_accepted_ensemble_tag_pending_step06_validation
VH_6_MFA_BA,VH,MFA_BA,VH_6_MFA_BA__hybrid_optuna_005,available_surface_voltage_coupled_but_ionic_recruitment_low,M_tot,1.0,BALANCED_OR_WEAK,9.039351148294681e-31,1.6131920343511988e-26,0.5000759166550366,0.49811782934597826,provisional_accepted_ensemble_tag_pending_step06_validation
VH_6_MFA_BA,VH,MFA_BA,VH_6_MFA_BA__hybrid_optuna_006,available_surface_voltage_coupled_but_ionic_recruitment_low,M_tot,1.0,BALANCED_OR_WEAK,6.8828773415118035e-09,2.9218839947242473e-05,0.5001376925786699,0.4994236261422465,provisional_accepted_ensemble_tag_pending_step06_validation
VH_6_MFA_BA,VH,MFA_BA,VH_6_MFA_BA__hybrid_optuna_007,available_surface_voltage_coupled_but_ionic_recruitment_low,M_tot,1.0,BALANCED_OR_WEAK,1.1416972498568122e-06,0.0036882009689432303,0.5002365491934672,0.49912950686937335,provisional_accepted_ensemble_tag_pending_step06_validation
VH_6_MFA_BA,VH,MFA_BA,VH_6_MFA_BA__hybrid_optuna_008,available_surface_voltage_coupled_but_ionic_recruitment_low,M_tot,1.0,BALANCED_OR_WEAK,0.001607568742663183,0.4928517265002867,0.5002547450094295,0.49963634326220085,provisional_accepted_ensemble_tag_pending_step06_validation
VH_6_MFA_BA,VH,MFA_BA,VH_6_MFA_BA__hybrid_optuna_009,available_surface_voltage_coupled_but_ionic_recruitment_low,M_tot,1.0,BALANCED_OR_WEAK,2.6864132191035163e-06,0.008717565295786702,0.5002589148338261,0.4992097099031716,provisional_accepted_ensemble_tag_pending_step06_validation
VH_6_MFA_BA,VH,MFA_BA,VH_6_MFA_BA__hybrid_optuna_010,recruited_surface_gap_assisted_buffering,M_tot,0.8333333333333334,BALANCED_OR_WEAK,0.5884577014968166,0.24491849988865008,0.5002823980759932,0.49971407115838945,provisional_accepted_ensemble_tag_pending_step06_validation
VH_6_MFA_BA,VH,MFA_BA,VH_6_MFA_BA__hybrid_optuna_011,available_surface_voltage_coupled_but_ionic_recruitment_low,M_tot,1.0,BALANCED_OR_WEAK,3.02929365857342e-07,0.0024412956873755653,0.5002723333169349,0.49958970671608505,provisional_accepted_ensemble_tag_pending_step06_validation
VH_6_MFA_BA,VH,MFA_BA,VH_6_MFA_BA__hybrid_optuna_012,available_surface_voltage_coupled_but_ionic_recruitment_low,M_tot,1.0,BALANCED_OR_WEAK,0.006555599922886506,0.4704527246998343,0.5002368431271986,0.4996240640584371,provisional_accepted_ensemble_tag_pending_step06_validation
VH_6_MFA_BA,VH,MFA_BA,VH_6_MFA_BA__hybrid_optuna_013,mixed_local_spatial_buffering,M_tot,1.0,BALANCED_OR_WEAK,0.49839275937119704,0.49211307879619687,0.5000972579408197,0.4999021927703004,provisional_accepted_ensemble_tag_pending_step06_validation
VH_6_MFA_BA,VH,MFA_BA,VH_6_MFA_BA__hybrid_optuna_014,mixed_local_spatial_buffering,M_tot,1.0,BALANCED_OR_WEAK,0.43689152742572235,0.49967414415565264,0.5002008392535703,0.4997926919398014,provisional_accepted_ensemble_tag_pending_step06_validation
VH_6_MFA_BA,VH,MFA_BA,VH_6_MFA_BA__hybrid_optuna_015,available_surface_voltage_coupled_but_ionic_recruitment_low,M_tot,1.0,BALANCED_OR_WEAK,0.00528183297422592,0.4953544774260951,0.5000288231631119,0.4999356785186834,provisional_accepted_ensemble_tag_pending_step06_validation
VH_6_MFA_BA,VH,MFA_BA,VH_6_MFA_BA__hybrid_optuna_016,available_surface_voltage_coupled_but_ionic_recruitment_low,M_tot,1.0,BALANCED_OR_WEAK,3.70562046466034e-10,3.420205103121242e-06,0.5003591445895089,0.4994525242570109,provisional_accepted_ensemble_tag_pending_step06_validation
VH_6_MFA_BA,VH,MFA_BA,VH_6_MFA_BA__hybrid_optuna_017,available_surface_voltage_coupled_but_ionic_recruitment_low,M_tot,1.0,BALANCED_OR_WEAK,1.3424148478573628e-09,3.078072031630736e-06,0.5003604135793572,0.49525750477191505,provisional_accepted_ensemble_tag_pending_step06_validation
VH_6_MFA_BA,VH,MFA_BA,VH_6_MFA_BA__hybrid_optuna_018,mixed_local_spatial_buffering,M_tot,1.0,BALANCED_OR_WEAK,0.3932712305540016,0.49970032370011336,0.5002701795946639,0.49963472222578736,provisional_accepted_ensemble_tag_pending_step06_validation
VH_6_MFA_BA,VH,MFA_BA,VH_6_MFA_BA__hybrid_optuna_019,available_surface_voltage_coupled_but_ionic_recruitment_low,M_tot,1.0,BALANCED_OR_WEAK,1.3470508893273284e-10,6.99044842591922e-07,0.49999713957414077,0.4995671572535297,provisional_accepted_ensemble_tag_pending_step06_validation
VH_6_MFA_BA,VH,MFA_BA,VH_6_MFA_BA__hybrid_optuna_020,mixed_local_spatial_buffering,M_tot,1.0,BALANCED_OR_WEAK,0.4969948184095492,0.49668956996155583,0.5000566060357948,0.49994286322741105,provisional_accepted_ensemble_tag_pending_step06_validation
VH_6_MFA_BA,VH,MFA_BA,VH_6_MFA_BA__hybrid_optuna_021,mixed_local_spatial_buffering,M_tot,1.0,BALANCED_OR_WEAK,0.40744724392344983,0.49970929684266635,0.5002780375056494,0.4997184161730703,provisional_accepted_ensemble_tag_pending_step06_validation
VH_6_MFA_BA,VH,MFA_BA,VH_6_MFA_BA__hybrid_optuna_022,mixed_local_spatial_buffering,M_tot,1.0,BALANCED_OR_WEAK,0.42943760490348404,0.49969774596822664,0.500314422716888,0.4995845162346753,provisional_accepted_ensemble_tag_pending_step06_validation
VH_6_MFA_BA,VH,MFA_BA,VH_6_MFA_BA__hybrid_optuna_023,mixed_local_spatial_buffering,M_tot,1.0,BALANCED_OR_WEAK,0.4924277896471921,0.490361397009108,0.5000345335238466,0.4999648296451813,provisional_accepted_ensemble_tag_pending_step06_validation
VH_6_MFA_BA,VH,MFA_BA,VH_6_MFA_BA__hybrid_optuna_024,available_surface_voltage_coupled_but_ionic_recruitment_low,M_tot,1.0,BALANCED_OR_WEAK,1.7671062463978861e-12,1.4418630245334257e-08,0.5004070531788338,0.4993990963350288,provisional_accepted_ensemble_tag_pending_step06_validation
VH_6_MFA_BA,VH,MFA_BA,VH_6_MFA_BA__hybrid_optuna_025,mixed_local_spatial_buffering,M_tot,1.0,BALANCED_OR_WEAK,0.46582081456776026,0.2627122652326613,0.5000381693725674,0.4999596162223869,provisional_accepted_ensemble_tag_pending_step06_validation
VH_6_MFA_BA,VH,MFA_BA,VH_6_MFA_BA__hybrid_optuna_026,recruited_surface_gap_assisted_buffering,M_tot,1.0,BALANCED_OR_WEAK,0.5023128938781041,0.4593568855944281,0.49999172380331736,0.4999893497123477,provisional_accepted_ensemble_tag_pending_step06_validation
VH_6_MFA_BA,VH,MFA_BA,VH_6_MFA_BA__hybrid_optuna_027,mixed_local_spatial_buffering,M_tot,1.0,BALANCED_OR_WEAK,0.47691955082455895,0.4905892321056968,0.5003365313362015,0.4996631189894744,provisional_accepted_ensemble_tag_pending_step06_validation
VH_6_MFA_BA,VH,MFA_BA,VH_6_MFA_BA__hybrid_optuna_028,mixed_local_spatial_buffering,M_tot,1.0,BALANCED_OR_WEAK,0.4959456402930438,0.49544812460601556,0.5001127961269999,0.4998771755306253,provisional_accepted_ensemble_tag_pending_step06_validation
VH_6_MFA_BA,VH,MFA_BA,VH_6_MFA_BA__hybrid_optuna_029,mixed_local_spatial_buffering,M_tot,0.8333333333333334,BALANCED_OR_WEAK,0.48653116633724225,0.4995986093905034,0.5000251773502712,0.49997355017075235,provisional_accepted_ensemble_tag_pending_step06_validation
VH_6_MFA_BA,VH,MFA_BA,VH_6_MFA_BA__hybrid_optuna_030,mixed_local_spatial_buffering,M_tot,1.0,BALANCED_OR_WEAK,0.4918650200986692,0.3971099525985557,0.49997056335820617,0.5000287123560886,provisional_accepted_ensemble_tag_pending_step06_validation
VH_6_MFA_BA,VH,MFA_BA,VH_6_MFA_BA__hybrid_optuna_031,mixed_local_spatial_buffering,M_tot,1.0,BALANCED_OR_WEAK,0.30586831959745575,0.499469855020082,0.49982270837435877,0.5000412661832191,provisional_accepted_ensemble_tag_pending_step06_validation
VH_6_MFA_BA,VH,MFA_BA,VH_6_MFA_BA__hybrid_optuna_032,recruited_surface_gap_assisted_buffering,M_tot,1.0,BALANCED_OR_WEAK,0.7529118947439634,0.498848570078335,0.49926919534829367,0.500559426404973,provisional_accepted_ensemble_tag_pending_step06_validation
VH_6_MFA_BA,VH,MFA_BA,VH_6_MFA_BA__hybrid_optuna_033,available_surface_voltage_coupled_but_ionic_recruitment_low,M_tot,1.0,BALANCED_OR_WEAK,1.6230543607305288e-10,2.905614369440616e-07,0.49990079616798155,0.49897652963718375,provisional_accepted_ensemble_tag_pending_step06_validation
VH_6_MFA_BA,VH,MFA_BA,VH_6_MFA_BA__hybrid_optuna_034,mixed_local_spatial_buffering,M_tot,1.0,BALANCED_OR_WEAK,0.49486248030019236,0.49497625407472107,0.5004209871232833,0.49957879976290126,provisional_accepted_ensemble_tag_pending_step06_validation
VH_6_MFA_BA,VH,MFA_BA,VH_6_MFA_BA__hybrid_optuna_035,mixed_local_spatial_buffering,M_tot,1.0,BALANCED_OR_WEAK,0.47009384564207823,0.49971352396265817,0.5004142565006661,0.499583512105881,provisional_accepted_ensemble_tag_pending_step06_validation
VH_6_MFA_BA,VH,MFA_BA,VH_6_MFA_BA__hybrid_optuna_036,mixed_local_spatial_buffering,M_tot,1.0,BALANCED_OR_WEAK,0.10649578112653918,0.49686483692180156,0.5004431773489696,0.4995404549902538,provisional_accepted_ensemble_tag_pending_step06_validation
VH_6_MFA_BA,VH,MFA_BA,VH_6_MFA_BA__hybrid_optuna_037,available_surface_voltage_coupled_but_ionic_recruitment_low,M_tot,1.0,BALANCED_OR_WEAK,1.3664777528482525e-11,1.9928765188252377e-07,0.50007019997684,0.499826988410226,provisional_accepted_ensemble_tag_pending_step06_validation
VH_6_MFA_BA,VH,MFA_BA,VH_6_MFA_BA__hybrid_optuna_038,mixed_local_spatial_buffering,M_tot,1.0,BALANCED_OR_WEAK,0.3965116099595463,0.4994515321138484,0.4999341199059471,0.5000657788021476,provisional_accepted_ensemble_tag_pending_step06_validation
VH_6_MFA_BA,VH,MFA_BA,VH_6_MFA_BA__hybrid_optuna_039,mixed_local_spatial_buffering,M_tot,1.0,BALANCED_OR_WEAK,0.4835674606463718,0.32752201129409686,0.4999436482333228,0.5000536729089574,provisional_accepted_ensemble_tag_pending_step06_validation
VH_6_MFA_BA,VH,MFA_BA,VH_6_MFA_BA__hybrid_optuna_040,available_surface_voltage_coupled_but_ionic_recruitment_low,M_tot,1.0,BALANCED_OR_WEAK,1.1641227674018785e-05,0.21206640299050303,0.49983045984121777,0.49465771541338527,provisional_accepted_ensemble_tag_pending_step06_validation
VH_6_MFA_BA,VH,MFA_BA,VH_6_MFA_BA__hybrid_optuna_041,available_surface_voltage_coupled_but_ionic_recruitment_low,M_tot,1.0,BALANCED_OR_WEAK,0.016249184705656554,0.48020048439484225,0.5007613821855958,0.4987843601441117,provisional_accepted_ensemble_tag_pending_step06_validation
VH_6_MFA_BA,VH,MFA_BA,VH_6_MFA_BA__hybrid_optuna_042,available_surface_voltage_coupled_but_ionic_recruitment_low,M_tot,1.0,BALANCED_OR_WEAK,5.700553323572408e-06,0.14787323045147166,0.4998307190240561,0.49498139035933564,provisional_accepted_ensemble_tag_pending_step06_validation
VH_6_MFA_BA,VH,MFA_BA,VH_6_MFA_BA__hybrid_optuna_043,recruited_surface_gap_assisted_buffering,M_tot,0.8333333333333334,BALANCED_OR_WEAK,0.5496466601759034,0.49974720869696093,0.5006199826900435,0.4991142400760098,provisional_accepted_ensemble_tag_pending_step06_validation
VH_6_MFA_BA,VH,MFA_BA,VH_6_MFA_BA__hybrid_optuna_044,mixed_local_spatial_buffering,M_tot,1.0,BALANCED_OR_WEAK,0.14002896866556871,0.4938980343220605,0.4998044281882373,0.5001018190783147,provisional_accepted_ensemble_tag_pending_step06_validation
VH_6_MFA_BA,VH,MFA_BA,VH_6_MFA_BA__hybrid_optuna_045,mixed_local_spatial_buffering,M_tot,0.8333333333333334,BALANCED_OR_WEAK,0.4982796004219329,0.48614078877270644,0.5007297012858741,0.49927010454350024,provisional_accepted_ensemble_tag_pending_step06_validation
VH_6_MFA_BA,VH,MFA_BA,VH_6_MFA_BA__hybrid_optuna_046,available_surface_voltage_coupled_but_ionic_recruitment_low,M_tot,1.0,BALANCED_OR_WEAK,9.853585622433122e-08,0.0025224123266080986,0.49980694167855644,0.494226031689267,provisional_accepted_ensemble_tag_pending_step06_validation
VH_6_MFA_BA,VH,MFA_BA,VH_6_MFA_BA__hybrid_optuna_047,mixed_local_spatial_buffering,M_tot,1.0,BALANCED_OR_WEAK,0.2543425185765001,0.49867176445666145,0.4993308301740358,0.494010257557377,provisional_accepted_ensemble_tag_pending_step06_validation
VH_6_MFA_BA,VH,MFA_BA,VH_6_MFA_BA__hybrid_optuna_048,recruited_surface_gap_assisted_buffering,M_tot,1.0,BALANCED_OR_WEAK,0.5071154684642869,0.4995643342453551,0.5007970578220402,0.4992029179885514,provisional_accepted_ensemble_tag_pending_step06_validation
VH_6_MFA_BA,VH,MFA_BA,VH_6_MFA_BA__hybrid_optuna_049,recruited_surface_gap_assisted_buffering,M_tot,1.0,BALANCED_OR_WEAK,0.975406701464745,0.49934624229058205,0.5004129425220679,0.4987320899537447,provisional_accepted_ensemble_tag_pending_step06_validation
VH_6_MFA_BA,VH,MFA_BA,VH_6_MFA_BA__hybrid_optuna_050,recruited_surface_gap_assisted_buffering,M_tot,1.0,BALANCED_OR_WEAK,0.9658880144882215,0.49876870337344675,0.49979706406652685,0.49967241310752536,provisional_accepted_ensemble_tag_pending_step06_validation
VH_6_MFA_BA,VH,MFA_BA,VH_6_MFA_BA__hybrid_optuna_051,recruited_surface_gap_assisted_buffering,M_tot,1.0,BALANCED_OR_WEAK,0.9381470755954164,0.4991423895289802,0.5002153258512448,0.49924576685479005,provisional_accepted_ensemble_tag_pending_step06_validation
VH_6_MFA_BA,VH,MFA_BA,VH_6_MFA_BA__hybrid_optuna_053,mixed_local_spatial_buffering,M_tot,1.0,BALANCED_OR_WEAK,0.4782104697201128,0.4996140312510859,0.5001953377583301,0.49980179070766234,provisional_accepted_ensemble_tag_pending_step06_validation
VH_6_MFA_BA,VH,MFA_BA,VH_6_MFA_BA__hybrid_optuna_054,recruited_surface_gap_assisted_buffering,M_tot,1.0,BALANCED_OR_WEAK,0.5062017006889213,0.4823127534243117,0.4998310028717976,0.5001684119745113,provisional_accepted_ensemble_tag_pending_step06_validation
VH_6_MFA_BA,VH,MFA_BA,VH_6_MFA_BA__hybrid_optuna_055,recruited_surface_gap_assisted_buffering,M_tot,1.0,BALANCED_OR_WEAK,0.9583873129478603,0.49898767420837303,0.5003048216894062,0.4986703723540102,provisional_accepted_ensemble_tag_pending_step06_validation
VH_6_MFA_BA,VH,MFA_BA,VH_6_MFA_BA__hybrid_optuna_056,mixed_local_spatial_buffering,M_tot,1.0,BALANCED_OR_WEAK,0.4917337180618797,0.4997417875493448,0.5010848951787948,0.498914971101273,provisional_accepted_ensemble_tag_pending_step06_validation
VH_6_MFA_BA,VH,MFA_BA,VH_6_MFA_BA__hybrid_optuna_057,recruited_surface_gap_assisted_buffering,M_tot,0.8333333333333334,MIXED_LOCAL,0.5435726159994682,0.37513270948334543,0.7450599607203623,0.19463423982244768,provisional_accepted_ensemble_tag_pending_step06_validation
VH_6_MFA_BA,VH,MFA_BA,VH_6_MFA_BA__hybrid_optuna_058,mixed_local_spatial_buffering,M_tot,1.0,BALANCED_OR_WEAK,0.40704353384771697,0.4970521834532748,0.4973252511385053,0.5026700270111005,provisional_accepted_ensemble_tag_pending_step06_validation
VH_6_MFA_BA,VH,MFA_BA,VH_6_MFA_BA__hybrid_optuna_059,recruited_surface_gap_assisted_buffering,M_tot,1.0,BALANCED_OR_WEAK,0.5541518699571241,0.4994889673749594,0.5016039479238078,0.49827854231953844,provisional_accepted_ensemble_tag_pending_step06_validation
VH_6_MFA_BA,VH,MFA_BA,VH_6_MFA_BA__hybrid_optuna_060,recruited_surface_gap_assisted_buffering,M_tot,1.0,BALANCED_OR_WEAK,0.9365202252510478,0.4989689548349289,0.5006893099135407,0.49842462120849135,provisional_accepted_ensemble_tag_pending_step06_validation
VH_6_MFA_BA,VH,MFA_BA,VH_6_MFA_BA__hybrid_optuna_061,mixed_local_spatial_buffering,M_tot,1.0,BALANCED_OR_WEAK,0.40150957611446697,0.4997612422465479,0.5019024291132224,0.4980936964398688,provisional_accepted_ensemble_tag_pending_step06_validation
VH_6_MFA_BA,VH,MFA_BA,VH_6_MFA_BA__hybrid_optuna_062,recruited_surface_gap_assisted_buffering,M_tot,1.0,BALANCED_OR_WEAK,0.8782379198892326,0.4994929592694068,0.5020402319956863,0.4976611294047131,provisional_accepted_ensemble_tag_pending_step06_validation
VH_6_MFA_BA,VH,MFA_BA,VH_6_MFA_BA__hybrid_optuna_063,recruited_surface_gap_assisted_buffering,M_tot,1.0,BALANCED_OR_WEAK,0.9043195696301646,0.4989398151359609,0.5009929707808062,0.49823162564567675,provisional_accepted_ensemble_tag_pending_step06_validation
VH_6_MFA_BA,VH,MFA_BA,VH_6_MFA_BA__hybrid_optuna_064,mixed_local_spatial_buffering,M_tot,1.0,BALANCED_OR_WEAK,0.46608678718682744,0.49886266906960913,0.49912524345271514,0.4246247131539687,provisional_accepted_ensemble_tag_pending_step06_validation
VH_6_MFA_BA,VH,MFA_BA,VH_6_MFA_BA__hybrid_optuna_065,mixed_local_spatial_buffering,M_tot,1.0,BALANCED_OR_WEAK,0.32606657643172765,0.22599611239448095,0.5147937807842715,0.48461784152398185,provisional_accepted_ensemble_tag_pending_step06_validation
VH_6_MFA_BA,VH,MFA_BA,VH_6_MFA_BA__hybrid_optuna_066,available_surface_voltage_coupled_but_ionic_recruitment_low,M_tot,1.0,BALANCED_OR_WEAK,3.840720279556628e-44,1.0037429958446782e-39,0.4997828054954157,0.49972911925532776,provisional_accepted_ensemble_tag_pending_step06_validation
VH_6_MFA_BA,VH,MFA_BA,VH_6_MFA_BA__hybrid_optuna_067,recruited_surface_gap_assisted_buffering,M_tot,1.0,BALANCED_OR_WEAK,0.6245801643786227,0.0495528775005647,0.5016878640049989,0.49831052208907517,provisional_accepted_ensemble_tag_pending_step06_validation
VH_6_MFA_BA,VH,MFA_BA,VH_6_MFA_BA__hybrid_optuna_068,mixed_local_spatial_buffering,M_tot,1.0,BALANCED_OR_WEAK,0.18682216334076593,0.49441440851961865,0.5001906706674936,0.4998052914668099,provisional_accepted_ensemble_tag_pending_step06_validation
VH_6_MFA_BA,VH,MFA_BA,VH_6_MFA_BA__hybrid_optuna_069,mixed_local_spatial_buffering,M_tot,1.0,BALANCED_OR_WEAK,0.3498337794085591,0.4579335270862243,0.49379575951161575,0.10419631697915349,provisional_accepted_ensemble_tag_pending_step06_validation
VH_6_MFA_BA,VH,MFA_BA,VH_6_MFA_BA__hybrid_optuna_070,available_surface_voltage_coupled_but_ionic_recruitment_low,M_tot,1.0,BALANCED_OR_WEAK,0.025470040878397413,0.4813362567725352,0.6128495996724953,0.2945469880941742,provisional_accepted_ensemble_tag_pending_step06_validation
VH_6_MFA_BA,VH,MFA_BA,VH_6_MFA_BA__hybrid_optuna_071,mixed_local_spatial_buffering,M_tot,1.0,BALANCED_OR_WEAK,0.16979176058448392,0.11749645551148435,0.503078573080863,0.49691399000106734,provisional_accepted_ensemble_tag_pending_step06_validation
VH_6_MFA_BA,VH,MFA_BA,VH_6_MFA_BA__hybrid_optuna_072,available_surface_voltage_coupled_but_ionic_recruitment_low,M_tot,1.0,BALANCED_OR_WEAK,3.8689789323953984e-08,1.0999251450251743e-06,0.5015342951356502,0.4984290068417958,provisional_accepted_ensemble_tag_pending_step06_validation
VH_6_MFA_BA,VH,MFA_BA,VH_6_MFA_BA__hybrid_optuna_073,available_surface_voltage_coupled_but_ionic_recruitment_low,M_tot,1.0,BALANCED_OR_WEAK,0.0007709155816856529,0.5314463964168891,0.5004983952142522,0.49949873603060735,provisional_accepted_ensemble_tag_pending_step06_validation
VH_6_MFA_BA,VH,MFA_BA,VH_6_MFA_BA__hybrid_optuna_074,mixed_local_spatial_buffering,M_tot,1.0,BALANCED_OR_WEAK,0.21854731086941548,0.48376029944079896,0.49972511717847573,0.5002608393106471,provisional_accepted_ensemble_tag_pending_step06_validation
VH_6_MFA_BA,VH,MFA_BA,VH_6_MFA_BA__hybrid_optuna_075,mixed_local_spatial_buffering,M_tot,1.0,BALANCED_OR_WEAK,0.43153703550793426,0.49928175311253065,0.5002960574024147,0.47411316232719275,provisional_accepted_ensemble_tag_pending_step06_validation
VH_6_MFA_BA,VH,MFA_BA,VH_6_MFA_BA__hybrid_optuna_076,available_surface_voltage_coupled_but_ionic_recruitment_low,M_tot,1.0,BALANCED_OR_WEAK,0.00039929740878823385,0.4126586367904251,0.4997099762831136,0.500060606712609,provisional_accepted_ensemble_tag_pending_step06_validation
VH_6_MFA_BA,VH,MFA_BA,VH_6_MFA_BA__hybrid_optuna_077,kir_dominant_local_buffering,M_tot,1.0,STRICTLY_LOCAL,1.7774906022034683e-37,3.700513445987194e-38,0.3288001016985837,0.6632218229881801,provisional_accepted_ensemble_tag_pending_step06_validation
VH_6_MFA_BA,VH,MFA_BA,VH_6_MFA_BA__hybrid_optuna_078,available_surface_voltage_coupled_but_ionic_recruitment_low,M_tot,1.0,BALANCED_OR_WEAK,1.6161387832523223e-06,0.061951293585286726,0.5033508879113031,0.4965951989129474,provisional_accepted_ensemble_tag_pending_step06_validation
VH_6_MFA_BA,VH,MFA_BA,VH_6_MFA_BA__hybrid_optuna_079,mixed_local_spatial_buffering,M_tot,1.0,BALANCED_OR_WEAK,0.418980518061119,0.49968085240293675,0.5002741879764625,0.49972058724893254,provisional_accepted_ensemble_tag_pending_step06_validation
VH_6_MFA_BA,VH,MFA_BA,VH_6_MFA_BA__hybrid_optuna_080,mixed_local_spatial_buffering,M_tot,1.0,BALANCED_OR_WEAK,0.3034373371893408,0.4997242812330389,0.50104267583071,0.49895643772202475,provisional_accepted_ensemble_tag_pending_step06_validation
VH_6_MFA_BA,VH,MFA_BA,VH_6_MFA_BA__hybrid_optuna_081,mixed_local_spatial_buffering,M_tot,1.0,BALANCED_OR_WEAK,0.4920919253667208,0.49975316673202214,0.502787911840436,0.49721163020936743,provisional_accepted_ensemble_tag_pending_step06_validation
VH_6_MFA_BA,VH,MFA_BA,VH_6_MFA_BA__hybrid_optuna_082,mixed_local_spatial_buffering,M_tot,1.0,BALANCED_OR_WEAK,0.13638252138561735,0.49798137975951917,0.49914944451698545,0.07484705087735997,provisional_accepted_ensemble_tag_pending_step06_validation
VH_6_MFA_BA,VH,MFA_BA,VH_6_MFA_BA__hybrid_optuna_083,available_surface_voltage_coupled_but_ionic_recruitment_low,M_tot,1.0,BALANCED_OR_WEAK,7.408499080537676e-19,2.876524793304685e-15,0.499324112716254,0.49909759963064876,provisional_accepted_ensemble_tag_pending_step06_validation
VH_6_MFA_BA,VH,MFA_BA,VH_6_MFA_BA__hybrid_optuna_084,mixed_local_spatial_buffering,M_tot,1.0,BALANCED_OR_WEAK,0.49280874568960215,0.4268376844754254,0.49918325907213723,0.5008164261578388,provisional_accepted_ensemble_tag_pending_step06_validation
VH_6_MFA_BA,VH,MFA_BA,VH_6_MFA_BA__hybrid_optuna_085,available_surface_voltage_coupled_but_ionic_recruitment_low,M_tot,1.0,BALANCED_OR_WEAK,0.008383655406482926,0.49873855946557727,0.4989478726091368,0.49996166745762793,provisional_accepted_ensemble_tag_pending_step06_validation
VH_6_MFA_BA,VH,MFA_BA,VH_6_MFA_BA__hybrid_optuna_086,recruited_surface_gap_assisted_buffering,M_tot,1.0,BALANCED_OR_WEAK,0.9611412049292808,0.4592093007522602,0.6501043778039083,0.34935563936973385,provisional_accepted_ensemble_tag_pending_step06_validation
VH_6_MFA_BA,VH,MFA_BA,VH_6_MFA_BA__hybrid_optuna_087,available_surface_voltage_coupled_but_ionic_recruitment_low,M_tot,1.0,BALANCED_OR_WEAK,1.0594628069441472e-51,8.091165876742234e-49,0.4980141960196686,0.47499510991842336,provisional_accepted_ensemble_tag_pending_step06_validation
VH_6_MFA_BA,VH,MFA_BA,VH_6_MFA_BA__hybrid_optuna_088,mixed_local_spatial_buffering,M_tot,1.0,STRICTLY_LOCAL,0.4594987011969673,0.0,0.000650953473195874,0.5123109357730938,provisional_accepted_ensemble_tag_pending_step06_validation
VH_6_MFA_BA,VH,MFA_BA,VH_6_MFA_BA__hybrid_optuna_089,available_surface_voltage_coupled_but_ionic_recruitment_low,M_tot,1.0,BALANCED_OR_WEAK,4.292375017311301e-99,4.6714422133393e-96,0.47909812355007736,0.4952659550398855,provisional_accepted_ensemble_tag_pending_step06_validation
VH_6_MFA_BA,VH,MFA_BA,VH_6_MFA_BA__hybrid_optuna_090,mixed_local_spatial_buffering,M_tot,1.0,BALANCED_OR_WEAK,0.37040794695234586,0.32619860118962185,0.47616086609655367,0.5168976916140595,provisional_accepted_ensemble_tag_pending_step06_validation
VH_6_MFA_BA,VH,MFA_BA,VH_6_MFA_BA__hybrid_optuna_091,mixed_local_spatial_buffering,M_tot,1.0,STRICTLY_LOCAL,0.49628825526685927,0.00010644796565214625,0.033526431251627416,0.9662073207808194,provisional_accepted_ensemble_tag_pending_step06_validation
VH_6_MFA_BA,VH,MFA_BA,VH_6_MFA_BA__hybrid_optuna_092,kir_dominant_local_buffering,M_tot,1.0,STRICTLY_LOCAL,1.2994009665539846e-111,9.086468616521249e-115,0.28944974628799386,0.7089398023477907,provisional_accepted_ensemble_tag_pending_step06_validation
VH_6_MFA_BA,VH,MFA_BA,VH_6_MFA_BA__hybrid_optuna_093,available_surface_voltage_coupled_but_ionic_recruitment_low,M_tot,1.0,BALANCED_OR_WEAK,0.005595723335987547,0.5000424397460853,0.5041042648181089,0.49582587927482735,provisional_accepted_ensemble_tag_pending_step06_validation
VH_6_MFA_BA,VH,MFA_BA,VH_6_MFA_BA__hybrid_optuna_094,available_surface_voltage_coupled_but_ionic_recruitment_low,M_tot,1.0,BALANCED_OR_WEAK,0.0028061656088465806,0.41855151420247066,0.49909020666229265,0.49180307356733904,provisional_accepted_ensemble_tag_pending_step06_validation
VH_6_MFA_BA,VH,MFA_BA,VH_6_MFA_BA__hybrid_optuna_095,mixed_local_spatial_buffering,M_tot,1.0,BALANCED_OR_WEAK,0.4724661715173227,0.08971108259652856,0.4992772324629986,0.5007195223021826,provisional_accepted_ensemble_tag_pending_step06_validation
VH_6_MFA_BA,VH,MFA_BA,VH_6_MFA_BA__hybrid_optuna_096,available_surface_voltage_coupled_but_ionic_recruitment_low,M_tot,1.0,BALANCED_OR_WEAK,0.0031475452092408936,0.4544999694842131,0.4988229514143354,0.47667086819604076,provisional_accepted_ensemble_tag_pending_step06_validation
VH_6_MFA_BA,VH,MFA_BA,VH_6_MFA_BA__hybrid_optuna_097,available_surface_voltage_coupled_but_ionic_recruitment_low,M_tot,1.0,BALANCED_OR_WEAK,0.09745631655416655,0.4970873674841523,0.4968206726486601,0.5027571819336276,provisional_accepted_ensemble_tag_pending_step06_validation
VH_6_MFA_BA,VH,MFA_BA,VH_6_MFA_BA__hybrid_optuna_098,available_surface_voltage_coupled_but_ionic_recruitment_low,M_tot,1.0,BALANCED_OR_WEAK,0.04685545399417957,0.2521831392580739,0.4804465923713743,0.5195076059901166,provisional_accepted_ensemble_tag_pending_step06_validation
VH_6_MFA_BA,VH,MFA_BA,VH_6_MFA_BA__hybrid_optuna_100,mixed_local_spatial_buffering,M_tot,1.0,BALANCED_OR_WEAK,0.28128565921718124,0.4686793105797864,0.31951832375254113,0.38908177585618464,provisional_accepted_ensemble_tag_pending_step06_validation
VH_6_MFA_BA,VH,MFA_BA,VH_6_MFA_BA__hybrid_post_001,available_surface_voltage_coupled_but_ionic_recruitment_low,M_tot,1.0,BALANCED_OR_WEAK,1.1885474038983856e-07,0.00036249800208629587,0.5001101664645323,0.4991058034947484,provisional_accepted_ensemble_tag_pending_step06_validation
VH_6_MFA_BA,VH,MFA_BA,VH_6_MFA_BA__hybrid_post_002,available_surface_voltage_coupled_but_ionic_recruitment_low,M_tot,1.0,BALANCED_OR_WEAK,5.537690514060756e-10,2.820170660782571e-11,0.5000716715697799,0.49909731511392813,provisional_accepted_ensemble_tag_pending_step06_validation
VH_6_MFA_BA,VH,MFA_BA,VH_6_MFA_BA__hybrid_post_003,available_surface_voltage_coupled_but_ionic_recruitment_low,M_tot,1.0,BALANCED_OR_WEAK,8.512730424857683e-10,0.0003514787212621788,0.5001231913386601,0.49910028446484717,provisional_accepted_ensemble_tag_pending_step06_validation
VH_6_MFA_BA,VH,MFA_BA,VH_6_MFA_BA__hybrid_pre_01,recruited_surface_gap_assisted_buffering,M_tot,1.0,BALANCED_OR_WEAK,0.9365202252510478,0.4989689548349289,0.5006893099135407,0.49842462120849135,provisional_accepted_ensemble_tag_pending_step06_validation
VH_6_MFA_BA,VH,MFA_BA,VH_6_MFA_BA__hybrid_pre_02,recruited_surface_gap_assisted_buffering,M_tot,1.0,BALANCED_OR_WEAK,0.9583873129478603,0.49898767420837303,0.5003048216894062,0.4986703723540102,provisional_accepted_ensemble_tag_pending_step06_validation
VH_6_MFA_BA,VH,MFA_BA,VH_6_MFA_BA__hybrid_pre_03,recruited_surface_gap_assisted_buffering,M_tot,1.0,BALANCED_OR_WEAK,0.9043195696301646,0.4989398151359609,0.5009929707808062,0.49823162564567675,provisional_accepted_ensemble_tag_pending_step06_validation
VH_6_MFA_BA,VH,MFA_BA,VH_6_MFA_BA__hybrid_pre_04,recruited_surface_gap_assisted_buffering,M_tot,1.0,BALANCED_OR_WEAK,0.9381470755954164,0.4991423895289802,0.5002153258512448,0.49924576685479005,provisional_accepted_ensemble_tag_pending_step06_validation
VH_6_MFA_BA,VH,MFA_BA,VH_6_MFA_BA__hybrid_pre_05,recruited_surface_gap_assisted_buffering,M_tot,1.0,BALANCED_OR_WEAK,0.9658880144882215,0.49876870337344675,0.49979706406652685,0.49967241310752536,provisional_accepted_ensemble_tag_pending_step06_validation
VH_6_MFA_BA,VH,MFA_BA,VH_6_MFA_BA__hybrid_pre_06,recruited_surface_gap_assisted_buffering,M_tot,1.0,BALANCED_OR_WEAK,0.975406701464745,0.49934624229058205,0.5004129425220679,0.4987320899537447,provisional_accepted_ensemble_tag_pending_step06_validation
VH_6_MFA_BA,VH,MFA_BA,VH_6_MFA_BA__hybrid_pre_07,recruited_surface_gap_assisted_buffering,M_tot,1.0,BALANCED_OR_WEAK,0.8782379198892326,0.4994929592694068,0.5020402319956863,0.4976611294047131,provisional_accepted_ensemble_tag_pending_step06_validation
VH_6_MFA_BA,VH,MFA_BA,VH_6_MFA_BA__hybrid_pre_08,recruited_surface_gap_assisted_buffering,M_tot,1.0,BALANCED_OR_WEAK,0.7529118947439634,0.498848570078335,0.49926919534829367,0.500559426404973,provisional_accepted_ensemble_tag_pending_step06_validation
VH_7_OG_MFA,VH,MFA,VH_7_OG_MFA__hybrid_optuna_279,mixed_local_spatial_buffering,M_tot,1.0,STRICTLY_LOCAL,0.4298132667741801,2.34929957247682e-06,0.08047555729080368,0.4516033736257617,provisional_accepted_ensemble_tag_pending_step06_validation
VH_7_OG_MFA,VH,MFA,VH_7_OG_MFA__hybrid_optuna_284,mixed_local_spatial_buffering,M_tot,1.0,STRICTLY_LOCAL,0.5016803918855626,0.0010768735222082906,0.1730644894447211,0.8197803929062283,provisional_accepted_ensemble_tag_pending_step06_validation
VH_7_OG_MFA,VH,MFA,VH_7_OG_MFA__hybrid_optuna_287,low_recruitment_local_storage,M_tot,1.0,MIXED_LOCAL,0.0815127593653442,4.365845344203018e-06,0.20200317002928458,0.1506959341951867,provisional_accepted_ensemble_tag_pending_step06_validation
VH_7_OG_MFA_BA,VH,MFA_BA,VH_7_OG_MFA_BA__hybrid_optuna_001,mixed_local_spatial_buffering,M_tot,0.5,BALANCED_OR_WEAK,0.4282829153989319,0.05900417606548033,0.47175467881483185,0.5004421829790188,provisional_accepted_ensemble_tag_pending_step06_validation
VH_7_OG_MFA_BA,VH,MFA_BA,VH_7_OG_MFA_BA__hybrid_optuna_002,recruited_surface_gap_assisted_buffering,M_tot,0.6666666666666666,BALANCED_OR_WEAK,0.5394506345352406,0.00873671445357507,0.4279695826509058,0.4103942324387841,provisional_accepted_ensemble_tag_pending_step06_validation
VH_7_OG_MFA_BA,VH,MFA_BA,VH_7_OG_MFA_BA__hybrid_optuna_003,recruited_surface_gap_assisted_buffering,M_tot,1.0,MIXED_LOCAL,0.8797527929135806,0.043191844730378764,0.4350643381564668,0.3263101162157372,provisional_accepted_ensemble_tag_pending_step06_validation
VH_7_OG_MFA_BA,VH,MFA_BA,VH_7_OG_MFA_BA__hybrid_optuna_004,mixed_local_spatial_buffering,M_tot,0.6666666666666666,BALANCED_OR_WEAK,0.4133097664811583,0.01751770770065393,0.46827391969682663,0.5196556707392989,provisional_accepted_ensemble_tag_pending_step06_validation
VH_7_OG_MFA_BA,VH,MFA_BA,VH_7_OG_MFA_BA__hybrid_optuna_005,recruited_surface_gap_assisted_buffering,M_tot,0.6666666666666666,MIXED_LOCAL,0.6443569400097072,0.08886242280697731,0.4439624990909751,0.18196957871789435,provisional_accepted_ensemble_tag_pending_step06_validation
VH_7_OG_MFA_BA,VH,MFA_BA,VH_7_OG_MFA_BA__hybrid_optuna_006,recruited_surface_gap_assisted_buffering,M_tot,1.0,BALANCED_OR_WEAK,0.9980537468358085,0.08164233162177177,0.4671832483086435,0.4258713056116668,provisional_accepted_ensemble_tag_pending_step06_validation
VH_7_OG_MFA_BA,VH,MFA_BA,VH_7_OG_MFA_BA__hybrid_optuna_007,recruited_surface_gap_assisted_buffering,M_tot,0.8333333333333334,MIXED_LOCAL,0.5117934907149727,0.005627880235024488,0.4046697846311624,0.25441924615843053,provisional_accepted_ensemble_tag_pending_step06_validation
VH_7_OG_MFA_BA,VH,MFA_BA,VH_7_OG_MFA_BA__hybrid_optuna_008,mixed_local_spatial_buffering,M_tot,0.6,BALANCED_OR_WEAK,0.44308228417283474,0.024249951084298248,0.4805542215519333,0.5189921597649607,provisional_accepted_ensemble_tag_pending_step06_validation
VH_7_OG_MFA_BA,VH,MFA_BA,VH_7_OG_MFA_BA__hybrid_optuna_009,mixed_local_spatial_buffering,M_tot,1.0,BALANCED_OR_WEAK,0.22738259172108766,0.17923558386243954,0.49263368516582123,0.5045288784637422,provisional_accepted_ensemble_tag_pending_step06_validation
VH_7_OG_MFA_BA,VH,MFA_BA,VH_7_OG_MFA_BA__hybrid_optuna_010,mixed_local_spatial_buffering,M_tot,0.8333333333333334,MIXED_LOCAL,0.19116444593561663,0.006190416896341178,0.4505832065321697,0.33704446181349185,provisional_accepted_ensemble_tag_pending_step06_validation
VH_7_OG_MFA_BA,VH,MFA_BA,VH_7_OG_MFA_BA__hybrid_optuna_011,recruited_surface_gap_assisted_buffering,M_tot,0.6666666666666666,BALANCED_OR_WEAK,0.6175016150961791,0.13399703530525356,0.47726423714217314,0.5166796512998478,provisional_accepted_ensemble_tag_pending_step06_validation
VH_7_OG_MFA_BA,VH,MFA_BA,VH_7_OG_MFA_BA__hybrid_optuna_012,recruited_surface_gap_assisted_buffering,M_tot,1.0,BALANCED_OR_WEAK,0.9653602193490124,0.018173178398307944,0.4346863362995817,0.42492739719604816,provisional_accepted_ensemble_tag_pending_step06_validation
VH_7_OG_MFA_BA,VH,MFA_BA,VH_7_OG_MFA_BA__hybrid_optuna_013,recruited_surface_gap_assisted_buffering,M_tot,1.0,MIXED_LOCAL,0.5051309125346403,0.004266623589987798,0.4222909697215527,0.2148421245663843,provisional_accepted_ensemble_tag_pending_step06_validation
VH_7_OG_MFA_BA,VH,MFA_BA,VH_7_OG_MFA_BA__hybrid_optuna_014,recruited_surface_gap_assisted_buffering,M_tot,0.6666666666666666,BALANCED_OR_WEAK,0.5797831769080083,0.024326060302509323,0.4889021926713067,0.46039068464899696,provisional_accepted_ensemble_tag_pending_step06_validation
VH_7_OG_MFA_BA,VH,MFA_BA,VH_7_OG_MFA_BA__hybrid_optuna_016,recruited_surface_gap_assisted_buffering,M_tot,0.8333333333333334,BALANCED_OR_WEAK,0.5186144011408277,0.004244862388126633,0.38591243758744054,0.32981276470428195,provisional_accepted_ensemble_tag_pending_step06_validation
VH_7_OG_MFA_BA,VH,MFA_BA,VH_7_OG_MFA_BA__hybrid_optuna_017,recruited_surface_gap_assisted_buffering,M_tot,0.8333333333333334,MIXED_LOCAL,0.5095908828231007,0.007049569113587842,0.4169236714629689,0.23051399878585208,provisional_accepted_ensemble_tag_pending_step06_validation
VH_7_OG_MFA_BA,VH,MFA_BA,VH_7_OG_MFA_BA__hybrid_optuna_018,recruited_surface_gap_assisted_buffering,M_tot,0.8333333333333334,BALANCED_OR_WEAK,0.681174945081065,0.03027817376669693,0.4379060427662819,0.4621228047855818,provisional_accepted_ensemble_tag_pending_step06_validation
VH_7_OG_MFA_BA,VH,MFA_BA,VH_7_OG_MFA_BA__hybrid_optuna_019,recruited_surface_gap_assisted_buffering,M_tot,1.0,BALANCED_OR_WEAK,0.7483167899281664,0.02971432336117953,0.44953065445290963,0.4091665929922381,provisional_accepted_ensemble_tag_pending_step06_validation
VH_7_OG_MFA_BA,VH,MFA_BA,VH_7_OG_MFA_BA__hybrid_optuna_020,recruited_surface_gap_assisted_buffering,M_tot,1.0,BALANCED_OR_WEAK,0.5297984399887671,0.003172075569740331,0.3945612029317391,0.41967029268431105,provisional_accepted_ensemble_tag_pending_step06_validation
VH_7_OG_MFA_BA,VH,MFA_BA,VH_7_OG_MFA_BA__hybrid_optuna_021,recruited_surface_gap_assisted_buffering,M_tot,1.0,BALANCED_OR_WEAK,0.7124517143688048,0.00650771237986654,0.47131281753347115,0.4799339864045646,provisional_accepted_ensemble_tag_pending_step06_validation
VH_7_OG_MFA_BA,VH,MFA_BA,VH_7_OG_MFA_BA__hybrid_optuna_022,recruited_surface_gap_assisted_buffering,M_tot,1.0,MIXED_LOCAL,0.5217216274702746,0.10534816411086383,0.40456663703047085,0.3076653903863962,provisional_accepted_ensemble_tag_pending_step06_validation
VH_7_OG_MFA_BA,VH,MFA_BA,VH_7_OG_MFA_BA__hybrid_optuna_023,recruited_surface_gap_assisted_buffering,M_tot,1.0,BALANCED_OR_WEAK,0.8802135529653973,0.001972576487658421,0.39009548319473936,0.3973596968954007,provisional_accepted_ensemble_tag_pending_step06_validation
VH_7_OG_MFA_BA,VH,MFA_BA,VH_7_OG_MFA_BA__hybrid_optuna_024,recruited_surface_gap_assisted_buffering,M_tot,1.0,BALANCED_OR_WEAK,0.7384348784270433,0.04564367641496251,0.45397190141316496,0.3996631426231101,provisional_accepted_ensemble_tag_pending_step06_validation
VH_7_OG_MFA_BA,VH,MFA_BA,VH_7_OG_MFA_BA__hybrid_optuna_025,recruited_surface_gap_assisted_buffering,M_tot,0.8333333333333334,MIXED_LOCAL,0.6530124046501657,0.08190571896892414,0.4811945777042331,0.04578057465059321,provisional_accepted_ensemble_tag_pending_step06_validation
VH_7_OG_MFA_BA,VH,MFA_BA,VH_7_OG_MFA_BA__hybrid_optuna_026,recruited_surface_gap_assisted_buffering,M_tot,1.0,STRICTLY_LOCAL,0.52755839250602,0.000708359307909401,0.370736005950884,0.6096380224327536,provisional_accepted_ensemble_tag_pending_step06_validation
VH_7_OG_MFA_BA,VH,MFA_BA,VH_7_OG_MFA_BA__hybrid_optuna_027,recruited_surface_gap_assisted_buffering,M_tot,1.0,MIXED_LOCAL,0.6964516012147599,0.22397604840477583,0.4644604568769673,0.1895023060571617,provisional_accepted_ensemble_tag_pending_step06_validation
VH_7_OG_MFA_BA,VH,MFA_BA,VH_7_OG_MFA_BA__hybrid_optuna_029,mixed_local_spatial_buffering,M_tot,0.5,MIXED_LOCAL,0.49691840385395514,0.002920442037954498,0.47138461760018396,0.35322638232664966,provisional_accepted_ensemble_tag_pending_step06_validation
VH_7_OG_MFA_BA,VH,MFA_BA,VH_7_OG_MFA_BA__hybrid_optuna_030,mixed_local_spatial_buffering,M_tot,0.5,STRICTLY_LOCAL,0.5064575999443298,0.0003966552747091483,0.2953764495926095,0.6707397461362407,provisional_accepted_ensemble_tag_pending_step06_validation
VH_7_OG_MFA_BA,VH,MFA_BA,VH_7_OG_MFA_BA__hybrid_optuna_031,recruited_surface_gap_assisted_buffering,M_tot,1.0,BALANCED_OR_WEAK,0.8304661346875403,0.4045986311920169,0.4914877265779645,0.48984257160306743,provisional_accepted_ensemble_tag_pending_step06_validation
VH_7_OG_MFA_BA,VH,MFA_BA,VH_7_OG_MFA_BA__hybrid_optuna_032,mixed_local_spatial_buffering,M_tot,1.0,BALANCED_OR_WEAK,0.396121718569697,0.009340746949903502,0.47736992026666814,0.5207586042129683,provisional_accepted_ensemble_tag_pending_step06_validation
VH_7_OG_MFA_BA,VH,MFA_BA,VH_7_OG_MFA_BA__hybrid_optuna_033,available_surface_voltage_coupled_but_ionic_recruitment_low,M_tot,0.5,BALANCED_OR_WEAK,0.11537379146056474,0.012091173119348262,0.4881429958554277,0.5109127255226354,provisional_accepted_ensemble_tag_pending_step06_validation
VH_7_OG_MFA_BA,VH,MFA_BA,VH_7_OG_MFA_BA__hybrid_optuna_034,mixed_local_spatial_buffering,M_tot,0.5,BALANCED_OR_WEAK,0.42135115393475747,0.061768768172543655,0.4841391846097054,0.5152832833484376,provisional_accepted_ensemble_tag_pending_step06_validation
VH_7_OG_MFA_BA,VH,MFA_BA,VH_7_OG_MFA_BA__hybrid_optuna_035,recruited_surface_gap_assisted_buffering,M_tot,0.6666666666666666,MIXED_LOCAL,0.581898629069155,0.1761113050082794,0.471008337116858,0.13467407028051526,provisional_accepted_ensemble_tag_pending_step06_validation
VH_7_OG_MFA_BA,VH,MFA_BA,VH_7_OG_MFA_BA__hybrid_optuna_036,mixed_local_spatial_buffering,M_tot,1.0,BALANCED_OR_WEAK,0.2837058971481226,0.09632735926017437,0.48682183954736896,0.5081197752636425,provisional_accepted_ensemble_tag_pending_step06_validation
VH_7_OG_MFA_BA,VH,MFA_BA,VH_7_OG_MFA_BA__hybrid_optuna_037,mixed_local_spatial_buffering,M_tot,1.0,STRICTLY_LOCAL,0.38829967875674204,1.1672909117854498e-05,0.09446649522682066,0.9034862925464621,provisional_accepted_ensemble_tag_pending_step06_validation
VH_7_OG_MFA_BA,VH,MFA_BA,VH_7_OG_MFA_BA__hybrid_optuna_039,mixed_local_spatial_buffering,M_tot,1.0,STRICTLY_LOCAL,0.4061276376593428,1.1160389158908503e-05,0.09521095856821303,0.8936537814514836,provisional_accepted_ensemble_tag_pending_step06_validation
VH_7_OG_MFA_BA,VH,MFA_BA,VH_7_OG_MFA_BA__hybrid_optuna_040,available_surface_voltage_coupled_but_ionic_recruitment_low,M_tot,1.0,BALANCED_OR_WEAK,0.06804456765926874,0.032179679491612226,0.4608152581490254,0.5385253936113951,provisional_accepted_ensemble_tag_pending_step06_validation
VH_7_OG_MFA_BA,VH,MFA_BA,VH_7_OG_MFA_BA__hybrid_optuna_041,mixed_local_spatial_buffering,M_tot,0.8333333333333334,MIXED_LOCAL,0.4946290337487838,0.006452680719569763,0.4441838586590383,0.21820642525310804,provisional_accepted_ensemble_tag_pending_step06_validation
VH_7_OG_MFA_BA,VH,MFA_BA,VH_7_OG_MFA_BA__hybrid_optuna_042,mixed_local_spatial_buffering,M_tot,1.0,STRICTLY_LOCAL,0.40149009066370933,0.00013059648448337903,0.2304005194806814,0.7660096842368277,provisional_accepted_ensemble_tag_pending_step06_validation
VH_7_OG_MFA_BA,VH,MFA_BA,VH_7_OG_MFA_BA__hybrid_optuna_043,mixed_local_spatial_buffering,M_tot,0.8333333333333334,STRICTLY_LOCAL,0.2847728141379716,0.0011809441295993542,0.400723274215544,0.5794865245874846,provisional_accepted_ensemble_tag_pending_step06_validation
VH_7_OG_MFA_BA,VH,MFA_BA,VH_7_OG_MFA_BA__hybrid_optuna_044,recruited_surface_gap_assisted_buffering,M_tot,1.0,MIXED_LOCAL,0.6033690750709869,0.008232818353803064,0.47112504395348315,0.12685501620772038,provisional_accepted_ensemble_tag_pending_step06_validation
VH_7_OG_MFA_BA,VH,MFA_BA,VH_7_OG_MFA_BA__hybrid_optuna_045,mixed_local_spatial_buffering,M_tot,1.0,STRICTLY_LOCAL,0.23292931893928173,0.00010771803149666163,0.2648382623159704,0.5341839111276093,provisional_accepted_ensemble_tag_pending_step06_validation
VH_7_OG_MFA_BA,VH,MFA_BA,VH_7_OG_MFA_BA__hybrid_optuna_046,mixed_local_spatial_buffering,M_tot,1.0,STRICTLY_LOCAL,0.4168994832423814,4.1580486093609206e-07,0.08186362212232978,0.9132775884809831,provisional_accepted_ensemble_tag_pending_step06_validation
VH_7_OG_MFA_BA,VH,MFA_BA,VH_7_OG_MFA_BA__hybrid_optuna_047,kir_dominant_local_buffering,M_tot,1.0,STRICTLY_LOCAL,4.429279822759975e-38,2.027598255187939e-42,0.14887048036416717,0.7817550270609707,provisional_accepted_ensemble_tag_pending_step06_validation
VH_7_OG_MFA_BA,VH,MFA_BA,VH_7_OG_MFA_BA__hybrid_optuna_048,mixed_local_spatial_buffering,M_tot,1.0,BALANCED_OR_WEAK,0.36710659206752044,0.005797822485302747,0.5113130828937739,0.48631851569028334,provisional_accepted_ensemble_tag_pending_step06_validation
VH_7_OG_MFA_BA,VH,MFA_BA,VH_7_OG_MFA_BA__hybrid_optuna_049,recruited_surface_gap_assisted_buffering,M_tot,1.0,BALANCED_OR_WEAK,0.9830231126207055,0.15019454217557018,0.48467214201181724,0.4745961180383773,provisional_accepted_ensemble_tag_pending_step06_validation
VH_7_OG_MFA_BA,VH,MFA_BA,VH_7_OG_MFA_BA__hybrid_optuna_050,mixed_local_spatial_buffering,M_tot,1.0,STRICTLY_LOCAL,0.4015560679573866,3.315815779550303e-05,0.22381960724582525,0.6270300551150602,provisional_accepted_ensemble_tag_pending_step06_validation
VH_7_OG_MFA_BA,VH,MFA_BA,VH_7_OG_MFA_BA__hybrid_optuna_051,mixed_local_spatial_buffering,M_tot,1.0,STRICTLY_LOCAL,0.46093400814458924,0.0006214094782527038,0.265944238827236,0.6531407584188963,provisional_accepted_ensemble_tag_pending_step06_validation
VH_7_OG_MFA_BA,VH,MFA_BA,VH_7_OG_MFA_BA__hybrid_optuna_052,mixed_local_spatial_buffering,M_tot,1.0,MIXED_LOCAL,0.48947388923135704,0.04244579274126114,0.4991155818998125,0.08899582573194255,provisional_accepted_ensemble_tag_pending_step06_validation
VH_7_OG_MFA_BA,VH,MFA_BA,VH_7_OG_MFA_BA__hybrid_optuna_053,available_surface_voltage_coupled_but_ionic_recruitment_low,M_tot,1.0,BALANCED_OR_WEAK,1.931681648258615e-44,1.7222848624468843e-40,0.4968498343579575,0.5031335692042016,provisional_accepted_ensemble_tag_pending_step06_validation
VH_7_OG_MFA_BA,VH,MFA_BA,VH_7_OG_MFA_BA__hybrid_optuna_054,mixed_local_spatial_buffering,M_tot,1.0,STRICTLY_LOCAL,0.3959281667108558,4.2950623200719e-05,0.2540106062315171,0.6022021432315231,provisional_accepted_ensemble_tag_pending_step06_validation
VH_7_OG_MFA_BA,VH,MFA_BA,VH_7_OG_MFA_BA__hybrid_optuna_055,kir_dominant_local_buffering,M_tot,1.0,STRICTLY_LOCAL,1.7774906022034683e-37,3.700513445987194e-38,0.3288001016985837,0.6632218229881801,provisional_accepted_ensemble_tag_pending_step06_validation
VH_7_OG_MFA_BA,VH,MFA_BA,VH_7_OG_MFA_BA__hybrid_optuna_056,available_surface_voltage_coupled_but_ionic_recruitment_low,M_tot,1.0,BALANCED_OR_WEAK,1.6161387832523223e-06,0.061951293585286726,0.5033508879113031,0.4965951989129474,provisional_accepted_ensemble_tag_pending_step06_validation
VH_7_OG_MFA_BA,VH,MFA_BA,VH_7_OG_MFA_BA__hybrid_optuna_057,mixed_local_spatial_buffering,M_tot,1.0,STRICTLY_LOCAL,0.4488267680937641,8.685622073784743e-05,0.2320224162492689,0.763102841540641,provisional_accepted_ensemble_tag_pending_step06_validation
VH_7_OG_MFA_BA,VH,MFA_BA,VH_7_OG_MFA_BA__hybrid_optuna_058,recruited_surface_gap_assisted_buffering,M_tot,0.5,MIXED_LOCAL,0.4210692418220394,0.048451987440152035,0.4770046998387283,0.0620693012637947,provisional_accepted_ensemble_tag_pending_step06_validation
VH_7_OG_MFA_BA,VH,MFA_BA,VH_7_OG_MFA_BA__hybrid_optuna_059,available_surface_voltage_coupled_but_ionic_recruitment_low,M_tot,1.0,BALANCED_OR_WEAK,2.694611480206829e-96,1.4913517660073316e-92,0.4946561077356635,0.5053274888280058,provisional_accepted_ensemble_tag_pending_step06_validation
VH_7_OG_MFA_BA,VH,MFA_BA,VH_7_OG_MFA_BA__hybrid_optuna_060,mixed_local_spatial_buffering,M_tot,1.0,STRICTLY_LOCAL,0.4625328182753268,9.527886940874675e-06,0.06688946695308805,0.3911931457522881,provisional_accepted_ensemble_tag_pending_step06_validation
VH_7_OG_MFA_BA,VH,MFA_BA,VH_7_OG_MFA_BA__hybrid_optuna_061,available_surface_voltage_coupled_but_ionic_recruitment_low,M_tot,1.0,BALANCED_OR_WEAK,0.05614484654887355,0.33456594497234876,0.4990200657558667,0.4914579303151927,provisional_accepted_ensemble_tag_pending_step06_validation
VH_7_OG_MFA_BA,VH,MFA_BA,VH_7_OG_MFA_BA__hybrid_optuna_062,low_recruitment_local_storage,M_tot,1.0,BALANCED_OR_WEAK,0.01221246807450837,0.17298066682566418,0.30099807810120016,0.2998882836466675,provisional_accepted_ensemble_tag_pending_step06_validation
VH_7_OG_MFA_BA,VH,MFA_BA,VH_7_OG_MFA_BA__hybrid_optuna_063,recruited_surface_gap_assisted_buffering,M_tot,0.8333333333333334,MIXED_LOCAL,0.5989904336372969,0.23137742729332766,0.7304656751895688,0.21446140566456262,provisional_accepted_ensemble_tag_pending_step06_validation
VH_7_OG_MFA_BA,VH,MFA_BA,VH_7_OG_MFA_BA__hybrid_optuna_064,low_recruitment_local_storage,M_tot,0.5,STRICTLY_LOCAL,0.15414192425641116,0.0025541584600108623,0.2719006617974396,0.39736205286001874,provisional_accepted_ensemble_tag_pending_step06_validation
VH_7_OG_MFA_BA,VH,MFA_BA,VH_7_OG_MFA_BA__hybrid_optuna_065,low_recruitment_local_storage,M_tot,1.0,BALANCED_OR_WEAK,7.081675684848626e-08,1.9283067141665423e-08,0.334588971895496,0.31124749203782404,provisional_accepted_ensemble_tag_pending_step06_validation
VH_7_OG_MFA_BA,VH,MFA_BA,VH_7_OG_MFA_BA__hybrid_optuna_066,mixed_local_spatial_buffering,M_tot,1.0,BALANCED_OR_WEAK,0.34168461789684,0.4348001503067205,0.4743993417828581,0.5084454516539244,provisional_accepted_ensemble_tag_pending_step06_validation
VH_7_OG_MFA_BA,VH,MFA_BA,VH_7_OG_MFA_BA__hybrid_optuna_067,recruited_surface_gap_assisted_buffering,M_tot,1.0,BALANCED_OR_WEAK,0.7529120283718612,0.49884838941482673,0.4992691932767861,0.5005594280922857,provisional_accepted_ensemble_tag_pending_step06_validation
VH_7_OG_MFA_BA,VH,MFA_BA,VH_7_OG_MFA_BA__hybrid_optuna_068,mixed_local_spatial_buffering,M_tot,0.5,MIXED_LOCAL,0.48226413945723134,0.017743993046606205,0.4387912903975859,0.1341660432256667,provisional_accepted_ensemble_tag_pending_step06_validation
VH_7_OG_MFA_BA,VH,MFA_BA,VH_7_OG_MFA_BA__hybrid_optuna_069,mixed_local_spatial_buffering,M_tot,0.8333333333333334,MIXED_LOCAL,0.405946923140237,0.0031601272985013877,0.41384108654848956,0.16718002207264757,provisional_accepted_ensemble_tag_pending_step06_validation
VH_7_OG_MFA_BA,VH,MFA_BA,VH_7_OG_MFA_BA__hybrid_optuna_070,recruited_surface_gap_assisted_buffering,M_tot,1.0,BALANCED_OR_WEAK,0.9754067017107036,0.4993462369224084,0.5004129414960953,0.4987320909751511,provisional_accepted_ensemble_tag_pending_step06_validation
VH_7_OG_MFA_BA,VH,MFA_BA,VH_7_OG_MFA_BA__hybrid_optuna_071,recruited_surface_gap_assisted_buffering,M_tot,1.0,BALANCED_OR_WEAK,0.9658880161748579,0.4987687071145684,0.4997970646753102,0.49967241253512445,provisional_accepted_ensemble_tag_pending_step06_validation
VH_7_OG_MFA_BA,VH,MFA_BA,VH_7_OG_MFA_BA__hybrid_optuna_072,recruited_surface_gap_assisted_buffering,M_tot,1.0,BALANCED_OR_WEAK,0.9381470763714262,0.49914239247079967,0.5002153253216508,0.4992457674140396,provisional_accepted_ensemble_tag_pending_step06_validation
VH_7_OG_MFA_BA,VH,MFA_BA,VH_7_OG_MFA_BA__hybrid_optuna_073,mixed_local_spatial_buffering,M_tot,1.0,BALANCED_OR_WEAK,0.4710190100096832,0.003535534450990161,0.3490904862336836,0.3175892327720287,provisional_accepted_ensemble_tag_pending_step06_validation
VH_7_OG_MFA_BA,VH,MFA_BA,VH_7_OG_MFA_BA__hybrid_optuna_074,recruited_surface_gap_assisted_buffering,M_tot,1.0,BALANCED_OR_WEAK,0.9583873139935356,0.4989876786761222,0.5003048217369295,0.49867037227091876,provisional_accepted_ensemble_tag_pending_step06_validation
VH_7_OG_MFA_BA,VH,MFA_BA,VH_7_OG_MFA_BA__hybrid_optuna_075,available_surface_voltage_coupled_but_ionic_recruitment_low,M_tot,1.0,BALANCED_OR_WEAK,0.03473422923509861,0.4640908075385231,0.46721867414890617,0.4655410117538679,provisional_accepted_ensemble_tag_pending_step06_validation
VH_7_OG_MFA_BA,VH,MFA_BA,VH_7_OG_MFA_BA__hybrid_optuna_076,recruited_surface_gap_assisted_buffering,M_tot,1.0,BALANCED_OR_WEAK,0.936520228297078,0.49896896167816296,0.5006893098828133,0.4984246212227957,provisional_accepted_ensemble_tag_pending_step06_validation
VH_7_OG_MFA_BA,VH,MFA_BA,VH_7_OG_MFA_BA__hybrid_optuna_077,recruited_surface_gap_assisted_buffering,M_tot,1.0,BALANCED_OR_WEAK,0.9043195696301646,0.4989398151359609,0.5009929707808062,0.49823162564567675,provisional_accepted_ensemble_tag_pending_step06_validation
VH_7_OG_MFA_BA,VH,MFA_BA,VH_7_OG_MFA_BA__hybrid_optuna_078,recruited_surface_gap_assisted_buffering,M_tot,1.0,BALANCED_OR_WEAK,0.8782379378143435,0.49949297865659,0.5020402316128584,0.4976611297850196,provisional_accepted_ensemble_tag_pending_step06_validation
VH_7_OG_MFA_BA,VH,MFA_BA,VH_7_OG_MFA_BA__hybrid_optuna_079,mixed_local_spatial_buffering,M_tot,0.5,BALANCED_OR_WEAK,0.3609300424759086,0.4108913065387523,0.49227032032317947,0.2677501040380644,provisional_accepted_ensemble_tag_pending_step06_validation
VH_7_OG_MFA_BA,VH,MFA_BA,VH_7_OG_MFA_BA__hybrid_optuna_080,recruited_surface_gap_assisted_buffering,M_tot,1.0,BALANCED_OR_WEAK,0.9301111733331906,0.027880877614526484,0.45283905303019073,0.48008328434116315,provisional_accepted_ensemble_tag_pending_step06_validation
VH_7_OG_MFA_BA,VH,MFA_BA,VH_7_OG_MFA_BA__hybrid_optuna_081,available_surface_voltage_coupled_but_ionic_recruitment_low,M_tot,1.0,MIXED_LOCAL,1.4664558321749023e-49,6.506098782623591e-46,0.4679633281189656,0.38863117813143666,provisional_accepted_ensemble_tag_pending_step06_validation
VH_7_OG_MFA_BA,VH,MFA_BA,VH_7_OG_MFA_BA__hybrid_optuna_082,recruited_surface_gap_assisted_buffering,M_tot,1.0,BALANCED_OR_WEAK,0.6322894544941227,0.4897351849712393,0.49756698639188673,0.10885537941370049,provisional_accepted_ensemble_tag_pending_step06_validation
VH_7_OG_MFA_BA,VH,MFA_BA,VH_7_OG_MFA_BA__hybrid_optuna_083,available_surface_voltage_coupled_but_ionic_recruitment_low,M_tot,0.6666666666666666,MIXED_LOCAL,7.825562139952317e-93,2.828759123152086e-93,0.40046990055085496,0.335471467851618,provisional_accepted_ensemble_tag_pending_step06_validation
VH_7_OG_MFA_BA,VH,MFA_BA,VH_7_OG_MFA_BA__hybrid_optuna_084,recruited_surface_gap_assisted_buffering,M_tot,1.0,BALANCED_OR_WEAK,0.8405701219410973,0.47079294147614664,0.48233551113281886,0.34358645281716965,provisional_accepted_ensemble_tag_pending_step06_validation
VH_7_OG_MFA_BA,VH,MFA_BA,VH_7_OG_MFA_BA__hybrid_optuna_085,kir_dominant_local_buffering,M_tot,1.0,STRICTLY_LOCAL,6.255268974072591e-227,5.973565993233281e-230,0.16870268283012016,0.8022754796005778,provisional_accepted_ensemble_tag_pending_step06_validation
VH_7_OG_MFA_BA,VH,MFA_BA,VH_7_OG_MFA_BA__hybrid_optuna_086,mixed_local_spatial_buffering,M_tot,1.0,STRICTLY_LOCAL,0.39260242992699884,0.00017079480229245496,0.4539107400225657,0.5456672212712358,provisional_accepted_ensemble_tag_pending_step06_validation
VH_7_OG_MFA_BA,VH,MFA_BA,VH_7_OG_MFA_BA__hybrid_optuna_087,low_recruitment_local_storage,M_tot,1.0,MIXED_LOCAL,9.859675822881862e-305,0.0,0.35735239694833437,0.02687109818374581,provisional_accepted_ensemble_tag_pending_step06_validation
VH_7_OG_MFA_BA,VH,MFA_BA,VH_7_OG_MFA_BA__hybrid_optuna_089,available_surface_voltage_coupled_but_ionic_recruitment_low,M_tot,1.0,BALANCED_OR_WEAK,9.859676543753874e-305,3.4852404312613746e-301,0.4647248843061675,0.535272375925051,provisional_accepted_ensemble_tag_pending_step06_validation
VH_7_OG_MFA_BA,VH,MFA_BA,VH_7_OG_MFA_BA__hybrid_optuna_090,available_surface_voltage_coupled_but_ionic_recruitment_low,M_tot,1.0,MIXED_LOCAL,6.738790304823189e-09,3.033406006479435e-10,0.4860824234451926,0.37030782370281123,provisional_accepted_ensemble_tag_pending_step06_validation
VH_7_OG_MFA_BA,VH,MFA_BA,VH_7_OG_MFA_BA__hybrid_optuna_093,mixed_local_spatial_buffering,M_tot,1.0,BALANCED_OR_WEAK,0.49863126404078834,0.20217165070199505,0.40082517064086187,0.3763667484547048,provisional_accepted_ensemble_tag_pending_step06_validation
VH_7_OG_MFA_BA,VH,MFA_BA,VH_7_OG_MFA_BA__hybrid_post_001,mixed_local_spatial_buffering,M_tot,0.5,BALANCED_OR_WEAK,0.42836040231386024,0.05906590335178615,0.4717749889569454,0.5004448419008924,provisional_accepted_ensemble_tag_pending_step06_validation
VH_7_OG_MFA_BA,VH,MFA_BA,VH_7_OG_MFA_BA__hybrid_post_002,recruited_surface_gap_assisted_buffering,M_tot,0.6666666666666666,BALANCED_OR_WEAK,0.5394506345352406,0.00873671445357507,0.4279695826509058,0.4103942324387841,provisional_accepted_ensemble_tag_pending_step06_validation
VH_7_OG_MFA_BA,VH,MFA_BA,VH_7_OG_MFA_BA__hybrid_post_003,recruited_surface_gap_assisted_buffering,M_tot,1.0,MIXED_LOCAL,0.8806522875158279,0.042183817750183726,0.43550176097905263,0.32762075409165586,provisional_accepted_ensemble_tag_pending_step06_validation
VH_7_OG_MFA_BA,VH,MFA_BA,VH_7_OG_MFA_BA__hybrid_pre_01,recruited_surface_gap_assisted_buffering,M_tot,1.0,BALANCED_OR_WEAK,0.936520228297078,0.49896896167816296,0.5006893098828133,0.4984246212227957,provisional_accepted_ensemble_tag_pending_step06_validation
VH_7_OG_MFA_BA,VH,MFA_BA,VH_7_OG_MFA_BA__hybrid_pre_02,recruited_surface_gap_assisted_buffering,M_tot,1.0,BALANCED_OR_WEAK,0.9583873139935356,0.4989876786761222,0.5003048217369295,0.49867037227091876,provisional_accepted_ensemble_tag_pending_step06_validation
VH_7_OG_MFA_BA,VH,MFA_BA,VH_7_OG_MFA_BA__hybrid_pre_03,recruited_surface_gap_assisted_buffering,M_tot,1.0,BALANCED_OR_WEAK,0.9043195696301646,0.4989398151359609,0.5009929707808062,0.49823162564567675,provisional_accepted_ensemble_tag_pending_step06_validation
VH_7_OG_MFA_BA,VH,MFA_BA,VH_7_OG_MFA_BA__hybrid_pre_04,recruited_surface_gap_assisted_buffering,M_tot,1.0,BALANCED_OR_WEAK,0.9381470763714262,0.49914239247079967,0.5002153253216508,0.4992457674140396,provisional_accepted_ensemble_tag_pending_step06_validation
VH_7_OG_MFA_BA,VH,MFA_BA,VH_7_OG_MFA_BA__hybrid_pre_05,recruited_surface_gap_assisted_buffering,M_tot,1.0,BALANCED_OR_WEAK,0.9658880161748579,0.4987687071145684,0.4997970646753102,0.49967241253512445,provisional_accepted_ensemble_tag_pending_step06_validation
VH_7_OG_MFA_BA,VH,MFA_BA,VH_7_OG_MFA_BA__hybrid_pre_06,recruited_surface_gap_assisted_buffering,M_tot,1.0,BALANCED_OR_WEAK,0.9754067017107036,0.4993462369224084,0.5004129414960953,0.4987320909751511,provisional_accepted_ensemble_tag_pending_step06_validation
VH_7_OG_MFA_BA,VH,MFA_BA,VH_7_OG_MFA_BA__hybrid_pre_07,recruited_surface_gap_assisted_buffering,M_tot,1.0,BALANCED_OR_WEAK,0.8782379378143435,0.49949297865659,0.5020402316128584,0.4976611297850196,provisional_accepted_ensemble_tag_pending_step06_validation
VH_7_OG_MFA_BA,VH,MFA_BA,VH_7_OG_MFA_BA__hybrid_pre_08,recruited_surface_gap_assisted_buffering,M_tot,1.0,BALANCED_OR_WEAK,0.7529120283718612,0.49884838941482673,0.4992691932767861,0.5005594280922857,provisional_accepted_ensemble_tag_pending_step06_validation
