candidate_policy,candidates_per_cell,file_id,region,condition,candidate_id,mechanism_cluster,buffering_phenotype,mean_trace_rmse_mV,mean_weighted_pass_fraction,holdout_mean_rmse_mV,holdout_mean_pass_fraction,ensemble_rank,P_gap_eff,gamma_t_eff,gamma_s_eff,volume_ratio_wa_wo,dKs_activation_score_mean,long_range_distribution_fraction_mean,voltage_coupling_score_mean,kir_current_score_mean,step06_selection_rank,step06_selection_min_mechanism_score_distance,step06_selection_stable_phenotype_novel
best_per_cell,1,1_DH_1_CONTROL,DH,CONTROL,1_DH_1_CONTROL__hybrid_optuna_087,M1,mixed_local_spatial_buffering,7.598614341672754,0.3592140714053211,7.581328705455518,0.3596089913772268,1,1.1996661220636652e-08,0.0009639219104777,1.3822108483323732e-06,0.2273680004427412,0.4696968163561277,3.3198915743536735e-05,0.0248241470887973,0.4752922991093256,,,
best_per_cell,1,1_DH_2_CONTROL,DH,CONTROL,1_DH_2_CONTROL__hybrid_optuna_098,M1,mixed_local_spatial_buffering,13.977227693028652,0.3592629870825042,13.982361406690702,0.3593400005006864,1,1.1996661220636652e-08,0.0009639219104777,5.117854716429417e-07,0.255012047149372,0.4742352083058401,1.230573233368412e-05,0.0247631908628131,0.4760309130560966,,,
best_per_cell,1,1_VH_1_CONTROL,VH,CONTROL,1_VH_1_CONTROL__hybrid_optuna_004,M2,kir_dominant_local_buffering,6.460123378392464,0.3090362481637552,6.452548930367247,0.3093203980865881,1,1.9320979798396146e-07,6.884733072151251e-05,0.0446888001496297,1.918939695528853,9.85967654371955e-305,1.0655056870849664e-303,0.0328809123703741,0.9659494002427564,,,
best_per_cell,1,1_VH_2_CONTROL,VH,CONTROL,1_VH_2_CONTROL__hybrid_optuna_001,M2,mixed_local_spatial_buffering,6.896416818472869,0.3864626980064761,6.896416818472869,0.3864626980064761,2,2.428889058492891e-06,5.419739585354233e-06,0.0013623132320298,1.3179978430534545,0.3897766225674245,0.2617704120719824,0.2631347793761145,0.7368360177203286,,,
best_per_cell,1,2_DH_1_CONTROL,DH,CONTROL,2_DH_1_CONTROL__hybrid_optuna_096,M1,mixed_local_spatial_buffering,12.448600024573151,0.3592629849136366,12.449729895697262,0.3592784978311763,1,1.1996661220636652e-08,0.0009639219104777,5.117854716429417e-07,0.255012047149372,0.4742352082186666,1.230573253574145e-05,0.0247631905675365,0.4760309211447489,,,
best_per_cell,1,3_DH_1_CONTROL,DH,CONTROL,3_DH_1_CONTROL__hybrid_optuna_097,M1,mixed_local_spatial_buffering,15.033451490435638,0.3592629849136366,15.03473662999395,0.3592932305184015,1,1.1996661220636652e-08,0.0009639219104777,5.117854716429417e-07,0.255012047149372,0.4742352082186666,1.230573253574145e-05,0.0247631905675365,0.4760309211447489,,,
best_per_cell,1,3_DH_2_CONTROL,DH,CONTROL,3_DH_2_CONTROL__hybrid_optuna_098,M1,mixed_local_spatial_buffering,14.757077556565273,0.3592629849136366,14.75816737558676,0.3592785028336003,1,1.1996661220636652e-08,0.0009639219104777,5.117854716429417e-07,0.255012047149372,0.4742352082186666,1.230573253574145e-05,0.0247631905675365,0.4760309211447489,,,
best_per_cell,1,DH_1_CONTROL,DH,CONTROL,DH_1_CONTROL__hybrid_optuna_099,M1,mixed_local_spatial_buffering,14.37998457908929,0.3598312687182541,14.379885750991996,0.3598628598328197,1,1.1996661220636652e-08,0.0009639219104777,5.117854651262243e-07,0.2550120469773154,0.4742352082378285,1.2305732598021472e-05,0.0247631910335856,0.476030914660559,,,
best_per_cell,1,DH_1_MFA,DH,MFA,DH_1_MFA__hybrid_optuna_057,M1,kir_dominant_local_buffering,7.617809091500729,0.4141233334751723,7.617809091500729,0.4141233334751723,2,5.9078902720612464e-08,3.5398302483569986e-05,6.697544368255835e-06,0.1864084103281081,1.9347288504802338e-10,4.0965756006929646e-14,0.0933589814574053,0.7543739959998792,,,
best_per_cell,1,DH_1_MFA_BA,DH,MFA_BA,DH_1_MFA_BA__hybrid_optuna_094,M3,recruited_surface_gap_assisted_buffering,9.2903736093772,0.5002343326983888,9.2903736093772,0.5002343326983888,2,0.0010372803740804,2.2174884575555303e-05,8.794145260307696e-05,1.5799875219699269,0.8782379378143435,0.49949297865659,0.5020402316128584,0.4976611297850196,,,
best_per_cell,1,DH_2_CONTROL,DH,CONTROL,DH_2_CONTROL__hybrid_optuna_044,M1,low_recruitment_local_storage,6.691091388914987,0.3205460241541799,6.680108984440455,0.3200100880015195,1,5.40962804894205e-07,5.414761089981999e-06,0.0005826907540579,0.0754642657045525,1.6559898877844283e-16,0.0,0.0774388167143483,0.4220118476583864,,,
best_per_cell,1,DH_2_MFA,DH,MFA,DH_2_MFA__hybrid_optuna_089,M2,kir_dominant_local_buffering,6.531705655214541,0.4039584588384186,6.514858125927517,0.4034658048643297,1,6.190306186306563e-08,9.920679668590177e-07,1.6949260351291846e-05,0.0599586399019006,0.0004670173367468,8.478057159548557e-06,0.0866869462282207,0.9000122943347556,,,
best_per_cell,1,DH_2_MFA_BA,DH,MFA_BA,DH_2_MFA_BA__hybrid_optuna_064,M3,recruited_surface_gap_assisted_buffering,4.77898306267596,0.5002343326983888,4.77898306267596,0.5002343326983888,2,0.0010372803740804,2.2174884575555303e-05,8.794145260307696e-05,1.5799875219699269,0.8782379378143435,0.49949297865659,0.5020402316128584,0.4976611297850196,,,
best_per_cell,1,DH_3_MFA,DH,MFA,DH_3_MFA__hybrid_optuna_099,M2,available_surface_voltage_coupled_but_ionic_recruitment_low,5.1738325931057805,0.3999937647234321,5.174060065392665,0.4000036341686446,1,5.913674084541693e-08,2.180500489771518e-08,7.961929856263713e-06,2.705363745813464,9.859297130281808e-305,7.410911899284294e-306,0.4428733336316954,0.5557600953718164,,,
best_per_cell,1,DH_3_MFA_BA,DH,MFA_BA,DH_3_MFA_BA__hybrid_optuna_084,M3,recruited_surface_gap_assisted_buffering,3.6648485637389294,0.6539194370885316,3.664848557554818,0.6539198194098773,1,0.006004480331788,0.0004748639643733,0.0078823067326611,0.2225470795869807,0.8168816164714974,0.4983764391204631,0.5987294842016618,0.3443563808042362,,,
best_per_cell,1,DH_4_MFA,DH,MFA,DH_4_MFA__hybrid_optuna_071,M1,mixed_local_spatial_buffering,9.690425414748626,0.4054007520561402,9.690425414748626,0.4054007520561402,2,3.57538604039399e-08,1.459066821891249e-06,3.4618459927224015e-08,1.7969551065164342,0.361012035958337,2.5334015640253105e-08,0.0393693168559369,0.4783530564972518,,,
best_per_cell,1,DH_4_MFA_BA,DH,MFA_BA,DH_4_MFA_BA__hybrid_optuna_009,M3,available_surface_voltage_coupled_but_ionic_recruitment_low,5.7407085435306975,0.501154708041544,5.747983450966527,0.5011547091449916,1,4.106585562403023e-05,5.890752019306703e-06,1.3953305003523227e-08,0.0941316984893462,9.0470495105492e-14,2.234248681373641e-15,0.4994546008715241,0.5003332368800874,,,
best_per_cell,1,DH_5_MFA,DH,MFA,DH_5_MFA__hybrid_optuna_099,M2,available_surface_voltage_coupled_but_ionic_recruitment_low,7.721973853652833,0.3999937647234321,7.72208158024421,0.3999992487855623,1,5.913674084541693e-08,2.180500489771518e-08,7.961929856263713e-06,2.705363745813464,9.859297130281808e-305,7.410911899284294e-306,0.4428733336316954,0.5557600953718164,,,
best_per_cell,1,DH_5_MFA_BA,DH,MFA_BA,DH_5_MFA_BA__hybrid_optuna_090,M3,recruited_surface_gap_assisted_buffering,7.756491796912903,0.6539194370885316,7.756491791800969,0.6539205914599983,1,0.006004480331788,0.0004748639643733,0.0078823067326611,0.2225470795869807,0.8168816164714974,0.4983764391204631,0.5987294842016618,0.3443563808042362,,,
best_per_cell,1,DH_6_MFA,DH,MFA,DH_6_MFA__hybrid_optuna_089,M2,kir_dominant_local_buffering,6.095703691089766,0.4120279411059476,5.750019158511894,0.4041954131080984,1,1.831772358374243e-08,6.677572302239178e-08,2.3775778615364685e-07,0.3488310266310853,1.3558451251545483e-85,9.490475675618964e-89,0.297479412042332,0.7019967259355027,,,
best_per_cell,1,DH_6_MFA_BA,DH,MFA_BA,DH_6_MFA_BA__hybrid_optuna_070,M3,recruited_surface_gap_assisted_buffering,6.93457064559709,0.5002343326983888,6.93457064559709,0.5002343326983888,2,0.0010372803740804,2.2174884575555303e-05,8.794145260307696e-05,1.5799875219699269,0.8782379378143435,0.49949297865659,0.5020402316128584,0.4976611297850196,,,
best_per_cell,1,VH_1_MFA,VH,MFA,VH_1_MFA__hybrid_optuna_286,M2,available_surface_voltage_coupled_but_ionic_recruitment_low,5.402458464176738,0.3187724787549762,5.324644203277079,0.3276902138441131,1,6.943058517117419e-06,1.3815802088953085e-08,3.680689176139829e-05,1.455718336558958,3.3579247697492488e-226,6.651050582891266e-225,0.4950885417025775,0.5045995350801118,,,
best_per_cell,1,VH_1_MFA_BA,VH,MFA_BA,VH_1_MFA_BA__hybrid_optuna_089,M3,recruited_surface_gap_assisted_buffering,2.8081588852331123,0.5187766904744362,2.8081588852331123,0.5187766904744362,1,0.0032986314524224,0.0023449227003439,0.0004453743366613,0.6065988974813709,0.938898683870125,0.4542614297251468,0.506154001259623,0.0334886102627601,,,
best_per_cell,1,VH_2_MFA,VH,MFA,VH_2_MFA__hybrid_optuna_224,M2,kir_dominant_local_buffering,7.7903868016216835,0.3333333333333332,7.7903868016216835,0.3333333333333332,2,5.543389284811165e-08,0.0003380627386805,0.0343935701718021,7.069309720441503,0.0063057152332507,0.012794103018461,0.1182391464735235,0.8786908255894126,,,
best_per_cell,1,VH_2_MFA_BA,VH,MFA_BA,VH_2_MFA_BA__hybrid_optuna_080,M3,recruited_surface_gap_assisted_buffering,4.028481856572046,0.675987803339035,4.0284818597053125,0.6759875065079649,1,0.006004480331788,0.0004748639643733,0.0078823067326611,0.2225470795869807,0.8168816164714974,0.4983764391204631,0.5987294842016618,0.3443563808042362,,,
best_per_cell,1,VH_3_MFA,VH,MFA,VH_3_MFA__hybrid_optuna_215,M2,kir_dominant_local_buffering,8.081875166104036,0.3534894363071253,8.081875166104036,0.3534894363071253,2,1.2909968963860518e-06,2.534560222202759e-07,0.0001677339900706,0.3392357318580569,9.859676534765136e-305,1.0691142975079206e-303,0.3491073135372571,0.6032679507084954,,,
best_per_cell,1,VH_3_MFA_BA,VH,MFA_BA,VH_3_MFA_BA__hybrid_pre_07,M3,recruited_surface_gap_assisted_buffering,5.034961316727348,0.5170921728313226,5.034961316727348,0.5170921728313226,2,0.0010372803440127,2.2174885564303987e-05,8.794145686213767e-05,1.5799874999695134,0.8782379198892326,0.4994929592694068,0.5020402319956863,0.4976611294047131,,,
best_per_cell,1,VH_4_MFA,VH,MFA,VH_4_MFA__hybrid_optuna_279,M2,kir_dominant_local_buffering,5.171581437143092,0.3287282749973634,5.047342707603293,0.3211724855471737,1,1.4261529238814874e-08,0.0005758722038207,1.0127249532302528e-07,6.478971352080313,0.0028672291964657,2.959438708551097e-07,0.1623015424865444,0.6618807818976299,,,
best_per_cell,1,VH_4_MFA_BA,VH,MFA_BA,VH_4_MFA_BA__hybrid_post_001,M3,kir_dominant_local_buffering,3.326927248225932,0.6801542227748391,3.326927248225932,0.6801542227748391,2,0.0004988258515632,0.0033856572930096,9.653300938383145e-06,0.4260744122470449,9.859676537628617e-305,2.616187756609018e-307,0.2632446822314919,0.6848634498731628,,,
best_per_cell,1,VH_5_MFA,VH,MFA,VH_5_MFA__hybrid_optuna_289,M2,available_surface_voltage_coupled_but_ionic_recruitment_low,4.232572935369996,0.3084043599517155,4.232571365175923,0.3084043478733709,1,5.505606930051653e-06,3.70842597614226e-06,2.12560778043402e-05,0.0658261329789922,9.854498457234412e-126,1.452158505796159e-124,0.496395187269842,0.5036012459000666,,,
best_per_cell,1,VH_5_MFA_BA,VH,MFA_BA,VH_5_MFA_BA__hybrid_optuna_078,M3,recruited_surface_gap_assisted_buffering,4.789063920279836,0.675987803339035,4.789063930386355,0.6759878585671723,1,0.006004480331788,0.0004748639643733,0.0078823067326611,0.2225470795869807,0.8168816164714974,0.4983764391204631,0.5987294842016618,0.3443563808042362,,,
best_per_cell,1,VH_6_MFA,VH,MFA,VH_6_MFA__hybrid_optuna_943,M1,kir_dominant_local_buffering,3.9887692014650806,0.3354154794431982,3.920621575093126,0.3310289548069808,1,1.0676790422275236e-08,4.4693443890700346e-07,1.4716401311693234e-06,0.0506586330960483,9.858509576993344e-305,2.4575141927391693e-307,0.1945457964898552,0.793704114390836,,,
best_per_cell,1,VH_6_MFA_BA,VH,MFA_BA,VH_6_MFA_BA__hybrid_pre_07,M3,recruited_surface_gap_assisted_buffering,2.2304060243979698,0.5170921728313226,2.2304060243979698,0.5170921728313226,2,0.0010372803440127,2.2174885564303987e-05,8.794145686213767e-05,1.5799874999695134,0.8782379198892326,0.4994929592694068,0.5020402319956863,0.4976611294047131,,,
best_per_cell,1,VH_7_OG_MFA,VH,MFA,VH_7_OG_MFA__hybrid_optuna_287,M1,low_recruitment_local_storage,6.46843415738331,0.3904517319792778,6.463470133576611,0.3906704547285283,1,1.0105592506644526e-08,0.0018637511911906,6.2489856273289125e-06,1.1731916289284865,0.0815127593653442,4.365845344203018e-06,0.2020031700292845,0.1506959341951867,,,
best_per_cell,1,VH_7_OG_MFA_BA,VH,MFA_BA,VH_7_OG_MFA_BA__hybrid_optuna_087,M3,low_recruitment_local_storage,4.369409920477477,0.5046372475552598,4.373827677778654,0.5020743828718134,1,1.1741633364539965e-07,0.0039552323360892,1.1293569666046962e-08,0.1876572632038594,9.859675822881862e-305,0.0,0.3573523969483343,0.0268710981837458,,,
top_k_per_cell,3,1_DH_1_CONTROL,DH,CONTROL,1_DH_1_CONTROL__hybrid_optuna_087,M1,mixed_local_spatial_buffering,7.598614341672754,0.3592140714053211,7.581328705455518,0.3596089913772268,1,1.1996661220636652e-08,0.0009639219104777,1.3822108483323732e-06,0.2273680004427412,0.4696968163561277,3.3198915743536735e-05,0.0248241470887973,0.4752922991093256,,,
top_k_per_cell,3,1_DH_1_CONTROL,DH,CONTROL,1_DH_1_CONTROL__hybrid_optuna_098,M2,mixed_local_spatial_buffering,14.892764364375594,0.3045566673578326,14.892764364375594,0.3045566673578326,2,2.1484198879011832e-08,1.0088571442840538e-08,4.5165475071932483e-08,0.0678458449682687,0.4060929676989249,5.965698106203987e-05,0.3517984082828717,0.6453230142897212,,,
top_k_per_cell,3,1_DH_2_CONTROL,DH,CONTROL,1_DH_2_CONTROL__hybrid_optuna_098,M1,mixed_local_spatial_buffering,13.977227693028652,0.3592629870825042,13.982361406690702,0.3593400005006864,1,1.1996661220636652e-08,0.0009639219104777,5.117854716429417e-07,0.255012047149372,0.4742352083058401,1.230573233368412e-05,0.0247631908628131,0.4760309130560966,,,
top_k_per_cell,3,1_DH_2_CONTROL,DH,CONTROL,1_DH_2_CONTROL__hybrid_optuna_072,M1,low_recruitment_local_storage,7.607195894095102,0.3414510969631935,7.607195894095102,0.3414510969631935,2,1.0153508977858307e-06,8.193799991073805e-07,0.0615521370223549,4.906669506278448,9.859676543758941e-305,0.0,0.1666206762598346,0.3304409356067796,,,
top_k_per_cell,3,1_DH_2_CONTROL,DH,CONTROL,1_DH_2_CONTROL__hybrid_optuna_066,M2,low_recruitment_local_storage,5.960267419691559,0.3024776268661662,5.960267419691559,0.3024776268661662,3,1.991600130066668e-08,1.1498294176561468e-05,0.0290154667530075,3.517490838704276,9.859676542188784e-305,8.850468199611234e-303,0.3514071263833052,0.5706908873790544,,,
top_k_per_cell,3,1_VH_1_CONTROL,VH,CONTROL,1_VH_1_CONTROL__hybrid_optuna_004,M2,kir_dominant_local_buffering,6.460123378392464,0.3090362481637552,6.452548930367247,0.3093203980865881,1,1.9320979798396146e-07,6.884733072151251e-05,0.0446888001496297,1.918939695528853,9.85967654371955e-305,1.0655056870849664e-303,0.0328809123703741,0.9659494002427564,,,
top_k_per_cell,3,1_VH_1_CONTROL,VH,CONTROL,1_VH_1_CONTROL__hybrid_optuna_075,M2,kir_dominant_local_buffering,15.488587614508049,0.3063496820326807,15.488587614508049,0.3063496820326807,2,5.49211866925995e-07,5.745832666514891e-05,0.0309612832337943,0.3401260500078757,9.859676543759016e-305,1.0623987213616194e-301,0.3341014458119707,0.6645587659623035,,,
top_k_per_cell,3,1_VH_1_CONTROL,VH,CONTROL,1_VH_1_CONTROL__hybrid_optuna_002,M2,kir_dominant_local_buffering,6.337149283589009,0.3059006255968503,6.337149283589009,0.3059006255968503,3,5.898332582682037e-07,6.132367372018215e-05,0.03422334795647,0.4968427812563468,9.240381599479025e-289,1.820215092772444e-286,0.1528147000231149,0.8439308532540232,,,
top_k_per_cell,3,1_VH_2_CONTROL,VH,CONTROL,1_VH_2_CONTROL__hybrid_optuna_001,M2,mixed_local_spatial_buffering,6.896416818472869,0.3864626980064761,6.896416818472869,0.3864626980064761,2,2.428889058492891e-06,5.419739585354233e-06,0.0013623132320298,1.3179978430534545,0.3897766225674245,0.2617704120719824,0.2631347793761145,0.7368360177203286,,,
top_k_per_cell,3,1_VH_2_CONTROL,VH,CONTROL,1_VH_2_CONTROL__hybrid_optuna_002,M2,kir_dominant_local_buffering,6.877977269385884,0.3417286350286266,6.877977269385884,0.3417286350286266,3,6.830499304746684e-06,1.8270132738959688e-06,0.0005124194965899,0.92035745774166,0.2046230620212255,0.3833974753258038,0.3859842265626818,0.6140067697857555,,,
top_k_per_cell,3,1_VH_2_CONTROL,VH,CONTROL,1_VH_2_CONTROL__hybrid_post_002,M2,kir_dominant_local_buffering,6.879820130986893,0.341632613287519,6.879820130986893,0.341632613287519,4,6.84569879597993e-06,1.83096112047192e-06,0.0005080691346224,0.9233565469150656,0.2035765982325385,0.3833125063263915,0.3859455745617049,0.6140454044371448,,,
top_k_per_cell,3,2_DH_1_CONTROL,DH,CONTROL,2_DH_1_CONTROL__hybrid_optuna_096,M1,mixed_local_spatial_buffering,12.448600024573151,0.3592629849136366,12.449729895697262,0.3592784978311763,1,1.1996661220636652e-08,0.0009639219104777,5.117854716429417e-07,0.255012047149372,0.4742352082186666,1.230573253574145e-05,0.0247631905675365,0.4760309211447489,,,
top_k_per_cell,3,2_DH_1_CONTROL,DH,CONTROL,2_DH_1_CONTROL__hybrid_optuna_060,M2,mixed_local_spatial_buffering,4.214801287524524,0.3014309162348116,4.214801287524524,0.3014309162348116,2,1.437660327623344e-08,8.250738068715948e-05,0.0026714630638544,1.0074212894031065,0.3571264313395959,0.3739570885846779,0.2461376538519807,0.7487893445551271,,,
top_k_per_cell,3,3_DH_1_CONTROL,DH,CONTROL,3_DH_1_CONTROL__hybrid_optuna_097,M1,mixed_local_spatial_buffering,15.033451490435638,0.3592629849136366,15.03473662999395,0.3592932305184015,1,1.1996661220636652e-08,0.0009639219104777,5.117854716429417e-07,0.255012047149372,0.4742352082186666,1.230573253574145e-05,0.0247631905675365,0.4760309211447489,,,
top_k_per_cell,3,3_DH_1_CONTROL,DH,CONTROL,3_DH_1_CONTROL__hybrid_optuna_001,M2,mixed_local_spatial_buffering,8.883726625489528,0.3333333333333333,8.883726625489528,0.3333333333333333,3,0.0008876227573001,1.4131789241161373e-07,0.0994025239022729,4.496767329358334,0.1405481956554978,0.4981590285512022,0.5068339988589791,0.4686378793844438,,,
top_k_per_cell,3,3_DH_1_CONTROL,DH,CONTROL,3_DH_1_CONTROL__hybrid_post_001,M2,mixed_local_spatial_buffering,8.883394285329667,0.3333333333333333,8.883394285329667,0.3333333333333333,2,0.000892111152047,1.374794139845004e-07,0.0990772337135975,4.502541267844211,0.1374343259044782,0.4982171396860078,0.5068243510235454,0.4689470521955843,,,
top_k_per_cell,3,3_DH_2_CONTROL,DH,CONTROL,3_DH_2_CONTROL__hybrid_optuna_098,M1,mixed_local_spatial_buffering,14.757077556565273,0.3592629849136366,14.75816737558676,0.3592785028336003,1,1.1996661220636652e-08,0.0009639219104777,5.117854716429417e-07,0.255012047149372,0.4742352082186666,1.230573253574145e-05,0.0247631905675365,0.4760309211447489,,,
top_k_per_cell,3,3_DH_2_CONTROL,DH,CONTROL,3_DH_2_CONTROL__hybrid_optuna_067,M2,mixed_local_spatial_buffering,7.060338205298613,0.3013201372883478,7.060338205298613,0.3013201372883478,2,2.2841321209132905e-07,3.894667945706587e-07,0.0030184415917358,1.0997984024979517,0.4178607004639375,0.4909471882389424,0.4794336005570823,0.518783493966634,,,
top_k_per_cell,3,DH_1_CONTROL,DH,CONTROL,DH_1_CONTROL__hybrid_optuna_099,M1,mixed_local_spatial_buffering,14.37998457908929,0.3598312687182541,14.379885750991996,0.3598628598328197,1,1.1996661220636652e-08,0.0009639219104777,5.117854651262243e-07,0.2550120469773154,0.4742352082378285,1.2305732598021472e-05,0.0247631910335856,0.476030914660559,,,
top_k_per_cell,3,DH_1_CONTROL,DH,CONTROL,DH_1_CONTROL__hybrid_optuna_053,M1,mixed_local_spatial_buffering,5.67908982422583,0.356483160100383,5.67908982422583,0.356483160100383,2,6.284946321406843e-08,3.8160022201918936e-08,0.0129254920805939,5.231487674988508,0.4448673716891838,0.0,0.0011221928155235,0.5001582626973475,,,
top_k_per_cell,3,DH_1_CONTROL,DH,CONTROL,DH_1_CONTROL__hybrid_optuna_049,M2,available_surface_voltage_coupled_but_ionic_recruitment_low,4.519310745399758,0.3018156787844202,4.519310745399758,0.3018156787844202,3,4.515284374263166e-07,2.258282326866396e-06,1.1219093081864454e-05,0.47120120167239,1.75677580367573e-05,9.961134969491689e-06,0.48483328243544,0.5120435155040592,,,
top_k_per_cell,3,DH_1_MFA,DH,MFA,DH_1_MFA__hybrid_optuna_057,M1,kir_dominant_local_buffering,7.617809091500729,0.4141233334751723,7.617809091500729,0.4141233334751723,2,5.9078902720612464e-08,3.5398302483569986e-05,6.697544368255835e-06,0.1864084103281081,1.9347288504802338e-10,4.0965756006929646e-14,0.0933589814574053,0.7543739959998792,,,
top_k_per_cell,3,DH_1_MFA,DH,MFA,DH_1_MFA__hybrid_optuna_053,M1,mixed_local_spatial_buffering,6.664340472876408,0.408752052012186,6.664340472876408,0.408752052012186,3,4.466047172919705e-07,1.6853856545294232e-08,4.670625929072946e-08,0.1799291146620292,0.3593983901159316,0.0,0.0474962550058821,0.5115672512305643,,,
top_k_per_cell,3,DH_1_MFA,DH,MFA,DH_1_MFA__hybrid_optuna_042,M1,mixed_local_spatial_buffering,16.86245007332977,0.4072508966031451,16.86245007332977,0.4072508966031451,4,5.325010930083692e-07,1.8377461020597505e-06,1.2434361973651156e-06,0.0986094948822297,0.3017899069378927,0.0,0.0288244465618469,0.4864750198134708,,,
top_k_per_cell,3,DH_1_MFA_BA,DH,MFA_BA,DH_1_MFA_BA__hybrid_optuna_094,M3,recruited_surface_gap_assisted_buffering,9.2903736093772,0.5002343326983888,9.2903736093772,0.5002343326983888,2,0.0010372803740804,2.2174884575555303e-05,8.794145260307696e-05,1.5799875219699269,0.8782379378143435,0.49949297865659,0.5020402316128584,0.4976611297850196,,,
top_k_per_cell,3,DH_1_MFA_BA,DH,MFA_BA,DH_1_MFA_BA__hybrid_pre_07,M3,recruited_surface_gap_assisted_buffering,9.2903736093772,0.5002343326983888,9.290373597988715,0.5002343324077609,1,0.0010372803740804,2.2174884575555303e-05,8.794145260307696e-05,1.5799875219699269,0.8782379378143435,0.49949297865659,0.5020402316128584,0.4976611297850196,,,
top_k_per_cell,3,DH_1_MFA_BA,DH,MFA_BA,DH_1_MFA_BA__hybrid_pre_06,M3,recruited_surface_gap_assisted_buffering,8.696195882764234,0.5001050617594884,8.696195882764234,0.5001050617594884,3,0.0002273248216595,6.013475300802908e-05,0.0005418197065445,2.78601962601174,0.9754067021171516,0.4993462497468193,0.5004129422113776,0.4987320902631796,,,
top_k_per_cell,3,DH_2_CONTROL,DH,CONTROL,DH_2_CONTROL__hybrid_optuna_044,M1,low_recruitment_local_storage,6.691091388914987,0.3205460241541799,6.680108984440455,0.3200100880015195,1,5.40962804894205e-07,5.414761089981999e-06,0.0005826907540579,0.0754642657045525,1.6559898877844283e-16,0.0,0.0774388167143483,0.4220118476583864,,,
top_k_per_cell,3,DH_2_MFA,DH,MFA,DH_2_MFA__hybrid_optuna_089,M2,kir_dominant_local_buffering,6.531705655214541,0.4039584588384186,6.514858125927517,0.4034658048643297,1,6.190306186306563e-08,9.920679668590177e-07,1.6949260351291846e-05,0.0599586399019006,0.0004670173367468,8.478057159548557e-06,0.0866869462282207,0.9000122943347556,,,
top_k_per_cell,3,DH_2_MFA,DH,MFA,DH_2_MFA__hybrid_optuna_091,M3,recruited_surface_gap_assisted_buffering,7.807778085020222,0.3928288749439391,7.807778085020222,0.3928288749439391,2,0.0012668199112166,1.6445254429280595e-05,2.674786110656064e-08,1.5246205448598618,0.5056532318279291,0.0194124450520875,0.5058294801618824,0.4941405464636627,,,
top_k_per_cell,3,DH_2_MFA,DH,MFA,DH_2_MFA__hybrid_optuna_094,M2,available_surface_voltage_coupled_but_ionic_recruitment_low,8.713006577952283,0.3887037098188905,8.713006577952283,0.3887037098188905,3,3.934271817733303e-07,1.5172942370876184e-06,1.7928709763916669e-07,0.4042134344394826,1.628320531499146e-50,7.7437123633152925e-53,0.4561209410703309,0.5356245734566565,,,
top_k_per_cell,3,DH_2_MFA_BA,DH,MFA_BA,DH_2_MFA_BA__hybrid_optuna_064,M3,recruited_surface_gap_assisted_buffering,4.77898306267596,0.5002343326983888,4.77898306267596,0.5002343326983888,2,0.0010372803740804,2.2174884575555303e-05,8.794145260307696e-05,1.5799875219699269,0.8782379378143435,0.49949297865659,0.5020402316128584,0.4976611297850196,,,
top_k_per_cell,3,DH_2_MFA_BA,DH,MFA_BA,DH_2_MFA_BA__hybrid_pre_07,M3,recruited_surface_gap_assisted_buffering,4.77898306267596,0.5002343326983888,4.7789830521136345,0.5002343324077609,1,0.0010372803740804,2.2174884575555303e-05,8.794145260307696e-05,1.5799875219699269,0.8782379378143435,0.49949297865659,0.5020402316128584,0.4976611297850196,,,
top_k_per_cell,3,DH_2_MFA_BA,DH,MFA_BA,DH_2_MFA_BA__hybrid_optuna_010,M2,low_recruitment_local_storage,2.9036701877234896,0.5001120457786353,2.9036701877234896,0.5001120457786353,3,4.6999916600854346e-08,3.0725222386636305e-07,3.81850009183786e-05,0.4548026277868452,4.849679305425466e-122,6.586387739917803e-123,0.2251427780588999,0.5413559859999828,,,
top_k_per_cell,3,DH_3_MFA,DH,MFA,DH_3_MFA__hybrid_optuna_099,M2,available_surface_voltage_coupled_but_ionic_recruitment_low,5.1738325931057805,0.3999937647234321,5.174060065392665,0.4000036341686446,1,5.913674084541693e-08,2.180500489771518e-08,7.961929856263713e-06,2.705363745813464,9.859297130281808e-305,7.410911899284294e-306,0.4428733336316954,0.5557600953718164,,,
top_k_per_cell,3,DH_3_MFA,DH,MFA,DH_3_MFA__hybrid_optuna_091,M2,available_surface_voltage_coupled_but_ionic_recruitment_low,7.6605855126329905,0.3887037098188905,7.6605855126329905,0.3887037098188905,2,3.934271817733303e-07,1.5172942370876184e-06,1.7928709763916669e-07,0.4042134344394826,1.628320531499146e-50,7.7437123633152925e-53,0.4561209410703309,0.5356245734566565,,,
top_k_per_cell,3,DH_3_MFA,DH,MFA,DH_3_MFA__hybrid_optuna_098,M2,available_surface_voltage_coupled_but_ionic_recruitment_low,4.023877898044378,0.3765881323695285,4.023877898044378,0.3765881323695285,3,1.442153466779471e-06,1.0859638993585997e-08,3.9957459106320754e-05,0.4733798311896526,5.969937950696977e-303,4.326650566617729e-302,0.494248108931173,0.5057259907212789,,,
top_k_per_cell,3,DH_3_MFA_BA,DH,MFA_BA,DH_3_MFA_BA__hybrid_optuna_084,M3,recruited_surface_gap_assisted_buffering,3.6648485637389294,0.6539194370885316,3.664848557554818,0.6539198194098773,1,0.006004480331788,0.0004748639643733,0.0078823067326611,0.2225470795869807,0.8168816164714974,0.4983764391204631,0.5987294842016618,0.3443563808042362,,,
top_k_per_cell,3,DH_3_MFA_BA,DH,MFA_BA,DH_3_MFA_BA__hybrid_pre_07,M3,recruited_surface_gap_assisted_buffering,3.3024485900425566,0.5002343326983888,3.3024485900425566,0.5002343326983888,2,0.0010372803740804,2.2174884575555303e-05,8.794145260307696e-05,1.5799875219699269,0.8782379378143435,0.49949297865659,0.5020402316128584,0.4976611297850196,,,
top_k_per_cell,3,DH_3_MFA_BA,DH,MFA_BA,DH_3_MFA_BA__hybrid_optuna_093,M3,recruited_surface_gap_assisted_buffering,3.3024485900425566,0.5002343326983888,3.3024485900425566,0.5002343326983888,3,0.0010372803740804,2.2174884575555303e-05,8.794145260307696e-05,1.5799875219699269,0.8782379378143435,0.49949297865659,0.5020402316128584,0.4976611297850196,,,
top_k_per_cell,3,DH_4_MFA,DH,MFA,DH_4_MFA__hybrid_optuna_071,M1,mixed_local_spatial_buffering,9.690425414748626,0.4054007520561402,9.690425414748626,0.4054007520561402,2,3.57538604039399e-08,1.459066821891249e-06,3.4618459927224015e-08,1.7969551065164342,0.361012035958337,2.5334015640253105e-08,0.0393693168559369,0.4783530564972518,,,
top_k_per_cell,3,DH_4_MFA,DH,MFA,DH_4_MFA__hybrid_optuna_058,M1,mixed_local_spatial_buffering,6.987205761191735,0.407066898141559,6.708083239584087,0.4028785587054139,1,1.4873847062242473e-08,3.0753396318954304e-08,5.3000408689774044e-08,0.0550943319579486,0.4360604366288506,0.0,0.0025368958949752,0.5688849024105181,,,
top_k_per_cell,3,DH_4_MFA,DH,MFA,DH_4_MFA__hybrid_optuna_091,M2,mixed_local_spatial_buffering,6.466176876756992,0.3991635169669452,6.466176876756992,0.3991635169669452,3,5.90062302525272e-07,1.3886531388585973e-06,7.804462321349573e-05,0.1225495683983335,0.4796947272887184,0.2435447692917836,0.3090189578868901,0.6211281025353167,,,
top_k_per_cell,3,DH_4_MFA_BA,DH,MFA_BA,DH_4_MFA_BA__hybrid_optuna_009,M3,available_surface_voltage_coupled_but_ionic_recruitment_low,5.7407085435306975,0.501154708041544,5.747983450966527,0.5011547091449916,1,4.106585562403023e-05,5.890752019306703e-06,1.3953305003523227e-08,0.0941316984893462,9.0470495105492e-14,2.234248681373641e-15,0.4994546008715241,0.5003332368800874,,,
top_k_per_cell,3,DH_4_MFA_BA,DH,MFA_BA,DH_4_MFA_BA__hybrid_optuna_027,M2,available_surface_voltage_coupled_but_ionic_recruitment_low,6.292364505422267,0.5011306300043804,6.292364505422267,0.5011306300043804,2,5.2754381118457726e-05,3.286659443069445e-06,2.1498016972028663e-08,4.611046474962568,1.282262783947999e-22,6.4982253069956456e-24,0.4998174387270279,0.5001717476342242,,,
top_k_per_cell,3,DH_4_MFA_BA,DH,MFA_BA,DH_4_MFA_BA__hybrid_optuna_016,M3,mixed_local_spatial_buffering,5.935031002527908,0.5006906446441349,5.935031002527908,0.5006906446441349,3,4.284939552401806e-05,3.920777008083989e-06,3.566732722655705e-08,0.0884954633025036,0.459291535713057,0.0326332328172694,0.4996745180162227,0.5001737012385427,,,
top_k_per_cell,3,DH_5_MFA,DH,MFA,DH_5_MFA__hybrid_optuna_099,M2,available_surface_voltage_coupled_but_ionic_recruitment_low,7.721973853652833,0.3999937647234321,7.72208158024421,0.3999992487855623,1,5.913674084541693e-08,2.180500489771518e-08,7.961929856263713e-06,2.705363745813464,9.859297130281808e-305,7.410911899284294e-306,0.4428733336316954,0.5557600953718164,,,
top_k_per_cell,3,DH_5_MFA,DH,MFA,DH_5_MFA__hybrid_optuna_092,M2,available_surface_voltage_coupled_but_ionic_recruitment_low,10.766925235957672,0.3887037098188905,10.766925235957672,0.3887037098188905,2,3.934271817733303e-07,1.5172942370876184e-06,1.7928709763916669e-07,0.4042134344394826,1.628320531499146e-50,7.7437123633152925e-53,0.4561209410703309,0.5356245734566565,,,
top_k_per_cell,3,DH_5_MFA,DH,MFA,DH_5_MFA__hybrid_optuna_098,M2,available_surface_voltage_coupled_but_ionic_recruitment_low,6.615092772420471,0.3765881323695285,6.615092772420471,0.3765881323695285,3,1.442153466779471e-06,1.0859638993585997e-08,3.9957459106320754e-05,0.4733798311896526,5.969937950696977e-303,4.326650566617729e-302,0.494248108931173,0.5057259907212789,,,
top_k_per_cell,3,DH_5_MFA_BA,DH,MFA_BA,DH_5_MFA_BA__hybrid_optuna_090,M3,recruited_surface_gap_assisted_buffering,7.756491796912903,0.6539194370885316,7.756491791800969,0.6539205914599983,1,0.006004480331788,0.0004748639643733,0.0078823067326611,0.2225470795869807,0.8168816164714974,0.4983764391204631,0.5987294842016618,0.3443563808042362,,,
top_k_per_cell,3,DH_5_MFA_BA,DH,MFA_BA,DH_5_MFA_BA__hybrid_optuna_046,M3,available_surface_voltage_coupled_but_ionic_recruitment_low,4.195910987007627,0.5013338898672975,4.195910987007627,0.5013338898672975,2,0.003484461087647,1.7387047156128226e-05,3.003965438786385e-07,0.0572840272457404,0.1605657403036758,0.08092447347997,0.5065008065610195,0.4933685806120239,,,
top_k_per_cell,3,DH_5_MFA_BA,DH,MFA_BA,DH_5_MFA_BA__hybrid_optuna_065,M3,recruited_surface_gap_assisted_buffering,6.15211350138386,0.5002483402675105,6.15211350138386,0.5002483402675105,3,0.0008258265779372,5.9438838250875446e-05,2.248987047842724e-06,0.1453116567441049,0.9742462789762096,0.4770245319793364,0.5012679963960441,0.4916161818077457,,,
top_k_per_cell,3,DH_6_MFA,DH,MFA,DH_6_MFA__hybrid_optuna_089,M2,kir_dominant_local_buffering,6.095703691089766,0.4120279411059476,5.750019158511894,0.4041954131080984,1,1.831772358374243e-08,6.677572302239178e-08,2.3775778615364685e-07,0.3488310266310853,1.3558451251545483e-85,9.490475675618964e-89,0.297479412042332,0.7019967259355027,,,
top_k_per_cell,3,DH_6_MFA,DH,MFA,DH_6_MFA__hybrid_optuna_092,M2,kir_dominant_local_buffering,7.272136679906429,0.3974428217502407,7.272136679906429,0.3974428217502407,2,1.45975108319096e-08,2.8716647863527138e-06,4.322307287920272e-08,0.2940799874700057,8.55546014303378e-06,5.567433536181966e-10,0.2966184336769124,0.6984749912590771,,,
top_k_per_cell,3,DH_6_MFA,DH,MFA,DH_6_MFA__hybrid_optuna_093,M2,available_surface_voltage_coupled_but_ionic_recruitment_low,4.183368200924177,0.3765881323695285,4.183368200924177,0.3765881323695285,3,1.442153466779471e-06,1.0859638993585997e-08,3.9957459106320754e-05,0.4733798311896526,5.969937950696977e-303,4.326650566617729e-302,0.494248108931173,0.5057259907212789,,,
top_k_per_cell,3,DH_6_MFA_BA,DH,MFA_BA,DH_6_MFA_BA__hybrid_optuna_070,M3,recruited_surface_gap_assisted_buffering,6.93457064559709,0.5002343326983888,6.93457064559709,0.5002343326983888,2,0.0010372803740804,2.2174884575555303e-05,8.794145260307696e-05,1.5799875219699269,0.8782379378143435,0.49949297865659,0.5020402316128584,0.4976611297850196,,,
top_k_per_cell,3,DH_6_MFA_BA,DH,MFA_BA,DH_6_MFA_BA__hybrid_pre_07,M3,recruited_surface_gap_assisted_buffering,6.93457064559709,0.5002343326983888,6.934570635221192,0.5002343324077609,1,0.0010372803740804,2.2174884575555303e-05,8.794145260307696e-05,1.5799875219699269,0.8782379378143435,0.49949297865659,0.5020402316128584,0.4976611297850196,,,
top_k_per_cell,3,DH_6_MFA_BA,DH,MFA_BA,DH_6_MFA_BA__hybrid_optuna_061,M2,mixed_local_spatial_buffering,4.430642752693802,0.5001191163558986,4.430642752693802,0.5001191163558986,3,6.14665246262054e-05,7.279344522439486e-08,9.501863623408292e-05,1.4662221800010349,0.4480461722800559,0.4988998227402424,0.5001283754209892,0.4996763643711054,,,
top_k_per_cell,3,VH_1_MFA,VH,MFA,VH_1_MFA__hybrid_optuna_286,M2,available_surface_voltage_coupled_but_ionic_recruitment_low,5.402458464176738,0.3187724787549762,5.324644203277079,0.3276902138441131,1,6.943058517117419e-06,1.3815802088953085e-08,3.680689176139829e-05,1.455718336558958,3.3579247697492488e-226,6.651050582891266e-225,0.4950885417025775,0.5045995350801118,,,
top_k_per_cell,3,VH_1_MFA,VH,MFA,VH_1_MFA__hybrid_optuna_282,M2,available_surface_voltage_coupled_but_ionic_recruitment_low,4.59767024565459,0.309770898916262,4.59767024565459,0.309770898916262,2,2.277609708677161e-06,5.2756762324982975e-08,4.2597077450831365e-05,1.813500586562898,9.859676454385955e-305,7.034325336944119e-304,0.4977557933198111,0.501875510325509,,,
top_k_per_cell,3,VH_1_MFA_BA,VH,MFA_BA,VH_1_MFA_BA__hybrid_optuna_089,M3,recruited_surface_gap_assisted_buffering,2.8081588852331123,0.5187766904744362,2.8081588852331123,0.5187766904744362,1,0.0032986314524224,0.0023449227003439,0.0004453743366613,0.6065988974813709,0.938898683870125,0.4542614297251468,0.506154001259623,0.0334886102627601,,,
top_k_per_cell,3,VH_1_MFA_BA,VH,MFA_BA,VH_1_MFA_BA__hybrid_pre_07,M3,recruited_surface_gap_assisted_buffering,2.495032131727214,0.5170921728313226,2.495032131727214,0.5170921728313226,2,0.0010372803440127,2.2174885564303987e-05,8.794145686213767e-05,1.5799874999695134,0.8782379198892326,0.4994929592694068,0.5020402319956863,0.4976611294047131,,,
top_k_per_cell,3,VH_1_MFA_BA,VH,MFA_BA,VH_1_MFA_BA__hybrid_optuna_085,M3,recruited_surface_gap_assisted_buffering,2.495032131727214,0.5170921728313226,2.495032131727214,0.5170921728313226,3,0.0010372803440127,2.2174885564303987e-05,8.794145686213767e-05,1.5799874999695134,0.8782379198892326,0.4994929592694068,0.5020402319956863,0.4976611294047131,,,
top_k_per_cell,3,VH_2_MFA,VH,MFA,VH_2_MFA__hybrid_optuna_224,M2,kir_dominant_local_buffering,7.7903868016216835,0.3333333333333332,7.7903868016216835,0.3333333333333332,2,5.543389284811165e-08,0.0003380627386805,0.0343935701718021,7.069309720441503,0.0063057152332507,0.012794103018461,0.1182391464735235,0.8786908255894126,,,
top_k_per_cell,3,VH_2_MFA,VH,MFA,VH_2_MFA__hybrid_optuna_247,M2,kir_dominant_local_buffering,5.6072346612343305,0.3497440689005848,5.12257282590481,0.3321493553625046,1,1.4942058091019048e-08,7.131342184668549e-05,7.289842046909734e-06,0.8478705307374524,2.5825431504216476e-108,1.7786494347606325e-110,0.1074389485558515,0.88423783660031,,,
top_k_per_cell,3,VH_2_MFA,VH,MFA,VH_2_MFA__hybrid_optuna_260,M3,kir_dominant_local_buffering,6.376541321318695,0.3061349277910578,6.376541321318695,0.3061349277910578,3,2.187165253890565e-05,0.0003084240770829,0.0223765936262635,4.942580610840768,5.3430059620029246e-80,1.9690321417873524e-77,0.2261170245762444,0.7735249679278686,,,
top_k_per_cell,3,VH_2_MFA_BA,VH,MFA_BA,VH_2_MFA_BA__hybrid_optuna_080,M3,recruited_surface_gap_assisted_buffering,4.028481856572046,0.675987803339035,4.0284818597053125,0.6759875065079649,1,0.006004480331788,0.0004748639643733,0.0078823067326611,0.2225470795869807,0.8168816164714974,0.4983764391204631,0.5987294842016618,0.3443563808042362,,,
top_k_per_cell,3,VH_2_MFA_BA,VH,MFA_BA,VH_2_MFA_BA__hybrid_pre_07,M3,recruited_surface_gap_assisted_buffering,3.663454767192995,0.5170921728313226,3.663454767192995,0.5170921728313226,2,0.0010372803440127,2.2174885564303987e-05,8.794145686213767e-05,1.5799874999695134,0.8782379198892326,0.4994929592694068,0.5020402319956863,0.4976611294047131,,,
top_k_per_cell,3,VH_2_MFA_BA,VH,MFA_BA,VH_2_MFA_BA__hybrid_optuna_093,M3,recruited_surface_gap_assisted_buffering,3.663454767192995,0.5170921728313226,3.663454767192995,0.5170921728313226,3,0.0010372803440127,2.2174885564303987e-05,8.794145686213767e-05,1.5799874999695134,0.8782379198892326,0.4994929592694068,0.5020402319956863,0.4976611294047131,,,
top_k_per_cell,3,VH_3_MFA,VH,MFA,VH_3_MFA__hybrid_optuna_215,M2,kir_dominant_local_buffering,8.081875166104036,0.3534894363071253,8.081875166104036,0.3534894363071253,2,1.2909968963860518e-06,2.534560222202759e-07,0.0001677339900706,0.3392357318580569,9.859676534765136e-305,1.0691142975079206e-303,0.3491073135372571,0.6032679507084954,,,
top_k_per_cell,3,VH_3_MFA,VH,MFA,VH_3_MFA__hybrid_optuna_204,M2,kir_dominant_local_buffering,6.783100259337623,0.3505317387777464,6.783100259337623,0.3505317387777464,3,4.4948907012532046e-08,4.145362090724767e-08,2.3765384704631485e-07,8.595521810660458,0.2766827862547558,0.0001252091317219,0.2328599930410531,0.6058697669819909,,,
top_k_per_cell,3,VH_3_MFA,VH,MFA,VH_3_MFA__hybrid_optuna_210,M2,kir_dominant_local_buffering,7.389195056913349,0.3584921492336466,6.9702218706698025,0.346833542689512,1,8.771333188344918e-07,3.453947550058565e-08,0.0267220193600037,1.5082606471195097,1.9873736491990174e-48,2.688848659891893e-45,0.3287385805411287,0.6695393166908118,,,
top_k_per_cell,3,VH_3_MFA_BA,VH,MFA_BA,VH_3_MFA_BA__hybrid_pre_07,M3,recruited_surface_gap_assisted_buffering,5.034961316727348,0.5170921728313226,5.034961316727348,0.5170921728313226,2,0.0010372803440127,2.2174885564303987e-05,8.794145686213767e-05,1.5799874999695134,0.8782379198892326,0.4994929592694068,0.5020402319956863,0.4976611294047131,,,
top_k_per_cell,3,VH_3_MFA_BA,VH,MFA_BA,VH_3_MFA_BA__hybrid_optuna_093,M3,recruited_surface_gap_assisted_buffering,5.034961316727348,0.5170921728313226,5.034961316727348,0.5170921728313226,3,0.0010372803440127,2.2174885564303987e-05,8.794145686213767e-05,1.5799874999695134,0.8782379198892326,0.4994929592694068,0.5020402319956863,0.4976611294047131,,,
top_k_per_cell,3,VH_3_MFA_BA,VH,MFA_BA,VH_3_MFA_BA__hybrid_optuna_053,M3,available_surface_voltage_coupled_but_ionic_recruitment_low,3.174627824790324,0.5140458874160998,3.174627824790324,0.5140458874160998,4,4.754440294055232e-05,1.6455868381051065e-06,2.4281439591901907e-08,0.3330455240914179,2.5987235540763646e-31,2.0907417063845398e-32,0.4834701494051936,0.1680485613583905,,,
top_k_per_cell,3,VH_4_MFA,VH,MFA,VH_4_MFA__hybrid_optuna_279,M2,kir_dominant_local_buffering,5.171581437143092,0.3287282749973634,5.047342707603293,0.3211724855471737,1,1.4261529238814874e-08,0.0005758722038207,1.0127249532302528e-07,6.478971352080313,0.0028672291964657,2.959438708551097e-07,0.1623015424865444,0.6618807818976299,,,
top_k_per_cell,3,VH_4_MFA,VH,MFA,VH_4_MFA__hybrid_optuna_282,M3,available_surface_voltage_coupled_but_ionic_recruitment_low,5.885441778033567,0.3112842666854571,5.885441778033567,0.3112842666854571,2,3.365360060894747e-05,0.0003294001686411,2.502242396193753e-07,4.737985869351024,9.859676535318498e-305,1.974817172290032e-306,0.4983494389087411,0.5013894365516894,,,
top_k_per_cell,3,VH_4_MFA,VH,MFA,VH_4_MFA__hybrid_optuna_284,M2,available_surface_voltage_coupled_but_ionic_recruitment_low,7.113619755702465,0.300634877004821,7.113619755702465,0.300634877004821,3,2.8792564879030826e-07,3.553532116839376e-08,3.693453988258007e-06,2.042863411890143,5.1372314971729874e-76,4.0256577731304864e-77,0.4763096690863793,0.5097073032255964,,,
top_k_per_cell,3,VH_4_MFA_BA,VH,MFA_BA,VH_4_MFA_BA__hybrid_post_001,M3,kir_dominant_local_buffering,3.326927248225932,0.6801542227748391,3.326927248225932,0.6801542227748391,2,0.0004988258515632,0.0033856572930096,9.653300938383145e-06,0.4260744122470449,9.859676537628617e-305,2.616187756609018e-307,0.2632446822314919,0.6848634498731628,,,
top_k_per_cell,3,VH_4_MFA_BA,VH,MFA_BA,VH_4_MFA_BA__hybrid_optuna_001,M3,kir_dominant_local_buffering,3.326927248225932,0.6801542227748391,3.3269272482252155,0.6801542227748142,1,0.0004988258515632,0.0033856572930096,9.653300938383145e-06,0.4260744122470449,9.859676537628617e-305,2.616187756609018e-307,0.2632446822314919,0.6848634498731628,,,
top_k_per_cell,3,VH_4_MFA_BA,VH,MFA_BA,VH_4_MFA_BA__hybrid_pre_07,M3,recruited_surface_gap_assisted_buffering,2.9631539458078184,0.5170921728313226,2.9631539458078184,0.5170921728313226,3,0.0010372803440127,2.2174885564303987e-05,8.794145686213767e-05,1.5799874999695134,0.8782379198892326,0.4994929592694068,0.5020402319956863,0.4976611294047131,,,
top_k_per_cell,3,VH_5_MFA,VH,MFA,VH_5_MFA__hybrid_optuna_289,M2,available_surface_voltage_coupled_but_ionic_recruitment_low,4.232572935369996,0.3084043599517155,4.232571365175923,0.3084043478733709,1,5.505606930051653e-06,3.70842597614226e-06,2.12560778043402e-05,0.0658261329789922,9.854498457234412e-126,1.452158505796159e-124,0.496395187269842,0.5036012459000666,,,
top_k_per_cell,3,VH_5_MFA,VH,MFA,VH_5_MFA__hybrid_optuna_276,M3,low_recruitment_local_storage,5.397116689218215,0.3034569205280916,5.397116689218215,0.3034569205280916,2,3.732282323067354e-07,0.0098203015953507,2.168205991257879e-07,1.7341279931846385,0.1348611544000746,4.452513293032826e-05,0.3077358097702772,0.4509491715637161,,,
top_k_per_cell,3,VH_5_MFA,VH,MFA,VH_5_MFA__hybrid_optuna_292,M2,kir_dominant_local_buffering,4.004289568433756,0.3020378225140416,4.004289568433756,0.3020378225140416,3,3.6784868397280964e-08,3.8112971910157554e-08,1.5766161939702236e-07,2.479831300084009,6.673575994575385e-11,4.018205498317135e-14,0.2683390076198162,0.7288866760883991,,,
top_k_per_cell,3,VH_5_MFA_BA,VH,MFA_BA,VH_5_MFA_BA__hybrid_optuna_078,M3,recruited_surface_gap_assisted_buffering,4.789063920279836,0.675987803339035,4.789063930386355,0.6759878585671723,1,0.006004480331788,0.0004748639643733,0.0078823067326611,0.2225470795869807,0.8168816164714974,0.4983764391204631,0.5987294842016618,0.3443563808042362,,,
top_k_per_cell,3,VH_5_MFA_BA,VH,MFA_BA,VH_5_MFA_BA__hybrid_pre_07,M3,recruited_surface_gap_assisted_buffering,4.427002902975017,0.5170921728313226,4.427002902975017,0.5170921728313226,2,0.0010372803440127,2.2174885564303987e-05,8.794145686213767e-05,1.5799874999695134,0.8782379198892326,0.4994929592694068,0.5020402319956863,0.4976611294047131,,,
top_k_per_cell,3,VH_5_MFA_BA,VH,MFA_BA,VH_5_MFA_BA__hybrid_optuna_093,M3,recruited_surface_gap_assisted_buffering,4.427002902975017,0.5170921728313226,4.427002902975017,0.5170921728313226,3,0.0010372803440127,2.2174885564303987e-05,8.794145686213767e-05,1.5799874999695134,0.8782379198892326,0.4994929592694068,0.5020402319956863,0.4976611294047131,,,
top_k_per_cell,3,VH_6_MFA,VH,MFA,VH_6_MFA__hybrid_optuna_943,M1,kir_dominant_local_buffering,3.9887692014650806,0.3354154794431982,3.920621575093126,0.3310289548069808,1,1.0676790422275236e-08,4.4693443890700346e-07,1.4716401311693234e-06,0.0506586330960483,9.858509576993344e-305,2.4575141927391693e-307,0.1945457964898552,0.793704114390836,,,
top_k_per_cell,3,VH_6_MFA,VH,MFA,VH_6_MFA__hybrid_optuna_950,M2,available_surface_voltage_coupled_but_ionic_recruitment_low,4.064258318511176,0.3260396886627446,4.064258318511176,0.3260396886627446,2,2.448275807313345e-05,2.84001692042918e-07,8.776103337623329e-07,0.0741715517541639,6.6665612304639325e-99,1.374385428988776e-98,0.4981754944588707,0.5018216633936278,,,
top_k_per_cell,3,VH_6_MFA,VH,MFA,VH_6_MFA__hybrid_optuna_970,M2,kir_dominant_local_buffering,3.798946707263704,0.3255564783096423,3.798946707263704,0.3255564783096423,3,4.240631398359977e-08,4.607349650042769e-08,5.952635923832895e-06,0.3374437721285548,1.0543851016910912e-10,2.908014260812503e-12,0.3139934176498233,0.668386964193379,,,
top_k_per_cell,3,VH_6_MFA_BA,VH,MFA_BA,VH_6_MFA_BA__hybrid_pre_07,M3,recruited_surface_gap_assisted_buffering,2.2304060243979698,0.5170921728313226,2.2304060243979698,0.5170921728313226,2,0.0010372803440127,2.2174885564303987e-05,8.794145686213767e-05,1.5799874999695134,0.8782379198892326,0.4994929592694068,0.5020402319956863,0.4976611294047131,,,
top_k_per_cell,3,VH_6_MFA_BA,VH,MFA_BA,VH_6_MFA_BA__hybrid_optuna_062,M3,recruited_surface_gap_assisted_buffering,2.2304060243979698,0.5170921728313226,2.2304060243979698,0.5170921728313226,3,0.0010372803440127,2.2174885564303987e-05,8.794145686213767e-05,1.5799874999695134,0.8782379198892326,0.4994929592694068,0.5020402319956863,0.4976611294047131,,,
top_k_per_cell,3,VH_6_MFA_BA,VH,MFA_BA,VH_6_MFA_BA__hybrid_optuna_015,M2,available_surface_voltage_coupled_but_ionic_recruitment_low,1.0023160378915286,0.5126687149891017,1.0023160378915286,0.5126687149891017,4,0.0004958599401984,5.8280394018732434e-08,0.0002191424868946,2.0669391181502235,0.0052818329742259,0.4953544774260951,0.5000288231631119,0.4999356785186834,,,
top_k_per_cell,3,VH_7_OG_MFA,VH,MFA,VH_7_OG_MFA__hybrid_optuna_287,M1,low_recruitment_local_storage,6.46843415738331,0.3904517319792778,6.463470133576611,0.3906704547285283,1,1.0105592506644526e-08,0.0018637511911906,6.2489856273289125e-06,1.1731916289284865,0.0815127593653442,4.365845344203018e-06,0.2020031700292845,0.1506959341951867,,,
top_k_per_cell,3,VH_7_OG_MFA,VH,MFA,VH_7_OG_MFA__hybrid_optuna_279,M1,mixed_local_spatial_buffering,4.321800874359162,0.3247953079990144,4.321800874359162,0.3247953079990144,2,1.713871717417481e-08,0.0019757755351689,3.086308333923622e-07,3.577641985001013,0.4298132667741801,2.34929957247682e-06,0.0804755572908036,0.4516033736257617,,,
top_k_per_cell,3,VH_7_OG_MFA,VH,MFA,VH_7_OG_MFA__hybrid_optuna_284,M2,mixed_local_spatial_buffering,4.854643546009194,0.3235026532720956,4.854643546009194,0.3235026532720956,3,1.0093889618327304e-08,0.0016604709783445,2.143771355095408e-06,1.3736453910254,0.5016803918855626,0.0010768735222082,0.1730644894447211,0.8197803929062283,,,
top_k_per_cell,3,VH_7_OG_MFA_BA,VH,MFA_BA,VH_7_OG_MFA_BA__hybrid_optuna_087,M3,low_recruitment_local_storage,4.369409920477477,0.5046372475552598,4.373827677778654,0.5020743828718134,1,1.1741633364539965e-07,0.0039552323360892,1.1293569666046962e-08,0.1876572632038594,9.859675822881862e-305,0.0,0.3573523969483343,0.0268710981837458,,,
top_k_per_cell,3,VH_7_OG_MFA_BA,VH,MFA_BA,VH_7_OG_MFA_BA__hybrid_pre_07,M3,recruited_surface_gap_assisted_buffering,2.669550211782892,0.5012286168629455,2.669550211782892,0.5012286168629455,2,0.0010372803740804,2.2174884575555303e-05,8.794145260307696e-05,1.5799875219699269,0.8782379378143435,0.49949297865659,0.5020402316128584,0.4976611297850196,,,
top_k_per_cell,3,VH_7_OG_MFA_BA,VH,MFA_BA,VH_7_OG_MFA_BA__hybrid_optuna_078,M3,recruited_surface_gap_assisted_buffering,2.669550211782892,0.5012286168629455,2.669550211782892,0.5012286168629455,3,0.0010372803740804,2.2174884575555303e-05,8.794145260307696e-05,1.5799875219699269,0.8782379378143435,0.49949297865659,0.5020402316128584,0.4976611297850196,,,
mechanism_diverse_per_cell,3,1_DH_1_CONTROL,DH,CONTROL,1_DH_1_CONTROL__hybrid_optuna_087,M1,mixed_local_spatial_buffering,7.598614341672754,0.3592140714053211,7.581328705455518,0.3596089913772268,1,1.1996661220636652e-08,0.0009639219104777,1.3822108483323732e-06,0.2273680004427412,0.4696968163561277,3.3198915743536735e-05,0.0248241470887973,0.4752922991093256,,,
mechanism_diverse_per_cell,3,1_DH_1_CONTROL,DH,CONTROL,1_DH_1_CONTROL__hybrid_optuna_098,M2,mixed_local_spatial_buffering,14.892764364375594,0.3045566673578326,14.892764364375594,0.3045566673578326,2,2.1484198879011832e-08,1.0088571442840538e-08,4.5165475071932483e-08,0.0678458449682687,0.4060929676989249,5.965698106203987e-05,0.3517984082828717,0.6453230142897212,,,
mechanism_diverse_per_cell,3,1_DH_2_CONTROL,DH,CONTROL,1_DH_2_CONTROL__hybrid_optuna_098,M1,mixed_local_spatial_buffering,13.977227693028652,0.3592629870825042,13.982361406690702,0.3593400005006864,1,1.1996661220636652e-08,0.0009639219104777,5.117854716429417e-07,0.255012047149372,0.4742352083058401,1.230573233368412e-05,0.0247631908628131,0.4760309130560966,,,
mechanism_diverse_per_cell,3,1_DH_2_CONTROL,DH,CONTROL,1_DH_2_CONTROL__hybrid_optuna_066,M2,low_recruitment_local_storage,5.960267419691559,0.3024776268661662,5.960267419691559,0.3024776268661662,3,1.991600130066668e-08,1.1498294176561468e-05,0.0290154667530075,3.517490838704276,9.859676542188784e-305,8.850468199611234e-303,0.3514071263833052,0.5706908873790544,,,
mechanism_diverse_per_cell,3,1_VH_1_CONTROL,VH,CONTROL,1_VH_1_CONTROL__hybrid_optuna_004,M2,kir_dominant_local_buffering,6.460123378392464,0.3090362481637552,6.452548930367247,0.3093203980865881,1,1.9320979798396146e-07,6.884733072151251e-05,0.0446888001496297,1.918939695528853,9.85967654371955e-305,1.0655056870849664e-303,0.0328809123703741,0.9659494002427564,,,
mechanism_diverse_per_cell,3,1_VH_2_CONTROL,VH,CONTROL,1_VH_2_CONTROL__hybrid_optuna_001,M2,mixed_local_spatial_buffering,6.896416818472869,0.3864626980064761,6.896416818472869,0.3864626980064761,2,2.428889058492891e-06,5.419739585354233e-06,0.0013623132320298,1.3179978430534545,0.3897766225674245,0.2617704120719824,0.2631347793761145,0.7368360177203286,,,
mechanism_diverse_per_cell,3,2_DH_1_CONTROL,DH,CONTROL,2_DH_1_CONTROL__hybrid_optuna_096,M1,mixed_local_spatial_buffering,12.448600024573151,0.3592629849136366,12.449729895697262,0.3592784978311763,1,1.1996661220636652e-08,0.0009639219104777,5.117854716429417e-07,0.255012047149372,0.4742352082186666,1.230573253574145e-05,0.0247631905675365,0.4760309211447489,,,
mechanism_diverse_per_cell,3,2_DH_1_CONTROL,DH,CONTROL,2_DH_1_CONTROL__hybrid_optuna_060,M2,mixed_local_spatial_buffering,4.214801287524524,0.3014309162348116,4.214801287524524,0.3014309162348116,2,1.437660327623344e-08,8.250738068715948e-05,0.0026714630638544,1.0074212894031065,0.3571264313395959,0.3739570885846779,0.2461376538519807,0.7487893445551271,,,
mechanism_diverse_per_cell,3,3_DH_1_CONTROL,DH,CONTROL,3_DH_1_CONTROL__hybrid_optuna_097,M1,mixed_local_spatial_buffering,15.033451490435638,0.3592629849136366,15.03473662999395,0.3592932305184015,1,1.1996661220636652e-08,0.0009639219104777,5.117854716429417e-07,0.255012047149372,0.4742352082186666,1.230573253574145e-05,0.0247631905675365,0.4760309211447489,,,
mechanism_diverse_per_cell,3,3_DH_1_CONTROL,DH,CONTROL,3_DH_1_CONTROL__hybrid_optuna_001,M2,mixed_local_spatial_buffering,8.883726625489528,0.3333333333333333,8.883726625489528,0.3333333333333333,3,0.0008876227573001,1.4131789241161373e-07,0.0994025239022729,4.496767329358334,0.1405481956554978,0.4981590285512022,0.5068339988589791,0.4686378793844438,,,
mechanism_diverse_per_cell,3,3_DH_2_CONTROL,DH,CONTROL,3_DH_2_CONTROL__hybrid_optuna_098,M1,mixed_local_spatial_buffering,14.757077556565273,0.3592629849136366,14.75816737558676,0.3592785028336003,1,1.1996661220636652e-08,0.0009639219104777,5.117854716429417e-07,0.255012047149372,0.4742352082186666,1.230573253574145e-05,0.0247631905675365,0.4760309211447489,,,
mechanism_diverse_per_cell,3,3_DH_2_CONTROL,DH,CONTROL,3_DH_2_CONTROL__hybrid_optuna_067,M2,mixed_local_spatial_buffering,7.060338205298613,0.3013201372883478,7.060338205298613,0.3013201372883478,2,2.2841321209132905e-07,3.894667945706587e-07,0.0030184415917358,1.0997984024979517,0.4178607004639375,0.4909471882389424,0.4794336005570823,0.518783493966634,,,
mechanism_diverse_per_cell,3,DH_1_CONTROL,DH,CONTROL,DH_1_CONTROL__hybrid_optuna_099,M1,mixed_local_spatial_buffering,14.37998457908929,0.3598312687182541,14.379885750991996,0.3598628598328197,1,1.1996661220636652e-08,0.0009639219104777,5.117854651262243e-07,0.2550120469773154,0.4742352082378285,1.2305732598021472e-05,0.0247631910335856,0.476030914660559,,,
mechanism_diverse_per_cell,3,DH_1_CONTROL,DH,CONTROL,DH_1_CONTROL__hybrid_optuna_049,M2,available_surface_voltage_coupled_but_ionic_recruitment_low,4.519310745399758,0.3018156787844202,4.519310745399758,0.3018156787844202,3,4.515284374263166e-07,2.258282326866396e-06,1.1219093081864454e-05,0.47120120167239,1.75677580367573e-05,9.961134969491689e-06,0.48483328243544,0.5120435155040592,,,
mechanism_diverse_per_cell,3,DH_1_MFA,DH,MFA,DH_1_MFA__hybrid_optuna_057,M1,kir_dominant_local_buffering,7.617809091500729,0.4141233334751723,7.617809091500729,0.4141233334751723,2,5.9078902720612464e-08,3.5398302483569986e-05,6.697544368255835e-06,0.1864084103281081,1.9347288504802338e-10,4.0965756006929646e-14,0.0933589814574053,0.7543739959998792,,,
mechanism_diverse_per_cell,3,DH_1_MFA,DH,MFA,DH_1_MFA__hybrid_optuna_079,M2,mixed_local_spatial_buffering,5.953404021982876,0.3991635157501803,5.953404021982876,0.3991635157501803,7,5.90062302525272e-07,1.3886531388585973e-06,7.804462321349573e-05,0.1225495683981146,0.4796947272885299,0.2435447885087824,0.3090189756403858,0.6211280808315651,,,
mechanism_diverse_per_cell,3,DH_1_MFA,DH,MFA,DH_1_MFA__hybrid_optuna_061,M3,mixed_local_spatial_buffering,7.917180905935666,0.3699535002570553,7.917180905935666,0.3699535002570553,14,3.1272978192923627e-06,0.0001430151334131,2.331695753552706e-07,0.0869053428474707,0.2989049801062991,0.007376528844354,0.4814828260887329,0.4106916411400225,,,
mechanism_diverse_per_cell,3,DH_1_MFA_BA,DH,MFA_BA,DH_1_MFA_BA__hybrid_optuna_094,M3,recruited_surface_gap_assisted_buffering,9.2903736093772,0.5002343326983888,9.2903736093772,0.5002343326983888,2,0.0010372803740804,2.2174884575555303e-05,8.794145260307696e-05,1.5799875219699269,0.8782379378143435,0.49949297865659,0.5020402316128584,0.4976611297850196,,,
mechanism_diverse_per_cell,3,DH_1_MFA_BA,DH,MFA_BA,DH_1_MFA_BA__hybrid_optuna_045,M2,low_recruitment_local_storage,2.8969262830435856,0.5000952515560826,2.8969262830435856,0.5000952515560826,6,3.077240987143434e-07,1.1857306242725477e-07,0.0061643454957073,2.3856732730686736,3.8661773085695715e-24,1.6941319833584333e-23,0.178881052076491,0.4623481384269399,,,
mechanism_diverse_per_cell,3,DH_1_MFA_BA,DH,MFA_BA,DH_1_MFA_BA__hybrid_optuna_046,M1,mixed_local_spatial_buffering,4.49287217219057,0.5000512723955376,4.49287217219057,0.5000512723955376,11,9.410347989302609e-08,7.242647022919399e-07,3.762396392103664e-05,0.0926673634016629,0.4468835731417435,0.0,0.0336125676403534,0.4843561108243329,,,
mechanism_diverse_per_cell,3,DH_2_CONTROL,DH,CONTROL,DH_2_CONTROL__hybrid_optuna_044,M1,low_recruitment_local_storage,6.691091388914987,0.3205460241541799,6.680108984440455,0.3200100880015195,1,5.40962804894205e-07,5.414761089981999e-06,0.0005826907540579,0.0754642657045525,1.6559898877844283e-16,0.0,0.0774388167143483,0.4220118476583864,,,
mechanism_diverse_per_cell,3,DH_2_MFA,DH,MFA,DH_2_MFA__hybrid_optuna_089,M2,kir_dominant_local_buffering,6.531705655214541,0.4039584588384186,6.514858125927517,0.4034658048643297,1,6.190306186306563e-08,9.920679668590177e-07,1.6949260351291846e-05,0.0599586399019006,0.0004670173367468,8.478057159548557e-06,0.0866869462282207,0.9000122943347556,,,
mechanism_diverse_per_cell,3,DH_2_MFA,DH,MFA,DH_2_MFA__hybrid_optuna_091,M3,recruited_surface_gap_assisted_buffering,7.807778085020222,0.3928288749439391,7.807778085020222,0.3928288749439391,2,0.0012668199112166,1.6445254429280595e-05,2.674786110656064e-08,1.5246205448598618,0.5056532318279291,0.0194124450520875,0.5058294801618824,0.4941405464636627,,,
mechanism_diverse_per_cell,3,DH_2_MFA,DH,MFA,DH_2_MFA__hybrid_optuna_088,M1,low_recruitment_local_storage,5.245074806148436,0.3568980864156673,5.245074806148436,0.3568980864156673,9,7.709861555594642e-08,7.449743996628878e-06,1.1451618203792846e-08,5.997762542739531,3.360925522554305e-07,0.0,0.0163086607820917,0.4898349878973118,,,
mechanism_diverse_per_cell,3,DH_2_MFA_BA,DH,MFA_BA,DH_2_MFA_BA__hybrid_optuna_064,M3,recruited_surface_gap_assisted_buffering,4.77898306267596,0.5002343326983888,4.77898306267596,0.5002343326983888,2,0.0010372803740804,2.2174884575555303e-05,8.794145260307696e-05,1.5799875219699269,0.8782379378143435,0.49949297865659,0.5020402316128584,0.4976611297850196,,,
mechanism_diverse_per_cell,3,DH_2_MFA_BA,DH,MFA_BA,DH_2_MFA_BA__hybrid_optuna_010,M2,low_recruitment_local_storage,2.9036701877234896,0.5001120457786353,2.9036701877234896,0.5001120457786353,3,4.6999916600854346e-08,3.0725222386636305e-07,3.81850009183786e-05,0.4548026277868452,4.849679305425466e-122,6.586387739917803e-123,0.2251427780588999,0.5413559859999828,,,
mechanism_diverse_per_cell,3,DH_2_MFA_BA,DH,MFA_BA,DH_2_MFA_BA__hybrid_optuna_042,M1,low_recruitment_local_storage,2.606057273969957,0.5000832439673731,2.606057273969957,0.5000832439673731,8,6.290467004337064e-08,1.0843131025706461e-08,1.246676328033922e-05,0.612507221114891,7.816934000884112e-20,1.0896132803062916e-22,0.0909477059402016,0.4136961008867714,,,
mechanism_diverse_per_cell,3,DH_3_MFA,DH,MFA,DH_3_MFA__hybrid_optuna_099,M2,available_surface_voltage_coupled_but_ionic_recruitment_low,5.1738325931057805,0.3999937647234321,5.174060065392665,0.4000036341686446,1,5.913674084541693e-08,2.180500489771518e-08,7.961929856263713e-06,2.705363745813464,9.859297130281808e-305,7.410911899284294e-306,0.4428733336316954,0.5557600953718164,,,
mechanism_diverse_per_cell,3,DH_3_MFA,DH,MFA,DH_3_MFA__hybrid_optuna_092,M3,mixed_local_spatial_buffering,7.612919052842055,0.3756290349784685,7.612919052842055,0.3756290349784685,4,0.0056413481284977,2.2437411723890182e-05,1.7493711765556324e-07,0.0853893149420704,0.4752102702898669,0.2941908956843452,0.5073623313959924,0.040133754615064,,,
mechanism_diverse_per_cell,3,DH_3_MFA,DH,MFA,DH_3_MFA__hybrid_optuna_089,M1,low_recruitment_local_storage,5.880113049028254,0.356047553940289,5.880113049028254,0.356047553940289,12,1.9219656341072013e-08,2.779982566445629e-05,1.8625980188887965e-07,0.8388553975917573,9.859675135028092e-305,0.0,0.0124172034800213,0.4877549086002604,,,
mechanism_diverse_per_cell,3,DH_3_MFA_BA,DH,MFA_BA,DH_3_MFA_BA__hybrid_optuna_084,M3,recruited_surface_gap_assisted_buffering,3.6648485637389294,0.6539194370885316,3.664848557554818,0.6539198194098773,1,0.006004480331788,0.0004748639643733,0.0078823067326611,0.2225470795869807,0.8168816164714974,0.4983764391204631,0.5987294842016618,0.3443563808042362,,,
mechanism_diverse_per_cell,3,DH_3_MFA_BA,DH,MFA_BA,DH_3_MFA_BA__hybrid_optuna_083,M2,available_surface_voltage_coupled_but_ionic_recruitment_low,3.4436742518430647,0.5,3.4436742518430647,0.5,41,8.715973616811341e-07,1.094984304424576e-08,0.0496869443773305,9.85031315360875,2.694611480206829e-96,1.4913517660073316e-92,0.4946561077356635,0.5053274888280058,,,
mechanism_diverse_per_cell,3,DH_3_MFA_BA,DH,MFA_BA,DH_3_MFA_BA__hybrid_optuna_069,M1,kir_dominant_local_buffering,3.095271106814093,0.5,3.095271106814093,0.5,39,1.1990627027317798e-08,0.0061948055161047,1.980697601550337e-07,0.0724837014915406,4.429279822759975e-38,2.027598255187939e-42,0.1488704803641671,0.7817550270609707,,,
mechanism_diverse_per_cell,3,DH_4_MFA,DH,MFA,DH_4_MFA__hybrid_optuna_071,M1,mixed_local_spatial_buffering,9.690425414748626,0.4054007520561402,9.690425414748626,0.4054007520561402,2,3.57538604039399e-08,1.459066821891249e-06,3.4618459927224015e-08,1.7969551065164342,0.361012035958337,2.5334015640253105e-08,0.0393693168559369,0.4783530564972518,,,
mechanism_diverse_per_cell,3,DH_4_MFA,DH,MFA,DH_4_MFA__hybrid_optuna_091,M2,mixed_local_spatial_buffering,6.466176876756992,0.3991635169669452,6.466176876756992,0.3991635169669452,3,5.90062302525272e-07,1.3886531388585973e-06,7.804462321349573e-05,0.1225495683983335,0.4796947272887184,0.2435447692917836,0.3090189578868901,0.6211281025353167,,,
mechanism_diverse_per_cell,3,DH_4_MFA,DH,MFA,DH_4_MFA__hybrid_optuna_068,M3,mixed_local_spatial_buffering,8.40472953791869,0.3699535004823995,8.40472953791869,0.3699535004823995,25,3.1272978192923627e-06,0.0001430151334131,2.331695753552706e-07,0.0869053431634374,0.2989049798227954,0.0073765288446317,0.4814828278118147,0.4106916393139946,,,
mechanism_diverse_per_cell,3,DH_4_MFA_BA,DH,MFA_BA,DH_4_MFA_BA__hybrid_optuna_009,M3,available_surface_voltage_coupled_but_ionic_recruitment_low,5.7407085435306975,0.501154708041544,5.747983450966527,0.5011547091449916,1,4.106585562403023e-05,5.890752019306703e-06,1.3953305003523227e-08,0.0941316984893462,9.0470495105492e-14,2.234248681373641e-15,0.4994546008715241,0.5003332368800874,,,
mechanism_diverse_per_cell,3,DH_4_MFA_BA,DH,MFA_BA,DH_4_MFA_BA__hybrid_optuna_027,M2,available_surface_voltage_coupled_but_ionic_recruitment_low,6.292364505422267,0.5011306300043804,6.292364505422267,0.5011306300043804,2,5.2754381118457726e-05,3.286659443069445e-06,2.1498016972028663e-08,4.611046474962568,1.282262783947999e-22,6.4982253069956456e-24,0.4998174387270279,0.5001717476342242,,,
mechanism_diverse_per_cell,3,DH_4_MFA_BA,DH,MFA_BA,DH_4_MFA_BA__hybrid_optuna_072,M1,low_recruitment_local_storage,9.893331018388883,0.5,9.893331018388883,0.5,42,1.652620982569839e-08,2.7027240440313144e-05,0.0003341720249931,0.0672116100631862,4.223075806644013e-09,0.0,0.0063248211519517,0.4758471155319608,,,
mechanism_diverse_per_cell,3,DH_5_MFA,DH,MFA,DH_5_MFA__hybrid_optuna_099,M2,available_surface_voltage_coupled_but_ionic_recruitment_low,7.721973853652833,0.3999937647234321,7.72208158024421,0.3999992487855623,1,5.913674084541693e-08,2.180500489771518e-08,7.961929856263713e-06,2.705363745813464,9.859297130281808e-305,7.410911899284294e-306,0.4428733336316954,0.5557600953718164,,,
mechanism_diverse_per_cell,3,DH_5_MFA,DH,MFA,DH_5_MFA__hybrid_optuna_100,M3,mixed_local_spatial_buffering,8.783596062032567,0.3641540930320242,8.783596062032567,0.3641540930320242,4,0.0059445038840903,0.001067993724337,4.075173392676908e-07,0.0549921651316796,0.4841237557699453,0.0888279974829536,0.5062483841860874,0.0237844777802431,,,
mechanism_diverse_per_cell,3,DH_5_MFA,DH,MFA,DH_5_MFA__hybrid_optuna_084,M1,low_recruitment_local_storage,5.031271986977487,0.3530128494742315,5.031271986977487,0.3530128494742315,17,1.1996661220636652e-08,4.836884594077431e-07,1.201280511975784e-05,0.687223360417148,9.859673286442094e-305,0.0,0.005715812259912,0.5150901576415804,,,
mechanism_diverse_per_cell,3,DH_5_MFA_BA,DH,MFA_BA,DH_5_MFA_BA__hybrid_optuna_090,M3,recruited_surface_gap_assisted_buffering,7.756491796912903,0.6539194370885316,7.756491791800969,0.6539205914599983,1,0.006004480331788,0.0004748639643733,0.0078823067326611,0.2225470795869807,0.8168816164714974,0.4983764391204631,0.5987294842016618,0.3443563808042362,,,
mechanism_diverse_per_cell,3,DH_5_MFA_BA,DH,MFA_BA,DH_5_MFA_BA__hybrid_optuna_056,M2,available_surface_voltage_coupled_but_ionic_recruitment_low,4.681943651886917,0.5002449197117645,4.681943651886917,0.5002449197117645,4,0.0004429113777657,2.9777554211347992e-08,2.5912045998296404e-08,0.1129520799952646,1.3019663855251889e-99,7.989846308876142e-100,0.4999638143868732,0.4999697977546671,,,
mechanism_diverse_per_cell,3,DH_5_MFA_BA,DH,MFA_BA,DH_5_MFA_BA__hybrid_optuna_073,M1,kir_dominant_local_buffering,7.190145315790886,0.5,7.190145315790886,0.5,41,1.1990627027317798e-08,0.0061948055161047,1.980697601550337e-07,0.0724837014915406,4.429279822759975e-38,2.027598255187939e-42,0.1488704803641671,0.7817550270609707,,,
mechanism_diverse_per_cell,3,DH_6_MFA,DH,MFA,DH_6_MFA__hybrid_optuna_089,M2,kir_dominant_local_buffering,6.095703691089766,0.4120279411059476,5.750019158511894,0.4041954131080984,1,1.831772358374243e-08,6.677572302239178e-08,2.3775778615364685e-07,0.3488310266310853,1.3558451251545483e-85,9.490475675618964e-89,0.297479412042332,0.7019967259355027,,,
mechanism_diverse_per_cell,3,DH_6_MFA,DH,MFA,DH_6_MFA__hybrid_optuna_100,M3,mixed_local_spatial_buffering,5.242426542976815,0.3641540930320242,5.242426542976815,0.3641540930320242,4,0.0059445038840903,0.001067993724337,4.075173392676908e-07,0.0549921651316796,0.4841237557699453,0.0888279974829536,0.5062483841860874,0.0237844777802431,,,
mechanism_diverse_per_cell,3,DH_6_MFA,DH,MFA,DH_6_MFA__hybrid_optuna_082,M1,low_recruitment_local_storage,1.961764910913525,0.3530128494742315,1.961764910913525,0.3530128494742315,15,1.1996661220636652e-08,4.836884594077431e-07,1.201280511975784e-05,0.687223360417148,9.859673286442094e-305,0.0,0.005715812259912,0.5150901576415804,,,
mechanism_diverse_per_cell,3,DH_6_MFA_BA,DH,MFA_BA,DH_6_MFA_BA__hybrid_optuna_070,M3,recruited_surface_gap_assisted_buffering,6.93457064559709,0.5002343326983888,6.93457064559709,0.5002343326983888,2,0.0010372803740804,2.2174884575555303e-05,8.794145260307696e-05,1.5799875219699269,0.8782379378143435,0.49949297865659,0.5020402316128584,0.4976611297850196,,,
mechanism_diverse_per_cell,3,DH_6_MFA_BA,DH,MFA_BA,DH_6_MFA_BA__hybrid_optuna_061,M2,mixed_local_spatial_buffering,4.430642752693802,0.5001191163558986,4.430642752693802,0.5001191163558986,3,6.14665246262054e-05,7.279344522439486e-08,9.501863623408292e-05,1.4662221800010349,0.4480461722800559,0.4988998227402424,0.5001283754209892,0.4996763643711054,,,
mechanism_diverse_per_cell,3,DH_6_MFA_BA,DH,MFA_BA,DH_6_MFA_BA__hybrid_optuna_082,M1,low_recruitment_local_storage,3.04724813519844,0.5001143447020661,3.04724813519844,0.5001143447020661,4,6.9524911941203e-08,5.1415945652669744e-08,1.4633407284668356e-06,0.1353969866893901,2.8809342747023633e-14,0.0,0.0217669617621548,0.4874755053556037,,,
mechanism_diverse_per_cell,3,VH_1_MFA,VH,MFA,VH_1_MFA__hybrid_optuna_286,M2,available_surface_voltage_coupled_but_ionic_recruitment_low,5.402458464176738,0.3187724787549762,5.324644203277079,0.3276902138441131,1,6.943058517117419e-06,1.3815802088953085e-08,3.680689176139829e-05,1.455718336558958,3.3579247697492488e-226,6.651050582891266e-225,0.4950885417025775,0.5045995350801118,,,
mechanism_diverse_per_cell,3,VH_1_MFA_BA,VH,MFA_BA,VH_1_MFA_BA__hybrid_optuna_089,M3,recruited_surface_gap_assisted_buffering,2.8081588852331123,0.5187766904744362,2.8081588852331123,0.5187766904744362,1,0.0032986314524224,0.0023449227003439,0.0004453743366613,0.6065988974813709,0.938898683870125,0.4542614297251468,0.506154001259623,0.0334886102627601,,,
mechanism_diverse_per_cell,3,VH_1_MFA_BA,VH,MFA_BA,VH_1_MFA_BA__hybrid_optuna_070,M2,mixed_local_spatial_buffering,4.167292036622294,0.5104883675503894,4.167292036622294,0.5104883675503894,15,2.87864555525892e-06,1.06257018845132e-07,3.709476750868728e-07,1.5293671615555429,0.3508870101147248,0.001951930379124,0.2302763169647602,0.3889481194543085,,,
mechanism_diverse_per_cell,3,VH_1_MFA_BA,VH,MFA_BA,VH_1_MFA_BA__hybrid_optuna_056,M1,mixed_local_spatial_buffering,2.416726191369819,0.5,2.416726191369819,0.5,58,1.0676790422275236e-08,0.0005366499857179,1.4716401311693234e-06,0.0512610969486515,0.4609340081445892,0.0006214094782527,0.265944238827236,0.6531407584188963,,,
mechanism_diverse_per_cell,3,VH_2_MFA,VH,MFA,VH_2_MFA__hybrid_optuna_224,M2,kir_dominant_local_buffering,7.7903868016216835,0.3333333333333332,7.7903868016216835,0.3333333333333332,2,5.543389284811165e-08,0.0003380627386805,0.0343935701718021,7.069309720441503,0.0063057152332507,0.012794103018461,0.1182391464735235,0.8786908255894126,,,
mechanism_diverse_per_cell,3,VH_2_MFA,VH,MFA,VH_2_MFA__hybrid_optuna_260,M3,kir_dominant_local_buffering,6.376541321318695,0.3061349277910578,6.376541321318695,0.3061349277910578,3,2.187165253890565e-05,0.0003084240770829,0.0223765936262635,4.942580610840768,5.3430059620029246e-80,1.9690321417873524e-77,0.2261170245762444,0.7735249679278686,,,
mechanism_diverse_per_cell,3,VH_2_MFA_BA,VH,MFA_BA,VH_2_MFA_BA__hybrid_optuna_080,M3,recruited_surface_gap_assisted_buffering,4.028481856572046,0.675987803339035,4.0284818597053125,0.6759875065079649,1,0.006004480331788,0.0004748639643733,0.0078823067326611,0.2225470795869807,0.8168816164714974,0.4983764391204631,0.5987294842016618,0.3443563808042362,,,
mechanism_diverse_per_cell,3,VH_2_MFA_BA,VH,MFA_BA,VH_2_MFA_BA__hybrid_optuna_070,M1,mixed_local_spatial_buffering,3.537290596278865,0.5,3.537290596278865,0.5,68,1.0676790422275236e-08,0.0005366499857179,1.4716401311693234e-06,0.0512610969486515,0.4609340081445892,0.0006214094782527,0.265944238827236,0.6531407584188963,,,
mechanism_diverse_per_cell,3,VH_2_MFA_BA,VH,MFA_BA,VH_2_MFA_BA__hybrid_optuna_094,M2,mixed_local_spatial_buffering,3.37790925901212,0.5,3.37790925901212,0.5,67,4.890113952685374e-07,4.418718661803758e-06,5.113237007755685e-07,0.1104015725187796,0.3479973300489266,0.0094951059462922,0.4902109904228868,0.3876640923875944,,,
mechanism_diverse_per_cell,3,VH_3_MFA,VH,MFA,VH_3_MFA__hybrid_optuna_215,M2,kir_dominant_local_buffering,8.081875166104036,0.3534894363071253,8.081875166104036,0.3534894363071253,2,1.2909968963860518e-06,2.534560222202759e-07,0.0001677339900706,0.3392357318580569,9.859676534765136e-305,1.0691142975079206e-303,0.3491073135372571,0.6032679507084954,,,
mechanism_diverse_per_cell,3,VH_3_MFA_BA,VH,MFA_BA,VH_3_MFA_BA__hybrid_pre_07,M3,recruited_surface_gap_assisted_buffering,5.034961316727348,0.5170921728313226,5.034961316727348,0.5170921728313226,2,0.0010372803440127,2.2174885564303987e-05,8.794145686213767e-05,1.5799874999695134,0.8782379198892326,0.4994929592694068,0.5020402319956863,0.4976611294047131,,,
mechanism_diverse_per_cell,3,VH_3_MFA_BA,VH,MFA_BA,VH_3_MFA_BA__hybrid_optuna_051,M1,low_recruitment_local_storage,2.979300474876565,0.519781104306976,3.4552369572996446,0.5136404185316029,1,4.4948907012532046e-08,7.275295769201134e-06,9.215354067818098e-08,0.0696840240219336,2.7126805696788808e-92,0.0,0.0053534913696909,0.5043030226220364,,,
mechanism_diverse_per_cell,3,VH_3_MFA_BA,VH,MFA_BA,VH_3_MFA_BA__hybrid_optuna_044,M2,mixed_local_spatial_buffering,2.669107864176034,0.5131715514358639,2.669107864176034,0.5131715514358639,6,0.0001228543762059,2.3614830973643934e-07,5.7651067822804274e-08,0.1268014311843757,0.4087942866230656,0.1031185780623584,0.5002028794960109,0.4996592945833178,,,
mechanism_diverse_per_cell,3,VH_4_MFA,VH,MFA,VH_4_MFA__hybrid_optuna_279,M2,kir_dominant_local_buffering,5.171581437143092,0.3287282749973634,5.047342707603293,0.3211724855471737,1,1.4261529238814874e-08,0.0005758722038207,1.0127249532302528e-07,6.478971352080313,0.0028672291964657,2.959438708551097e-07,0.1623015424865444,0.6618807818976299,,,
mechanism_diverse_per_cell,3,VH_4_MFA,VH,MFA,VH_4_MFA__hybrid_optuna_282,M3,available_surface_voltage_coupled_but_ionic_recruitment_low,5.885441778033567,0.3112842666854571,5.885441778033567,0.3112842666854571,2,3.365360060894747e-05,0.0003294001686411,2.502242396193753e-07,4.737985869351024,9.859676535318498e-305,1.974817172290032e-306,0.4983494389087411,0.5013894365516894,,,
mechanism_diverse_per_cell,3,VH_4_MFA_BA,VH,MFA_BA,VH_4_MFA_BA__hybrid_post_001,M3,kir_dominant_local_buffering,3.326927248225932,0.6801542227748391,3.326927248225932,0.6801542227748391,2,0.0004988258515632,0.0033856572930096,9.653300938383145e-06,0.4260744122470449,9.859676537628617e-305,2.616187756609018e-307,0.2632446822314919,0.6848634498731628,,,
mechanism_diverse_per_cell,3,VH_4_MFA_BA,VH,MFA_BA,VH_4_MFA_BA__hybrid_optuna_051,M2,available_surface_voltage_coupled_but_ionic_recruitment_low,2.870309481444116,0.5,2.870309481444116,0.5,67,1.8950708900499857e-06,1.2429307069613616e-08,0.0587715113199725,7.920902657579767,1.931681648258615e-44,1.7222848624468843e-40,0.4968498343579575,0.5031335692042016,,,
mechanism_diverse_per_cell,3,VH_4_MFA_BA,VH,MFA_BA,VH_4_MFA_BA__hybrid_optuna_048,M1,mixed_local_spatial_buffering,2.802777931477698,0.5,2.802777931477698,0.5,66,1.0676790422275236e-08,0.0005366499857179,1.4716401311693234e-06,0.0512610969486515,0.4609340081445892,0.0006214094782527,0.265944238827236,0.6531407584188963,,,
mechanism_diverse_per_cell,3,VH_5_MFA,VH,MFA,VH_5_MFA__hybrid_optuna_289,M2,available_surface_voltage_coupled_but_ionic_recruitment_low,4.232572935369996,0.3084043599517155,4.232571365175923,0.3084043478733709,1,5.505606930051653e-06,3.70842597614226e-06,2.12560778043402e-05,0.0658261329789922,9.854498457234412e-126,1.452158505796159e-124,0.496395187269842,0.5036012459000666,,,
mechanism_diverse_per_cell,3,VH_5_MFA,VH,MFA,VH_5_MFA__hybrid_optuna_276,M3,low_recruitment_local_storage,5.397116689218215,0.3034569205280916,5.397116689218215,0.3034569205280916,2,3.732282323067354e-07,0.0098203015953507,2.168205991257879e-07,1.7341279931846385,0.1348611544000746,4.452513293032826e-05,0.3077358097702772,0.4509491715637161,,,
mechanism_diverse_per_cell,3,VH_5_MFA_BA,VH,MFA_BA,VH_5_MFA_BA__hybrid_optuna_078,M3,recruited_surface_gap_assisted_buffering,4.789063920279836,0.675987803339035,4.789063930386355,0.6759878585671723,1,0.006004480331788,0.0004748639643733,0.0078823067326611,0.2225470795869807,0.8168816164714974,0.4983764391204631,0.5987294842016618,0.3443563808042362,,,
mechanism_diverse_per_cell,3,VH_5_MFA_BA,VH,MFA_BA,VH_5_MFA_BA__hybrid_optuna_061,M1,mixed_local_spatial_buffering,4.084499904290936,0.5,4.084499904290936,0.5,73,1.0676790422275236e-08,0.0005366499857179,1.4716401311693234e-06,0.0512610969486515,0.4609340081445892,0.0006214094782527,0.265944238827236,0.6531407584188963,,,
mechanism_diverse_per_cell,3,VH_5_MFA_BA,VH,MFA_BA,VH_5_MFA_BA__hybrid_optuna_058,M2,mixed_local_spatial_buffering,3.540805144108504,0.5,3.540805144108504,0.5,71,9.298880919440941e-08,0.0002463211234595,5.496768081387548e-07,0.126900191205058,0.4779957209720054,0.0019421650742138,0.452050207562714,0.5247897206350766,,,
mechanism_diverse_per_cell,3,VH_6_MFA,VH,MFA,VH_6_MFA__hybrid_optuna_943,M1,kir_dominant_local_buffering,3.9887692014650806,0.3354154794431982,3.920621575093126,0.3310289548069808,1,1.0676790422275236e-08,4.4693443890700346e-07,1.4716401311693234e-06,0.0506586330960483,9.858509576993344e-305,2.4575141927391693e-307,0.1945457964898552,0.793704114390836,,,
mechanism_diverse_per_cell,3,VH_6_MFA,VH,MFA,VH_6_MFA__hybrid_optuna_950,M2,available_surface_voltage_coupled_but_ionic_recruitment_low,4.064258318511176,0.3260396886627446,4.064258318511176,0.3260396886627446,2,2.448275807313345e-05,2.84001692042918e-07,8.776103337623329e-07,0.0741715517541639,6.6665612304639325e-99,1.374385428988776e-98,0.4981754944588707,0.5018216633936278,,,
mechanism_diverse_per_cell,3,VH_6_MFA_BA,VH,MFA_BA,VH_6_MFA_BA__hybrid_pre_07,M3,recruited_surface_gap_assisted_buffering,2.2304060243979698,0.5170921728313226,2.2304060243979698,0.5170921728313226,2,0.0010372803440127,2.2174885564303987e-05,8.794145686213767e-05,1.5799874999695134,0.8782379198892326,0.4994929592694068,0.5020402319956863,0.4976611294047131,,,
mechanism_diverse_per_cell,3,VH_6_MFA_BA,VH,MFA_BA,VH_6_MFA_BA__hybrid_optuna_015,M2,available_surface_voltage_coupled_but_ionic_recruitment_low,1.0023160378915286,0.5126687149891017,1.0023160378915286,0.5126687149891017,4,0.0004958599401984,5.8280394018732434e-08,0.0002191424868946,2.0669391181502235,0.0052818329742259,0.4953544774260951,0.5000288231631119,0.4999356785186834,,,
mechanism_diverse_per_cell,3,VH_6_MFA_BA,VH,MFA_BA,VH_6_MFA_BA__hybrid_optuna_088,M1,mixed_local_spatial_buffering,4.691533037158435,0.4825814383120234,4.691533037158435,0.4825814383120234,91,2.6152825306749292e-08,1.4331896877432708e-07,4.075173392676908e-07,0.277079429312825,0.4594987011969673,0.0,0.0006509534731958,0.5123109357730938,,,
mechanism_diverse_per_cell,3,VH_7_OG_MFA,VH,MFA,VH_7_OG_MFA__hybrid_optuna_287,M1,low_recruitment_local_storage,6.46843415738331,0.3904517319792778,6.463470133576611,0.3906704547285283,1,1.0105592506644526e-08,0.0018637511911906,6.2489856273289125e-06,1.1731916289284865,0.0815127593653442,4.365845344203018e-06,0.2020031700292845,0.1506959341951867,,,
mechanism_diverse_per_cell,3,VH_7_OG_MFA,VH,MFA,VH_7_OG_MFA__hybrid_optuna_284,M2,mixed_local_spatial_buffering,4.854643546009194,0.3235026532720956,4.854643546009194,0.3235026532720956,3,1.0093889618327304e-08,0.0016604709783445,2.143771355095408e-06,1.3736453910254,0.5016803918855626,0.0010768735222082,0.1730644894447211,0.8197803929062283,,,
mechanism_diverse_per_cell,3,VH_7_OG_MFA_BA,VH,MFA_BA,VH_7_OG_MFA_BA__hybrid_optuna_087,M3,low_recruitment_local_storage,4.369409920477477,0.5046372475552598,4.373827677778654,0.5020743828718134,1,1.1741633364539965e-07,0.0039552323360892,1.1293569666046962e-08,0.1876572632038594,9.859675822881862e-305,0.0,0.3573523969483343,0.0268710981837458,,,
mechanism_diverse_per_cell,3,VH_7_OG_MFA_BA,VH,MFA_BA,VH_7_OG_MFA_BA__hybrid_optuna_053,M2,available_surface_voltage_coupled_but_ionic_recruitment_low,2.825011254805865,0.5,2.825011254805865,0.5,24,1.8950708900499857e-06,1.2429307069613616e-08,0.0587715113199725,7.920902657579767,1.931681648258615e-44,1.7222848624468843e-40,0.4968498343579575,0.5031335692042016,,,
mechanism_diverse_per_cell,3,VH_7_OG_MFA_BA,VH,MFA_BA,VH_7_OG_MFA_BA__hybrid_optuna_051,M1,mixed_local_spatial_buffering,2.676011745786924,0.5,2.676011745786924,0.5,23,1.0676790422275236e-08,0.0005366499857179,1.4716401311693234e-06,0.0512610969486515,0.4609340081445892,0.0006214094782527,0.265944238827236,0.6531407584188963,,,
mechanism_score_diverse_per_cell,3,1_DH_1_CONTROL,DH,CONTROL,1_DH_1_CONTROL__hybrid_optuna_087,M1,mixed_local_spatial_buffering,7.598614341672754,0.3592140714053211,7.581328705455518,0.3596089913772268,1,1.1996661220636652e-08,0.0009639219104777,1.3822108483323732e-06,0.2273680004427412,0.4696968163561277,3.3198915743536735e-05,0.0248241470887973,0.4752922991093256,1.0,,True
mechanism_score_diverse_per_cell,3,1_DH_1_CONTROL,DH,CONTROL,1_DH_1_CONTROL__hybrid_optuna_098,M2,mixed_local_spatial_buffering,14.892764364375594,0.3045566673578326,14.892764364375594,0.3045566673578326,2,2.1484198879011832e-08,1.0088571442840538e-08,4.5165475071932483e-08,0.0678458449682687,0.4060929676989249,5.965698106203987e-05,0.3517984082828717,0.6453230142897212,2.0,6.0,False
mechanism_score_diverse_per_cell,3,1_DH_2_CONTROL,DH,CONTROL,1_DH_2_CONTROL__hybrid_optuna_098,M1,mixed_local_spatial_buffering,13.977227693028652,0.3592629870825042,13.982361406690702,0.3593400005006864,1,1.1996661220636652e-08,0.0009639219104777,5.117854716429417e-07,0.255012047149372,0.4742352083058401,1.230573233368412e-05,0.0247631908628131,0.4760309130560966,1.0,,True
mechanism_score_diverse_per_cell,3,1_DH_2_CONTROL,DH,CONTROL,1_DH_2_CONTROL__hybrid_optuna_072,M1,low_recruitment_local_storage,7.607195894095102,0.3414510969631935,7.607195894095102,0.3414510969631935,2,1.0153508977858307e-06,8.193799991073805e-07,0.0615521370223549,4.906669506278448,9.859676543758941e-305,0.0,0.1666206762598346,0.3304409356067796,2.0,5.684287362573632,False
mechanism_score_diverse_per_cell,3,1_DH_2_CONTROL,DH,CONTROL,1_DH_2_CONTROL__hybrid_optuna_068,M2,mixed_local_spatial_buffering,6.23927352382056,0.3013201348934729,6.23927352382056,0.3013201348934729,4,2.2841321209132905e-07,3.8946679819811723e-07,0.0030184415917358,1.0997984024979517,0.41786070046514,0.4909472396114022,0.4794336006314725,0.518783493912674,3.0,4.855889935612965,False
mechanism_score_diverse_per_cell,3,1_VH_1_CONTROL,VH,CONTROL,1_VH_1_CONTROL__hybrid_optuna_004,M2,kir_dominant_local_buffering,6.460123378392464,0.3090362481637552,6.452548930367247,0.3093203980865881,1,1.9320979798396146e-07,6.884733072151251e-05,0.0446888001496297,1.918939695528853,9.85967654371955e-305,1.0655056870849664e-303,0.0328809123703741,0.9659494002427564,1.0,,False
mechanism_score_diverse_per_cell,3,1_VH_1_CONTROL,VH,CONTROL,1_VH_1_CONTROL__hybrid_optuna_075,M2,kir_dominant_local_buffering,15.488587614508049,0.3063496820326807,15.488587614508049,0.3063496820326807,2,5.49211866925995e-07,5.745832666514891e-05,0.0309612832337943,0.3401260500078757,9.859676543759016e-305,1.0623987213616194e-301,0.3341014458119707,0.6645587659623035,2.0,5.738514118426659,False
mechanism_score_diverse_per_cell,3,1_VH_1_CONTROL,VH,CONTROL,1_VH_1_CONTROL__hybrid_optuna_002,M2,kir_dominant_local_buffering,6.337149283589009,0.3059006255968503,6.337149283589009,0.3059006255968503,3,5.898332582682037e-07,6.132367372018215e-05,0.03422334795647,0.4968427812563468,9.240381599479025e-289,1.820215092772444e-286,0.1528147000231149,0.8439308532540232,3.0,2.3874069087803873,False
mechanism_score_diverse_per_cell,3,1_VH_2_CONTROL,VH,CONTROL,1_VH_2_CONTROL__hybrid_optuna_001,M2,mixed_local_spatial_buffering,6.896416818472869,0.3864626980064761,6.896416818472869,0.3864626980064761,2,2.428889058492891e-06,5.419739585354233e-06,0.0013623132320298,1.3179978430534545,0.3897766225674245,0.2617704120719824,0.2631347793761145,0.7368360177203286,1.0,,True
mechanism_score_diverse_per_cell,3,1_VH_2_CONTROL,VH,CONTROL,1_VH_2_CONTROL__hybrid_optuna_007,M2,mixed_local_spatial_buffering,6.914346681872238,0.3110264500896962,6.914346681872238,0.3110264500896962,10,1.3873573560549775e-05,3.43311311252148e-06,0.0001990242876767,0.5519572805699594,0.2536774903816165,0.4591107623879457,0.4630633978840761,0.5369235469439264,2.0,6.734398616356554,False
mechanism_score_diverse_per_cell,3,1_VH_2_CONTROL,VH,CONTROL,1_VH_2_CONTROL__hybrid_optuna_002,M2,kir_dominant_local_buffering,6.877977269385884,0.3417286350286266,6.877977269385884,0.3417286350286266,3,6.830499304746684e-06,1.8270132738959688e-06,0.0005124194965899,0.92035745774166,0.2046230620212255,0.3833974753258038,0.3859842265626818,0.6140067697857555,3.0,3.1698452675588844,False
mechanism_score_diverse_per_cell,3,2_DH_1_CONTROL,DH,CONTROL,2_DH_1_CONTROL__hybrid_optuna_096,M1,mixed_local_spatial_buffering,12.448600024573151,0.3592629849136366,12.449729895697262,0.3592784978311763,1,1.1996661220636652e-08,0.0009639219104777,5.117854716429417e-07,0.255012047149372,0.4742352082186666,1.230573253574145e-05,0.0247631905675365,0.4760309211447489,1.0,,True
mechanism_score_diverse_per_cell,3,2_DH_1_CONTROL,DH,CONTROL,2_DH_1_CONTROL__hybrid_optuna_060,M2,mixed_local_spatial_buffering,4.214801287524524,0.3014309162348116,4.214801287524524,0.3014309162348116,2,1.437660327623344e-08,8.250738068715948e-05,0.0026714630638544,1.0074212894031065,0.3571264313395959,0.3739570885846779,0.2461376538519807,0.7487893445551271,2.0,6.0,False
mechanism_score_diverse_per_cell,3,3_DH_1_CONTROL,DH,CONTROL,3_DH_1_CONTROL__hybrid_optuna_097,M1,mixed_local_spatial_buffering,15.033451490435638,0.3592629849136366,15.03473662999395,0.3592932305184015,1,1.1996661220636652e-08,0.0009639219104777,5.117854716429417e-07,0.255012047149372,0.4742352082186666,1.230573253574145e-05,0.0247631905675365,0.4760309211447489,1.0,,True
mechanism_score_diverse_per_cell,3,3_DH_1_CONTROL,DH,CONTROL,3_DH_1_CONTROL__hybrid_optuna_001,M2,mixed_local_spatial_buffering,8.883726625489528,0.3333333333333333,8.883726625489528,0.3333333333333333,3,0.0008876227573001,1.4131789241161373e-07,0.0994025239022729,4.496767329358334,0.1405481956554978,0.4981590285512022,0.5068339988589791,0.4686378793844438,2.0,6.374880549641071,False
mechanism_score_diverse_per_cell,3,3_DH_1_CONTROL,DH,CONTROL,3_DH_1_CONTROL__hybrid_post_001,M2,mixed_local_spatial_buffering,8.883394285329667,0.3333333333333333,8.883394285329667,0.3333333333333333,2,0.000892111152047,1.374794139845004e-07,0.0990772337135975,4.502541267844211,0.1374343259044782,0.4982171396860078,0.5068243510235454,0.4689470521955843,3.0,0.09304423431854472,False
mechanism_score_diverse_per_cell,3,3_DH_2_CONTROL,DH,CONTROL,3_DH_2_CONTROL__hybrid_optuna_098,M1,mixed_local_spatial_buffering,14.757077556565273,0.3592629849136366,14.75816737558676,0.3592785028336003,1,1.1996661220636652e-08,0.0009639219104777,5.117854716429417e-07,0.255012047149372,0.4742352082186666,1.230573253574145e-05,0.0247631905675365,0.4760309211447489,1.0,,True
mechanism_score_diverse_per_cell,3,3_DH_2_CONTROL,DH,CONTROL,3_DH_2_CONTROL__hybrid_optuna_067,M2,mixed_local_spatial_buffering,7.060338205298613,0.3013201372883478,7.060338205298613,0.3013201372883478,2,2.2841321209132905e-07,3.894667945706587e-07,0.0030184415917358,1.0997984024979517,0.4178607004639375,0.4909471882389424,0.4794336005570823,0.518783493966634,2.0,6.0,False
mechanism_score_diverse_per_cell,3,DH_1_CONTROL,DH,CONTROL,DH_1_CONTROL__hybrid_optuna_099,M1,mixed_local_spatial_buffering,14.37998457908929,0.3598312687182541,14.379885750991996,0.3598628598328197,1,1.1996661220636652e-08,0.0009639219104777,5.117854651262243e-07,0.2550120469773154,0.4742352082378285,1.2305732598021472e-05,0.0247631910335856,0.476030914660559,1.0,,True
mechanism_score_diverse_per_cell,3,DH_1_CONTROL,DH,CONTROL,DH_1_CONTROL__hybrid_optuna_053,M1,mixed_local_spatial_buffering,5.67908982422583,0.356483160100383,5.67908982422583,0.356483160100383,2,6.284946321406843e-08,3.8160022201918936e-08,0.0129254920805939,5.231487674988508,0.4448673716891838,0.0,0.0011221928155235,0.5001582626973475,2.0,5.313622994532624,False
mechanism_score_diverse_per_cell,3,DH_1_CONTROL,DH,CONTROL,DH_1_CONTROL__hybrid_optuna_049,M2,available_surface_voltage_coupled_but_ionic_recruitment_low,4.519310745399758,0.3018156787844202,4.519310745399758,0.3018156787844202,3,4.515284374263166e-07,2.258282326866396e-06,1.1219093081864454e-05,0.47120120167239,1.75677580367573e-05,9.961134969491689e-06,0.48483328243544,0.5120435155040592,3.0,4.988686066985603,True
mechanism_score_diverse_per_cell,3,DH_1_MFA,DH,MFA,DH_1_MFA__hybrid_optuna_057,M1,kir_dominant_local_buffering,7.617809091500729,0.4141233334751723,7.617809091500729,0.4141233334751723,2,5.9078902720612464e-08,3.5398302483569986e-05,6.697544368255835e-06,0.1864084103281081,1.9347288504802338e-10,4.0965756006929646e-14,0.0933589814574053,0.7543739959998792,1.0,,False
mechanism_score_diverse_per_cell,3,DH_1_MFA,DH,MFA,DH_1_MFA__hybrid_optuna_060,M3,available_surface_voltage_coupled_but_ionic_recruitment_low,7.430637473175836,0.3529740812406277,7.430637473175836,0.3529740812406277,61,0.0020599578930159,0.0001500180875981,4.344604915675701e-07,0.0691487559170327,0.0830343917611022,0.0211194014156751,0.4793189384208162,0.1608945764779396,2.0,5.064983219188698,True
mechanism_score_diverse_per_cell,3,DH_1_MFA,DH,MFA,DH_1_MFA__hybrid_optuna_076,M2,available_surface_voltage_coupled_but_ionic_recruitment_low,10.944496506119302,0.3554843482216137,10.944496506119302,0.3554843482216137,30,0.000177188473548,1.3289448722869162e-08,0.0615699732823519,4.115716865497774,1.6161387832523225e-06,0.0619512935852867,0.5033508879113031,0.4965951989129474,3.0,5.044532990890505,False
mechanism_score_diverse_per_cell,3,DH_1_MFA_BA,DH,MFA_BA,DH_1_MFA_BA__hybrid_optuna_094,M3,recruited_surface_gap_assisted_buffering,9.2903736093772,0.5002343326983888,9.2903736093772,0.5002343326983888,2,0.0010372803740804,2.2174884575555303e-05,8.794145260307696e-05,1.5799875219699269,0.8782379378143435,0.49949297865659,0.5020402316128584,0.4976611297850196,1.0,,True
mechanism_score_diverse_per_cell,3,DH_1_MFA_BA,DH,MFA_BA,DH_1_MFA_BA__hybrid_optuna_096,M3,low_recruitment_local_storage,10.175719966380871,0.49764234605847,10.175719966380871,0.49764234605847,105,1.1741633364539965e-07,0.0039552323360892,1.1293569666046962e-08,0.1876572632038594,9.859675822881862e-305,0.0,0.3573523969483343,0.0268710981837458,2.0,5.300310086717529,False
mechanism_score_diverse_per_cell,3,DH_1_MFA_BA,DH,MFA_BA,DH_1_MFA_BA__hybrid_optuna_058,M2,kir_dominant_local_buffering,2.549597335563268,0.497955231338871,2.549597335563268,0.497955231338871,102,2.1136554996624213e-08,1.503912567900003e-07,1.74911669263575e-05,9.927653167406572,9.859392226719072e-305,4.88080923353571e-307,0.047296345878433,0.8917609448179008,3.0,4.931887842583004,False
mechanism_score_diverse_per_cell,3,DH_2_CONTROL,DH,CONTROL,DH_2_CONTROL__hybrid_optuna_044,M1,low_recruitment_local_storage,6.691091388914987,0.3205460241541799,6.680108984440455,0.3200100880015195,1,5.40962804894205e-07,5.414761089981999e-06,0.0005826907540579,0.0754642657045525,1.6559898877844283e-16,0.0,0.0774388167143483,0.4220118476583864,1.0,,False
mechanism_score_diverse_per_cell,3,DH_2_MFA,DH,MFA,DH_2_MFA__hybrid_optuna_089,M2,kir_dominant_local_buffering,6.531705655214541,0.4039584588384186,6.514858125927517,0.4034658048643297,1,6.190306186306563e-08,9.920679668590177e-07,1.6949260351291846e-05,0.0599586399019006,0.0004670173367468,8.478057159548557e-06,0.0866869462282207,0.9000122943347556,1.0,,False
mechanism_score_diverse_per_cell,3,DH_2_MFA,DH,MFA,DH_2_MFA__hybrid_optuna_099,M3,mixed_local_spatial_buffering,6.7054797473188215,0.3641540930320242,6.7054797473188215,0.3641540930320242,5,0.0059445038840903,0.001067993724337,4.075173392676908e-07,0.0549921651316796,0.4841237557699453,0.0888279974829536,0.5062483841860874,0.0237844777802431,2.0,5.016845516484796,True
mechanism_score_diverse_per_cell,3,DH_2_MFA,DH,MFA,DH_2_MFA__hybrid_optuna_064,M2,mixed_local_spatial_buffering,2.18364116552812,0.3528560056288882,2.18364116552812,0.3528560056288882,32,2.1730874259672392e-06,8.465384134900554e-08,0.025255405891245,0.9422257209552808,0.4772283073473096,0.4802168246506933,0.4830606157460342,0.3991084388756733,3.0,5.16031963049527,False
mechanism_score_diverse_per_cell,3,DH_2_MFA_BA,DH,MFA_BA,DH_2_MFA_BA__hybrid_optuna_064,M3,recruited_surface_gap_assisted_buffering,4.77898306267596,0.5002343326983888,4.77898306267596,0.5002343326983888,2,0.0010372803740804,2.2174884575555303e-05,8.794145260307696e-05,1.5799875219699269,0.8782379378143435,0.49949297865659,0.5020402316128584,0.4976611297850196,1.0,,True
mechanism_score_diverse_per_cell,3,DH_2_MFA_BA,DH,MFA_BA,DH_2_MFA_BA__hybrid_optuna_048,M2,kir_dominant_local_buffering,2.829961466126532,0.4997555024881463,2.829961466126532,0.4997555024881463,41,1.0646289440740411e-08,5.413839832712338e-07,2.243005058032725e-06,1.2605774121179658,9.859181846582456e-305,9.390418052227942e-308,0.0478551707328571,0.9489436215201786,2.0,5.772331296793545,False
mechanism_score_diverse_per_cell,3,DH_2_MFA_BA,DH,MFA_BA,DH_2_MFA_BA__hybrid_optuna_074,M3,available_surface_voltage_coupled_but_ionic_recruitment_low,4.254753837093123,0.4997080522291277,4.254753837093123,0.4997080522291277,44,2.8885868581750933e-06,1.0302355306359835e-06,0.0049678493684686,0.082856294103554,9.859676543736472e-305,2.2150636275515002e-302,0.4145744617668516,0.1382667728861349,3.0,4.599777533036951,True
mechanism_score_diverse_per_cell,3,DH_3_MFA,DH,MFA,DH_3_MFA__hybrid_optuna_099,M2,available_surface_voltage_coupled_but_ionic_recruitment_low,5.1738325931057805,0.3999937647234321,5.174060065392665,0.4000036341686446,1,5.913674084541693e-08,2.180500489771518e-08,7.961929856263713e-06,2.705363745813464,9.859297130281808e-305,7.410911899284294e-306,0.4428733336316954,0.5557600953718164,1.0,,True
mechanism_score_diverse_per_cell,3,DH_3_MFA,DH,MFA,DH_3_MFA__hybrid_optuna_100,M3,mixed_local_spatial_buffering,5.649815003171141,0.3641540930320242,5.649815003171141,0.3641540930320242,5,0.0059445038840903,0.001067993724337,4.075173392676908e-07,0.0549921651316796,0.4841237557699453,0.0888279974829536,0.5062483841860874,0.0237844777802431,2.0,5.841528208599752,True
mechanism_score_diverse_per_cell,3,DH_3_MFA,DH,MFA,DH_3_MFA__hybrid_pre_08,M3,recruited_surface_gap_assisted_buffering,1.9020160145167355,0.352856686971139,1.9020160145167355,0.352856686971139,27,2.0564899654471287e-05,4.582991324240856e-06,0.0047847576500004,0.1567589404269439,0.5539470149697606,0.4974025739140055,0.4979452181227314,0.5017870168567765,3.0,4.242513157700209,True
mechanism_score_diverse_per_cell,3,DH_3_MFA_BA,DH,MFA_BA,DH_3_MFA_BA__hybrid_optuna_084,M3,recruited_surface_gap_assisted_buffering,3.6648485637389294,0.6539194370885316,3.664848557554818,0.6539198194098773,1,0.006004480331788,0.0004748639643733,0.0078823067326611,0.2225470795869807,0.8168816164714974,0.4983764391204631,0.5987294842016618,0.3443563808042362,1.0,,True
mechanism_score_diverse_per_cell,3,DH_3_MFA_BA,DH,MFA_BA,DH_3_MFA_BA__hybrid_optuna_095,M2,kir_dominant_local_buffering,3.70453181055452,0.4979397162928529,3.70453181055452,0.4979397162928529,105,1.3131717677663036e-08,6.691890655172368e-07,2.3910800450968025e-06,0.0529976311697396,6.255268974072591e-227,5.97356599323328e-230,0.1687026828301201,0.8022754796005778,2.0,6.090626591657483,False
mechanism_score_diverse_per_cell,3,DH_3_MFA_BA,DH,MFA_BA,DH_3_MFA_BA__hybrid_optuna_099,M3,low_recruitment_local_storage,4.819408734944164,0.49764234605847,4.819408734944164,0.49764234605847,106,1.1741633364539965e-07,0.0039552323360892,1.1293569666046962e-08,0.1876572632038594,9.859675822881862e-305,0.0,0.3573523969483343,0.0268710981837458,3.0,4.194048175985235,False
mechanism_score_diverse_per_cell,3,DH_4_MFA,DH,MFA,DH_4_MFA__hybrid_optuna_071,M1,mixed_local_spatial_buffering,9.690425414748626,0.4054007520561402,9.690425414748626,0.4054007520561402,2,3.57538604039399e-08,1.459066821891249e-06,3.4618459927224015e-08,1.7969551065164342,0.361012035958337,2.5334015640253105e-08,0.0393693168559369,0.4783530564972518,1.0,,True
mechanism_score_diverse_per_cell,3,DH_4_MFA,DH,MFA,DH_4_MFA__hybrid_optuna_066,M3,available_surface_voltage_coupled_but_ionic_recruitment_low,7.91286827314092,0.3529740819351088,7.91286827314092,0.3529740819351088,70,0.0020599578930159,0.0001500180875981,4.344604915675701e-07,0.0691487560081843,0.0830344683709557,0.0211194128640345,0.4793188839054111,0.1608946025861929,2.0,4.7536060013061405,True
mechanism_score_diverse_per_cell,3,DH_4_MFA,DH,MFA,DH_4_MFA__hybrid_optuna_050,M2,kir_dominant_local_buffering,5.011742650763403,0.3528560662920421,5.011742650763403,0.3528560662920421,93,2.12544775857472e-08,1.1856204076346742e-08,0.019199314050965,0.2351961635178323,0.1138671844593929,0.1292243812750071,0.0511674470116867,0.9333208077484256,3.0,5.029436745009951,False
mechanism_score_diverse_per_cell,3,DH_4_MFA_BA,DH,MFA_BA,DH_4_MFA_BA__hybrid_optuna_009,M3,available_surface_voltage_coupled_but_ionic_recruitment_low,5.7407085435306975,0.501154708041544,5.747983450966527,0.5011547091449916,1,4.106585562403023e-05,5.890752019306703e-06,1.3953305003523227e-08,0.0941316984893462,9.0470495105492e-14,2.234248681373641e-15,0.4994546008715241,0.5003332368800874,1.0,,True
mechanism_score_diverse_per_cell,3,DH_4_MFA_BA,DH,MFA_BA,DH_4_MFA_BA__hybrid_optuna_061,M2,kir_dominant_local_buffering,2.916989613111483,0.4979513542116114,2.916989613111483,0.4979513542116114,94,1.1990627027317798e-08,1.913489632070406e-07,0.00909137159708,0.3313612666019605,9.85967624682632e-305,5.222308684261192e-305,0.0076003172019681,0.9922054841645312,2.0,4.786949213309918,False
mechanism_score_diverse_per_cell,3,DH_4_MFA_BA,DH,MFA_BA,DH_4_MFA_BA__hybrid_optuna_054,M2,mixed_local_spatial_buffering,8.332797925047897,0.5,8.332797925047897,0.5,40,5.12579892168404e-07,4.886724011506904e-08,0.0137774461236376,8.594782160602893,0.4107850081714968,0.49322937162721,0.4862711090276652,0.513218047842351,3.0,5.1886897506614265,True
mechanism_score_diverse_per_cell,3,DH_5_MFA,DH,MFA,DH_5_MFA__hybrid_optuna_099,M2,available_surface_voltage_coupled_but_ionic_recruitment_low,7.721973853652833,0.3999937647234321,7.72208158024421,0.3999992487855623,1,5.913674084541693e-08,2.180500489771518e-08,7.961929856263713e-06,2.705363745813464,9.859297130281808e-305,7.410911899284294e-306,0.4428733336316954,0.5557600953718164,1.0,,True
mechanism_score_diverse_per_cell,3,DH_5_MFA,DH,MFA,DH_5_MFA__hybrid_optuna_100,M3,mixed_local_spatial_buffering,8.783596062032567,0.3641540930320242,8.783596062032567,0.3641540930320242,4,0.0059445038840903,0.001067993724337,4.075173392676908e-07,0.0549921651316796,0.4841237557699453,0.0888279974829536,0.5062483841860874,0.0237844777802431,2.0,5.992309430558646,True
mechanism_score_diverse_per_cell,3,DH_5_MFA,DH,MFA,DH_5_MFA__hybrid_optuna_068,M2,mixed_local_spatial_buffering,7.494884190639027,0.3405662848623894,7.494884190639027,0.3405662848623894,111,6.412662230086039e-08,0.0081021674294565,2.411153719489292e-06,0.2124708728734646,0.4941545172736222,0.0017119025344873,0.1955421773196845,0.7679590752822195,3.0,4.706739047016799,False
mechanism_score_diverse_per_cell,3,DH_5_MFA_BA,DH,MFA_BA,DH_5_MFA_BA__hybrid_optuna_090,M3,recruited_surface_gap_assisted_buffering,7.756491796912903,0.6539194370885316,7.756491791800969,0.6539205914599983,1,0.006004480331788,0.0004748639643733,0.0078823067326611,0.2225470795869807,0.8168816164714974,0.4983764391204631,0.5987294842016618,0.3443563808042362,1.0,,True
mechanism_score_diverse_per_cell,3,DH_5_MFA_BA,DH,MFA_BA,DH_5_MFA_BA__hybrid_optuna_099,M2,kir_dominant_local_buffering,7.779434471506825,0.4979397162928529,7.779434471506825,0.4979397162928529,105,1.3131717677663036e-08,6.691890655172368e-07,2.3910800450968025e-06,0.0529976311697396,6.255268974072591e-227,5.97356599323328e-230,0.1687026828301201,0.8022754796005778,2.0,6.090626591657483,False
mechanism_score_diverse_per_cell,3,DH_5_MFA_BA,DH,MFA_BA,DH_5_MFA_BA__hybrid_optuna_100,M3,low_recruitment_local_storage,8.421943505291768,0.49764234605847,8.421943505291768,0.49764234605847,106,1.1741633364539965e-07,0.0039552323360892,1.1293569666046962e-08,0.1876572632038594,9.859675822881862e-305,0.0,0.3573523969483343,0.0268710981837458,3.0,4.194048175985235,False
mechanism_score_diverse_per_cell,3,DH_6_MFA,DH,MFA,DH_6_MFA__hybrid_optuna_089,M2,kir_dominant_local_buffering,6.095703691089766,0.4120279411059476,5.750019158511894,0.4041954131080984,1,1.831772358374243e-08,6.677572302239178e-08,2.3775778615364685e-07,0.3488310266310853,1.3558451251545483e-85,9.490475675618964e-89,0.297479412042332,0.7019967259355027,1.0,,False
mechanism_score_diverse_per_cell,3,DH_6_MFA,DH,MFA,DH_6_MFA__hybrid_optuna_100,M3,mixed_local_spatial_buffering,5.242426542976815,0.3641540930320242,5.242426542976815,0.3641540930320242,4,0.0059445038840903,0.001067993724337,4.075173392676908e-07,0.0549921651316796,0.4841237557699453,0.0888279974829536,0.5062483841860874,0.0237844777802431,2.0,5.672163419715848,True
mechanism_score_diverse_per_cell,3,DH_6_MFA,DH,MFA,DH_6_MFA__hybrid_optuna_062,M2,mixed_local_spatial_buffering,7.886615034079608,0.3528560056332794,7.886615034079608,0.3528560056332794,38,0.0006571441459218,7.61951146249959e-08,0.0153433047096068,0.0897279691043337,0.3529992521228399,0.4992107822565275,0.565303647102239,0.4346501464632507,3.0,4.112259953800986,False
mechanism_score_diverse_per_cell,3,DH_6_MFA_BA,DH,MFA_BA,DH_6_MFA_BA__hybrid_optuna_070,M3,recruited_surface_gap_assisted_buffering,6.93457064559709,0.5002343326983888,6.93457064559709,0.5002343326983888,2,0.0010372803740804,2.2174884575555303e-05,8.794145260307696e-05,1.5799875219699269,0.8782379378143435,0.49949297865659,0.5020402316128584,0.4976611297850196,1.0,,True
mechanism_score_diverse_per_cell,3,DH_6_MFA_BA,DH,MFA_BA,DH_6_MFA_BA__hybrid_optuna_090,M2,kir_dominant_local_buffering,6.544894776011621,0.5,6.544894776011621,0.5,24,1.1169739585486185e-08,2.374818362254602e-07,6.408607350374767e-06,0.7158312945350551,1.2898791271587517e-52,4.6175422086685795e-56,0.0201258135857461,0.9708353057787856,2.0,5.18014855350937,False
mechanism_score_diverse_per_cell,3,DH_6_MFA_BA,DH,MFA_BA,DH_6_MFA_BA__hybrid_optuna_092,M3,available_surface_voltage_coupled_but_ionic_recruitment_low,6.838885586250812,0.5,6.838885586250812,0.5,25,0.0007626004102879,0.0017625461722816,4.6440897488278114e-08,5.27251274711959,4.3180525352026555e-64,1.761453192343847e-66,0.5510205679303356,0.0183659768697543,3.0,4.948096492438579,True
mechanism_score_diverse_per_cell,3,VH_1_MFA,VH,MFA,VH_1_MFA__hybrid_optuna_286,M2,available_surface_voltage_coupled_but_ionic_recruitment_low,5.402458464176738,0.3187724787549762,5.324644203277079,0.3276902138441131,1,6.943058517117419e-06,1.3815802088953085e-08,3.680689176139829e-05,1.455718336558958,3.3579247697492488e-226,6.651050582891266e-225,0.4950885417025775,0.5045995350801118,1.0,,True
mechanism_score_diverse_per_cell,3,VH_1_MFA,VH,MFA,VH_1_MFA__hybrid_optuna_282,M2,available_surface_voltage_coupled_but_ionic_recruitment_low,4.59767024565459,0.309770898916262,4.59767024565459,0.309770898916262,2,2.277609708677161e-06,5.2756762324982975e-08,4.2597077450831365e-05,1.813500586562898,9.859676454385955e-305,7.034325336944119e-304,0.4977557933198111,0.501875510325509,2.0,4.898979485566356,False
mechanism_score_diverse_per_cell,3,VH_1_MFA_BA,VH,MFA_BA,VH_1_MFA_BA__hybrid_optuna_089,M3,recruited_surface_gap_assisted_buffering,2.8081588852331123,0.5187766904744362,2.8081588852331123,0.5187766904744362,1,0.0032986314524224,0.0023449227003439,0.0004453743366613,0.6065988974813709,0.938898683870125,0.4542614297251468,0.506154001259623,0.0334886102627601,1.0,,True
mechanism_score_diverse_per_cell,3,VH_1_MFA_BA,VH,MFA_BA,VH_1_MFA_BA__hybrid_optuna_090,M2,kir_dominant_local_buffering,2.904256156448796,0.4717805551831951,2.904256156448796,0.4717805551831951,99,1.3131717677663036e-08,6.691890655172368e-07,2.3910800450968025e-06,0.0529976311697396,6.255268974072591e-227,5.97356599323328e-230,0.1687026828301201,0.8022754796005778,2.0,6.13060653370116,False
mechanism_score_diverse_per_cell,3,VH_1_MFA_BA,VH,MFA_BA,VH_1_MFA_BA__hybrid_optuna_063,M2,available_surface_voltage_coupled_but_ionic_recruitment_low,2.6677975298202674,0.4766703762630939,2.6677975298202674,0.4766703762630939,92,0.000177188473548,1.3289448722869162e-08,0.0615699732823519,4.115716865497774,1.6161387832523225e-06,0.0619512935852867,0.5033508879113031,0.4965951989129474,3.0,4.48752028197514,True
mechanism_score_diverse_per_cell,3,VH_2_MFA,VH,MFA,VH_2_MFA__hybrid_optuna_224,M2,kir_dominant_local_buffering,7.7903868016216835,0.3333333333333332,7.7903868016216835,0.3333333333333332,2,5.543389284811165e-08,0.0003380627386805,0.0343935701718021,7.069309720441503,0.0063057152332507,0.012794103018461,0.1182391464735235,0.8786908255894126,1.0,,False
mechanism_score_diverse_per_cell,3,VH_2_MFA,VH,MFA,VH_2_MFA__hybrid_optuna_247,M2,kir_dominant_local_buffering,5.6072346612343305,0.3497440689005848,5.12257282590481,0.3321493553625046,1,1.4942058091019048e-08,7.131342184668549e-05,7.289842046909734e-06,0.8478705307374524,2.5825431504216476e-108,1.7786494347606325e-110,0.1074389485558515,0.88423783660031,2.0,5.333843024889669,False
mechanism_score_diverse_per_cell,3,VH_2_MFA,VH,MFA,VH_2_MFA__hybrid_optuna_260,M3,kir_dominant_local_buffering,6.376541321318695,0.3061349277910578,6.376541321318695,0.3061349277910578,3,2.187165253890565e-05,0.0003084240770829,0.0223765936262635,4.942580610840768,5.3430059620029246e-80,1.9690321417873524e-77,0.2261170245762444,0.7735249679278686,3.0,5.054223628098406,False
mechanism_score_diverse_per_cell,3,VH_2_MFA_BA,VH,MFA_BA,VH_2_MFA_BA__hybrid_optuna_080,M3,recruited_surface_gap_assisted_buffering,4.028481856572046,0.675987803339035,4.0284818597053125,0.6759875065079649,1,0.006004480331788,0.0004748639643733,0.0078823067326611,0.2225470795869807,0.8168816164714974,0.4983764391204631,0.5987294842016618,0.3443563808042362,1.0,,True
mechanism_score_diverse_per_cell,3,VH_2_MFA_BA,VH,MFA_BA,VH_2_MFA_BA__hybrid_optuna_071,M1,kir_dominant_local_buffering,3.5502793034754028,0.4992436288092512,3.5502793034754028,0.4992436288092512,71,1.1990627027317798e-08,0.0061948055161047,1.980697601550337e-07,0.0724837014915406,4.429279822759975e-38,2.027598255187939e-42,0.1488704803641671,0.7817550270609707,2.0,5.901582336034128,False
mechanism_score_diverse_per_cell,3,VH_2_MFA_BA,VH,MFA_BA,VH_2_MFA_BA__hybrid_optuna_092,M2,available_surface_voltage_coupled_but_ionic_recruitment_low,3.2893728850018307,0.4990684709056228,3.2893728850018307,0.4990684709056228,74,8.715973616811341e-07,1.094984304424576e-08,0.0496869443773305,9.85031315360875,2.694611480206829e-96,1.4913517660073316e-92,0.4946561077356635,0.5053274888280058,3.0,4.7050068792590904,True
mechanism_score_diverse_per_cell,3,VH_3_MFA,VH,MFA,VH_3_MFA__hybrid_optuna_215,M2,kir_dominant_local_buffering,8.081875166104036,0.3534894363071253,8.081875166104036,0.3534894363071253,2,1.2909968963860518e-06,2.534560222202759e-07,0.0001677339900706,0.3392357318580569,9.859676534765136e-305,1.0691142975079206e-303,0.3491073135372571,0.6032679507084954,1.0,,False
mechanism_score_diverse_per_cell,3,VH_3_MFA,VH,MFA,VH_3_MFA__hybrid_optuna_204,M2,kir_dominant_local_buffering,6.783100259337623,0.3505317387777464,6.783100259337623,0.3505317387777464,3,4.4948907012532046e-08,4.145362090724767e-08,2.3765384704631485e-07,8.595521810660458,0.2766827862547558,0.0001252091317219,0.2328599930410531,0.6058697669819909,2.0,5.976184475791032,False
mechanism_score_diverse_per_cell,3,VH_3_MFA,VH,MFA,VH_3_MFA__hybrid_optuna_210,M2,kir_dominant_local_buffering,7.389195056913349,0.3584921492336466,6.9702218706698025,0.346833542689512,1,8.771333188344918e-07,3.453947550058565e-08,0.0267220193600037,1.5082606471195097,1.9873736491990174e-48,2.688848659891893e-45,0.3287385805411287,0.6695393166908118,3.0,3.4961181335295954,False
mechanism_score_diverse_per_cell,3,VH_3_MFA_BA,VH,MFA_BA,VH_3_MFA_BA__hybrid_pre_07,M3,recruited_surface_gap_assisted_buffering,5.034961316727348,0.5170921728313226,5.034961316727348,0.5170921728313226,2,0.0010372803440127,2.2174885564303987e-05,8.794145686213767e-05,1.5799874999695134,0.8782379198892326,0.4994929592694068,0.5020402319956863,0.4976611294047131,1.0,,True
mechanism_score_diverse_per_cell,3,VH_3_MFA_BA,VH,MFA_BA,VH_3_MFA_BA__hybrid_optuna_081,M3,available_surface_voltage_coupled_but_ionic_recruitment_low,5.320583958267265,0.4765502617273233,5.320583958267265,0.4765502617273233,95,0.006004480331788,0.0004748639643733,9.76013370601731e-06,9.548355205193293,2.791709894767567e-181,1.3960633613175026e-180,0.5998047608565106,0.0011957747964577,2.0,4.533414614916518,True
mechanism_score_diverse_per_cell,3,VH_3_MFA_BA,VH,MFA_BA,VH_3_MFA_BA__hybrid_optuna_038,M1,low_recruitment_local_storage,1.7202232896298977,0.475122981441944,1.7202232896298977,0.475122981441944,97,8.465732429905076e-08,5.8038786587745964e-08,1.6779325438607757e-08,0.1711102790218034,2.2444726054291639e-29,0.0,0.0082716471421053,0.4924149890228733,3.0,5.4508667170238105,False
mechanism_score_diverse_per_cell,3,VH_4_MFA,VH,MFA,VH_4_MFA__hybrid_optuna_279,M2,kir_dominant_local_buffering,5.171581437143092,0.3287282749973634,5.047342707603293,0.3211724855471737,1,1.4261529238814874e-08,0.0005758722038207,1.0127249532302528e-07,6.478971352080313,0.0028672291964657,2.959438708551097e-07,0.1623015424865444,0.6618807818976299,1.0,,False
mechanism_score_diverse_per_cell,3,VH_4_MFA,VH,MFA,VH_4_MFA__hybrid_optuna_284,M2,available_surface_voltage_coupled_but_ionic_recruitment_low,7.113619755702465,0.300634877004821,7.113619755702465,0.300634877004821,3,2.8792564879030826e-07,3.553532116839376e-08,3.693453988258007e-06,2.042863411890143,5.1372314971729874e-76,4.0256577731304864e-77,0.4763096690863793,0.5097073032255964,2.0,6.223661759384992,True
mechanism_score_diverse_per_cell,3,VH_4_MFA,VH,MFA,VH_4_MFA__hybrid_optuna_282,M3,available_surface_voltage_coupled_but_ionic_recruitment_low,5.885441778033567,0.3112842666854571,5.885441778033567,0.3112842666854571,2,3.365360060894747e-05,0.0003294001686411,2.502242396193753e-07,4.737985869351024,9.859676535318498e-305,1.974817172290032e-306,0.4983494389087411,0.5013894365516894,3.0,3.5442151374256547,False
mechanism_score_diverse_per_cell,3,VH_4_MFA_BA,VH,MFA_BA,VH_4_MFA_BA__hybrid_post_001,M3,kir_dominant_local_buffering,3.326927248225932,0.6801542227748391,3.326927248225932,0.6801542227748391,2,0.0004988258515632,0.0033856572930096,9.653300938383145e-06,0.4260744122470449,9.859676537628617e-305,2.616187756609018e-307,0.2632446822314919,0.6848634498731628,1.0,,False
mechanism_score_diverse_per_cell,3,VH_4_MFA_BA,VH,MFA_BA,VH_4_MFA_BA__hybrid_optuna_095,M2,available_surface_voltage_coupled_but_ionic_recruitment_low,3.859251407774432,0.4990684709056228,3.859251407774432,0.4990684709056228,69,8.715973616811341e-07,1.094984304424576e-08,0.0496869443773305,9.85031315360875,2.694611480206829e-96,1.4913517660073316e-92,0.4946561077356635,0.5053274888280058,2.0,4.1979395982807155,True
mechanism_score_diverse_per_cell,3,VH_4_MFA_BA,VH,MFA_BA,VH_4_MFA_BA__hybrid_optuna_030,M3,recruited_surface_gap_assisted_buffering,1.6999127779252523,0.5,1.6999127779252523,0.5,57,0.0095761407925414,0.0015209462304931,3.424337313160928e-06,0.5110258859193904,0.3791162023177034,0.0123957205338796,0.8643011508730329,0.1145448572796644,3.0,5.08000019900721,True
mechanism_score_diverse_per_cell,3,VH_5_MFA,VH,MFA,VH_5_MFA__hybrid_optuna_289,M2,available_surface_voltage_coupled_but_ionic_recruitment_low,4.232572935369996,0.3084043599517155,4.232571365175923,0.3084043478733709,1,5.505606930051653e-06,3.70842597614226e-06,2.12560778043402e-05,0.0658261329789922,9.854498457234412e-126,1.452158505796159e-124,0.496395187269842,0.5036012459000666,1.0,,True
mechanism_score_diverse_per_cell,3,VH_5_MFA,VH,MFA,VH_5_MFA__hybrid_optuna_276,M3,low_recruitment_local_storage,5.397116689218215,0.3034569205280916,5.397116689218215,0.3034569205280916,2,3.732282323067354e-07,0.0098203015953507,2.168205991257879e-07,1.7341279931846385,0.1348611544000746,4.452513293032826e-05,0.3077358097702772,0.4509491715637161,2.0,5.437003526488085,False
mechanism_score_diverse_per_cell,3,VH_5_MFA,VH,MFA,VH_5_MFA__hybrid_optuna_292,M2,kir_dominant_local_buffering,4.004289568433756,0.3020378225140416,4.004289568433756,0.3020378225140416,3,3.6784868397280964e-08,3.8112971910157554e-08,1.5766161939702236e-07,2.479831300084009,6.673575994575385e-11,4.018205498317135e-14,0.2683390076198162,0.7288866760883991,3.0,5.025270767037589,False
mechanism_score_diverse_per_cell,3,VH_5_MFA_BA,VH,MFA_BA,VH_5_MFA_BA__hybrid_optuna_078,M3,recruited_surface_gap_assisted_buffering,4.789063920279836,0.675987803339035,4.789063930386355,0.6759878585671723,1,0.006004480331788,0.0004748639643733,0.0078823067326611,0.2225470795869807,0.8168816164714974,0.4983764391204631,0.5987294842016618,0.3443563808042362,1.0,,True
mechanism_score_diverse_per_cell,3,VH_5_MFA_BA,VH,MFA_BA,VH_5_MFA_BA__hybrid_optuna_096,M2,kir_dominant_local_buffering,4.828407847234289,0.4717805551831951,4.828407847234289,0.4717805551831951,100,1.3131717677663036e-08,6.691890655172368e-07,2.3910800450968025e-06,0.0529976311697396,6.255268974072591e-227,5.97356599323328e-230,0.1687026828301201,0.8022754796005778,2.0,6.090626591657483,False
mechanism_score_diverse_per_cell,3,VH_5_MFA_BA,VH,MFA_BA,VH_5_MFA_BA__hybrid_optuna_097,M3,low_recruitment_local_storage,5.778891662194527,0.5156842437630479,5.778891662194527,0.5156842437630479,4,1.1741633364539965e-07,0.0039552323360892,1.1293569666046962e-08,0.1876572632038594,9.859675822881862e-305,0.0,0.3573523969483343,0.0268710981837458,3.0,4.194048175985235,False
mechanism_score_diverse_per_cell,3,VH_6_MFA,VH,MFA,VH_6_MFA__hybrid_optuna_943,M1,kir_dominant_local_buffering,3.9887692014650806,0.3354154794431982,3.920621575093126,0.3310289548069808,1,1.0676790422275236e-08,4.4693443890700346e-07,1.4716401311693234e-06,0.0506586330960483,9.858509576993344e-305,2.4575141927391693e-307,0.1945457964898552,0.793704114390836,1.0,,False
mechanism_score_diverse_per_cell,3,VH_6_MFA,VH,MFA,VH_6_MFA__hybrid_optuna_970,M2,kir_dominant_local_buffering,3.798946707263704,0.3255564783096423,3.798946707263704,0.3255564783096423,3,4.240631398359977e-08,4.607349650042769e-08,5.952635923832895e-06,0.3374437721285548,1.0543851016910912e-10,2.908014260812503e-12,0.3139934176498233,0.668386964193379,2.0,4.988401990152146,False
mechanism_score_diverse_per_cell,3,VH_6_MFA,VH,MFA,VH_6_MFA__hybrid_optuna_950,M2,available_surface_voltage_coupled_but_ionic_recruitment_low,4.064258318511176,0.3260396886627446,4.064258318511176,0.3260396886627446,2,2.448275807313345e-05,2.84001692042918e-07,8.776103337623329e-07,0.0741715517541639,6.6665612304639325e-99,1.374385428988776e-98,0.4981754944588707,0.5018216633936278,3.0,4.24048254911745,True
mechanism_score_diverse_per_cell,3,VH_6_MFA_BA,VH,MFA_BA,VH_6_MFA_BA__hybrid_pre_07,M3,recruited_surface_gap_assisted_buffering,2.2304060243979698,0.5170921728313226,2.2304060243979698,0.5170921728313226,2,0.0010372803440127,2.2174885564303987e-05,8.794145686213767e-05,1.5799874999695134,0.8782379198892326,0.4994929592694068,0.5020402319956863,0.4976611294047131,1.0,,True
mechanism_score_diverse_per_cell,3,VH_6_MFA_BA,VH,MFA_BA,VH_6_MFA_BA__hybrid_optuna_091,M2,mixed_local_spatial_buffering,5.355339391304775,0.5106573149120807,5.355339391304775,0.5106573149120807,33,2.6844718496491392e-08,1.16879530678461e-07,6.018947403279519e-07,1.8085792754340049,0.4962882552668592,0.0001064479656521,0.0335264312516274,0.9662073207808194,2.0,5.012748896453651,True
mechanism_score_diverse_per_cell,3,VH_6_MFA_BA,VH,MFA_BA,VH_6_MFA_BA__hybrid_optuna_082,M3,mixed_local_spatial_buffering,2.6047549982813045,0.4718208891404834,2.6047549982813045,0.4718208891404834,98,2.7152346862150303e-05,4.8679436154445574e-08,0.0722631518233574,2.524868517545128,0.1363825213856173,0.4979813797595191,0.4991494445169854,0.0748470508773599,3.0,4.700212826254117,False
mechanism_score_diverse_per_cell,3,VH_7_OG_MFA,VH,MFA,VH_7_OG_MFA__hybrid_optuna_287,M1,low_recruitment_local_storage,6.46843415738331,0.3904517319792778,6.463470133576611,0.3906704547285283,1,1.0105592506644526e-08,0.0018637511911906,6.2489856273289125e-06,1.1731916289284865,0.0815127593653442,4.365845344203018e-06,0.2020031700292845,0.1506959341951867,1.0,,False
mechanism_score_diverse_per_cell,3,VH_7_OG_MFA,VH,MFA,VH_7_OG_MFA__hybrid_optuna_279,M1,mixed_local_spatial_buffering,4.321800874359162,0.3247953079990144,4.321800874359162,0.3247953079990144,2,1.713871717417481e-08,0.0019757755351689,3.086308333923622e-07,3.577641985001013,0.4298132667741801,2.34929957247682e-06,0.0804755572908036,0.4516033736257617,2.0,5.369077523079704,True
mechanism_score_diverse_per_cell,3,VH_7_OG_MFA,VH,MFA,VH_7_OG_MFA__hybrid_optuna_284,M2,mixed_local_spatial_buffering,4.854643546009194,0.3235026532720956,4.854643546009194,0.3235026532720956,3,1.0093889618327304e-08,0.0016604709783445,2.143771355095408e-06,1.3736453910254,0.5016803918855626,0.0010768735222082,0.1730644894447211,0.8197803929062283,3.0,4.490884644001292,False
mechanism_score_diverse_per_cell,3,VH_7_OG_MFA_BA,VH,MFA_BA,VH_7_OG_MFA_BA__hybrid_optuna_087,M3,low_recruitment_local_storage,4.369409920477477,0.5046372475552598,4.373827677778654,0.5020743828718134,1,1.1741633364539965e-07,0.0039552323360892,1.1293569666046962e-08,0.1876572632038594,9.859675822881862e-305,0.0,0.3573523969483343,0.0268710981837458,1.0,,False
mechanism_score_diverse_per_cell,3,VH_7_OG_MFA_BA,VH,MFA_BA,VH_7_OG_MFA_BA__hybrid_optuna_056,M2,available_surface_voltage_coupled_but_ionic_recruitment_low,2.8561554166672622,0.4760839914219574,2.8561554166672622,0.4760839914219574,78,0.000177188473548,1.3289448722869162e-08,0.0615699732823519,4.115716865497774,1.6161387832523225e-06,0.0619512935852867,0.5033508879113031,0.4965951989129474,2.0,5.395579238233368,True
mechanism_score_diverse_per_cell,3,VH_7_OG_MFA_BA,VH,MFA_BA,VH_7_OG_MFA_BA__hybrid_optuna_063,M3,recruited_surface_gap_assisted_buffering,1.303359370498112,0.4895233807308679,1.303359370498112,0.4895233807308679,64,0.006004480331788,0.0004748639643733,5.6875651398563565e-06,0.2464053874506457,0.5989904336372969,0.2313774272933276,0.7304656751895688,0.2144614056645626,3.0,4.7486581247949236,True
