file_id,region,condition,candidate_id,P_gap_eff,gamma_t_eff,gamma_s_eff,volume_ratio_wa_wo,gki,eps,gl_a,zth,zs,P_gap_eff_plausible,gamma_t_eff_plausible,gamma_s_eff_plausible,volume_ratio_wa_wo_plausible,gki_plausible,eps_plausible,gl_a_plausible,zth_plausible,zs_plausible
1_DH_1_CONTROL,DH,CONTROL,1_DH_1_CONTROL__hybrid_optuna_087,1.1996661220636652e-08,0.0009639219104777,1.3822108483323732e-06,0.2273680004427412,7.803414098002051,0.0938101988343727,0.5689196370496582,42.60574746854843,0.0014481044846482,True,True,True,True,True,True,True,False,True
1_DH_1_CONTROL,DH,CONTROL,1_DH_1_CONTROL__hybrid_optuna_098,2.1484198879011832e-08,1.0088571442840538e-08,4.5165475071932483e-08,0.0678458449682687,2.015568194438911,2.7115959943633915e-05,5.878784859472056e-05,126.20927675524231,0.0017064723167788,True,True,True,True,True,True,False,False,True
1_DH_2_CONTROL,DH,CONTROL,1_DH_2_CONTROL__hybrid_optuna_098,1.1996661220636652e-08,0.0009639219104777,5.117854716429417e-07,0.255012047149372,8.398289370604866,0.0914625650009477,0.5689196370496582,39.54769662003882,0.0012772372965928,True,True,True,True,True,True,True,False,True
1_DH_2_CONTROL,DH,CONTROL,1_DH_2_CONTROL__hybrid_optuna_072,1.0153508977858307e-06,8.193799991073805e-07,0.0615521370223549,4.906669506278448,10.873530867850164,1.0557501320491736e-05,5.0196257433330205,110.45113626728492,49.25809651382799,True,True,False,True,True,True,True,False,False
1_DH_2_CONTROL,DH,CONTROL,1_DH_2_CONTROL__hybrid_optuna_066,1.991600130066668e-08,1.1498294176561468e-05,0.0290154667530075,3.517490838704276,1.9009706283367904,3.902985307582861e-05,0.0015884676787605,139.9171201077349,10.21792859882267,True,True,True,True,True,True,True,False,False
1_DH_2_CONTROL,DH,CONTROL,1_DH_2_CONTROL__hybrid_optuna_068,2.2841321209132905e-07,3.8946679819811723e-07,0.0030184415917358,1.0997984024979517,2.5020370797229115,2.7749481296918367e-05,0.0002703393093465,80.03438859552863,0.0041432483021359,True,True,True,True,True,True,True,False,True
2_DH_1_CONTROL,DH,CONTROL,2_DH_1_CONTROL__hybrid_optuna_096,1.1996661220636652e-08,0.0009639219104777,5.117854716429417e-07,0.255012047149372,8.398289797187408,0.0914625664723104,0.5689196370496582,39.54769660632085,0.0012772372965928,True,True,True,True,True,True,True,False,True
2_DH_1_CONTROL,DH,CONTROL,2_DH_1_CONTROL__hybrid_optuna_060,1.437660327623344e-08,8.250738068715948e-05,0.0026714630638544,1.0074212894031065,4.641770694261911,4.811380285148814e-05,0.0001087002612897,113.79085413389554,0.0051853576573406,True,True,True,True,True,True,True,False,True
3_DH_1_CONTROL,DH,CONTROL,3_DH_1_CONTROL__hybrid_optuna_097,1.1996661220636652e-08,0.0009639219104777,5.117854716429417e-07,0.255012047149372,8.398289797187408,0.0914625664723104,0.5689196370496582,39.54769660632085,0.0012772372965928,True,True,True,True,True,True,True,False,True
3_DH_1_CONTROL,DH,CONTROL,3_DH_1_CONTROL__hybrid_post_001,0.000892111152047,1.374794139845004e-07,0.0990772337135975,4.502541267844211,23.50951460872445,1.1840793876860316e-05,0.1395355758050739,60.12188457643983,0.030648569679204,True,True,False,True,True,True,True,False,True
3_DH_1_CONTROL,DH,CONTROL,3_DH_1_CONTROL__hybrid_optuna_001,0.0008876227573001,1.4131789241161373e-07,0.0994025239022729,4.496767329358334,23.960980921274103,1.1932222912296942e-05,0.1395117700060951,59.679784704374754,0.0304404109568834,True,True,False,True,True,True,True,False,True
3_DH_2_CONTROL,DH,CONTROL,3_DH_2_CONTROL__hybrid_optuna_098,1.1996661220636652e-08,0.0009639219104777,5.117854716429417e-07,0.255012047149372,8.398289797187408,0.0914625664723104,0.5689196370496582,39.54769660632085,0.0012772372965928,True,True,True,True,True,True,True,False,True
3_DH_2_CONTROL,DH,CONTROL,3_DH_2_CONTROL__hybrid_optuna_067,2.2841321209132905e-07,3.894667945706587e-07,0.0030184415917358,1.0997984024979517,2.5020370797229115,2.7749481296918367e-05,0.0002703393093465,80.03438859552863,0.0041432483021359,True,True,True,True,True,True,True,False,True
DH_1_CONTROL,DH,CONTROL,DH_1_CONTROL__hybrid_optuna_099,1.1996661220636652e-08,0.0009639219104777,5.117854651262243e-07,0.2550120469773154,8.398286239433146,0.0914625649997027,0.5689196370496582,39.547696746454754,0.0012772372962164,True,True,True,True,True,True,True,False,True
DH_1_CONTROL,DH,CONTROL,DH_1_CONTROL__hybrid_optuna_053,6.284946321406843e-08,3.8160022201918936e-08,0.0129254920805939,5.231487674988508,148.9979016774341,1.8159437081688256e-05,18.93378202617219,69.17651336542683,0.0031935504961918,True,True,True,True,True,True,True,False,True
DH_1_CONTROL,DH,CONTROL,DH_1_CONTROL__hybrid_optuna_049,4.515284374263166e-07,2.258282326866396e-06,1.1219093081864454e-05,0.47120120167239,5.37794093372654,3.853881857200996e-05,0.0010428608449846,8.763364806971229,1.272437607967015,True,True,True,True,True,True,True,False,True
DH_2_CONTROL,DH,CONTROL,DH_2_CONTROL__hybrid_optuna_044,5.40962804894205e-07,5.414761089981999e-06,0.0005826907540579,0.0754642657045525,9.528920233929334,2.0688407847703752e-05,1.994100221451452,100.4671234696994,0.3507967303215799,True,True,True,True,True,True,True,False,True
DH_1_MFA,DH,MFA,DH_1_MFA__hybrid_optuna_100,8.242213770882057e-08,3.444293373038032e-07,3.30036818169917e-08,0.0908766727298346,392.016105061084,0.0010158848098512,0.1837708731811219,117.8165086995524,0.0023701177970858,True,True,True,True,False,True,True,False,True
DH_1_MFA,DH,MFA,DH_1_MFA__hybrid_optuna_057,5.9078902720612464e-08,3.5398302483569986e-05,6.697544368255835e-06,0.1864084103281081,112.9127244679854,5.682841394758624e-05,0.038382865037063,123.97241317365554,0.1800745142080181,True,True,True,True,True,True,True,False,True
DH_1_MFA,DH,MFA,DH_1_MFA__hybrid_optuna_053,4.466047172919705e-07,1.6853856545294232e-08,4.670625929072946e-08,0.1799291146620292,310.73058928402884,8.602917052013782e-05,1.9872943396618497,131.33596410229674,0.004400099543016,True,True,True,True,False,True,True,False,True
DH_1_MFA,DH,MFA,DH_1_MFA__hybrid_optuna_042,5.325010930083692e-07,1.8377461020597505e-06,1.2434361973651156e-06,0.0986094948822297,91.64383778165129,0.0005558000646247,5.623866816464939,58.48884574807135,0.0135976034300814,True,True,True,True,True,True,True,False,True
DH_1_MFA,DH,MFA,DH_1_MFA__hybrid_optuna_051,1.4873847062242473e-08,3.0753396318954304e-08,5.3000408689774044e-08,0.0550943319579486,270.5143650346637,9.255828304943784e-05,1.2320259744474502,90.5387895135356,0.0028328260925176,True,True,True,True,True,True,True,False,True
DH_1_MFA,DH,MFA,DH_1_MFA__hybrid_optuna_062,3.57538604039399e-08,1.459066821891249e-06,3.4618459927224015e-08,1.7969549859175673,11.04794675379464,2.2194594579872995e-05,0.1299708277954853,122.35947559643142,0.00466243325273,True,True,True,True,True,True,True,False,True
DH_1_MFA,DH,MFA,DH_1_MFA__hybrid_optuna_079,5.90062302525272e-07,1.3886531388585973e-06,7.804462321349573e-05,0.1225495683981146,219.8060122875622,0.0001145166933149,0.062206592778955,41.32809942040651,0.0019710612680177,True,True,True,True,True,True,True,False,True
DH_1_MFA,DH,MFA,DH_1_MFA__hybrid_optuna_077,3.10479192132442e-05,3.7699789844377786e-08,0.000246911646752,0.0671837349231362,272.60619839013657,0.0001376409352209,0.2966066689304003,140.51878199431553,0.0049067241338473,True,True,True,True,True,True,True,False,True
DH_1_MFA,DH,MFA,DH_1_MFA__hybrid_optuna_065,6.98581155789652e-08,1.0456768648011589e-08,2.510164281018376e-05,0.3215678680194903,298.09137311667945,1.0621038032773723e-05,0.0010831916543845,136.38678381753888,0.0010107942500977,True,True,True,True,True,True,True,False,True
DH_1_MFA,DH,MFA,DH_1_MFA__hybrid_optuna_073,1.395042105220327e-06,2.421695878228551e-07,1.650817150674715e-05,0.5023384612333864,166.181080928851,0.0001624134092299,0.2781429486655944,102.98220936180935,0.0064895628327575,True,True,True,True,True,True,True,False,True
DH_1_MFA,DH,MFA,DH_1_MFA__hybrid_optuna_072,1.876770088507407e-07,7.100800465004495e-08,3.483645040427637e-06,0.4010478411257931,249.34838072843897,0.0001930269531947,2.7412482959585454,53.71591080345754,0.803324386016215,True,True,True,True,True,True,True,False,True
DH_1_MFA,DH,MFA,DH_1_MFA__hybrid_optuna_078,4.0562178040647424e-08,8.699583486505517e-08,1.0368298838046908e-08,0.7468206466727774,0.5337570358174482,0.0002059318284272,0.0357927519605239,41.28113083920799,0.3587849298490801,True,True,True,True,False,True,True,False,True
DH_1_MFA,DH,MFA,DH_1_MFA__hybrid_optuna_080,2.6623603159996004e-07,3.713255223641611e-06,7.786044606527031e-05,0.1049071742227666,60.03987143803322,0.0001737084515757,18.28015386181547,147.27810947195724,0.0034048574429356,True,True,True,True,True,True,True,False,True
DH_1_MFA,DH,MFA,DH_1_MFA__hybrid_optuna_061,3.1272978192923627e-06,0.0001430151334131,2.331695753552706e-07,0.0869053428474707,0.5546686743490862,0.0018302418036613,0.0629997081811037,81.37398134864998,0.0135663274404483,True,True,True,True,False,True,True,False,True
DH_1_MFA,DH,MFA,DH_1_MFA__hybrid_optuna_071,4.213756630352829e-08,1.6422765013726328e-07,6.393820112226864e-07,0.0669949655423061,320.56641092468544,0.0002230899330002,0.1657445282916464,111.24632715092244,0.0208408042089215,True,True,True,True,False,True,True,False,True
DH_1_MFA,DH,MFA,DH_1_MFA__hybrid_optuna_084,5.031150872390129e-08,2.086095279029513e-07,0.0004182964906039,0.0706341552773683,147.3332634003103,0.0002411762901648,3.2584075962973384e-05,116.4805352698464,0.0143784922985333,True,True,True,True,True,True,False,False,True
DH_1_MFA,DH,MFA,DH_1_MFA__hybrid_optuna_070,1.9598156304168027e-08,1.0080204367903492e-08,3.747613075325586e-05,0.319692026843354,291.67926940405107,0.0002601362911101,0.3988718433137068,88.20382799011456,0.0029330699965141,True,True,True,True,True,True,True,False,True
DH_1_MFA,DH,MFA,DH_1_MFA__hybrid_optuna_043,2.6218172268993463e-08,8.116272664248126e-08,3.997639227626579e-07,0.0524391981664403,337.8080884676406,0.0002923772495065,19.568501901952523,93.22113506256002,0.0024020625452196,True,True,True,True,False,True,True,False,True
DH_1_MFA,DH,MFA,DH_1_MFA__hybrid_optuna_035,1.0133341980049425e-08,5.797422809803765e-07,2.955063743386806e-07,0.4672452730114249,3.048616608601685,0.0003131149282289,0.0169791073111992,51.517602740689526,2.0388670842192624,True,True,True,True,True,True,True,False,True
DH_1_MFA,DH,MFA,DH_1_MFA__hybrid_optuna_039,6.13267393880602e-06,1.7481065940308469e-07,8.433950913546915e-07,0.6763787497978436,487.61526275622913,0.0003074101008035,4.875400659603958,70.72675071547913,0.0010424877308704,True,True,True,True,False,True,True,False,True
DH_1_MFA,DH,MFA,DH_1_MFA__hybrid_optuna_075,1.7670169402947916e-06,0.0050615768887523,0.0013303245101522,1.192617378922354,1.4690139693517672,4.207053950287933e-05,2.3226650368137e-05,129.92642186624028,0.6677615511747083,True,True,True,True,True,True,False,False,True
DH_1_MFA,DH,MFA,DH_1_MFA__hybrid_optuna_040,1.1136278486800116e-08,2.747905978637212e-08,7.977390235907591e-08,0.053478696056371,490.0892896926963,0.0003235766254967,17.024047164554204,102.9615201699151,0.0010364659027305,True,True,True,True,False,True,True,False,True
DH_1_MFA,DH,MFA,DH_1_MFA__hybrid_optuna_036,2.6152825306749292e-08,8.691770279742633e-08,4.075173392676908e-07,0.0549921651316796,415.4814224811742,0.0003320258070519,11.156918462586772,93.6125290758548,0.0017237960104603,True,True,True,True,False,True,True,False,True
DH_1_MFA,DH,MFA,DH_1_MFA__hybrid_optuna_030,1.4370983968516305e-08,6.069106242134223e-07,6.364638744502468e-07,0.4330366548500413,15.653969809800104,0.0003273346168265,0.0207507847068294,29.423013333174858,0.9043715631672548,True,True,True,True,True,True,True,False,True
DH_1_MFA,DH,MFA,DH_1_MFA__hybrid_optuna_031,1.0985549596309316e-08,1.0512580587824825e-07,9.729286764092337e-08,0.0579542017610238,452.53754102875087,0.0003755978051874,8.911133285568093,100.12509213006128,0.0012987587301994,True,True,True,True,False,True,True,False,True
DH_1_MFA,DH,MFA,DH_1_MFA__hybrid_optuna_028,1.1451920857180092e-08,2.4342894227923937e-07,1.231647847967001e-07,0.0509193063292615,452.081554617228,0.000504701426272,19.400830954674408,86.13803785592093,0.0012353449848363,True,True,True,True,False,True,True,False,True
DH_1_MFA,DH,MFA,DH_1_MFA__hybrid_optuna_025,7.279134706190046e-08,6.509250635931369e-06,1.1249959814475269e-08,1.2156675971444937,57.993600062520585,0.0017120292396228,0.9423379783381388,76.68280122309324,0.1171478198797335,True,True,True,True,True,True,True,False,True
DH_1_MFA,DH,MFA,DH_1_MFA__hybrid_optuna_091,4.836064346677421e-06,1.8744981197864925e-08,3.451168909566421e-07,0.1294854174399739,390.18619558239055,0.0003815582917782,0.9811161249862784,128.4870532168856,0.001797730075672,True,True,True,True,False,True,True,False,True
DH_1_MFA,DH,MFA,DH_1_MFA__hybrid_optuna_024,1.736752229000314e-08,1.500130269557272e-07,1.1516248568107351e-06,0.0641773551659712,360.26254549680647,0.0003927807904469,1.5627490475929606,112.04167901219832,0.001324134314378,True,True,True,True,False,True,True,False,True
DH_1_MFA,DH,MFA,DH_1_MFA__hybrid_optuna_076,0.000177188473548,1.3289448722869162e-08,0.0615699732823519,4.115716865497774,2.167640897475782,5.337032762603954e-05,0.0001430992369351,45.63633644393066,0.2922905212920093,True,True,False,True,True,True,True,False,True
DH_1_MFA,DH,MFA,DH_1_MFA__hybrid_optuna_074,9.790871167531241e-08,0.0033689133434523,2.140480935752318e-06,0.2514712671319205,225.74337102555788,0.0001192001719916,0.2363672829885408,123.7480079297651,0.0813856237000371,True,True,True,True,True,True,True,False,True
DH_1_MFA,DH,MFA,DH_1_MFA__hybrid_optuna_085,4.332692265336449e-08,3.1065643424711486e-06,2.156612487169211e-08,0.0948630664389461,248.56341623284263,0.0018365140954955,1.1870411824258664,121.4254821598613,0.0013246923158452,True,True,True,True,True,True,True,False,True
DH_1_MFA,DH,MFA,DH_1_MFA__hybrid_optuna_032,1.0021565857108266e-08,9.550942824405349e-08,9.461229160733206e-07,0.0536641010548794,479.59476968010944,0.0004488473892222,17.77322773673577,102.15867121862952,0.0010635672939394,True,True,True,True,False,True,True,False,True
DH_1_MFA,DH,MFA,DH_1_MFA__hybrid_optuna_029,1.964843301596186e-05,1.1334805378241917e-08,8.495414368564173e-05,0.1423476335987839,354.9245404221098,0.0004163612612999,0.6349160994582731,139.91874081844497,0.001987146742813,True,True,True,True,False,True,True,False,True
DH_1_MFA,DH,MFA,DH_1_MFA__hybrid_optuna_022,1.9070264515886842e-08,4.167290843941572e-08,1.5679992983199951e-06,0.1124413155403217,352.021127239881,0.0004210671466239,1.9444933396791684,121.31921393620792,0.001538495476978,True,True,True,True,False,True,True,False,True
DH_1_MFA,DH,MFA,DH_1_MFA__hybrid_optuna_092,1.5013036618054624e-05,1.5625898669653913e-08,4.54226900877151e-06,0.1570382522025085,172.54200463152375,0.0004138533291854,1.7709113538559664,138.11886512397305,0.0065087275529436,True,True,True,True,True,True,True,False,True
DH_1_MFA,DH,MFA,DH_1_MFA__hybrid_optuna_023,3.498591753772751e-07,1.801866722059564e-08,7.353323152382274e-08,0.0705744446187895,285.87377922495057,0.0004303128685817,1.815318795370364,125.02983992294703,0.0014301016542764,True,True,True,True,True,True,True,False,True
DH_1_MFA,DH,MFA,DH_1_MFA__hybrid_optuna_018,4.4948907012532046e-08,1.5952929659921748e-07,1.4766358112959404e-06,0.1482376780647279,357.45012036553027,0.0004366271019131,0.7430240904323723,114.26334424021348,0.0339374010963381,True,True,True,True,False,True,True,False,True
DH_1_MFA,DH,MFA,DH_1_MFA__hybrid_optuna_034,9.972526664166561e-08,3.2236194157968334e-07,2.3052066660737005e-08,0.2654956591780325,131.6064022430729,0.0014346139012895,6.891854421011256,81.3679460878631,0.0081159086648795,True,True,True,True,True,True,True,False,True
DH_1_MFA,DH,MFA,DH_1_MFA__hybrid_optuna_050,1.1792199495263329e-07,1.0625701884513237e-07,7.993206059054864e-08,9.88952447712592,117.26635252206836,0.0004739835110082,9.366140518298952,125.8363958162852,37.87093916826417,True,True,True,True,True,True,True,False,False
DH_1_MFA,DH,MFA,DH_1_MFA__hybrid_optuna_094,0.0001092998040616,1.0590953017385749e-08,3.504236282414543e-05,0.153221529590895,351.0406816250352,0.0004757282109798,0.5480024293228093,144.47811752449627,0.0016011845014605,True,True,True,True,False,True,True,False,True
DH_1_MFA,DH,MFA,DH_1_MFA__hybrid_optuna_017,1.6031644309123358e-07,5.932760873181047e-06,4.1718672451526926e-08,1.1157496342502624,85.06333540829297,0.0015022002001111,0.3614487746952057,96.24241635901636,0.063798257349637,True,True,True,True,True,True,True,False,True
DH_1_MFA,DH,MFA,DH_1_MFA__hybrid_optuna_066,0.0069749601902638,3.927087625984605e-08,1.617080981559994e-07,0.0831430821866163,433.7334626278583,0.0005780239877578,0.4770455188647649,89.586067443959,0.0090442671044047,False,True,True,True,False,True,True,False,True
DH_1_MFA,DH,MFA,DH_1_MFA__hybrid_optuna_095,1.4250908925669246e-07,4.4790189659465766e-07,1.342246696623257e-06,0.1987475858822825,193.1695606168917,0.0009724971787696,2.687996677518761,133.5037243556354,0.5398371585566705,True,True,True,True,True,True,True,False,True
DH_1_MFA,DH,MFA,DH_1_MFA__hybrid_optuna_045,5.974127255988732e-08,1.2417062322588308e-07,2.467468523698383e-06,0.0884212045110738,78.04954869118016,0.0006398974185087,8.438441896543724,113.84058736523616,0.002147582593633,True,True,True,True,True,True,True,False,True
DH_1_MFA,DH,MFA,DH_1_MFA__hybrid_optuna_021,1.4150408772415466e-07,2.098278226672164e-06,6.130746680203177e-08,0.1159883662936838,203.84603901137947,0.0005953798066913,0.3982079750004388,97.03704053191152,0.0069950545104435,True,True,True,True,True,True,True,False,True
DH_1_MFA,DH,MFA,DH_1_MFA__hybrid_optuna_088,2.1475323117158456e-08,1.3018410412243317e-06,2.0701078735455987e-08,0.2832904497962185,17.585605272874684,0.0005309233207035,0.0053503339340218,57.56533806837764,0.5904622036493072,True,True,True,True,True,True,True,False,True
DH_1_MFA,DH,MFA,DH_1_MFA__hybrid_optuna_019,1.640993275376771e-07,1.64324992428742e-06,4.031169464741652e-08,0.1068305322371281,200.03920836286844,0.000602248026323,0.395387296573269,96.02680284062612,0.006495240775029,True,True,True,True,True,True,True,False,True
DH_1_MFA,DH,MFA,DH_1_MFA__hybrid_optuna_009,3.3329305902699583e-08,2.643942704711049e-07,2.0997229327127658e-08,0.0812079621550947,388.4233845931096,0.0005817431290015,1.2225056456758343,132.49072562511824,0.001550031939391,True,True,True,True,False,True,True,False,True
DH_1_MFA,DH,MFA,DH_1_MFA__hybrid_optuna_008,4.007980265064088e-08,4.269862126995779e-07,2.2796701209121707e-08,0.0852133600926376,269.0053964335095,0.0006164928683406,1.122830020861703,118.89813448160956,0.0013254914299386,True,True,True,True,True,True,True,False,True
DH_1_MFA,DH,MFA,DH_1_MFA__hybrid_optuna_005,3.606634700083379e-08,3.967862552886693e-07,1.878072632794777e-08,0.0856563793636371,384.0549806941019,0.0006217132022696,1.161460205939589,118.36930600139765,0.0012036242397904,True,True,True,True,False,True,True,False,True
DH_1_MFA,DH,MFA,DH_1_MFA__hybrid_optuna_089,1.7924166912935084e-08,7.712654939417032e-07,7.62218882706965e-08,0.3319153615671515,4.91972178805104,0.0005489420751223,0.0022108081554517,34.05094415327589,2.8196371257517523,True,True,True,True,True,True,True,False,True
DH_1_MFA,DH,MFA,DH_1_MFA__hybrid_optuna_026,3.902458442832014e-08,1.4517487620692089e-05,2.8090679535158665e-08,1.136297192529686,37.78817445455338,0.0035240975254462,0.0753703270934659,71.77469060973904,0.063637545949808,True,True,True,True,True,True,True,False,True
DH_1_MFA,DH,MFA,DH_1_MFA__hybrid_optuna_002,3.5099282177984386e-08,4.079274490180212e-07,1.9877129363658612e-08,0.0866167131690277,414.0253879828092,0.0006779939357528,1.1219978614474893,119.73185235205275,0.0012821694283931,True,True,True,True,False,True,True,False,True
DH_1_MFA,DH,MFA,DH_1_MFA__hybrid_post_002,3.510618047133667e-08,4.086829854871092e-07,1.9889066475637463e-08,0.0865968691491967,413.92494917676026,0.0006786321096873,1.1219317303062122,119.7278343343886,0.0012812287490145,True,True,True,True,False,True,True,False,True
DH_1_MFA,DH,MFA,DH_1_MFA__hybrid_optuna_015,2.0102278525410282e-07,1.8524648051739005e-06,3.938862177336093e-08,0.9717429849465496,91.54380572457416,0.0016016513601549,0.451999941005772,94.34880094364138,0.0586674751972459,True,True,True,True,True,True,True,False,True
DH_1_MFA,DH,MFA,DH_1_MFA__hybrid_optuna_033,2.7733844644961646e-08,6.441904870132764e-08,1.1170626254917153e-07,0.0718366433777603,208.9497365793221,0.0007393460298307,6.708659500698634,97.12923319470222,0.0016428904564844,True,True,True,True,True,True,True,False,True
DH_1_MFA,DH,MFA,DH_1_MFA__hybrid_optuna_046,6.387072796771658e-08,6.918187478900465e-07,6.2976120452703365e-06,0.0747618723772426,9.033442540516912,0.0029336265664617,0.893090542846306,116.5977706828595,4.080137231330077,True,True,True,True,True,True,True,False,True
DH_1_MFA,DH,MFA,DH_1_MFA__hybrid_optuna_020,2.1452183991515482e-07,2.900167069576284e-06,2.2003301207868138e-07,0.8237490012771814,77.41221440618129,0.0022623700637158,0.301439984226761,62.8814751686831,0.1578951564940793,True,True,True,True,True,True,True,False,True
DH_1_MFA,DH,MFA,DH_1_MFA__hybrid_optuna_014,7.090825822772217e-08,1.0824957842689433e-06,3.51317262764926e-08,1.2178614620966677,87.95173912171738,0.0015254480830168,0.3077774513791266,73.87045374049656,0.0644893408728303,True,True,True,True,True,True,True,False,True
DH_1_MFA,DH,MFA,DH_1_MFA__hybrid_optuna_060,0.0020599578930159,0.0001500180875981,4.344604915675701e-07,0.0691487559170327,150.2529669814818,0.0014467053264901,2.476436321431495,80.022343497024,40.08704168462266,True,True,True,True,True,True,True,False,False
DH_1_MFA,DH,MFA,DH_1_MFA__hybrid_optuna_013,1.2935955761491561e-08,5.314541378900035e-06,5.0463920523898026e-08,0.9120553750976388,12.246653795458633,0.0014689727643404,0.0405483673881507,77.02203759887121,0.2707694822515998,True,True,True,True,True,True,True,False,True
DH_1_MFA,DH,MFA,DH_1_MFA__hybrid_optuna_083,2.2967442207514547e-08,2.138619124134541e-07,1.6151844217969696e-08,0.4148731865958198,2.058295254693707,0.0007005226041409,0.0075037056584911,47.93097898408773,0.4224590883817817,True,True,True,True,True,True,True,False,True
DH_1_MFA,DH,MFA,DH_1_MFA__hybrid_optuna_011,1.51406423183841e-08,3.758223773793244e-07,9.118524564191697e-08,0.3817480852542496,5.841532807679656,0.0007039616755956,0.0286280245789333,52.03306351450215,6.032798297538274,True,True,True,True,True,True,True,False,False
DH_1_MFA,DH,MFA,DH_1_MFA__hybrid_optuna_049,1.383952111226e-07,5.170002074981057e-07,1.0474804752549205e-08,7.183338874804989,5.669372316681087,0.0852598623416662,0.4103785792118669,149.55487833517026,0.0054117543345608,True,True,True,True,True,True,True,False,True
DH_1_MFA,DH,MFA,DH_1_MFA__hybrid_optuna_016,1.3547765796101964e-08,9.857623076478035e-07,4.584852396634044e-08,0.967343238148094,12.480661520782927,0.0013199660582539,0.1477871751027827,77.29929815423682,0.4243350853854199,True,True,True,True,True,True,True,False,True
DH_1_MFA,DH,MFA,DH_1_MFA__hybrid_optuna_010,2.4720043619240277e-08,6.112812890076954e-07,1.2728867969331756e-07,0.4450246977302285,8.343032536297672,0.0007508120641854,0.043129386517222,54.70478803754218,1.9774669726873075,True,True,True,True,True,True,True,False,True
DH_1_MFA,DH,MFA,DH_1_MFA__hybrid_optuna_007,2.3480660345163204e-08,6.012047111649247e-07,5.057501569690611e-07,0.4087675888526475,7.937648277670775,0.0007437863832171,0.0200047585776215,41.916634274028524,0.9472876627153148,True,True,True,True,True,True,True,False,True
DH_1_MFA,DH,MFA,DH_1_MFA__hybrid_optuna_041,2.2524805972352705e-08,5.2139844383305066e-08,1.090607904759281e-05,0.1090155067392576,21.45850023592331,0.0026836794647941,1.5979419583656431,121.19266858131886,0.0090999180197882,True,True,True,True,True,True,True,False,True
DH_1_MFA,DH,MFA,DH_1_MFA__hybrid_optuna_003,1.2738408489259322e-08,9.72916831462537e-07,1.3721135202383233e-07,0.5996326141885975,15.448208724444614,0.0008860739674452,0.0379789850306809,85.04129355083728,0.302023227079936,True,True,True,True,True,True,True,False,True
DH_1_MFA,DH,MFA,DH_1_MFA__hybrid_post_003,1.2738408489259322e-08,9.72916831462537e-07,1.3721135202383233e-07,0.5996326141885975,15.448208724444614,0.0008860739674452,0.0379789850306809,85.04129355083728,0.302023227079936,True,True,True,True,True,True,True,False,True
DH_1_MFA,DH,MFA,DH_1_MFA__hybrid_optuna_012,2.828984196964742e-08,2.645363518679725e-07,1.3063269607669646e-07,0.6309870996982979,7.834053961286091,0.0008490383394677,0.0531349514037747,66.37873190798655,1.4746304257324714,True,True,True,True,True,True,True,False,True
DH_1_MFA,DH,MFA,DH_1_MFA__hybrid_optuna_027,3.3144819306446e-08,4.851798002350328e-07,2.0378348481760213e-08,0.0793820752512878,271.3527823529471,0.0038307282405648,0.0990207536876009,129.5068646470624,0.0010329083726332,True,True,True,True,True,True,True,False,True
DH_1_MFA,DH,MFA,DH_1_MFA__hybrid_optuna_081,2.0467627704216105e-06,2.7331675762093094e-08,1.7993888309764397e-06,0.0623530205840609,489.2514270727386,0.0007934153731555,0.6824151975382649,107.37804903862263,0.0397554781693299,True,True,True,True,False,True,True,False,True
DH_1_MFA,DH,MFA,DH_1_MFA__hybrid_optuna_082,3.0655651305527085e-08,2.543754133300341e-07,1.7386542926818378e-07,0.6867371032361879,7.1836096581117,0.0008576975777149,0.0100044320085206,66.47489235620009,1.4270128883305508,True,True,True,True,True,True,True,False,True
DH_1_MFA,DH,MFA,DH_1_MFA__hybrid_post_001,1.2991932898024256e-08,5.845528684841672e-07,1.5397117078331443e-08,0.5143102887676577,18.04362777023065,0.0008980404167726,0.0174355796008178,67.3213017998163,0.2756100776630495,True,True,True,True,True,True,True,False,True
DH_1_MFA,DH,MFA,DH_1_MFA__hybrid_optuna_001,1.29968764373758e-08,5.842098162836696e-07,1.355963845688052e-07,0.5143162003263726,18.044420899065543,0.000898160411854,0.0174378364297949,67.3213017998163,0.2756100776630495,True,True,True,True,True,True,True,False,True
DH_1_MFA,DH,MFA,DH_1_MFA__hybrid_optuna_004,1.095482095778864e-08,2.675678816160613e-07,1.391443136371465e-07,0.5107425049477511,6.8891426678395735,0.0008867694059702,0.0147684043407639,47.8662002062428,1.1321855516020372,True,True,True,True,True,True,True,False,True
DH_1_MFA,DH,MFA,DH_1_MFA__hybrid_optuna_067,1.0358613960181361e-08,2.82510878939018e-07,1.0481656893468433e-07,0.553343658118429,6.7396909422702285,0.0008787756611925,0.0048052139889114,58.490658761584456,1.3166507988693186,True,True,True,True,True,True,True,False,True
DH_1_MFA,DH,MFA,DH_1_MFA__hybrid_optuna_006,1.2162608739143982e-08,2.71000928015398e-07,1.1258002000371077e-07,0.4802348504225668,5.609278643681816,0.000978094896475,0.0161799828820627,51.05774313476294,0.9400492917165104,True,True,True,True,True,True,True,False,True
DH_1_MFA,DH,MFA,DH_1_MFA__hybrid_optuna_063,9.273294427649284e-07,2.0240477794783324e-08,2.195956970176395e-07,0.1389913562112902,46.96745308959112,0.0010900479505082,0.7154930918517304,140.03786388685234,0.0381007009144336,True,True,True,True,True,True,True,False,True
DH_1_MFA,DH,MFA,DH_1_MFA__hybrid_optuna_086,2.293564461525133e-08,2.051495364211149e-07,6.40216421794773e-07,0.3799335974220001,9.27256589560471,0.0009938154840753,0.0034174788390768,55.74106624397115,0.2323240940593937,True,True,True,True,True,True,True,False,True
DH_1_MFA,DH,MFA,DH_1_MFA__hybrid_pre_08,2.0564876951915817e-05,4.5829713199372486e-06,0.0047847554742098,0.1567593719354933,59.41070724160214,0.0061295019367289,0.0042475699759108,1.0000032760322536e-10,0.0204054210847222,True,True,True,True,True,True,True,False,True
DH_1_MFA,DH,MFA,DH_1_MFA__hybrid_optuna_048,2.0564876951915817e-05,4.5829713199372486e-06,0.0047847554742098,0.1567593719354933,59.41070724160214,0.0061295019367289,0.0042475699759108,1.0000032760322536e-10,0.0204054210847222,True,True,True,True,True,True,True,False,True
DH_1_MFA,DH,MFA,DH_1_MFA__hybrid_pre_05,4.90893376867844e-05,1.0611386279244848e-05,0.002098969704655,0.1178704584795659,45.18052098149291,0.0044414210818416,0.007672664919485,9.650301175400271e-11,0.1265522384903891,True,True,True,True,True,True,True,False,True
DH_1_MFA,DH,MFA,DH_1_MFA__hybrid_optuna_052,4.90893376867844e-05,1.0611386279244848e-05,0.002098969704655,0.1178704584795659,45.18052098149291,0.0044414210818416,0.007672664919485,9.650301175400271e-11,0.1265522384903891,True,True,True,True,True,True,True,False,True
DH_1_MFA,DH,MFA,DH_1_MFA__hybrid_pre_06,4.26686547130434e-05,2.0771138552195668e-05,0.0037715408344272,0.2098361165009879,21.623893945390776,0.0188528009199002,0.0112539381287674,1e-10,0.1004417569660328,True,True,True,True,True,True,True,False,True
DH_1_MFA,DH,MFA,DH_1_MFA__hybrid_optuna_058,4.26686547130434e-05,2.0771138552195668e-05,0.0037715408344272,0.2098361165009879,21.623893945390776,0.0188528009199002,0.0112539381287674,1e-10,0.1004417569660328,True,True,True,True,True,True,True,False,True
DH_1_MFA,DH,MFA,DH_1_MFA__hybrid_optuna_056,0.0005285580433136,5.4770237277513053e-08,7.853524831702895e-06,0.2274004777571218,234.0293519425494,0.0020406454798396,3.263725176160494,128.31546986193587,0.0015410878257706,True,True,True,True,True,True,True,False,True
DH_1_MFA,DH,MFA,DH_1_MFA__hybrid_optuna_064,1.7133243196633937e-08,2.417562365819813e-08,0.0867504525942436,2.212214588452894,77.98176433908675,0.0050941938551974,0.02388470134719,23.18642854815696,0.0033984340253023,True,True,False,True,True,True,True,False,True
DH_1_MFA,DH,MFA,DH_1_MFA__hybrid_optuna_069,3.025860974733105e-08,4.194126521195597e-07,1.6336694453620073e-07,0.515856034932504,4.199478272688201,0.0010939426067394,0.0138799086770907,46.07564253687431,1.3627684901180928,True,True,True,True,True,True,True,False,True
DH_1_MFA,DH,MFA,DH_1_MFA__hybrid_optuna_068,5.1006403393723817e-08,4.738902806235858e-07,4.151997179020116e-07,0.6018701436201926,9.953188424196492,0.0011396044942657,0.0235196709904401,39.43455075698352,0.9200885272467564,True,True,True,True,True,True,True,False,True
DH_1_MFA,DH,MFA,DH_1_MFA__hybrid_optuna_090,9.257782841396421e-08,1.3238911654644404e-07,2.608106296799053e-07,0.5769884965487306,5.332392202196167,0.0022207993165122,0.0004191247931822,63.32381285211851,0.7574595119942664,True,True,True,True,True,True,True,False,True
DH_1_MFA,DH,MFA,DH_1_MFA__hybrid_optuna_087,5.807961773550425e-08,7.778646379242756e-07,7.187244453058627e-08,0.4815206638864733,14.934858673921584,0.0012010221604915,0.0141748842767258,34.494491893175855,1.0456496040586374,True,True,True,True,True,True,True,False,True
DH_1_MFA,DH,MFA,DH_1_MFA__hybrid_pre_07,0.0001946965479014,7.65942456041045e-06,0.0006121496915871,0.1190007578668771,32.896667558052584,0.0066382428996993,0.0065807277583207,12.22386340801058,0.0610608975465157,True,True,True,True,True,True,True,False,True
DH_1_MFA,DH,MFA,DH_1_MFA__hybrid_optuna_098,0.0001946965479014,7.65942456041045e-06,0.0006121496915871,0.1190007578668771,32.896667558052584,0.0066382428996993,0.0065807277583207,12.22386340801058,0.0610608975465157,True,True,True,True,True,True,True,False,True
DH_1_MFA,DH,MFA,DH_1_MFA__hybrid_optuna_096,3.594077500343708e-07,1.009336008730908e-06,0.025255405891245,0.0882742215161053,3.49200197027539,0.0372083294281596,0.1084250194598191,106.88288753032953,2.6074132962408605,True,True,True,True,True,True,True,False,True
DH_1_MFA,DH,MFA,DH_1_MFA__hybrid_optuna_093,9.899348302336034e-07,9.927940696412988e-07,1.5754868525175924e-08,1.7612219722144753,28.10658557461226,0.0075109835469155,0.2364900949885991,107.18045144189288,0.0281597739735728,True,True,True,True,True,True,True,False,True
DH_1_MFA,DH,MFA,DH_1_MFA__hybrid_optuna_037,2.4652973288840495e-07,6.617254002900422e-07,3.070556425553284e-06,0.7483787110245096,157.5168162666475,0.0010252934511082,1.3739451141026064,66.93903414707466,7.167612317275185,True,True,True,True,True,True,True,False,False
DH_1_MFA,DH,MFA,DH_1_MFA__hybrid_optuna_044,1.2719671225311587e-05,1.288248549643545e-07,0.000121839928675,0.1030715113072226,360.8039145273307,0.0012447416570004,0.0019122358081976,117.31187280461296,0.0025293659514874,True,True,True,True,False,True,True,False,True
DH_1_MFA,DH,MFA,DH_1_MFA__hybrid_optuna_038,2.340401393735363e-07,7.428360832782404e-07,1.2144345560430461e-08,0.1220998643904314,165.90823700007513,0.0006791438638593,4.428796308464111,134.22577031696022,0.0041612854627966,True,True,True,True,True,True,True,False,True
DH_1_MFA,DH,MFA,DH_1_MFA__hybrid_optuna_099,2.462624729691596e-08,4.162002975644332e-08,1.227423806457348e-07,0.1406917523028258,188.05341654165747,0.0008050540436862,3.763808155741508,101.37112452188153,0.0211106532462591,True,True,True,True,True,True,True,False,True
DH_1_MFA,DH,MFA,DH_1_MFA__hybrid_optuna_047,1.024895914306254e-08,3.141758647876272e-07,1.4257072521688277e-08,0.0506463468445704,107.75158248184512,0.0026168487211725,15.699271630250532,108.56745334852258,0.0034090454801868,True,True,True,True,True,True,True,False,True
DH_2_MFA,DH,MFA,DH_2_MFA__hybrid_optuna_089,6.190306186306563e-08,9.920679668590177e-07,1.6949260351291846e-05,0.0599586399019006,178.2111406755677,0.0001020796484402,0.0044679748569528,110.78683494522816,0.0692284145247528,True,True,True,True,True,True,True,False,True
DH_2_MFA,DH,MFA,DH_2_MFA__hybrid_optuna_091,0.0012668199112166,1.6445254429280595e-05,2.674786110656064e-08,1.5246205448598618,65.50889702171298,0.0016672685591642,0.0002560712848088,27.611355965972,0.002691937117336,True,True,True,True,True,True,True,False,True
DH_2_MFA,DH,MFA,DH_2_MFA__hybrid_optuna_094,3.934271817733303e-07,1.5172942370876184e-06,1.7928709763916669e-07,0.4042134344394826,12.12881047745732,1.338093994016873e-05,0.0014757114625801,98.85008330257924,1.160483838804576,True,True,True,True,True,True,True,False,True
DH_2_MFA,DH,MFA,DH_2_MFA__hybrid_optuna_098,1.442153466779471e-06,1.0859638993585997e-08,3.9957459106320754e-05,0.4733798311896526,8.687890383939934,0.0001828504859961,3.291133247258185e-05,119.25731980124198,5.835382590322361,True,True,True,True,True,True,False,False,False
DH_2_MFA,DH,MFA,DH_2_MFA__hybrid_optuna_099,0.0059445038840903,0.001067993724337,4.075173392676908e-07,0.0549921651316796,394.1944784476868,0.0003320258070519,11.156918462586772,93.6125290758548,0.0018877356491683,False,True,True,True,False,True,True,False,True
DH_2_MFA,DH,MFA,DH_2_MFA__hybrid_optuna_077,1.0655369528397934e-06,1.0587985075013406e-07,1.7252011089010129e-06,0.9004063368251335,6.5623234441211045,0.0002892807080486,0.0003333104217481,89.21036065294979,2.772306835076008,True,True,True,True,True,True,True,False,True
DH_2_MFA,DH,MFA,DH_2_MFA__hybrid_optuna_095,1.7670169402947916e-06,0.0050615768887523,0.0013303245101522,1.192617378922354,1.4690139693517672,4.207053950287933e-05,2.3226650368137e-05,129.92642186624028,0.6677615511747083,True,True,True,True,True,True,False,False,True
DH_2_MFA,DH,MFA,DH_2_MFA__hybrid_optuna_083,3.6784868397280964e-08,3.203693037302345e-08,0.0001711469496617,5.947937571037226,0.9510184270428376,0.0003498346179601,1.223401281138122e-05,82.01080933143587,0.3053300494325731,True,True,True,True,False,True,False,False,True
DH_2_MFA,DH,MFA,DH_2_MFA__hybrid_optuna_088,7.709861555594642e-08,7.449743996628878e-06,1.1451618203792846e-08,5.997762542739531,4.342360221604226,0.054065299974171,2.843565550747728,147.27810947195724,0.0986599710325361,True,True,True,True,True,True,True,False,True
DH_2_MFA,DH,MFA,DH_2_MFA__hybrid_optuna_072,2.3757307422023688e-08,3.969850975196295e-08,0.0001422463984578,4.678555869479388,1.175684578265173,0.0253543725917984,0.0014287421478741,149.620474272146,0.6631584804279662,True,True,True,True,True,True,True,False,True
DH_2_MFA,DH,MFA,DH_2_MFA__hybrid_optuna_096,0.000177188473548,1.3289448722869162e-08,0.0615699732823519,4.115716865497774,2.167640897475782,5.337032762603954e-05,0.0001430992369351,45.63633644393066,0.2922905212920093,True,True,False,True,True,True,True,False,True
DH_2_MFA,DH,MFA,DH_2_MFA__hybrid_optuna_090,8.975851653471275e-05,0.0098203015953507,4.383543993564173e-08,0.7777865831536499,212.78544220678648,0.005594325869124,9.369664162788298e-05,20.31028267848843,0.0158287654042639,True,True,True,True,True,True,False,False,True
DH_2_MFA,DH,MFA,DH_2_MFA__hybrid_optuna_093,7.87617591087335e-06,2.7462741626054896e-06,9.374960502935277e-08,8.90771821823905,0.7865694636595704,0.0311289486302157,1.289583233782918,19.81999098241712,0.0180607601179447,True,True,True,True,False,True,True,False,True
DH_2_MFA,DH,MFA,DH_2_MFA__hybrid_optuna_071,6.018007262027194e-08,5.429080476454313e-05,2.090835870774078e-08,2.694741587734445,3.6338185757118286,0.0507268045056096,0.0494754805520938,26.14843720183544,0.2930258381731255,True,True,True,True,True,True,True,False,True
DH_2_MFA,DH,MFA,DH_2_MFA__hybrid_optuna_078,2.1649286655463042e-08,6.098038488847022e-06,1.7505371173374717e-07,1.2605774121179658,16.690126454462817,0.0047001692916373,0.0803771376202447,137.10691405121366,0.058603789182372,True,True,True,True,True,True,True,False,True
DH_2_MFA,DH,MFA,DH_2_MFA__hybrid_optuna_081,1.2361126608687983e-08,9.1180455194656e-07,3.1084160873279924e-08,3.507459777402288,1.8837368216405448,0.0992550508996826,0.4924217404642581,43.36680808936741,0.1746557086537229,True,True,True,True,True,True,True,False,True
DH_2_MFA,DH,MFA,DH_2_MFA__hybrid_optuna_080,1.1996661220636652e-08,4.836884594077431e-07,1.201280511975784e-05,0.687223360417148,5.954804638379348,0.0914625649847343,0.5689196370496582,39.54769661935651,34.855207751949074,True,True,True,True,True,True,True,False,False
DH_2_MFA,DH,MFA,DH_2_MFA__hybrid_optuna_054,1.3009080676043812e-08,2.583175009763993e-06,2.0977124307555705e-07,0.1541669374248579,47.44872781884408,0.0009083882070436,0.0035840206346284,10.473416498607683,0.0224897054521933,True,True,True,True,True,True,True,False,True
DH_2_MFA,DH,MFA,DH_2_MFA__hybrid_pre_08,2.0564870177445347e-05,4.582971628833573e-06,0.0047847552216789,0.1567590953476694,59.41075551599453,0.0061295007769895,0.0042475701947901,1.0000020682301198e-10,0.0204054179830997,True,True,True,True,True,True,True,False,True
DH_2_MFA,DH,MFA,DH_2_MFA__hybrid_optuna_079,2.0564870177445347e-05,4.582971628833573e-06,0.0047847552216789,0.1567590953476694,59.41075551599453,0.0061295007769895,0.0042475701947901,1.0000020682301198e-10,0.0204054179830997,True,True,True,True,True,True,True,False,True
DH_2_MFA,DH,MFA,DH_2_MFA__hybrid_pre_05,4.90893376867844e-05,1.0611386279244848e-05,0.002098969704655,0.1178704584795659,45.18052098149291,0.0044414210818416,0.007672664919485,9.650301173694748e-11,0.1265522384903891,True,True,True,True,True,True,True,False,True
DH_2_MFA,DH,MFA,DH_2_MFA__hybrid_optuna_082,4.90893376867844e-05,1.0611386279244848e-05,0.002098969704655,0.1178704584795659,45.18052098149291,0.0044414210818416,0.007672664919485,9.650301173694748e-11,0.1265522384903891,True,True,True,True,True,True,True,False,True
DH_2_MFA,DH,MFA,DH_2_MFA__hybrid_pre_06,4.26686547130434e-05,2.0771138552195668e-05,0.0037715408344272,0.2098361165009879,21.623893945390776,0.0188528009199002,0.0112539381287674,1e-10,0.1004417569660328,True,True,True,True,True,True,True,False,True
DH_2_MFA,DH,MFA,DH_2_MFA__hybrid_optuna_086,4.26686547130434e-05,2.0771138552195668e-05,0.0037715408344272,0.2098361165009879,21.623893945390776,0.0188528009199002,0.0112539381287674,1e-10,0.1004417569660328,True,True,True,True,True,True,True,False,True
DH_2_MFA,DH,MFA,DH_2_MFA__hybrid_optuna_097,2.9293521076752865e-08,2.991030927561488e-07,0.0867504525942436,5.08593693192849,32.82428629016769,0.0088828658178959,0.0026312548436426,48.36224669940497,0.0010632611026702,True,True,False,True,True,True,True,False,True
DH_2_MFA,DH,MFA,DH_2_MFA__hybrid_optuna_064,2.1730874259672392e-06,8.465384134900554e-08,0.025255405891245,0.9422257209552808,41.15829051424599,0.0046546708130109,0.2371786897944921,42.02035418275834,0.002170166971699,True,True,True,True,True,True,True,False,True
DH_2_MFA,DH,MFA,DH_2_MFA__hybrid_optuna_038,1.1517230972181485e-07,3.2847439729776926e-08,2.3573267269222584e-06,2.712902117057897,0.7878556402193926,0.0452041467062198,0.0014337356851541,147.19696301374404,0.5991171102221376,True,True,True,True,False,True,True,False,True
DH_2_MFA,DH,MFA,DH_2_MFA__hybrid_optuna_055,1.479591912591041e-07,5.444634949426536e-08,2.876075553222657e-06,2.735115278928546,0.5030730711044371,0.0628804564596509,0.0013734672938101,107.44739044188412,0.7916582976296861,True,True,True,True,False,True,True,False,True
DH_2_MFA,DH,MFA,DH_2_MFA__hybrid_optuna_074,7.214930918917348e-07,1.2386530424719041e-07,2.3278954803955642e-08,2.32332816286984,26.085323003093468,0.0075028592584083,0.0819634826424098,37.13581813614597,0.0044034497372136,True,True,True,True,True,True,True,False,True
DH_2_MFA,DH,MFA,DH_2_MFA__hybrid_optuna_024,1.4157678932617118e-08,6.227830694142317e-07,8.151664434450065e-07,0.2135170759802272,206.5430136279591,0.0067602875767114,0.0004113114714637,19.27844692512336,0.0075651827454993,True,True,True,True,True,True,True,False,True
DH_2_MFA,DH,MFA,DH_2_MFA__hybrid_optuna_032,1.1062456413709609e-08,1.899963847369452e-06,2.2539415526166545e-06,0.0504216805279386,155.28841534194115,0.0103212217959364,0.0024561455636729,7.767213572824383,0.0127639298354614,True,True,True,True,True,True,True,False,True
DH_2_MFA,DH,MFA,DH_2_MFA__hybrid_optuna_046,2.065704093529473e-07,8.356978416914746e-08,4.3548359090684605e-06,2.698605993450729,2.7115749062729395,0.0019818778138536,0.0011556229578217,66.97625512146337,0.9478505090885164,True,True,True,True,True,True,True,False,True
DH_2_MFA,DH,MFA,DH_2_MFA__hybrid_optuna_073,2.907170898645128e-06,2.039824003270612e-08,1.4386421303177192e-08,0.9580378124235918,17.880988629117013,0.0113135847683946,0.0051864012029616,47.650994781775616,0.0035348193838964,True,True,True,True,True,True,True,False,True
DH_2_MFA,DH,MFA,DH_2_MFA__hybrid_optuna_075,1.0137841523195663e-08,1.6395337309512483e-05,6.026455013572778e-06,0.0824733345493531,70.03839405644115,0.0094357184096464,0.0010046434528379,8.256678351442337,0.0125211445213657,True,True,True,True,True,True,True,False,True
DH_2_MFA,DH,MFA,DH_2_MFA__hybrid_optuna_031,1.578832409329954e-08,1.3111724559175948e-06,5.923644697669266e-07,0.1005823944186865,62.47504644936506,0.0021739333841605,0.0011238519341068,6.071891706933972,0.0127100621782091,True,True,True,True,True,True,True,False,True
DH_2_MFA,DH,MFA,DH_2_MFA__hybrid_optuna_070,1.592863656115813e-07,1.5084937745370463e-06,2.5677062988088546e-07,9.548355205193293,2.168111479101609,0.0022417450296487,0.0968775352436912,62.905113502944026,21.04026814267736,True,True,True,True,True,True,True,False,False
DH_2_MFA,DH,MFA,DH_2_MFA__hybrid_optuna_029,1.5029359592099043e-08,1.7171657391479669e-06,4.560828548932722e-07,0.0992273233227294,154.70105781846192,0.0083072103206887,0.0003493193487965,8.250446879039043,0.0379418224924721,True,True,True,True,True,True,True,False,True
DH_2_MFA,DH,MFA,DH_2_MFA__hybrid_optuna_002,1.4814611511773554e-08,1.993281061752475e-06,1.9611925357797964e-06,0.1640969272985758,109.01995024738332,0.0044529248654094,0.0003885987834123,8.93324351824533,0.0316954006164588,True,True,True,True,True,True,True,False,True
DH_2_MFA,DH,MFA,DH_2_MFA__hybrid_post_002,1.4827906435934346e-08,1.9931059082545426e-06,1.9621652108134767e-06,0.1640905175448534,109.020068631472,0.004452490285995,0.0003885943489316,8.934006715059231,0.0317002845352835,True,True,True,True,True,True,True,False,True
DH_2_MFA,DH,MFA,DH_2_MFA__hybrid_optuna_001,1.725282346844088e-08,1.7869011883586912e-06,3.747053602361639e-07,0.0838905267069847,109.01121234671936,0.0044200137150574,0.0004754536385882,11.813146448393733,0.0316131350798755,True,True,True,True,True,True,True,False,True
DH_2_MFA,DH,MFA,DH_2_MFA__hybrid_post_001,1.725584564979259e-08,1.7870178335275412e-06,3.7464385009746905e-07,0.0838809347866496,109.01114207196083,0.0044180066643925,0.0004754506529771,11.814990837929198,0.031647432742539,True,True,True,True,True,True,True,False,True
DH_2_MFA,DH,MFA,DH_2_MFA__hybrid_pre_07,0.0001946965479014,7.65942456041045e-06,0.0006121496915871,0.1190007578668771,32.89666755805257,0.0066382428996993,0.0065807277583207,12.22386340801058,0.0610608975465157,True,True,True,True,True,True,True,False,True
DH_2_MFA,DH,MFA,DH_2_MFA__hybrid_optuna_069,0.0001946965479014,7.65942456041045e-06,0.0006121496915871,0.1190007578668771,32.89666755805257,0.0066382428996993,0.0065807277583207,12.22386340801058,0.0610608975465157,True,True,True,True,True,True,True,False,True
DH_2_MFA,DH,MFA,DH_2_MFA__hybrid_optuna_035,1.0191760423403786e-08,3.1580446946142617e-06,6.619545206048481e-07,0.1783728817704601,97.96199265099332,0.0015984422483073,0.0001144105291579,8.06491300899922,0.0238231817224791,True,True,True,True,True,True,True,False,True
DH_2_MFA,DH,MFA,DH_2_MFA__hybrid_optuna_058,9.631154903997325e-08,5.044679511821316e-07,1.0732551610059213e-08,1.801416441475026,0.5536265961278548,0.0012716760442599,0.0004758596356458,68.6578462019828,4.474890706604191,True,True,True,True,False,True,True,False,True
DH_2_MFA,DH,MFA,DH_2_MFA__hybrid_optuna_018,2.3596709455970524e-08,1.8107521461592485e-06,1.976171846452331e-06,0.2252281110492604,101.75541774140726,0.006255382510728,0.0010230680476443,11.742457096177848,0.032565313621298,True,True,True,True,True,True,True,False,True
DH_2_MFA,DH,MFA,DH_2_MFA__hybrid_optuna_003,2.5901992808579127e-08,1.6699856222469512e-06,6.375900406261241e-07,0.1567896129524395,105.77407178207302,0.0040918365808542,0.0005190298060716,7.877497664692446,0.0113466367373396,True,True,True,True,True,True,True,False,True
DH_2_MFA,DH,MFA,DH_2_MFA__hybrid_post_003,2.5916940871545413e-08,1.669427002798422e-06,6.383168157318977e-07,0.1567961277136044,105.81229294101004,0.0040922107665684,0.0005187652340724,7.876923489860685,0.0113459031770875,True,True,True,True,True,True,True,False,True
DH_2_MFA,DH,MFA,DH_2_MFA__hybrid_optuna_059,5.40962804894205e-07,1.832865803327235e-07,9.383855152279125e-08,1.355631142472415,0.7714178862002894,0.0103843887415048,0.0028869892780466,23.4204002001138,0.0293859565661115,True,True,True,True,False,True,True,False,True
DH_2_MFA,DH,MFA,DH_2_MFA__hybrid_optuna_028,7.732386039141724e-07,1.1137751248483137e-07,2.3608608208875705e-08,1.1055139195562431,40.88225858302508,0.0035498928076765,0.2386944955799163,38.7560806405565,0.0021851327011044,True,True,True,True,True,True,True,False,True
DH_2_MFA,DH,MFA,DH_2_MFA__hybrid_optuna_004,2.332244409960537e-08,3.2035261242325417e-06,5.295001341159887e-07,0.2088919507384093,100.79115658427412,0.0041951800856263,0.0010990665520695,11.60218016536789,0.0284578142395046,True,True,True,True,True,True,True,False,True
DH_2_MFA,DH,MFA,DH_2_MFA__hybrid_optuna_033,3.308454400783937e-08,3.327713616900497e-06,3.037683566731929e-07,0.3016134599274613,87.79539410047853,0.0018677922192606,0.0061635561009191,14.310520896876742,0.0176923247789974,True,True,True,True,True,True,True,False,True
DH_2_MFA,DH,MFA,DH_2_MFA__hybrid_optuna_026,2.810268062439656e-08,3.250874808281899e-06,5.227704753899941e-06,0.1012408060391653,155.89996780007343,0.0075285516226119,0.0003309568431139,5.046862442034646,0.0095001101261604,True,True,True,True,True,True,True,False,True
DH_2_MFA,DH,MFA,DH_2_MFA__hybrid_optuna_027,1.834053619027021e-08,7.213594280160515e-06,1.2590664256940486e-06,0.195891531580284,82.68261192625326,0.002621199379322,0.0017047539788372,14.22957277797929,0.0441179468802015,True,True,True,True,True,True,True,False,True
DH_2_MFA,DH,MFA,DH_2_MFA__hybrid_optuna_005,1.85705583807888e-08,7.519855194538814e-06,1.4274092596801396e-06,0.2093989303800731,104.6153372958738,0.0046503256634823,0.0013135610391515,9.973023180325164,0.0151586870148836,True,True,True,True,True,True,True,False,True
DH_2_MFA,DH,MFA,DH_2_MFA__hybrid_optuna_036,2.28087533963978e-08,6.532335498496247e-06,3.001188322402912e-07,0.0700260756507673,76.37027213243827,0.0152964409937268,0.0020136694183705,13.417775794192588,0.04756845368065,True,True,True,True,True,True,True,False,True
DH_2_MFA,DH,MFA,DH_2_MFA__hybrid_optuna_056,1.1674619554190213e-06,1.913489632070406e-07,1.717130525688817e-05,0.7670534307185009,6.325671955666121,0.0009767624466783,0.0003950191292968,84.14332615822137,2.5255112817858403,True,True,True,True,True,True,True,False,True
DH_2_MFA,DH,MFA,DH_2_MFA__hybrid_optuna_065,4.480690729021595e-06,2.4193686397140736e-07,3.4535132555671457e-06,1.7375566000385003,3.3474376627428217,0.0023808829618956,9.342471967350883e-05,52.53505891627415,10.930211710229086,True,True,True,True,True,True,False,False,False
DH_2_MFA,DH,MFA,DH_2_MFA__hybrid_optuna_043,3.832614695957096e-07,1.0496275433284647e-06,7.081875348832746e-07,2.661586212840328,3.4674235237567537,0.0386760853905575,0.0476823553130844,57.64953744105639,1.5643245389760256,True,True,True,True,True,True,True,False,True
DH_2_MFA,DH,MFA,DH_2_MFA__hybrid_optuna_037,3.2078740512767414e-07,1.2364168627147775e-06,4.9424470240234926e-08,2.536054377322467,3.4567914429156428,0.098431554686242,0.0325799949764522,53.86283252106104,0.4942678643004118,True,True,True,True,True,True,True,False,True
DH_2_MFA,DH,MFA,DH_2_MFA__hybrid_optuna_016,2.1195386951096483e-08,1.6171762966199725e-05,8.349920656784296e-06,0.2596002828225805,105.2578849111117,0.0056098612005762,0.0013280845984398,10.772446739889226,0.0166743104059833,True,True,True,True,True,True,True,False,True
DH_2_MFA,DH,MFA,DH_2_MFA__hybrid_optuna_042,3.537840712201487e-07,1.19667049436174e-06,5.2193931176613713e-08,3.6935260261578207,3.783608838792688,0.0990654311012445,0.0310821506673784,32.06431245065718,0.1696466230037248,True,True,True,True,True,True,True,False,True
DH_2_MFA,DH,MFA,DH_2_MFA__hybrid_optuna_051,7.089939850501831e-07,5.289216067722468e-07,1.3616405208963457e-07,3.2401362938859606,54.94181827116607,0.0380668380142966,0.0035077657872369,7.3564955691827985,0.0027217214677578,True,True,True,True,True,True,True,False,True
DH_2_MFA,DH,MFA,DH_2_MFA__hybrid_optuna_045,1.652620982569839e-08,2.34336614079896e-05,1.0193232874192293e-08,0.5163824211268194,286.0657072146274,0.0031385513386215,0.0001480958402292,5.023008993387657,0.0012224314832739,True,True,True,True,True,True,True,False,True
DH_2_MFA,DH,MFA,DH_2_MFA__hybrid_optuna_025,9.19075842482326e-08,4.723667678284868e-06,2.2616317529560344e-08,2.181052904215917,30.71709445690989,0.0068926970370499,0.0090028256193329,20.587944777084743,0.001020225636403,True,True,True,True,True,True,True,False,True
DH_2_MFA,DH,MFA,DH_2_MFA__hybrid_optuna_053,1.139713597201625e-06,4.179401436703843e-07,4.025250365807171e-05,0.6364594967608662,7.835405755812982,0.0013417547211796,0.0004458500928292,74.56280904162787,1.6640470111858103,True,True,True,True,True,True,True,False,True
DH_2_MFA,DH,MFA,DH_2_MFA__hybrid_optuna_022,9.652480989781136e-08,4.20779213772905e-06,1.054979575743594e-08,2.899308907551617,52.9608086429682,0.003168018656701,0.000741958686308,16.76627696673925,0.0891323449557301,True,True,True,True,True,True,True,False,True
DH_2_MFA,DH,MFA,DH_2_MFA__hybrid_optuna_034,6.276595806144739e-07,6.820654828875954e-07,1.8361047917240596e-08,3.448257853336103,21.15545290425377,0.0119926459483605,0.0050748314643183,35.89339822343921,0.0030675275206637,True,True,True,True,True,True,True,False,True
DH_2_MFA,DH,MFA,DH_2_MFA__hybrid_optuna_039,3.284658431504052e-07,1.98613945133893e-06,2.6371831902762066e-08,2.696812445003448,3.288158662151432,0.0376548781432241,0.0484697736227738,25.623469119313377,0.2942971562884627,True,True,True,True,True,True,True,False,True
DH_2_MFA,DH,MFA,DH_2_MFA__hybrid_optuna_040,2.146093133269243e-07,2.7274683720914734e-06,2.222888065175871e-07,2.041901097726375,11.159808301972754,0.0210813935057536,0.0209677923202858,10.190957052579927,0.0097481244741644,True,True,True,True,True,True,True,False,True
DH_2_MFA,DH,MFA,DH_2_MFA__hybrid_optuna_050,2.60326782667276e-07,2.3794471865139083e-06,4.66724607806525e-08,2.054859193118537,9.591863707974644,0.0508609670865188,0.0196705733059653,9.57635981462153,0.0014226763568584,True,True,True,True,True,True,True,False,True
DH_2_MFA,DH,MFA,DH_2_MFA__hybrid_optuna_067,4.7524517486421566e-08,4.499191886342362e-05,7.037362732546692e-08,6.726398656158552,13.300340894077872,0.0151331389182282,0.0223310128644416,14.665115905109268,0.4526136837671554,True,True,True,True,True,True,True,False,True
DH_2_MFA,DH,MFA,DH_2_MFA__hybrid_optuna_030,1.2425965608564564e-07,5.272585696980827e-06,1.1791190702143476e-08,1.3615199665604347,167.75976287090612,0.0023373428125306,0.0001956338777807,17.859972216661504,0.0010140226498346,True,True,True,True,True,True,True,False,True
DH_2_MFA,DH,MFA,DH_2_MFA__hybrid_optuna_019,9.072259099588864e-08,8.646322675559065e-06,1.6976224054705998e-08,0.7739837326983368,278.95955551428415,0.003282716286006,0.0002285273188804,23.860530769288403,0.002702668470248,True,True,True,True,True,True,True,False,True
DH_2_MFA,DH,MFA,DH_2_MFA__hybrid_optuna_048,1.7205087523609813e-08,5.572861650190424e-05,4.1825641186868374e-07,0.0765209430141407,76.20380022383428,0.0011838357118373,0.0018381947149193,12.242341080907936,0.0071921807663034,True,True,True,True,True,True,True,False,True
DH_2_MFA,DH,MFA,DH_2_MFA__hybrid_optuna_023,5.091050938155369e-08,2.1290533810972423e-05,1.3067960431540023e-08,1.0935555386775275,198.57403899955443,0.0032882349463376,0.0003986257700413,15.723979979207492,0.001023330668514,True,True,True,True,True,True,True,False,True
DH_2_MFA,DH,MFA,DH_2_MFA__hybrid_optuna_041,1.3804946227670618e-07,1.373473799766528e-05,2.725356987416614e-07,4.969284495919838,23.658086082665708,0.0189489639360592,0.010659170109719,38.03958318317393,0.0074182057958625,True,True,True,True,True,True,True,False,True
DH_2_MFA,DH,MFA,DH_2_MFA__hybrid_optuna_052,1.153689338240086e-07,3.49159665586166e-05,1.01481349708748e-08,0.3126632492231067,251.8618448798627,0.0018801804376927,5.247155935681996e-05,4.894415642284088,0.0015760997515672,True,True,True,True,True,True,False,True,True
DH_2_MFA,DH,MFA,DH_2_MFA__hybrid_optuna_063,3.278932950006109e-06,3.19964985354757e-06,4.16116463877581e-08,3.9850455789851993,4.636060737995347,0.0834097829060846,0.1505392075398812,29.809083250831087,0.197595137914344,True,True,True,True,True,True,True,False,True
DH_2_MFA,DH,MFA,DH_2_MFA__hybrid_optuna_049,6.685198555581147e-06,7.764156845392012e-07,1.8354024981158293e-08,1.5619902911224766,92.99637503253206,0.013644745249178,0.4957203535447762,29.63877262323173,0.0014455930619682,True,True,True,True,True,True,True,False,True
DH_2_MFA,DH,MFA,DH_2_MFA__hybrid_optuna_047,7.956224109588505e-08,0.0001788576684852,3.2912662244603795e-08,7.212836899723906,88.41768400593985,0.0065117113946279,0.0080608371291839,20.207848704740268,0.4209066217432808,True,True,True,True,True,True,True,False,True
DH_2_MFA,DH,MFA,DH_2_MFA__hybrid_optuna_076,0.0013366429128963,0.0002970419656837,3.859241243176034e-05,0.0533062419236026,170.28556248124946,0.0009641958295232,0.2618463626432974,34.30856955599592,0.0050583634108371,True,True,True,True,True,True,True,False,True
DH_2_MFA,DH,MFA,DH_2_MFA__hybrid_optuna_060,3.656805679387624e-08,0.0005607631611674,2.9948874378099366e-08,1.1482423434451487,138.2474202534785,0.0013739646510079,0.0001865377160951,17.46203764452938,0.0010665332619102,True,True,True,True,True,True,True,False,True
DH_2_MFA,DH,MFA,DH_2_MFA__hybrid_optuna_057,4.6296102713370614e-07,8.138160206206712e-05,6.229749992472776e-07,1.5568677334352814,1.4780183612274245,0.0319677565771347,0.0348977610575982,55.79255149689418,8.899572239776441,True,True,True,True,True,True,True,False,False
DH_3_MFA,DH,MFA,DH_3_MFA__hybrid_optuna_099,5.913674084541693e-08,2.180500489771518e-08,7.961929856263713e-06,2.705363745813464,0.9141112576499326,0.0001145166933149,7.862859865951236e-05,146.75968586781437,12.349638239610574,True,True,True,True,False,True,False,False,False
DH_3_MFA,DH,MFA,DH_3_MFA__hybrid_optuna_091,3.934271817733303e-07,1.5172942370876184e-06,1.7928709763916669e-07,0.4042134344394826,12.12881047745732,1.338093994016873e-05,0.0014757114625801,98.85008330257924,1.160483838804576,True,True,True,True,True,True,True,False,True
DH_3_MFA,DH,MFA,DH_3_MFA__hybrid_optuna_098,1.442153466779471e-06,1.0859638993585997e-08,3.9957459106320754e-05,0.4733798311896526,8.687890383939934,0.0001828504859961,3.291133247258185e-05,119.25731980124198,5.835382590322361,True,True,True,True,True,True,False,False,False
DH_3_MFA,DH,MFA,DH_3_MFA__hybrid_optuna_092,0.0056413481284977,2.2437411723890182e-05,1.7493711765556324e-07,0.0853893149420704,1.88844752420652,0.0702147560346749,15.9905106749797,88.0684746687144,0.0014723020213243,False,True,True,True,True,True,True,False,True
DH_3_MFA,DH,MFA,DH_3_MFA__hybrid_optuna_100,0.0059445038840903,0.001067993724337,4.075173392676908e-07,0.0549921651316796,394.1944784476868,0.0003320258070519,11.156918462586772,93.6125290758548,0.0018877356491683,False,True,True,True,False,True,True,False,True
DH_3_MFA,DH,MFA,DH_3_MFA__hybrid_optuna_093,8.975851653471275e-05,6.199855199302113e-06,7.032884021687291e-07,1.7062299859699386,1.4768708309267464,0.0450476188800084,0.0018237770297875,116.92393343031566,24.62917245495404,True,True,True,True,True,True,True,False,False
DH_3_MFA,DH,MFA,DH_3_MFA__hybrid_optuna_094,0.0007626004102879,3.7173503047679577e-06,1.3551823447749776e-07,0.2825118584933976,1.961450752770843,0.0136525778605204,0.004207477161221,95.88871158928404,49.65141775502271,True,True,True,True,True,True,True,False,False
DH_3_MFA,DH,MFA,DH_3_MFA__hybrid_optuna_076,1.0655369528397934e-06,1.0587985075013406e-07,1.7252011089010129e-06,0.9004063368251335,6.5623234441211045,0.0002892807080486,0.0003333104217481,89.21036065294979,2.772306835076008,True,True,True,True,True,True,True,False,True
DH_3_MFA,DH,MFA,DH_3_MFA__hybrid_optuna_095,1.7670169402947916e-06,0.0050615768887523,0.0013303245101522,1.192617378922354,1.4690139693517672,4.207053950287933e-05,2.3226650368137e-05,129.92642186624028,0.6677615511747083,True,True,True,True,True,True,False,False,True
DH_3_MFA,DH,MFA,DH_3_MFA__hybrid_optuna_080,3.922438937594021e-08,0.0001461648616766,4.401260486359245e-07,4.449440257085123,1.582352874925966,0.02777232946577,0.0956179062767699,127.42027652161065,4.58127741079619,True,True,True,True,True,True,True,False,True
DH_3_MFA,DH,MFA,DH_3_MFA__hybrid_optuna_084,3.6784868397280964e-08,3.203693037302345e-08,0.0001711469496617,5.947937571037226,0.9510184270428376,0.0003498346179601,1.223401281138122e-05,82.01080933143587,0.3053300494325731,True,True,True,True,False,True,False,False,True
DH_3_MFA,DH,MFA,DH_3_MFA__hybrid_optuna_089,1.9219656341072013e-08,2.779982566445629e-05,1.8625980188887965e-07,0.8388553975917573,1.1893058101964082,0.0117355621075901,1.5863788386215836,103.06025483093038,32.03827689472295,True,True,True,True,True,True,True,False,False
DH_3_MFA,DH,MFA,DH_3_MFA__hybrid_optuna_074,2.3757307422023688e-08,3.969850975196295e-08,0.0001422463984578,4.678555869479388,1.175684578265173,0.0253543725917984,0.0014287421478741,149.620474272146,0.6631584804279662,True,True,True,True,True,True,True,False,True
DH_3_MFA,DH,MFA,DH_3_MFA__hybrid_optuna_096,0.000177188473548,1.3289448722869162e-08,0.0615699732823519,4.115716865497774,2.167640897475782,5.337032762603954e-05,0.0001430992369351,45.63633644393066,0.2922905212920093,True,True,False,True,True,True,True,False,True
DH_3_MFA,DH,MFA,DH_3_MFA__hybrid_optuna_090,1.531873737183317e-05,2.6472504469470286e-06,5.593826500773903e-07,2.9834334085893683,1.2969356050683751,0.024409453335142,0.007445101722636,123.88161434622693,6.752806155309464,True,True,True,True,True,True,True,False,False
DH_3_MFA,DH,MFA,DH_3_MFA__hybrid_optuna_079,3.2042285894523595e-08,0.0001892311646948,0.0225777357458667,2.01497998431279,1.3049943104066024,0.0343103821109546,0.0421650955130728,105.2955244702831,9.419632709279613,True,True,True,True,True,True,True,False,False
DH_3_MFA,DH,MFA,DH_3_MFA__hybrid_optuna_068,1.1127651319001105e-07,0.0007699667923889,3.695878470217866e-07,9.88952447712592,1.0145826242588538,0.003290981062545,0.0001920230887955,81.4740536714381,1.911482469470798,True,True,True,True,True,True,True,False,True
DH_3_MFA,DH,MFA,DH_3_MFA__hybrid_optuna_078,1.027002753355774e-08,0.0004403646610921,1.8885088663320155e-05,1.2859079447137285,2.24921791146447,0.0041517517349834,0.0101753614709841,100.95339575631684,18.473086683321817,True,True,True,True,True,True,True,False,False
DH_3_MFA,DH,MFA,DH_3_MFA__hybrid_optuna_060,4.667875066109826e-07,2.374843413939978e-07,7.222879794691438e-05,8.328238216841829,1.8751575326368908,0.0006080728401336,0.0022299566212861,29.26343471523808,0.0120744570447957,True,True,True,True,True,True,True,False,True
DH_3_MFA,DH,MFA,DH_3_MFA__hybrid_optuna_082,1.1996661220636652e-08,4.836884594077431e-07,1.201280511975784e-05,0.687223360417148,5.954804638379348,0.0914625649847343,0.5689196370496582,39.54769661935651,34.855207751949074,True,True,True,True,True,True,True,False,False
DH_3_MFA,DH,MFA,DH_3_MFA__hybrid_optuna_077,1.5691197800916074e-08,2.0724560416914708e-05,2.885036682930131e-07,2.2879048334826804,2.346012431948015,0.0315340672871407,0.0145172360951674,109.63147064164934,8.988543222172261,True,True,True,True,True,True,True,False,False
DH_3_MFA,DH,MFA,DH_3_MFA__hybrid_optuna_073,2.601754678773017e-08,6.475847252504486e-07,3.6498032370481845e-08,7.342279053261166,4.61973642570341,0.004603007629709,0.0226789287972938,122.99013125987932,40.72488850302173,True,True,True,True,True,True,True,False,False
DH_3_MFA,DH,MFA,DH_3_MFA__hybrid_pre_08,2.0564899654471287e-05,4.582991324240856e-06,0.0047847576500004,0.1567589404269439,59.4110776195144,0.0061294951088206,0.0042475853833629,1e-10,0.0204055199342436,True,True,True,True,True,True,True,False,True
DH_3_MFA,DH,MFA,DH_3_MFA__hybrid_optuna_081,2.0564899654471287e-05,4.582991324240856e-06,0.0047847576500004,0.1567589404269439,59.4110776195144,0.0061294951088206,0.0042475853833629,1e-10,0.0204055199342436,True,True,True,True,True,True,True,False,True
DH_3_MFA,DH,MFA,DH_3_MFA__hybrid_pre_05,4.90893376867844e-05,1.0611386279244848e-05,0.002098969704655,0.1178704584795659,45.18052098149291,0.0044414210818416,0.007672664919485,9.650301173766918e-11,0.1265522384903891,True,True,True,True,True,True,True,False,True
DH_3_MFA,DH,MFA,DH_3_MFA__hybrid_optuna_083,4.90893376867844e-05,1.0611386279244848e-05,0.002098969704655,0.1178704584795659,45.18052098149291,0.0044414210818416,0.007672664919485,9.650301173766918e-11,0.1265522384903891,True,True,True,True,True,True,True,False,True
DH_3_MFA,DH,MFA,DH_3_MFA__hybrid_pre_06,4.26686547130434e-05,2.0771138552195668e-05,0.0037715408344272,0.2098361165009879,21.623893945390776,0.0188528009199002,0.0112539381287674,1e-10,0.1004417569660328,True,True,True,True,True,True,True,False,True
DH_3_MFA,DH,MFA,DH_3_MFA__hybrid_optuna_087,4.26686547130434e-05,2.0771138552195668e-05,0.0037715408344272,0.2098361165009879,21.623893945390776,0.0188528009199002,0.0112539381287674,1e-10,0.1004417569660328,True,True,True,True,True,True,True,False,True
DH_3_MFA,DH,MFA,DH_3_MFA__hybrid_optuna_097,1.2930541900339364e-08,3.1954234174204546e-08,2.8981735695568303e-06,6.687798941143771,1.6244521253066948,0.0106285448301728,0.0032927549891425,119.88992391220708,7.123011466235545,True,True,True,True,True,True,True,False,False
DH_3_MFA,DH,MFA,DH_3_MFA__hybrid_optuna_070,5.351665269817569e-08,1.501305160634542e-07,9.501876530471112e-08,5.37492133466016,2.842809944075839,0.0146308672162378,0.0234683961709961,141.37936453452235,3.299071578401643,True,True,True,True,True,True,True,False,True
DH_3_MFA,DH,MFA,DH_3_MFA__hybrid_optuna_037,1.1517230972181485e-07,3.2847439729776926e-08,2.3573267269222584e-06,2.712902117057897,0.7878556402193926,0.0452041467062198,0.0014337356851541,147.19696301374404,0.5991171102221376,True,True,True,True,False,True,True,False,True
DH_3_MFA,DH,MFA,DH_3_MFA__hybrid_optuna_044,6.342656721928319e-08,8.634940720622774e-08,6.593659386912994e-08,5.293730658129644,2.7341020702319776,0.0226128428307102,0.0157907379107839,142.75879775992746,2.8178057311352416,True,True,True,True,True,True,True,False,True
DH_3_MFA,DH,MFA,DH_3_MFA__hybrid_post_001,1.1039216041222642e-08,3.3394180863692005e-07,2.640915638406724e-08,5.401967215694297,0.7874710477249518,0.0595614318207197,1.7544621275740143e-05,40.378304834310384,27.599056061634656,True,True,True,True,False,True,False,False,False
DH_3_MFA,DH,MFA,DH_3_MFA__hybrid_optuna_001,1.1039258159114621e-08,3.339404313978123e-07,2.5138968462660524e-08,5.401969351982581,0.7874699950216265,0.0595614303161112,1.754492237509813e-05,40.378304834310384,27.599056061634656,True,True,True,True,False,True,False,False,False
DH_3_MFA,DH,MFA,DH_3_MFA__hybrid_optuna_004,1.0359579310094606e-08,3.870437402903444e-07,1.3950039056989416e-08,5.217667803339511,0.845130475828011,0.0635719360855222,2.0658239845740685e-05,54.39981640320875,21.515410004143405,True,True,True,True,False,True,False,False,False
DH_3_MFA,DH,MFA,DH_3_MFA__hybrid_optuna_023,1.0316479046538128e-08,4.457752329563022e-07,1.3978537867986678e-08,5.544825477350407,1.1090353033274052,0.0530078757001709,2.3107652022290327e-05,53.88167191093078,0.0055070657899067,True,True,True,True,True,True,False,False,True
DH_3_MFA,DH,MFA,DH_3_MFA__hybrid_optuna_050,1.479591912591041e-07,5.444634949426536e-08,2.876075553222657e-06,2.735115278928546,0.5030730711044371,0.0628804564596509,0.0013734672938101,107.44739044188412,0.7916582976296861,True,True,True,True,False,True,True,False,True
DH_3_MFA,DH,MFA,DH_3_MFA__hybrid_optuna_067,9.05896919759984e-06,7.376125784154007e-08,3.467579863515209e-08,1.634014684116278,3.7509420787209633,0.0026710248285266,0.0396430684887449,71.36821874640904,0.3172936503915705,True,True,True,True,True,True,True,False,True
DH_3_MFA,DH,MFA,DH_3_MFA__hybrid_optuna_046,1.7216542450630818e-07,5.914735532256552e-08,4.912067637117904e-06,3.33089728971825,0.7251857671097486,0.098431554686242,0.0009956874957232,134.86509826596674,0.6640096468465272,True,True,True,True,False,True,True,False,True
DH_3_MFA,DH,MFA,DH_3_MFA__hybrid_optuna_007,1.0133341980049425e-08,7.989004354973221e-07,1.27684335205719e-08,9.79398599528465,0.8717755709150302,0.059493079126401,1.807715563426053e-05,48.05004454893387,22.36872068658492,True,True,True,True,False,True,False,False,False
DH_3_MFA,DH,MFA,DH_3_MFA__hybrid_optuna_059,1.0219746045145637e-08,8.193345320174675e-07,8.252179069505052e-08,5.732467645353092,244.8527203703873,0.0588074286905723,1.6011639371006822e-05,40.94004040367928,27.721781611492965,True,True,True,True,True,True,False,False,False
DH_3_MFA,DH,MFA,DH_3_MFA__hybrid_optuna_009,1.0751457225775145e-08,9.05983136562496e-07,5.5444490195267327e-08,5.634306943752739,0.878852745801668,0.0608525426276413,1.8303998935047945e-05,49.98047448681028,23.119730690728485,True,True,True,True,False,True,False,False,False
DH_3_MFA,DH,MFA,DH_3_MFA__hybrid_optuna_025,3.102438763159571e-08,3.5172540611911215e-07,2.401209395076934e-08,4.875331093590218,0.9355255007198108,0.0653867937714712,2.266690376154197e-05,69.58285618717878,41.93768772980024,True,True,True,True,False,True,False,False,False
DH_3_MFA,DH,MFA,DH_3_MFA__hybrid_optuna_038,2.065704093529473e-07,8.356978416914746e-08,4.3548359090684605e-06,2.698605993450729,2.7115749062729395,0.0019818778138536,0.0011556229578217,66.97625512146337,0.9478505090885164,True,True,True,True,True,True,True,False,True
DH_3_MFA,DH,MFA,DH_3_MFA__hybrid_post_002,1.000010263151998e-08,1.6716588735755667e-06,5.2831032899290687e-08,7.062920276773903,0.826956456514405,0.0950261671554499,1.0608623000751156e-05,63.568956556422776,48.17122814694031,True,True,True,True,False,True,False,False,False
DH_3_MFA,DH,MFA,DH_3_MFA__hybrid_optuna_002,1.0000102631523036e-08,1.6716582188459789e-06,5.2831032899290687e-08,7.0629198367773,0.8269564031509428,0.0950262906354286,1.0608623021450969e-05,63.568956556422776,48.17122814694031,True,True,True,True,False,True,False,False,False
DH_3_MFA,DH,MFA,DH_3_MFA__hybrid_optuna_052,2.306514749430144e-07,1.180800679201797e-07,6.246154155232748e-06,3.6935260261578207,0.6460220242966708,0.0990654311012445,0.0001996339995196,134.66793933186148,0.5241976689312029,True,True,True,True,False,True,True,False,True
DH_3_MFA,DH,MFA,DH_3_MFA__hybrid_optuna_005,1.0430471881242022e-08,1.8016202162374893e-06,4.3537776698005246e-08,7.782534610336853,0.6121287744573438,0.0798569844956179,1.0410546396119991e-05,73.01373085884201,36.5102748210586,True,True,True,True,False,True,False,False,False
DH_3_MFA,DH,MFA,DH_3_MFA__hybrid_optuna_008,1.0687946888561228e-08,1.7686915550501396e-06,3.7523181158536026e-08,9.453849095631153,0.8652156839616165,0.0839689081813981,1.3780831336436067e-05,75.20939081019901,47.54225763993559,True,True,True,True,False,True,False,False,False
DH_3_MFA,DH,MFA,DH_3_MFA__hybrid_optuna_017,2.1239444528725723e-08,9.329398623910156e-07,1.06272281270585e-08,9.957019817824854,0.9127394921427608,0.0561554726013253,1.7737932027387193e-05,49.71312285658247,23.462211347537853,True,True,True,True,False,True,False,False,False
DH_3_MFA,DH,MFA,DH_3_MFA__hybrid_optuna_006,1.0139063629967162e-08,1.936573136975013e-06,4.8041682797676376e-08,9.928400526081552,0.8535621026375598,0.0989292031860683,1.0524778533913907e-05,64.85946469532333,40.361841191007,True,True,True,True,False,True,False,False,False
DH_3_MFA,DH,MFA,DH_3_MFA__hybrid_post_003,1.0168930343899373e-08,1.9543010431811e-06,1.1824976904488784e-08,7.276556215595824,0.8402091057426735,0.0993952576738583,1.0130115101123465e-05,63.50796339421777,39.92450103191312,True,True,True,True,False,True,False,False,False
DH_3_MFA,DH,MFA,DH_3_MFA__hybrid_optuna_003,1.0168657870524913e-08,1.95435256036397e-06,4.3632269020469385e-08,7.276503250771692,0.84020765897682,0.0993962578216975,1.0129350739711513e-05,63.50796339421777,39.92450103191312,True,True,True,True,False,True,False,False,False
DH_3_MFA,DH,MFA,DH_3_MFA__hybrid_optuna_011,2.258341038735916e-08,9.209820908706996e-07,5.6520448986516394e-08,9.702286275101716,0.8409056901690221,0.0637361703686382,1.7235955147512796e-05,47.52492022175042,24.885048508401447,True,True,True,True,False,True,False,False,False
DH_3_MFA,DH,MFA,DH_3_MFA__hybrid_optuna_072,1.592863656115813e-07,1.5084937745370463e-06,2.5677062988088546e-07,9.548355205193293,2.168111479101609,0.0022417450296487,0.0968775352436912,62.905113502944026,21.04026814267736,True,True,True,True,True,True,True,False,False
DH_3_MFA,DH,MFA,DH_3_MFA__hybrid_optuna_031,5.796099918628695e-08,5.04522547164067e-07,3.71790361975857e-06,6.580716338576725,1.5878784659351235,0.0127828360243457,0.0021645338194388,126.0094240443062,4.307874936254269,True,True,True,True,True,True,True,False,True
DH_3_MFA,DH,MFA,DH_3_MFA__hybrid_pre_07,0.0001946965479014,7.65942456041045e-06,0.0006121496915871,0.1190007578668771,32.89666755805257,0.0066382428996993,0.0065807277583207,12.22386340801058,0.0610608975465157,True,True,True,True,True,True,True,False,True
DH_3_MFA,DH,MFA,DH_3_MFA__hybrid_optuna_071,0.0001946965479014,7.65942456041045e-06,0.0006121496915871,0.1190007578668771,32.89666755805257,0.0066382428996993,0.0065807277583207,12.22386340801058,0.0610608975465157,True,True,True,True,True,True,True,False,True
DH_3_MFA,DH,MFA,DH_3_MFA__hybrid_optuna_058,9.631154903997325e-08,5.044679511821316e-07,1.0732551610059213e-08,1.801416441475026,0.5536265961278548,0.0012716760442599,0.0004758596356458,68.6578462019828,4.474890706604191,True,True,True,True,False,True,True,False,True
DH_3_MFA,DH,MFA,DH_3_MFA__hybrid_optuna_014,2.327407909103696e-08,1.685370996615622e-06,5.4479212761506114e-08,7.009201235468478,0.8511851694952529,0.0964937738756917,1.0523015597395002e-05,62.91758722979971,49.3862511560298,True,True,True,True,False,True,False,False,False
DH_3_MFA,DH,MFA,DH_3_MFA__hybrid_optuna_016,2.3467102601834515e-08,1.8787013865710337e-06,1.5473713920598402e-08,6.934278498693418,0.8497258645798849,0.0994320604134879,1.0373829550636046e-05,61.15438327730265,48.942389036188445,True,True,True,True,False,True,False,False,False
DH_3_MFA,DH,MFA,DH_3_MFA__hybrid_optuna_024,1.1034633610709117e-08,4.09273326133797e-06,1.9038611118516133e-08,8.624527155411476,0.5047676622777131,0.0794546345132858,3.840677966794551e-05,77.59933172848332,23.47433772053833,True,True,True,True,False,True,False,False,False
DH_3_MFA,DH,MFA,DH_3_MFA__hybrid_optuna_022,1.4382976222351394e-08,5.27850599950753e-06,1.558092806848273e-07,8.1481169134901,0.5823295611692388,0.0367979694604798,0.0001066946515491,92.1364141522625,17.601001265571423,True,True,True,True,False,True,True,False,False
DH_3_MFA,DH,MFA,DH_3_MFA__hybrid_optuna_030,1.7220032863152433e-08,5.638595817269879e-06,9.022714565902272e-07,2.237339049177424,1.45660836347385,0.0424532084554416,0.0013864968407546,110.1489099325327,10.074243479510848,True,True,True,True,True,True,True,False,False
DH_3_MFA,DH,MFA,DH_3_MFA__hybrid_optuna_010,1.0067596281830584e-08,1.006919911716823e-05,3.636002389389661e-08,8.269908254459024,0.568801054468819,0.0787841769130396,4.404243207458985e-05,92.22183172146346,19.22216118351117,True,True,True,True,False,True,False,False,False
DH_3_MFA,DH,MFA,DH_3_MFA__hybrid_optuna_012,1.2681634682155254e-08,1.0248430502505866e-05,2.605385307263164e-08,8.26742756107011,0.565454070442971,0.0840468323704925,3.134907024266627e-05,79.0664579216679,36.34462862106698,True,True,True,True,False,True,False,False,False
DH_3_MFA,DH,MFA,DH_3_MFA__hybrid_optuna_015,1.2774166732302966e-08,1.0376654133297154e-05,4.144571387257718e-08,8.201615187687427,0.5589588222923176,0.0871043354632947,6.099382218925758e-05,79.15224189022948,34.48088607548446,True,True,True,True,False,True,False,False,False
DH_3_MFA,DH,MFA,DH_3_MFA__hybrid_optuna_018,1.2787965097229296e-08,1.060722519542619e-05,3.60628856710861e-08,8.178307993815926,0.5550803835152653,0.0867514318977951,4.032305738886501e-05,77.83858502481002,37.15909253879696,True,True,True,True,False,True,False,False,False
DH_3_MFA,DH,MFA,DH_3_MFA__hybrid_optuna_019,1.4548368557425953e-08,9.634901150954737e-06,3.463575399613767e-08,8.206538130919677,0.567056970296606,0.080737107790426,3.220831762157467e-05,76.45899371055484,36.171425105312,True,True,True,True,False,True,False,False,False
DH_3_MFA,DH,MFA,DH_3_MFA__hybrid_optuna_021,1.3823304196421609e-08,1.1029297165123963e-05,2.5817691462419685e-08,8.103025146813566,0.5558764836908124,0.0755404138681802,9.132703116902486e-05,92.46679453368816,17.535425178653266,True,True,True,True,False,True,False,False,False
DH_3_MFA,DH,MFA,DH_3_MFA__hybrid_optuna_026,1.4882342739438136e-08,1.124055209548328e-05,1.1758233695842957e-07,8.070732178394419,0.5672477499055082,0.0385064355977751,0.0010988077859526,105.19400437161764,34.69010010511088,True,True,True,True,False,True,True,False,False
DH_3_MFA,DH,MFA,DH_3_MFA__hybrid_optuna_013,1.5742399706022794e-08,1.1698326304820192e-05,3.1605924036345266e-07,7.633483244335966,0.7404133746633415,0.0431439392043108,0.0013884699487282,118.1899404056988,16.163546877983585,True,True,True,True,False,True,True,False,False
DH_3_MFA,DH,MFA,DH_3_MFA__hybrid_optuna_020,1.5088999135223754e-08,1.2472989390515212e-05,2.517602381191058e-07,8.16599313848652,0.6749046923513866,0.0425685987289722,0.0014603352743076,104.93811580176823,30.84054814794781,True,True,True,True,False,True,True,False,False
DH_3_MFA,DH,MFA,DH_3_MFA__hybrid_optuna_054,1.1674619554190213e-06,1.913489632070406e-07,1.717130525688817e-05,0.7670534307185009,6.325671955666121,0.0009767624466783,0.0003950191292968,84.14332615822137,2.5255112817858403,True,True,True,True,True,True,True,False,True
DH_3_MFA,DH,MFA,DH_3_MFA__hybrid_optuna_042,3.2509677655063165e-08,7.251963298776813e-06,6.074859978217754e-07,3.722914490394248,93.548621004436,0.0068651008806272,0.0051987648750328,115.74618479616326,12.940547714343325,True,True,True,True,True,True,True,False,False
DH_3_MFA,DH,MFA,DH_3_MFA__hybrid_optuna_065,4.480690729021595e-06,2.4193686397140736e-07,3.4535132555671457e-06,1.7375566000385003,3.3474376627428217,0.0023808829618956,9.342471967350883e-05,52.53505891627415,10.930211710229086,True,True,True,True,True,True,False,False,False
DH_3_MFA,DH,MFA,DH_3_MFA__hybrid_optuna_055,3.832614695957096e-07,1.0496275433284647e-06,7.081875348832746e-07,2.661586212840328,3.4674235237567537,0.0386760853905575,0.0476823553130844,57.64953744105639,1.5643245389760256,True,True,True,True,True,True,True,False,True
DH_3_MFA,DH,MFA,DH_3_MFA__hybrid_optuna_047,1.139713597201625e-06,4.179401436703843e-07,4.025250365807171e-05,0.6364594967608662,7.835405755812982,0.0013417547211796,0.0004458500928292,74.56280904162787,1.6640470111858103,True,True,True,True,True,True,True,False,True
DH_3_MFA,DH,MFA,DH_3_MFA__hybrid_optuna_063,1.8503250504723832e-08,5.126072738149701e-05,6.546044309706645e-07,2.4158768569874614,1.164630837196868,0.0091604074225297,0.0058099205886792,112.34655020879788,20.589027301587898,True,True,True,True,True,True,True,False,False
DH_3_MFA,DH,MFA,DH_3_MFA__hybrid_optuna_027,1.5756135973281086e-08,3.971250659135265e-05,9.122142569793816e-07,6.277071194970019,0.7095788257522638,0.0151266672666801,0.0013144323610063,104.906644787094,15.30595330356502,True,True,True,True,False,True,True,False,False
DH_3_MFA,DH,MFA,DH_3_MFA__hybrid_optuna_041,9.598358236347552e-08,9.712103130199452e-06,5.994795600689555e-08,1.038362066085339,1.6878508836812691,0.0694618279342033,0.0095110035706677,88.58267731378508,3.997785149493841,True,True,True,True,True,True,True,False,True
DH_3_MFA,DH,MFA,DH_3_MFA__hybrid_optuna_028,3.5887632542694815e-08,2.87456164528769e-05,3.2657720746913336e-07,3.624696871018806,1.4507695492717747,0.0067278386463986,0.0048194274962219,114.34029822953818,4.819091000876327,True,True,True,True,True,True,True,False,True
DH_3_MFA,DH,MFA,DH_3_MFA__hybrid_optuna_029,2.242036196800889e-08,5.97605837447829e-05,6.38869253281669e-07,2.077519447848653,1.2127953660069064,0.0091790941342121,0.0049931811277734,114.77111350883628,17.186230912353093,True,True,True,True,True,True,True,False,False
DH_3_MFA,DH,MFA,DH_3_MFA__hybrid_optuna_057,6.947072939998289e-08,1.6906701395172794e-05,1.1180027518896932e-08,1.1055139195562431,22.67697699191877,0.0186241703995687,0.0097676071067747,94.55805506727324,46.43592747580685,True,True,True,True,True,True,True,False,False
DH_3_MFA,DH,MFA,DH_3_MFA__hybrid_optuna_032,7.928632893128007e-08,3.021532038121932e-05,2.823043716368911e-07,1.0111630598929695,1.0518877854909494,0.0454917999807988,0.0022174595750866,107.3163823860317,33.06769176044326,True,True,True,True,True,True,True,False,False
DH_3_MFA,DH,MFA,DH_3_MFA__hybrid_optuna_033,4.048786193680121e-08,8.421316755478049e-05,3.038001112325864e-07,2.0949606380371923,0.7005130695004509,0.0558920930913676,0.0049867553817968,121.98684057233102,6.919095994064966,True,True,True,True,False,True,True,False,False
DH_3_MFA,DH,MFA,DH_3_MFA__hybrid_optuna_034,5.9078902720612464e-08,6.102919006948554e-05,6.680774802250558e-07,2.152784065349171,1.302999949485152,0.0223855890397283,0.0048099822863279,112.29583858110774,10.53090327593789,True,True,True,True,True,True,True,False,False
DH_3_MFA,DH,MFA,DH_3_MFA__hybrid_optuna_040,4.420305302563853e-08,0.0001000342125412,2.395250562989607e-07,2.0823151586351245,0.5993914549556852,0.0592720702911837,0.0054095372555934,114.29847347901264,15.17758213102372,True,True,True,True,False,True,True,False,False
DH_3_MFA,DH,MFA,DH_3_MFA__hybrid_optuna_043,5.8566194087014734e-08,7.909406266072253e-05,1.9849480490781053e-06,4.9108191271531,0.6344865549737474,0.0727273269680697,0.0072342672338316,121.67974072295836,16.95985156088523,True,True,True,True,False,True,True,False,False
DH_3_MFA,DH,MFA,DH_3_MFA__hybrid_optuna_048,2.7411887470138655e-07,1.254858330604667e-05,9.686796582781537e-06,0.9636855482339576,494.9705969855282,0.0059397915003239,0.0020604495088615,131.47900634685868,5.2581557268871055,True,True,True,True,False,True,True,False,False
DH_3_MFA,DH,MFA,DH_3_MFA__hybrid_optuna_039,9.255688644595625e-08,4.542117280347485e-05,1.7120653827292438e-06,1.97929030235595,1.3177105181543325,0.015723102115252,0.0030067565004161,127.651867930905,8.660201753543932,True,True,True,True,True,True,True,False,False
DH_3_MFA,DH,MFA,DH_3_MFA__hybrid_optuna_045,1.285879494441136e-07,3.612201646848603e-05,1.87362919043526e-06,3.1244427048153627,0.7919616620385389,0.0463339612329046,0.0008203804763693,137.26308727998273,0.0409997004445727,True,True,True,True,False,True,True,False,True
DH_3_MFA,DH,MFA,DH_3_MFA__hybrid_optuna_066,1.0069485485406534e-08,0.0010820460339902,1.1050807305730318e-06,1.4430492102878347,4.619617011041578,0.0045820013709711,0.0028354032373388,108.54400944996652,26.75117165690087,True,True,True,True,True,True,True,False,False
DH_3_MFA,DH,MFA,DH_3_MFA__hybrid_optuna_051,1.890249698334378e-08,0.0003354704224006,1.1053256383515609e-06,1.429590813682118,0.5052166729282669,0.0080636649855927,0.0022141027008432,127.18358186672008,6.104859624446523,True,True,True,True,False,True,True,False,False
DH_3_MFA,DH,MFA,DH_3_MFA__hybrid_optuna_035,2.697213895997956e-08,0.0002114454980851,1.0515780010406497e-06,6.09596724598953,1.0902415055328518,0.0182267226378592,0.001053281658758,97.36543411622,11.54908839284808,True,True,True,True,True,True,True,False,False
DH_3_MFA,DH,MFA,DH_3_MFA__hybrid_optuna_053,4.046162169508476e-08,0.0001488213872596,8.255016571078805e-08,1.468559942721086,44.29780681002511,0.0105310151673608,0.0035785922827995,111.21475777268743,3.450033393388087,True,True,True,True,True,True,True,False,True
DH_3_MFA,DH,MFA,DH_3_MFA__hybrid_optuna_056,2.665203340118289e-07,3.1057557232809744e-05,3.789743286353471e-07,3.3486791556729054,1.0029019256015703,0.0282920853635701,0.0202728713640311,122.43790651956678,7.719754714125148,True,True,True,True,True,True,True,False,False
DH_3_MFA,DH,MFA,DH_3_MFA__hybrid_optuna_036,2.600561591416996e-08,0.000222566873284,1.2266677197223795e-06,4.123066951285782,0.9991078416791876,0.0209316505765141,0.0006115000521384,99.667442522325,12.451333620109466,True,True,True,True,False,True,True,False,False
DH_3_MFA,DH,MFA,DH_3_MFA__hybrid_optuna_049,7.669776880024325e-08,8.471803044196341e-05,4.551024293843204e-06,2.2851489348185057,4.560975205975145,0.001579299511711,0.0002765787829946,130.37351474401476,0.0870479261358727,True,True,True,True,True,True,True,False,True
DH_3_MFA,DH,MFA,DH_3_MFA__hybrid_optuna_061,3.100767680398008e-06,2.86844415091991e-06,1.0757414748549455e-06,0.448757571854771,13.66479032201524,0.0349256337351491,0.0004502742810268,107.59077531597956,0.1697245249209505,True,True,True,True,True,True,True,False,True
DH_3_MFA,DH,MFA,DH_3_MFA__hybrid_optuna_064,7.550647918238484e-07,6.138345954824842e-05,2.1014122085132642e-08,0.5453285855288861,0.7570106577260166,0.0197186857126057,0.0007157608910511,115.68281595770044,26.91218266865292,True,True,True,True,False,True,True,False,False
DH_3_MFA,DH,MFA,DH_3_MFA__hybrid_optuna_075,0.0013366429128963,0.0002970419656837,3.859241243176034e-05,0.0533062419236026,170.28556248124946,0.0009641958295232,0.2618463626432974,34.30856955599592,0.0050583634108371,True,True,True,True,True,True,True,False,True
DH_3_MFA,DH,MFA,DH_3_MFA__hybrid_optuna_062,5.642252599031864e-07,9.919187806566656e-05,1.227423806457348e-07,1.255014000581247,0.835531532391305,0.0527557164598987,0.0007281968252663,135.33617401183875,1.7066215411963654,True,True,True,True,False,True,True,False,True
DH_4_MFA,DH,MFA,DH_4_MFA__hybrid_optuna_058,1.4873847062242473e-08,3.0753396318954304e-08,5.3000408689774044e-08,0.0550943319579486,270.51436502567464,9.255827065898296e-05,1.2320259744474502,90.5387895135356,0.0028328260926292,True,True,True,True,True,True,True,False,True
DH_4_MFA,DH,MFA,DH_4_MFA__hybrid_optuna_071,3.57538604039399e-08,1.459066821891249e-06,3.4618459927224015e-08,1.7969551065164342,11.047947022411012,2.21945931281307e-05,0.1299708277954853,122.35947559643142,0.0046624332525489,True,True,True,True,True,True,True,False,True
DH_4_MFA,DH,MFA,DH_4_MFA__hybrid_optuna_091,5.90062302525272e-07,1.3886531388585973e-06,7.804462321349573e-05,0.1225495683983335,219.80601498745088,0.0001145166933149,0.062206592778955,41.32809942040651,0.0019710612680177,True,True,True,True,True,True,True,False,True
DH_4_MFA,DH,MFA,DH_4_MFA__hybrid_optuna_046,1.30778183717943e-08,0.0001089340231637,1.2611166381144658e-05,0.121321916951122,30.41798021126762,0.0014803066240941,1.05112467112677,91.2930521536194,10.36523808878793,True,True,True,True,True,True,True,False,False
DH_4_MFA,DH,MFA,DH_4_MFA__hybrid_post_002,3.190285948368579e-08,0.0005589816888974,6.168927147932486e-05,0.0528640023032166,74.44615456777352,0.0014929772779588,0.395284164021581,86.00642288767517,16.561618403307673,True,True,True,True,True,True,True,False,False
DH_4_MFA,DH,MFA,DH_4_MFA__hybrid_optuna_075,6.98581155789652e-08,1.0456768648011589e-08,2.510164281018376e-05,0.3215678680194903,298.09137311667945,1.0621038032773723e-05,0.0010831916543845,136.38678381753888,0.0010107942500972,True,True,True,True,True,True,True,False,True
DH_4_MFA,DH,MFA,DH_4_MFA__hybrid_optuna_023,2.4211558752427083e-08,0.0001206091580889,1.5888043577078434e-06,0.0721669550101662,130.1234370798653,0.0015870414548307,0.6409580065306326,113.43175795497078,25.61633205721364,True,True,True,True,True,True,True,False,False
DH_4_MFA,DH,MFA,DH_4_MFA__hybrid_optuna_090,1.395042105220327e-06,2.421695878228551e-07,1.650817150674715e-05,0.5023384612333864,166.181080928851,0.0001624134092299,0.2781429486655944,102.98220936180935,0.0064895628334875,True,True,True,True,True,True,True,False,True
DH_4_MFA,DH,MFA,DH_4_MFA__hybrid_optuna_073,1.0414719154272762e-08,0.0004504574569751,3.611025707879741e-05,0.0610930870902256,112.61097773605954,0.0073546970396443,1.017503213080243,80.19027523855007,24.25319396260531,True,True,True,True,True,True,True,False,False
DH_4_MFA,DH,MFA,DH_4_MFA__hybrid_optuna_039,1.3194319281651603e-08,0.0001252157562276,5.49380608265301e-06,0.085203951306965,74.78651267847656,0.0134655551997134,0.4320113813139526,86.56729045972463,19.258802222157943,True,True,True,True,True,True,True,False,False
DH_4_MFA,DH,MFA,DH_4_MFA__hybrid_optuna_007,1.0159193644514929e-08,0.000103642536262,1.3087022492465386e-05,0.0609172003128583,106.09604612765608,0.0026153840204336,0.5042253228248588,90.8505322176524,3.9437724531160576,True,True,True,True,True,True,True,False,True
DH_4_MFA,DH,MFA,DH_4_MFA__hybrid_optuna_015,3.5555971098776e-08,8.955391420900788e-05,1.2485330601159468e-05,0.0586330390295804,50.84653927475894,0.0016616444470146,0.6040404115240193,90.95984636401012,4.685161510461238,True,True,True,True,True,True,True,False,True
DH_4_MFA,DH,MFA,DH_4_MFA__hybrid_optuna_074,2.611860039401618e-08,0.0001824282775217,2.8975178929518705e-07,0.0566798888250384,59.07553575508035,0.006434884907093,2.9048017287598573,89.05169791177238,15.245568562876912,True,True,True,True,True,True,True,False,False
DH_4_MFA,DH,MFA,DH_4_MFA__hybrid_optuna_025,5.6518355642872034e-08,3.675744750163503e-05,8.538713502755568e-06,0.0771282026774841,35.365982889241415,0.0052157885017632,1.2819458766768117,83.91048648265205,11.410495644752784,True,True,True,True,True,True,True,False,False
DH_4_MFA,DH,MFA,DH_4_MFA__hybrid_optuna_089,1.876770088507407e-07,7.100800465004495e-08,3.483645040427637e-06,0.4010478555524947,249.3483830074236,0.0001930269531947,2.7412482959585454,53.71591080345754,0.803324386622161,True,True,True,True,True,True,True,False,True
DH_4_MFA,DH,MFA,DH_4_MFA__hybrid_post_001,2.060302688459548e-08,3.011068660477332e-05,0.0922571427154759,0.0616106059917169,73.23315735876302,0.0022925409488443,1.3658190606656515,95.04034716644908,0.1743648682250062,True,True,False,True,True,True,True,False,True
DH_4_MFA,DH,MFA,DH_4_MFA__hybrid_optuna_002,1.4510107922556316e-08,0.0001027187584079,4.634975647503883e-06,0.0814595997524282,51.138377365745725,0.00238938771725,0.3611644712313989,86.00642288767517,16.561618403307673,True,True,True,True,True,True,True,False,False
DH_4_MFA,DH,MFA,DH_4_MFA__hybrid_optuna_008,3.258660098438213e-08,6.362748374806487e-05,7.561316937151573e-07,0.1387501467514841,122.92239166377578,0.0031801855228097,0.5807897455857204,113.05903700446449,0.3298396862500878,True,True,True,True,True,True,True,False,True
DH_4_MFA,DH,MFA,DH_4_MFA__hybrid_optuna_012,4.522198726786647e-08,9.362441251663298e-05,8.775263775328489e-06,0.0817191309652078,49.75783840653028,0.0023038306165598,0.4229069575388701,87.15193310044576,4.991539732066046,True,True,True,True,True,True,True,False,True
DH_4_MFA,DH,MFA,DH_4_MFA__hybrid_optuna_013,1.4407294294948533e-08,2.594144388779681e-05,1.916737741363185e-06,0.0699082879784621,48.25689794216572,0.0024131521623136,1.373175960147322,82.42127570213565,5.511967799997519,True,True,True,True,True,True,True,False,False
DH_4_MFA,DH,MFA,DH_4_MFA__hybrid_optuna_069,1.9834195433335297e-07,4.297156611632043e-05,2.709228617562686e-07,0.0505505293782328,40.492771600936905,0.0012062918671791,10.476211002037916,97.18825502873057,1.1596531035514,True,True,True,True,True,True,True,False,True
DH_4_MFA,DH,MFA,DH_4_MFA__hybrid_optuna_010,4.753279490567037e-08,0.0001039333897254,4.4854144654602046e-06,0.0790716984629708,52.34045045264046,0.0020766344170216,0.3699639212286554,85.41221941930344,9.709087770002176,True,True,True,True,True,True,True,False,False
DH_4_MFA,DH,MFA,DH_4_MFA__hybrid_optuna_011,4.644138219667412e-08,9.915164844320684e-05,8.650909395164368e-06,0.0793165038250329,46.86889706972159,0.0023669180376613,0.3628433494815475,84.37990183627744,13.289939191137682,True,True,True,True,True,True,True,False,False
DH_4_MFA,DH,MFA,DH_4_MFA__hybrid_optuna_018,3.264756550497179e-08,1.7852707614629602e-05,2.038843433269994e-05,0.0820533779442889,41.20291352901532,0.0010310284772109,1.9383940273856168,94.40672646370838,4.092671710926694,True,True,True,True,True,True,True,False,True
DH_4_MFA,DH,MFA,DH_4_MFA__hybrid_optuna_068,3.1272978192923627e-06,0.0001430151334131,2.331695753552706e-07,0.0869053431634374,0.5546686743490862,0.0018302415550038,0.0629997081811037,81.37398134864998,0.0135663274431497,True,True,True,True,False,True,True,False,True
DH_4_MFA,DH,MFA,DH_4_MFA__hybrid_optuna_059,2.0056286561967926e-08,0.0001650867105926,1.5043565498920646e-08,2.495077580847631,36.20734044447597,0.0018793254509363,0.5278068586317287,84.8655879341817,0.9097463869416318,True,True,True,True,True,True,True,False,True
DH_4_MFA,DH,MFA,DH_4_MFA__hybrid_optuna_009,4.251646628453132e-08,2.88479125540369e-05,1.1216871348155207e-07,0.0672840469029422,74.90145106509728,0.0006808646040444,1.08554212047654,96.59374389988376,0.2033280164308691,True,True,True,True,True,True,True,False,True
DH_4_MFA,DH,MFA,DH_4_MFA__hybrid_optuna_004,5.272764251983366e-08,5.279324976907617e-05,5.812200735994604e-07,0.0954377371885486,84.1479626754876,0.0028332128956713,0.5806759228083644,101.98388963247764,0.6230905059624516,True,True,True,True,True,True,True,False,True
DH_4_MFA,DH,MFA,DH_4_MFA__hybrid_optuna_001,1.7505235403219442e-08,2.25681723246796e-05,1.1538668572815185e-07,0.0629223598093265,74.43069392809056,0.0021831142658297,1.2546058921996308,95.04034716644908,0.1743648682250062,True,True,True,True,True,True,True,False,True
DH_4_MFA,DH,MFA,DH_4_MFA__hybrid_optuna_006,2.1945894709366243e-08,4.838431941113372e-05,2.544163327283845e-07,0.0743107070628552,39.67690034322908,0.0027724167438096,0.5950967401241274,82.46606891982094,14.787031548962212,True,True,True,True,True,True,True,False,False
DH_4_MFA,DH,MFA,DH_4_MFA__hybrid_optuna_019,3.738265555891904e-08,0.0002471260551952,4.104750090661197e-08,0.1086320066006313,26.9857415976794,0.0012941064195149,0.1554033379142974,98.44429335597512,0.1371915661391989,True,True,True,True,True,True,True,False,True
DH_4_MFA,DH,MFA,DH_4_MFA__hybrid_optuna_088,1.5509193960212337e-08,1.9244772582755865e-05,1.5005877983449982e-08,0.0647455247301908,134.50309453746434,0.000239722641406,0.0001206586445994,65.7085483419472,0.1864218510281419,True,True,True,True,True,True,True,False,True
DH_4_MFA,DH,MFA,DH_4_MFA__hybrid_post_003,1.4653911091476656e-08,2.7985597856040743e-05,2.1559925838188933e-06,0.1008878616289389,66.47176056847492,0.0021008163513301,0.7174278464251184,91.56815194237844,1.1536645720690415,True,True,True,True,True,True,True,False,True
DH_4_MFA,DH,MFA,DH_4_MFA__hybrid_optuna_003,1.3940585515634278e-08,2.67511746160746e-05,2.1559925838188933e-06,0.0993687096790332,69.29799845640756,0.0020795648931046,0.6426392549847577,91.56815194237844,1.1536645720690415,True,True,True,True,True,True,True,False,True
DH_4_MFA,DH,MFA,DH_4_MFA__hybrid_optuna_005,1.672338015115309e-08,3.604760179902509e-05,2.559968197672488e-07,0.0818259867234174,78.23008541499051,0.0022962291740468,0.4141847898151383,93.45407969926642,1.2653536819960378,True,True,True,True,True,True,True,False,True
DH_4_MFA,DH,MFA,DH_4_MFA__hybrid_optuna_048,2.6218172268993463e-08,8.116272664248126e-08,3.997639227626579e-07,0.0524391981664494,337.80808859351106,0.0002923772495065,19.568501901952523,93.22113506256002,0.0024020625451352,True,True,True,True,False,True,True,False,True
DH_4_MFA,DH,MFA,DH_4_MFA__hybrid_optuna_033,8.772234316731768e-08,8.567621660668647e-05,2.9122784481930704e-08,0.2803759598246928,6.130874459475512,0.0042737513198037,0.2294602749689268,78.38174118251752,0.0191528541566786,True,True,True,True,True,True,True,False,True
DH_4_MFA,DH,MFA,DH_4_MFA__hybrid_optuna_020,8.084467260330694e-08,6.287007998869508e-05,1.9711197633676065e-08,0.111632470309781,169.1836851799051,0.0011894251451945,0.2328471569185033,106.88288753032953,0.1594500022877635,True,True,True,True,True,True,True,False,True
DH_4_MFA,DH,MFA,DH_4_MFA__hybrid_optuna_017,4.23811556127827e-08,6.138876904508872e-05,1.0030725861608108e-05,0.0504408345890105,103.68059497529607,0.0036767893319607,0.1968614776166894,87.32182581130031,2.381343406155596,True,True,True,True,True,True,True,False,True
DH_4_MFA,DH,MFA,DH_4_MFA__hybrid_optuna_014,1.6798069452138155e-08,2.5589698484475955e-05,1.5033099890833984e-06,0.0851842436311839,94.92491843872392,0.0023174936116904,0.3997638647187187,94.22990526966342,1.3028145796292725,True,True,True,True,True,True,True,False,True
DH_4_MFA,DH,MFA,DH_4_MFA__hybrid_optuna_044,6.13267393880602e-06,1.7481065940308469e-07,8.433950913546915e-07,0.6763787830243799,487.61526276229023,0.0003074100562053,4.875400659603958,70.72675071547913,0.0010424877308703,True,True,True,True,False,True,True,False,True
DH_4_MFA,DH,MFA,DH_4_MFA__hybrid_optuna_079,1.7161500271553523e-08,2.597400701413085e-05,2.553781620332317e-06,0.0853064091311249,96.17583874507102,0.0022492048380666,0.3748506445780238,92.68543622554265,6.533191663032373,True,True,True,True,True,True,True,False,False
DH_4_MFA,DH,MFA,DH_4_MFA__hybrid_optuna_093,2.2624136792650284e-08,0.0003289055849523,0.000120152904136,0.0706085059445343,53.64182230701871,0.0050285688210274,4.405772109655957,77.60604372828885,3.0556665326702386,True,True,True,True,True,True,True,False,True
DH_4_MFA,DH,MFA,DH_4_MFA__hybrid_optuna_077,1.7670169402947916e-06,0.0050615768887523,0.0013303245101522,1.192617378922354,1.4690139693517672,4.207053950287933e-05,2.3226650368137e-05,129.92642186624028,0.6677615511747083,True,True,True,True,True,True,False,False,True
DH_4_MFA,DH,MFA,DH_4_MFA__hybrid_optuna_045,1.1136278486800116e-08,2.747905978637212e-08,7.977390235907591e-08,0.0534786960595397,490.0892898547866,0.0003235766254967,17.024047164554204,102.9615201699151,0.0010364659027096,True,True,True,True,False,True,True,False,True
DH_4_MFA,DH,MFA,DH_4_MFA__hybrid_optuna_036,3.5806237427697696e-08,8.753227970405964e-06,7.377912245991053e-07,0.1089454008666716,24.717820484140614,0.0004329848556773,0.8207172755354859,105.11245518060248,0.4098040702692903,True,True,True,True,True,True,True,False,True
DH_4_MFA,DH,MFA,DH_4_MFA__hybrid_optuna_081,5.325010930083692e-07,1.8377461020597505e-06,1.2434361973651156e-06,0.0986094948822297,91.64383778165129,0.0005557999880818,5.623866816464939,58.48884574807135,0.0135976034300621,True,True,True,True,True,True,True,False,True
DH_4_MFA,DH,MFA,DH_4_MFA__hybrid_optuna_037,4.880531936662965e-08,0.0004289822298192,2.1355446039718865e-08,0.1577055494324546,27.28018445773607,0.0012002610607435,0.0617150870097229,118.63498869997017,0.0656070948398817,True,True,True,True,True,True,True,False,True
DH_4_MFA,DH,MFA,DH_4_MFA__hybrid_optuna_041,2.6152825306749292e-08,8.691770532066903e-08,4.075173392676908e-07,0.0549921651316796,415.48145264399136,0.0003320258070519,11.156918462586772,93.6125290758548,0.0017237959704214,True,True,True,True,False,True,True,False,True
DH_4_MFA,DH,MFA,DH_4_MFA__hybrid_optuna_026,1.0719827559715825e-07,7.722710105650996e-05,5.76370056157523e-05,0.1380165385279421,33.353058139556964,0.0034467198213107,0.1694268253699768,98.76124816920782,12.51555885042087,True,True,True,True,True,True,True,False,False
DH_4_MFA,DH,MFA,DH_4_MFA__hybrid_optuna_016,1.9121462761421423e-08,2.1705245666685257e-05,1.0395431134041251e-08,0.0670343585412063,49.53591204316872,0.0023298079396201,0.3118419458603367,72.14207907856216,0.2040520233647868,True,True,True,True,True,True,True,False,True
DH_4_MFA,DH,MFA,DH_4_MFA__hybrid_optuna_097,6.78356683702552e-08,0.0008534743138283,7.150709759374102e-06,0.057776358865198,47.61520697101072,0.000671355552044,1.521465696626831,82.86753072275121,5.520318488151836,True,True,True,True,True,True,True,False,False
DH_4_MFA,DH,MFA,DH_4_MFA__hybrid_optuna_038,1.0985549596309316e-08,1.0512580587824825e-07,9.729286764092337e-08,0.0579541929136271,452.53755690975663,0.0003755977456245,8.911133285568093,100.12509213006128,0.001298758727805,True,True,True,True,False,True,True,False,True
DH_4_MFA,DH,MFA,DH_4_MFA__hybrid_optuna_035,1.1451920857180092e-08,2.4342894227923937e-07,1.231647847967001e-07,0.0509193063294711,452.0815553478057,0.000504701426272,19.400830954674408,86.13803785592093,0.0012353449846951,True,True,True,True,False,True,True,False,True
DH_4_MFA,DH,MFA,DH_4_MFA__hybrid_optuna_049,2.4652973288840495e-07,6.617254002900422e-07,3.070556425553284e-06,0.7483787110265702,157.51681835245336,0.0010252934511082,1.3739451141026064,66.93903414707466,7.167612317275185,True,True,True,True,True,True,True,False,False
DH_4_MFA,DH,MFA,DH_4_MFA__hybrid_optuna_070,2.7995516755665286e-08,1.1826377677420208e-05,4.0733761516838647e-05,0.0939147385142596,2.3163021940073243,0.0027275853255838,2.746045667617513,81.55922709792843,3.056288841819081,True,True,True,True,True,True,True,False,True
DH_4_MFA,DH,MFA,DH_4_MFA__hybrid_optuna_078,0.000177188473548,1.3289448722869162e-08,0.0615699732823519,4.115716865497774,2.167640897475782,5.337032762603954e-05,0.0001430992369351,45.63633644393066,0.2922905212920093,True,True,False,True,True,True,True,False,True
DH_4_MFA,DH,MFA,DH_4_MFA__hybrid_optuna_040,1.0021565857108266e-08,9.550942824405349e-08,9.461229160733206e-07,0.0536641010548794,479.59477009074,0.0004488473232923,17.77322773673577,102.15867121862952,0.0010635672939365,True,True,True,True,False,True,True,False,True
DH_4_MFA,DH,MFA,DH_4_MFA__hybrid_optuna_024,1.0426982755814444e-08,6.849924673681693e-06,4.8817214990697205e-06,0.0615326034851993,59.481388330154175,0.0029187754269304,0.4002245453763236,103.24093677525332,9.310537400733024,True,True,True,True,True,True,True,False,False
DH_4_MFA,DH,MFA,DH_4_MFA__hybrid_optuna_021,4.360387498436938e-08,4.2463840615253055e-05,6.484858228465273e-07,0.0901044263959839,76.42455689170609,0.0018301321346866,0.0927527287604843,77.21738330670658,42.79289049463516,True,True,True,True,True,True,True,False,False
DH_4_MFA,DH,MFA,DH_4_MFA__hybrid_optuna_042,4.4643287734670004e-08,3.1972205025155607e-06,1.819816824869419e-07,0.129342516949938,65.79319114875051,0.0099814589660711,0.8206713660344395,85.56970843372424,0.0127057782080035,True,True,True,True,True,True,True,False,True
DH_4_MFA,DH,MFA,DH_4_MFA__hybrid_optuna_028,3.033885669214185e-07,3.709995112073891e-06,2.2956640241454186e-08,0.2193877792063761,63.66826798526082,0.0032070357942539,0.7430240904323723,66.12609055603224,0.0176168596395466,True,True,True,True,True,True,True,False,True
DH_4_MFA,DH,MFA,DH_4_MFA__hybrid_optuna_076,0.0069749601902638,3.927087625984605e-08,1.617080981559994e-07,0.0831430821866163,433.7334626568655,0.0005780239877578,0.4770455188647649,89.586067443959,0.0090442671057559,False,True,True,True,False,True,True,False,True
DH_4_MFA,DH,MFA,DH_4_MFA__hybrid_optuna_053,4.877626780112319e-07,3.636899798737009e-07,9.587056709769124e-05,0.273534534238591,56.81718968815863,0.0256432716981054,2.063483931485046,110.99537051261808,0.0368312769376387,True,True,True,True,True,True,True,False,True
DH_4_MFA,DH,MFA,DH_4_MFA__hybrid_optuna_031,2.7733844644961646e-08,6.441904870132764e-08,1.1170626254917153e-07,0.0718366433777603,208.9497396142246,0.0007393460298307,6.708659500698634,97.12923319470222,0.0016428904564836,True,True,True,True,True,True,True,False,True
DH_4_MFA,DH,MFA,DH_4_MFA__hybrid_optuna_047,6.387072796771658e-08,6.918187478900465e-07,6.2976120452703365e-06,0.0747618725262798,9.033442781194925,0.0029336265664617,0.893090542846306,116.5977706828595,4.080137234626364,True,True,True,True,True,True,True,False,True
DH_4_MFA,DH,MFA,DH_4_MFA__hybrid_optuna_030,4.466047172919705e-07,2.45464540879134e-07,1.4524310709916801e-07,0.2696916251430235,67.99333000000489,0.0017255444439719,1.9872943396618497,100.32181246771172,0.0124598151197528,True,True,True,True,True,True,True,False,True
DH_4_MFA,DH,MFA,DH_4_MFA__hybrid_optuna_072,6.033712500056113e-08,8.875869557577469e-05,3.982508731772049e-06,0.0768472568982876,19.299455154877435,0.0010317231989693,0.0447796438312777,88.79368803129996,8.15281135367569,True,True,True,True,True,True,True,False,False
DH_4_MFA,DH,MFA,DH_4_MFA__hybrid_optuna_027,2.462624729691596e-08,4.162002975644332e-08,1.227423806457348e-07,0.1406917523031291,188.053416676784,0.0008050540436862,3.763808155741508,101.37112452188153,0.0211106532462239,True,True,True,True,True,True,True,False,True
DH_4_MFA,DH,MFA,DH_4_MFA__hybrid_optuna_066,0.0020599578930159,0.0001500180875981,4.344604915675701e-07,0.0691487560081843,150.25296902522166,0.0014467053264901,2.476436321431495,80.022343497024,40.08704169078263,True,True,True,True,True,True,True,False,False
DH_4_MFA,DH,MFA,DH_4_MFA__hybrid_optuna_032,1.215861570873453e-07,4.6729380997656055e-08,4.6247871927707634e-08,0.1861503167685009,115.57808451287772,0.0014398056247934,3.925644748768364,68.9534106519434,0.0205243541511413,True,True,True,True,True,True,True,False,True
DH_4_MFA,DH,MFA,DH_4_MFA__hybrid_optuna_065,0.0007626004102879,0.0003065873982718,3.958206469271977e-07,0.204795881331263,142.80649313554693,0.003021180760574,0.0303134809123561,99.2070220786806,1.883401106856914,True,True,True,True,True,True,True,False,True
DH_4_MFA,DH,MFA,DH_4_MFA__hybrid_optuna_056,1.383952111226e-07,5.170002074981057e-07,1.0474804752549205e-08,7.183338874804989,5.669372316681087,0.0852598623416662,0.4103785792118669,149.55487833517026,0.0054117543343366,True,True,True,True,True,True,True,False,True
DH_4_MFA,DH,MFA,DH_4_MFA__hybrid_optuna_083,9.972526664166561e-08,3.1565002832112534e-08,2.6642125064054324e-08,0.1808658233732032,119.30299256039288,0.0009686165286427,3.311616835017741,81.3679460878631,0.0260855701286261,True,True,True,True,True,True,True,False,True
DH_4_MFA,DH,MFA,DH_4_MFA__hybrid_optuna_064,0.0001297615186228,5.292063759832378e-05,1.1220097661938025e-06,0.0913132829286173,81.22635021263346,0.0042926520861351,0.2797346210366707,101.7425183598843,0.6638859500685387,True,True,True,True,True,True,True,False,True
DH_4_MFA,DH,MFA,DH_4_MFA__hybrid_optuna_080,2.588890644508009e-06,6.222196370075628e-08,7.46316822784616e-08,0.1586872805659608,17.685338600824753,0.0197720603406286,0.5486979566164328,61.49503464307067,0.0975527169665255,True,True,True,True,True,True,True,False,True
DH_4_MFA,DH,MFA,DH_4_MFA__hybrid_optuna_094,7.90842148583201e-05,1.3382983744499564e-05,6.370410804254418e-08,0.1030056559779454,55.766850580857295,0.0013176323954761,0.0961004701478736,125.44032539794524,0.103319134613115,True,True,True,True,True,True,True,False,True
DH_4_MFA,DH,MFA,DH_4_MFA__hybrid_optuna_034,3.3970233975509945e-07,2.081120677284661e-08,3.863220946136189e-07,0.4873316528214845,48.46120272972174,0.0039269535601953,0.8669076100145895,32.63145262537032,0.2600914448811109,True,True,True,True,True,True,True,False,True
DH_4_MFA,DH,MFA,DH_4_MFA__hybrid_optuna_029,1.300758580807143e-07,4.882303337248228e-08,4.47982664805088e-08,0.2450479707494025,43.044762252912136,0.0040696310910212,0.2808092741646774,73.95599528726014,0.0228861062494344,True,True,True,True,True,True,True,False,True
DH_4_MFA,DH,MFA,DH_4_MFA__hybrid_optuna_067,1.2645194274330117e-05,0.0033689133434523,1.011917385445628e-08,0.2511203971758904,30.15646958025391,0.0062149379816757,0.2166986362657633,74.37532907022508,0.0372684224352276,True,True,True,True,True,True,True,False,True
DH_4_MFA,DH,MFA,DH_4_MFA__hybrid_pre_08,2.0564870177442352e-05,4.582971628834477e-06,0.004784755221679,0.1567590953476372,59.410755516015485,0.0061295007769893,0.0042475701947907,1.0000020682299988e-10,0.0204054179831061,True,True,True,True,True,True,True,False,True
DH_4_MFA,DH,MFA,DH_4_MFA__hybrid_optuna_052,2.0564870177442352e-05,4.582971628834477e-06,0.004784755221679,0.1567590953476372,59.410755516015485,0.0061295007769893,0.0042475701947907,1.0000020682299988e-10,0.0204054179831061,True,True,True,True,True,True,True,False,True
DH_4_MFA,DH,MFA,DH_4_MFA__hybrid_pre_05,4.90893376867844e-05,1.0611386279244848e-05,0.002098969704655,0.1178704584795659,45.18052098149291,0.0044414210818416,0.007672664919485,9.65030117407754e-11,0.1265522384903891,True,True,True,True,True,True,True,False,True
DH_4_MFA,DH,MFA,DH_4_MFA__hybrid_optuna_057,4.90893376867844e-05,1.0611386279244848e-05,0.002098969704655,0.1178704584795659,45.18052098149291,0.0044414210818416,0.007672664919485,9.65030117407754e-11,0.1265522384903891,True,True,True,True,True,True,True,False,True
DH_4_MFA,DH,MFA,DH_4_MFA__hybrid_pre_06,4.26686547130434e-05,2.0771138552195668e-05,0.0037715408344272,0.2098361165009879,21.623893945390776,0.0188528009199002,0.0112539381287674,1e-10,0.1004417569660328,True,True,True,True,True,True,True,False,True
DH_4_MFA,DH,MFA,DH_4_MFA__hybrid_optuna_062,4.26686547130434e-05,2.0771138552195668e-05,0.0037715408344272,0.2098361165009879,21.623893945390776,0.0188528009199002,0.0112539381287674,1e-10,0.1004417569660328,True,True,True,True,True,True,True,False,True
DH_4_MFA,DH,MFA,DH_4_MFA__hybrid_optuna_050,2.12544775857472e-08,1.1856204076346742e-08,0.019199314050965,0.2351961635178323,82.6132184838814,0.0384025989201304,0.0029567395786807,76.3006494577998,0.0268914557793337,True,True,True,True,True,True,True,False,True
DH_4_MFA,DH,MFA,DH_4_MFA__hybrid_optuna_043,9.421618068674666e-07,1.6137657861840497e-07,0.0968523405295669,0.9879865613517956,42.420457617880594,0.0055804947709175,1.496492833709391,50.05329297495939,0.0456585194177412,True,True,False,True,True,True,True,False,True
DH_4_MFA,DH,MFA,DH_4_MFA__hybrid_pre_07,0.0001946965479014,7.65942456041045e-06,0.0006121496915871,0.1190007578668771,32.89666755805257,0.0066382428996993,0.0065807277583207,12.22386340801058,0.0610608975465157,True,True,True,True,True,True,True,False,True
DH_4_MFA,DH,MFA,DH_4_MFA__hybrid_optuna_096,0.0001946965479014,7.65942456041045e-06,0.0006121496915871,0.1190007578668771,32.89666755805257,0.0066382428996993,0.0065807277583207,12.22386340801058,0.0610608975465157,True,True,True,True,True,True,True,False,True
DH_4_MFA,DH,MFA,DH_4_MFA__hybrid_optuna_084,1.661824418462697e-07,7.429509573062231e-07,2.1638099343680617e-07,0.3173133431857425,64.51097133321872,0.0022221692113731,0.02388470134719,96.58244797303756,0.0089477053187615,True,True,True,True,True,True,True,False,True
DH_4_MFA,DH,MFA,DH_4_MFA__hybrid_optuna_086,1.0369090080543251e-06,5.231731021436165e-06,2.0570798242778652e-08,0.2140560428705752,22.256207957726915,0.0034101959203744,0.1219651025387068,16.992106439521336,0.1611063342734568,True,True,True,True,True,True,True,False,True
DH_4_MFA,DH,MFA,DH_4_MFA__hybrid_optuna_085,1.458168674717081e-07,3.260671465524483e-05,3.772777597089596e-08,0.4279333746173706,15.915239164263363,0.0047259408581898,1.466738317016144e-05,106.23424854409896,0.3597676115975883,True,True,True,True,True,True,False,False,True
DH_4_MFA,DH,MFA,DH_4_MFA__hybrid_optuna_087,3.05989992790832e-07,4.883085244923649e-05,3.5840779775146395e-08,0.3337089687799017,38.96171739652942,0.0018172624495402,0.0280959505558425,60.07683903870976,0.0697199722490438,True,True,True,True,True,True,True,False,True
DH_4_MFA,DH,MFA,DH_4_MFA__hybrid_optuna_082,2.330309927679333e-07,0.0008576584927853,5.888317848134209e-08,0.0984528485543996,12.103484549845204,0.0096661840417252,0.1577000438210044,134.34373869443604,0.153247098202775,True,True,True,True,True,True,True,False,True
DH_4_MFA,DH,MFA,DH_4_MFA__hybrid_optuna_051,1.024895914306254e-08,3.141758647876272e-07,1.4257072521688277e-08,0.0506463468445704,107.75158443473944,0.0026168487211725,15.699271630250532,108.56745334852258,0.0034090454803675,True,True,True,True,True,True,True,False,True
DH_4_MFA,DH,MFA,DH_4_MFA__hybrid_optuna_022,1.7337142685114795e-08,3.209869729303224e-05,1.714003867319102e-06,0.0660942925634057,88.38890958631951,0.0022377166808604,0.0876703966474488,94.04756585098824,1.3600546744281867,True,True,True,True,True,True,True,False,True
DH_5_MFA,DH,MFA,DH_5_MFA__hybrid_optuna_099,5.913674084541693e-08,2.180500489771518e-08,7.961929856263713e-06,2.705363745813464,0.9141112576499326,0.0001145166933149,7.862859865951236e-05,146.75968586781437,12.349638239610574,True,True,True,True,False,True,False,False,False
DH_5_MFA,DH,MFA,DH_5_MFA__hybrid_optuna_092,3.934271817733303e-07,1.5172942370876184e-06,1.7928709763916669e-07,0.4042134344394826,12.12881047745732,1.338093994016873e-05,0.0014757114625801,98.85008330257924,1.160483838804576,True,True,True,True,True,True,True,False,True
DH_5_MFA,DH,MFA,DH_5_MFA__hybrid_optuna_098,1.442153466779471e-06,1.0859638993585997e-08,3.9957459106320754e-05,0.4733798311896526,8.687890383939934,0.0001828504859961,3.291133247258185e-05,119.25731980124198,5.835382590322361,True,True,True,True,True,True,False,False,False
DH_5_MFA,DH,MFA,DH_5_MFA__hybrid_optuna_100,0.0059445038840903,0.001067993724337,4.075173392676908e-07,0.0549921651316796,394.1944784476868,0.0003320258070519,11.156918462586772,93.6125290758548,0.0018877356491683,False,True,True,True,False,True,True,False,True
DH_5_MFA,DH,MFA,DH_5_MFA__hybrid_optuna_073,1.0655369528397934e-06,1.0587985075013406e-07,1.7252011089010129e-06,0.9004063368251335,6.5623234441211045,0.0002892807080486,0.0003333104217481,89.21036065294979,2.772306835076008,True,True,True,True,True,True,True,False,True
DH_5_MFA,DH,MFA,DH_5_MFA__hybrid_optuna_095,1.7670169402947916e-06,0.0050615768887523,0.0013303245101522,1.192617378922354,1.4690139693517672,4.207053950287933e-05,2.3226650368137e-05,129.92642186624028,0.6677615511747083,True,True,True,True,True,True,False,False,True
DH_5_MFA,DH,MFA,DH_5_MFA__hybrid_optuna_085,3.6784868397280964e-08,3.203693037302345e-08,0.0001711469496617,5.947937571037226,0.9510184270428376,0.0003498346179601,1.223401281138122e-05,82.01080933143587,0.3053300494325731,True,True,True,True,False,True,False,False,True
DH_5_MFA,DH,MFA,DH_5_MFA__hybrid_optuna_097,0.0095324918263824,1.991868528484216e-06,2.0265166143076465e-06,0.2217400634807726,7.031253322875315,0.0030748376831588,4.971439426871151e-05,51.85688655461501,0.0031367439462143,False,True,True,True,True,True,False,False,True
DH_5_MFA,DH,MFA,DH_5_MFA__hybrid_optuna_074,1.3925160425366051e-08,3.3952479292228974e-07,8.306548087721452e-08,0.078437157360003,1.2203337403767285,0.0305696267078505,0.0008250440523387,88.31085841708921,0.0234066487119709,True,True,True,True,True,True,True,False,True
DH_5_MFA,DH,MFA,DH_5_MFA__hybrid_optuna_075,2.3757307422023688e-08,3.969850975196295e-08,0.0001422463984578,4.678555869479388,1.175684578265173,0.0253543725917984,0.0014287421478741,149.620474272146,0.6631584804279662,True,True,True,True,True,True,True,False,True
DH_5_MFA,DH,MFA,DH_5_MFA__hybrid_optuna_096,0.000177188473548,1.3289448722869162e-08,0.0615699732823519,4.115716865497774,2.167640897475782,5.337032762603954e-05,0.0001430992369351,45.63633644393066,0.2922905212920093,True,True,False,True,True,True,True,False,True
DH_5_MFA,DH,MFA,DH_5_MFA__hybrid_optuna_091,9.773876055262844e-05,1.42906744457457e-06,1.058991278047285e-06,0.8612503007251859,14.69048996383971,0.0036238275260987,6.952571136047887e-05,26.439008302685025,0.0181048537845243,True,True,True,True,True,True,False,False,True
DH_5_MFA,DH,MFA,DH_5_MFA__hybrid_optuna_057,3.9208931077738174e-08,2.275240570660887e-06,2.6614271786508826e-05,0.5160462273090147,2.6544342441123816,0.0005301513982577,4.528369162000169e-05,42.226900124549786,0.0024301841641754,True,True,True,True,True,True,False,False,True
DH_5_MFA,DH,MFA,DH_5_MFA__hybrid_optuna_094,0.0005371709670306,5.4731310252429176e-06,6.822566966067912e-06,0.1303538332681405,9.762509729041922,0.0031162656834416,0.0001894354618096,38.14971935351157,0.0026483043009957,True,True,True,True,True,True,True,False,True
DH_5_MFA,DH,MFA,DH_5_MFA__hybrid_optuna_060,4.667875066109826e-07,2.374843413939978e-07,7.222879794691438e-05,8.328238216841829,1.8751575326368908,0.0006080728401336,0.0022299566212861,29.26343471523808,0.0120744570447957,True,True,True,True,True,True,True,False,True
DH_5_MFA,DH,MFA,DH_5_MFA__hybrid_optuna_070,2.076601219081333e-08,0.000420064819689,6.097180110074454e-08,0.2878894130338833,77.89742096919566,0.0037867109906285,0.0138530301370988,21.732850155880083,0.0709287603953254,True,True,True,True,True,True,True,False,True
DH_5_MFA,DH,MFA,DH_5_MFA__hybrid_optuna_084,1.1996661220636652e-08,4.836884594077431e-07,1.201280511975784e-05,0.687223360417148,5.954804638379348,0.0914625649847343,0.5689196370496582,39.54769661935651,34.855207751949074,True,True,True,True,True,True,True,False,False
DH_5_MFA,DH,MFA,DH_5_MFA__hybrid_optuna_093,1.500971309922269e-08,1.1145122669642336e-07,7.189858924357813e-08,5.837085584653393,0.7702303918088682,0.0928593974889501,1.784800731157915,48.64727903107856,0.5562549716019793,True,True,True,True,False,True,True,False,True
DH_5_MFA,DH,MFA,DH_5_MFA__hybrid_pre_08,2.05648752933797e-05,4.583022516521563e-06,0.0047847905461326,0.1567602938667707,59.410846159099655,0.0061294919157061,0.0042475463076075,1.0000150457349107e-10,0.0204046661117282,True,True,True,True,True,True,True,False,True
DH_5_MFA,DH,MFA,DH_5_MFA__hybrid_optuna_083,2.05648752933797e-05,4.583022516521563e-06,0.0047847905461326,0.1567602938667707,59.410846159099655,0.0061294919157061,0.0042475463076075,1.0000150457349107e-10,0.0204046661117282,True,True,True,True,True,True,True,False,True
DH_5_MFA,DH,MFA,DH_5_MFA__hybrid_pre_05,4.90893376867844e-05,1.0611386279244848e-05,0.002098969704655,0.1178704584795659,45.18052098149291,0.0044414210818416,0.007672664919485,9.650301173729752e-11,0.1265522384903891,True,True,True,True,True,True,True,False,True
DH_5_MFA,DH,MFA,DH_5_MFA__hybrid_optuna_086,4.90893376867844e-05,1.0611386279244848e-05,0.002098969704655,0.1178704584795659,45.18052098149291,0.0044414210818416,0.007672664919485,9.650301173729752e-11,0.1265522384903891,True,True,True,True,True,True,True,False,True
DH_5_MFA,DH,MFA,DH_5_MFA__hybrid_pre_06,4.26686547130434e-05,2.0771138552195668e-05,0.0037715408344272,0.2098361165009879,21.623893945390776,0.0188528009199002,0.0112539381287674,1e-10,0.1004417569660328,True,True,True,True,True,True,True,False,True
DH_5_MFA,DH,MFA,DH_5_MFA__hybrid_optuna_089,4.26686547130434e-05,2.0771138552195668e-05,0.0037715408344272,0.2098361165009879,21.623893945390776,0.0188528009199002,0.0112539381287674,1e-10,0.1004417569660328,True,True,True,True,True,True,True,False,True
DH_5_MFA,DH,MFA,DH_5_MFA__hybrid_optuna_071,1.2879544988105352e-07,2.4194692066916093e-08,1.2414253090933896e-07,6.357139738508613,1.572555938477027,0.0114977657493138,0.0980404687025968,77.09727233686955,0.4675401319932648,True,True,True,True,True,True,True,False,True
DH_5_MFA,DH,MFA,DH_5_MFA__hybrid_optuna_082,5.5202646206433054e-08,2.322737674572428e-05,0.0478967256944768,0.6488316097297553,6.427830776536329,0.0058762144703774,0.0001269104130657,43.18202342774392,0.0039504414773231,True,True,True,True,True,True,True,False,True
DH_5_MFA,DH,MFA,DH_5_MFA__hybrid_optuna_080,1.6292638003913245e-08,3.898273269457258e-07,4.253444199797263e-07,0.0687395034012413,1.8155531904839128,0.0138416861869622,0.0016461918702629,62.47306262551224,0.030775901596714,True,True,True,True,True,True,True,False,True
DH_5_MFA,DH,MFA,DH_5_MFA__hybrid_optuna_078,1.8959301529160628e-08,2.1447945953687206e-07,1.1843714139622185e-07,0.1233649533919388,2.2088827669569464,0.0082394506378237,0.0011522204217373,61.31528246861126,0.0275350079508144,True,True,True,True,True,True,True,False,True
DH_5_MFA,DH,MFA,DH_5_MFA__hybrid_optuna_077,2.0842202048625257e-08,1.7061742837888214e-07,2.4752593640739163e-07,0.1662290396417541,3.0224400234297555,0.016205452309483,0.0003304314123267,55.74106624397115,0.0230712690280627,True,True,True,True,True,True,True,False,True
DH_5_MFA,DH,MFA,DH_5_MFA__hybrid_optuna_076,2.822952573329968e-08,2.9330321107782005e-07,2.184527454450194e-07,0.0514632239698204,1.8877340017107167,0.0122669776715836,0.0003042509188165,57.74623714593442,0.0914453217524819,True,True,True,True,True,True,True,False,True
DH_5_MFA,DH,MFA,DH_5_MFA__hybrid_optuna_044,1.1517230972181485e-07,3.2847439729776926e-08,2.3573267269222584e-06,2.712902117057897,0.7878556402193926,0.0452041467062198,0.0014337356851541,147.19696301374404,0.5991171102221376,True,True,True,True,False,True,True,False,True
DH_5_MFA,DH,MFA,DH_5_MFA__hybrid_optuna_049,6.956953218855196e-08,4.851047269028453e-08,1.44029290448875e-08,1.1431426473463913,10.161097225477796,0.0274294454515203,0.0030249647494071,66.566458630498,0.0973012219150927,True,True,True,True,True,True,True,False,True
DH_5_MFA,DH,MFA,DH_5_MFA__hybrid_optuna_005,1.7020934519173624e-08,3.323292475683897e-07,4.204860424120206e-07,0.0671640602323579,1.8158032403984976,0.0133313255146076,0.0018001549219096,61.61618871661407,0.0298346988938162,True,True,True,True,True,True,True,False,True
DH_5_MFA,DH,MFA,DH_5_MFA__hybrid_optuna_055,1.479591912591041e-07,5.444634949426536e-08,2.876075553222657e-06,2.735115278928546,0.5030730711044371,0.0628804564596509,0.0013734672938101,107.44739044188412,0.7916582976296861,True,True,True,True,False,True,True,False,True
DH_5_MFA,DH,MFA,DH_5_MFA__hybrid_optuna_013,1.2633349570669852e-08,7.274063817451916e-07,5.371345614893615e-08,0.1041133195673451,1.0783537681161866,0.020825000175299,0.0031634968889399,66.74135433983437,0.0367523641604205,True,True,True,True,True,True,True,False,True
DH_5_MFA,DH,MFA,DH_5_MFA__hybrid_optuna_064,9.05896919759984e-06,7.376125784154007e-08,3.467579863515209e-08,1.634014684116278,3.7509420787209633,0.0026710248285266,0.0396430684887449,71.36821874640904,0.3172936503915705,True,True,True,True,True,True,True,False,True
DH_5_MFA,DH,MFA,DH_5_MFA__hybrid_optuna_079,1.5535213237933462e-08,1.899296834179086e-06,1.8302478188379784e-07,0.15751705216367,1.1988923551611277,0.0179743306979622,0.0005355040822757,53.69532660753661,0.016873279236611,True,True,True,True,True,True,True,False,True
DH_5_MFA,DH,MFA,DH_5_MFA__hybrid_optuna_046,6.652442534196367e-07,1.4364622105044928e-08,3.168495843601637e-08,2.089542598603732,18.678679951574367,0.0137689715391593,0.0113896901031531,136.3302147677016,0.025499785016779,True,True,True,True,True,True,True,False,True
DH_5_MFA,DH,MFA,DH_5_MFA__hybrid_optuna_009,2.0719245084684723e-08,5.081087882177291e-07,3.48061439745529e-07,0.1672634468332756,1.3104572496991085,0.0114943106434786,0.0002795222234757,55.02950858315934,0.0205489220326001,True,True,True,True,True,True,True,False,True
DH_5_MFA,DH,MFA,DH_5_MFA__hybrid_optuna_006,1.566491422711916e-08,6.961562775877839e-07,4.803371179726045e-07,0.1034505868806194,1.7866964488161805,0.0223160760584374,0.0004899671670836,56.56903081328562,0.0316954006164588,True,True,True,True,True,True,True,False,True
DH_5_MFA,DH,MFA,DH_5_MFA__hybrid_optuna_004,1.7435589293643608e-08,6.327810111028313e-07,1.1776165910051981e-07,0.1105704804897009,1.487356104459222,0.0198175455806438,0.000346406968174,77.89349857486428,0.0437184951429289,True,True,True,True,True,True,True,False,True
DH_5_MFA,DH,MFA,DH_5_MFA__hybrid_optuna_045,1.626606960927783e-07,1.285954425639909e-07,1.227423806457348e-07,3.8029296774977768,3.889042869091874,0.0580944256995684,0.0323770500751693,52.68556427368417,0.5579341198302822,True,True,True,True,True,True,True,False,True
DH_5_MFA,DH,MFA,DH_5_MFA__hybrid_optuna_043,2.065704093529473e-07,8.356978416914746e-08,4.3548359090684605e-06,2.698605993450729,2.7115749062729395,0.0019818778138536,0.0011556229578217,66.97625512146337,0.9478505090885164,True,True,True,True,True,True,True,False,True
DH_5_MFA,DH,MFA,DH_5_MFA__hybrid_optuna_012,1.3737142463262164e-08,1.6402736975259176e-06,3.38799490908834e-07,0.113032218730202,1.6341574039321909,0.0460804920326413,0.0019761795535158,70.94213054862942,0.064703372954198,True,True,True,True,True,True,True,False,True
DH_5_MFA,DH,MFA,DH_5_MFA__hybrid_optuna_023,4.6790253580439566e-08,4.444394923933473e-07,7.757874179721305e-07,0.1866746289458759,1.3952927122246503,0.0126051817307497,9.644031028592212e-05,50.40554772317714,0.0394191634266358,True,True,True,True,True,True,False,False,True
DH_5_MFA,DH,MFA,DH_5_MFA__hybrid_optuna_022,3.3881674497283336e-08,6.711744722181119e-07,1.6894798049525065e-07,0.0921504191092046,2.196716891366291,0.0232215927207749,0.0021701849642576,80.56092613774209,0.0436542229454524,True,True,True,True,True,True,True,False,True
DH_5_MFA,DH,MFA,DH_5_MFA__hybrid_optuna_033,1.989209272595994e-08,1.1644999831541914e-06,7.303501853574732e-07,0.0592141008190421,0.7088931505507674,0.0205714846785209,0.0003827476001699,75.98885011679242,0.0336521589584123,True,True,True,True,False,True,True,False,True
DH_5_MFA,DH,MFA,DH_5_MFA__hybrid_optuna_048,2.306514749430144e-07,1.3550001140793586e-07,1.4485231725139704e-07,3.6935260261578207,3.422427074107707,0.09857833178543,0.0371787376386842,72.68882535642462,1.7903861019960865,True,True,True,True,True,True,True,False,True
DH_5_MFA,DH,MFA,DH_5_MFA__hybrid_optuna_072,1.592863656115813e-07,1.5084937745370463e-06,2.5677062988088546e-07,9.548355205193293,2.168111479101609,0.0022417450296487,0.0968775352436912,62.905113502944026,21.04026814267736,True,True,True,True,True,True,True,False,False
DH_5_MFA,DH,MFA,DH_5_MFA__hybrid_optuna_042,2.2037788150777657e-07,1.1430084642558973e-07,2.4987395508639292e-08,1.4804849434911609,4.399485101262164,0.0256703945789288,0.0031224555161286,64.15751821331288,0.1997614924780064,True,True,True,True,True,True,True,False,True
DH_5_MFA,DH,MFA,DH_5_MFA__hybrid_optuna_036,3.2890705565863135e-08,8.757919831391569e-07,5.440182928765754e-06,0.1011478623605428,8.157743501386967,0.0016201350443625,0.0003614195699542,36.33664578637018,0.0086748486993092,True,True,True,True,True,True,True,False,True
DH_5_MFA,DH,MFA,DH_5_MFA__hybrid_pre_07,0.0001946965479014,7.65942456041045e-06,0.0006121496915871,0.1190007578668771,32.89666755805257,0.0066382428996993,0.0065807277583207,12.22386340801058,0.0610608975465157,True,True,True,True,True,True,True,False,True
DH_5_MFA,DH,MFA,DH_5_MFA__hybrid_optuna_069,0.0001946965479014,7.65942456041045e-06,0.0006121496915871,0.1190007578668771,32.89666755805257,0.0066382428996993,0.0065807277583207,12.22386340801058,0.0610608975465157,True,True,True,True,True,True,True,False,True
DH_5_MFA,DH,MFA,DH_5_MFA__hybrid_optuna_010,1.6766487156623697e-08,1.9459206316664627e-06,4.206456726068143e-07,0.1550443173186413,1.9401724257283848,0.0202577937359274,0.0005351666680071,56.78708290816823,0.0178098483413968,True,True,True,True,True,True,True,False,True
DH_5_MFA,DH,MFA,DH_5_MFA__hybrid_optuna_032,5.145965317495295e-08,6.291843728855399e-07,1.0337045071826505e-07,0.0622499230772607,2.960100233259635,0.0158274801836932,0.0009815637588008,68.3261916894782,0.0487300671712088,True,True,True,True,True,True,True,False,True
DH_5_MFA,DH,MFA,DH_5_MFA__hybrid_optuna_011,1.3333277613804126e-08,2.544707044308293e-06,4.162452391462134e-07,0.1107464001175943,1.5266333069452191,0.006346837200844,0.0006425069197473,62.91839470151673,0.0153614499022377,True,True,True,True,True,True,True,False,True
DH_5_MFA,DH,MFA,DH_5_MFA__hybrid_optuna_024,3.373663527216157e-08,1.0851594221228253e-06,6.072319553665962e-07,0.0932508314140416,0.9989989872974154,0.0319565141050307,0.0004782950363472,63.07889512111425,0.0144834547593254,True,True,True,True,False,True,True,False,True
DH_5_MFA,DH,MFA,DH_5_MFA__hybrid_optuna_003,1.7063871793632614e-08,2.162090090850617e-06,1.884897915169443e-07,0.1051487140065991,1.6751738006327062,0.0147451057919322,0.000529853179927,57.09943687319962,0.0319310602139388,True,True,True,True,True,True,True,False,True
DH_5_MFA,DH,MFA,DH_5_MFA__hybrid_post_003,1.7091150094490772e-08,2.161205888428712e-06,1.882814938542403e-07,0.1051559508903504,1.676564279406613,0.0147466484893493,0.0005311378457907,57.099292573919385,0.0319484371395948,True,True,True,True,True,True,True,False,True
DH_5_MFA,DH,MFA,DH_5_MFA__hybrid_optuna_058,9.631154903997325e-08,5.044679511821316e-07,1.0732551610059213e-08,1.801416441475026,0.5536265961278548,0.0012716760442599,0.0004758596356458,68.6578462019828,4.474890706604191,True,True,True,True,False,True,True,False,True
DH_5_MFA,DH,MFA,DH_5_MFA__hybrid_optuna_020,2.882898910782536e-08,1.3593694263244383e-06,1.504087511491986e-07,0.1403386012063167,4.048626140118858,0.010119028841035,0.0002634201490214,56.20357661568994,0.0588772455979152,True,True,True,True,True,True,True,False,True
DH_5_MFA,DH,MFA,DH_5_MFA__hybrid_optuna_001,1.6744283599849716e-08,2.5472872482216826e-06,1.4499037236474294e-06,0.1606725400087481,2.872836996070085,0.0059581294841031,0.0005350700766238,54.12410860215411,0.0172490355331672,True,True,True,True,True,True,True,False,True
DH_5_MFA,DH,MFA,DH_5_MFA__hybrid_optuna_014,1.6774254235742508e-08,2.6293286606171564e-06,4.306987085497893e-07,0.1107711264352757,1.4781369099798605,0.0061797871099052,0.0005826616852749,54.42135710601518,0.0176464349590845,True,True,True,True,True,True,True,False,True
DH_5_MFA,DH,MFA,DH_5_MFA__hybrid_post_001,1.6757519004133596e-08,2.606618170080642e-06,1.4248966088633088e-06,0.1606749137957342,2.8826871773965626,0.0059767399413622,0.0005278479611494,54.044034558510496,0.0172674957948466,True,True,True,True,True,True,True,False,True
DH_5_MFA,DH,MFA,DH_5_MFA__hybrid_optuna_002,1.623847020655715e-08,2.703939530454894e-06,7.284568636773257e-07,0.1076654213857504,1.9397074483694048,0.0061331865904135,0.0001475495041181,54.65893462385716,0.0188407520205954,True,True,True,True,True,True,True,False,True
DH_5_MFA,DH,MFA,DH_5_MFA__hybrid_post_002,1.632108649774943e-08,2.6952338803672067e-06,7.347182061394935e-07,0.1076607131435737,1.936846095423691,0.0061400702588655,0.0001464323854748,54.647044241530615,0.0188362681357045,True,True,True,True,True,True,True,False,True
DH_5_MFA,DH,MFA,DH_5_MFA__hybrid_optuna_034,1.0101154293157924e-08,8.524449308746516e-06,4.448606737466205e-07,0.7276700542992414,7.784102263732103,0.0098509894117467,0.0002464763895456,33.751632373058484,0.0033616603838695,True,True,True,True,True,True,True,False,True
DH_5_MFA,DH,MFA,DH_5_MFA__hybrid_optuna_025,1.0833945735960348e-08,9.181995919403895e-06,2.787468253812174e-07,0.7952223773959353,5.412758639464989,0.0097366374404076,0.0006588237334289,32.61935339841944,0.0070001757516467,True,True,True,True,True,True,True,False,True
DH_5_MFA,DH,MFA,DH_5_MFA__hybrid_optuna_028,1.00453699561651e-08,1.0588130226263373e-05,2.971729169758767e-07,0.8133679603967884,5.422286609471784,0.0098728481305431,0.0007554590997334,29.10426603522585,0.0118173441497005,True,True,True,True,True,True,True,False,True
DH_5_MFA,DH,MFA,DH_5_MFA__hybrid_optuna_008,1.1397478856131393e-08,9.977569470351576e-06,3.99295446175628e-07,0.7964163028291874,5.234264507141712,0.0032416609600175,0.0005878769292139,27.42766506787047,0.0053416702457621,True,True,True,True,True,True,True,False,True
DH_5_MFA,DH,MFA,DH_5_MFA__hybrid_optuna_027,1.6948916452768195e-08,6.611156671768913e-06,5.696576664984873e-07,0.1400172117428218,9.15703961745321,0.0019718004326592,0.0001942872407311,49.24699342135584,0.0018063186185796,True,True,True,True,True,True,True,False,True
DH_5_MFA,DH,MFA,DH_5_MFA__hybrid_optuna_054,8.017130176611568e-08,4.274420282515429e-06,1.3279733643024894e-06,0.6336879538071113,7.768162203223766,0.0007077702871086,4.705102405596863e-05,39.830573190038,0.0018301341015523,True,True,True,True,True,True,False,False,True
DH_5_MFA,DH,MFA,DH_5_MFA__hybrid_optuna_051,3.6505035077525204e-07,5.264545763676082e-07,5.957649515300369e-07,2.971323633997971,3.5636463444538538,0.0476214075905081,0.0390968448523839,58.24660087581606,1.2561798059242106,True,True,True,True,True,True,True,False,True
DH_5_MFA,DH,MFA,DH_5_MFA__hybrid_optuna_065,1.0159810832620573e-08,4.765624937741604e-05,4.47982664805088e-08,1.3194514539753948,4.746092246899462,0.0043857075338824,0.0045622692560338,39.06895000402221,0.0459818463791383,True,True,True,True,True,True,True,False,True
DH_5_MFA,DH,MFA,DH_5_MFA__hybrid_optuna_007,1.4826820117193444e-08,1.1283819746453498e-05,2.97177726165639e-07,0.7613779283789687,8.08963334870636,0.003168018656701,0.0001820562181004,28.20240445672286,0.0036489004057295,True,True,True,True,True,True,True,False,True
DH_5_MFA,DH,MFA,DH_5_MFA__hybrid_optuna_056,1.1674619554190213e-06,1.913489632070406e-07,1.717130525688817e-05,0.7670534307185009,6.325671955666121,0.0009767624466783,0.0003950191292968,84.14332615822137,2.5255112817858403,True,True,True,True,True,True,True,False,True
DH_5_MFA,DH,MFA,DH_5_MFA__hybrid_optuna_063,4.480690729021595e-06,2.4193686397140736e-07,3.4535132555671457e-06,1.7375566000385003,3.3474376627428217,0.0023808829618956,9.342471967350883e-05,52.53505891627415,10.930211710229086,True,True,True,True,True,True,False,False,False
DH_5_MFA,DH,MFA,DH_5_MFA__hybrid_optuna_037,1.5093269947558733e-08,1.594983999668003e-05,2.685973338352175e-07,0.3483071194296743,11.253996180946316,0.0015934357064716,0.000743403260118,29.02159294111744,0.0049883570535165,True,True,True,True,True,True,True,False,True
DH_5_MFA,DH,MFA,DH_5_MFA__hybrid_optuna_031,7.845336577661102e-08,3.760072446188888e-06,1.5603888194309543e-05,0.0737710985832322,42.51813890793402,0.0017737156281881,0.0001165003089043,25.392422875669205,0.0014005278916597,True,True,True,True,True,True,True,False,True
DH_5_MFA,DH,MFA,DH_5_MFA__hybrid_optuna_053,3.832614695957096e-07,1.0496275433284647e-06,7.081875348832746e-07,2.661586212840328,3.4674235237567537,0.0386760853905575,0.0476823553130844,57.64953744105639,1.5643245389760256,True,True,True,True,True,True,True,False,True
DH_5_MFA,DH,MFA,DH_5_MFA__hybrid_optuna_018,8.268186570040397e-08,3.6234917240281793e-06,1.0630394575356877e-06,0.6038562377745326,7.40594662859751,0.0033052153598919,0.0001309876838694,42.47362696647791,0.0031132359888676,True,True,True,True,True,True,True,False,True
DH_5_MFA,DH,MFA,DH_5_MFA__hybrid_optuna_015,8.440260247522265e-08,3.733779584577917e-06,6.698114858607608e-06,0.2446567683900855,9.367901908705054,0.0031064984773265,0.0002061979050924,39.04033103767407,0.0030046238596182,True,True,True,True,True,True,True,False,True
DH_5_MFA,DH,MFA,DH_5_MFA__hybrid_optuna_019,8.878829649536165e-08,3.981989435684496e-06,1.2771053879037424e-06,0.8166811286921976,6.932747673239816,0.0031768681832427,0.0001873166449916,39.11007150954887,0.0100050912050381,True,True,True,True,True,True,True,False,True
DH_5_MFA,DH,MFA,DH_5_MFA__hybrid_optuna_017,7.694046782776432e-08,4.678013207278729e-06,1.286557711360039e-06,0.6001553269966833,7.24931475696004,0.0033906724114582,0.0001829134490409,36.6073459137654,0.0023470365990505,True,True,True,True,True,True,True,False,True
DH_5_MFA,DH,MFA,DH_5_MFA__hybrid_optuna_052,1.139713597201625e-06,4.179401436703843e-07,4.025250365807171e-05,0.6364594967608662,7.835405755812982,0.0013417547211796,0.0004458500928292,74.56280904162787,1.6640470111858103,True,True,True,True,True,True,True,False,True
DH_5_MFA,DH,MFA,DH_5_MFA__hybrid_optuna_050,9.514404178917048e-08,5.846712185406599e-06,3.4300199476403262e-06,0.2918563825544854,12.97600058402435,0.0007612996185261,0.0001877201161533,36.10116277962763,0.0047561053925217,True,True,True,True,True,True,True,False,True
DH_5_MFA,DH,MFA,DH_5_MFA__hybrid_optuna_016,8.44536515657884e-08,5.442666218210381e-06,5.127800029286879e-06,0.1455922341370346,9.596021920142192,0.0032918701607811,0.0001758959487165,36.40859153343515,0.0030270335444029,True,True,True,True,True,True,True,False,True
DH_5_MFA,DH,MFA,DH_5_MFA__hybrid_optuna_061,4.5975584807746594e-08,3.309228316060429e-05,1.0229216244539856e-08,0.557604347413579,17.682514906894266,0.0076507704642457,0.0169808087609343,6.971911945528955,0.0012078857880193,True,True,True,True,True,True,True,False,True
DH_5_MFA,DH,MFA,DH_5_MFA__hybrid_optuna_021,2.5147591410246435e-08,4.1048756998207016e-05,3.091975940016732e-08,1.0882918173951035,5.197154336657681,0.0045113526461272,0.0049714176372303,43.24131500724788,0.1541805189743456,True,True,True,True,True,True,True,False,True
DH_5_MFA,DH,MFA,DH_5_MFA__hybrid_optuna_029,2.5091889782923924e-08,5.3443354125680816e-05,1.7533592502132777e-08,0.9799697510364296,5.234973741391799,0.0044897509883287,0.006915005722469,24.651358634364865,0.1828988375912263,True,True,True,True,True,True,True,False,True
DH_5_MFA,DH,MFA,DH_5_MFA__hybrid_optuna_030,2.242036196800889e-08,5.97605837447829e-05,3.68555029233433e-08,1.2605774121179658,4.837587841576105,0.0047001692916373,0.0049931811277734,45.43724273243909,0.1444081728171603,True,True,True,True,True,True,True,False,True
DH_5_MFA,DH,MFA,DH_5_MFA__hybrid_optuna_067,4.460411520873051e-08,7.865597005911017e-05,7.73780407959266e-08,3.898264656152278,2.502956179408879,0.0171761107983375,0.0214171464999628,20.929895288805284,5.713841247538099,True,True,True,True,True,True,True,False,False
DH_5_MFA,DH,MFA,DH_5_MFA__hybrid_optuna_026,2.7864189551227897e-08,4.715963346051619e-05,3.088159548877958e-08,1.2268901949012907,4.807354434695665,0.0047150171616967,0.0052156747562797,44.926174786713744,0.1620221040286594,True,True,True,True,True,True,True,False,True
DH_5_MFA,DH,MFA,DH_5_MFA__hybrid_optuna_038,4.088250546504495e-08,3.6882455251663526e-05,1.1233370498641433e-08,0.5486725942141166,15.123711775061302,0.0081419036316367,0.0059497677267609,10.230555868520987,0.0116879510849876,True,True,True,True,True,True,True,False,True
DH_5_MFA,DH,MFA,DH_5_MFA__hybrid_optuna_041,1.2471554150363993e-07,1.349441178298645e-05,1.784316699398803e-06,0.4140244799532841,11.371464911394057,0.0011159939696549,2.4328659847479345e-05,32.17033076421387,0.0070812440397667,True,True,True,True,True,True,False,False,True
DH_5_MFA,DH,MFA,DH_5_MFA__hybrid_optuna_040,2.4548223898795648e-08,0.0001671137063187,1.9789043817817507e-08,0.995146834467598,26.368124781378405,0.0073314003318866,0.0070448528379003,12.92904950855124,0.1716305145157776,True,True,True,True,True,True,True,False,True
DH_5_MFA,DH,MFA,DH_5_MFA__hybrid_optuna_062,1.9680572981611977e-05,8.553844677016275e-07,9.00449511731813e-07,0.1793527236911788,20.612880836815386,0.0012806043077376,1.782508823649703e-05,19.689788924928163,0.0070688316400554,True,True,True,True,True,True,False,False,True
DH_5_MFA,DH,MFA,DH_5_MFA__hybrid_optuna_039,2.4948488123668094e-08,0.0001785504747919,1.655771870498001e-08,0.9973229201012034,26.979961415154392,0.0054216748457902,0.0059805760629512,16.655683260926182,0.1358448737941454,True,True,True,True,True,True,True,False,True
DH_5_MFA,DH,MFA,DH_5_MFA__hybrid_optuna_059,3.100767680398008e-06,2.86844415091991e-06,1.0757414748549455e-06,0.448757571854771,13.66479032201524,0.0349256337351491,0.0004502742810268,107.59077531597956,0.1697245249209505,True,True,True,True,True,True,True,False,True
DH_5_MFA,DH,MFA,DH_5_MFA__hybrid_optuna_047,6.036328853926942e-07,1.889448209936388e-05,5.037539468271365e-06,0.3355133726233055,9.143308688907997,0.0023174936116904,7.826060540674932e-05,59.65555590398057,0.0019282797625481,True,True,True,True,True,True,False,False,True
DH_5_MFA,DH,MFA,DH_5_MFA__hybrid_optuna_081,0.0013366429128963,0.0002970419656837,3.859241243176034e-05,0.0533062419236026,170.28556248124946,0.0009641958295232,0.2618463626432974,34.30856955599592,0.0050583634108371,True,True,True,True,True,True,True,False,True
DH_5_MFA,DH,MFA,DH_5_MFA__hybrid_optuna_068,6.412662230086039e-08,0.0081021674294565,2.411153719489292e-06,0.2124708728734646,6.138003450819528,0.0022431620545859,0.0009919728879253,48.2486552913433,0.0040190015557821,True,True,True,True,True,True,True,False,True
DH_6_MFA,DH,MFA,DH_6_MFA__hybrid_optuna_089,1.831772358374243e-08,6.677572302239178e-08,2.3775778615364685e-07,0.3488310266310853,0.5832103334447818,7.975270775105041e-05,1.265633677677358e-05,129.70151262056845,1.5066394276642283,True,True,True,True,False,True,False,False,True
DH_6_MFA,DH,MFA,DH_6_MFA__hybrid_optuna_092,1.45975108319096e-08,2.8716647863527138e-06,4.322307287920272e-08,0.2940799874700057,0.808290014181375,1.7733407384241722e-05,5.509996515360642e-05,130.64615866249827,0.0893175350130613,True,True,True,True,False,True,False,False,True
DH_6_MFA,DH,MFA,DH_6_MFA__hybrid_optuna_093,1.442153466779471e-06,1.0859638993585997e-08,3.9957459106320754e-05,0.4733798311896526,8.687890383939934,0.0001828504859961,3.291133247258185e-05,119.25731980124198,5.835382590322361,True,True,True,True,True,True,False,False,False
DH_6_MFA,DH,MFA,DH_6_MFA__hybrid_optuna_100,0.0059445038840903,0.001067993724337,4.075173392676908e-07,0.0549921651316796,394.1944784476868,0.0003320258070519,11.156918462586772,93.6125290758548,0.0018877356491683,False,True,True,True,False,True,True,False,True
DH_6_MFA,DH,MFA,DH_6_MFA__hybrid_optuna_076,1.0655369528397934e-06,1.0587985075013406e-07,1.7252011089010129e-06,0.9004063368251335,6.5623234441211045,0.0002892807080486,0.0003333104217481,89.21036065294979,2.772306835076008,True,True,True,True,True,True,True,False,True
DH_6_MFA,DH,MFA,DH_6_MFA__hybrid_optuna_095,1.7670169402947916e-06,0.0050615768887523,0.0013303245101522,1.192617378922354,1.4690139693517672,4.207053950287933e-05,2.3226650368137e-05,129.92642186624028,0.6677615511747083,True,True,True,True,True,True,False,False,True
DH_6_MFA,DH,MFA,DH_6_MFA__hybrid_optuna_064,3.056053983790992e-08,1.1287480574237469e-07,3.996964107097624e-06,1.5964542038792715,1.171351265217109,0.0557703487599789,4.337003519953295e-05,144.6820995131246,0.1360753398947711,True,True,True,True,True,True,False,False,True
DH_6_MFA,DH,MFA,DH_6_MFA__hybrid_optuna_063,5.4703392504830025e-08,1.167724813161169e-07,6.868290435767921e-08,0.6430656052974232,0.8764385162952237,0.043197532327228,0.0004431731832913,145.32650927261244,0.2952734831211295,True,True,True,True,False,True,True,False,True
DH_6_MFA,DH,MFA,DH_6_MFA__hybrid_optuna_065,1.4381842601923898e-08,7.748905610945519e-08,1.1217883981029722e-05,0.6201936739268608,1.0341877401545994,0.0514530678002129,0.0002713009320591,132.747754396546,0.2371270587619025,True,True,True,True,True,True,True,False,True
DH_6_MFA,DH,MFA,DH_6_MFA__hybrid_optuna_096,0.000177188473548,1.3289448722869162e-08,0.0615699732823519,4.115716865497774,2.167640897475782,5.337032762603954e-05,0.0001430992369351,45.63633644393066,0.2922905212920093,True,True,False,True,True,True,True,False,True
DH_6_MFA,DH,MFA,DH_6_MFA__hybrid_optuna_066,4.2824175279830324e-08,3.5601453855421145e-08,3.757005650860788e-06,5.860752688288274,0.8983458865545649,0.0322376401154389,8.602158212844353e-05,109.70168410478846,0.1875448669226306,True,True,True,True,False,True,False,False,True
DH_6_MFA,DH,MFA,DH_6_MFA__hybrid_optuna_090,6.3842770698813096e-06,2.032864435469483e-06,1.0822665341555778e-07,3.1923301358039304,0.851231563971983,0.0541345176489063,0.0437986918762607,134.4094544824339,0.8720618369228748,True,True,True,True,False,True,True,False,True
DH_6_MFA,DH,MFA,DH_6_MFA__hybrid_optuna_094,8.975851653471275e-05,4.9739298202255846e-08,3.918994847774048e-07,0.2342354995730229,3.1185050733162374,0.077807753570601,3.259449430075212e-05,111.08264470341832,0.0589847850226817,True,True,True,True,True,True,False,False,True
DH_6_MFA,DH,MFA,DH_6_MFA__hybrid_optuna_054,6.738991579357497e-08,9.398645165122921e-08,2.0918969212379645e-08,1.1211966878073494,0.6818286151542463,0.0006879220193862,0.0002684223930634,84.13222229749732,0.0093041712922024,True,True,True,True,False,True,True,False,True
DH_6_MFA,DH,MFA,DH_6_MFA__hybrid_optuna_082,1.1996661220636652e-08,4.836884594077431e-07,1.201280511975784e-05,0.687223360417148,5.954804638379348,0.0914625649847343,0.5689196370496582,39.54769661935651,34.855207751949074,True,True,True,True,True,True,True,False,False
DH_6_MFA,DH,MFA,DH_6_MFA__hybrid_optuna_097,0.0095324918263824,3.722711416238034e-07,2.3005746986789302e-05,0.7997715766927636,0.9842641258181324,0.0028966125135795,0.0001114955674152,133.7511873343773,0.0021748874262711,False,True,True,True,False,True,True,False,True
DH_6_MFA,DH,MFA,DH_6_MFA__hybrid_optuna_091,2.6514213594746908e-05,2.5559464365339412e-08,7.559591121476227e-06,0.5919262336689359,1.899863129925861,0.0762709879951692,3.55054199050757e-05,110.74182948047422,0.0851456095594813,True,True,True,True,True,True,False,False,True
DH_6_MFA,DH,MFA,DH_6_MFA__hybrid_optuna_084,1.6714907582146492e-08,1.9183730824178346e-08,8.929970764591848e-08,1.6695372687016732,11.032625101397572,0.0676679464115695,3.170172713730533,137.50896345296815,0.0786662321408419,True,True,True,True,True,True,True,False,True
DH_6_MFA,DH,MFA,DH_6_MFA__hybrid_optuna_079,2.7864112354113042e-08,1.6917228645834557e-07,1.709107541250633e-06,7.5334068340445075,0.7682067817248798,0.0574272509196006,0.0353174277562476,124.7107566744813,1.3874561653369293,True,True,True,True,False,True,True,False,True
DH_6_MFA,DH,MFA,DH_6_MFA__hybrid_optuna_080,5.98849637126186e-08,3.857573255761045e-08,6.770115724676095e-07,2.042863411890143,1.1726299847821575,0.0342061855971348,0.0853973674680349,148.28390146528773,12.991359848821268,True,True,True,True,True,True,True,False,False
DH_6_MFA,DH,MFA,DH_6_MFA__hybrid_pre_08,2.056486939961721e-05,4.582988974093e-06,0.0047847574577957,0.1567589213995796,59.41103806004932,0.0061294990125414,0.004247579659176,1.000000066818088e-10,0.0204055056916641,True,True,True,True,True,True,True,False,True
DH_6_MFA,DH,MFA,DH_6_MFA__hybrid_optuna_081,2.056486939961721e-05,4.582988974093e-06,0.0047847574577957,0.1567589213995796,59.41103806004932,0.0061294990125414,0.004247579659176,1.000000066818088e-10,0.0204055056916641,True,True,True,True,True,True,True,False,True
DH_6_MFA,DH,MFA,DH_6_MFA__hybrid_pre_05,4.90893376867844e-05,1.0611386279244848e-05,0.002098969704655,0.1178704584795659,45.18052098149291,0.0044414210818416,0.007672664919485,9.650301173515079e-11,0.1265522384903891,True,True,True,True,True,True,True,False,True
DH_6_MFA,DH,MFA,DH_6_MFA__hybrid_optuna_083,4.90893376867844e-05,1.0611386279244848e-05,0.002098969704655,0.1178704584795659,45.18052098149291,0.0044414210818416,0.007672664919485,9.650301173515079e-11,0.1265522384903891,True,True,True,True,True,True,True,False,True
DH_6_MFA,DH,MFA,DH_6_MFA__hybrid_optuna_078,1.4873847062242473e-08,3.4333396930700136e-08,8.029383159462115e-08,5.163485860952293,0.5146969985760582,0.0989702046991027,0.0015438395010665,143.60068821250815,0.4470750357251608,True,True,True,True,False,True,True,False,True
DH_6_MFA,DH,MFA,DH_6_MFA__hybrid_optuna_098,3.864391309046286e-06,2.5800235197436973e-08,0.0001612759393359,1.928738037903076,1.4313948610803064,0.0968227548259298,1.1653549609051824e-05,118.7963766931738,8.374116474998853,True,True,True,True,True,True,False,False,False
DH_6_MFA,DH,MFA,DH_6_MFA__hybrid_optuna_099,1.548900076262568e-08,5.030722933729952e-08,1.814949996113257e-07,0.6798360099874867,1.0126432900596585,0.0650765747761356,0.0063436640307093,138.28857843821066,0.018686381076129,True,True,True,True,True,True,True,False,True
DH_6_MFA,DH,MFA,DH_6_MFA__hybrid_pre_06,4.26686547130434e-05,2.0771138552195668e-05,0.0037715408344272,0.2098361165009879,21.623893945390776,0.0188528009199002,0.0112539381287674,1e-10,0.1004417569660328,True,True,True,True,True,True,True,False,True
DH_6_MFA,DH,MFA,DH_6_MFA__hybrid_optuna_087,4.26686547130434e-05,2.0771138552195668e-05,0.0037715408344272,0.2098361165009879,21.623893945390776,0.0188528009199002,0.0112539381287674,1e-10,0.1004417569660328,True,True,True,True,True,True,True,False,True
DH_6_MFA,DH,MFA,DH_6_MFA__hybrid_optuna_061,1.8629205745377684e-08,2.763117998047743e-08,3.5548279133534103e-06,0.2716284341278272,1.122513642602205,0.0292798825913324,0.0160657120779523,122.68011076393262,0.0032049479347857,True,True,True,True,True,True,True,False,True
DH_6_MFA,DH,MFA,DH_6_MFA__hybrid_optuna_077,1.0045793115958507e-08,1.0247940111613852e-08,0.0655922445797431,0.8133679603967884,1.1255929756546064,0.0216725974543287,0.0001332470885853,12.5545891503929,0.1129918090558282,True,True,False,True,True,True,True,False,True
DH_6_MFA,DH,MFA,DH_6_MFA__hybrid_optuna_062,0.0006571441459218,7.61951146249959e-08,0.0153433047096068,0.0897279691043337,0.9213891800015078,0.0079196371433568,2.520577752302661e-05,130.71777534517554,0.0046353568510839,True,True,True,True,False,True,False,False,True
DH_6_MFA,DH,MFA,DH_6_MFA__hybrid_optuna_068,4.549308533728953e-08,2.333201826305717e-08,2.6812082456641962e-08,0.8884295441372478,0.5623368355872584,0.0328702392217467,9.319570622021908e-05,127.26898803555716,0.3936489510191404,True,True,True,True,False,True,False,False,True
DH_6_MFA,DH,MFA,DH_6_MFA__hybrid_optuna_073,4.3350526438306896e-08,1.7887391088417212e-08,9.675708358424898e-06,0.2570021081631566,2.604562058503325,0.0319650147555894,0.0037056305909238,125.3854556921487,0.1104095094937824,True,True,True,True,True,True,True,False,True
DH_6_MFA,DH,MFA,DH_6_MFA__hybrid_optuna_021,1.3749261815215826e-08,1.575553283120035e-08,0.0004927099373805,0.5628097728294593,1.4241574049152914,0.0101432979810137,0.0002623746782754,132.91627163608493,0.0133193221168134,True,True,True,True,True,True,True,False,True
DH_6_MFA,DH,MFA,DH_6_MFA__hybrid_optuna_012,1.0179968638831904e-08,2.057081813646515e-08,1.0343820356122625e-07,0.5552722939680312,0.9548351983604084,0.0246367567329378,0.000181333298616,126.49865007137504,0.0612873577087868,True,True,True,True,False,True,True,False,True
DH_6_MFA,DH,MFA,DH_6_MFA__hybrid_optuna_029,1.0554015745542553e-08,2.0115909351320736e-08,1.989009572450298e-07,1.0742316040477589,1.736986783594052,0.015893583289304,7.595444794268831e-05,133.81973747214064,0.0108825341006604,True,True,True,True,True,True,False,False,True
DH_6_MFA,DH,MFA,DH_6_MFA__hybrid_optuna_010,1.6803783259859775e-08,1.3402627887313226e-08,1.6847481943586096e-05,0.2590096708051806,1.083947968287949,0.0247697162434067,9.13245834338684e-05,117.80100988214848,0.0160966330260222,True,True,True,True,True,True,False,False,True
DH_6_MFA,DH,MFA,DH_6_MFA__hybrid_optuna_007,1.133393337147586e-08,2.1272320786105e-08,6.156957914868577e-07,0.5337600973784571,1.0518161638074803,0.0307554653429608,0.0001833180369574,126.87832874507,0.0599994449205141,True,True,True,True,True,True,True,False,True
DH_6_MFA,DH,MFA,DH_6_MFA__hybrid_optuna_011,1.1816932095064049e-08,2.1132291858637084e-08,5.857840653145829e-07,0.5598939464559892,1.011183205837223,0.0238734832280872,0.0002164732677645,128.85615151056697,0.1181469941460399,True,True,True,True,True,True,True,False,True
DH_6_MFA,DH,MFA,DH_6_MFA__hybrid_optuna_037,1.13314860328145e-08,2.24215488151688e-08,7.007925475707469e-07,0.5342593050096972,1.0641049795603563,0.0053911272769958,0.0002179456618221,127.6186386330373,0.0659635619665256,True,True,True,True,True,True,True,False,True
DH_6_MFA,DH,MFA,DH_6_MFA__hybrid_optuna_009,1.8406997457785256e-08,1.971470339896013e-08,7.379920659340136e-08,0.1421335197941593,0.928645247207031,0.0235278094433335,0.0002053733409449,139.75942951148463,0.03051716470191,True,True,True,True,False,True,True,False,True
DH_6_MFA,DH,MFA,DH_6_MFA__hybrid_optuna_017,1.0619601002777405e-08,3.351224644836453e-08,1.2375146870901249e-07,1.4684438534936834,1.3135581535699523,0.0243933487289145,0.0001978718447862,120.15619701695594,0.5164006144099035,True,True,True,True,True,True,True,False,True
DH_6_MFA,DH,MFA,DH_6_MFA__hybrid_optuna_025,1.04649668043031e-08,4.128677508014389e-08,1.07947779296588e-06,0.7100674681799121,0.9397654634356112,0.0130313145690979,0.0006438200261941,145.33644775193207,0.0225069558741691,True,True,True,True,False,True,True,False,True
DH_6_MFA,DH,MFA,DH_6_MFA__hybrid_post_002,3.8025033735179214e-08,1.37209636482324e-08,1.725746901709813e-05,0.2753482598463744,1.141473815900131,0.0371427620267537,5.249864752931985e-05,116.0101129951756,0.0126937878606936,True,True,True,True,True,True,False,False,True
DH_6_MFA,DH,MFA,DH_6_MFA__hybrid_optuna_002,3.802503389535976e-08,1.3720965460778528e-08,1.7257492973199094e-05,0.2753482829671811,1.141473763508158,0.0371427644798281,5.24985349215631e-05,116.01010282502436,0.0126937903402635,True,True,True,True,True,True,False,False,True
DH_6_MFA,DH,MFA,DH_6_MFA__hybrid_optuna_028,3.65126355445625e-08,1.4646259112228382e-08,2.641125082555741e-05,0.3786907892989634,1.582335820619023,0.0493294074762994,5.855443496117526e-05,113.72417558061068,0.0093634507488341,True,True,True,True,True,True,False,False,True
DH_6_MFA,DH,MFA,DH_6_MFA__hybrid_optuna_033,3.547884863242504e-08,1.5601311558083988e-08,2.4273395981998548e-06,3.742218144205568,1.974728703264372,0.0366947883209183,0.0007956063888208,140.25606318449405,0.0299042413161733,True,True,True,True,True,True,True,False,True
DH_6_MFA,DH,MFA,DH_6_MFA__hybrid_optuna_005,3.1855267962735675e-08,2.078385874428273e-08,1.7543664561468636e-06,0.8222723932741328,1.0620674871540094,0.0233754855158719,5.649104938091642e-05,112.67223097895126,0.0952683586635508,True,True,True,True,True,True,False,False,True
DH_6_MFA,DH,MFA,DH_6_MFA__hybrid_optuna_018,2.15073574455831e-08,3.248234445959728e-08,5.121000503013932e-08,0.5471412695269788,0.7917059278001433,0.020657262028708,0.000465443426896,147.11896002449592,0.0295642844149295,True,True,True,True,False,True,True,False,True
DH_6_MFA,DH,MFA,DH_6_MFA__hybrid_optuna_027,6.326372578478976e-08,1.4254927583571018e-08,1.53525094663136e-05,0.1797022295735485,0.6336593922050044,0.0367467574116226,1.8413582315631483e-05,91.29421408387796,0.004938913750617,True,True,True,True,False,True,False,False,True
DH_6_MFA,DH,MFA,DH_6_MFA__hybrid_optuna_003,3.3428269762904255e-08,2.4689989019233515e-08,2.0098993020390417e-06,0.6112957493671799,1.0674386293053826,0.0246666113667537,6.179358294416924e-05,117.71812682252146,0.0905120644525851,True,True,True,True,True,True,False,False,True
DH_6_MFA,DH,MFA,DH_6_MFA__hybrid_post_003,3.3428299270368575e-08,2.4690002864343983e-08,1.0839269140212014e-08,0.6112957786632461,1.067438646804555,0.0246666070742941,6.179360444149444e-05,117.71812682252146,0.0905120644525851,True,True,True,True,True,True,False,False,True
DH_6_MFA,DH,MFA,DH_6_MFA__hybrid_optuna_001,3.1357591400394586e-08,2.7411872948381978e-08,5.056490141858996e-06,0.5407011098287287,1.000024246549649,0.0294316132895085,0.0005815371676854,142.9950611142989,0.2447542919010893,True,True,True,True,True,True,True,False,True
DH_6_MFA,DH,MFA,DH_6_MFA__hybrid_post_001,3.1357591400394586e-08,2.7411872948381978e-08,5.056490141858996e-06,0.5407011098287287,1.000024246549649,0.0294316132895085,0.0005815371676854,142.9950611142989,0.2447542919010893,True,True,True,True,True,True,True,False,True
DH_6_MFA,DH,MFA,DH_6_MFA__hybrid_optuna_034,3.00113921157081e-08,2.7850183718650023e-08,4.8995537803887145e-06,0.5092777448021762,2.3130827053719307,0.0186807378073146,0.000374235801514,141.5960395737272,0.1610111536004825,True,True,True,True,True,True,True,False,True
DH_6_MFA,DH,MFA,DH_6_MFA__hybrid_optuna_055,2.858965416313589e-06,1.3796252504384785e-08,2.2224417522238907e-06,0.9504053491800843,1.2299036059880553,0.0114760490779704,0.0001277319514232,137.3595427255546,2.2752861009044665,True,True,True,True,True,True,True,False,True
DH_6_MFA,DH,MFA,DH_6_MFA__hybrid_optuna_067,4.301728847639205e-07,1.0247877032419785e-08,1.490425762120289e-06,5.077760436316863,1.1518122140006548,0.0118342213863702,0.0035768634386262,105.7619010985809,0.197595137914344,True,True,True,True,True,True,True,False,True
DH_6_MFA,DH,MFA,DH_6_MFA__hybrid_optuna_074,2.17775752294551e-07,1.2866570452826044e-08,7.056736400816731e-06,0.3047837154108639,46.204337582809465,0.029331154999911,0.0026621493895036,130.22022426127788,0.0390278017761667,True,True,True,True,True,True,True,False,True
DH_6_MFA,DH,MFA,DH_6_MFA__hybrid_optuna_069,1.233864723442695e-07,2.55200797200937e-08,9.255049924661376e-07,0.421992571334195,1.5808068878691934,0.0070719249931756,6.852097455279582e-05,126.02491475245712,0.0422311731864284,True,True,True,True,True,True,False,False,True
DH_6_MFA,DH,MFA,DH_6_MFA__hybrid_optuna_030,3.012797655534112e-08,3.734277214137151e-08,1.475940812028062e-06,0.7587801922975458,1.7165113839135984,0.0350642546034619,0.0005178773576891,99.1590832828156,0.3412074667591608,True,True,True,True,True,True,True,False,True
DH_6_MFA,DH,MFA,DH_6_MFA__hybrid_optuna_006,1.502363229303352e-08,8.007268678196982e-08,1.0839248466427778e-06,0.6240591063474172,0.982426290389748,0.0289225182562741,0.0006287850336856,133.80569399100403,0.2641558638109682,True,True,True,True,False,True,True,False,True
DH_6_MFA,DH,MFA,DH_6_MFA__hybrid_optuna_024,3.9129525579758806e-08,3.182444631097821e-08,2.9366960616485057e-07,0.1650071847598332,1.4770529263213503,0.047355214666933,0.0006542821115576,123.09789877065292,0.0483817649149614,True,True,True,True,True,True,True,False,True
DH_6_MFA,DH,MFA,DH_6_MFA__hybrid_optuna_020,1.5014242032905034e-07,1.0203449271005445e-08,5.550902405456507e-07,1.2729277296874473,1.2285284840157589,0.0153304470290685,0.0058518117445112,120.79417394638264,0.1995558374237572,True,True,True,True,True,True,True,False,True
DH_6_MFA,DH,MFA,DH_6_MFA__hybrid_optuna_070,7.866491035587552e-08,5.5983872379040334e-08,1.6156111477248353e-07,2.299143853347664,1.66689243418049,0.0535776991438749,0.0008349559542042,98.04023063435535,0.4536988715127659,True,True,True,True,True,True,True,False,True
DH_6_MFA,DH,MFA,DH_6_MFA__hybrid_optuna_016,2.1675660325848025e-08,7.209771434207494e-08,3.0314201615595825e-07,0.3437630584266105,0.8591419837075989,0.0178674471899143,0.0001907666890971,128.64406256460745,0.0492336680530171,True,True,True,True,False,True,True,False,True
DH_6_MFA,DH,MFA,DH_6_MFA__hybrid_optuna_022,1.0554727071233317e-07,1.7871446892864777e-08,1.267184200869856e-07,0.1024901037523768,0.7103204682315086,0.0274690485862968,0.0002870518911537,135.00375292304795,0.019998265252378,True,True,True,True,False,True,True,False,True
DH_6_MFA,DH,MFA,DH_6_MFA__hybrid_optuna_071,1.802554012606709e-08,2.585846618329004e-07,6.971688878398735e-08,0.417832678412407,1.4186692785471204,0.0180800850159197,0.0001708550583278,142.16417274317243,0.0765418178877822,True,True,True,True,True,True,True,False,True
DH_6_MFA,DH,MFA,DH_6_MFA__hybrid_optuna_072,2.326863631023128e-08,2.612081413497001e-07,1.8361047917240596e-08,0.3795212310598583,1.9028772883813905,0.0041590952266354,1.846936575329722e-05,143.04842873222574,0.0205243541511413,True,True,True,True,True,True,False,False,True
DH_6_MFA,DH,MFA,DH_6_MFA__hybrid_optuna_038,2.732957027750464e-07,1.0195217584518502e-08,5.644300299676437e-05,0.1431973751471015,3.205462176052619,0.0150661508809243,9.550480813433168e-05,107.53893863896666,0.0163920244783454,True,True,True,True,True,True,False,False,True
DH_6_MFA,DH,MFA,DH_6_MFA__hybrid_optuna_015,7.39490810413919e-08,4.8136808727758216e-08,2.467468523698383e-06,2.8679831596857945,0.6530307511984046,0.0935223423766292,0.0015858784758434,149.620474272146,0.7002409650575115,True,True,True,True,False,True,True,False,True
DH_6_MFA,DH,MFA,DH_6_MFA__hybrid_optuna_008,1.1517230972181485e-07,3.2847439729776926e-08,2.3573267269222584e-06,2.712902117057897,0.7878556402193926,0.0452041467062198,0.0014337356851541,147.19696301374404,0.5991171102221376,True,True,True,True,False,True,True,False,True
DH_6_MFA,DH,MFA,DH_6_MFA__hybrid_optuna_026,7.959881546068638e-08,4.914066153832559e-08,3.0199707545296373e-06,2.3123211958088765,0.6306287038767026,0.0791194609679187,0.0022039941982892,149.1272717199262,0.5995609935121432,True,True,True,True,False,True,True,False,True
DH_6_MFA,DH,MFA,DH_6_MFA__hybrid_optuna_041,1.479591912591041e-07,5.444634949426536e-08,2.876075553222657e-06,2.735115278928546,0.5030730711044371,0.0628804564596509,0.0013734672938101,107.44739044188412,0.7916582976296861,True,True,True,True,False,True,True,False,True
DH_6_MFA,DH,MFA,DH_6_MFA__hybrid_optuna_019,1.8752024542436133e-07,4.1966944748142754e-08,3.946983019161613e-05,0.2374602651352765,1.277732379124662,0.0620728939206865,2.584665028324884e-05,117.27126449026925,0.0073997100275922,True,True,True,True,True,True,False,False,True
DH_6_MFA,DH,MFA,DH_6_MFA__hybrid_optuna_014,2.1958607683111656e-08,2.62070973629272e-07,5.4336348791368095e-08,0.4095947297013408,0.8322095641721121,0.0212506539052942,0.0001742547155673,142.11236651613916,0.0316868435448404,True,True,True,True,False,True,True,False,True
DH_6_MFA,DH,MFA,DH_6_MFA__hybrid_optuna_013,2.8368574946113522e-08,2.0818579206519654e-07,6.441502790826183e-07,1.5944337515485465,0.9089098839597632,0.0198130395733611,0.0001820291172206,149.03225405315348,0.1137719000980819,True,True,True,True,False,True,True,False,True
DH_6_MFA,DH,MFA,DH_6_MFA__hybrid_optuna_039,2.656446595944411e-08,2.875131629343283e-07,7.726806364846976e-07,1.351203132559884,0.5093002486041057,0.0243766377829868,0.0002190562082365,149.26967160075367,0.1746557086537229,True,True,True,True,False,True,True,False,True
DH_6_MFA,DH,MFA,DH_6_MFA__hybrid_optuna_046,5.9178405554960015e-08,1.5473276351514365e-07,1.065259348219389e-08,0.0672116100631862,384.5671037522998,0.0118213279638223,0.0001414877364291,114.57848822170024,0.2873666922377014,True,True,True,True,False,True,True,False,True
DH_6_MFA,DH,MFA,DH_6_MFA__hybrid_optuna_023,2.19357275149526e-08,5.924091175602162e-07,1.497010127587498e-08,0.4853020952572558,0.728746734037464,0.0255444491120761,0.0014106582569126,139.2228527598103,0.0644465445904332,True,True,True,True,False,True,True,False,True
DH_6_MFA,DH,MFA,DH_6_MFA__hybrid_optuna_004,2.0623740192773905e-08,6.436661590976055e-07,2.9963020023975024e-08,0.4428021829933778,0.8587910093760592,0.0304944473800303,0.0002164047281098,144.30385940082826,0.0250003802219002,True,True,True,True,False,True,True,False,True
DH_6_MFA,DH,MFA,DH_6_MFA__hybrid_optuna_047,2.1441876919063654e-07,9.8207138792939e-08,5.934817823470619e-06,3.4548846174077217,0.6135958604927326,0.0036716278985955,0.0018004838006894,53.86283252106104,0.7618105989248337,True,True,True,True,False,True,True,False,True
DH_6_MFA,DH,MFA,DH_6_MFA__hybrid_optuna_042,2.065704093529473e-07,8.356978416914746e-08,4.3548359090684605e-06,2.698605993450729,2.7115749062729395,0.0019818778138536,0.0011556229578217,66.97625512146337,0.9478505090885164,True,True,True,True,True,True,True,False,True
DH_6_MFA,DH,MFA,DH_6_MFA__hybrid_optuna_051,8.652590991487469e-08,2.0856550350578094e-07,1.3402290005773836e-07,0.4429241210400388,28.12484313176732,0.0302643832597916,0.0003377319708186,137.88331294727712,0.0251381623209896,True,True,True,True,True,True,True,False,True
DH_6_MFA,DH,MFA,DH_6_MFA__hybrid_optuna_032,2.2474477002671045e-08,8.050007885380307e-07,4.173190244511279e-08,0.4598874133608598,3.8952393204657767,0.0087792691633399,4.640396883600661e-05,142.8084538915262,0.033391060111516,True,True,True,True,True,True,False,False,True
DH_6_MFA,DH,MFA,DH_6_MFA__hybrid_optuna_040,4.714772170562231e-07,7.005136354991355e-08,1.3326692059093963e-06,2.566915835907709,1.3060434956557658,0.0123211204808021,0.0010788969884649,102.94441194878064,0.2345274882875162,True,True,True,True,True,True,True,False,True
DH_6_MFA,DH,MFA,DH_6_MFA__hybrid_optuna_060,1.592863656115813e-07,1.5084937745370463e-06,2.5677062988088546e-07,9.548355205193293,2.168111479101609,0.0022417450296487,0.0968775352436912,62.905113502944026,21.04026814267736,True,True,True,True,True,True,True,False,False
DH_6_MFA,DH,MFA,DH_6_MFA__hybrid_optuna_035,2.6746481629931648e-08,8.577073547691916e-07,3.6498032370481845e-08,0.3520235958254629,4.070989070554183,0.0093955803436964,4.741721317111903e-05,140.3138490028417,0.0362447044676534,True,True,True,True,True,True,False,False,True
DH_6_MFA,DH,MFA,DH_6_MFA__hybrid_pre_07,0.0001946965479014,7.65942456041045e-06,0.0006121496915871,0.1190007578668771,32.89666755805257,0.0066382428996993,0.0065807277583207,12.22386340801058,0.0610608975465157,True,True,True,True,True,True,True,False,True
DH_6_MFA,DH,MFA,DH_6_MFA__hybrid_optuna_059,0.0001946965479014,7.65942456041045e-06,0.0006121496915871,0.1190007578668771,32.89666755805257,0.0066382428996993,0.0065807277583207,12.22386340801058,0.0610608975465157,True,True,True,True,True,True,True,False,True
DH_6_MFA,DH,MFA,DH_6_MFA__hybrid_optuna_053,9.631154903997325e-08,5.044679511821316e-07,1.0732551610059213e-08,1.801416441475026,0.5536265961278548,0.0012716760442599,0.0004758596356458,68.6578462019828,4.474890706604191,True,True,True,True,False,True,True,False,True
DH_6_MFA,DH,MFA,DH_6_MFA__hybrid_optuna_050,7.219507954669867e-07,1.7204995118513325e-07,4.078568307459375e-07,4.286129138359331,0.7673700150264188,0.0439193318208579,0.0009989384166927,149.62363429678214,1.0735969344190288,True,True,True,True,False,True,True,False,True
DH_6_MFA,DH,MFA,DH_6_MFA__hybrid_optuna_048,1.1674619554190213e-06,1.913489632070406e-07,1.717130525688817e-05,0.7670534307185009,6.325671955666121,0.0009767624466783,0.0003950191292968,84.14332615822137,2.5255112817858403,True,True,True,True,True,True,True,False,True
DH_6_MFA,DH,MFA,DH_6_MFA__hybrid_optuna_044,1.139713597201625e-06,4.179401436703843e-07,4.025250365807171e-05,0.6364594967608662,7.835405755812982,0.0013417547211796,0.0004458500928292,74.56280904162787,1.6640470111858103,True,True,True,True,True,True,True,False,True
DH_6_MFA,DH,MFA,DH_6_MFA__hybrid_optuna_043,3.810610551990972e-07,1.1932194981404095e-06,2.3462906677091042e-08,2.9195025773931382,3.903723240539672,0.0215988413889969,0.0001007334942881,137.4285654616006,0.0139372392217075,True,True,True,True,True,True,True,False,True
DH_6_MFA,DH,MFA,DH_6_MFA__hybrid_optuna_058,4.6255557249974016e-08,4.681907250219378e-05,3.150894413361978e-07,0.9443922904183482,16.690126454462817,0.0155862008505333,0.0208423258480497,116.14432211227646,0.0067969803771286,True,True,True,True,True,True,True,False,True
DH_6_MFA,DH,MFA,DH_6_MFA__hybrid_optuna_031,1.119495027993809e-07,7.200440977328028e-06,4.6502568221993473e-07,0.2006503149330414,2.1861942488650032,0.0153212658967798,0.0003356144000118,145.9163653417115,0.1279796069586276,True,True,True,True,True,True,True,False,True
DH_6_MFA,DH,MFA,DH_6_MFA__hybrid_optuna_036,5.043811199306493e-08,3.206005005691342e-05,3.2066099281764166e-08,1.003518341574434,0.5101151113936127,0.0422569282465002,0.0001453444745684,33.791129142767005,0.2298697389112405,True,True,True,True,False,True,True,False,True
DH_6_MFA,DH,MFA,DH_6_MFA__hybrid_optuna_052,1.5149962059181845e-05,1.3113016830889212e-07,6.07737053664415e-07,0.580896052914943,114.4043013487854,0.0413750300233338,0.0006062775620776,115.60252227794446,0.0533732245331381,True,True,True,True,True,True,True,False,True
DH_6_MFA,DH,MFA,DH_6_MFA__hybrid_optuna_045,1.5067537706471123e-08,0.0005422410493526,8.149530528594506e-05,0.3020982786474735,4.815220900708042,0.0263000601877144,0.0009266229489696,135.69323581934125,0.0972368475352802,True,True,True,True,True,True,True,False,True
DH_6_MFA,DH,MFA,DH_6_MFA__hybrid_optuna_075,0.0013366429128963,0.0002970419656837,3.859241243176034e-05,0.0533062419236026,170.28556248124946,0.0009641958295232,0.2618463626432974,34.30856955599592,0.0050583634108371,True,True,True,True,True,True,True,False,True
DH_6_MFA,DH,MFA,DH_6_MFA__hybrid_optuna_049,3.772807941855021e-07,0.0001034426507384,0.0001022505401744,1.387564301541898,2.795369749332812,0.0375878460646478,0.0018960080466408,105.13516821607875,0.3672964436094417,True,True,True,True,True,True,True,False,True
DH_1_MFA_BA,DH,MFA_BA,DH_1_MFA_BA__hybrid_pre_07,0.0010372803740804,2.2174884575555303e-05,8.794145260307696e-05,1.5799875219699269,32.89666777892559,0.0066382428982521,0.0065807277004591,12.22386326679854,0.0610608979287047,True,True,True,True,True,True,True,False,True
DH_1_MFA_BA,DH,MFA_BA,DH_1_MFA_BA__hybrid_optuna_094,0.0010372803740804,2.2174884575555303e-05,8.794145260307696e-05,1.5799875219699269,32.89666777892559,0.0066382428982521,0.0065807277004591,12.22386326679854,0.0610608979287047,True,True,True,True,True,True,True,False,True
DH_1_MFA_BA,DH,MFA_BA,DH_1_MFA_BA__hybrid_pre_06,0.0002273248216595,6.013475300802908e-05,0.0005418197065445,2.78601962601174,21.62389411548485,0.0188528005559133,0.0112539379247973,1.0000002493155879e-10,0.1004417557745063,True,True,True,True,True,True,True,False,True
DH_1_MFA_BA,DH,MFA_BA,DH_1_MFA_BA__hybrid_optuna_088,0.0002273248216595,6.013475300802908e-05,0.0005418197065445,2.78601962601174,21.62389411548485,0.0188528005559133,0.0112539379247973,1.0000002493155879e-10,0.1004417557745063,True,True,True,True,True,True,True,False,True
DH_1_MFA_BA,DH,MFA_BA,DH_1_MFA_BA__hybrid_optuna_095,0.006004480331788,2.344362207706563e-06,0.0052456511183207,0.1189903698863579,10.044523890053956,0.0718047782006987,0.1873359666322987,41.242000383901726,0.0148211078784804,False,True,True,True,True,True,True,False,True
DH_1_MFA_BA,DH,MFA_BA,DH_1_MFA_BA__hybrid_optuna_045,3.077240987143434e-07,1.1857306242725477e-07,0.0061643454957073,2.3856732730686736,37.08097663592296,0.003276641990255,0.2924236306525609,72.16170828565579,0.746997903589534,True,True,True,True,True,True,True,False,True
DH_1_MFA_BA,DH,MFA_BA,DH_1_MFA_BA__hybrid_optuna_037,9.506364129006928e-08,7.670279823021841e-08,0.0041791704127417,1.1884197108730696,24.143606886262027,0.0030994313132806,0.1523872159075663,50.88225748194981,0.0063408356137096,True,True,True,True,True,True,True,False,True
DH_1_MFA_BA,DH,MFA_BA,DH_1_MFA_BA__hybrid_pre_05,0.0002615321486478,3.072114100158395e-05,0.0003015380807002,1.5649804362538575,45.18052264400503,0.0044414211958998,0.0076726646989423,7.604633804120563e-11,0.1265522383683301,True,True,True,True,True,True,True,False,True
DH_1_MFA_BA,DH,MFA_BA,DH_1_MFA_BA__hybrid_optuna_089,0.0002615321486478,3.072114100158395e-05,0.0003015380807002,1.5649804362538575,45.18052264400503,0.0044414211958998,0.0076726646989423,7.604633804120563e-11,0.1265522383683301,True,True,True,True,True,True,True,False,True
DH_1_MFA_BA,DH,MFA_BA,DH_1_MFA_BA__hybrid_optuna_042,1.9858171361660463e-05,3.380418741921946e-06,0.0137718305918408,5.250513173878303,91.64383778165129,0.0024527586803465,0.0492953915626381,68.6304848354053,0.0092191544472894,True,True,True,True,True,True,True,False,True
DH_1_MFA_BA,DH,MFA_BA,DH_1_MFA_BA__hybrid_optuna_046,9.410347989302609e-08,7.242647022919399e-07,3.762396392103664e-05,0.0926673634016629,3.468169618649155,0.0453612214333335,0.9935672966182512,87.24244773889988,0.0024396627441459,True,True,True,True,True,True,True,False,True
DH_1_MFA_BA,DH,MFA_BA,DH_1_MFA_BA__hybrid_pre_08,0.0001095633531021,1.326819211201364e-05,0.0006873788707967,2.081308114886082,59.41108321667612,0.0061294913149722,0.0042475779969619,1.92494615479504e-07,0.0204055624033865,True,True,True,True,True,True,True,False,True
DH_1_MFA_BA,DH,MFA_BA,DH_1_MFA_BA__hybrid_optuna_087,0.0001095633531021,1.326819211201364e-05,0.0006873788707967,2.081308114886082,59.41108321667612,0.0061294913149722,0.0042475779969619,1.92494615479504e-07,0.0204055624033865,True,True,True,True,True,True,True,False,True
DH_1_MFA_BA,DH,MFA_BA,DH_1_MFA_BA__hybrid_optuna_044,4.8835732649587696e-08,5.890752019306703e-06,3.588269721418122e-06,0.2131946556760839,16.97776794886203,0.0027841400429951,0.0441772432146115,41.66912155689211,16.309116345062527,True,True,True,True,True,True,True,False,False
DH_1_MFA_BA,DH,MFA_BA,DH_1_MFA_BA__hybrid_optuna_035,1.6916051730080362e-08,6.233627365200236e-07,0.023523876302921,2.7392620601606303,51.48632826075512,0.0003008018244882,0.0709140169080765,72.83268727892559,1.2575823199201914,True,True,True,True,True,True,True,False,True
DH_1_MFA_BA,DH,MFA_BA,DH_1_MFA_BA__hybrid_optuna_063,1.105630397973274e-07,7.58454793744059e-08,0.0013681586161364,6.947904388983273,19.44699877202409,0.0002723532246952,0.0531982870169125,100.0922719467336,6.721496852462163,True,True,True,True,True,True,True,False,False
DH_1_MFA_BA,DH,MFA_BA,DH_1_MFA_BA__hybrid_optuna_068,4.831082699691691e-07,2.1322737649665463e-08,0.000147972325229,8.73779072042917,494.9705969855282,0.0002615452419684,0.8492502134542866,107.1989019414314,0.6402328622622031,True,True,True,True,False,True,True,False,True
DH_1_MFA_BA,DH,MFA_BA,DH_1_MFA_BA__hybrid_optuna_065,6.062490015891224e-08,1.1915710396525257e-08,0.0084304249137565,5.711001779135257,57.04011976578253,0.0002437615781131,0.0003558390745165,104.5569042065579,7.479098586791139,True,True,True,True,True,True,True,False,False
DH_1_MFA_BA,DH,MFA_BA,DH_1_MFA_BA__hybrid_optuna_052,6.763792957689494e-07,4.269414403169859e-08,0.0404047604846399,5.106313588507547,31.00897304963058,0.0002119430404378,0.3843215336169674,94.70324382308128,3.87967124145429,True,True,True,True,True,True,True,False,True
DH_1_MFA_BA,DH,MFA_BA,DH_1_MFA_BA__hybrid_optuna_053,1.0676790422275236e-08,4.4693443890700346e-07,0.0075296516813725,0.0595326791009095,6.049577304468406,0.0001922346362262,0.0005300750966597,102.23991443340437,0.0018255486426233,True,True,True,True,True,True,True,False,True
DH_1_MFA_BA,DH,MFA_BA,DH_1_MFA_BA__hybrid_optuna_054,8.715973616811341e-07,1.094984304424576e-08,0.0496869443773305,9.85031315360875,4.526909870021316,0.0002196051554846,1.2497329497935364e-05,112.98365910397084,1.9477162020345955,True,True,True,True,True,True,False,False,True
DH_1_MFA_BA,DH,MFA_BA,DH_1_MFA_BA__hybrid_optuna_057,3.6567518150114745e-08,1.3283417030831638e-07,0.0035540499240081,3.6675975383113104,26.98468783650416,0.0001774241485445,2.026261394961026,91.8424996610984,13.037012658916522,True,True,True,True,True,True,True,False,False
DH_1_MFA_BA,DH,MFA_BA,DH_1_MFA_BA__hybrid_optuna_062,6.781578082401452e-08,3.2432572308938015e-08,0.0020779576423073,0.0679721696772573,18.821898875540075,0.000133277322559,0.1108644763271239,29.519052302658537,0.0021371562153315,True,True,True,True,True,True,True,False,True
DH_1_MFA_BA,DH,MFA_BA,DH_1_MFA_BA__hybrid_optuna_041,2.3248500691327924e-08,4.657747983830599e-08,0.0191149434478325,0.9657216307232488,7.414945973265784,0.0001040124530126,0.001572080028315,90.71887876770018,0.0010113710309968,True,True,True,True,True,True,True,False,True
DH_1_MFA_BA,DH,MFA_BA,DH_1_MFA_BA__hybrid_optuna_048,2.1934099874326392e-08,0.0002007393696559,0.0232035027541917,6.119216196526142,2.559075624871947,0.0003031995510261,5.966445186423111e-05,31.29904361375379,0.0065484580994029,True,True,True,True,True,True,False,False,True
DH_1_MFA_BA,DH,MFA_BA,DH_1_MFA_BA__hybrid_optuna_075,1.612396966625798e-07,4.4790189659465766e-07,0.0968523405295669,3.502259547703732,40.744240983334215,0.0001169623303358,4.886980647329327,47.59397783571732,1.08766590801508,True,True,False,True,True,True,True,False,True
DH_1_MFA_BA,DH,MFA_BA,DH_1_MFA_BA__hybrid_optuna_050,1.5128377138076058e-08,3.5113255860507776e-08,0.0002268399061831,4.370548297365256,6.184355849986405,7.975270775105041e-05,0.648648956964461,117.21282832616312,0.1903950720472784,True,True,True,True,True,True,True,False,True
DH_1_MFA_BA,DH,MFA_BA,DH_1_MFA_BA__hybrid_optuna_056,1.8950708900499857e-06,1.2429307069613616e-08,0.0587715113199725,7.920902657579767,2.2027880656403496,4.781107784725181e-05,1.3767125749219675e-05,64.06684584499976,1.5711611334786644,True,True,False,True,True,True,False,False,True
DH_1_MFA_BA,DH,MFA_BA,DH_1_MFA_BA__hybrid_optuna_064,4.374744117084727e-08,1.4519869681329394e-05,0.0655922445797431,1.8454954369822023,71.44935399513538,2.8631094129409017e-05,0.0051362000187079,20.91121802613064,0.4492491061444367,True,True,False,True,True,True,True,False,True
DH_1_MFA_BA,DH,MFA_BA,DH_1_MFA_BA__hybrid_optuna_034,5.0864504245639866e-08,1.459066821891249e-06,7.388722949210791e-06,0.0507785398266733,143.27556608468,0.0023231148662065,0.3729649276798115,73.31280520199536,0.0013106323536369,True,True,True,True,True,True,True,False,True
DH_1_MFA_BA,DH,MFA_BA,DH_1_MFA_BA__hybrid_optuna_084,3.444046257877699e-07,6.235949119250834e-06,0.0004739997097428,3.936275489925935,13.185077330022134,0.0047001692916373,0.0160466412012426,66.39732207034977,0.0112222468273695,True,True,True,True,True,True,True,False,True
DH_1_MFA_BA,DH,MFA_BA,DH_1_MFA_BA__hybrid_optuna_038,7.528655797752099e-08,1.521575752126793e-08,0.0006273027326961,3.1786580548259047,33.65921562042991,0.0019462829192789,1.1441252885681596,77.48255791911755,3.568468292267479,True,True,True,True,True,True,True,False,True
DH_1_MFA_BA,DH,MFA_BA,DH_1_MFA_BA__hybrid_optuna_047,3.985307193538173e-08,2.007483404084583e-07,0.0011059972792038,0.9151315335148962,7.614108441365753,0.001846684972055,3.287056024228125,38.91599662312215,0.001541649756526,True,True,True,True,True,True,True,False,True
DH_1_MFA_BA,DH,MFA_BA,DH_1_MFA_BA__hybrid_optuna_069,1.7670169402947916e-06,0.0050615768887523,0.0013303245101522,1.192617378922354,1.4690139693517672,4.207053950287933e-05,2.3226650368137e-05,129.92642186624028,0.6677615511747083,True,True,True,True,True,True,False,False,True
DH_1_MFA_BA,DH,MFA_BA,DH_1_MFA_BA__hybrid_optuna_076,3.0646499454111455e-08,7.934953758834013e-08,0.0017961299120124,3.2926059888679173,17.413858824131065,0.0016367722379582,0.0119468587184743,88.40084866483869,26.754823719844897,True,True,True,True,True,True,True,False,False
DH_1_MFA_BA,DH,MFA_BA,DH_1_MFA_BA__hybrid_optuna_028,2.7963619463558632e-08,5.337793245871175e-08,0.017820098585911,5.9830680557899845,26.487703023692266,0.0003390742844654,0.1109749552915958,100.2254220043279,1.2963647425228635,True,True,True,True,True,True,True,False,True
DH_1_MFA_BA,DH,MFA_BA,DH_1_MFA_BA__hybrid_optuna_061,1.139713597201625e-06,1.786040042124324e-08,0.0927592019443747,9.966276966135393,291.91410188752604,0.0003372631376417,1.6833345526141532e-05,97.04753364748969,48.028520251977966,True,True,False,True,True,True,False,False,False
DH_1_MFA_BA,DH,MFA_BA,DH_1_MFA_BA__hybrid_optuna_043,2.5371460733828367e-08,3.0725222386636305e-07,0.000880885063554,0.9188545924778524,17.268688247400643,0.0016916785740388,4.401366459205438,76.08275398607226,0.0207640685492662,True,True,True,True,True,True,True,False,True
DH_1_MFA_BA,DH,MFA_BA,DH_1_MFA_BA__hybrid_optuna_060,2.9395428303786325e-08,1.9520525345967157e-07,2.936962510651548e-05,3.5763656381917426,55.45061044576264,0.0015327708345255,0.0203422780333338,87.77440728129721,33.92214125359405,True,True,True,True,True,True,True,False,False
DH_1_MFA_BA,DH,MFA_BA,DH_1_MFA_BA__hybrid_optuna_040,4.3201223738568326e-08,6.693708444207781e-08,0.0026670134842973,0.3299228348663348,10.926669789694005,0.0015557897826148,1.377586807214292,85.61601081957272,0.0055836420914302,True,True,True,True,True,True,True,False,True
DH_1_MFA_BA,DH,MFA_BA,DH_1_MFA_BA__hybrid_optuna_073,5.656221187053589e-08,0.0084078662683944,0.0013701321803761,5.7702488343540965,64.99521291749761,0.0011956209573911,0.1299787321293859,81.21824587131465,1.5680949126673,True,True,True,True,True,True,True,False,True
DH_1_MFA_BA,DH,MFA_BA,DH_1_MFA_BA__hybrid_optuna_085,4.685779800587081e-06,1.7255988200953526e-07,0.0001063945584256,0.4304233204689396,28.08171355512393,0.0256432716981054,0.7336895722706023,81.32157836900278,0.0414076260106582,True,True,True,True,True,True,True,False,True
DH_1_MFA_BA,DH,MFA_BA,DH_1_MFA_BA__hybrid_optuna_021,1.1990627027317798e-08,1.913489632070406e-07,0.0094047093646948,9.791178610847613,5.034754119109987,0.0003696378085392,0.0003313498450946,85.20708151448866,2.0531998146748323,True,True,True,True,True,True,True,False,True
DH_1_MFA_BA,DH,MFA_BA,DH_1_MFA_BA__hybrid_optuna_029,1.337403158264482e-07,3.29270132657966e-07,0.0303953605578007,2.8993286319076845,40.49763516224198,0.0003721120144546,0.3929952703624594,62.04721835997273,0.0040959756177129,True,True,True,True,True,True,True,False,True
DH_1_MFA_BA,DH,MFA_BA,DH_1_MFA_BA__hybrid_optuna_030,1.1328239299779804e-08,3.960354006182488e-07,0.0041463687287278,0.0830468698860979,9.307265413091624,0.0014467053264901,0.131535778002534,67.38129602983452,0.0014107905634247,True,True,True,True,True,True,True,False,True
DH_1_MFA_BA,DH,MFA_BA,DH_1_MFA_BA__hybrid_optuna_070,0.000177188473548,1.3289448722869162e-08,0.0615699732823519,4.115716865497774,2.167640897475782,5.337032762603954e-05,0.0001430992369351,45.63633644393066,0.2922905212920093,True,True,False,True,True,True,True,False,True
DH_1_MFA_BA,DH,MFA_BA,DH_1_MFA_BA__hybrid_optuna_067,0.0007626004102879,1.7620219015391183e-08,0.000442827130969,7.96317153116367,29.92756948597568,0.0001574837048812,0.2647732893395446,136.0639652599628,1.0977888737025852,True,True,True,True,True,True,True,False,True
DH_1_MFA_BA,DH,MFA_BA,DH_1_MFA_BA__hybrid_optuna_024,2.103324988308388e-08,2.8293773603643816e-08,0.0021813800522656,3.782217747151424,21.54790200647788,0.0013747085374017,0.0424346178306294,75.19457627302035,48.170633334814255,True,True,True,True,True,True,True,False,False
DH_1_MFA_BA,DH,MFA_BA,DH_1_MFA_BA__hybrid_optuna_077,1.6800740362690537e-07,8.160434475614392e-05,0.0028516802192278,4.7664787696559126,11.593034472911189,0.000388765007389,0.023568442705859,93.7336723228848,3.302680279266119,True,True,True,True,True,True,True,False,True
DH_1_MFA_BA,DH,MFA_BA,DH_1_MFA_BA__hybrid_optuna_026,1.5482214525001994e-08,4.445973200689561e-07,0.0442677486081072,2.994712903585723,41.26216402405658,0.0004093461257179,0.4697243307979872,61.65522796760853,2.739664352254436,True,True,True,True,True,True,True,False,True
DH_1_MFA_BA,DH,MFA_BA,DH_1_MFA_BA__hybrid_optuna_049,2.5391424149143852e-08,2.570726323383381e-08,0.0003022953452976,1.5412899223849938,46.82475403519675,0.0013393397126856,0.0214476898710994,16.992106439521336,0.1714691466952566,True,True,True,True,True,True,True,False,True
DH_1_MFA_BA,DH,MFA_BA,DH_1_MFA_BA__hybrid_optuna_031,8.707372398723019e-08,9.550942824405349e-08,0.006259845210248,0.6024712947627325,11.0818032276758,0.0013325669913123,0.1636582717711929,55.8521175169609,0.0044223477653134,True,True,True,True,True,True,True,False,True
DH_1_MFA_BA,DH,MFA_BA,DH_1_MFA_BA__hybrid_optuna_018,6.768798959927003e-08,1.208347722259479e-07,0.0128309922143432,4.713573468716596,38.547300116511096,0.0004432333772585,0.269583279388405,82.42787933709644,2.2048754006827544,True,True,True,True,True,True,True,False,True
DH_1_MFA_BA,DH,MFA_BA,DH_1_MFA_BA__hybrid_optuna_009,3.3331197432481155e-08,3.9395213460918294e-08,0.0032114752037642,8.102275475271611,21.69802976804793,0.0004581459408118,0.0621509234339979,84.74149088306655,1.8549353134737347,True,True,True,True,True,True,True,False,True
DH_1_MFA_BA,DH,MFA_BA,DH_1_MFA_BA__hybrid_optuna_014,1.2687023509001038e-07,4.318443813639132e-08,0.002930513885391,6.785249393316474,19.96768420234269,0.0004578148235239,0.0612330844509715,99.64033182362652,1.641090899861457,True,True,True,True,True,True,True,False,True
DH_1_MFA_BA,DH,MFA_BA,DH_1_MFA_BA__hybrid_optuna_013,1.337073233172303e-07,4.000053696354913e-08,0.0035074634575408,6.653863915332973,20.333446847614606,0.0004650611231753,0.0576464294375606,98.14946237960804,1.6562533666526875,True,True,True,True,True,True,True,False,True
DH_1_MFA_BA,DH,MFA_BA,DH_1_MFA_BA__hybrid_optuna_025,8.724559247684887e-08,1.0570209357202485e-07,0.0114094913382872,0.7952922218331699,16.36083360050615,0.0013000848289294,0.1471140729424021,58.23496252059947,0.0228250819807133,True,True,True,True,True,True,True,False,True
DH_1_MFA_BA,DH,MFA_BA,DH_1_MFA_BA__hybrid_optuna_081,9.56021792619309e-07,1.695750160303274e-08,0.0027558687562681,4.542125428503278,34.49426174216906,0.000455392009684,0.0773052053407314,125.27146743747952,3.9525884891558456,True,True,True,True,True,True,True,False,True
DH_1_MFA_BA,DH,MFA_BA,DH_1_MFA_BA__hybrid_optuna_019,2.816148901032497e-07,4.082210739201472e-08,0.0034521327820289,6.081686594558767,24.349019991608976,0.0004756790546948,0.233249775307166,119.76598949236812,1.5393052323448182,True,True,True,True,True,True,True,False,True
DH_1_MFA_BA,DH,MFA_BA,DH_1_MFA_BA__hybrid_optuna_051,2.123169156739318e-07,1.5650336289907792e-08,0.0098079838289825,7.104508217799605,1.49910866291813,0.0004958383502151,0.0849940627815202,109.67174361465072,0.9457790973978584,True,True,True,True,True,True,True,False,True
DH_1_MFA_BA,DH,MFA_BA,DH_1_MFA_BA__hybrid_optuna_078,1.0794494054585022e-08,7.054261326010067e-07,0.0314965989872316,0.2678774112695777,63.68745066513901,0.0005090390036168,0.001275678671979,116.6762734798047,0.0260144307117805,True,True,True,True,True,True,True,False,True
DH_1_MFA_BA,DH,MFA_BA,DH_1_MFA_BA__hybrid_post_002,3.441625572999061e-08,1.8700048895219065e-07,8.288917005555171e-05,6.45566973647563,53.34786910450482,0.0005143143742479,0.0271658560414202,91.6588434048764,21.458382371598045,True,True,True,True,True,True,True,False,False
DH_1_MFA_BA,DH,MFA_BA,DH_1_MFA_BA__hybrid_optuna_002,3.439987497519198e-08,1.864668255193649e-07,8.288917005555171e-05,6.449850748733047,53.3478382201673,0.0005143290757263,0.0271233959968319,91.6588434048764,21.458382371598045,True,True,True,True,True,True,True,False,False
DH_1_MFA_BA,DH,MFA_BA,DH_1_MFA_BA__hybrid_optuna_071,0.0056413481284977,2.12704943585957e-08,0.0017615291346436,7.539677806251871,20.51938886442239,0.0019106827112412,0.0559751551626105,85.21641077388402,0.5055737839100671,False,True,True,True,True,True,True,False,True
DH_1_MFA_BA,DH,MFA_BA,DH_1_MFA_BA__hybrid_post_001,1.619240854076355e-08,1.6307389543707494e-07,6.797095825582425e-05,9.026472924939249,56.51201357846793,0.0005601611221058,0.0352097700337309,92.00978528285486,10.434769471351448,True,True,True,True,True,True,True,False,False
DH_1_MFA_BA,DH,MFA_BA,DH_1_MFA_BA__hybrid_optuna_001,1.6186100822245652e-08,1.630722540467973e-07,6.797095825582425e-05,9.033333145550944,56.5101965657446,0.0005602473688843,0.0352534272126619,92.00978528285486,10.434769471351448,True,True,True,True,True,True,True,False,False
DH_1_MFA_BA,DH,MFA_BA,DH_1_MFA_BA__hybrid_optuna_039,2.263098093045101e-07,5.5481186536734046e-08,0.007528950964203,6.248328946742465,14.37628730469791,0.0005644841418025,1.3635696038424912,121.67974072295836,1.6327593679420742,True,True,True,True,True,True,True,False,True
DH_1_MFA_BA,DH,MFA_BA,DH_1_MFA_BA__hybrid_optuna_079,1.262514956939344e-08,1.890820356914397e-07,1.0360127405503683e-06,0.3911942592793491,5.669372316681087,0.000573526436731,0.0003118883221402,101.39228007642068,8.83471845999436,True,True,True,True,True,True,True,False,False
DH_1_MFA_BA,DH,MFA_BA,DH_1_MFA_BA__hybrid_optuna_055,9.472424229249908e-08,1.0696434968697026e-08,0.0059904448921723,8.278492958012055,14.299116632521248,0.0006021489537612,0.0350335217572475,81.14690169180659,2.065772388073941,True,True,True,True,True,True,True,False,True
DH_1_MFA_BA,DH,MFA_BA,DH_1_MFA_BA__hybrid_optuna_011,1.1758465053227037e-07,1.0016577190481775e-08,0.0060557407854873,8.54902007810051,14.108640106282536,0.0006482316405722,0.1049053235047911,81.08509198763599,2.0776883552754133,True,True,True,True,True,True,True,False,True
DH_1_MFA_BA,DH,MFA_BA,DH_1_MFA_BA__hybrid_optuna_020,7.339096406153427e-08,2.0840408009429165e-08,0.0084012334984965,8.065466642319649,14.274863249344213,0.000695368389507,0.2337286307578384,111.12846346709873,0.8842242188202181,True,True,True,True,True,True,True,False,True
DH_1_MFA_BA,DH,MFA_BA,DH_1_MFA_BA__hybrid_optuna_016,2.8409999259174535e-07,1.6655318155369763e-08,0.0005888756952128,8.07247596252869,27.651463170630144,0.0007424580506672,0.2131633152172311,114.96750703199586,0.8456400944136256,True,True,True,True,True,True,True,False,True
DH_1_MFA_BA,DH,MFA_BA,DH_1_MFA_BA__hybrid_optuna_015,7.225085050169637e-08,1.908314114228833e-08,0.0100482511493233,4.563991286903618,32.475295779748585,0.0007501162068398,0.2688253256430342,82.34949230875247,2.5582219468853777,True,True,True,True,True,True,True,False,True
DH_1_MFA_BA,DH,MFA_BA,DH_1_MFA_BA__hybrid_optuna_007,6.503995699326493e-08,6.981233444096916e-08,0.0005615098970094,4.930260928036585,34.01389798839662,0.0007638276263463,0.1329186852907846,89.03454639966414,3.2487119634446127,True,True,True,True,True,True,True,False,True
DH_1_MFA_BA,DH,MFA_BA,DH_1_MFA_BA__hybrid_optuna_066,3.847310414666935e-07,3.141758647876272e-07,0.001789026704206,0.5022132395163024,1.255031565669113,0.0006310674448386,2.023208179155693,60.28028704952908,0.3170545944283539,True,True,True,True,True,True,True,False,True
DH_1_MFA_BA,DH,MFA_BA,DH_1_MFA_BA__hybrid_optuna_080,4.219149659652185e-07,3.258176683405775e-08,0.0008598807359918,4.062413561692578,48.32970852531697,0.0006349344972636,0.0178778685351443,89.3901287317242,5.3411439727124606,True,True,True,True,True,True,True,False,False
DH_1_MFA_BA,DH,MFA_BA,DH_1_MFA_BA__hybrid_optuna_033,2.113939746675919e-07,1.5148391919713197e-07,0.0044333081998096,0.6135515497868309,11.782486110541765,0.0007912406450005,0.4768101394902621,49.42047310909,0.0033411375277704,True,True,True,True,True,True,True,False,True
DH_1_MFA_BA,DH,MFA_BA,DH_1_MFA_BA__hybrid_optuna_010,1.4143707447932493e-08,3.2920207059557025e-07,0.0031335762045924,3.305010326815584,22.52492181707998,0.000835822905441,0.0819634826424098,70.70262340372524,1.3472159093859408,True,True,True,True,True,True,True,False,True
DH_1_MFA_BA,DH,MFA_BA,DH_1_MFA_BA__hybrid_optuna_008,4.4307138136023385e-08,3.8734672076268055e-08,0.0006768498577536,5.407194079469657,32.555431869131816,0.0008219210036771,0.0704241162567276,104.4983784989763,0.5758016193655257,True,True,True,True,True,True,True,False,True
DH_1_MFA_BA,DH,MFA_BA,DH_1_MFA_BA__hybrid_post_003,3.5221495963552e-08,2.4365590301071265e-07,0.0020220397399891,3.801931356522458,30.4264467785843,0.0008290893992824,0.039514004541073,88.33993538616987,1.9837621451479228,True,True,True,True,True,True,True,False,True
DH_1_MFA_BA,DH,MFA_BA,DH_1_MFA_BA__hybrid_optuna_003,3.5221287339523896e-08,2.436556382860885e-07,0.0020220397399891,3.801928013773801,30.426361021492056,0.0008290878374741,0.0395139016098115,88.33993538616987,1.9837621451479228,True,True,True,True,True,True,True,False,True
DH_1_MFA_BA,DH,MFA_BA,DH_1_MFA_BA__hybrid_optuna_004,3.992168799266084e-08,2.9437611475496653e-08,0.0023339688127302,3.580329885133221,29.976648486707816,0.0008372934019919,0.0402428070367176,88.60526093973803,19.864150086129147,True,True,True,True,True,True,True,False,False
DH_1_MFA_BA,DH,MFA_BA,DH_1_MFA_BA__hybrid_optuna_006,3.213671624216566e-08,1.613695634176081e-07,6.948354629921364e-05,6.363757716374212,45.245743193606536,0.0008525604291624,0.0349595515966109,85.0722807578763,26.5655702591794,True,True,True,True,True,True,True,False,False
DH_1_MFA_BA,DH,MFA_BA,DH_1_MFA_BA__hybrid_optuna_005,1.4621849467891172e-08,1.9272082838967699e-07,8.923507522751734e-05,8.75601501595651,50.82208797048451,0.0008588721844551,0.0240947932737712,92.04699011820507,32.54504238773021,True,True,True,True,True,True,True,False,False
DH_1_MFA_BA,DH,MFA_BA,DH_1_MFA_BA__hybrid_optuna_027,1.0014334558315611e-08,2.3718529183813393e-08,1.2334099014487658e-08,9.387398085566437,9.393276071090666,0.0008677196027547,0.2683559357657772,149.0222282385756,0.277891171436376,True,True,True,True,True,True,True,False,True
DH_1_MFA_BA,DH,MFA_BA,DH_1_MFA_BA__hybrid_optuna_059,6.524949553181205e-06,3.4745739621187684e-08,2.0584373696838386e-07,0.2407860672944802,0.8136180362659657,0.0010325217183219,0.092303670715769,78.5166853396542,0.6614777317917376,True,True,True,True,False,True,True,False,True
DH_1_MFA_BA,DH,MFA_BA,DH_1_MFA_BA__hybrid_optuna_012,1.4343852306631749e-08,6.4410904074182e-07,6.51765670510354e-05,7.427775955249256,45.59617242568807,0.0009094564970551,0.0293288198179366,91.80653564487484,31.790147929334783,True,True,True,True,True,True,True,False,False
DH_1_MFA_BA,DH,MFA_BA,DH_1_MFA_BA__hybrid_optuna_017,4.5915588344180264e-08,4.298218805643177e-08,0.0009940116822457,5.449836016354354,29.912133020235448,0.0010093816600947,0.0668217348292316,103.67183188125014,1.7236953137201712,True,True,True,True,True,True,True,False,True
DH_1_MFA_BA,DH,MFA_BA,DH_1_MFA_BA__hybrid_optuna_023,1.2477925465594433e-07,6.368304306615809e-08,0.0003842462493345,5.221812628087004,16.428873185426955,0.0010351061732424,0.1849577940236581,130.3490688537956,2.8343118149979483,True,True,True,True,True,True,True,False,True
DH_1_MFA_BA,DH,MFA_BA,DH_1_MFA_BA__hybrid_optuna_074,3.2128932587166006e-08,2.265315520355062e-07,0.0024552465449747,1.5977992587264085,22.79807386647248,0.0008916463843117,0.0102613472766665,62.08828691408677,5.436719930981344,True,True,True,True,True,True,True,False,False
DH_1_MFA_BA,DH,MFA_BA,DH_1_MFA_BA__hybrid_optuna_022,1.5388404905443137e-07,9.75094067412733e-08,0.0040401682792564,0.674440001422958,23.130314115890783,0.0011057691725488,0.1928317972648971,52.894811111192055,0.0047139390379616,True,True,True,True,True,True,True,False,True
DH_1_MFA_BA,DH,MFA_BA,DH_1_MFA_BA__hybrid_optuna_032,1.623651958577834e-07,1.0826246582034969e-07,0.0071198826205663,0.6275042247795184,11.91058725865884,0.0011270259912725,0.2281569110436409,54.37408493670635,0.0045313251180149,True,True,True,True,True,True,True,False,True
DH_1_MFA_BA,DH,MFA_BA,DH_1_MFA_BA__hybrid_optuna_072,5.94892399911607e-07,8.185604983666912e-08,0.0159515521362269,0.1439840686070072,8.325062433294423,0.0040503914855028,0.0300271153881305,57.69878792679382,0.0102215172112153,True,True,True,True,True,True,True,False,True
DH_1_MFA_BA,DH,MFA_BA,DH_1_MFA_BA__hybrid_optuna_058,2.1136554996624213e-08,1.503912567900003e-07,1.74911669263575e-05,9.927653167406572,105.26183636224538,0.0012235646760562,0.0130665648183686,85.03554402840685,23.81159059901242,True,True,True,True,True,True,True,False,False
DH_1_MFA_BA,DH,MFA_BA,DH_1_MFA_BA__hybrid_optuna_083,2.4235158032124297e-07,1.0281535566621757e-06,1.556130056862597e-05,0.1099281234647956,3.651256551728178,0.0005780432507489,0.0515779515257318,27.977743496816,0.0033636709999157,True,True,True,True,True,True,True,False,True
DH_1_MFA_BA,DH,MFA_BA,DH_1_MFA_BA__hybrid_optuna_082,1.5732006236288342e-06,5.233013798851342e-08,0.000884843194951,9.741705673859968,19.97937397557912,0.0006919932937313,0.0295312090388047,96.25459894895876,0.4106575180802003,True,True,True,True,True,True,True,False,True
DH_1_MFA_BA,DH,MFA_BA,DH_1_MFA_BA__hybrid_optuna_096,1.1741633364539965e-07,0.0039552323360892,1.1293569666046962e-08,0.1876572632038594,0.5559979832948205,1.42856761240024e-05,11.156918462586772,146.4209849786993,4.811185305147927,True,True,True,True,False,True,True,False,True
DH_1_MFA_BA,DH,MFA_BA,DH_1_MFA_BA__hybrid_optuna_086,0.0001228543762059,2.582445458083488e-07,0.0050647600705576,4.081581079131757,75.74721419805756,0.002238273801214,0.0077274033427685,97.45276984660951,14.91119989165816,True,True,True,True,True,True,True,False,False
DH_1_MFA_BA,DH,MFA_BA,DH_1_MFA_BA__hybrid_optuna_098,2.588890644508009e-06,1.2863288871857983e-06,0.03192167551857,2.583633018208884,91.10821693219822,0.0004048767905208,0.5029725889741771,61.49503464307067,2.6986176779761184,True,True,True,True,True,True,True,False,True
DH_1_MFA_BA,DH,MFA_BA,DH_1_MFA_BA__hybrid_optuna_036,2.938130977558196e-07,2.959495719852004e-08,4.824185570998719e-05,6.817673592035529,125.3413038869224,0.0009051150459577,0.2721992496356732,136.07927862715096,0.8443508158942155,True,True,True,True,True,True,True,False,True
DH_1_MFA_BA,DH,MFA_BA,DH_1_MFA_BA__hybrid_optuna_097,6.548980577650207e-08,1.1075184376892126e-08,0.0014174582623795,4.79849511890766,89.96430802330558,0.0007348178979642,5.425391199517527e-05,111.61322053785558,2.2625598443645565,True,True,True,True,True,True,False,False,True
DH_1_MFA_BA,DH,MFA_BA,DH_1_MFA_BA__hybrid_optuna_099,4.196955250446012e-05,0.0006222104328944,0.0107173077633853,2.027776187965686,4.524024085040876,0.010195313619799,0.0025590909912212,69.62802855739568,0.0824084762480377,True,True,True,True,True,True,True,False,True
DH_2_MFA_BA,DH,MFA_BA,DH_2_MFA_BA__hybrid_pre_07,0.0010372803740804,2.2174884575555303e-05,8.794145260307696e-05,1.5799875219699269,32.89666777892559,0.0066382428982521,0.0065807277004591,12.22386326679854,0.0610608979287047,True,True,True,True,True,True,True,False,True
DH_2_MFA_BA,DH,MFA_BA,DH_2_MFA_BA__hybrid_optuna_064,0.0010372803740804,2.2174884575555303e-05,8.794145260307696e-05,1.5799875219699269,32.89666777892559,0.0066382428982521,0.0065807277004591,12.22386326679854,0.0610608979287047,True,True,True,True,True,True,True,False,True
DH_2_MFA_BA,DH,MFA_BA,DH_2_MFA_BA__hybrid_optuna_010,4.6999916600854346e-08,3.0725222386636305e-07,3.81850009183786e-05,0.4548026277868452,4.736898472895993,0.003894306464925,0.0224502487079632,130.07540944023782,2.147528442538478,True,True,True,True,True,True,True,False,True
DH_2_MFA_BA,DH,MFA_BA,DH_2_MFA_BA__hybrid_optuna_009,5.6938570167256654e-08,2.69594084560903e-07,3.8112820780343136e-05,0.1879959099955687,5.106874327422321,0.0037041431434567,0.0274954993657828,111.2804743922836,1.269872363715195,True,True,True,True,True,True,True,False,True
DH_2_MFA_BA,DH,MFA_BA,DH_2_MFA_BA__hybrid_pre_06,0.0002273248216595,6.013475300802908e-05,0.0005418197065445,2.78601962601174,21.62389411548485,0.0188528005559133,0.0112539379247973,1.0000002493155932e-10,0.1004417557745063,True,True,True,True,True,True,True,False,True
DH_2_MFA_BA,DH,MFA_BA,DH_2_MFA_BA__hybrid_optuna_055,0.0002273248216595,6.013475300802908e-05,0.0005418197065445,2.78601962601174,21.62389411548485,0.0188528005559133,0.0112539379247973,1.0000002493155932e-10,0.1004417557745063,True,True,True,True,True,True,True,False,True
DH_2_MFA_BA,DH,MFA_BA,DH_2_MFA_BA__hybrid_optuna_051,3.2641971687874705e-08,2.325292096581239e-07,0.0001311972145213,0.3646165865299859,11.025724323385433,0.0054444230264955,0.0036147142392278,104.16551883297844,0.0191423790478734,True,True,True,True,True,True,True,False,True
DH_2_MFA_BA,DH,MFA_BA,DH_2_MFA_BA__hybrid_optuna_042,6.290467004337064e-08,1.0843131025706461e-08,1.246676328033922e-05,0.612507221114891,1.5533179170349365,0.0033104637581446,0.0537223954144955,105.50407117769068,0.4170004923854233,True,True,True,True,True,True,True,False,True
DH_2_MFA_BA,DH,MFA_BA,DH_2_MFA_BA__hybrid_pre_05,0.0002615321486478,3.072114100158395e-05,0.0003015380807002,1.5649804362538575,45.18052264400503,0.0044414211958998,0.0076726646989423,7.604633804001497e-11,0.1265522383683301,True,True,True,True,True,True,True,False,True
DH_2_MFA_BA,DH,MFA_BA,DH_2_MFA_BA__hybrid_optuna_056,0.0002615321486478,3.072114100158395e-05,0.0003015380807002,1.5649804362538575,45.18052264400503,0.0044414211958998,0.0076726646989423,7.604633804001497e-11,0.1265522383683301,True,True,True,True,True,True,True,False,True
DH_2_MFA_BA,DH,MFA_BA,DH_2_MFA_BA__hybrid_optuna_053,4.7060432487603904e-08,3.289959504826973e-07,2.777036278923233e-05,0.5178869784679094,13.300340894077872,0.0113849424162781,0.0008275602821442,129.0975779260211,1.9804475714524463,True,True,True,True,True,True,True,False,True
DH_2_MFA_BA,DH,MFA_BA,DH_2_MFA_BA__hybrid_optuna_049,4.3699353591604724e-07,4.8679436154445574e-08,8.91725333324554e-06,0.1641021181268121,4.578322651115008,0.0218274710432307,0.0165565651370329,119.65581265049876,0.2294882612962977,True,True,True,True,True,True,True,False,True
DH_2_MFA_BA,DH,MFA_BA,DH_2_MFA_BA__hybrid_optuna_052,3.12332792515397e-07,8.35569889894534e-08,0.0022258912622141,0.1083953292090422,21.07935609961965,0.0093955803436964,0.0212511821162779,123.86482105229032,0.1251507689239044,True,True,True,True,True,True,True,False,True
DH_2_MFA_BA,DH,MFA_BA,DH_2_MFA_BA__hybrid_pre_08,0.0001095631486635,1.326826891068058e-05,0.0006873784936682,2.081307500456284,59.4110776195144,0.0061294951088206,0.0042475853833629,1e-10,0.0204055199342436,True,True,True,True,True,True,True,False,True
DH_2_MFA_BA,DH,MFA_BA,DH_2_MFA_BA__hybrid_optuna_035,0.0001095631486635,1.326826891068058e-05,0.0006873784936682,2.081307500456284,59.4110776195144,0.0061294951088206,0.0042475853833629,1e-10,0.0204055199342436,True,True,True,True,True,True,True,False,True
DH_2_MFA_BA,DH,MFA_BA,DH_2_MFA_BA__hybrid_optuna_026,7.432214433454596e-08,2.7096796030699524e-07,1.326240207647556e-05,0.2086537979427354,16.36605228187381,0.0025124875717663,0.0301446055462791,110.69924199463054,1.6225388177528202,True,True,True,True,True,True,True,False,True
DH_2_MFA_BA,DH,MFA_BA,DH_2_MFA_BA__hybrid_optuna_073,2.0103582400373342e-06,0.0001430480552209,0.0001028570709252,2.069636740764922,3.998993368909594,0.0006967205923708,0.0804996675640683,98.5738714251479,7.628661749696112,True,True,True,True,True,True,True,False,False
DH_2_MFA_BA,DH,MFA_BA,DH_2_MFA_BA__hybrid_optuna_095,2.9139991161601084e-08,8.277513424368621e-08,1.394466825273884e-05,0.2790253638157479,0.7886757393873483,0.0002530130884751,0.3409081731078068,111.11280431511489,0.3417020176875536,True,True,True,True,False,True,True,False,True
DH_2_MFA_BA,DH,MFA_BA,DH_2_MFA_BA__hybrid_optuna_096,2.6108260713022424e-05,3.65838990110829e-07,4.014051573681237e-08,0.7959037608595328,8.764057414753653,0.0001538582021694,0.172387714532279,29.241782466902905,9.406057193820397,True,True,True,True,True,True,True,False,False
DH_2_MFA_BA,DH,MFA_BA,DH_2_MFA_BA__hybrid_optuna_097,4.2725965933053233e-07,2.0094394244525626e-06,1.0069154857228504e-08,9.323939460272564,6.6424477512221936,0.000191070913938,0.0924711580322091,97.39260936494355,3.090453633062084,True,True,True,True,True,True,True,False,True
DH_2_MFA_BA,DH,MFA_BA,DH_2_MFA_BA__hybrid_optuna_098,5.384267790646527e-08,1.5735271050582706e-06,3.5905798269248733e-05,0.1317794989971925,1.3669491056334149,0.0002319611274981,0.0584592936130874,101.40482781380118,0.1889299923478883,True,True,True,True,True,True,True,False,True
DH_2_MFA_BA,DH,MFA_BA,DH_2_MFA_BA__hybrid_optuna_080,2.187767075772431e-08,0.0006967433300076,5.062406437727952e-05,0.1599374575063999,4.568303118960841,0.0008848609007803,0.2608063549860749,123.78943577809508,0.6762371829439877,True,True,True,True,True,True,True,False,True
DH_2_MFA_BA,DH,MFA_BA,DH_2_MFA_BA__hybrid_optuna_099,1.6779791287886473e-08,1.4021062902917783e-06,0.0023787162955758,0.1324667202321574,2.43715209170047,0.0001784467497143,5.425391199517527e-05,128.47025672570066,1.9847806378655528,True,True,True,True,True,True,False,False,True
DH_2_MFA_BA,DH,MFA_BA,DH_2_MFA_BA__hybrid_optuna_100,7.805135185973675e-08,8.515964084074401e-07,5.741486934841608e-07,0.0600700894138939,1.7418003564066726,0.0001273614504061,0.0278774154941199,149.24706611768272,0.0223535970725317,True,True,True,True,True,True,True,False,True
DH_2_MFA_BA,DH,MFA_BA,DH_2_MFA_BA__hybrid_optuna_083,0.0006124077241581,5.107922241558206e-05,3.984517391354929e-05,0.8986306794185133,6.490387719294597,0.0016075273038137,0.9226644553190926,108.22817743839892,0.0831835572070756,True,True,True,True,True,True,True,False,True
DH_2_MFA_BA,DH,MFA_BA,DH_2_MFA_BA__hybrid_optuna_084,8.66715069728103e-08,1.7439770612810272e-06,4.51287412061252e-07,0.1436906116101505,1.0128694333017,6.494852133845139e-05,0.0346000121547287,108.7600961160054,1.2285987915431067,True,True,True,True,True,True,True,False,True
DH_2_MFA_BA,DH,MFA_BA,DH_2_MFA_BA__hybrid_optuna_086,0.0020023681082243,0.0001108280271539,0.0001605497888622,0.2581879624998622,0.5171123688085238,0.0094887457764123,0.0408349767664497,92.7834644631042,3.979353027403195,True,True,True,True,False,True,True,False,True
DH_2_MFA_BA,DH,MFA_BA,DH_2_MFA_BA__hybrid_optuna_087,1.792920529833734e-07,4.137867878247796e-06,9.109932027130408e-06,0.1824653916034357,0.8489847218515164,1.678991013711805e-05,0.0319227401653141,127.5598091912156,0.0013500709023058,True,True,True,True,False,True,True,False,True
DH_2_MFA_BA,DH,MFA_BA,DH_2_MFA_BA__hybrid_optuna_088,1.0900509893522393e-05,0.0002695978906131,3.646863592387273e-08,0.8228707067901754,85.64450863977925,0.0001059017175366,0.5360824605080463,95.63227196408252,0.4991690125279574,True,True,True,True,True,True,True,False,True
DH_2_MFA_BA,DH,MFA_BA,DH_2_MFA_BA__hybrid_optuna_039,2.010679063674412e-07,9.474453678396252e-06,0.000286084360825,0.550132725666472,2.7862988165051825,0.0035320132433142,0.164719661207994,124.4619228618482,0.9501780437468516,True,True,True,True,True,True,True,False,True
DH_2_MFA_BA,DH,MFA_BA,DH_2_MFA_BA__hybrid_optuna_020,2.155227518943369e-07,9.629997367477253e-06,0.0002590879191826,0.5324028743789109,2.51395514415794,0.0042080621431558,0.1322254097715267,125.77443272368512,0.8463054503965328,True,True,True,True,True,True,True,False,True
DH_2_MFA_BA,DH,MFA_BA,DH_2_MFA_BA__hybrid_optuna_037,1.0895303002057684e-06,1.1365437659318253e-07,3.5231317142405432e-06,7.281236306764824,3.427447218247262,0.0030309796217074,0.0015857916826109,146.47452373339604,42.904432976716976,True,True,True,True,True,True,True,False,False
DH_2_MFA_BA,DH,MFA_BA,DH_2_MFA_BA__hybrid_optuna_048,1.0646289440740411e-08,5.413839832712338e-07,2.243005058032725e-06,1.2605774121179658,50.58951333677244,0.0019849013772036,0.0003360332651464,138.538699026492,6.597278914060833,True,True,True,True,True,True,True,False,False
DH_2_MFA_BA,DH,MFA_BA,DH_2_MFA_BA__hybrid_optuna_019,2.2442468572724443e-07,9.823589779667175e-06,0.0003005910489192,0.4992414248502486,2.24921791146447,0.002415865191763,0.1278161125875191,125.74214363579011,0.725349714577123,True,True,True,True,True,True,True,False,True
DH_2_MFA_BA,DH,MFA_BA,DH_2_MFA_BA__hybrid_optuna_059,8.925142467985646e-08,1.2181215864500362e-06,7.579002724087545e-07,0.1251251834647626,0.5736832446001855,0.0028024826809759,0.167017775537539,101.89710008514945,0.3791125911102047,True,True,True,True,False,True,True,False,True
DH_2_MFA_BA,DH,MFA_BA,DH_2_MFA_BA__hybrid_optuna_074,2.8885868581750933e-06,1.0302355306359835e-06,0.0049678493684686,0.082856294103554,0.9302464461353168,0.0267090992437707,3.394640053781802,131.75947389131832,16.294714687157406,True,True,True,True,False,True,True,False,False
DH_2_MFA_BA,DH,MFA_BA,DH_2_MFA_BA__hybrid_post_001,2.505713419472813e-07,7.486032880860722e-06,0.0001243032638479,0.1716715066763984,0.5794179241234853,0.002641816487494,0.1483007278398803,102.04621857169312,0.5949861462450726,True,True,True,True,False,True,True,False,True
DH_2_MFA_BA,DH,MFA_BA,DH_2_MFA_BA__hybrid_optuna_001,2.503382907180764e-07,7.488246178584479e-06,0.0001243032638479,0.172117632321732,0.5768155142008188,0.002640596311566,0.1480927276142615,102.04621857169312,0.5949861462450726,True,True,True,True,False,True,True,False,True
DH_2_MFA_BA,DH,MFA_BA,DH_2_MFA_BA__hybrid_optuna_045,6.55586440231921e-08,1.974954802160185e-06,1.7049663024876556e-06,0.1601333278809613,1.0345058527140198,0.0038238921954376,1.0129350739711513e-05,120.16902787787376,1.6084405775680797,True,True,True,True,True,True,False,False,True
DH_2_MFA_BA,DH,MFA_BA,DH_2_MFA_BA__hybrid_optuna_012,3.360269162807204e-07,1.9450845355457844e-05,0.0001736294108586,0.3210436543615503,0.696848145111792,0.0068042615774287,0.269588605649808,113.0062922908482,0.6011274439039718,True,True,True,True,False,True,True,False,True
DH_2_MFA_BA,DH,MFA_BA,DH_2_MFA_BA__hybrid_optuna_062,6.145602419840934e-07,0.0086622686906633,0.0002882388377049,0.4503211136787429,1.9470223570512453,0.0054057449773205,0.0212077183447822,134.96064862437566,5.319030999476684,True,True,True,True,True,True,True,False,False
DH_2_MFA_BA,DH,MFA_BA,DH_2_MFA_BA__hybrid_optuna_082,8.733982195566767e-07,0.000131327058023,5.8578093681078886e-05,1.1173329150213898,0.5293698491458866,9.80746909521644e-05,0.0782312652881097,138.32390264322885,0.3614223313681488,True,True,True,True,False,True,True,False,True
DH_2_MFA_BA,DH,MFA_BA,DH_2_MFA_BA__hybrid_optuna_076,2.6152825306749292e-08,1.4331922853379248e-07,4.075173392676908e-07,0.2770794054603684,415.4816538997239,0.0003320258070519,11.156918462586772,93.6125290758548,0.0017237972865129,True,True,True,True,False,True,True,False,True
DH_2_MFA_BA,DH,MFA_BA,DH_2_MFA_BA__hybrid_optuna_090,1.7670169402947916e-06,0.0050615768887523,0.0013303245101522,1.192617378922354,1.4690139693517672,4.207053950287933e-05,2.3226650368137e-05,129.92642186624028,0.6677615511747083,True,True,True,True,True,True,False,False,True
DH_2_MFA_BA,DH,MFA_BA,DH_2_MFA_BA__hybrid_optuna_078,4.994044468190669e-08,1.089314274825946e-06,3.274659495975996e-06,0.1165927226303104,1.3399841471263607,0.0003384689381146,0.0187689882770532,133.15839078588672,0.058460894555525,True,True,True,True,True,True,True,False,True
DH_2_MFA_BA,DH,MFA_BA,DH_2_MFA_BA__hybrid_optuna_070,2.862510091644246e-07,1.9654436909732967e-05,5.144270869951969e-06,0.6314922680489907,1.2069736682316845,0.000275538739076,0.4796392050514602,141.4814550916786,0.5972337328885536,True,True,True,True,True,True,True,False,True
DH_2_MFA_BA,DH,MFA_BA,DH_2_MFA_BA__hybrid_optuna_043,2.637868851637601e-07,2.579923850880043e-07,4.377722549493224e-05,0.0763500826180412,2.104331014835642,0.0003373368285827,0.0160657120779523,82.88627474881355,1.9349846174325225,True,True,True,True,True,True,True,False,True
DH_2_MFA_BA,DH,MFA_BA,DH_2_MFA_BA__hybrid_optuna_068,1.343502796782068e-07,4.924079395632565e-07,1.891170532888759e-05,0.1772960601741288,0.835225776436266,0.0003264107753201,0.2194263232929109,106.84746260500616,0.3243755259884457,True,True,True,True,False,True,True,False,True
DH_2_MFA_BA,DH,MFA_BA,DH_2_MFA_BA__hybrid_optuna_022,6.607482507056527e-08,3.483490846441444e-06,3.413570261115773e-07,0.1159859246274408,1.1347508042364605,0.0017576561625143,0.0405699164213413,107.36698985912588,0.0633747483952887,True,True,True,True,True,True,True,False,True
DH_2_MFA_BA,DH,MFA_BA,DH_2_MFA_BA__hybrid_optuna_050,7.079071943973002e-08,4.819318655347307e-06,1.989051054777796e-05,0.7162545344604464,27.77487551684492,0.0022825472940747,0.006365551978111,89.97217448444992,0.284040811383972,True,True,True,True,True,True,True,False,True
DH_2_MFA_BA,DH,MFA_BA,DH_2_MFA_BA__hybrid_optuna_079,3.7840714737782766e-08,8.551443386192415e-05,0.0005361552940273,0.3092610287177113,6.672208665099107,0.014351740437211,0.1403029855659594,130.47470600167603,0.1634476898621162,True,True,True,True,True,True,True,False,True
DH_2_MFA_BA,DH,MFA_BA,DH_2_MFA_BA__hybrid_optuna_069,1.0042436217089157e-07,0.0002840462473116,0.0006741253507318,0.193787253835809,0.6632916432308914,0.0067932885251477,0.372434918515905,118.97607859493706,1.3447519789875593,True,True,True,True,False,True,True,False,True
DH_2_MFA_BA,DH,MFA_BA,DH_2_MFA_BA__hybrid_optuna_072,1.7718829640161253e-08,2.549333974174937e-06,1.073567900452123e-07,0.6950460696581774,0.5546686743490862,0.0020329247890038,0.0527704080329671,116.32743239165684,10.444047000250784,True,True,True,True,False,True,True,False,False
DH_2_MFA_BA,DH,MFA_BA,DH_2_MFA_BA__hybrid_optuna_091,0.000177188473548,1.3289448722869162e-08,0.0615699732823519,4.115716865497774,2.167640897475782,5.337032762603954e-05,0.0001430992369351,45.63633644393066,0.2922905212920093,True,True,False,True,True,True,True,False,True
DH_2_MFA_BA,DH,MFA_BA,DH_2_MFA_BA__hybrid_optuna_067,2.9423806331225872e-08,2.223081698126437e-05,0.0004641799283517,0.3050021547764803,1.6829216897170052,0.0003779966950546,0.7954059265087234,134.4527042658556,0.0071895913793081,True,True,True,True,True,True,True,False,True
DH_2_MFA_BA,DH,MFA_BA,DH_2_MFA_BA__hybrid_optuna_021,1.0355447430516105e-07,1.0580061779895084e-05,0.000100607689401,0.394000043774006,1.998786205764012,0.0015038443621554,0.0787572579975633,122.11212941248164,3.560762115218706,True,True,True,True,True,True,True,False,True
DH_2_MFA_BA,DH,MFA_BA,DH_2_MFA_BA__hybrid_optuna_071,2.238234846415756e-05,1.4212476369818297e-07,1.090892557777923e-07,5.7538149435914425,7.851191189409189,0.0014467053264901,6.057166755890206,80.4552706453062,2.380814299286294,True,True,True,True,True,True,True,False,True
DH_2_MFA_BA,DH,MFA_BA,DH_2_MFA_BA__hybrid_optuna_077,2.3666020877312355e-08,5.873171912972217e-07,9.733575781850171e-07,0.1357739412046079,3.8911479915107936,0.000416093328863,0.0210515621494639,132.03229086090715,0.0917435063788373,True,True,True,True,True,True,True,False,True
DH_2_MFA_BA,DH,MFA_BA,DH_2_MFA_BA__hybrid_optuna_085,3.395606774217527e-05,6.835206856081983e-07,2.276192795855049e-08,0.1603394594691898,1.2067476052349546,0.0002696672900695,0.0487024605799853,56.60632811587861,17.98208779861782,True,True,True,True,True,True,True,False,False
DH_2_MFA_BA,DH,MFA_BA,DH_2_MFA_BA__hybrid_optuna_017,3.2273597417665534e-07,1.63653424984107e-05,0.0002185085868092,0.4306352258202343,1.5885740845290603,0.0049558375397889,0.1064601039178033,114.39485505122644,0.7794831553604206,True,True,True,True,True,True,True,False,True
DH_2_MFA_BA,DH,MFA_BA,DH_2_MFA_BA__hybrid_optuna_016,1.1336128341974417e-07,7.858012633956157e-07,5.272739177344258e-06,0.1963661581384922,0.5127818054994436,0.0004927519314675,0.0633035814985689,9.072454261617452,0.1348032170474845,True,True,True,True,False,True,True,False,True
DH_2_MFA_BA,DH,MFA_BA,DH_2_MFA_BA__hybrid_optuna_044,3.6151970273019176e-08,2.8228659256730808e-05,2.289096740318371e-07,0.1062655498081174,1.165786458054666,0.0019477427251306,0.007549300652805,135.57655414756994,0.0054175789993039,True,True,True,True,True,True,True,False,True
DH_2_MFA_BA,DH,MFA_BA,DH_2_MFA_BA__hybrid_optuna_014,2.065704093529473e-07,2.218058695051637e-06,1.438088273321634e-07,0.7657217536180466,0.6040657624758706,0.0015711606088722,0.0760490509394549,122.35947559643142,7.924174235402493,True,True,True,True,False,True,True,False,False
DH_2_MFA_BA,DH,MFA_BA,DH_2_MFA_BA__hybrid_optuna_081,4.134230200697133e-08,3.540849860010409e-06,6.349836781317709e-06,0.3510463298124727,0.953419020230536,0.0004698228745508,1.442228395879081,115.44555919456148,0.0388569862106118,True,True,True,True,False,True,True,False,True
DH_2_MFA_BA,DH,MFA_BA,DH_2_MFA_BA__hybrid_optuna_075,6.886480898394614e-07,2.969789898186866e-06,5.5481438115928793e-08,5.708274993381053,3.559768487049124,0.0005540969409704,2.9074575511180893,67.6891561235515,47.94595646602088,True,True,True,True,True,True,True,False,False
DH_2_MFA_BA,DH,MFA_BA,DH_2_MFA_BA__hybrid_optuna_030,6.910057565154603e-07,2.2567261527835973e-08,6.334639255448921e-05,0.2414547504794763,0.9422896850028348,0.0005568686413432,0.0151270261525977,119.71755617837276,0.4550848761720301,True,True,True,True,False,True,True,False,True
DH_2_MFA_BA,DH,MFA_BA,DH_2_MFA_BA__hybrid_optuna_023,1.3352797666482657e-07,1.2734042357368385e-07,2.017816023996511e-07,0.0675013104710762,5.498546956580411,0.0006144209097758,0.0593614826742425,141.74897041652082,0.0452884819471533,True,True,True,True,True,True,True,False,True
DH_2_MFA_BA,DH,MFA_BA,DH_2_MFA_BA__hybrid_optuna_007,8.004087877098265e-08,7.891834553631136e-07,7.120309008895084e-07,0.1397294261827474,1.1024900546565035,0.0006515448061391,0.0315063657275182,133.8216661358976,0.062858305665782,True,True,True,True,True,True,True,False,True
DH_2_MFA_BA,DH,MFA_BA,DH_2_MFA_BA__hybrid_optuna_089,7.585153512251614e-05,1.9205688132213404e-07,7.581588167141177e-08,0.2190670415438756,0.6085571891371303,0.0007413930381805,0.1008171522173504,69.42179540440351,0.6240386085482257,True,True,True,True,False,True,True,False,True
DH_2_MFA_BA,DH,MFA_BA,DH_2_MFA_BA__hybrid_optuna_003,1.447917223558223e-07,1.616938187689323e-06,4.066235134571187e-05,0.1812573154925381,0.6306287038767026,0.0006604544816381,0.0600888484736984,107.58462801661004,0.3215746135967542,True,True,True,True,False,True,True,False,True
DH_2_MFA_BA,DH,MFA_BA,DH_2_MFA_BA__hybrid_post_003,1.447917223558223e-07,1.616938187689323e-06,4.066235134571187e-05,0.1812573154925381,0.6306287038767026,0.0006604544816381,0.0600888484736984,107.58462801661004,0.3215746135967542,True,True,True,True,False,True,True,False,True
DH_2_MFA_BA,DH,MFA_BA,DH_2_MFA_BA__hybrid_optuna_018,1.496784146905183e-07,2.5739374635183254e-06,8.158371614561351e-05,0.2461561247138287,1.4838217526056952,0.0013370939065441,0.0920106170957104,118.19419409377224,0.1771259899978288,True,True,True,True,True,True,True,False,True
DH_2_MFA_BA,DH,MFA_BA,DH_2_MFA_BA__hybrid_optuna_005,8.068578893241823e-08,9.070443009434912e-07,8.162368305257634e-07,0.137192939013032,0.6501393528167319,0.0007019847103353,0.0341807481068763,109.32015775550218,0.562186438805511,True,True,True,True,False,True,True,False,True
DH_2_MFA_BA,DH,MFA_BA,DH_2_MFA_BA__hybrid_optuna_025,4.8889911236048526e-08,7.67900672033477e-06,2.403896541570409e-05,0.1755823963304551,2.847391756691424,0.0006575233664648,0.027820694663812,95.7152628614305,0.2450152000442773,True,True,True,True,True,True,True,False,True
DH_2_MFA_BA,DH,MFA_BA,DH_2_MFA_BA__hybrid_optuna_047,1.6336839559940954e-08,4.483615046650988e-07,1.0415278785789483e-06,0.0911992330499369,7.846616015709249,0.0007611195910934,0.0108449120927494,90.01215955003251,0.2614572857969715,True,True,True,True,True,True,True,False,True
DH_2_MFA_BA,DH,MFA_BA,DH_2_MFA_BA__hybrid_optuna_063,4.058156320550529e-07,1.849023556394199e-07,1.7111349450097092e-06,0.1005326140293288,1.2262927129213546,0.001008830213392,0.702468127865361,111.6646145080798,0.1342811651323554,True,True,True,True,True,True,True,False,True
DH_2_MFA_BA,DH,MFA_BA,DH_2_MFA_BA__hybrid_optuna_093,5.418668256832877e-08,5.425709721598221e-08,3.213936437665265e-05,0.2060293859176063,17.368416523171742,0.0028551484970005,0.0263000220249049,110.4090161111048,0.9766008350205272,True,True,True,True,True,True,True,False,True
DH_2_MFA_BA,DH,MFA_BA,DH_2_MFA_BA__hybrid_optuna_092,1.2930541900339364e-08,2.856741155917359e-07,6.414321935579744e-05,0.2582407704145839,2.386741161628147,0.0042580307058283,0.0027770899392758,138.12954211616696,1.173232298117439,True,True,True,True,True,True,True,False,True
DH_2_MFA_BA,DH,MFA_BA,DH_2_MFA_BA__hybrid_optuna_033,0.008817318871302,0.0014241619636145,3.1091277238115244e-06,0.4137184546037464,234.74161812494896,0.0944464450576009,0.462260281012287,42.63988281192098,23.119947983724096,False,True,True,True,True,True,True,False,False
DH_2_MFA_BA,DH,MFA_BA,DH_2_MFA_BA__hybrid_optuna_066,0.0055824410170268,0.0036111498700306,1.2234832176375278e-06,0.0574968109748343,236.3827460583612,0.0629025832030261,0.921309714724988,39.05909547890902,8.084656683058348,False,True,True,True,True,True,True,False,False
DH_2_MFA_BA,DH,MFA_BA,DH_2_MFA_BA__hybrid_optuna_004,1.427723528323129e-07,1.7074530925754332e-06,1.3490549312794e-06,0.1770277792769881,1.3552942017503045,0.0010167227472128,0.0631293842164651,109.62615170184031,0.3568207979257617,True,True,True,True,True,True,True,False,True
DH_2_MFA_BA,DH,MFA_BA,DH_2_MFA_BA__hybrid_optuna_006,5.651858129537826e-08,6.337024927283991e-06,4.90771367005784e-05,0.1707036586383346,0.872413623484981,0.001067251399133,0.0284340150272843,97.4795321026224,0.2296296466867592,True,True,True,True,False,True,True,False,True
DH_2_MFA_BA,DH,MFA_BA,DH_2_MFA_BA__hybrid_optuna_008,1.9333589186535886e-07,1.2123412228304212e-05,5.982138312113898e-05,0.170094300307207,5.362990403611199,0.0007592269645324,0.1072061906204483,123.41899797481734,3.887310900026424,True,True,True,True,True,True,True,False,True
DH_2_MFA_BA,DH,MFA_BA,DH_2_MFA_BA__hybrid_optuna_013,3.345377533650336e-07,1.860841134143312e-05,0.0001769597378703,0.3252430753134844,0.6371002106746128,0.0011748523294087,0.2142765286025698,115.6408376310268,0.4874863262456467,True,True,True,True,False,True,True,False,True
DH_2_MFA_BA,DH,MFA_BA,DH_2_MFA_BA__hybrid_optuna_046,9.536872714761385e-08,9.612342370350297e-07,2.185230776430662e-05,0.2315983509659644,4.954353400848519,0.0012272014176329,0.0129521055693964,84.82749698380724,2.89848344892551,True,True,True,True,True,True,True,False,True
DH_2_MFA_BA,DH,MFA_BA,DH_2_MFA_BA__hybrid_optuna_024,1.4321162728603693e-07,2.890493750119573e-06,0.0009581958390273,0.0778591075876087,9.763366698576888,0.0008856056446401,0.0448787951870274,114.71351831614398,2.6077813160505734,True,True,True,True,True,True,True,False,True
DH_2_MFA_BA,DH,MFA_BA,DH_2_MFA_BA__hybrid_optuna_036,4.90680524204914e-07,3.655677960578157e-07,0.0004218128985447,0.1510324834901332,1.7750093212163256,0.0008817697900038,0.0437864716592772,53.944852308473095,1.0441079582000297,True,True,True,True,True,True,True,False,True
DH_2_MFA_BA,DH,MFA_BA,DH_2_MFA_BA__hybrid_optuna_032,5.935492433216905e-06,3.132178505620957e-08,2.8314885406870164e-07,0.3580414867222382,12.230956250188516,0.0010606281531174,0.1237443285898247,80.18798471951148,5.468480711652608,True,True,True,True,True,True,True,False,False
DH_2_MFA_BA,DH,MFA_BA,DH_2_MFA_BA__hybrid_optuna_002,2.506729109439901e-07,0.0001101108492652,0.0003298042182763,0.4600249154929654,2.0300752163527065,0.0003721120144546,0.1054181379731889,126.18712102927616,0.3745511330172406,True,True,True,True,True,True,True,False,True
DH_2_MFA_BA,DH,MFA_BA,DH_2_MFA_BA__hybrid_post_002,2.506729109439901e-07,0.0001101108492652,0.0003298042182763,0.4600249154929654,2.0300752163527065,0.0003721120144546,0.1054181379731889,126.18712102927616,0.3745511330172406,True,True,True,True,True,True,True,False,True
DH_2_MFA_BA,DH,MFA_BA,DH_2_MFA_BA__hybrid_optuna_011,3.897574648776386e-07,1.4829342834568172e-05,0.0001190362330762,0.2781825096427927,0.606405175118285,0.0011221126747134,0.1492568071625805,115.77935387005974,0.5427473681422497,True,True,True,True,False,True,True,False,True
DH_2_MFA_BA,DH,MFA_BA,DH_2_MFA_BA__hybrid_optuna_041,1.5984598008275294e-07,5.890752019306703e-06,1.3747144622822038e-07,4.123901487525274,3.2911361901399285,0.0005780239877578,0.0353603766421144,22.04832160119792,4.366719544273752,True,True,True,True,True,True,True,False,True
DH_2_MFA_BA,DH,MFA_BA,DH_2_MFA_BA__hybrid_optuna_015,2.4699009460720064e-08,0.0020942621891959,5.653459609695988e-05,0.0901090722567459,0.8344050222259873,0.0009692976349283,0.0125872228290837,87.48825249554922,0.1169185249823321,True,True,True,True,False,True,True,False,True
DH_2_MFA_BA,DH,MFA_BA,DH_2_MFA_BA__hybrid_optuna_034,5.015773874544101e-07,5.084562372896009e-06,0.0012953964026154,0.4745714388769105,0.7770924056210886,0.0384025989201303,0.0095573870642067,103.69531980950292,1.344454322510146,True,True,True,True,False,True,True,False,True
DH_2_MFA_BA,DH,MFA_BA,DH_2_MFA_BA__hybrid_optuna_038,1.974592513241389e-07,6.862142132254399e-06,3.147806531872498e-05,0.2208464686872947,0.7118330686543562,0.0016100967614431,0.0043049862796428,104.63238642772885,2.45182506322253,True,True,True,True,False,True,True,False,True
DH_2_MFA_BA,DH,MFA_BA,DH_2_MFA_BA__hybrid_optuna_027,3.577146989146467e-06,1.2768083200209625e-06,1.0419866426832246e-08,8.654516209352401,5.669372316681087,0.0007341717364359,0.2275329185465075,80.06319896823858,4.117238846257802,True,True,True,True,True,True,True,False,True
DH_2_MFA_BA,DH,MFA_BA,DH_2_MFA_BA__hybrid_optuna_029,1.0626840811920609e-06,3.904591834433007e-05,8.38525072696768e-05,0.3218522820475653,0.6962665532282228,0.0012814805945321,0.2396910188889139,100.16947205773722,0.4616431569038649,True,True,True,True,False,True,True,False,True
DH_2_MFA_BA,DH,MFA_BA,DH_2_MFA_BA__hybrid_optuna_028,9.76357666358096e-06,1.968478444208916e-06,2.4828863067448664e-08,9.966276966135393,126.93609160832868,0.0010236963658634,0.3039946410843078,42.13980432707761,48.93921781610266,True,True,True,True,True,True,True,False,False
DH_2_MFA_BA,DH,MFA_BA,DH_2_MFA_BA__hybrid_optuna_040,2.4719952485957265e-07,7.279326168118905e-05,0.0100231379434278,0.9879865613517956,1.0518877854909494,0.0004579548317796,0.0064578999351271,119.36654498536842,0.2150326654281265,True,True,True,True,True,True,True,False,True
DH_2_MFA_BA,DH,MFA_BA,DH_2_MFA_BA__hybrid_optuna_094,1.592863656115813e-07,0.0004748639643733,1.0489907999302647e-05,0.1192291140972118,0.7266775437909891,1.4203881786097373e-05,0.0008461755742257,149.78135843242308,1.7520322279736564,True,True,True,True,False,True,True,False,True
DH_2_MFA_BA,DH,MFA_BA,DH_2_MFA_BA__hybrid_optuna_065,1.193844847215173e-07,6.414473475929866e-06,5.995894632215753e-07,6.007835615060683,98.54517826885396,0.0018709674154687,1.6475028820701647,113.59721492150412,0.9532526789655704,True,True,True,True,True,True,True,False,True
DH_2_MFA_BA,DH,MFA_BA,DH_2_MFA_BA__hybrid_optuna_031,4.057306373647676e-06,6.742537901516055e-07,1.3548926867568024e-08,9.791178610847613,140.27999803372822,0.00068038139769,0.282188695188014,59.99710490755723,27.49584048820425,True,True,True,True,True,True,True,False,False
DH_2_MFA_BA,DH,MFA_BA,DH_2_MFA_BA__hybrid_optuna_054,1.4507401953198184e-06,3.2488609886589126e-05,0.0001637509036564,1.5449815981449844,3.0139319231311017,0.0075869448984226,2.26738590960508e-05,144.07108614697358,13.09900940764191,True,True,True,True,True,True,False,False,False
DH_3_MFA_BA,DH,MFA_BA,DH_3_MFA_BA__hybrid_optuna_084,0.006004480331788,0.0004748639643733,0.0078823067326611,0.2225470795869807,9.093412234867476,0.0013255240424677,0.1873359666322987,40.66995291512924,0.0148211078784804,False,True,True,True,True,True,True,False,True
DH_3_MFA_BA,DH,MFA_BA,DH_3_MFA_BA__hybrid_pre_07,0.0010372803740804,2.2174884575555303e-05,8.794145260307696e-05,1.5799875219699269,32.89666777892559,0.0066382428982521,0.0065807277004591,12.22386326679854,0.0610608979287047,True,True,True,True,True,True,True,False,True
DH_3_MFA_BA,DH,MFA_BA,DH_3_MFA_BA__hybrid_optuna_093,0.0010372803740804,2.2174884575555303e-05,8.794145260307696e-05,1.5799875219699269,32.89666777892559,0.0066382428982521,0.0065807277004591,12.22386326679854,0.0610608979287047,True,True,True,True,True,True,True,False,True
DH_3_MFA_BA,DH,MFA_BA,DH_3_MFA_BA__hybrid_pre_06,0.0002273248216595,6.013475300802908e-05,0.0005418197065445,2.78601962601174,21.62389411548485,0.0188528005559133,0.0112539379247973,1.0000002493153843e-10,0.1004417557745063,True,True,True,True,True,True,True,False,True
DH_3_MFA_BA,DH,MFA_BA,DH_3_MFA_BA__hybrid_optuna_087,0.0002273248216595,6.013475300802908e-05,0.0005418197065445,2.78601962601174,21.62389411548485,0.0188528005559133,0.0112539379247973,1.0000002493153843e-10,0.1004417557745063,True,True,True,True,True,True,True,False,True
DH_3_MFA_BA,DH,MFA_BA,DH_3_MFA_BA__hybrid_optuna_043,0.0035743402903442,0.0003571137056083,1.409627995944035e-07,0.2313765944669553,82.04216203272185,0.0148635702791042,0.0001555487813709,121.33177550064045,13.938477393251617,True,True,True,True,True,True,True,False,False
DH_3_MFA_BA,DH,MFA_BA,DH_3_MFA_BA__hybrid_pre_05,0.0002615321486478,3.072114100158395e-05,0.0003015380807002,1.5649804362538575,45.18052264400503,0.0044414211958998,0.0076726646989423,7.604633804111926e-11,0.1265522383683301,True,True,True,True,True,True,True,False,True
DH_3_MFA_BA,DH,MFA_BA,DH_3_MFA_BA__hybrid_optuna_088,0.0002615321486478,3.072114100158395e-05,0.0003015380807002,1.5649804362538575,45.18052264400503,0.0044414211958998,0.0076726646989423,7.604633804111926e-11,0.1265522383683301,True,True,True,True,True,True,True,False,True
DH_3_MFA_BA,DH,MFA_BA,DH_3_MFA_BA__hybrid_pre_08,0.0001095631206754,1.3268261308606844e-05,0.0006873783039156,2.081307473009947,59.41107765954308,0.0061294925367443,0.0042475844355403,5.650410123775506e-08,0.0204055163298736,True,True,True,True,True,True,True,False,True
DH_3_MFA_BA,DH,MFA_BA,DH_3_MFA_BA__hybrid_optuna_085,0.0001095631206754,1.3268261308606844e-05,0.0006873783039156,2.081307473009947,59.41107765954308,0.0061294925367443,0.0042475844355403,5.650410123775506e-08,0.0204055163298736,True,True,True,True,True,True,True,False,True
DH_3_MFA_BA,DH,MFA_BA,DH_3_MFA_BA__hybrid_optuna_041,0.0001999163008691,0.0033136908391315,7.601113134309349e-07,0.1792877732178001,9.042189529845892,0.0099660181625753,0.0005131484491005,10.594924585121248,0.0237974592222565,True,True,True,True,True,True,True,False,True
DH_3_MFA_BA,DH,MFA_BA,DH_3_MFA_BA__hybrid_optuna_018,4.241281592475656e-05,0.0001064214321928,4.015495562629551e-08,0.616600092736215,16.220822212616795,0.0030100228970054,0.88419310974149,133.28207335838405,0.0199400910509525,True,True,True,True,True,True,True,False,True
DH_3_MFA_BA,DH,MFA_BA,DH_3_MFA_BA__hybrid_optuna_077,0.0002709920344822,6.182959044620539e-05,3.5448738450546434e-06,0.4498052127117839,16.136368946583026,0.0082162132178575,8.887750469355139e-05,133.32962932819544,0.1580513351746342,True,True,True,True,True,True,False,False,True
DH_3_MFA_BA,DH,MFA_BA,DH_3_MFA_BA__hybrid_optuna_042,8.975851653471275e-05,7.642749757657225e-05,6.077642940310493e-07,0.6137694374760048,9.740339932480076,0.0191111735951689,0.0006916761354813,126.15899930072884,0.2331324195423423,True,True,True,True,True,True,True,False,True
DH_3_MFA_BA,DH,MFA_BA,DH_3_MFA_BA__hybrid_post_001,1.936012035697091e-06,0.0020908661158714,3.9263494786913954e-08,0.1025473093675592,4.034798757274126,0.0004229691542919,1.3895350242804584e-05,22.161442577750915,0.0310499227576335,True,True,True,True,True,True,False,False,True
DH_3_MFA_BA,DH,MFA_BA,DH_3_MFA_BA__hybrid_optuna_079,0.0004323142213035,4.05550206479183e-05,3.753188015861578e-07,1.93886723503586,23.56558618812046,0.0185587656776179,7.322881776515149,128.38143093410125,0.0191423790478734,True,True,True,True,True,True,True,False,True
DH_3_MFA_BA,DH,MFA_BA,DH_3_MFA_BA__hybrid_optuna_045,4.606989115710432e-05,0.0001096128173625,1.5048603136302018e-08,0.8974853892852359,12.214405582681508,0.0031200455681238,0.0382248669247845,139.6363931475516,0.0111260067709935,True,True,True,True,True,True,True,False,True
DH_3_MFA_BA,DH,MFA_BA,DH_3_MFA_BA__hybrid_optuna_046,1.1805178438957003e-05,0.0001701349675359,1.0651793797813421e-08,0.8228707067901754,11.757024046605462,0.0014904715965252,0.0489470666570094,148.61459779406616,0.010176998982615,True,True,True,True,True,True,True,False,True
DH_3_MFA_BA,DH,MFA_BA,DH_3_MFA_BA__hybrid_optuna_049,4.099927048846697e-05,0.0001283368155493,1.0837994564758537e-08,0.9134274914840556,12.133987277115006,0.0026534459207029,0.0348977610575982,142.66793710113367,0.0128843435987058,True,True,True,True,True,True,True,False,True
DH_3_MFA_BA,DH,MFA_BA,DH_3_MFA_BA__hybrid_optuna_051,1.94785772119072e-05,0.0014316533062779,1.1150591681375688e-08,0.7283088328277747,4.784062087066596,0.0019798552096203,0.0473998547463487,149.31328295280875,0.0028120583532716,True,True,True,True,True,True,True,False,True
DH_3_MFA_BA,DH,MFA_BA,DH_3_MFA_BA__hybrid_optuna_052,2.5701336330683285e-05,0.0001353434154277,1.14593057500419e-08,0.9221717810778276,11.737452385203715,0.0016604197501975,0.0361844297142256,145.0626474656812,0.0091421375933419,True,True,True,True,True,True,True,False,True
DH_3_MFA_BA,DH,MFA_BA,DH_3_MFA_BA__hybrid_optuna_053,0.0003661765001013,0.0001354664145332,3.473839308147937e-06,0.6857829388850416,23.16397465576253,0.0203150204921507,0.0002414735069687,56.20939879681231,0.0387806321260499,True,True,True,True,True,True,True,False,True
DH_3_MFA_BA,DH,MFA_BA,DH_3_MFA_BA__hybrid_optuna_054,0.0013791775726577,3.0049742343875965e-05,5.127912089397872e-05,0.3900976541816194,13.930539595627334,0.0128105603089955,0.0217602985467623,112.619281549363,0.1448169863272,True,True,True,True,True,True,True,False,True
DH_3_MFA_BA,DH,MFA_BA,DH_3_MFA_BA__hybrid_optuna_071,0.0048088458219094,1.5674505606151797e-05,2.224560763772438e-06,0.1856768904914446,25.87075047650917,0.0091036337486419,0.0018585598492112,103.0893233402668,0.4108320111743453,True,True,True,True,True,True,True,False,True
DH_3_MFA_BA,DH,MFA_BA,DH_3_MFA_BA__hybrid_optuna_055,0.0030170601861699,2.931867748869914e-06,1.2947216066639511e-06,0.2272790529371423,103.72164752893327,0.0593466779703855,0.0050090897188835,108.82724463246204,0.6374111950419062,True,True,True,True,True,True,True,False,True
DH_3_MFA_BA,DH,MFA_BA,DH_3_MFA_BA__hybrid_optuna_056,5.278925365025605e-05,0.0008354545442896,5.69766157198035e-08,1.926570865088518,154.6944429582486,0.0029695363297785,0.3512722927619264,124.5261739080383,0.0672820922767657,True,True,True,True,True,True,True,False,True
DH_3_MFA_BA,DH,MFA_BA,DH_3_MFA_BA__hybrid_optuna_057,1.3992334560310553e-05,0.0002379612030668,4.264283403520783e-08,0.7994061223715007,0.5990203889163966,0.0019232909139733,0.0409451304717202,141.69730158082533,0.0021324217958938,True,True,True,True,False,True,True,False,True
DH_3_MFA_BA,DH,MFA_BA,DH_3_MFA_BA__hybrid_optuna_081,1.688697196127118e-07,1.5343744503824874e-06,1.0903404339260306e-05,0.4951429914369816,1.1305303189317446,0.000142621375158,0.3644367812263813,101.15181891805426,0.0013106323536369,True,True,True,True,True,True,True,False,True
DH_3_MFA_BA,DH,MFA_BA,DH_3_MFA_BA__hybrid_optuna_059,5.935492433216905e-06,0.0013550022929071,3.012974409102107e-05,0.7054516164290465,0.8074226004712449,0.0005530287623589,0.0014757114625801,123.9644039698272,0.0016133251040746,True,True,True,True,False,True,True,False,True
DH_3_MFA_BA,DH,MFA_BA,DH_3_MFA_BA__hybrid_optuna_060,0.0018435475045313,9.23535608943972e-06,5.437327089113791e-06,0.4346288617147962,15.604826561091246,0.0294491446973543,0.0055215939549335,127.25025940874971,1.023174125695529,True,True,True,True,True,True,True,False,True
DH_3_MFA_BA,DH,MFA_BA,DH_3_MFA_BA__hybrid_optuna_061,1.904144987287703e-07,0.0004919645869283,1.0307766697722342e-05,0.4263128679216835,0.5205122989587503,6.767570609830148e-05,0.131535778002534,98.96974941023784,0.0014107905634247,True,True,True,True,False,True,True,False,True
DH_3_MFA_BA,DH,MFA_BA,DH_3_MFA_BA__hybrid_optuna_062,8.072111276920325e-05,0.0003231303604811,7.391437578672316e-08,0.637287757314901,5.296053046771177,0.0003957363177644,3.814719782480254e-05,56.26046261125161,0.0136359179189688,True,True,True,True,True,True,False,False,True
DH_3_MFA_BA,DH,MFA_BA,DH_3_MFA_BA__hybrid_optuna_063,0.00116519132431,5.564024568316793e-06,4.755713555028534e-08,0.5708606060257259,15.507317926580956,0.0035277338297468,2.8107163248298908,115.4482901480814,0.0274705035714978,True,True,True,True,True,True,True,False,True
DH_3_MFA_BA,DH,MFA_BA,DH_3_MFA_BA__hybrid_optuna_064,0.0006707141661149,1.3375381463449397e-05,2.6590879225956705e-06,0.0947671421864919,7.199143237766352,0.0048321353936362,0.017388399542512,110.48400379413349,1.0187683385309865,True,True,True,True,True,True,True,False,True
DH_3_MFA_BA,DH,MFA_BA,DH_3_MFA_BA__hybrid_optuna_065,9.298880919440941e-08,0.0002463211234595,5.496768081387548e-07,0.126900191205058,0.5008716049656304,3.004854642214632e-05,0.0009320962760843,85.2709747234156,0.0010669999103057,True,True,True,True,False,True,True,False,True
DH_3_MFA_BA,DH,MFA_BA,DH_3_MFA_BA__hybrid_optuna_066,1.8950708900499857e-06,1.2429307069613616e-08,0.0587715113199725,7.920902657579767,2.2027880656403496,4.781107784725181e-05,1.3767125749219675e-05,64.06684584499976,1.5711611334786644,True,True,False,True,True,True,False,False,True
DH_3_MFA_BA,DH,MFA_BA,DH_3_MFA_BA__hybrid_optuna_067,0.0010722892250428,5.971848479263806e-06,2.5756299303939282e-08,0.6153242243984474,6.569800249803036,0.0041399878258319,0.7430240904323723,115.24884275532582,0.0065037038431756,True,True,True,True,True,True,True,False,True
DH_3_MFA_BA,DH,MFA_BA,DH_3_MFA_BA__hybrid_optuna_068,1.0676790422275236e-08,0.0005366499857179,1.4716401311693234e-06,0.0512610969486515,0.5275559801240932,1.1214955449117664e-05,0.0005571088675761,87.16454732686566,0.0018255486426233,True,True,True,True,False,True,True,False,True
DH_3_MFA_BA,DH,MFA_BA,DH_3_MFA_BA__hybrid_optuna_069,1.1990627027317798e-08,0.0061948055161047,1.980697601550337e-07,0.0724837014915406,2.8325101109673185,1.3271042689493891e-05,0.0003470797882863,70.12050914264131,1.4482498539465862,True,True,True,True,True,True,True,False,True
DH_3_MFA_BA,DH,MFA_BA,DH_3_MFA_BA__hybrid_optuna_082,4.890113952685374e-07,4.418718661803758e-06,5.113237007755685e-07,0.1104015725187796,2.7907901418156684,0.0001260310014577,0.0515779515257318,90.39654581703972,0.0069676269653603,True,True,True,True,True,True,True,False,True
DH_3_MFA_BA,DH,MFA_BA,DH_3_MFA_BA__hybrid_optuna_083,8.715973616811341e-07,1.094984304424576e-08,0.0496869443773305,9.85031315360875,4.526909870021316,0.0002196051554846,1.2497329497935364e-05,112.98365910397084,1.9477162020345955,True,True,True,True,True,True,False,False,True
DH_3_MFA_BA,DH,MFA_BA,DH_3_MFA_BA__hybrid_optuna_076,1.318796768744225e-07,0.0004107322375214,1.6734450638423606e-07,0.1714908844289962,0.7683608034828194,3.031519608364101e-05,0.8201066492741681,66.07418662212426,0.0041788306352723,True,True,True,True,False,True,True,False,True
DH_3_MFA_BA,DH,MFA_BA,DH_3_MFA_BA__hybrid_optuna_048,0.0001447786767907,0.000228633123813,2.065369218071268e-07,1.5425363793440252,65.9134474242546,0.0909688770052757,1.3325957246068971,107.95462783491028,0.0385732583893752,True,True,True,True,True,True,True,False,True
DH_3_MFA_BA,DH,MFA_BA,DH_3_MFA_BA__hybrid_optuna_001,1.3189037104015844e-06,0.0020461208249087,2.4692498876844097e-08,0.1035543671781136,3.8807519440403215,0.0005485776998584,1.5787016438529848e-05,22.913307410841675,0.0319836935359627,True,True,True,True,True,True,False,False,True
DH_3_MFA_BA,DH,MFA_BA,DH_3_MFA_BA__hybrid_optuna_070,3.190348782778686e-05,7.774343491554515e-08,4.740934616684803e-06,7.173236921659165,1.2763459627779674,5.790872487997769e-05,0.1449627652402459,103.24439894692397,0.0045313251180149,True,True,True,True,True,True,True,False,True
DH_3_MFA_BA,DH,MFA_BA,DH_3_MFA_BA__hybrid_optuna_080,0.0007729318440153,4.864844956665097e-05,1.0058821162448888e-06,0.1440668169856949,18.373742083384744,0.0485947988323218,0.001071901706706,118.85257994396558,3.0462499631718645,True,True,True,True,True,True,True,False,True
DH_3_MFA_BA,DH,MFA_BA,DH_3_MFA_BA__hybrid_post_003,1.637834782484719e-06,0.0020397324842747,3.1303426834994474e-08,0.0818846218967491,2.6315987116843687,0.0005825424267409,7.020809911022714e-05,5.961681349241823,0.0313304438778408,True,True,True,True,True,True,False,False,True
DH_3_MFA_BA,DH,MFA_BA,DH_3_MFA_BA__hybrid_optuna_072,1.7670169402947916e-06,0.0050615768887523,0.0013303245101522,1.192617378922354,1.4690139693517672,4.207053950287933e-05,2.3226650368137e-05,129.92642186624028,0.6677615511747083,True,True,True,True,True,True,False,False,True
DH_3_MFA_BA,DH,MFA_BA,DH_3_MFA_BA__hybrid_optuna_015,2.593452484493598e-05,0.0005118733851252,8.843468075276215e-08,0.4284874598362532,13.410667954552473,0.0022839382567305,4.921582701923868e-05,36.85896942875818,0.0491890352616174,True,True,True,True,True,True,False,False,True
DH_3_MFA_BA,DH,MFA_BA,DH_3_MFA_BA__hybrid_optuna_003,1.5237981736944831e-06,0.0020876553094466,2.8206962543839625e-08,0.0810289310862652,2.65229094683007,0.0005894678127252,7.156332551897365e-05,5.864787983636832,0.0316337005493507,True,True,True,True,True,True,False,False,True
DH_3_MFA_BA,DH,MFA_BA,DH_3_MFA_BA__hybrid_optuna_016,1.1471702285083608e-06,0.0059451928240739,1.5623631149217876e-08,0.1308649325003367,2.353323686711645,0.0008747134797014,1.639066930743236e-05,15.22815060913194,0.0147548469145972,True,True,True,True,True,True,False,False,True
DH_3_MFA_BA,DH,MFA_BA,DH_3_MFA_BA__hybrid_optuna_036,0.0004874109700721,0.0003070893182502,6.586715477651633e-06,0.2632232212229556,20.123296225514927,0.0164312990978841,0.0026927335617266,117.60280893265109,0.4132970578409623,True,True,True,True,True,True,True,False,True
DH_3_MFA_BA,DH,MFA_BA,DH_3_MFA_BA__hybrid_optuna_039,0.0003150906987019,0.0001693287501797,3.4638928574867894e-07,0.4862633342466001,34.57547278579934,0.0352363275340004,0.003312091155612,146.01045537249985,0.0169831907186603,True,True,True,True,True,True,True,False,True
DH_3_MFA_BA,DH,MFA_BA,DH_3_MFA_BA__hybrid_optuna_011,6.208098180555876e-05,0.0001038523214458,5.5877524201401214e-08,0.2861871234847996,16.13013402858969,0.0031945196490729,1.8512318403580217,135.33617401183875,0.0194762793647079,True,True,True,True,True,True,True,False,True
DH_3_MFA_BA,DH,MFA_BA,DH_3_MFA_BA__hybrid_optuna_013,3.851973244361024e-06,0.0021935450282878,1.6760092546504065e-08,0.1524226186654618,1.6941939753986686,0.0012486091168895,5.611136171038128e-05,5.910320817158578,0.0508176516338396,True,True,True,True,True,True,False,False,True
DH_3_MFA_BA,DH,MFA_BA,DH_3_MFA_BA__hybrid_optuna_078,0.0078368517511601,3.714437922630417e-05,2.5058304677857664e-07,0.3777502435192305,29.48908108111954,0.0239399725561571,0.0023799906250638,134.7903001010443,0.0831835572070756,False,True,True,True,True,True,True,False,True
DH_3_MFA_BA,DH,MFA_BA,DH_3_MFA_BA__hybrid_post_002,6.179742287905992e-06,0.0018351751318279,2.06978762613446e-08,0.2154894028380379,2.78521574651472,0.0015591881680258,6.752057589812898e-05,5.107126071959528,0.0566267054550521,True,True,True,True,True,True,False,False,True
DH_3_MFA_BA,DH,MFA_BA,DH_3_MFA_BA__hybrid_optuna_007,3.3695463177566743e-06,0.0023445369805903,1.80312686752431e-08,0.1529794833793884,1.8260921279639468,0.0012884412089757,1.633189033595485e-05,5.195859269120686,0.0173780735760251,True,True,True,True,True,True,False,False,True
DH_3_MFA_BA,DH,MFA_BA,DH_3_MFA_BA__hybrid_optuna_075,0.0008047107628045,4.071496004813664e-05,8.801816793688893e-07,0.3639769244837209,28.242218760655607,0.0243487091856352,0.0034180990231238,129.76477696168996,0.912960287716912,True,True,True,True,True,True,True,False,True
DH_3_MFA_BA,DH,MFA_BA,DH_3_MFA_BA__hybrid_optuna_031,2.330388961197196e-05,0.0023735685274575,1.5751598771012354e-07,0.4118738254150034,13.312175923422238,0.0023900215554494,0.0001017834779578,30.87007278915893,0.0462382635114998,True,True,True,True,True,True,True,False,True
DH_3_MFA_BA,DH,MFA_BA,DH_3_MFA_BA__hybrid_optuna_006,1.7093107620327503e-05,0.0009913048188293,1.6369659769904176e-08,0.3078099611423832,10.682174040710905,0.0021283826965388,3.30774922580451e-05,26.14835739477123,0.0245486732973789,True,True,True,True,True,True,False,False,True
DH_3_MFA_BA,DH,MFA_BA,DH_3_MFA_BA__hybrid_optuna_073,0.000177188473548,1.3289448722869162e-08,0.0615699732823519,4.115716865497774,2.167640897475782,5.337032762603954e-05,0.0001430992369351,45.63633644393066,0.2922905212920093,True,True,False,True,True,True,True,False,True
DH_3_MFA_BA,DH,MFA_BA,DH_3_MFA_BA__hybrid_optuna_002,4.187661640952599e-06,0.0019553193742066,1.7808924858223926e-08,0.2027539701473758,2.6990153525013048,0.0017874035295891,6.0600118175770455e-05,4.987824689831584,0.0545871759341036,True,True,True,True,True,True,False,True,True
DH_3_MFA_BA,DH,MFA_BA,DH_3_MFA_BA__hybrid_optuna_058,0.0021392125974118,2.317216297663418e-05,7.452330318263522e-05,0.1470510699315383,53.08485811467955,0.0129924103107592,7.749816326761914,94.954778293824,3.001653795039009,True,True,True,True,True,True,True,False,True
DH_3_MFA_BA,DH,MFA_BA,DH_3_MFA_BA__hybrid_optuna_004,4.119937331466689e-06,0.0022797549345921,1.698789545132541e-08,0.2011823165761264,2.4997402489536342,0.0019068286704668,1.4096824647363537e-05,6.211218678732159,0.019608483288548,True,True,True,True,True,True,False,False,True
DH_3_MFA_BA,DH,MFA_BA,DH_3_MFA_BA__hybrid_optuna_032,0.0006228146899472,4.731163206531532e-05,9.592884978643613e-07,0.3565821215621105,28.541931470124982,0.0246194092595351,0.0028959964984637,127.69666575279196,1.0008189963587306,True,True,True,True,True,True,True,False,True
DH_3_MFA_BA,DH,MFA_BA,DH_3_MFA_BA__hybrid_optuna_014,7.240758292156324e-06,0.003806913072903,1.7840455896243843e-08,0.2128540148283936,3.317802987163958,0.0017640184154342,1.3244206327986711e-05,4.023518434651534,0.0202157426060866,True,True,True,True,True,True,False,True,True
DH_3_MFA_BA,DH,MFA_BA,DH_3_MFA_BA__hybrid_optuna_050,5.818769484986345e-05,5.373264839824644e-05,1.0390458083640002e-07,1.3194056748396272,68.11559555665126,0.0103568365994736,2.3295993276707465,137.30743198458413,0.0566935119237544,True,True,True,True,True,True,True,False,True
DH_3_MFA_BA,DH,MFA_BA,DH_3_MFA_BA__hybrid_optuna_038,0.0026046103643558,2.610837442235136e-05,1.2212745321622663e-06,0.2235281628596292,49.56460524067504,0.0568571744286325,5.199433096284476,129.04546187198824,0.5849562464648536,True,True,True,True,True,True,True,False,True
DH_3_MFA_BA,DH,MFA_BA,DH_3_MFA_BA__hybrid_optuna_019,4.048168391262816e-06,0.0091600507482291,1.0323762870458205e-08,0.2027585339282178,1.6553133146107692,0.0017559507340177,2.621330320194216e-05,20.953647928482,0.0057080353463497,True,True,True,True,True,True,False,False,True
DH_3_MFA_BA,DH,MFA_BA,DH_3_MFA_BA__hybrid_optuna_025,0.0006394748217284,5.338747061568039e-05,3.5883410167732853e-06,0.3266168862649021,29.26076891129156,0.024718026625645,0.0029144469944554,133.21128306604345,0.156061873403295,True,True,True,True,True,True,True,False,True
DH_3_MFA_BA,DH,MFA_BA,DH_3_MFA_BA__hybrid_optuna_005,8.56713455473451e-06,0.0018511789523653,4.080174217500928e-08,0.2073298119522049,6.017893380039743,0.0021612196546587,1.0129350739711513e-05,17.03060737422768,0.0239738262654363,True,True,True,True,True,True,False,False,True
DH_3_MFA_BA,DH,MFA_BA,DH_3_MFA_BA__hybrid_optuna_012,3.587700333287119e-05,0.0011890437505433,1.639324052170258e-08,0.285659006387654,3.763438872205137,0.0035334091443589,3.4392717056666647e-05,19.525702064714785,0.0243571174941117,True,True,True,True,True,True,False,False,True
DH_3_MFA_BA,DH,MFA_BA,DH_3_MFA_BA__hybrid_optuna_024,0.0005884299777589,5.088396929054585e-05,1.342246696623257e-06,0.2491483049106458,31.560094639715903,0.0455255110226623,0.0039215433637736,128.0256619587229,0.5132908080652828,True,True,True,True,True,True,True,False,True
DH_3_MFA_BA,DH,MFA_BA,DH_3_MFA_BA__hybrid_optuna_010,3.4694298868760133e-06,0.0076666134798045,1.7368061718532368e-08,0.2022436695671763,3.586559847013655,0.0020926180252547,4.523334190894183e-05,7.605230521528023,0.0294180980599724,True,True,True,True,True,True,False,False,True
DH_3_MFA_BA,DH,MFA_BA,DH_3_MFA_BA__hybrid_optuna_021,0.0003286762973123,0.0001733789847092,1.055893204220033e-06,0.3518110479539792,11.660940456833917,0.0121855435934688,0.0038477883042686,130.08168341267054,0.0110714158422295,True,True,True,True,True,True,True,False,True
DH_3_MFA_BA,DH,MFA_BA,DH_3_MFA_BA__hybrid_optuna_020,0.0006324487408039,6.034462837590725e-05,7.980687120484335e-07,0.375649655925754,29.760548066664832,0.0260780947201424,0.0031103571396308,129.2430359703577,0.3735630969145175,True,True,True,True,True,True,True,False,True
DH_3_MFA_BA,DH,MFA_BA,DH_3_MFA_BA__hybrid_optuna_009,3.921610767693665e-06,0.0076497116202392,1.7695230749749957e-08,0.2107390787575394,4.15179570695949,0.002297368433175,3.403165964087031e-05,18.741854845383724,0.0302268499441684,True,True,True,True,True,True,False,False,True
DH_3_MFA_BA,DH,MFA_BA,DH_3_MFA_BA__hybrid_optuna_008,1.3827915807641158e-05,0.0014837007704284,3.057297064238213e-08,0.2833421443817501,6.173658047552586,0.0035750194373656,1.0770133023721326e-05,22.901611402004093,0.0235137088829181,True,True,True,True,True,True,False,False,True
DH_3_MFA_BA,DH,MFA_BA,DH_3_MFA_BA__hybrid_optuna_035,0.0015101421016935,0.0001827599806878,1.777567299992898e-06,0.5392172485052985,494.9705969855282,0.0059397915003239,0.0116812141535681,37.57455863818824,6.281733638677165,True,True,True,True,False,True,True,False,False
DH_3_MFA_BA,DH,MFA_BA,DH_3_MFA_BA__hybrid_optuna_028,0.0009277419954815,0.0002033540695441,1.3351909615757285e-07,0.5024144202374554,10.290371655897902,0.0298664937685481,0.0008449657235942,50.56903348898501,0.007990133662779,True,True,True,True,True,True,True,False,True
DH_3_MFA_BA,DH,MFA_BA,DH_3_MFA_BA__hybrid_optuna_047,0.0001185214446753,7.814670906279588e-05,2.331725669860976e-08,1.1832570699484946,40.67388209970266,0.0389565616209896,0.8864404196127054,119.2461547035476,0.2837083714627043,True,True,True,True,True,True,True,False,True
DH_3_MFA_BA,DH,MFA_BA,DH_3_MFA_BA__hybrid_optuna_044,0.000127034214293,9.744870214909756e-05,2.78757099184769e-08,1.2605774121179658,37.92722164667163,0.0384347876205612,0.6773289179105257,121.50909142305942,0.2970117786011314,True,True,True,True,True,True,True,False,True
DH_3_MFA_BA,DH,MFA_BA,DH_3_MFA_BA__hybrid_optuna_034,1.4790379196642696e-05,0.0010308071902534,3.484398253120699e-08,0.1650794847435053,5.929142669690941,0.0037624907622476,1.0524778533913907e-05,18.40656411881785,0.0252523448363243,True,True,True,True,True,True,False,False,True
DH_3_MFA_BA,DH,MFA_BA,DH_3_MFA_BA__hybrid_optuna_027,0.0010409321801704,0.0003003234303554,9.123152953005125e-08,0.5021409071595931,7.909212794977579,0.0317238885765191,4.7765793698327033e-05,55.96249856371633,0.0075637213826612,True,True,True,True,True,True,False,False,True
DH_3_MFA_BA,DH,MFA_BA,DH_3_MFA_BA__hybrid_optuna_017,0.0001029622262736,0.0004665209507413,4.0865510121190496e-08,0.2967158268088271,14.073864130433131,0.006231800242477,3.550266403181021e-05,34.90351317187374,0.0255689532376497,True,True,True,True,True,True,False,False,True
DH_3_MFA_BA,DH,MFA_BA,DH_3_MFA_BA__hybrid_optuna_040,0.0001744049405965,0.0007102906119267,1.5151425489856643e-05,0.3199762276544078,4.32774694959372,0.0740340289303246,0.0070570489561034,140.99814421406845,0.0041301908683688,True,True,True,True,True,True,True,False,True
DH_3_MFA_BA,DH,MFA_BA,DH_3_MFA_BA__hybrid_optuna_033,0.0005371709670306,6.92791008211997e-05,3.411500698393537e-07,0.3377723855831108,38.85072867740484,0.0624398829013196,0.0014256484539972,79.05122969398553,2.0798070009843674,True,True,True,True,True,True,True,False,True
DH_3_MFA_BA,DH,MFA_BA,DH_3_MFA_BA__hybrid_optuna_023,2.551826604149412e-06,0.008968015841628,2.0772206205979734e-08,0.1081896335689677,3.472375994962193,0.0023594713555218,3.4059961528746225e-05,10.559186597639703,0.0292409849053254,True,True,True,True,True,True,False,False,True
DH_3_MFA_BA,DH,MFA_BA,DH_3_MFA_BA__hybrid_optuna_022,0.0001947485213206,0.0006367753455924,6.176456457764708e-08,0.2852224979471892,18.449700668164738,0.0057201384920235,2.502318266171752e-05,28.493482345273588,0.0784594518699374,True,True,True,True,True,True,False,False,True
DH_3_MFA_BA,DH,MFA_BA,DH_3_MFA_BA__hybrid_optuna_030,0.000504924982285,0.0001396160293977,4.920746700086041e-07,0.3574698430892142,24.80311744103658,0.022472541120159,0.0003047424483593,48.28335847617549,2.9538824350196577,True,True,True,True,True,True,True,False,True
DH_3_MFA_BA,DH,MFA_BA,DH_3_MFA_BA__hybrid_optuna_026,0.0008693430531078,0.0001558989866603,4.863396277218904e-07,0.5238381115044617,25.38040615977192,0.0218090101750681,0.0002562321009802,58.50898711232551,0.0378999662347914,True,True,True,True,True,True,True,False,True
DH_3_MFA_BA,DH,MFA_BA,DH_3_MFA_BA__hybrid_optuna_037,0.0004826203970003,7.207200541372089e-05,3.174289982304327e-07,0.2548875239605028,42.79237115956941,0.0733272062040817,0.0019072851193875,76.82284368154528,1.7434975086024165,True,True,True,True,True,True,True,False,True
DH_3_MFA_BA,DH,MFA_BA,DH_3_MFA_BA__hybrid_optuna_029,0.0002066108010062,0.0005871127095951,5.9530019772250414e-08,0.2024161036835886,19.160040533240256,0.0049203168035619,2.067127500223532e-05,26.25256067541477,0.2088402749395893,True,True,True,True,True,True,False,False,True
DH_3_MFA_BA,DH,MFA_BA,DH_3_MFA_BA__hybrid_optuna_094,0.0002992835154441,0.0007812491026614,1.0853729741408484e-05,0.2757574998027233,21.6226779864532,0.0436212671579469,0.0086692064496058,143.37859289952698,0.1102569968249805,True,True,True,True,True,True,True,False,True
DH_3_MFA_BA,DH,MFA_BA,DH_3_MFA_BA__hybrid_optuna_086,7.717686710077478e-05,0.0001049384222221,7.618182050179392e-08,0.30026610384043,101.28646080225504,0.0284773398925245,2.2889496014797737,132.1951325386731,0.0343333221105687,True,True,True,True,True,True,True,False,True
DH_3_MFA_BA,DH,MFA_BA,DH_3_MFA_BA__hybrid_optuna_095,1.3131717677663036e-08,6.691890655172368e-07,2.3910800450968025e-06,0.0529976311697396,7.009741862556931,0.0852598623416662,0.0003157733490158,57.92278374886413,8.992402466417259,True,True,True,True,True,True,True,False,False
DH_3_MFA_BA,DH,MFA_BA,DH_3_MFA_BA__hybrid_optuna_099,1.1741633364539965e-07,0.0039552323360892,1.1293569666046962e-08,0.1876572632038594,0.5559979832948205,1.42856761240024e-05,11.156918462586772,146.4209849786993,4.811185305147927,True,True,True,True,False,True,True,False,True
DH_3_MFA_BA,DH,MFA_BA,DH_3_MFA_BA__hybrid_optuna_074,6.248049672890201e-06,1.786681236539627e-05,3.814344569221102e-08,0.2915762209816772,20.43490756823628,0.0007876656493338,13.95907612479884,133.20868089257564,0.1768982477404725,True,True,True,True,True,True,True,False,True
DH_3_MFA_BA,DH,MFA_BA,DH_3_MFA_BA__hybrid_optuna_097,6.091097820609007e-06,2.905693254447166e-07,0.0049805758932699,0.4339756983186162,291.91410188752604,0.0004102634886241,1.682257874752918e-05,84.10063757994553,47.79907959453104,True,True,True,True,True,True,False,False,False
DH_3_MFA_BA,DH,MFA_BA,DH_3_MFA_BA__hybrid_optuna_096,2.318421844604292e-06,1.1278583139027642e-05,2.5028072270972157e-08,3.20622435680026,29.79581598857455,0.0011245702312203,0.0179636893578516,138.47266408819098,0.5353712270841382,True,True,True,True,True,True,True,False,True
DH_3_MFA_BA,DH,MFA_BA,DH_3_MFA_BA__hybrid_optuna_098,4.418656178460471e-08,0.0014360602337212,2.510164281018376e-05,0.3501806604387528,0.9568610194314734,0.0008167860692158,0.001388312528307,122.9721511714166,0.0010102090580386,True,True,True,True,False,True,True,False,True
DH_3_MFA_BA,DH,MFA_BA,DH_3_MFA_BA__hybrid_optuna_100,9.683023330374876e-06,2.7818750877337305e-05,1.0383871022785709e-07,1.035734896428414,16.71112197339805,0.0066175862432297,0.3477998599269746,137.09491303201062,0.1036196539825919,True,True,True,True,True,True,True,False,True
DH_4_MFA_BA,DH,MFA_BA,DH_4_MFA_BA__hybrid_optuna_009,4.106585562403023e-05,5.890752019306703e-06,1.3953305003523227e-08,0.0941316984893462,15.247665730461504,0.0019029911770724,0.0022001789250279,95.79260237665932,0.4193393990762128,True,True,True,True,True,True,True,False,True
DH_4_MFA_BA,DH,MFA_BA,DH_4_MFA_BA__hybrid_optuna_027,5.2754381118457726e-05,3.286659443069445e-06,2.1498016972028663e-08,4.611046474962568,15.641406146677213,0.0058676541208883,0.0001205635747686,96.71773162541812,0.6214672550301419,True,True,True,True,True,True,True,False,True
DH_4_MFA_BA,DH,MFA_BA,DH_4_MFA_BA__hybrid_optuna_016,4.284939552401806e-05,3.920777008083989e-06,3.566732722655705e-08,0.0884954633025036,12.594164741067276,0.0016985197702538,0.0015642515052424,82.68388021978612,0.0022832659710474,True,True,True,True,True,True,True,False,True
DH_4_MFA_BA,DH,MFA_BA,DH_4_MFA_BA__hybrid_pre_07,0.0010372803740804,2.2174884575555303e-05,8.794145260307696e-05,1.5799875219699269,32.89666777892559,0.0066382428982521,0.0065807277004591,12.22386326679854,0.0610608979287047,True,True,True,True,True,True,True,False,True
DH_4_MFA_BA,DH,MFA_BA,DH_4_MFA_BA__hybrid_optuna_095,0.0010372803740804,2.2174884575555303e-05,8.794145260307696e-05,1.5799875219699269,32.89666777892559,0.0066382428982521,0.0065807277004591,12.22386326679854,0.0610608979287047,True,True,True,True,True,True,True,False,True
DH_4_MFA_BA,DH,MFA_BA,DH_4_MFA_BA__hybrid_optuna_010,4.289068865317189e-05,8.292140089991789e-07,1.1868682771667794e-08,5.067817078988902,15.574913677058436,0.0030062731580781,0.0003728263915846,93.77093895603268,9.370825196598396,True,True,True,True,True,True,True,False,False
DH_4_MFA_BA,DH,MFA_BA,DH_4_MFA_BA__hybrid_optuna_017,2.3904194324331268e-05,5.055082838627918e-07,1.8047708183430252e-08,6.1397590817992365,6.741320590400164,0.003689547289002,4.526925058322136e-05,79.21914454532197,1.191844874028848,True,True,True,True,True,True,False,False,True
DH_4_MFA_BA,DH,MFA_BA,DH_4_MFA_BA__hybrid_optuna_028,6.714294941496661e-05,1.641464678219658e-08,0.0001501325088984,0.2093460715865521,15.671575986840509,0.0077758333529533,7.086673642763603e-05,114.80623488785648,1.3627684901180928,True,True,True,True,True,True,False,False,True
DH_4_MFA_BA,DH,MFA_BA,DH_4_MFA_BA__hybrid_optuna_004,4.054047322057517e-05,2.4040503402695547e-08,0.0001064298163986,0.1253519152402555,15.718842545830428,0.0081638848133838,6.889630274328882e-05,106.76047086945532,1.6095263186336128,True,True,True,True,True,True,False,False,True
DH_4_MFA_BA,DH,MFA_BA,DH_4_MFA_BA__hybrid_pre_06,0.0002273248216595,6.0134753008028975e-05,0.0005418197065445,2.78601962601174,21.62389411548485,0.0188528005559133,0.0112539379247973,1.0000002493155111e-10,0.1004417557745063,True,True,True,True,True,True,True,False,True
DH_4_MFA_BA,DH,MFA_BA,DH_4_MFA_BA__hybrid_optuna_089,0.0002273248216595,6.0134753008028975e-05,0.0005418197065445,2.78601962601174,21.62389411548485,0.0188528005559133,0.0112539379247973,1.0000002493155111e-10,0.1004417557745063,True,True,True,True,True,True,True,False,True
DH_4_MFA_BA,DH,MFA_BA,DH_4_MFA_BA__hybrid_optuna_006,1.6901429440042113e-05,7.80089766532651e-06,4.07984438225069e-08,5.940365713758347,15.420115214555077,0.0031440797078477,0.0021904418901119,98.71162311266592,10.687375609130124,True,True,True,True,True,True,True,False,False
DH_4_MFA_BA,DH,MFA_BA,DH_4_MFA_BA__hybrid_optuna_045,9.879579778266436e-05,6.074402268989107e-08,7.383711629638214e-05,0.0723968364332674,12.638741534904035,0.0198498774384018,0.0239466734649904,91.2322912469222,0.522009589925012,True,True,True,True,True,True,True,False,True
DH_4_MFA_BA,DH,MFA_BA,DH_4_MFA_BA__hybrid_pre_05,0.0002615321486478,3.072114100158395e-05,0.0003015380807002,1.5649804362538575,45.18052264400503,0.0044414211958998,0.0076726646989423,7.604633804902059e-11,0.1265522383683301,True,True,True,True,True,True,True,False,True
DH_4_MFA_BA,DH,MFA_BA,DH_4_MFA_BA__hybrid_optuna_090,0.0002615321486478,3.072114100158395e-05,0.0003015380807002,1.5649804362538575,45.18052264400503,0.0044414211958998,0.0076726646989423,7.604633804902059e-11,0.1265522383683301,True,True,True,True,True,True,True,False,True
DH_4_MFA_BA,DH,MFA_BA,DH_4_MFA_BA__hybrid_optuna_064,2.644792824505964e-08,9.325023258783892e-07,5.2169967844421064e-08,1.746709577798694,59.39854080596125,0.0133350904389764,0.0036898503975623,86.53629591557906,4.20465833460671,True,True,True,True,True,True,True,False,True
DH_4_MFA_BA,DH,MFA_BA,DH_4_MFA_BA__hybrid_pre_08,0.0001095631486635,1.326826891068058e-05,0.0006873784936682,2.081307500456284,59.4110776195144,0.0061294951088206,0.0042475853833629,1e-10,0.0204055199342436,True,True,True,True,True,True,True,False,True
DH_4_MFA_BA,DH,MFA_BA,DH_4_MFA_BA__hybrid_optuna_088,0.0001095631486635,1.326826891068058e-05,0.0006873784936682,2.081307500456284,59.4110776195144,0.0061294951088206,0.0042475853833629,1e-10,0.0204055199342436,True,True,True,True,True,True,True,False,True
DH_4_MFA_BA,DH,MFA_BA,DH_4_MFA_BA__hybrid_optuna_069,8.715973616811341e-07,1.094984304424576e-08,0.0496869443773305,9.85031315360875,4.526909870021316,0.0002196051554846,1.2497329497935364e-05,112.98365910397084,1.9477162020345955,True,True,True,True,True,True,False,False,True
DH_4_MFA_BA,DH,MFA_BA,DH_4_MFA_BA__hybrid_optuna_076,4.027013996886261e-08,1.3451353669922172e-06,3.136862922046429e-05,0.0550943319579486,8.514535577084658,0.0001260310014577,0.0632234920707139,57.20828491926169,0.013939469317462,True,True,True,True,True,True,True,False,True
DH_4_MFA_BA,DH,MFA_BA,DH_4_MFA_BA__hybrid_optuna_007,3.559729610535354e-07,5.7464982591903215e-08,1.0307766697722342e-05,0.1347383599538024,7.123029553455579,8.421942773983512e-05,0.0005261313352685,49.923624429925226,0.0014107905634247,True,True,True,True,True,True,True,False,True
DH_4_MFA_BA,DH,MFA_BA,DH_4_MFA_BA__hybrid_optuna_008,4.214805647694469e-08,5.460837166313327e-06,0.0001329613384817,0.1255457053985,5.708798014039019,8.113976906420864e-05,0.0001693561604514,87.29363978822028,0.2991717251859908,True,True,True,True,True,True,True,False,True
DH_4_MFA_BA,DH,MFA_BA,DH_4_MFA_BA__hybrid_optuna_014,4.7457415696445335e-08,2.266398167530664e-08,9.965346773111486e-05,0.1205651887195217,3.7209402910885503,7.60297668301781e-05,8.879101778350574e-05,43.30886564175299,0.1048683043412796,True,True,True,True,True,True,False,False,True
DH_4_MFA_BA,DH,MFA_BA,DH_4_MFA_BA__hybrid_optuna_018,7.932928459063709e-05,5.994291107114918e-06,1.4449041516279721e-08,0.1394814111365098,31.289934466705308,0.0005335841139008,0.0006444665581436,87.09998453525691,0.8804271979904653,True,True,True,True,True,True,True,False,True
DH_4_MFA_BA,DH,MFA_BA,DH_4_MFA_BA__hybrid_optuna_024,3.175420512733254e-05,3.094990498712047e-05,2.5573668561198995e-06,1.382665060682306,41.26216402405658,0.0021917218317191,0.0177952258450702,115.9657580902266,0.4295442325519166,True,True,True,True,True,True,True,False,True
DH_4_MFA_BA,DH,MFA_BA,DH_4_MFA_BA__hybrid_optuna_030,1.1062635158127122e-08,5.819717626902471e-06,3.552885800834697e-07,8.897472639275154,4.164785543086578,6.705352067778657e-05,0.000206952989899,68.02288511442192,0.1659264410566485,True,True,True,True,True,True,True,False,True
DH_4_MFA_BA,DH,MFA_BA,DH_4_MFA_BA__hybrid_optuna_053,0.0019438470242427,0.0009758675447418,1.528106943572458e-07,0.1992060001766655,104.0756401150605,0.0006006587527451,6.446120897362919e-05,105.73817150010714,0.3894523736195315,True,True,True,True,True,True,False,False,True
DH_4_MFA_BA,DH,MFA_BA,DH_4_MFA_BA__hybrid_optuna_033,3.846976897703287e-06,7.39688002137322e-08,5.342309124547653e-05,6.936013692211168,273.7871830608499,4.79791832848775e-05,0.7647656366630078,94.77043019946588,0.0028813799274742,True,True,True,True,True,True,True,False,True
DH_4_MFA_BA,DH,MFA_BA,DH_4_MFA_BA__hybrid_optuna_037,2.000368796089136e-05,8.4470403755689e-06,1.85737196338964e-06,0.5176499878107806,24.45544540152332,0.0001362002772368,0.0010523344790216,102.32205686918029,20.537617357958776,True,True,True,True,True,True,True,False,False
DH_4_MFA_BA,DH,MFA_BA,DH_4_MFA_BA__hybrid_optuna_039,0.0009719540807292,1.861580811444422e-05,2.275636117400065e-07,3.441696052895681,28.124728800237868,0.0093955803436964,0.3068485575096473,101.2676606190644,0.0123138875573303,True,True,True,True,True,True,True,False,True
DH_4_MFA_BA,DH,MFA_BA,DH_4_MFA_BA__hybrid_optuna_040,7.677253289604765e-05,1.2653536979250962e-05,1.4509260680171744e-07,2.7762562318617947,12.196640366743388,0.0040692482615785,0.0003129401792588,91.33834573813871,6.08265251746406,True,True,True,True,True,True,True,False,False
DH_4_MFA_BA,DH,MFA_BA,DH_4_MFA_BA__hybrid_optuna_041,0.0001984432996805,3.711869000129114e-06,1.0043004479758205e-08,3.7406835994122254,28.74856598660209,0.0065770294274916,0.0061160897397507,104.84160310407609,1.3103280233096597,True,True,True,True,True,True,True,False,True
DH_4_MFA_BA,DH,MFA_BA,DH_4_MFA_BA__hybrid_optuna_042,7.751087361574593e-06,0.0098203015953507,1.7027089672236777e-05,0.2652603845113532,19.02134657431756,0.0004311755786441,1.167818467918362e-05,94.83181588144564,0.0626753445010319,True,True,True,True,True,True,False,False,True
DH_4_MFA_BA,DH,MFA_BA,DH_4_MFA_BA__hybrid_optuna_043,3.155994301020112e-05,1.1119980104768408e-05,2.8390147958195412e-08,5.272880651896204,20.71033253818128,0.0016308732579409,3.899454299571021e-05,41.01087578086077,0.823773711333804,True,True,True,True,True,True,False,False,True
DH_4_MFA_BA,DH,MFA_BA,DH_4_MFA_BA__hybrid_optuna_044,1.8950708900499857e-06,1.2429307069613616e-08,0.0587715113199725,7.920902657579767,2.2027880656403496,4.781107784725181e-05,1.3767125749219675e-05,64.06684584499976,1.5711611334786644,True,True,False,True,True,True,False,False,True
DH_4_MFA_BA,DH,MFA_BA,DH_4_MFA_BA__hybrid_optuna_048,4.733439798630465e-07,1.1975524752207172e-05,5.518105894143679e-05,0.1010194621109738,4.969202745474199,3.21330077600239e-05,0.0001856652737836,85.14623453930398,0.3298382134209569,True,True,True,True,True,True,True,False,True
DH_4_MFA_BA,DH,MFA_BA,DH_4_MFA_BA__hybrid_optuna_050,4.730951335720364e-06,4.92275320189959e-08,0.0994425451296473,0.7011375915312061,1.0956072754882875,6.52747775520864e-05,0.0008847064095289,32.9115786912012,0.0041788306352723,True,True,False,True,True,True,True,False,True
DH_4_MFA_BA,DH,MFA_BA,DH_4_MFA_BA__hybrid_optuna_051,0.0001355481889949,1.7977629631658705e-05,6.181987772691973e-07,9.979710408890275,22.206253811821565,0.0050941938551974,0.0117807643713516,109.94705743975028,10.865679843370213,True,True,True,True,True,True,True,False,False
DH_4_MFA_BA,DH,MFA_BA,DH_4_MFA_BA__hybrid_optuna_052,1.9588341676421723e-06,2.5760521503964868e-08,0.0028351186544676,0.3426005844559998,4.579592503302271,2.484631838015451e-05,0.0001019307613149,24.673206712947568,3.5859311854305984,True,True,True,True,True,True,True,False,True
DH_4_MFA_BA,DH,MFA_BA,DH_4_MFA_BA__hybrid_optuna_054,5.12579892168404e-07,4.886724011506904e-08,0.0137774461236376,8.594782160602893,3.289202722562633,1.7732181349548235e-05,0.00011385129192,63.54296239800504,0.0056769834989467,True,True,True,True,True,True,True,False,True
DH_4_MFA_BA,DH,MFA_BA,DH_4_MFA_BA__hybrid_optuna_058,1.771459355638734e-07,1.084589064456296e-06,5.032025466042524e-08,0.062468031088437,14.474836219231884,1.0074190958008263e-05,0.0001493060744871,105.74324962395602,1.05682704899547,True,True,True,True,True,True,True,False,True
DH_4_MFA_BA,DH,MFA_BA,DH_4_MFA_BA__hybrid_optuna_072,1.652620982569839e-08,2.7027240440313144e-05,0.0003341720249931,0.0672116100631862,2.1274617100842312,3.616449754915768e-05,12.75830612353587,66.82754780875327,0.2460021333433105,True,True,True,True,True,True,True,False,True
DH_4_MFA_BA,DH,MFA_BA,DH_4_MFA_BA__hybrid_optuna_078,1.9668713601186445e-05,2.546819529535616e-08,9.773847161582288e-05,0.1193155381757908,23.583321066405105,0.0107812556629069,5.0196257433330205,106.95361187843798,45.921256916224166,True,True,True,True,True,True,True,False,False
DH_4_MFA_BA,DH,MFA_BA,DH_4_MFA_BA__hybrid_optuna_026,3.782798804319863e-05,1.0159956541429868e-07,6.727179059119415e-08,6.256502674733442,8.587821950396783,0.0023151751670866,1.6661683963615896e-05,16.974429816847618,3.5561761006457244,True,True,True,True,True,True,False,False,True
DH_4_MFA_BA,DH,MFA_BA,DH_4_MFA_BA__hybrid_optuna_079,4.248430004968611e-05,3.3849136108527735e-08,4.303916792302777e-08,3.134348019137895,18.77105973719603,0.0032012219729902,0.0004721812839615,77.04226865508573,0.0235177215129343,True,True,True,True,True,True,True,False,True
DH_4_MFA_BA,DH,MFA_BA,DH_4_MFA_BA__hybrid_optuna_049,0.0001456714967512,4.2251447611164334e-08,3.0128285009778585e-07,0.0853893149420704,14.432685927757984,0.0033168080724709,0.0020860372991301,120.16512495669969,0.5482805376843882,True,True,True,True,True,True,True,False,True
DH_4_MFA_BA,DH,MFA_BA,DH_4_MFA_BA__hybrid_optuna_047,2.552563120321109e-05,3.625186011414983e-07,0.0007321913125873,0.1440674544796193,2.676770046199455,0.0069418711424104,0.0005021783064251,90.00981224805304,0.6532089475958787,True,True,True,True,True,True,True,False,True
DH_4_MFA_BA,DH,MFA_BA,DH_4_MFA_BA__hybrid_optuna_055,0.0002387372617429,1.0945213334903622e-08,0.0004687273769002,0.9944102042375684,10.702733473125102,0.0043280021003501,0.0002990119026922,119.04809926450798,0.2765581809758599,True,True,True,True,True,True,True,False,True
DH_4_MFA_BA,DH,MFA_BA,DH_4_MFA_BA__hybrid_optuna_013,4.501464971565356e-05,6.812036076042464e-07,1.3261702569143825e-08,4.9240288623477815,15.821369020406948,0.0321835947623576,0.0004053934512761,93.22113506256002,7.690483246889051,True,True,True,True,True,True,True,False,False
DH_4_MFA_BA,DH,MFA_BA,DH_4_MFA_BA__hybrid_optuna_057,2.16111060960122e-08,1.80820505125718e-06,1.719955469823166e-08,7.736872792864762,9.893273534577595,0.0025351433948272,5.8037095869765326e-05,72.07698237374403,2.70116984087038,True,True,True,True,True,True,False,False,True
DH_4_MFA_BA,DH,MFA_BA,DH_4_MFA_BA__hybrid_optuna_077,1.688697196127118e-07,1.459066821891249e-06,4.3548359090684605e-06,0.1068184527786624,9.439451712086113,0.0002491241726002,0.0007650490771918,37.07240602315132,0.0011702850031738,True,True,True,True,True,True,True,False,True
DH_4_MFA_BA,DH,MFA_BA,DH_4_MFA_BA__hybrid_optuna_005,3.823101942456208e-05,1.349022494085313e-07,1.0104250894934941e-07,5.546978482642861,13.470950744956529,0.0020647779871186,3.702873609510769e-05,75.8408462858912,0.3196740750586225,True,True,True,True,True,True,False,False,True
DH_4_MFA_BA,DH,MFA_BA,DH_4_MFA_BA__hybrid_optuna_034,5.696692676800135e-05,2.325078446272722e-07,1.3731194232040492e-08,5.03740804851854,9.484504033720162,0.0018711559452715,3.892472187337171e-05,71.87395042025857,0.3224584523386321,True,True,True,True,True,True,False,False,True
DH_4_MFA_BA,DH,MFA_BA,DH_4_MFA_BA__hybrid_optuna_036,7.119865970675863e-06,1.6786662592494128e-05,9.417138515128048e-07,4.477734899455984,11.18994853523678,0.002144455149748,1.7439557626417267e-05,60.43091305655184,0.7403864161154304,True,True,True,True,True,True,False,False,True
DH_4_MFA_BA,DH,MFA_BA,DH_4_MFA_BA__hybrid_optuna_003,1.6501070776581414e-05,1.006863993191456e-05,1.8989618752831663e-06,6.792672318724109,61.182951061185925,0.0034744090811045,0.0236886537367373,107.47448941187176,0.1791407404701133,True,True,True,True,True,True,True,False,True
DH_4_MFA_BA,DH,MFA_BA,DH_4_MFA_BA__hybrid_post_003,1.6501070776581414e-05,1.006863993191456e-05,1.8989618752831663e-06,6.792672318724109,61.182951061185925,0.0034744090811045,0.0236886537367373,107.47448941187176,0.1791407404701133,True,True,True,True,True,True,True,False,True
DH_4_MFA_BA,DH,MFA_BA,DH_4_MFA_BA__hybrid_optuna_082,1.3795293654062485e-05,6.208436131122468e-07,2.3027035858021323e-08,6.861673580228471,6.3505551545783065,0.0028403259111019,0.0023984407063986,87.82738338827622,3.0375344957026886,True,True,True,True,True,True,True,False,True
DH_4_MFA_BA,DH,MFA_BA,DH_4_MFA_BA__hybrid_post_001,3.04092103928897e-08,3.2302118312405165e-08,1.0839269140212014e-08,2.17491251293872,0.5738052624202722,0.0003440947657303,0.0048166152313984,103.59151949081858,28.638630745259743,True,True,True,True,False,True,True,False,False
DH_4_MFA_BA,DH,MFA_BA,DH_4_MFA_BA__hybrid_optuna_067,1.7670169402947916e-06,0.0050615768887523,0.0013303245101522,1.192617378922354,1.4690139693517672,4.207053950287933e-05,2.3226650368137e-05,129.92642186624028,0.6677615511747083,True,True,True,True,True,True,False,False,True
DH_4_MFA_BA,DH,MFA_BA,DH_4_MFA_BA__hybrid_optuna_059,8.870379972150876e-08,2.610519397329186e-06,1.1189647327684626e-08,0.1722682624419662,5.516780767054108,0.004461120449731,0.0008707421055697,84.58687276756721,0.2340838822317969,True,True,True,True,True,True,True,False,True
DH_4_MFA_BA,DH,MFA_BA,DH_4_MFA_BA__hybrid_optuna_001,3.3163642838365024e-08,3.0658545011987026e-08,6.011993191658971e-07,2.1760854049958147,0.5749767726483114,0.0003694996931934,0.0050271336310458,103.59151949081858,28.638630745259743,True,True,True,True,False,True,True,False,False
DH_4_MFA_BA,DH,MFA_BA,DH_4_MFA_BA__hybrid_optuna_025,8.277297286236719e-05,0.0002409251762999,7.06124993908724e-08,0.0831145640843347,5.027141519179651,0.0024505085962168,0.0468103271088352,115.22181691197864,0.7147569322910727,True,True,True,True,True,True,True,False,True
DH_4_MFA_BA,DH,MFA_BA,DH_4_MFA_BA__hybrid_optuna_029,9.515282976262166e-05,0.0004939832062853,5.664210786573122e-05,0.9230819093170658,41.01993405519885,0.0048911497275623,0.0172564772773881,145.31625562784726,0.0840396191083536,True,True,True,True,True,True,True,False,True
DH_4_MFA_BA,DH,MFA_BA,DH_4_MFA_BA__hybrid_optuna_062,7.310044183103941e-08,4.5089772045623285e-06,0.0002087987879086,0.2204461957742685,6.228059458554802,0.0003063155714953,2.395251515197019e-05,58.53510117918174,0.0349528787012812,True,True,True,True,True,True,False,False,True
DH_4_MFA_BA,DH,MFA_BA,DH_4_MFA_BA__hybrid_optuna_020,9.863155302016366e-06,1.85934524178278e-07,0.0075296516813725,0.5023384612333864,7.675272980177024,0.0003312152039924,0.0005571088675761,71.97659192937763,0.0018255486426233,True,True,True,True,True,True,True,False,True
DH_4_MFA_BA,DH,MFA_BA,DH_4_MFA_BA__hybrid_optuna_032,5.365964732135734e-05,1.3387364282263685e-06,2.255107051581532e-07,3.016553279355432,31.63882388303889,0.0005072431243126,0.0002315443962593,52.59498552310932,4.80662358665843,True,True,True,True,True,True,True,False,True
DH_4_MFA_BA,DH,MFA_BA,DH_4_MFA_BA__hybrid_optuna_068,0.000177188473548,1.3289448722869162e-08,0.0615699732823519,4.115716865497774,2.167640897475782,5.337032762603954e-05,0.0001430992369351,45.63633644393066,0.2922905212920093,True,True,False,True,True,True,True,False,True
DH_4_MFA_BA,DH,MFA_BA,DH_4_MFA_BA__hybrid_optuna_056,4.6879886094225563e-08,1.712551778647968e-06,0.0003002798329434,7.02577162443717,7.096292644859116,0.0014436674869967,0.0131752465696498,129.15063285099018,0.3720538847707059,True,True,True,True,True,True,True,False,True
DH_4_MFA_BA,DH,MFA_BA,DH_4_MFA_BA__hybrid_optuna_035,4.225382910060175e-05,3.364316581750808e-07,2.027705308472685e-07,5.592913457091203,13.5365274626463,0.0002541870061487,5.118877402621073e-05,53.45036167840249,0.9562682708042318,True,True,True,True,True,True,False,False,True
DH_4_MFA_BA,DH,MFA_BA,DH_4_MFA_BA__hybrid_optuna_021,0.000128268343268,9.993423321759788e-05,2.4626526360885343e-05,0.096735931144584,17.312381651526664,0.0027925401768762,0.0001617613911481,99.38222779037427,2.196373749239034,True,True,True,True,True,True,True,False,True
DH_4_MFA_BA,DH,MFA_BA,DH_4_MFA_BA__hybrid_optuna_038,5.38873061236887e-06,2.7488820463191946e-06,8.015451488420818e-08,8.301757567277901,11.0113082561561,0.0001677698688336,3.0142918469735143e-05,64.86566472135448,0.5003390383927424,True,True,True,True,True,True,False,False,True
DH_4_MFA_BA,DH,MFA_BA,DH_4_MFA_BA__hybrid_optuna_015,0.0003333653910769,9.432370854013529e-08,2.497250657215017e-05,4.430723494505375,142.14277487593955,0.0008529294523077,0.0066824402082117,9.449451100492176,30.142466919473133,True,True,True,True,True,True,True,False,False
DH_4_MFA_BA,DH,MFA_BA,DH_4_MFA_BA__hybrid_optuna_031,0.000105350127979,1.319688400234693e-07,2.1347526254623505e-08,7.572255051557194,26.425326490642185,0.0011290436545543,2.391400913208578e-05,109.79715139837774,0.1218693987313862,True,True,True,True,True,True,False,False,True
DH_4_MFA_BA,DH,MFA_BA,DH_4_MFA_BA__hybrid_optuna_046,6.352649041413348e-05,1.5435306744651642e-07,1.2285891781610716e-07,5.606868961680902,7.628445233492623,0.0009606596997854,0.0003651532417972,96.92923627322126,9.354701488263109,True,True,True,True,True,True,True,False,False
DH_4_MFA_BA,DH,MFA_BA,DH_4_MFA_BA__hybrid_optuna_066,1.054687632581184e-06,7.724715962497994e-07,2.8409662865946133e-08,6.338794626930532,3.4268457552350435,0.0226985068889669,0.003087148152399,138.4870555672258,2.393129019054611,True,True,True,True,True,True,True,False,True
DH_4_MFA_BA,DH,MFA_BA,DH_4_MFA_BA__hybrid_optuna_012,3.6533817489689146e-05,2.0517295873091538e-07,7.31048980577005e-08,5.500149596314699,13.08017076684229,0.0006724996206712,4.719676207117751e-05,74.70474572795479,0.8751604904159279,True,True,True,True,True,True,False,False,True
DH_4_MFA_BA,DH,MFA_BA,DH_4_MFA_BA__hybrid_optuna_023,0.0004954165674405,5.97605837447829e-05,3.557522661966936e-06,1.9070451732545648,68.81566002401246,0.0396434600320978,0.0042077413057818,124.16352286640225,0.1444081728171603,True,True,True,True,True,True,True,False,True
DH_4_MFA_BA,DH,MFA_BA,DH_4_MFA_BA__hybrid_optuna_002,2.779606987599533e-05,3.579734224297637e-07,6.674662390613466e-08,5.473370513973057,13.040414959811391,0.0006719559389652,3.849274158822348e-05,77.36042149721735,0.7933366566366369,True,True,True,True,True,True,False,False,True
DH_4_MFA_BA,DH,MFA_BA,DH_4_MFA_BA__hybrid_post_002,2.7795992660551872e-05,3.5797299878817373e-07,6.674662390613466e-08,5.473380824576864,13.040511232634326,0.0006719542364526,3.849270238055045e-05,77.36042149721735,0.7933366566366369,True,True,True,True,True,True,False,False,True
DH_4_MFA_BA,DH,MFA_BA,DH_4_MFA_BA__hybrid_optuna_022,3.061954567822259e-05,3.835323707884614e-07,6.086457505804681e-06,0.1053498222784921,7.3020336407485615,0.0007426178939052,9.486106168718583e-05,28.14991985306285,0.0106514146286727,True,True,True,True,True,True,False,False,True
DH_4_MFA_BA,DH,MFA_BA,DH_4_MFA_BA__hybrid_optuna_011,2.243283527526547e-07,1.6822137098500053e-08,2.9520387307650092e-08,3.964743717282861,7.160625831129937,0.0007523010551451,0.090032796445124,111.63758778861126,0.45444346276331,True,True,True,True,True,True,True,False,True
DH_4_MFA_BA,DH,MFA_BA,DH_4_MFA_BA__hybrid_optuna_019,4.477061918198862e-07,1.5716090666229555e-08,2.825613606663765e-08,3.826673783295124,4.165436642724159,0.0009078584862034,0.1794129393409401,124.09162345178208,0.1839610974744434,True,True,True,True,True,True,True,False,True
DH_4_MFA_BA,DH,MFA_BA,DH_4_MFA_BA__hybrid_optuna_070,0.006004480331788,7.008787395854997e-08,9.76202229508472e-06,0.7325561142442298,8.504157054070555,0.0013255240424677,0.0968775352436912,49.11798944257849,0.0013523748332137,False,True,True,True,True,True,True,False,True
DH_4_MFA_BA,DH,MFA_BA,DH_4_MFA_BA__hybrid_optuna_074,1.6864987336549406e-07,2.177715166350229e-08,1.0274854358099327e-08,0.0510283169030571,2.7944078062652618,0.0018735625548931,0.0878868827022028,110.78683494522816,0.4635882890582381,True,True,True,True,True,True,True,False,True
DH_4_MFA_BA,DH,MFA_BA,DH_4_MFA_BA__hybrid_optuna_065,1.4807543508754334e-05,6.58275493087319e-08,1.2323503662068102e-07,5.752926902249407,37.616789384580414,0.0055289367840957,8.202536192793088e-05,89.48732179445646,14.604166112752376,True,True,True,True,True,True,False,False,False
DH_4_MFA_BA,DH,MFA_BA,DH_4_MFA_BA__hybrid_optuna_061,1.1990627027317798e-08,1.913489632070406e-07,0.00909137159708,0.3313612666019605,496.5803532333317,0.0008588620974864,0.0001500927761451,85.77703119187035,23.46244728931164,True,True,True,True,False,True,True,False,False
DH_4_MFA_BA,DH,MFA_BA,DH_4_MFA_BA__hybrid_optuna_096,1.1741633364539965e-07,0.0039552323360892,1.1293569666046962e-08,0.1876572632038594,0.5559979832948205,1.42856761240024e-05,11.156918462586772,146.4209849786993,4.811185305147927,True,True,True,True,False,True,True,False,True
DH_4_MFA_BA,DH,MFA_BA,DH_4_MFA_BA__hybrid_optuna_080,1.737601884014261e-05,1.945878287707411e-07,5.2589760998200614e-08,3.5562044987340875,8.284847566929102,0.0006422126707379,0.000123070660576,102.2234924871434,0.392594535098526,True,True,True,True,True,True,True,False,True
DH_4_MFA_BA,DH,MFA_BA,DH_4_MFA_BA__hybrid_optuna_063,1.046375265859332e-05,3.865279224767628e-08,3.2996739544043226e-05,0.1243690698918039,35.264825193833104,0.0013100941753234,0.0018525693344243,82.30733274672586,14.191010121395138,True,True,True,True,True,True,True,False,False
DH_4_MFA_BA,DH,MFA_BA,DH_4_MFA_BA__hybrid_optuna_073,1.28599024060174e-05,1.0721976264987197e-07,3.5706456721628464e-08,3.8449086878679135,16.136368946583026,0.0015064194817243,0.0006620644696729,99.64574999868216,0.2209400225712681,True,True,True,True,True,True,True,False,True
DH_4_MFA_BA,DH,MFA_BA,DH_4_MFA_BA__hybrid_optuna_084,2.795680527873184e-06,4.400862314697985e-06,1.0330873334695252e-06,4.308346818706549,5.932493863642794,0.0001719696876946,0.0358432865715771,81.62130272326468,1.8155327232722325,True,True,True,True,True,True,True,False,True
DH_4_MFA_BA,DH,MFA_BA,DH_4_MFA_BA__hybrid_optuna_060,6.091097820609007e-06,2.905693254447166e-07,0.0049805758932699,0.4339756983186162,291.91410188752604,0.0004102634886241,1.682257874752918e-05,84.10063757994553,47.79907959453104,True,True,True,True,True,True,False,False,False
DH_4_MFA_BA,DH,MFA_BA,DH_4_MFA_BA__hybrid_optuna_100,2.6514213594746908e-05,1.643604326722224e-07,0.0012484518665852,9.077232630120337,13.210691326376915,9.360028961385515e-05,2.683722227752288e-05,75.49715229864431,1.6062630333615733,True,True,True,True,True,True,False,False,True
DH_4_MFA_BA,DH,MFA_BA,DH_4_MFA_BA__hybrid_optuna_085,1.616167589205301e-05,0.0001174835582819,1.3269159741071271e-05,0.073668012511307,143.56602139584183,0.0011481271352237,0.1536263919353607,109.98810188548164,0.0294011674865484,True,True,True,True,True,True,True,False,True
DH_4_MFA_BA,DH,MFA_BA,DH_4_MFA_BA__hybrid_optuna_075,1.9861537797855008e-05,3.189552720388115e-07,1.0360127405503683e-06,0.0529976311697396,318.22697318850487,0.0852598623416662,1.2817654766567288,69.90997628962103,39.09721369856506,True,True,True,True,False,True,True,False,False
DH_4_MFA_BA,DH,MFA_BA,DH_4_MFA_BA__hybrid_optuna_071,2.8260944347523777e-06,2.177820550821359e-06,7.604536244282715e-08,5.022911565284052,18.68606900896293,0.009658611246618,0.0002659940607255,79.83298650833534,20.71948142789419,True,True,True,True,True,True,True,False,False
DH_4_MFA_BA,DH,MFA_BA,DH_4_MFA_BA__hybrid_optuna_081,9.208819621400354e-06,7.272251580550378e-06,1.0357091582270014e-05,2.3544323655314763,11.631512616758249,0.00134084174853,0.0014256252365912,92.91016300973509,0.0507477155495433,True,True,True,True,True,True,True,False,True
DH_4_MFA_BA,DH,MFA_BA,DH_4_MFA_BA__hybrid_optuna_098,2.3772122904217675e-05,2.557474688945744e-06,4.2095195068464434e-07,0.1595598076352681,90.55095440054176,0.0001087760965959,0.0008046400704961,98.5862349581366,0.0052488150098454,True,True,True,True,True,True,True,False,True
DH_4_MFA_BA,DH,MFA_BA,DH_4_MFA_BA__hybrid_optuna_099,1.191378664935012e-06,4.026582408131105e-05,6.568360269601313e-06,0.1574736788497327,9.48641069832571,9.661556306369517e-05,0.001195177828947,77.38608482165975,0.1548794661274446,True,True,True,True,True,True,True,False,True
DH_4_MFA_BA,DH,MFA_BA,DH_4_MFA_BA__hybrid_optuna_097,1.1174816819520408e-05,4.972604359370592e-07,9.902148384465244e-08,2.590588281990455,51.08834720123928,2.19137131058197e-05,0.0085119170450709,74.43199552125772,6.038466617800068,True,True,True,True,True,True,True,False,False
DH_4_MFA_BA,DH,MFA_BA,DH_4_MFA_BA__hybrid_optuna_083,3.865716780927413e-06,7.764360900135474e-06,1.6204316273305693e-06,6.902233203820267,55.92481535645898,0.0148650477964709,0.0267122048274776,128.77151106721902,0.1920886993172859,True,True,True,True,True,True,True,False,True
DH_4_MFA_BA,DH,MFA_BA,DH_4_MFA_BA__hybrid_optuna_086,8.96852290223398e-06,6.0169967038820855e-06,5.627852605454396e-07,0.1315355581127246,21.649291972385072,0.0033309374152423,0.0015170703103218,121.917049516249,11.156088200204488,True,True,True,True,True,True,True,False,False
DH_4_MFA_BA,DH,MFA_BA,DH_4_MFA_BA__hybrid_optuna_087,2.956582982667022e-07,0.0001558208334069,3.2923379404401125e-08,0.2609059434714952,17.506250450537152,0.0018886689115801,0.0025152459621919,97.24747073459636,15.078914411737449,True,True,True,True,True,True,True,False,False
DH_5_MFA_BA,DH,MFA_BA,DH_5_MFA_BA__hybrid_optuna_090,0.006004480331788,0.0004748639643733,0.0078823067326611,0.2225470795869807,9.093412234867476,0.0013255240424677,0.1873359666322987,40.66995291512924,0.0148211078784804,False,True,True,True,True,True,True,False,True
DH_5_MFA_BA,DH,MFA_BA,DH_5_MFA_BA__hybrid_optuna_046,0.003484461087647,1.7387047156128226e-05,3.003965438786385e-07,0.0572840272457404,256.2267815238258,0.0432718500649965,0.0021862213077049,79.87395280125561,1.62250852285351,True,True,True,True,True,True,True,False,True
DH_5_MFA_BA,DH,MFA_BA,DH_5_MFA_BA__hybrid_optuna_065,0.0008258265779372,5.9438838250875446e-05,2.248987047842724e-06,0.1453116567441049,29.5539319749937,0.0050472313853911,0.1134645491868266,19.071759284101773,5.1847104511389865,True,True,True,True,True,True,True,False,False
DH_5_MFA_BA,DH,MFA_BA,DH_5_MFA_BA__hybrid_optuna_056,0.0004429113777657,2.9777554211347992e-08,2.5912045998296404e-08,0.1129520799952646,75.92655496231102,0.013527836883272,0.00621638181617,91.1574870135354,2.525360689983627,True,True,True,True,True,True,True,False,True
DH_5_MFA_BA,DH,MFA_BA,DH_5_MFA_BA__hybrid_pre_07,0.0010372803740804,2.2174884575555303e-05,8.794145260307696e-05,1.5799875219699269,32.89666777892559,0.0066382428982521,0.0065807277004591,12.22386326679854,0.0610608979287047,True,True,True,True,True,True,True,False,True
DH_5_MFA_BA,DH,MFA_BA,DH_5_MFA_BA__hybrid_optuna_097,0.0010372803740804,2.2174884575555303e-05,8.794145260307696e-05,1.5799875219699269,32.89666777892559,0.0066382428982521,0.0065807277004591,12.22386326679854,0.0610608979287047,True,True,True,True,True,True,True,False,True
DH_5_MFA_BA,DH,MFA_BA,DH_5_MFA_BA__hybrid_optuna_080,0.0022008728063813,4.4781293071059056e-05,9.636421365896205e-08,0.1661911048362813,449.77267955953766,0.0422084648253029,0.066488179609937,77.67209399891844,22.647021142343444,True,True,True,True,False,True,True,False,False
DH_5_MFA_BA,DH,MFA_BA,DH_5_MFA_BA__hybrid_optuna_079,0.005326807174738,2.507781104932691e-05,1.2867607433563488e-07,0.0619064010386858,463.453727052317,0.0628308295688636,0.0221447622630876,107.10619707075162,19.54094158458997,False,True,True,True,False,True,True,False,False
DH_5_MFA_BA,DH,MFA_BA,DH_5_MFA_BA__hybrid_pre_06,0.0002273248216595,6.013475300802908e-05,0.0005418197065445,2.78601962601174,21.62389411548485,0.0188528005559133,0.0112539379247973,1.0000002493155023e-10,0.1004417557745063,True,True,True,True,True,True,True,False,True
DH_5_MFA_BA,DH,MFA_BA,DH_5_MFA_BA__hybrid_optuna_091,0.0002273248216595,6.013475300802908e-05,0.0005418197065445,2.78601962601174,21.62389411548485,0.0188528005559133,0.0112539379247973,1.0000002493155023e-10,0.1004417557745063,True,True,True,True,True,True,True,False,True
DH_5_MFA_BA,DH,MFA_BA,DH_5_MFA_BA__hybrid_optuna_062,0.0014939693711407,3.2210173612725966e-05,7.101760941512917e-08,0.0527743448851998,370.9245725520024,0.0841192999141326,0.0502911399003037,109.33481133604607,18.40379658267464,True,True,True,True,False,True,True,False,False
DH_5_MFA_BA,DH,MFA_BA,DH_5_MFA_BA__hybrid_pre_05,0.0002615321486478,3.072114100158395e-05,0.0003015380807002,1.5649804362538575,45.18052264400503,0.0044414211958998,0.0076726646989423,7.604633804002452e-11,0.1265522383683301,True,True,True,True,True,True,True,False,True
DH_5_MFA_BA,DH,MFA_BA,DH_5_MFA_BA__hybrid_optuna_092,0.0002615321486478,3.072114100158395e-05,0.0003015380807002,1.5649804362538575,45.18052264400503,0.0044414211958998,0.0076726646989423,7.604633804002452e-11,0.1265522383683301,True,True,True,True,True,True,True,False,True
DH_5_MFA_BA,DH,MFA_BA,DH_5_MFA_BA__hybrid_pre_08,0.0001095631493985,1.326826899557521e-05,0.0006873784953253,2.0813075056033123,59.41107724054161,0.006129494942709,0.0042475853696982,5.6103709617976326e-08,0.0204055199440263,True,True,True,True,True,True,True,False,True
DH_5_MFA_BA,DH,MFA_BA,DH_5_MFA_BA__hybrid_optuna_089,0.0001095631493985,1.326826899557521e-05,0.0006873784953253,2.0813075056033123,59.41107724054161,0.006129494942709,0.0042475853696982,5.6103709617976326e-08,0.0204055199440263,True,True,True,True,True,True,True,False,True
DH_5_MFA_BA,DH,MFA_BA,DH_5_MFA_BA__hybrid_optuna_041,0.0016334239864857,2.8621531520447223e-05,1.1087453453423792e-08,0.0639147635536256,319.7976643812381,0.0207696957380847,1.5863788386215836,127.43387877283622,7.431330392188077,True,True,True,True,False,True,True,False,False
DH_5_MFA_BA,DH,MFA_BA,DH_5_MFA_BA__hybrid_optuna_061,4.3493867541782376e-08,6.129089142383218e-08,8.739908508041056e-06,0.3441267682150004,417.1917687117842,0.0002574670894195,1.1727293688940077,30.980805496035902,0.0073347725981743,True,True,True,True,False,True,True,False,True
DH_5_MFA_BA,DH,MFA_BA,DH_5_MFA_BA__hybrid_optuna_072,6.087559716691008e-08,5.3515045849596914e-08,1.177519564038608e-05,0.2381724897022649,297.04365605667857,0.0002384488663942,14.177712187475818,38.33332099850431,1.856162083132126,True,True,True,True,True,True,True,False,True
DH_5_MFA_BA,DH,MFA_BA,DH_5_MFA_BA__hybrid_optuna_081,8.715973616811341e-07,1.094984304424576e-08,0.0496869443773305,9.85031315360875,4.526909870021316,0.0002196051554846,1.2497329497935364e-05,112.98365910397084,1.9477162020345955,True,True,True,True,True,True,False,False,True
DH_5_MFA_BA,DH,MFA_BA,DH_5_MFA_BA__hybrid_optuna_075,3.1618219690230265e-06,1.1848792757681894e-06,2.3388684810558592e-05,0.2236280761984043,146.3507139567057,0.0001903008897373,5.432586451322023,81.65478583651306,4.600931537572054,True,True,True,True,True,True,True,False,True
DH_5_MFA_BA,DH,MFA_BA,DH_5_MFA_BA__hybrid_optuna_082,2.1392475157184264e-08,1.911326214591176e-08,6.075529497716638e-05,0.2622307636980431,269.50551517356746,0.0001466290040107,0.5271340404797675,67.95049038624374,0.176856625142934,True,True,True,True,True,True,True,False,True
DH_5_MFA_BA,DH,MFA_BA,DH_5_MFA_BA__hybrid_optuna_083,4.890113952685374e-07,4.418718661803758e-06,5.113237007755685e-07,0.1104015725187796,2.7907901418156684,0.0001260310014577,0.0515779515257318,90.39654581703972,0.0069676269653603,True,True,True,True,True,True,True,False,True
DH_5_MFA_BA,DH,MFA_BA,DH_5_MFA_BA__hybrid_optuna_084,1.688697196127118e-07,1.5343744503824874e-06,1.0903404339260306e-05,0.4951429914369816,1.1305303189317446,0.000142621375158,0.3644367812263813,101.15181891805426,0.0013106323536369,True,True,True,True,True,True,True,False,True
DH_5_MFA_BA,DH,MFA_BA,DH_5_MFA_BA__hybrid_optuna_051,0.0011014672905638,9.214050095471256e-07,9.507533150083712e-07,0.1272335132422141,230.53268966510728,0.0345724352209522,0.3669189199045791,113.86988114680535,9.687588902499758,True,True,True,True,True,True,True,False,False
DH_5_MFA_BA,DH,MFA_BA,DH_5_MFA_BA__hybrid_optuna_052,0.0034482644008954,1.748797298657668e-06,2.2408909444223243e-08,0.0945066837684658,299.7103268565423,0.0146982216268927,0.0139614885887245,117.7273603114409,6.233745890650589,True,True,True,True,True,True,True,False,False
DH_5_MFA_BA,DH,MFA_BA,DH_5_MFA_BA__hybrid_optuna_053,3.131580523999774e-05,0.0001486424053925,7.443369761507111e-08,0.756415410253522,9.380872657723232,0.0026929489311256,0.0001174355764963,145.06015545293653,0.5665353257834703,True,True,True,True,True,True,True,False,True
DH_5_MFA_BA,DH,MFA_BA,DH_5_MFA_BA__hybrid_optuna_054,0.0042490014420574,2.106644347374784e-06,2.5044471240391375e-07,0.0955789332200977,210.490230046906,0.0977823430883833,0.0072018704449496,129.60340661055736,15.365923343027738,True,True,True,True,True,True,True,False,False
DH_5_MFA_BA,DH,MFA_BA,DH_5_MFA_BA__hybrid_optuna_055,0.004710372238652,3.462982527121191e-06,1.6456427525724047e-08,0.0915641671425627,131.82413347840162,0.0076645233677848,0.2304727464554219,100.15324635875116,10.85958842178229,True,True,True,True,True,True,True,False,False
DH_5_MFA_BA,DH,MFA_BA,DH_5_MFA_BA__hybrid_optuna_057,2.2509860534032792e-05,0.0016361454883868,1.0580021996823888e-08,0.7283088328277747,9.0078173991371,0.0017697769050005,7.024004123486903e-05,148.75158056461856,0.3598319471125222,True,True,True,True,True,True,False,False,True
DH_5_MFA_BA,DH,MFA_BA,DH_5_MFA_BA__hybrid_optuna_058,0.0023349880211097,5.475564319296229e-07,3.6441556128686884e-08,0.0661910684594763,255.0918840713984,0.0206963958341085,0.0152498910011439,122.36430350571813,1.1872145855932617,True,True,True,True,True,True,True,False,True
DH_5_MFA_BA,DH,MFA_BA,DH_5_MFA_BA__hybrid_optuna_059,0.0003504085993514,8.701805526370376e-06,2.6163448456540572e-08,5.099398823492509,48.971646076499205,0.0085456406205713,0.0224083201847829,95.90418601425397,35.97543381941953,True,True,True,True,True,True,True,False,False
DH_5_MFA_BA,DH,MFA_BA,DH_5_MFA_BA__hybrid_optuna_060,7.226659189298425e-06,0.0010650592588478,1.4257072521688277e-08,0.9011789295251346,5.3929638762147984,0.0010128249667005,6.269360753421103e-05,124.15749019274652,0.3238367230786156,True,True,True,True,True,True,False,False,True
DH_5_MFA_BA,DH,MFA_BA,DH_5_MFA_BA__hybrid_optuna_063,1.8950708900499857e-06,1.2429307069613616e-08,0.0587715113199725,7.920902657579767,2.2027880656403496,4.781107784725181e-05,1.3767125749219675e-05,64.06684584499976,1.5711611334786644,True,True,False,True,True,True,False,False,True
DH_5_MFA_BA,DH,MFA_BA,DH_5_MFA_BA__hybrid_optuna_064,6.439823636839671e-06,0.0017996720420131,1.8795504026323665e-08,1.0215569095093,0.9835838982806068,0.0008167860692158,0.0010831916543845,121.13926404734808,0.2898110304955523,True,True,True,True,False,True,True,False,True
DH_5_MFA_BA,DH,MFA_BA,DH_5_MFA_BA__hybrid_optuna_066,5.935492433216905e-06,0.0013550022929071,3.012974409102107e-05,0.7054516164290465,0.8074226004712449,0.0005530287623589,0.0014757114625801,123.9644039698272,0.0016133251040746,True,True,True,True,False,True,True,False,True
DH_5_MFA_BA,DH,MFA_BA,DH_5_MFA_BA__hybrid_optuna_067,9.298880919440941e-08,0.0002463211234595,5.496768081387548e-07,0.126900191205058,0.5008716049656304,3.004854642214632e-05,0.0009320962760843,85.2709747234156,0.0010669999103057,True,True,True,True,False,True,True,False,True
DH_5_MFA_BA,DH,MFA_BA,DH_5_MFA_BA__hybrid_optuna_068,0.00116519132431,4.395559079585176e-06,1.9298564688599865e-07,0.3407236292592765,15.760028605885587,0.0031987198570042,0.0002190562082365,135.78906863389255,13.863978624185028,True,True,True,True,True,True,True,False,False
DH_5_MFA_BA,DH,MFA_BA,DH_5_MFA_BA__hybrid_optuna_069,1.904144987287703e-07,0.0004919645869283,1.0307766697722342e-05,0.4263128679216835,0.5205122989587503,6.767570609830148e-05,0.131535778002534,98.96974941023784,0.0014107905634247,True,True,True,True,False,True,True,False,True
DH_5_MFA_BA,DH,MFA_BA,DH_5_MFA_BA__hybrid_optuna_070,0.0096826479675725,1.85112000402205e-07,1.342246696623257e-06,3.3249538819348268,126.70248430243556,0.0055404358240347,0.0032579882196115,105.90150838223526,25.65505080442628,False,True,True,True,True,True,True,False,False
DH_5_MFA_BA,DH,MFA_BA,DH_5_MFA_BA__hybrid_optuna_071,1.0676790422275236e-08,0.0005366499857179,1.4716401311693234e-06,0.0512610969486515,0.5275559801240932,1.1214955449117664e-05,0.0005571088675761,87.16454732686566,0.0018255486426233,True,True,True,True,False,True,True,False,True
DH_5_MFA_BA,DH,MFA_BA,DH_5_MFA_BA__hybrid_optuna_073,1.1990627027317798e-08,0.0061948055161047,1.980697601550337e-07,0.0724837014915406,2.8325101109673185,1.3271042689493891e-05,0.0003470797882863,70.12050914264131,1.4482498539465862,True,True,True,True,True,True,True,False,True
DH_5_MFA_BA,DH,MFA_BA,DH_5_MFA_BA__hybrid_optuna_077,1.318796768744225e-07,0.0004107322375214,1.6734450638423606e-07,0.1714908844289962,0.7683608034828194,3.031519608364101e-05,0.8201066492741681,66.07418662212426,0.0041788306352723,True,True,True,True,False,True,True,False,True
DH_5_MFA_BA,DH,MFA_BA,DH_5_MFA_BA__hybrid_optuna_024,1.196076461200812e-06,2.735068334449994e-07,3.5037593227953e-06,0.1646111470121265,258.5020682814102,0.0276504808147988,8.170701547624168,87.6905167203929,7.310859878003658,True,True,True,True,True,True,True,False,False
DH_5_MFA_BA,DH,MFA_BA,DH_5_MFA_BA__hybrid_optuna_074,3.190348782778686e-05,7.774343491554515e-08,4.740934616684803e-06,7.173236921659165,1.2763459627779674,5.790872487997769e-05,0.1449627652402459,103.24439894692397,0.0045313251180149,True,True,True,True,True,True,True,False,True
DH_5_MFA_BA,DH,MFA_BA,DH_5_MFA_BA__hybrid_optuna_030,3.655701270119421e-05,4.9930220124160434e-08,3.215046579933584e-08,5.508121531732412,11.757024046605462,0.0018666055714288,7.81819656225403e-05,148.5940472132948,0.7098367548799525,True,True,True,True,True,True,False,False,True
DH_5_MFA_BA,DH,MFA_BA,DH_5_MFA_BA__hybrid_optuna_023,3.66330751976054e-07,9.184947411175144e-08,0.0001593115259512,0.2537576298530329,463.6044567715901,0.0003281719183051,2.3217741305614914,38.18667908482735,4.741198251575438,True,True,True,True,False,True,True,False,True
DH_5_MFA_BA,DH,MFA_BA,DH_5_MFA_BA__hybrid_optuna_076,1.7670169402947916e-06,0.0050615768887523,0.0013303245101522,1.192617378922354,1.4690139693517672,4.207053950287933e-05,2.3226650368137e-05,129.92642186624028,0.6677615511747083,True,True,True,True,True,True,False,False,True
DH_5_MFA_BA,DH,MFA_BA,DH_5_MFA_BA__hybrid_optuna_050,4.451728483016211e-05,0.0001696064576449,4.9424470240234926e-08,0.2643752821842626,12.214405582681508,0.0021700536058343,7.1893746201484e-05,147.36643818682865,0.6302344993685388,True,True,True,True,True,True,False,False,True
DH_5_MFA_BA,DH,MFA_BA,DH_5_MFA_BA__hybrid_optuna_032,0.0071285638878418,1.190142350076794e-05,1.3721071027936944e-07,0.0715207495998678,378.9332317687876,0.0761897791361478,0.020027565552247,111.65884014785624,18.829942450972705,False,True,True,True,False,True,True,False,False
DH_5_MFA_BA,DH,MFA_BA,DH_5_MFA_BA__hybrid_optuna_045,2.909208775935173e-05,0.0001410062787231,5.137055200948424e-08,0.2951940740559516,13.812138247198366,0.0023788126510331,6.655601181850503e-05,146.6272019988583,0.6840656673499522,True,True,True,True,True,True,False,False,True
DH_5_MFA_BA,DH,MFA_BA,DH_5_MFA_BA__hybrid_optuna_029,2.8693032813238005e-06,2.8583791525610863e-06,5.885968132720696e-06,0.164549062652073,385.5030852931243,0.0859496748042476,10.142569816094094,90.27502061478278,8.353202262148857,True,True,True,True,False,True,True,False,False
DH_5_MFA_BA,DH,MFA_BA,DH_5_MFA_BA__hybrid_optuna_012,2.7986529272066724e-08,1.3752858617360731e-08,0.0001014815134022,0.1375634783870415,157.61025525144876,0.0016546201435896,13.075071355958588,59.06969771292008,0.1122102914094324,True,True,True,True,True,True,True,False,True
DH_5_MFA_BA,DH,MFA_BA,DH_5_MFA_BA__hybrid_optuna_033,0.0039744257439915,2.2959410617664377e-05,2.309944195529748e-08,0.0987596323542703,195.720508734666,0.0338548114132999,0.0280959505558425,114.53335397838144,19.614463873295723,True,True,True,True,True,True,True,False,False
DH_5_MFA_BA,DH,MFA_BA,DH_5_MFA_BA__hybrid_optuna_009,1.7870516360387915e-08,1.0157879573730245e-08,3.5902402954526804e-05,0.1347090722649229,166.38149199343292,0.0016138253047973,12.779854375733272,60.5756148124307,0.0753453854238699,True,True,True,True,True,True,True,False,True
DH_5_MFA_BA,DH,MFA_BA,DH_5_MFA_BA__hybrid_optuna_031,0.005466383615285,1.7363623815115432e-05,2.607785970834858e-07,0.0580418313833277,241.4709071393191,0.0473309435726446,0.0049633030647634,93.90548077035778,2.6347490616312723,False,True,True,True,True,True,True,False,True
DH_5_MFA_BA,DH,MFA_BA,DH_5_MFA_BA__hybrid_optuna_044,0.0006176860762523,1.865993207381508e-05,2.482243893064818e-08,0.0943466098461073,191.63734974782827,0.0289865145941237,0.038382865037063,110.48001317910624,13.000387227728096,True,True,True,True,True,True,True,False,False
DH_5_MFA_BA,DH,MFA_BA,DH_5_MFA_BA__hybrid_optuna_022,7.182652506482185e-08,1.9646780224835423e-08,4.787996385579742e-05,0.3938601783931027,416.2405883692718,0.0003540077402367,3.331598823468487,58.127309233870704,3.566520144982508,True,True,True,True,False,True,True,False,True
DH_5_MFA_BA,DH,MFA_BA,DH_5_MFA_BA__hybrid_optuna_086,1.5056306049708488e-05,4.8679436154445574e-08,6.238786053371524e-07,0.5598120063921137,20.849444588037127,0.0105664848488834,3.8965875916691606e-05,138.4751999521073,0.1468515258887734,True,True,True,True,True,True,False,False,True
DH_5_MFA_BA,DH,MFA_BA,DH_5_MFA_BA__hybrid_optuna_049,7.197573074787974e-05,0.0001545821045399,5.207560173881653e-08,0.2973995701643031,14.585213107609064,0.0028846519055809,3.881877922407496e-05,135.33617401183875,3.4818073227498108,True,True,True,True,True,True,False,False,True
DH_5_MFA_BA,DH,MFA_BA,DH_5_MFA_BA__hybrid_optuna_047,6.130973522432708e-05,0.0001592116716955,5.4724303944367344e-08,0.2973390218753937,16.488158829180982,0.0027076482286474,6.383698485994147e-05,138.51798186855723,0.8024392443002193,True,True,True,True,True,True,False,False,True
DH_5_MFA_BA,DH,MFA_BA,DH_5_MFA_BA__hybrid_optuna_048,2.1479201466193533e-06,2.4838273937377653e-06,6.620515356231196e-06,1.348064459926973,304.87046486462515,0.0003243918924254,15.9905106749797,72.07650798611233,2.3125187432334005,True,True,True,True,False,True,True,False,True
DH_5_MFA_BA,DH,MFA_BA,DH_5_MFA_BA__hybrid_optuna_035,0.000716914477341,7.436091156948258e-05,2.864324747562113e-08,0.1277826844692619,202.72489706643307,0.004414944159492,0.0391886116262308,110.75903397616317,1.0518076813273056,True,True,True,True,True,True,True,False,True
DH_5_MFA_BA,DH,MFA_BA,DH_5_MFA_BA__hybrid_optuna_078,0.000177188473548,1.3289448722869162e-08,0.0615699732823519,4.115716865497774,2.167640897475782,5.337032762603954e-05,0.0001430992369351,45.63633644393066,0.2922905212920093,True,True,False,True,True,True,True,False,True
DH_5_MFA_BA,DH,MFA_BA,DH_5_MFA_BA__hybrid_optuna_034,0.0054946041412621,1.4866750929936956e-05,2.6422092585824642e-08,0.0941815876887252,247.8518883863209,0.0394979183677406,0.0325563687060558,111.74520603282475,27.46735887338925,False,True,True,True,True,True,True,False,False
DH_5_MFA_BA,DH,MFA_BA,DH_5_MFA_BA__hybrid_optuna_019,4.6611912362435364e-07,3.315844868779798e-08,0.000238261111131,0.2212364947837057,221.9569473877577,0.0004097590482234,7.463840771283906,64.55710429556923,0.0758751665339703,True,True,True,True,True,True,True,False,True
DH_5_MFA_BA,DH,MFA_BA,DH_5_MFA_BA__hybrid_optuna_021,3.7910090638546488e-06,2.8227053250224026e-06,5.037539468271365e-06,0.1524936415835735,274.2900540787066,0.000473274575225,6.442806833146263,82.25448381001569,2.401383136601483,True,True,True,True,True,True,True,False,True
DH_5_MFA_BA,DH,MFA_BA,DH_5_MFA_BA__hybrid_optuna_017,5.835323257413072e-07,7.955174956257207e-08,2.47485692823162e-05,0.1912788469508812,307.47565804127606,0.000459176853709,17.661085098676708,53.2498142258503,3.1167124705844778,True,True,True,True,False,True,True,False,True
DH_5_MFA_BA,DH,MFA_BA,DH_5_MFA_BA__hybrid_optuna_010,3.356539017981484e-07,3.518375714990332e-07,1.692063214583808e-05,0.2067520141372942,494.35823712388486,0.0005328108966641,3.81828842153925,52.28989540303184,3.5425812749926613,True,True,True,True,False,True,True,False,True
DH_5_MFA_BA,DH,MFA_BA,DH_5_MFA_BA__hybrid_optuna_013,7.470833051952732e-07,1.586431330400289e-07,1.615626397417041e-05,0.1606725400087481,333.86583887170946,0.0005176992488625,6.114478494969267,53.68242398989047,7.389986065713378,True,True,True,True,False,True,True,False,False
DH_5_MFA_BA,DH,MFA_BA,DH_5_MFA_BA__hybrid_optuna_011,3.2029298388698817e-07,1.2077979528921678e-07,1.5195816105632162e-05,0.2356991141546598,493.928470714697,0.0005229120209028,2.334865633605536,51.280581910214174,3.573819474448185,True,True,True,True,False,True,True,False,True
DH_5_MFA_BA,DH,MFA_BA,DH_5_MFA_BA__hybrid_optuna_008,6.59442694606468e-07,1.776831541222788e-07,1.759925470368521e-05,0.1601377986527402,333.13889898723903,0.0005577743651683,5.08290061426861,50.56903348898501,7.462504900585642,True,True,True,True,False,True,True,False,False
DH_5_MFA_BA,DH,MFA_BA,DH_5_MFA_BA__hybrid_optuna_007,5.623687426521791e-07,1.3132111780104016e-07,1.4974142218090956e-05,0.1560938031163452,349.50296539622826,0.0005603364123285,5.843613766591669,55.44970091340852,7.537904293920421,True,True,True,True,False,True,True,False,False
DH_5_MFA_BA,DH,MFA_BA,DH_5_MFA_BA__hybrid_optuna_005,1.991600130066668e-08,1.1425600092195506e-07,7.364798989301674e-05,0.250205556730575,269.77334808810167,0.0005580935124526,0.6332414813123852,69.99767561697743,0.1389593822482152,True,True,True,True,True,True,True,False,True
DH_5_MFA_BA,DH,MFA_BA,DH_5_MFA_BA__hybrid_optuna_006,4.857134051072703e-07,3.878700771854039e-08,7.837019875658204e-05,0.2200717018329458,227.09232964953355,0.0005619433140057,3.889903998484748,64.57125013738447,0.1064312302582719,True,True,True,True,True,True,True,False,True
DH_5_MFA_BA,DH,MFA_BA,DH_5_MFA_BA__hybrid_post_003,2.576982425740272e-07,9.425410979288237e-08,0.0070523017831661,0.1996243770284437,468.0002201571344,0.0005876250311431,2.760630992407267,52.81815950935651,3.711817330612249,True,True,True,True,False,True,True,False,True
DH_5_MFA_BA,DH,MFA_BA,DH_5_MFA_BA__hybrid_optuna_003,2.384230348007186e-07,1.0046710313914313e-07,1.607232319757885e-05,0.1997355260524582,463.70371296102246,0.0005896395006132,2.760159191209792,52.81815950935651,3.711817330612249,True,True,True,True,False,True,True,False,True
DH_5_MFA_BA,DH,MFA_BA,DH_5_MFA_BA__hybrid_optuna_016,2.023943365757425e-07,2.80036043748629e-07,1.1723929403121723e-05,0.5410704405978444,397.0493968731358,0.0007141453011572,3.29855169833168,42.95178847690133,0.0271195389214624,True,True,True,True,False,True,True,False,True
DH_5_MFA_BA,DH,MFA_BA,DH_5_MFA_BA__hybrid_optuna_028,6.517186182444538e-07,1.7204995118513325e-07,3.83808364996272e-06,0.1546597221535378,357.6685318368802,0.0008430241105757,4.7816684490204535,87.11032074895367,7.121869595830465,True,True,True,True,False,True,True,False,False
DH_5_MFA_BA,DH,MFA_BA,DH_5_MFA_BA__hybrid_optuna_015,1.3220816477512493e-07,1.1852955144744993e-07,0.0004390605144698,0.4376769090068267,329.5182423060778,0.0008621571559473,9.447493624936188,49.454668599594015,0.0459394720890349,True,True,True,True,False,True,True,False,True
DH_5_MFA_BA,DH,MFA_BA,DH_5_MFA_BA__hybrid_optuna_014,1.7595066011648428e-07,2.53508964811807e-07,8.621856686241478e-06,0.4892749783411656,406.8063774055963,0.000730890915919,3.2416470040048124,44.68113097406532,0.0251381623209896,True,True,True,True,False,True,True,False,True
DH_5_MFA_BA,DH,MFA_BA,DH_5_MFA_BA__hybrid_optuna_043,0.0017863702169914,7.803963149274882e-05,8.300133548556827e-05,1.8324397423184653,149.9427144438719,0.0188129527187862,0.0341702307237998,129.80259136475962,1.072324290627771,True,True,True,True,True,True,True,False,True
DH_5_MFA_BA,DH,MFA_BA,DH_5_MFA_BA__hybrid_optuna_001,7.670730079135533e-07,1.5503184148137853e-07,1.5884760481484144e-05,0.1573110227716168,499.7966859719064,0.0007082419787294,5.5342056865498535,52.78089045210177,7.166932677220981,True,True,True,True,False,True,True,False,False
DH_5_MFA_BA,DH,MFA_BA,DH_5_MFA_BA__hybrid_post_001,7.681501018202103e-07,1.5547017872731454e-07,1.5884760481484144e-05,0.1572989163990466,498.8050351972572,0.0007093722379516,5.539318652003332,52.78089045210177,7.166932677220981,True,True,True,True,False,True,True,False,False
DH_5_MFA_BA,DH,MFA_BA,DH_5_MFA_BA__hybrid_post_002,3.079591598148729e-07,9.015224942704148e-08,8.019966725151084e-08,0.1963210226581993,487.1148168138291,0.000615206368394,2.919503582038025,47.18369307964184,3.449257174934752,True,True,True,True,False,True,True,False,True
DH_5_MFA_BA,DH,MFA_BA,DH_5_MFA_BA__hybrid_optuna_002,3.077240987143434e-07,8.95135235447443e-08,6.19002586043825e-05,0.1962479178946675,486.5637721237472,0.0006159432800465,2.9192001858174392,47.18369307964184,3.449257174934752,True,True,True,True,False,True,True,False,True
DH_5_MFA_BA,DH,MFA_BA,DH_5_MFA_BA__hybrid_optuna_004,6.635899619851268e-08,1.9781451419625603e-08,1.2427616099807784e-05,0.3619054511537761,402.55636331564097,0.0006650271251316,19.50671468521753,59.58187742595263,3.3237355798580763,True,True,True,True,False,True,True,False,True
DH_5_MFA_BA,DH,MFA_BA,DH_5_MFA_BA__hybrid_optuna_026,3.788902625212077e-08,3.94840576690346e-07,0.0001037083859999,0.3513798691915131,482.6603314448497,0.0011264916324764,0.840893724393627,32.72462948163711,4.318407961410809,True,True,True,True,False,True,True,False,True
DH_5_MFA_BA,DH,MFA_BA,DH_5_MFA_BA__hybrid_optuna_040,0.00269452328525,1.207321992922824e-05,3.526919318811793e-07,0.0751976235553909,167.03059838692707,0.0456523571050313,0.0260269879576002,95.73974253071162,28.793810843520426,True,True,True,True,True,True,True,False,False
DH_5_MFA_BA,DH,MFA_BA,DH_5_MFA_BA__hybrid_optuna_039,0.0088999096131014,5.935317906986587e-06,8.683165210413468e-08,0.0811962853189255,361.9875295987323,0.0603951962138131,0.0819634826424098,117.2426408061704,37.69092333960897,False,True,True,True,False,True,True,False,False
DH_5_MFA_BA,DH,MFA_BA,DH_5_MFA_BA__hybrid_optuna_042,0.00065321679025,7.898903916054328e-05,3.3143866416084414e-08,0.1372402222360838,67.93058792075566,0.0034181711567662,0.0031224555161286,110.8217171978809,2.800175018654026,True,True,True,True,True,True,True,False,True
DH_5_MFA_BA,DH,MFA_BA,DH_5_MFA_BA__hybrid_optuna_027,2.825622764825163e-07,9.165212864944009e-08,4.904405868275848e-05,0.2735753721781958,479.4150359567387,0.0012506858363716,1.2226425595210868,49.60012531160315,11.087970507462952,True,True,True,True,False,True,True,False,False
DH_5_MFA_BA,DH,MFA_BA,DH_5_MFA_BA__hybrid_optuna_038,0.0095324918263824,1.2722488807685685e-05,3.886936672115797e-07,0.1174427332732575,183.94668711375144,0.0541363095731013,0.087622479312895,102.89751769767764,0.4669520734998288,False,True,True,True,True,True,True,False,True
DH_5_MFA_BA,DH,MFA_BA,DH_5_MFA_BA__hybrid_optuna_036,0.0067095879129006,6.84311465207945e-06,1.2477606775569734e-07,0.0781365221664441,409.93813969419296,0.0791922705185112,0.0255347462974921,116.36135276866092,36.060920116515724,False,True,True,True,False,True,True,False,False
DH_5_MFA_BA,DH,MFA_BA,DH_5_MFA_BA__hybrid_optuna_037,0.0069671468034039,6.241774919849836e-06,1.296698329913573e-07,0.0744614445422141,481.99874221545576,0.065059731181432,0.0237960481530676,114.55067792320332,49.17413628165128,False,True,True,True,False,True,True,False,False
DH_5_MFA_BA,DH,MFA_BA,DH_5_MFA_BA__hybrid_optuna_098,0.0056013493111993,0.0098203015953507,2.097352849176616e-07,0.0813757336421649,101.15816470477344,0.0335915822215781,0.0056728740180665,95.01013058836152,30.29562173246116,False,True,True,True,True,True,True,False,False
DH_5_MFA_BA,DH,MFA_BA,DH_5_MFA_BA__hybrid_optuna_087,8.894647707523622e-05,0.000121880381648,4.778576533192804e-08,0.3112283518877033,101.28646080225504,0.0262328615629806,3.7791309709447966e-05,134.9980966856631,3.917427196098097,True,True,True,True,True,True,False,False,True
DH_5_MFA_BA,DH,MFA_BA,DH_5_MFA_BA__hybrid_optuna_099,1.3131717677663036e-08,6.691890655172368e-07,2.3910800450968025e-06,0.0529976311697396,7.009741862556931,0.0852598623416662,0.0003157733490158,57.92278374886413,8.992402466417259,True,True,True,True,True,True,True,False,False
DH_5_MFA_BA,DH,MFA_BA,DH_5_MFA_BA__hybrid_optuna_100,1.1741633364539965e-07,0.0039552323360892,1.1293569666046962e-08,0.1876572632038594,0.5559979832948205,1.42856761240024e-05,11.156918462586772,146.4209849786993,4.811185305147927,True,True,True,True,False,True,True,False,True
DH_5_MFA_BA,DH,MFA_BA,DH_5_MFA_BA__hybrid_optuna_085,6.091097820609007e-06,2.905693254447166e-07,0.0049805758932699,0.4339756983186162,291.91410188752604,0.0004102634886241,1.682257874752918e-05,84.10063757994553,47.79907959453104,True,True,True,True,True,True,False,False,False
DH_5_MFA_BA,DH,MFA_BA,DH_5_MFA_BA__hybrid_optuna_088,0.0001572693185592,7.89697250176955e-06,1.173638046354307e-07,0.2101497722905124,96.95704590283266,0.068546338376001,0.0113584147638384,117.5556759388352,42.82878861690008,True,True,True,True,True,True,True,False,False
DH_5_MFA_BA,DH,MFA_BA,DH_5_MFA_BA__hybrid_optuna_020,9.141983015549712e-07,1.601100372844201e-07,1.774558293797033e-05,0.197520115852241,332.4185504303749,0.0005836857132921,3.0171384815145657,53.072514064802206,3.4636623520616334,True,True,True,True,False,True,True,False,True
DH_6_MFA_BA,DH,MFA_BA,DH_6_MFA_BA__hybrid_pre_07,0.0010372803740804,2.2174884575555303e-05,8.794145260307696e-05,1.5799875219699269,32.89666777892559,0.0066382428982521,0.0065807277004591,12.22386326679854,0.0610608979287047,True,True,True,True,True,True,True,False,True
DH_6_MFA_BA,DH,MFA_BA,DH_6_MFA_BA__hybrid_optuna_070,0.0010372803740804,2.2174884575555303e-05,8.794145260307696e-05,1.5799875219699269,32.89666777892559,0.0066382428982521,0.0065807277004591,12.22386326679854,0.0610608979287047,True,True,True,True,True,True,True,False,True
DH_6_MFA_BA,DH,MFA_BA,DH_6_MFA_BA__hybrid_optuna_061,6.14665246262054e-05,7.279344522439486e-08,9.501863623408292e-05,1.4662221800010349,8.677572485645983,0.0049693577701929,0.0022344012790959,71.8838270518058,0.0029092120774516,True,True,True,True,True,True,True,False,True
DH_6_MFA_BA,DH,MFA_BA,DH_6_MFA_BA__hybrid_optuna_082,6.9524911941203e-08,5.1415945652669744e-08,1.4633407284668356e-06,0.1353969866893901,2.8968002372242347,0.034565018184722,1.5398297024302323,64.93935937536516,0.4799885807487057,True,True,True,True,True,True,True,False,True
DH_6_MFA_BA,DH,MFA_BA,DH_6_MFA_BA__hybrid_optuna_042,5.273002621234661e-08,2.4327263184560473e-08,0.0017978703048937,0.9216562901662836,48.88921221888376,0.0046586291495489,1.0638987644557989e-05,116.6762734798047,0.1917863705218525,True,True,True,True,True,True,False,False,True
DH_6_MFA_BA,DH,MFA_BA,DH_6_MFA_BA__hybrid_pre_06,0.0002273248216595,6.013475300802908e-05,0.0005418197065445,2.78601962601174,21.62389411548485,0.0188528005559133,0.0112539379247973,1.0000002493155422e-10,0.1004417557745063,True,True,True,True,True,True,True,False,True
DH_6_MFA_BA,DH,MFA_BA,DH_6_MFA_BA__hybrid_optuna_064,0.0002273248216595,6.013475300802908e-05,0.0005418197065445,2.78601962601174,21.62389411548485,0.0188528005559133,0.0112539379247973,1.0000002493155422e-10,0.1004417557745063,True,True,True,True,True,True,True,False,True
DH_6_MFA_BA,DH,MFA_BA,DH_6_MFA_BA__hybrid_optuna_040,2.330309927679333e-07,1.5846781685578985e-07,0.000374890363742,0.223247296827685,17.418986826206826,0.0042698159854684,5.73165477417194e-05,76.15236718378286,0.008736653907231,True,True,True,True,True,True,False,False,True
DH_6_MFA_BA,DH,MFA_BA,DH_6_MFA_BA__hybrid_optuna_051,1.2446987068417954e-06,1.0067886954501953e-08,0.0001195215439257,2.7431793241524183,7.446262934238348,0.0991808534313029,0.0113486214773323,120.05715752932592,5.496258405924964,True,True,True,True,True,True,True,False,False
DH_6_MFA_BA,DH,MFA_BA,DH_6_MFA_BA__hybrid_pre_05,0.0002615321486478,3.072114100158395e-05,0.0003015380807002,1.5649804362538575,45.18052264400503,0.0044414211958998,0.0076726646989423,7.604633804032392e-11,0.1265522383683301,True,True,True,True,True,True,True,False,True
DH_6_MFA_BA,DH,MFA_BA,DH_6_MFA_BA__hybrid_optuna_065,0.0002615321486478,3.072114100158395e-05,0.0003015380807002,1.5649804362538575,45.18052264400503,0.0044414211958998,0.0076726646989423,7.604633804032392e-11,0.1265522383683301,True,True,True,True,True,True,True,False,True
DH_6_MFA_BA,DH,MFA_BA,DH_6_MFA_BA__hybrid_optuna_034,4.917466400155654e-07,1.733339913708867e-08,3.187250814565982e-05,4.970380968876048,6.088516952620315,0.0035077708471731,0.0013603386060499,94.11138968020526,0.3870420539931204,True,True,True,True,True,True,True,False,True
DH_6_MFA_BA,DH,MFA_BA,DH_6_MFA_BA__hybrid_optuna_043,9.394834756769474e-07,6.228097286218875e-08,5.555515663216863e-06,0.0853489476154807,3.855023395920565,0.0107341535762973,0.1383462212727657,56.91342983102231,0.0011086475320006,True,True,True,True,True,True,True,False,True
DH_6_MFA_BA,DH,MFA_BA,DH_6_MFA_BA__hybrid_pre_08,0.0001095633541803,1.3268193183764384e-05,0.0006873788461311,2.081308117863784,59.41108283946812,0.0061294913373131,0.0042475782174299,1.924947895929611e-07,0.0204055636581587,True,True,True,True,True,True,True,False,True
DH_6_MFA_BA,DH,MFA_BA,DH_6_MFA_BA__hybrid_optuna_059,0.0001095633541803,1.3268193183764384e-05,0.0006873788461311,2.081308117863784,59.41108283946812,0.0061294913373131,0.0042475782174299,1.924947895929611e-07,0.0204055636581587,True,True,True,True,True,True,True,False,True
DH_6_MFA_BA,DH,MFA_BA,DH_6_MFA_BA__hybrid_optuna_047,1.978286795387428e-06,4.283993986626634e-08,5.176010898210696e-05,1.924546022658862,28.541931470124982,0.0081867485868933,0.0752256527475439,86.10555100209962,0.0130677774510312,True,True,True,True,True,True,True,False,True
DH_6_MFA_BA,DH,MFA_BA,DH_6_MFA_BA__hybrid_optuna_024,5.792655696706848e-07,1.9389890650467032e-08,8.608235913142558e-06,4.474987368015844,12.635669701956504,0.0026850607272889,0.0005416565728607,90.41230892239932,0.0112890753221668,True,True,True,True,True,True,True,False,True
DH_6_MFA_BA,DH,MFA_BA,DH_6_MFA_BA__hybrid_optuna_023,1.0358646853852397e-06,2.0080648561009618e-08,1.2069229751862694e-05,0.1725335164955046,16.816201442582443,0.002860746894856,0.0001996339995196,68.94219405381982,0.0259422057995812,True,True,True,True,True,True,True,False,True
DH_6_MFA_BA,DH,MFA_BA,DH_6_MFA_BA__hybrid_optuna_098,1.0650607345667805e-07,4.701097137692866e-07,0.0006058548656033,6.0815760293162,2.7282212809154776,0.0002122905562286,0.0837664316481312,125.79119345746273,2.3641198146938085,True,True,True,True,True,True,True,False,True
DH_6_MFA_BA,DH,MFA_BA,DH_6_MFA_BA__hybrid_optuna_099,1.395522632476869e-07,1.764242193961635e-06,0.0087134189324731,0.0529976311697396,5.669372316681087,0.0001913836536945,0.2704420930309072,77.5209235443912,0.0077310810738342,True,True,True,True,True,True,True,False,True
DH_6_MFA_BA,DH,MFA_BA,DH_6_MFA_BA__hybrid_optuna_086,5.765704433946513e-06,0.008968015841628,4.208839724754413e-06,1.2354738008625514,18.69553143134386,0.0041180465145016,0.0375708700045668,122.70017400821658,0.0189190478130636,True,True,True,True,True,True,True,False,True
DH_6_MFA_BA,DH,MFA_BA,DH_6_MFA_BA__hybrid_optuna_100,4.120562955061107e-07,6.139929979073099e-08,3.364531417163048e-08,5.251768959250482,11.30491102677688,0.0001137726544207,0.0566240813054509,99.67496870715507,3.1072901933856243,True,True,True,True,True,True,True,False,True
DH_6_MFA_BA,DH,MFA_BA,DH_6_MFA_BA__hybrid_optuna_089,9.977028216798096e-06,1.0431096316662372e-08,0.0001059444597189,0.9073848476124938,39.86759059199467,1.678991013711805e-05,0.0079571062049578,116.5480348462155,0.8984215588027038,True,True,True,True,True,True,True,False,True
DH_6_MFA_BA,DH,MFA_BA,DH_6_MFA_BA__hybrid_optuna_090,1.1169739585486185e-08,2.374818362254602e-07,6.408607350374767e-06,0.7158312945350551,100.6245530712162,1.4242776053690416e-05,0.0011185488206819,63.41851463010854,1.884009548902484,True,True,True,True,True,True,True,False,True
DH_6_MFA_BA,DH,MFA_BA,DH_6_MFA_BA__hybrid_optuna_092,0.0007626004102879,0.0017625461722816,4.6440897488278114e-08,5.27251274711959,6.734562738520599,0.0007909975848012,0.337590823376285,136.0639652599628,1.2253842411397082,True,True,True,True,True,True,True,False,True
DH_6_MFA_BA,DH,MFA_BA,DH_6_MFA_BA__hybrid_optuna_094,0.0019663823502204,2.6286470053853905e-06,0.0001549424200607,6.859820200533269,3.384247232474134,0.0009618317948691,0.0038718752427575,80.6525601887147,3.303174778452956,True,True,True,True,True,True,True,False,True
DH_6_MFA_BA,DH,MFA_BA,DH_6_MFA_BA__hybrid_optuna_030,2.537079887299816e-07,3.256421594869305e-08,0.0003255286632152,3.8162966536400296,41.26216402405658,0.0024465359526944,0.0181995623365341,110.5474231346736,0.007371573178191,True,True,True,True,True,True,True,False,True
DH_6_MFA_BA,DH,MFA_BA,DH_6_MFA_BA__hybrid_optuna_008,2.289079927741996e-06,1.077296368747361e-08,0.0001116547601245,2.164101712000372,13.36133834544603,0.002466942235704,0.0061043638938548,84.82749698380724,0.0107371364322051,True,True,True,True,True,True,True,False,True
DH_6_MFA_BA,DH,MFA_BA,DH_6_MFA_BA__hybrid_optuna_022,9.163483586667058e-07,2.407568956559753e-08,9.131797279529034e-06,0.1428882790406769,13.282184547091084,0.0027257051947592,0.0006384697158166,90.34881657925824,0.0121094679945367,True,True,True,True,True,True,True,False,True
DH_6_MFA_BA,DH,MFA_BA,DH_6_MFA_BA__hybrid_optuna_084,9.42768208766138e-05,2.1071430846410863e-08,0.0005012056373321,1.1785565183381022,20.23155660075626,0.0023928421833457,0.0231531461996434,115.08805068717156,4.052727495602082,True,True,True,True,True,True,True,False,True
DH_6_MFA_BA,DH,MFA_BA,DH_6_MFA_BA__hybrid_optuna_025,1.074756998703054e-06,3.781680843301909e-08,1.3156647851044137e-05,0.1107655684127943,14.233838343360722,0.0031278189909017,0.001237624863533,85.74213250899928,0.0156049891242661,True,True,True,True,True,True,True,False,True
DH_6_MFA_BA,DH,MFA_BA,DH_6_MFA_BA__hybrid_optuna_021,8.433189260475096e-07,5.2642604496103184e-08,5.710248278141404e-06,0.1173014026761967,13.447630834238796,0.0026774717685715,0.0540078476722879,76.12738601640673,0.0146163781820487,True,True,True,True,True,True,True,False,True
DH_6_MFA_BA,DH,MFA_BA,DH_6_MFA_BA__hybrid_optuna_035,6.560072216031957e-07,6.889852721424525e-08,1.8659466559691704e-06,2.326106188190182,23.75148355643044,0.0029744937300963,0.0027354436352651,112.93841239796532,1.4804426469770091,True,True,True,True,True,True,True,False,True
DH_6_MFA_BA,DH,MFA_BA,DH_6_MFA_BA__hybrid_optuna_014,2.329908792551666e-06,2.7411872948381978e-08,2.968577977126254e-05,4.340548043997286,9.713667323017296,0.0032065561151528,0.000378899108294,99.29234668449185,1.8722332001406168,True,True,True,True,True,True,True,False,True
DH_6_MFA_BA,DH,MFA_BA,DH_6_MFA_BA__hybrid_optuna_016,2.655663829823436e-06,3.3218664767802054e-08,0.0002059180451056,1.3591700057306846,8.366811009856024,0.0036813065640526,0.0160657120779523,119.31767202668688,7.12726528340929,True,True,True,True,True,True,True,False,False
DH_6_MFA_BA,DH,MFA_BA,DH_6_MFA_BA__hybrid_optuna_091,5.435593105168205e-05,2.8349087170174252e-08,4.608470471090597e-07,0.082856294103554,0.8744142374444446,0.0037682541285365,0.0292817719399838,113.24761378126183,5.809685481322932,True,True,True,True,False,True,True,False,False
DH_6_MFA_BA,DH,MFA_BA,DH_6_MFA_BA__hybrid_optuna_007,4.403521158578146e-06,1.1494878832740954e-08,1.2094881043793672e-05,2.2955994569468525,8.015177971729477,0.0024502369722108,0.0144394493379875,98.25070378350172,0.031278266435229,True,True,True,True,True,True,True,False,True
DH_6_MFA_BA,DH,MFA_BA,DH_6_MFA_BA__hybrid_optuna_009,1.2769628914239362e-06,1.3130673205648535e-08,3.693316653083436e-05,1.338213705122736,7.415361446875705,0.0023097580663289,0.0059035106484185,120.54905422618694,6.685323919151132,True,True,True,True,True,True,True,False,False
DH_6_MFA_BA,DH,MFA_BA,DH_6_MFA_BA__hybrid_optuna_083,4.947631927331088e-06,0.0001299772192137,2.468484299610989e-05,3.3843719603108355,7.240667521673972,0.0060790495696733,0.0141221877229094,101.2706526181497,0.0381007009144336,True,True,True,True,True,True,True,False,True
DH_6_MFA_BA,DH,MFA_BA,DH_6_MFA_BA__hybrid_optuna_002,2.6929125681854112e-06,5.4899236766368574e-08,1.960319138205067e-05,6.294579758938181,10.65047509041272,0.0023577866397527,0.0532358542831273,54.82387045214264,0.013939469317462,True,True,True,True,True,True,True,False,True
DH_6_MFA_BA,DH,MFA_BA,DH_6_MFA_BA__hybrid_post_002,2.6929125681854112e-06,5.4899236766368574e-08,1.960319138205067e-05,6.294579758938181,10.65047509041272,0.0023577866397527,0.0532358542831273,54.82387045214264,0.013939469317462,True,True,True,True,True,True,True,False,True
DH_6_MFA_BA,DH,MFA_BA,DH_6_MFA_BA__hybrid_optuna_038,1.4177615325117104e-06,8.215536781260564e-08,5.9761657334763247e-05,3.6786587567563993,5.334766094594657,0.006171140169482,0.0007501908401307,86.98699427141453,13.384852969278771,True,True,True,True,True,True,True,False,False
DH_6_MFA_BA,DH,MFA_BA,DH_6_MFA_BA__hybrid_optuna_020,9.145659135586704e-07,2.8556278858884484e-08,1.772713948254113e-05,3.6393153926693618,14.813352392890952,0.0021605958318761,0.0018741586269702,82.71036371308452,0.6939028199898701,True,True,True,True,True,True,True,False,True
DH_6_MFA_BA,DH,MFA_BA,DH_6_MFA_BA__hybrid_optuna_080,1.2632343122949266e-07,1.1567791137622565e-07,9.962270511602069e-08,0.2230368240581632,3.400170714612813,0.000314456431489,0.0009649789925741,105.73817150010714,0.0149458339604781,True,True,True,True,True,True,True,False,True
DH_6_MFA_BA,DH,MFA_BA,DH_6_MFA_BA__hybrid_optuna_087,3.6568457747562097e-07,1.0826625051223874e-08,1.7742854208486845e-08,5.943824557438229,2.208196636836063,0.0020526406157096,2.192526266200477,147.19696301374404,21.367932213512027,True,True,True,True,True,True,True,False,False
DH_6_MFA_BA,DH,MFA_BA,DH_6_MFA_BA__hybrid_optuna_005,1.7093122742314153e-06,4.098466092799476e-08,2.0270616852392063e-05,3.70129258813064,9.762509729041922,0.0021428245515687,0.0018688186136719,83.64419910140231,1.1157740189263812,True,True,True,True,True,True,True,False,True
DH_6_MFA_BA,DH,MFA_BA,DH_6_MFA_BA__hybrid_optuna_001,1.2501774040094123e-05,1.0236236657589776e-08,0.0003760214662327,1.2156758844233946,36.79723146090948,0.0022943846699185,0.0078470313017182,114.98918406100844,4.283858548146096,True,True,True,True,True,True,True,False,True
DH_6_MFA_BA,DH,MFA_BA,DH_6_MFA_BA__hybrid_post_001,1.2501550926109552e-05,1.0236238083975744e-08,0.0003760214662327,1.2157112723848382,36.79722367802623,0.0022943355893585,0.007846783669022,114.98918406100844,4.283858548146096,True,True,True,True,True,True,True,False,True
DH_6_MFA_BA,DH,MFA_BA,DH_6_MFA_BA__hybrid_optuna_015,6.733377039645956e-06,3.2044363413495484e-08,1.2652728417792769e-05,5.831162874397525,10.803253078394404,0.0021626584896228,0.0138202307281714,101.39819679225926,1.8934452664307124,True,True,True,True,True,True,True,False,True
DH_6_MFA_BA,DH,MFA_BA,DH_6_MFA_BA__hybrid_optuna_079,2.6152825306749292e-08,1.4331881202864405e-07,4.075173392676908e-07,0.2770794583939097,415.48165716122526,0.0003320258070519,11.156918462586772,93.6125290758548,0.0017237978509458,True,True,True,True,False,True,True,False,True
DH_6_MFA_BA,DH,MFA_BA,DH_6_MFA_BA__hybrid_optuna_095,1.7670169402947916e-06,0.0050615768887523,0.0013303245101522,1.192617378922354,1.4690139693517672,4.207053950287933e-05,2.3226650368137e-05,129.92642186624028,0.6677615511747083,True,True,True,True,True,True,False,False,True
DH_6_MFA_BA,DH,MFA_BA,DH_6_MFA_BA__hybrid_optuna_088,4.226149587458824e-05,3.6802057642103843e-08,1.75610783923504e-05,7.341146944574174,4.638430414376805,0.0018326953645846,0.1713942766737162,43.090067328576566,0.0470860351067214,True,True,True,True,True,True,True,False,True
DH_6_MFA_BA,DH,MFA_BA,DH_6_MFA_BA__hybrid_optuna_011,1.226688104126694e-05,2.5545299905226927e-08,7.143753113509668e-05,1.003073157010799,21.007502676902128,0.0022792957442615,0.0082845766737874,109.98159868802502,3.716644923630044,True,True,True,True,True,True,True,False,True
DH_6_MFA_BA,DH,MFA_BA,DH_6_MFA_BA__hybrid_optuna_004,1.5720219933155335e-06,8.48419036471188e-08,2.834729770862431e-05,3.763849589605919,7.462371474357536,0.0019843717332615,0.0018740476702182,83.23448785282683,1.0042777199576969,True,True,True,True,True,True,True,False,True
DH_6_MFA_BA,DH,MFA_BA,DH_6_MFA_BA__hybrid_optuna_081,1.1740029413313474e-05,2.5727437550779736e-08,0.000984003406217,1.810453434265453,15.634026153911783,0.0016614344011522,15.432327033985487,106.79759733460888,2.833183447851671,True,True,True,True,True,True,True,False,True
DH_6_MFA_BA,DH,MFA_BA,DH_6_MFA_BA__hybrid_optuna_093,2.4768413333459863e-05,1.6877901150910702e-06,0.0075296516813725,8.977718529974803,0.5546601735904892,0.00160748971611,4.41705076089299,30.476239204232783,0.006233831619945,True,True,True,True,False,True,True,False,True
DH_6_MFA_BA,DH,MFA_BA,DH_6_MFA_BA__hybrid_optuna_010,1.385842230105006e-06,8.012078424599875e-08,3.770404984824548e-05,2.4106761835818635,8.034966314569806,0.0016109453249017,0.0046195898079558,111.22325843577777,3.100513568520293,True,True,True,True,True,True,True,False,True
DH_6_MFA_BA,DH,MFA_BA,DH_6_MFA_BA__hybrid_optuna_054,2.722076868463433e-06,1.045209909990672e-08,4.45110654993284e-05,2.8993286319076845,23.44008214708377,0.0003721120144546,0.006246517113272,96.53306150252682,0.0633218039534894,True,True,True,True,True,True,True,False,True
DH_6_MFA_BA,DH,MFA_BA,DH_6_MFA_BA__hybrid_optuna_096,0.000177188473548,1.3289448722869162e-08,0.0615699732823519,4.115716865497774,2.167640897475782,5.337032762603954e-05,0.0001430992369351,45.63633644393066,0.2922905212920093,True,True,False,True,True,True,True,False,True
DH_6_MFA_BA,DH,MFA_BA,DH_6_MFA_BA__hybrid_optuna_019,8.420668379661726e-07,1.2419303191332973e-07,1.4651020652279388e-08,5.964768656940632,7.782715088663343,0.0014467053264901,0.1060577072766478,67.58118884137035,1.4260093575263728,True,True,True,True,True,True,True,False,True
DH_6_MFA_BA,DH,MFA_BA,DH_6_MFA_BA__hybrid_optuna_031,3.0838214103551355e-06,1.848370388501166e-07,7.790281648642466e-06,1.7632265502984288,12.253099448074977,0.0044200137150574,0.0010118607098687,83.07620307375825,2.6248088260750024,True,True,True,True,True,True,True,False,True
DH_6_MFA_BA,DH,MFA_BA,DH_6_MFA_BA__hybrid_optuna_017,1.027722317411689e-06,6.012296183952468e-08,0.0001700704586898,6.654231404070054,6.584634093966787,0.0014170581070487,0.0113961442635182,105.61829387193396,0.9310237850317524,True,True,True,True,True,True,True,False,True
DH_6_MFA_BA,DH,MFA_BA,DH_6_MFA_BA__hybrid_optuna_028,3.579595417390041e-07,1.5986598464593522e-08,2.264805764294657e-05,2.180410012088661,4.975825929548492,0.0013736077096241,0.0050714870319529,63.24601101767233,0.0090514285451109,True,True,True,True,True,True,True,False,True
DH_6_MFA_BA,DH,MFA_BA,DH_6_MFA_BA__hybrid_post_003,4.747696211638514e-06,3.823021572326288e-08,1.0437771028539545e-07,1.272959702885283,18.55636782860584,0.0014946575219434,0.0001100899243527,98.8489924450079,1.5314441001198986,True,True,True,True,True,True,True,False,True
DH_6_MFA_BA,DH,MFA_BA,DH_6_MFA_BA__hybrid_optuna_003,4.7267833945069085e-06,3.815258546885317e-08,9.320431893799258e-05,1.2729277296874473,18.56263935756417,0.0014932302284811,0.0001106050015546,98.8489924450079,1.5314441001198986,True,True,True,True,True,True,True,False,True
DH_6_MFA_BA,DH,MFA_BA,DH_6_MFA_BA__hybrid_optuna_012,1.488167643672791e-06,2.621535331658302e-07,4.852161489954044e-05,6.924532477559925,9.742242983798969,0.0017813902222704,0.0014781745229164,95.01013058836152,3.7263374090247874,True,True,True,True,True,True,True,False,True
DH_6_MFA_BA,DH,MFA_BA,DH_6_MFA_BA__hybrid_optuna_033,2.293723704068704e-07,1.0645311772595396e-07,3.190868366358289e-05,0.0530076709567963,8.421230048220815,0.0013209703359506,0.0260551043585646,89.58631562540711,0.0111903953159694,True,True,True,True,True,True,True,False,True
DH_6_MFA_BA,DH,MFA_BA,DH_6_MFA_BA__hybrid_optuna_052,3.1830816315368545e-07,6.018976800216555e-08,9.913310239752082e-05,7.98748597510947,1.4369523499657095,0.000463965274648,0.0096393634719034,104.07939744703118,0.7358049034531708,True,True,True,True,True,True,True,False,True
DH_6_MFA_BA,DH,MFA_BA,DH_6_MFA_BA__hybrid_optuna_097,0.0095324918263824,8.475782311054455e-08,0.0001377450193895,2.501338568884964,7.628445233492623,0.0014162116407135,0.0038137267721519,109.28394624595374,1.0299684976594647,False,True,True,True,True,True,True,False,True
DH_6_MFA_BA,DH,MFA_BA,DH_6_MFA_BA__hybrid_optuna_050,2.3620370742178607e-06,2.89180385203958e-07,8.80264596807619e-05,0.3407236292592765,23.60870666817025,0.017619554063357,0.003464416358498,79.88984689687028,0.0374806683410052,True,True,True,True,True,True,True,False,True
DH_6_MFA_BA,DH,MFA_BA,DH_6_MFA_BA__hybrid_optuna_006,2.202717523108794e-06,1.4162765698606713e-07,2.7944856502622924e-05,6.09596724598953,9.46880150608325,0.0014607148224887,0.0084694731351967,91.77177167068112,1.88020549954221,True,True,True,True,True,True,True,False,True
DH_6_MFA_BA,DH,MFA_BA,DH_6_MFA_BA__hybrid_optuna_063,1.463482334505331e-06,1.8500613188044865e-08,5.703579391067205e-07,1.6508673847831852,2.2400588294151023,0.0005800968009387,0.6228502233270714,47.49488007588054,0.0033984340253023,True,True,True,True,True,True,True,False,True
DH_6_MFA_BA,DH,MFA_BA,DH_6_MFA_BA__hybrid_optuna_078,2.710906919190084e-06,9.506363033932648e-07,0.090648246825574,9.791178610847613,5.255585912441881,0.0005862939953296,0.450730215937334,57.74518546835796,0.0016849873718185,True,True,False,True,True,True,True,False,True
DH_6_MFA_BA,DH,MFA_BA,DH_6_MFA_BA__hybrid_optuna_056,7.843150571555708e-06,1.928773338000657e-06,0.0101927118359565,9.909870547780775,5.841129916756963,0.0009641958295232,0.2618463626432974,34.21811367165956,0.004096050063615,True,True,True,True,True,True,True,False,True
DH_6_MFA_BA,DH,MFA_BA,DH_6_MFA_BA__hybrid_optuna_049,9.116318547680162e-06,4.875207456478381e-07,0.0137774461236376,7.009597949752161,9.604201014766089,0.0008154255958327,0.0565948333299651,26.01148043733476,0.0056164193354349,True,True,True,True,True,True,True,False,True
DH_6_MFA_BA,DH,MFA_BA,DH_6_MFA_BA__hybrid_optuna_055,6.091097820609007e-06,1.0246449227691305e-06,0.0319878363535353,9.966276966135393,6.458510381188744,0.000742453230913,0.2083001351428317,36.45821074439805,0.0029552786285472,True,True,True,True,True,True,True,False,True
DH_6_MFA_BA,DH,MFA_BA,DH_6_MFA_BA__hybrid_optuna_026,1.563240012633524e-06,1.3881599144453888e-08,0.0001741094920256,2.0043983881200047,4.518749372712006,0.0011374283846211,0.1104254278335919,83.19145655929952,0.0242252625797067,True,True,True,True,True,True,True,False,True
DH_6_MFA_BA,DH,MFA_BA,DH_6_MFA_BA__hybrid_optuna_074,2.037984159339436e-06,1.344434735986324e-08,0.0004065853417787,1.9336615624396107,13.230342638540453,0.056957973636197,0.0608951097580898,128.50271716929373,0.1537767413934237,True,True,True,True,True,True,True,False,True
DH_6_MFA_BA,DH,MFA_BA,DH_6_MFA_BA__hybrid_optuna_072,2.9540925060594807e-06,1.4242695954995098e-08,3.2722801004334414e-06,3.093224618826892,9.242134706316278,0.0135608908642384,0.0333795822132809,96.54137526793652,0.0265881221805469,True,True,True,True,True,True,True,False,True
DH_6_MFA_BA,DH,MFA_BA,DH_6_MFA_BA__hybrid_optuna_046,2.9002609572339634e-05,4.5677351793539464e-08,6.317608741680771e-05,1.4937498975341157,27.66418593839188,0.0015869982407837,7.976948966961876e-05,99.78996185252232,1.4979130938457517,True,True,True,True,True,True,False,False,True
DH_6_MFA_BA,DH,MFA_BA,DH_6_MFA_BA__hybrid_optuna_071,1.558383550481583e-06,4.317750391489771e-08,5.933946148446919e-05,6.904049033376766,4.081408104281258,0.0018393082724963,0.0017835625316803,97.38179561777864,3.55501651338082,True,True,True,True,True,True,True,False,True
DH_6_MFA_BA,DH,MFA_BA,DH_6_MFA_BA__hybrid_optuna_073,3.4628673172731963e-06,2.1989292524565082e-08,5.102318449271656e-06,2.8192868780508973,10.489630391380224,0.0051067111318728,0.0001239317792903,12.065054465156392,4.635796876256733,True,True,True,True,True,True,True,False,True
DH_6_MFA_BA,DH,MFA_BA,DH_6_MFA_BA__hybrid_optuna_032,5.618369956443614e-06,1.0560026588731161e-08,1.907156101928469e-07,0.0778591075876087,11.564854624588396,0.0009226610507887,0.0004455890855611,54.80240429315974,0.0051180898860904,True,True,True,True,True,True,True,False,True
DH_6_MFA_BA,DH,MFA_BA,DH_6_MFA_BA__hybrid_optuna_075,7.119813054268044e-07,1.1291792597362017e-07,3.891585379205891e-05,1.6185749109019392,5.914052189091128,0.0025443800457466,0.0039821932138107,133.5105991957521,0.5749030425023647,True,True,True,True,True,True,True,False,True
DH_6_MFA_BA,DH,MFA_BA,DH_6_MFA_BA__hybrid_optuna_076,6.939733956143713e-07,1.361641686219327e-07,1.9973408750541483e-06,4.388198240792712,30.68167336674604,0.0093955803436964,0.0229870305627383,50.60401339566014,0.1097527040303726,True,True,True,True,True,True,True,False,True
DH_6_MFA_BA,DH,MFA_BA,DH_6_MFA_BA__hybrid_optuna_048,1.686836176743682e-05,1.4440283684671273e-08,4.029339798710295e-05,8.091245902751972,15.453696562966588,0.0010810265343467,0.0029159612180617,93.78131327135824,9.306029092667211,True,True,True,True,True,True,True,False,False
DH_6_MFA_BA,DH,MFA_BA,DH_6_MFA_BA__hybrid_optuna_057,1.936569641777692e-05,3.9163297193731697e-07,1.570674851194937e-07,5.83035576394385,10.755839497312472,0.0005471427817505,0.0883479508998586,20.04171831976773,6.640858614059036,True,True,True,True,True,True,True,False,False
DH_6_MFA_BA,DH,MFA_BA,DH_6_MFA_BA__hybrid_optuna_053,7.881136933351903e-06,1.7882466590077077e-07,0.0002156467733137,4.791301678687839,5.225433725385393,0.001321215384747,0.0413398552974422,120.01146579883364,5.2581557268871055,True,True,True,True,True,True,True,False,False
DH_6_MFA_BA,DH,MFA_BA,DH_6_MFA_BA__hybrid_optuna_077,2.022230721881465e-06,1.1627838428662749e-07,2.3304276396378823e-05,3.168275040114647,235.3008559072763,0.0026721794869125,0.0002934501942095,73.48393483474001,0.5057886843299104,True,True,True,True,True,True,True,False,True
DH_6_MFA_BA,DH,MFA_BA,DH_6_MFA_BA__hybrid_optuna_029,1.3211796109203249e-05,9.236127455031877e-08,3.5052449689978056e-06,0.5175907452290724,73.2888160281502,0.0036203095089022,0.0052477059371166,68.1445138084367,0.0223663502418748,True,True,True,True,True,True,True,False,True
DH_6_MFA_BA,DH,MFA_BA,DH_6_MFA_BA__hybrid_optuna_044,2.664921947775326e-05,1.4781699176822712e-08,0.0002881607129546,1.3562634913993552,48.50202862327902,0.0006719621410343,3.4392717056666647e-05,109.78664505792835,10.800331530212722,True,True,True,True,True,True,False,False,False
DH_6_MFA_BA,DH,MFA_BA,DH_6_MFA_BA__hybrid_optuna_036,4.839225129802986e-06,5.100305951401513e-08,8.279794254761307e-05,0.8147897020301633,61.62962022880587,0.0009344918420348,0.0180528192238885,78.74053832043816,26.754823719844897,True,True,True,True,True,True,True,False,False
DH_6_MFA_BA,DH,MFA_BA,DH_6_MFA_BA__hybrid_optuna_013,1.3017573743605523e-05,3.761506606619511e-08,0.0016554541571876,0.9944102042375684,36.25301557122913,0.0011817269152936,0.0051587248766455,89.1592357314659,6.671580352260682,True,True,True,True,True,True,True,False,False
DH_6_MFA_BA,DH,MFA_BA,DH_6_MFA_BA__hybrid_optuna_041,3.78206518925559e-06,2.665878792463064e-07,1.935874523497348e-05,8.697883515990785,10.117425498496392,0.0007050025258088,0.0062786528814115,105.05354213293298,8.310220024774386,True,True,True,True,True,True,True,False,False
DH_6_MFA_BA,DH,MFA_BA,DH_6_MFA_BA__hybrid_optuna_045,4.580254306853813e-06,7.005805611533444e-07,0.0034285755318769,1.0926026090137906,6.7255225746346055,0.0067774237336413,0.0025459746462434,125.3854556921487,0.1384240130187387,True,True,True,True,True,True,True,False,True
DH_6_MFA_BA,DH,MFA_BA,DH_6_MFA_BA__hybrid_optuna_027,2.275069491879757e-06,9.070443009434912e-07,2.9694290556080044e-05,4.215942053820138,8.342927087243126,0.0033961001191361,0.0004029696193221,86.92250086493239,2.398754900447046,True,True,True,True,True,True,True,False,True
DH_6_MFA_BA,DH,MFA_BA,DH_6_MFA_BA__hybrid_optuna_037,1.0035851487758687e-05,2.180950298713892e-07,0.0009485064709001,2.5019250392936714,17.033868318916525,0.0011358096381824,0.0109632052097958,60.39171635655753,0.3748890782241699,True,True,True,True,True,True,True,False,True
DH_6_MFA_BA,DH,MFA_BA,DH_6_MFA_BA__hybrid_optuna_018,7.841669978317802e-06,3.48147522347292e-07,1.1091258254322852e-05,2.236670854507893,19.741921062982385,0.0019952895869339,0.0178632876467304,92.35814641463622,1.8294299167768704,True,True,True,True,True,True,True,False,True
DH_6_MFA_BA,DH,MFA_BA,DH_6_MFA_BA__hybrid_optuna_039,5.367082274762402e-07,5.890752019306703e-06,4.4655749016993216e-05,0.7283088328277747,88.19557284110091,0.0019220856338541,0.0427472066726404,50.57678117773466,1.2712867073499534,True,True,True,True,True,True,True,False,True
DH_6_MFA_BA,DH,MFA_BA,DH_6_MFA_BA__hybrid_optuna_060,3.627537031644974e-06,0.0002007393696559,1.0794509746854398e-06,0.448757571854771,19.868775690996795,0.0016083323188974,0.9194088090648392,77.96221049712723,0.2209568572187285,True,True,True,True,True,True,True,False,True
DH_6_MFA_BA,DH,MFA_BA,DH_6_MFA_BA__hybrid_optuna_058,1.6992371426443976e-05,5.624167120684093e-06,1.0451326514977511e-08,0.1596277860995163,13.278561153530568,0.0256432716981054,0.0002273174096084,71.89235664653123,0.0681221202504602,True,True,True,True,True,True,True,False,True
DH_6_MFA_BA,DH,MFA_BA,DH_6_MFA_BA__hybrid_optuna_062,4.167853672960453e-06,2.192315039896314e-05,1.5371986518548613e-05,0.6153809585825926,28.00970696503524,0.0055092982120514,0.0077558037863927,138.73230980368652,16.03902965656634,True,True,True,True,True,True,True,False,False
1_VH_1_CONTROL,VH,CONTROL,1_VH_1_CONTROL__hybrid_optuna_004,1.9320979798396146e-07,6.884733072151251e-05,0.0446888001496297,1.918939695528853,445.5431360607459,1.3196689083822055e-05,0.0005187487774732,114.88134481388728,6.753923018052537,True,True,True,True,False,True,True,False,False
1_VH_1_CONTROL,VH,CONTROL,1_VH_1_CONTROL__hybrid_optuna_075,5.49211866925995e-07,5.745832666514891e-05,0.0309612832337943,0.3401260500078757,143.22040626921884,0.0016996045418186,0.0008315228218404,134.2308072747584,42.18642553497333,True,True,True,True,True,True,True,False,False
1_VH_1_CONTROL,VH,CONTROL,1_VH_1_CONTROL__hybrid_optuna_002,5.898332582682037e-07,6.132367372018215e-05,0.03422334795647,0.4968427812563468,255.23517712974785,1.3069457276568109e-05,0.0011505535491928,136.28429181006652,4.965085659566062,True,True,True,True,True,True,True,False,True
1_VH_1_CONTROL,VH,CONTROL,1_VH_1_CONTROL__hybrid_post_002,5.898332582682037e-07,6.132367372018215e-05,0.03422334795647,0.4968427812563468,255.23517712974785,1.3069457276568109e-05,0.0011505535491928,136.28429181006652,4.965085659566062,True,True,True,True,True,True,True,False,True
1_VH_2_CONTROL,VH,CONTROL,1_VH_2_CONTROL__hybrid_post_001,2.4288890127753664e-06,5.419739367621026e-06,0.0013623131718258,1.317998361049651,465.1394418274968,1.3245743514969296e-05,2.775233105318448e-05,110.7328191531985,0.0040695565927221,True,True,True,True,False,True,False,False,True
1_VH_2_CONTROL,VH,CONTROL,1_VH_2_CONTROL__hybrid_optuna_001,2.428889058492891e-06,5.419739585354233e-06,0.0013623132320298,1.3179978430534545,465.1394396985535,1.3245741639513492e-05,2.775233117002261e-05,110.73281908446084,0.0040695538573754,True,True,True,True,False,True,False,False,True
1_VH_2_CONTROL,VH,CONTROL,1_VH_2_CONTROL__hybrid_optuna_002,6.830499304746684e-06,1.8270132738959688e-06,0.0005124194965899,0.92035745774166,481.5499798151605,1.0637547274784493e-05,1.8847636063489616e-05,128.67852629991344,0.0106020858786475,True,True,True,True,False,True,False,False,True
1_VH_2_CONTROL,VH,CONTROL,1_VH_2_CONTROL__hybrid_post_002,6.84569879597993e-06,1.83096112047192e-06,0.0005080691346224,0.9233565469150656,481.5482792088741,1.0660840956468856e-05,1.8865663730063267e-05,128.67935018668268,0.0106524252765808,True,True,True,True,False,True,False,False,True
1_VH_2_CONTROL,VH,CONTROL,1_VH_2_CONTROL__hybrid_optuna_005,2.797540655497956e-06,6.07768447129807e-06,0.0010062448018463,1.414787557639246,360.9981602971752,1.4723380418913352e-05,2.502318266171752e-05,106.13382381172735,0.004118025787487,True,True,True,True,False,True,False,False,True
1_VH_2_CONTROL,VH,CONTROL,1_VH_2_CONTROL__hybrid_optuna_008,1.3111175148436072e-05,4.084185779440405e-06,0.0002139420434958,0.5631771087965701,227.8979467079065,1.7257717208912324e-05,4.237794035449504e-05,148.3173990946171,0.0071273453237887,True,True,True,True,True,True,False,False,True
1_VH_2_CONTROL,VH,CONTROL,1_VH_2_CONTROL__hybrid_optuna_004,1.1810407594702792e-05,4.436652330404384e-06,0.0002159583719827,0.5270282082116472,201.19311743565845,1.831286482835213e-05,3.2249352675049425e-05,143.59364813177197,0.0085253974423249,True,True,True,True,True,True,False,False,True
1_VH_2_CONTROL,VH,CONTROL,1_VH_2_CONTROL__hybrid_optuna_010,1.1794860048363318e-05,4.281466136890871e-06,0.000256729451815,0.5895141280761582,205.27791758915805,1.498168457632346e-05,3.729362013931279e-05,142.12974423558333,0.0083661791393556,True,True,True,True,True,True,False,False,True
1_VH_2_CONTROL,VH,CONTROL,1_VH_2_CONTROL__hybrid_optuna_006,1.3689713713173663e-05,3.726901130419947e-06,0.0002067624443431,0.5391862392278193,201.6597919235872,1.7736392542916467e-05,4.13653170633498e-05,146.73427991456742,0.0070032918209916,True,True,True,True,True,True,False,False,True
1_VH_2_CONTROL,VH,CONTROL,1_VH_2_CONTROL__hybrid_optuna_007,1.3873573560549775e-05,3.43311311252148e-06,0.0001990242876767,0.5519572805699594,200.76744197536607,1.683497015777308e-05,3.288745775619706e-05,147.7241650532064,0.0073962906322482,True,True,True,True,True,True,False,False,True
1_VH_2_CONTROL,VH,CONTROL,1_VH_2_CONTROL__hybrid_optuna_013,3.0435188620398234e-06,5.9591608466015e-06,0.0009944177656276,1.6049102599927922,445.5431360607459,1.2950342495728042e-05,3.019671665065236e-05,111.14966129923548,0.0043263403980774,True,True,True,True,False,True,False,False,True
1_VH_2_CONTROL,VH,CONTROL,1_VH_2_CONTROL__hybrid_optuna_003,6.556216181960705e-06,3.4982169305202163e-06,0.0005202542322923,0.907072731249064,215.21934907833912,1.8916642627191075e-05,1.810657808269124e-05,126.93976389297067,0.0055146407564129,True,True,True,True,True,True,False,False,True
1_VH_2_CONTROL,VH,CONTROL,1_VH_2_CONTROL__hybrid_post_003,6.069671871639545e-06,3.484855662597496e-06,0.000483587363935,0.9186004515442722,214.9662594754145,1.5415506239561485e-05,1.942077026302737e-05,127.1397429710575,0.0056076892800065,True,True,True,True,True,True,False,False,True
VH_1_MFA,VH,MFA,VH_1_MFA__hybrid_optuna_286,6.943058517117419e-06,1.3815802088953085e-08,3.680689176139829e-05,1.455718336558958,24.760680326072244,2.2996861779051523e-05,0.0009517039584512,82.3403261936782,6.305982520475504,True,True,True,True,True,True,True,False,False
VH_1_MFA,VH,MFA,VH_1_MFA__hybrid_optuna_282,2.277609708677161e-06,5.2756762324982975e-08,4.2597077450831365e-05,1.813500586562898,1.5340169941690651,6.268662217432259e-05,0.0003223813386672,104.93054534433928,16.069120417624195,True,True,True,True,True,True,True,False,False
VH_2_MFA,VH,MFA,VH_2_MFA__hybrid_optuna_247,1.4942058091019048e-08,7.131342184668549e-05,7.289842046909734e-06,0.8478705307374524,24.05784338111556,7.975270775105041e-05,0.0004535793456268,28.14991985306285,8.984591085301403,True,True,True,True,True,True,True,False,False
VH_2_MFA,VH,MFA,VH_2_MFA__hybrid_optuna_224,5.543389284811165e-08,0.0003380627386805,0.0343935701718021,7.069309720441503,9.116568587785832,1.3841727181348475e-05,2.93065865040608e-05,91.89985713957373,0.0551807040488677,True,True,True,True,True,True,False,False,True
VH_2_MFA,VH,MFA,VH_2_MFA__hybrid_optuna_260,2.187165253890565e-05,0.0003084240770829,0.0223765936262635,4.942580610840768,434.1213855442765,0.0029689578648499,0.0002722874887223,124.78007060265904,2.487512299313697,True,True,True,True,False,True,True,False,True
VH_3_MFA,VH,MFA,VH_3_MFA__hybrid_optuna_210,8.771333188344918e-07,3.453947550058565e-08,0.0267220193600037,1.5082606471195097,242.72121833545896,5.681308424667899e-05,0.0017234144402656,139.43670950649346,0.7877474603635856,True,True,True,True,True,True,True,False,True
VH_3_MFA,VH,MFA,VH_3_MFA__hybrid_optuna_215,1.2909968963860518e-06,2.534560222202759e-07,0.0001677339900706,0.3392357318580569,269.5531676616278,3.878486071388191e-05,0.0563023026132733,126.92487956489236,9.2500591426147,True,True,True,True,True,True,True,False,False
VH_3_MFA,VH,MFA,VH_3_MFA__hybrid_optuna_204,4.4948907012532046e-08,4.145362090724767e-08,2.3765384704631485e-07,8.595521810660458,20.30683643272204,7.573764265939246e-05,0.0131386213384567,20.71509569652825,0.0461206529332545,True,True,True,True,True,True,True,False,True
VH_4_MFA,VH,MFA,VH_4_MFA__hybrid_optuna_279,1.4261529238814874e-08,0.0005758722038207,1.0127249532302528e-07,6.478971352080313,6.322510174790445,0.000630997233972,0.005916149404655,107.11465609264042,0.055928787866628,True,True,True,True,True,True,True,False,True
VH_4_MFA,VH,MFA,VH_4_MFA__hybrid_optuna_282,3.365360060894747e-05,0.0003294001686411,2.502242396193753e-07,4.737985869351024,0.7375404524163646,0.0362079661770896,0.0001236064952942,120.90901824723947,18.30678236723283,True,True,True,True,False,True,True,False,False
VH_4_MFA,VH,MFA,VH_4_MFA__hybrid_optuna_284,2.8792564879030826e-07,3.553532116839376e-08,3.693453988258007e-06,2.042863411890143,3.2945154639627936,1.338093994016873e-05,0.0017206730970039,149.3869754651761,1.160483838804576,True,True,True,True,True,True,True,False,True
VH_5_MFA,VH,MFA,VH_5_MFA__hybrid_optuna_289,5.505606930051653e-06,3.70842597614226e-06,2.12560778043402e-05,0.0658261329789922,18.29468717726867,0.0001003435879492,1.2937207830055708e-05,60.85118044666885,5.10500281108544,True,True,True,True,True,True,False,False,False
VH_5_MFA,VH,MFA,VH_5_MFA__hybrid_optuna_276,3.732282323067354e-07,0.0098203015953507,2.168205991257879e-07,1.7341279931846385,5.312299392428495,0.0012845031892567,0.0063201682559286,48.02458093225764,46.636088444009495,True,True,True,True,True,True,True,False,False
VH_5_MFA,VH,MFA,VH_5_MFA__hybrid_optuna_292,3.6784868397280964e-08,3.8112971910157554e-08,1.5766161939702236e-07,2.479831300084009,14.324476397414577,0.000141495063847,0.0001813966747729,52.4379029898976,0.44678308752294,True,True,True,True,True,True,True,False,True
VH_6_MFA,VH,MFA,VH_6_MFA__hybrid_optuna_943,1.0676790422275236e-08,4.4693443890700346e-07,1.4716401311693234e-06,0.0506586330960483,1.99047563156266,9.80125706535268e-05,0.0002766918361339,98.0529411441741,16.985663476510496,True,True,True,True,True,True,True,False,False
VH_6_MFA,VH,MFA,VH_6_MFA__hybrid_optuna_950,2.448275807313345e-05,2.84001692042918e-07,8.776103337623329e-07,0.0741715517541639,38.51580278277922,6.130814026148944e-05,3.5533851210839865e-05,83.24938785112137,2.7473790492412955,True,True,True,True,True,True,False,False,True
VH_6_MFA,VH,MFA,VH_6_MFA__hybrid_optuna_970,4.240631398359977e-08,4.607349650042769e-08,5.952635923832895e-06,0.3374437721285548,11.67729944754403,0.0001082664414172,0.0010831916543845,89.256323817299,0.2573822085045912,True,True,True,True,True,True,True,False,True
VH_7_OG_MFA,VH,MFA,VH_7_OG_MFA__hybrid_optuna_287,1.0105592506644526e-08,0.0018637511911906,6.2489856273289125e-06,1.1731916289284865,0.5033648802510859,4.116711267505246e-05,0.0245710286485776,145.4903362967516,0.0164474532599856,True,True,True,True,False,True,True,False,True
VH_7_OG_MFA,VH,MFA,VH_7_OG_MFA__hybrid_optuna_279,1.713871717417481e-08,0.0019757755351689,3.086308333923622e-07,3.577641985001013,0.6259932211542748,0.0306554027536556,0.2080782853692673,147.85965384773326,0.0015743932345972,True,True,True,True,False,True,True,False,True
VH_7_OG_MFA,VH,MFA,VH_7_OG_MFA__hybrid_optuna_284,1.0093889618327304e-08,0.0016604709783445,2.143771355095408e-06,1.3736453910254,0.611259259295086,0.0002947505821617,8.570813326763018e-05,2.792197101479843,0.0013169595230246,True,True,True,True,False,True,False,True,True
VH_1_MFA_BA,VH,MFA_BA,VH_1_MFA_BA__hybrid_optuna_089,0.0032986314524224,0.0023449227003439,0.0004453743366613,0.6065988974813709,121.76538798554547,0.0067690168401468,8.603984084005072,25.45821803202752,0.0224256069619371,True,True,True,True,True,True,True,False,True
VH_1_MFA_BA,VH,MFA_BA,VH_1_MFA_BA__hybrid_pre_07,0.0010372803440127,2.2174885564303987e-05,8.794145686213767e-05,1.5799874999695134,32.89666784601452,0.0066382429656991,0.0065807275701597,12.223863578540897,0.0610608975447179,True,True,True,True,True,True,True,False,True
VH_1_MFA_BA,VH,MFA_BA,VH_1_MFA_BA__hybrid_optuna_085,0.0010372803440127,2.2174885564303987e-05,8.794145686213767e-05,1.5799874999695134,32.89666784601452,0.0066382429656991,0.0065807275701597,12.223863578540897,0.0610608975447179,True,True,True,True,True,True,True,False,True
VH_1_MFA_BA,VH,MFA_BA,VH_1_MFA_BA__hybrid_optuna_092,1.1741633364539965e-07,0.0039552323360892,1.1293569666046962e-08,0.1876572632038594,0.5559979832948205,1.42856761240024e-05,11.156918462586772,146.4209849786993,4.811185305147927,True,True,True,True,False,True,True,False,True
VH_1_MFA_BA,VH,MFA_BA,VH_1_MFA_BA__hybrid_optuna_058,0.0003657597142878,0.0072440225274451,4.886468199627151e-08,1.0807791104658289,202.38221042856904,0.0639589733051678,0.1025290834170146,53.39718976777493,0.0609147971002193,True,True,True,True,True,True,True,False,True
VH_1_MFA_BA,VH,MFA_BA,VH_1_MFA_BA__hybrid_optuna_077,0.00198281790506,0.0002270270750352,8.99783099713911e-08,0.5580710710565325,227.26684528163224,0.0333042242227001,0.2239056637808285,19.58345363197644,0.0012827742585324,True,True,True,True,True,True,True,False,True
VH_1_MFA_BA,VH,MFA_BA,VH_1_MFA_BA__hybrid_pre_06,0.0002273248216587,6.0134752955385566e-05,0.0005418197065945,2.786019625980197,21.62389411493181,0.0188528005571419,0.0112539379254947,1.0000004185178176e-10,0.1004417557785641,True,True,True,True,True,True,True,False,True
VH_1_MFA_BA,VH,MFA_BA,VH_1_MFA_BA__hybrid_optuna_078,0.0002273248216587,6.0134752955385566e-05,0.0005418197065945,2.786019625980197,21.62389411493181,0.0188528005571419,0.0112539379254947,1.0000004185178176e-10,0.1004417557785641,True,True,True,True,True,True,True,False,True
VH_1_MFA_BA,VH,MFA_BA,VH_1_MFA_BA__hybrid_optuna_087,0.0009482792208249,2.1808128597421508e-05,0.0153433047096068,0.5364045644738699,288.07698301244506,0.0014114265828957,0.0242996571158946,18.9269787137611,0.0037051534983612,True,True,True,True,True,True,True,False,True
VH_1_MFA_BA,VH,MFA_BA,VH_1_MFA_BA__hybrid_optuna_020,0.0004293387592128,0.000457709137537,3.7355052744327935e-08,0.3284620715161849,133.99675032891233,0.0181429662048447,0.0506527628092575,28.61796171304072,0.1627128364264825,True,True,True,True,True,True,True,False,True
VH_1_MFA_BA,VH,MFA_BA,VH_1_MFA_BA__hybrid_pre_05,0.0002615321486465,3.07211410020035e-05,0.0003015380807013,1.5649804362525348,45.18052264394723,0.0044414211958931,0.0076726646989322,7.601483719206893e-11,0.1265522383680169,True,True,True,True,True,True,True,False,True
VH_1_MFA_BA,VH,MFA_BA,VH_1_MFA_BA__hybrid_optuna_079,0.0002615321486465,3.07211410020035e-05,0.0003015380807013,1.5649804362525348,45.18052264394723,0.0044414211958931,0.0076726646989322,7.601483719206893e-11,0.1265522383680169,True,True,True,True,True,True,True,False,True
VH_1_MFA_BA,VH,MFA_BA,VH_1_MFA_BA__hybrid_pre_08,0.0001095632992921,1.326821901271224e-05,0.0006873784746575,2.081307636068585,59.41111175283198,0.0061294877576212,0.0042475816169934,3.88190913061379e-07,0.0204055352667006,True,True,True,True,True,True,True,False,True
VH_1_MFA_BA,VH,MFA_BA,VH_1_MFA_BA__hybrid_optuna_074,0.0001095632992921,1.326821901271224e-05,0.0006873784746575,2.081307636068585,59.41111175283198,0.0061294877576212,0.0042475816169934,3.88190913061379e-07,0.0204055352667006,True,True,True,True,True,True,True,False,True
VH_1_MFA_BA,VH,MFA_BA,VH_1_MFA_BA__hybrid_optuna_070,2.87864555525892e-06,1.06257018845132e-07,3.709476750868728e-07,1.5293671615555429,19.12037258242029,0.0615807538469742,2.5552439437347387,125.8363958162852,0.0048866700368928,True,True,True,True,True,True,True,False,True
VH_1_MFA_BA,VH,MFA_BA,VH_1_MFA_BA__hybrid_optuna_072,0.0008606895731369,0.0001161217659359,3.3256037230303995e-08,0.4359512080486157,129.7526168083914,0.0211092265700503,1.906924474766902,39.81085219741954,0.0306132722585251,True,True,True,True,True,True,True,False,True
VH_1_MFA_BA,VH,MFA_BA,VH_1_MFA_BA__hybrid_optuna_082,1.3385038644823332e-05,1.8223713594716264e-05,6.528240008925165e-05,1.3430888263896898,234.25622065429465,0.001425862626449,3.8253485602188566,10.564270562487884,0.0026525954837672,True,True,True,True,True,True,True,False,True
VH_1_MFA_BA,VH,MFA_BA,VH_1_MFA_BA__hybrid_optuna_067,1.0313802720617004e-06,0.0035427880037919,0.0021103621871907,2.292759182675612,499.7909627087505,0.029202726727356,0.1453502350152533,37.24309036481526,39.907425006647735,True,True,True,True,False,True,True,False,False
VH_1_MFA_BA,VH,MFA_BA,VH_1_MFA_BA__hybrid_optuna_073,7.77134223559681e-05,0.0046201161906753,5.549831754166247e-08,1.1647674516375084,57.993600062520585,0.0282251354943993,3.1937927130305503,14.86706486108125,0.0377463623504653,True,True,True,True,True,True,True,False,True
VH_1_MFA_BA,VH,MFA_BA,VH_1_MFA_BA__hybrid_optuna_018,5.158078862197097e-05,0.0006126447631654,2.063360599940354e-08,0.4774926856498206,97.36996206439557,0.0129000440511668,0.1837708731811219,60.251969382285374,0.3849945610337815,True,True,True,True,True,True,True,False,True
VH_1_MFA_BA,VH,MFA_BA,VH_1_MFA_BA__hybrid_optuna_006,0.0006804119568967,0.0001220222295786,1.8347407163792e-08,0.956012345829512,131.17040215890088,0.0256934376073516,0.3114204062469661,29.548178786694155,0.0316954006164588,True,True,True,True,True,True,True,False,True
VH_1_MFA_BA,VH,MFA_BA,VH_1_MFA_BA__hybrid_post_001,0.000277040942423,0.0002302212395454,1.828202018675884e-08,0.3092708351265387,253.11578926147808,0.0063307388202648,12.56575423447544,21.63583155224769,0.0213801061197591,True,True,True,True,True,True,True,False,True
VH_1_MFA_BA,VH,MFA_BA,VH_1_MFA_BA__hybrid_optuna_001,0.0002770407050939,0.0002302224775262,1.828199987696198e-08,0.3092700133634407,253.11602474107497,0.0063307213419908,12.56575362718079,21.635830725630303,0.0213800409537966,True,True,True,True,True,True,True,False,True
VH_1_MFA_BA,VH,MFA_BA,VH_1_MFA_BA__hybrid_optuna_005,0.0009857081218811,0.0003245209919319,8.0068189806501e-08,1.0770916822654402,179.80686549691666,0.0177754738088203,0.262009815555993,24.6026497180796,0.0601166696465373,True,True,True,True,True,True,True,False,True
VH_1_MFA_BA,VH,MFA_BA,VH_1_MFA_BA__hybrid_optuna_011,5.963679994682227e-05,0.0003872595015059,1.7534626276831997e-08,0.8795433264880217,110.46217491853557,0.0135182215773482,0.2527822629936906,33.82496137418504,0.1023276532641107,True,True,True,True,True,True,True,False,True
VH_1_MFA_BA,VH,MFA_BA,VH_1_MFA_BA__hybrid_optuna_009,0.0006757939574898,0.0001204732539173,2.8390147958195412e-08,0.9224642503679976,98.61719974020016,0.0167193395972465,1.5084814243821192,31.54889066646136,0.0253597888691403,True,True,True,True,True,True,True,False,True
VH_1_MFA_BA,VH,MFA_BA,VH_1_MFA_BA__hybrid_optuna_007,5.0944965871619805e-05,0.0011640795448952,1.676917350262472e-07,0.5961802970262988,256.21011337844203,0.0085651490192503,0.3717358812939401,21.86869297858197,0.0530367576701538,True,True,True,True,True,True,True,False,True
VH_1_MFA_BA,VH,MFA_BA,VH_1_MFA_BA__hybrid_optuna_010,0.0007869743140407,0.0002818881172565,8.698721600608315e-08,1.8043832053778384,209.27433081300148,0.0245630621568912,0.3374719894499253,26.0079882837884,0.0264091036138615,True,True,True,True,True,True,True,False,True
VH_1_MFA_BA,VH,MFA_BA,VH_1_MFA_BA__hybrid_optuna_013,1.1590560746947188e-05,0.0010934564810316,1.326545214830946e-07,0.7320014290421496,328.03569420872753,0.0098213976326005,0.7674589931363975,14.11644023911323,0.1214944236970704,True,True,True,True,False,True,True,False,True
VH_1_MFA_BA,VH,MFA_BA,VH_1_MFA_BA__hybrid_optuna_075,0.0001369529065916,8.319911681821247e-05,0.0001347583267443,1.1912280876775632,424.57480536726587,0.0160750247369618,6.16070802854635,44.853403789611306,0.0431988961085433,True,True,True,True,False,True,True,False,True
VH_1_MFA_BA,VH,MFA_BA,VH_1_MFA_BA__hybrid_optuna_012,0.0020344431055996,0.0002830022406432,8.826464815870656e-08,3.566687417800747,235.01081585216127,0.0445258487793226,0.3103992716907489,16.605910431222288,0.0062421685592731,True,True,True,True,True,True,True,False,True
VH_1_MFA_BA,VH,MFA_BA,VH_1_MFA_BA__hybrid_optuna_016,0.0005709294897734,6.359536861337172e-05,2.6453269861856105e-08,1.0233782156908642,71.92414264805966,0.027251315155353,1.4486838273471805,28.02323704953672,0.0253523637544219,True,True,True,True,True,True,True,False,True
VH_1_MFA_BA,VH,MFA_BA,VH_1_MFA_BA__hybrid_optuna_039,0.0013769387234935,9.22179112392378e-06,5.355773855416681e-07,2.850405922588428,223.61648406614293,0.0110534260725742,0.23509130107708,7.123153615105551,0.0010172683568626,True,True,True,True,True,True,True,False,True
VH_1_MFA_BA,VH,MFA_BA,VH_1_MFA_BA__hybrid_optuna_033,1.0851876618453862e-05,0.000177562728459,1.0697868532197293e-08,2.695290587604347,345.34195403614126,0.0019337347090396,1.6655000726708835,4.841428434564385,0.0126544868785051,True,True,True,True,False,True,True,True,True
VH_1_MFA_BA,VH,MFA_BA,VH_1_MFA_BA__hybrid_optuna_040,6.493586782327121e-05,9.372971540103108e-05,2.508411415054148e-08,0.986667534660152,479.96168756819634,0.0008707306830957,9.03607439734086,36.91024220283122,0.046015087260554,True,True,True,True,False,True,True,False,True
VH_1_MFA_BA,VH,MFA_BA,VH_1_MFA_BA__hybrid_optuna_041,3.3815700447873226e-07,0.0026383869284615,5.12694410861904e-08,0.2844376449241302,87.89371253890259,0.0001162779466011,0.0002150465105801,73.11752606193211,0.0083421275340686,True,True,True,True,True,True,True,False,True
VH_1_MFA_BA,VH,MFA_BA,VH_1_MFA_BA__hybrid_optuna_043,0.0004847518517497,0.0003053741862289,2.1847831273715263e-08,6.320984875270055,26.628113099837456,0.0079831015945238,9.597461380886289,6.997558785363083,0.0802829753611894,True,True,True,True,True,True,True,False,True
VH_1_MFA_BA,VH,MFA_BA,VH_1_MFA_BA__hybrid_optuna_044,0.0011621617804922,0.00012846693693,2.0436527802208574e-07,0.6964841789111897,90.29752853685248,0.0011037765351839,0.5156589006159993,148.62618907914683,0.0166746322064115,True,True,True,True,True,True,True,False,True
VH_1_MFA_BA,VH,MFA_BA,VH_1_MFA_BA__hybrid_optuna_045,0.0015525601755073,1.4543960173782066e-05,5.482265215044393e-08,1.428807738656258,159.6506707251135,0.0021040723612799,1.0763526216279744,9.072454261617452,0.0095197399536761,True,True,True,True,True,True,True,False,True
VH_1_MFA_BA,VH,MFA_BA,VH_1_MFA_BA__hybrid_optuna_046,0.0020388772937315,5.107922241558206e-05,6.320053613585082e-08,0.7398097845844459,384.56710375230045,0.0009880523200159,0.5127696855498183,42.619743728296704,0.0066376201940849,True,True,True,True,False,True,True,False,True
VH_1_MFA_BA,VH,MFA_BA,VH_1_MFA_BA__hybrid_optuna_064,6.284946321406843e-08,0.0021743953808267,2.103938521072707e-07,0.167422659389561,10.011578996978573,2.863854112770622e-05,9.342471967350883e-05,69.17651336542683,0.0033636709999157,True,True,True,True,True,True,False,False,True
VH_1_MFA_BA,VH,MFA_BA,VH_1_MFA_BA__hybrid_optuna_047,4.34706181393448e-08,0.0014761266305747,2.9637271092175685e-07,0.149337179433846,10.267703983530096,2.8126195224920432e-05,7.841907896925073e-05,78.04000646569122,0.0055855402064309,True,True,True,True,True,True,False,False,True
VH_1_MFA_BA,VH,MFA_BA,VH_1_MFA_BA__hybrid_optuna_048,0.0001646618102788,0.0003620165868382,1.012075943043042e-08,0.6196765900325734,162.5950607063471,0.0006155807578025,1.3203839235069623,8.000120325553402,0.680584112787669,True,True,True,True,True,True,True,False,True
VH_1_MFA_BA,VH,MFA_BA,VH_1_MFA_BA__hybrid_optuna_049,7.261159017102548e-05,6.857054125689881e-05,2.8212935060676922e-08,0.9444876004037784,387.53495602204765,0.0005496332211702,0.0280959505558425,42.16833506266669,0.1444081728171603,True,True,True,True,False,True,True,False,True
VH_1_MFA_BA,VH,MFA_BA,VH_1_MFA_BA__hybrid_optuna_050,8.766178037433857e-05,0.0006455752292177,8.339402066525162e-08,0.9429323276812112,171.1675769256733,0.000830528362571,0.3842993867875541,16.039378965126538,0.0038547137304075,True,True,True,True,True,True,True,False,True
VH_1_MFA_BA,VH,MFA_BA,VH_1_MFA_BA__hybrid_optuna_051,0.0002355874244868,0.0002299864181971,4.722929647423353e-08,0.2082585370442119,1.021658078773719,0.0047336074701315,2.078370032682321,34.90130818708614,0.0685612657441081,True,True,True,True,True,True,True,False,True
VH_1_MFA_BA,VH,MFA_BA,VH_1_MFA_BA__hybrid_optuna_052,8.00799265246497e-06,0.0017199520321479,1.1101515346979189e-07,0.7164845720885682,125.59111363236858,0.0003463757107693,0.0539973679635197,78.1282246191794,0.0216769304990151,True,True,True,True,True,True,True,False,True
VH_1_MFA_BA,VH,MFA_BA,VH_1_MFA_BA__hybrid_optuna_053,3.934271817733303e-07,0.0099192986120846,1.2431831787698133e-08,0.4042134344394826,12.988431824809776,0.0001074551818961,7.385888494530486e-05,50.96005091166299,0.0092293097985611,True,True,True,True,True,True,False,False,True
VH_1_MFA_BA,VH,MFA_BA,VH_1_MFA_BA__hybrid_optuna_056,1.0676790422275236e-08,0.0005366499857179,1.4716401311693234e-06,0.0512610969486515,0.5275559801240932,1.1214955449117664e-05,0.0005571088675761,87.16454732686566,0.0018255486426233,True,True,True,True,False,True,True,False,True
VH_1_MFA_BA,VH,MFA_BA,VH_1_MFA_BA__hybrid_optuna_061,1.8950708900499857e-06,1.2429307069613616e-08,0.0587715113199725,7.920902657579767,2.2027880656403496,4.781107784725181e-05,1.3767125749219675e-05,64.06684584499976,1.5711611334786644,True,True,False,True,True,True,False,False,True
VH_1_MFA_BA,VH,MFA_BA,VH_1_MFA_BA__hybrid_optuna_008,2.668918371263548e-05,0.0001794319030352,4.9424470240234926e-08,0.8020775845115213,442.25988448150895,0.0016543387854612,0.9556169723913184,25.97132451881245,0.0058417437108412,True,True,True,True,False,True,True,False,True
VH_1_MFA_BA,VH,MFA_BA,VH_1_MFA_BA__hybrid_optuna_029,0.0001719182192733,0.0004355729453759,9.228039187372792e-08,2.157197928577772,487.9953883934016,0.0048212952993885,2.7786448541297792,18.14576187724162,0.0033672362409508,True,True,True,True,False,True,True,False,True
VH_1_MFA_BA,VH,MFA_BA,VH_1_MFA_BA__hybrid_optuna_017,0.0006630380035342,0.0002971167784977,9.151812364309741e-08,1.7638076399685658,187.7649548625393,0.0215318496926306,0.3264144569100876,26.194518464402247,0.0248068595184728,True,True,True,True,True,True,True,False,True
VH_1_MFA_BA,VH,MFA_BA,VH_1_MFA_BA__hybrid_optuna_054,1.1990627027317798e-08,0.0061948055161047,1.980697601550337e-07,0.0724837014915406,2.8325101109673185,1.3271042689493891e-05,0.0003470797882863,70.12050914264131,1.4482498539465862,True,True,True,True,True,True,True,False,True
VH_1_MFA_BA,VH,MFA_BA,VH_1_MFA_BA__hybrid_post_003,3.076635529802197e-05,0.0001994969769792,2.925934028588269e-08,1.0017408174276508,242.68361439238203,0.0021533414325919,1.5153446305522384,20.629973854193967,0.001059359669237,True,True,True,True,True,True,True,False,True
VH_1_MFA_BA,VH,MFA_BA,VH_1_MFA_BA__hybrid_optuna_076,8.715973616811341e-07,1.094984304424576e-08,0.0496869443773305,9.85031315360875,4.526909870021316,0.0002196051554846,1.2497329497935364e-05,112.98365910397084,1.9477162020345955,True,True,True,True,True,True,False,False,True
VH_1_MFA_BA,VH,MFA_BA,VH_1_MFA_BA__hybrid_optuna_003,2.937050875255616e-05,0.0001864523327082,2.9959014980252325e-08,1.0063175412010863,250.11420075829105,0.0022266700126075,1.5546992767183292,19.683550846807407,0.0010814416705924,True,True,True,True,True,True,True,False,True
VH_1_MFA_BA,VH,MFA_BA,VH_1_MFA_BA__hybrid_optuna_015,3.402292878818523e-05,0.0002007393696559,4.494759012882866e-08,0.6303467234031928,286.9170377855505,0.0016083323188974,0.3908613961693493,22.501978839468123,0.0063033413878302,True,True,True,True,True,True,True,False,True
VH_1_MFA_BA,VH,MFA_BA,VH_1_MFA_BA__hybrid_optuna_004,0.0002115228944055,0.0020687991534155,6.087870846280346e-08,0.5711698188788672,117.02403328256642,0.0071457593657644,6.293180690356934,23.96159744576279,0.2197650992663346,True,True,True,True,True,True,True,False,True
VH_1_MFA_BA,VH,MFA_BA,VH_1_MFA_BA__hybrid_optuna_080,2.700658846687677e-05,0.00011374207127,2.357919045393156e-08,1.2788297387180505,190.3063459486134,0.0053972932559163,16.802260974076603,26.19275549539354,0.0016391960146143,True,True,True,True,True,True,True,False,True
VH_1_MFA_BA,VH,MFA_BA,VH_1_MFA_BA__hybrid_optuna_055,4.638355602659701e-08,0.0095040160129582,2.875766351928033e-07,0.1047257465588345,3.4168379747723643,2.051303434179688e-05,0.0010301332605112,98.5862349581366,0.0044899117592487,True,True,True,True,True,True,True,False,True
VH_1_MFA_BA,VH,MFA_BA,VH_1_MFA_BA__hybrid_optuna_014,2.2469900142092985e-05,0.0003951598107164,6.89874054944175e-08,0.8010013875696411,110.26270265700182,0.0070851945308681,1.2965328366597262,33.965073496177425,0.2348260428284468,True,True,True,True,True,True,True,False,True
VH_1_MFA_BA,VH,MFA_BA,VH_1_MFA_BA__hybrid_optuna_068,0.006004480331788,0.0004748639643733,5.6875651398563565e-06,0.2464053874506457,7.58947017573303,0.0013255240424677,0.0968775352436912,31.415712098616112,0.0144088048391078,False,True,True,True,True,True,True,False,True
VH_1_MFA_BA,VH,MFA_BA,VH_1_MFA_BA__hybrid_optuna_042,3.866509904637955e-07,0.0010793207450325,4.220517620764234e-08,0.8228707067901754,120.12721831592953,0.00011002779036,0.0014937321994014,55.43778429340578,0.0080697189957148,True,True,True,True,True,True,True,False,True
VH_1_MFA_BA,VH,MFA_BA,VH_1_MFA_BA__hybrid_post_002,2.375053992728025e-05,0.0001574219031579,4.4132027680269206e-08,0.7376377100225465,421.22089474566366,0.001846362614252,1.6808124186010167,21.73587267916352,0.0027921392284355,True,True,True,True,False,True,True,False,True
VH_1_MFA_BA,VH,MFA_BA,VH_1_MFA_BA__hybrid_optuna_002,2.375049338235756e-05,0.0001574222892089,4.413201098291647e-08,0.7376371411770638,421.22128837774005,0.0018463624250103,1.6808281740914608,21.735872238100164,0.0027921366152484,True,True,True,True,False,True,True,False,True
VH_1_MFA_BA,VH,MFA_BA,VH_1_MFA_BA__hybrid_optuna_025,4.568505634652228e-05,0.0006792908719832,8.162368305257634e-07,0.4802371288122553,195.44655112558223,0.005648975933261,0.0049356526284148,37.68276856396963,0.0944579507475558,True,True,True,True,True,True,True,False,True
VH_1_MFA_BA,VH,MFA_BA,VH_1_MFA_BA__hybrid_optuna_059,4.774293202154754e-08,0.0060638527880518,2.70636691389845e-07,0.0925822215509681,3.832382657376385,1.1058711469723218e-05,0.0011207429789358,100.3157879850039,0.0045152709063927,True,True,True,True,True,True,True,False,True
VH_1_MFA_BA,VH,MFA_BA,VH_1_MFA_BA__hybrid_optuna_023,0.0001144154236128,0.0002979717987842,1.8210837352824e-07,0.9051779066094044,41.19338495652531,0.0032449634717421,5.065812495339357,16.1076799385348,0.0281624574674617,True,True,True,True,True,True,True,False,True
VH_1_MFA_BA,VH,MFA_BA,VH_1_MFA_BA__hybrid_optuna_022,1.637138608962591e-05,0.0013013850518024,2.010180822658761e-07,1.1021874374651883,232.61208319828623,0.0093056804225978,0.8726803299539744,11.83798416898776,0.0544801267853325,True,True,True,True,True,True,True,False,True
VH_1_MFA_BA,VH,MFA_BA,VH_1_MFA_BA__hybrid_optuna_026,0.0006390538819414,0.0014962812624222,1.4518892771841114e-07,0.2297393374858585,144.3477475789693,0.0025141586492613,6.347552493774312,45.60336723561892,0.1938146842634968,True,True,True,True,True,True,True,False,True
VH_1_MFA_BA,VH,MFA_BA,VH_1_MFA_BA__hybrid_optuna_021,3.531013276027507e-05,0.0001625509754204,4.16116463877581e-08,0.482721802133542,318.0699204262201,0.0019864845432812,1.8435232342402708,22.793761281314783,0.0020240614795608,True,True,True,True,False,True,True,False,True
VH_1_MFA_BA,VH,MFA_BA,VH_1_MFA_BA__hybrid_optuna_024,4.322322378145861e-05,0.0001642249959554,9.246682876434384e-07,0.544531305279399,424.5454180891747,0.0023889003584116,1.3056523259296613,19.10304577632121,0.0027843048082201,True,True,True,True,False,True,True,False,True
VH_1_MFA_BA,VH,MFA_BA,VH_1_MFA_BA__hybrid_optuna_062,1.7670169402947916e-06,0.0050615768887523,0.0013303245101522,1.192617378922354,1.4690139693517672,4.207053950287933e-05,2.3226650368137e-05,129.92642186624028,0.6677615511747083,True,True,True,True,True,True,False,False,True
VH_1_MFA_BA,VH,MFA_BA,VH_1_MFA_BA__hybrid_optuna_028,0.0001015299266834,0.0001178907601588,1.3567850605565261e-08,0.808132968732186,180.74297346337548,0.0039207203900483,0.087321609916436,50.3035326550567,0.0829520885774983,True,True,True,True,True,True,True,False,True
VH_1_MFA_BA,VH,MFA_BA,VH_1_MFA_BA__hybrid_optuna_030,0.0001092998040616,0.0002358931839542,3.728569963796392e-08,0.6560390585302619,267.3492957033497,0.0031865721914862,0.2673787661857266,22.93513329904249,0.0055613440183026,True,True,True,True,True,True,True,False,True
VH_1_MFA_BA,VH,MFA_BA,VH_1_MFA_BA__hybrid_optuna_034,0.000309238248852,0.0007416706915166,7.21982407121385e-08,1.892235303227239,157.00852109488645,0.0146545283278886,0.4422988829582808,32.85625125748593,0.006398377806444,True,True,True,True,True,True,True,False,True
VH_1_MFA_BA,VH,MFA_BA,VH_1_MFA_BA__hybrid_optuna_031,0.0002456254660046,0.0018731916285516,1.5697062216300433e-08,1.393937235611589,287.7086816287133,0.0108566445466149,6.40761451753442,21.594631110172188,0.0643168268948543,True,True,True,True,True,True,True,False,True
VH_1_MFA_BA,VH,MFA_BA,VH_1_MFA_BA__hybrid_optuna_027,0.0003124228170521,5.3482308358119645e-05,1.9567111264693642e-08,0.7634358310930656,260.9583870747784,0.0059196946622861,10.88924358218104,20.277525021064942,0.0110896870821263,True,True,True,True,True,True,True,False,True
VH_1_MFA_BA,VH,MFA_BA,VH_1_MFA_BA__hybrid_optuna_060,0.0010411478308507,2.909184451408641e-05,2.394543388167136e-06,1.7403636055686682,261.47160746165304,0.0040011818071393,0.4117415019514612,24.98714228189114,0.0445323396565169,True,True,True,True,True,True,True,False,True
VH_1_MFA_BA,VH,MFA_BA,VH_1_MFA_BA__hybrid_optuna_036,0.0081323852995454,9.360948420474304e-05,1.196635408950296e-08,3.833767138198229,56.10232966076609,0.0236112489936954,0.9285361622478192,27.76036866716,0.0358639789878331,False,True,True,True,True,True,True,False,True
VH_1_MFA_BA,VH,MFA_BA,VH_1_MFA_BA__hybrid_optuna_063,0.000177188473548,1.3289448722869162e-08,0.0615699732823519,4.115716865497774,2.167640897475782,5.337032762603954e-05,0.0001430992369351,45.63633644393066,0.2922905212920093,True,True,False,True,True,True,True,False,True
VH_1_MFA_BA,VH,MFA_BA,VH_1_MFA_BA__hybrid_optuna_032,0.0003972514632403,0.0004968900701871,3.158729836736325e-08,0.2613000077904193,442.9092731512808,0.0017843795438502,13.975608603675376,23.4346043833536,0.035033864179176,True,True,True,True,False,True,True,False,True
VH_1_MFA_BA,VH,MFA_BA,VH_1_MFA_BA__hybrid_optuna_035,0.0001525359025478,0.0003175198032679,2.533838611995184e-07,1.8752996887395983,49.29874341879668,0.0122810632874846,0.6432527095438811,20.66762661788833,0.0028583872231402,True,True,True,True,True,True,True,False,True
VH_1_MFA_BA,VH,MFA_BA,VH_1_MFA_BA__hybrid_optuna_037,0.0007144559807104,0.0002262283794815,9.71847387504072e-08,0.3560205948751627,328.24621453689207,0.0027221985086538,3.4499207439794586,30.27345810057792,0.0192775288727043,True,True,True,True,False,True,True,False,True
VH_1_MFA_BA,VH,MFA_BA,VH_1_MFA_BA__hybrid_optuna_038,0.002538581109077,3.553954099700826e-05,1.2477606775569734e-07,4.505666845743185,148.29771729077532,0.041986305778897,4.277310686095829,12.058094273951664,0.0134447051871893,True,True,True,True,True,True,True,False,True
VH_1_MFA_BA,VH,MFA_BA,VH_1_MFA_BA__hybrid_optuna_066,1.1328239299779804e-08,0.0008829977766934,1.6582064609135509e-06,0.0656045129607873,0.5205122989587503,1.2226313398143557e-05,0.131535778002534,86.05342012583878,0.0014107905634247,True,True,True,True,False,True,True,False,True
VH_1_MFA_BA,VH,MFA_BA,VH_1_MFA_BA__hybrid_optuna_065,7.228392801956122e-06,0.0009431392111173,3.068156123245414e-08,0.38817225625257,81.51284286566785,0.01525435386667,18.58556044515139,28.176816579434707,0.1161699916625666,True,True,True,True,True,True,True,False,True
VH_1_MFA_BA,VH,MFA_BA,VH_1_MFA_BA__hybrid_optuna_090,1.3131717677663036e-08,6.691890655172368e-07,2.3910800450968025e-06,0.0529976311697396,7.009741862556931,0.0852598623416662,0.0003157733490158,57.92278374886413,8.992402466417259,True,True,True,True,True,True,True,False,False
VH_1_MFA_BA,VH,MFA_BA,VH_1_MFA_BA__hybrid_optuna_088,3.181669287551256e-05,0.0001563114277815,3.432479365174135e-07,0.876409330360637,397.4370313622156,0.0184522723990017,0.6186153210734702,31.635075521065183,0.2532418940644463,True,True,True,True,False,True,True,False,True
VH_1_MFA_BA,VH,MFA_BA,VH_1_MFA_BA__hybrid_optuna_071,1.731165776387768e-05,0.0001429152795028,1.5481379150150553e-08,0.316494446912756,201.1881467212063,0.0090155285462495,4.602074466267751,92.55995996468408,0.0021315591264268,True,True,True,True,True,True,True,False,True
VH_1_MFA_BA,VH,MFA_BA,VH_1_MFA_BA__hybrid_optuna_094,6.091097820609007e-06,2.905693254447166e-07,0.0049805758932699,0.4339756983186162,291.91410188752604,0.0004102634886241,1.682257874752918e-05,84.10063757994553,47.79907959453104,True,True,True,True,True,True,False,False,False
VH_1_MFA_BA,VH,MFA_BA,VH_1_MFA_BA__hybrid_optuna_069,0.0029264664432593,8.524530913843682e-06,1.3713363042514306e-07,1.0244442574710264,225.8157919202108,0.0364942042615867,0.0735304099762954,17.7724949940331,0.0018141020870643,True,True,True,True,True,True,True,False,True
VH_1_MFA_BA,VH,MFA_BA,VH_1_MFA_BA__hybrid_optuna_091,3.891670119246572e-05,3.072946051622989e-05,6.58332116464324e-08,0.6657137562006459,251.2458148136017,0.0038118569229614,0.1267157973990904,12.99853087421636,2.5976914152189146,True,True,True,True,True,True,True,False,True
VH_1_MFA_BA,VH,MFA_BA,VH_1_MFA_BA__hybrid_optuna_098,3.597688270831784e-07,0.0001719673476032,1.7337329675678616e-08,0.3584556512841205,12.225987607162066,9.13212733191968e-05,6.785816052068679e-05,48.288483692479446,0.0104867154894801,True,True,True,True,True,True,False,False,True
VH_2_MFA_BA,VH,MFA_BA,VH_2_MFA_BA__hybrid_optuna_080,0.006004480331788,0.0004748639643733,0.0078823067326611,0.2225470795869807,9.093412234867476,0.0013255240424677,0.1873359666322987,40.66995291512924,0.0148211078784804,False,True,True,True,True,True,True,False,True
VH_2_MFA_BA,VH,MFA_BA,VH_2_MFA_BA__hybrid_pre_07,0.0010372803440127,2.2174885564303987e-05,8.794145686213767e-05,1.5799874999695134,32.89666784601452,0.0066382429656991,0.0065807275701597,12.223863578540897,0.0610608975447179,True,True,True,True,True,True,True,False,True
VH_2_MFA_BA,VH,MFA_BA,VH_2_MFA_BA__hybrid_optuna_093,0.0010372803440127,2.2174885564303987e-05,8.794145686213767e-05,1.5799874999695134,32.89666784601452,0.0066382429656991,0.0065807275701597,12.223863578540897,0.0610608975447179,True,True,True,True,True,True,True,False,True
VH_2_MFA_BA,VH,MFA_BA,VH_2_MFA_BA__hybrid_optuna_099,1.1741633364539965e-07,0.0039552323360892,1.1293569666046962e-08,0.1876572632038594,0.5559979832948205,1.42856761240024e-05,11.156918462586772,146.4209849786993,4.811185305147927,True,True,True,True,False,True,True,False,True
VH_2_MFA_BA,VH,MFA_BA,VH_2_MFA_BA__hybrid_optuna_062,0.00533960568257,0.0025679834904695,1.7896764663803647e-05,1.096738207501916,182.34331440518287,0.0907618524805003,0.02002527355061,73.51747174552969,15.392607879577668,False,True,True,True,True,True,True,False,False
VH_2_MFA_BA,VH,MFA_BA,VH_2_MFA_BA__hybrid_optuna_060,0.0003741481583949,0.000812151474722,5.589338852423733e-05,1.853056385503673,172.92810475243218,0.0883808989203133,0.5824278827705583,112.3448687608692,28.43657243744309,True,True,True,True,True,True,True,False,False
VH_2_MFA_BA,VH,MFA_BA,VH_2_MFA_BA__hybrid_optuna_059,0.0068876849144498,0.0034653540135399,1.0801543956349733e-05,1.746709577798694,229.509657289642,0.0703043732865085,0.2214887888919623,88.97420490058349,9.709087770002176,False,True,True,True,True,True,True,False,False
VH_2_MFA_BA,VH,MFA_BA,VH_2_MFA_BA__hybrid_pre_06,0.0002273248216587,6.0134752955385566e-05,0.0005418197065945,2.786019625980197,21.62389411493181,0.0188528005571419,0.0112539379254947,1.00000041851805e-10,0.1004417557785641,True,True,True,True,True,True,True,False,True
VH_2_MFA_BA,VH,MFA_BA,VH_2_MFA_BA__hybrid_optuna_086,0.0002273248216587,6.0134752955385566e-05,0.0005418197065945,2.786019625980197,21.62389411493181,0.0188528005571419,0.0112539379254947,1.00000041851805e-10,0.1004417557785641,True,True,True,True,True,True,True,False,True
VH_2_MFA_BA,VH,MFA_BA,VH_2_MFA_BA__hybrid_optuna_016,0.0053686597078577,0.0099160196367036,1.790350525405623e-05,1.8934493994888013,220.4175543057504,0.069960300795241,0.1886195364697679,89.67035111558711,10.365423206160257,False,True,True,True,True,True,True,False,False
VH_2_MFA_BA,VH,MFA_BA,VH_2_MFA_BA__hybrid_optuna_024,0.0002268426875367,0.0003069424756965,2.156325071470374e-05,1.965580440247476,152.27295444955715,0.0995205907494292,1.430687946641331,111.33310062154958,24.34299203937659,True,True,True,True,True,True,True,False,False
VH_2_MFA_BA,VH,MFA_BA,VH_2_MFA_BA__hybrid_optuna_015,0.0056413481284977,0.0032930911926478,1.8154450378834497e-05,1.8933937887707453,225.03936257381568,0.0666119780559959,0.2254687994229557,91.55977659646996,8.87958439897424,False,True,True,True,True,True,True,False,False
VH_2_MFA_BA,VH,MFA_BA,VH_2_MFA_BA__hybrid_optuna_014,0.0011832951768208,0.0084425974496631,5.176632532385485e-06,1.9544644529655213,245.42287945531208,0.0659727800221567,0.2683559357657772,92.7813838238976,17.2091332025058,True,True,True,True,True,True,True,False,False
VH_2_MFA_BA,VH,MFA_BA,VH_2_MFA_BA__hybrid_pre_05,0.0002615321486465,3.07211410020035e-05,0.0003015380807013,1.5649804362525348,45.18052264394723,0.0044414211958931,0.0076726646989322,7.601483719272931e-11,0.1265522383680169,True,True,True,True,True,True,True,False,True
VH_2_MFA_BA,VH,MFA_BA,VH_2_MFA_BA__hybrid_optuna_087,0.0002615321486465,3.07211410020035e-05,0.0003015380807013,1.5649804362525348,45.18052264394723,0.0044414211958931,0.0076726646989322,7.601483719272931e-11,0.1265522383680169,True,True,True,True,True,True,True,False,True
VH_2_MFA_BA,VH,MFA_BA,VH_2_MFA_BA__hybrid_pre_08,0.0001095631385111,1.3268266508160937e-05,0.0006873784285387,2.081307490546647,59.4110773040664,0.0061294938809339,0.0042475850925181,5.8947653822111264e-08,0.020405518397501,True,True,True,True,True,True,True,False,True
VH_2_MFA_BA,VH,MFA_BA,VH_2_MFA_BA__hybrid_optuna_081,0.0001095631385111,1.3268266508160937e-05,0.0006873784285387,2.081307490546647,59.4110773040664,0.0061294938809339,0.0042475850925181,5.8947653822111264e-08,0.020405518397501,True,True,True,True,True,True,True,False,True
VH_2_MFA_BA,VH,MFA_BA,VH_2_MFA_BA__hybrid_optuna_004,0.0033718377482645,0.0070169501528959,4.147762458595223e-06,3.4339122980573835,281.906498494985,0.0823239065538639,0.0097606926333572,68.75605214571267,19.359949814308063,True,True,True,True,True,True,True,False,False
VH_2_MFA_BA,VH,MFA_BA,VH_2_MFA_BA__hybrid_optuna_001,0.0011374925854121,0.0081021674294565,5.153411706111588e-06,3.6158845916558175,245.1057472948384,0.0761474237091788,0.0049356526284148,91.24072936583924,29.945815041402973,True,True,True,True,True,True,True,False,False
VH_2_MFA_BA,VH,MFA_BA,VH_2_MFA_BA__hybrid_post_001,0.0011374941205335,0.0081022064211003,5.152601618689357e-06,3.6158865922394345,245.1059531057868,0.076147315812664,0.0049356532640802,91.24072936583924,29.945815041402973,True,True,True,True,True,True,True,False,False
VH_2_MFA_BA,VH,MFA_BA,VH_2_MFA_BA__hybrid_optuna_008,0.0069910433006223,0.0017439276439418,3.437073584690884e-06,3.495645569182644,417.4022290703636,0.0786139759514574,0.0078974128272717,66.32941295197823,30.025186096447225,False,True,True,True,False,True,True,False,False
VH_2_MFA_BA,VH,MFA_BA,VH_2_MFA_BA__hybrid_post_002,0.0010129649116674,0.0062873392340753,5.102257336021983e-06,3.548696831610058,267.62240681225524,0.0734757161871881,0.0053127985913203,74.4561467611932,31.87723200863075,True,True,True,True,True,True,True,False,False
VH_2_MFA_BA,VH,MFA_BA,VH_2_MFA_BA__hybrid_optuna_002,0.0010129189842178,0.0062873954946394,5.102318449271656e-06,3.54870372329794,267.6240240482537,0.0734745317882924,0.0053130088990993,74.3875526678427,31.87670387443999,True,True,True,True,True,True,True,False,False
VH_2_MFA_BA,VH,MFA_BA,VH_2_MFA_BA__hybrid_optuna_007,0.0072610013232434,0.0017973136325503,3.290067560116007e-06,3.616700114046975,397.4547155448099,0.0781122535163008,0.0094351342173177,64.72692567466497,48.95551523452594,False,True,True,True,False,True,True,False,False
VH_2_MFA_BA,VH,MFA_BA,VH_2_MFA_BA__hybrid_optuna_017,0.0004921480400622,7.179701023806162e-05,1.457262519163241e-05,1.8995097267075545,337.3307039364251,0.0475221659651971,1.5752698329869967,109.8399737578958,8.974113320003378,True,True,True,True,False,True,True,False,False
VH_2_MFA_BA,VH,MFA_BA,VH_2_MFA_BA__hybrid_optuna_003,0.0033429337928962,0.0028396022633966,1.0881508814775909e-06,2.992285373152224,496.0104755173192,0.0560201931035733,0.0034304285515479,63.592556135457855,49.27873336981772,True,True,True,True,False,True,True,False,False
VH_2_MFA_BA,VH,MFA_BA,VH_2_MFA_BA__hybrid_post_003,0.003342934109187,0.0028396209734206,1.0881598346841513e-06,2.99228727586994,496.0109268731442,0.0560201098806894,0.0034304243076347,63.592551701008354,49.27863594509306,True,True,True,True,False,True,True,False,False
VH_2_MFA_BA,VH,MFA_BA,VH_2_MFA_BA__hybrid_optuna_006,0.0041078472733973,0.006848173443128,7.5401900321174365e-06,4.150055483981285,404.5206503079788,0.0776161267582103,0.0139989359976935,65.30405605393007,31.00215333264918,True,True,True,True,False,True,True,False,False
VH_2_MFA_BA,VH,MFA_BA,VH_2_MFA_BA__hybrid_optuna_005,0.0036965959875202,0.0065059522939095,4.245650437344081e-06,3.39414833102062,411.1532018639667,0.0627020558753696,0.0150872313586093,61.57497063691624,44.44566531484955,True,True,True,True,False,True,True,False,False
VH_2_MFA_BA,VH,MFA_BA,VH_2_MFA_BA__hybrid_optuna_009,0.0036572788508098,0.0041545305831093,6.9151622371486445e-06,3.334953455309144,326.77593670510385,0.0638047203406234,0.0152465105101795,65.45025006326651,45.513675927282414,True,True,True,True,False,True,True,False,False
VH_2_MFA_BA,VH,MFA_BA,VH_2_MFA_BA__hybrid_optuna_013,0.0045600784580769,0.0039078770729744,1.3816316623525344e-05,3.3715202994163644,442.4373538600998,0.0695388664697586,0.0132595860139891,59.58076617116076,19.130438402437093,True,True,True,True,False,True,True,False,False
VH_2_MFA_BA,VH,MFA_BA,VH_2_MFA_BA__hybrid_optuna_010,0.0034318928737961,0.0047078475820437,1.905719991363108e-06,3.3808377029786514,290.89724387716666,0.057236022221339,0.0123623618715336,70.27344108463154,20.503595439577303,True,True,True,True,True,True,True,False,False
VH_2_MFA_BA,VH,MFA_BA,VH_2_MFA_BA__hybrid_optuna_011,0.0037013771080339,0.0047427464187579,1.684427103041579e-06,3.3737819041853645,301.6551579788043,0.0559423041499646,0.0114799017554675,71.19342523492338,20.25455010061108,True,True,True,True,False,True,True,False,False
VH_2_MFA_BA,VH,MFA_BA,VH_2_MFA_BA__hybrid_optuna_012,0.0021273397069444,0.0067938887379032,7.39182454795945e-06,5.30223224783748,398.2493119111586,0.0868488049756844,0.0262049455272574,67.21410073534608,12.666706286994224,True,True,True,True,False,True,True,False,False
VH_2_MFA_BA,VH,MFA_BA,VH_2_MFA_BA__hybrid_optuna_061,0.0039525580027748,0.0083794162334004,5.456477982201842e-05,1.9166852065649624,154.651561478497,0.0662485476666364,0.0906045711240808,82.85498551612942,21.27677462123097,True,True,True,True,True,True,True,False,False
VH_2_MFA_BA,VH,MFA_BA,VH_2_MFA_BA__hybrid_optuna_031,0.0001626672387326,6.287007998869508e-05,2.165466028553701e-06,2.3412116262961544,84.10190226744379,0.0529239412486661,7.356009721054489,107.3526066476085,1.0071932854156107,True,True,True,True,True,True,True,False,True
VH_2_MFA_BA,VH,MFA_BA,VH_2_MFA_BA__hybrid_optuna_035,5.818769484986345e-05,5.373264839824644e-05,1.0390458083640002e-07,1.3194056748396272,68.11559555665126,0.0103568365994736,2.3295993276707465,137.30743198458413,0.0566935119237544,True,True,True,True,True,True,True,False,True
VH_2_MFA_BA,VH,MFA_BA,VH_2_MFA_BA__hybrid_optuna_019,0.0043965209005309,0.0037540616283749,9.312371426231627e-06,4.374707795679175,464.8358101946724,0.0634843167001513,0.0160080514877368,55.52232470240451,46.88595025653065,True,True,True,True,False,True,True,False,False
VH_2_MFA_BA,VH,MFA_BA,VH_2_MFA_BA__hybrid_optuna_018,0.0009610081532988,0.0061583010218485,5.747251801835164e-06,7.599256912886933,339.2830845554662,0.0985062730956968,0.0021657266817857,76.81716621650325,34.110994992522016,True,True,True,True,False,True,True,False,False
VH_2_MFA_BA,VH,MFA_BA,VH_2_MFA_BA__hybrid_optuna_038,0.0001303273438228,5.43373807073388e-05,3.178750995950876e-06,2.143166654700716,80.03955302336325,0.0527351877162458,7.266548343087075,107.02637252352692,0.8802135228547315,True,True,True,True,True,True,True,False,True
VH_2_MFA_BA,VH,MFA_BA,VH_2_MFA_BA__hybrid_optuna_036,0.000141517301382,5.056709164589937e-05,1.2947216066639511e-06,2.183255389373093,87.73363883798365,0.0575057385171218,0.4152325552053164,128.46998506672745,0.683695974990905,True,True,True,True,True,True,True,False,True
VH_2_MFA_BA,VH,MFA_BA,VH_2_MFA_BA__hybrid_optuna_021,0.0005900122409242,4.5291497656652965e-05,2.0599972758280659e-07,1.4562004677567466,131.79126260453975,0.03326990087063,5.372904694090173,107.4500678439022,0.0660648265036492,True,True,True,True,True,True,True,False,True
VH_2_MFA_BA,VH,MFA_BA,VH_2_MFA_BA__hybrid_optuna_020,0.0013816889614706,0.0047638277043931,3.9465196098676266e-06,6.48250305398556,264.09990115812496,0.0807613616494007,0.0111983566362696,45.88548815535157,20.85702535078068,True,True,True,True,True,True,True,False,False
VH_2_MFA_BA,VH,MFA_BA,VH_2_MFA_BA__hybrid_optuna_022,0.0023540204076274,0.0019127837749425,7.383060615971876e-06,5.948718774493019,492.8335955137663,0.0802989321400693,0.0208252638046723,64.94768002206852,29.42255062673105,True,True,True,True,False,True,True,False,False
VH_2_MFA_BA,VH,MFA_BA,VH_2_MFA_BA__hybrid_optuna_023,0.0081478702338118,0.0053361005261654,3.765633730742441e-06,4.790951953055778,314.0247435684359,0.0557480680627497,0.0093886085827041,70.2855665664806,24.90257632595574,False,True,True,True,False,True,True,False,False
VH_2_MFA_BA,VH,MFA_BA,VH_2_MFA_BA__hybrid_optuna_048,1.1805178438957003e-05,0.0001701349675359,1.0651793797813421e-08,0.8228707067901754,11.757024046605462,0.0014904715965252,0.0489470666570094,148.61459779406616,0.010176998982615,True,True,True,True,True,True,True,False,True
VH_2_MFA_BA,VH,MFA_BA,VH_2_MFA_BA__hybrid_optuna_050,4.099927048846697e-05,0.0001283368155493,1.0837994564758537e-08,0.9134274914840556,12.133987277115006,0.0026534459207029,0.0348977610575982,142.66793710113367,0.0128843435987058,True,True,True,True,True,True,True,False,True
VH_2_MFA_BA,VH,MFA_BA,VH_2_MFA_BA__hybrid_optuna_055,2.5701336330683285e-05,0.0001353434154277,1.14593057500419e-08,0.9221717810778276,11.737452385203715,0.0016604197501975,0.0361844297142256,145.0626474656812,0.0091421375933419,True,True,True,True,True,True,True,False,True
VH_2_MFA_BA,VH,MFA_BA,VH_2_MFA_BA__hybrid_optuna_056,0.0018367616395891,2.3392973961834728e-05,2.8395727239777584e-08,5.404356179537685,42.99411073119487,0.0163470667048258,5.851507646052256,95.10945237657587,0.1131513443971178,True,True,True,True,True,True,True,False,True
VH_2_MFA_BA,VH,MFA_BA,VH_2_MFA_BA__hybrid_optuna_057,0.0010723808281961,5.311785493492266e-06,8.077611277552698e-07,1.2605774121179658,59.572128375923405,0.0353105808739253,5.479778529877647,122.2637152906587,0.3806551259811158,True,True,True,True,True,True,True,False,True
VH_2_MFA_BA,VH,MFA_BA,VH_2_MFA_BA__hybrid_optuna_058,0.0006880607765356,2.347827503110366e-06,1.342246696623257e-06,3.1039279833040285,63.53623487665495,0.047377701846916,13.77257937892904,117.79492857850836,0.4135975730300806,True,True,True,True,True,True,True,False,True
VH_2_MFA_BA,VH,MFA_BA,VH_2_MFA_BA__hybrid_optuna_085,1.688697196127118e-07,1.5343744503824874e-06,1.0903404339260306e-05,0.4951429914369816,1.1305303189317446,0.000142621375158,0.3644367812263813,101.15181891805426,0.0013106323536369,True,True,True,True,True,True,True,False,True
VH_2_MFA_BA,VH,MFA_BA,VH_2_MFA_BA__hybrid_optuna_063,1.3992334560310553e-05,0.0002379612030668,4.264283403520783e-08,0.7994061223715007,0.5990203889163966,0.0019232909139733,0.0409451304717202,141.69730158082533,0.0021324217958938,True,True,True,True,False,True,True,False,True
VH_2_MFA_BA,VH,MFA_BA,VH_2_MFA_BA__hybrid_optuna_064,0.0041473303165044,0.0002185953606642,5.65436615214888e-07,5.881673581802269,115.14742568422736,0.005166866246792,9.393482396507183,79.40358249808504,39.90742500664763,True,True,True,True,True,True,True,False,False
VH_2_MFA_BA,VH,MFA_BA,VH_2_MFA_BA__hybrid_optuna_065,5.935492433216905e-06,0.0013550022929071,3.012974409102107e-05,0.7054516164290465,0.8074226004712449,0.0005530287623589,0.0014757114625801,123.9644039698272,0.0016133251040746,True,True,True,True,False,True,True,False,True
VH_2_MFA_BA,VH,MFA_BA,VH_2_MFA_BA__hybrid_optuna_067,9.298880919440941e-08,0.0002463211234595,5.496768081387548e-07,0.126900191205058,0.5008716049656304,3.004854642214632e-05,0.0009320962760843,85.2709747234156,0.0010669999103057,True,True,True,True,False,True,True,False,True
VH_2_MFA_BA,VH,MFA_BA,VH_2_MFA_BA__hybrid_optuna_068,0.00116519132431,5.564024568316793e-06,4.755713555028534e-08,0.5708606060257259,15.507317926580956,0.0035277338297468,2.8107163248298908,115.4482901480814,0.0274705035714978,True,True,True,True,True,True,True,False,True
VH_2_MFA_BA,VH,MFA_BA,VH_2_MFA_BA__hybrid_optuna_069,1.8950708900499857e-06,1.2429307069613616e-08,0.0587715113199725,7.920902657579767,2.2027880656403496,4.781107784725181e-05,1.3767125749219675e-05,64.06684584499976,1.5711611334786644,True,True,False,True,True,True,False,False,True
VH_2_MFA_BA,VH,MFA_BA,VH_2_MFA_BA__hybrid_optuna_094,4.890113952685374e-07,4.418718661803758e-06,5.113237007755685e-07,0.1104015725187796,2.7907901418156684,0.0001260310014577,0.0515779515257318,90.39654581703972,0.0069676269653603,True,True,True,True,True,True,True,False,True
VH_2_MFA_BA,VH,MFA_BA,VH_2_MFA_BA__hybrid_optuna_070,1.0676790422275236e-08,0.0005366499857179,1.4716401311693234e-06,0.0512610969486515,0.5275559801240932,1.1214955449117664e-05,0.0005571088675761,87.16454732686566,0.0018255486426233,True,True,True,True,False,True,True,False,True
VH_2_MFA_BA,VH,MFA_BA,VH_2_MFA_BA__hybrid_optuna_078,0.0016670708022585,2.8401558553635308e-05,2.13125814391591e-06,4.940244667137384,45.47135649939095,0.0181728657926883,5.425391199517527e-05,92.87850848799084,12.464380653178225,True,True,True,True,True,True,False,False,False
VH_2_MFA_BA,VH,MFA_BA,VH_2_MFA_BA__hybrid_optuna_025,0.0002866724444537,5.66438323105071e-05,3.4005363535626125e-07,2.779463406630225,93.548621004436,0.0513370189814012,5.945939153887028,126.90051572304628,0.176159353545518,True,True,True,True,True,True,True,False,True
VH_2_MFA_BA,VH,MFA_BA,VH_2_MFA_BA__hybrid_optuna_071,1.1990627027317798e-08,0.0061948055161047,1.980697601550337e-07,0.0724837014915406,2.8325101109673185,1.3271042689493891e-05,0.0003470797882863,70.12050914264131,1.4482498539465862,True,True,True,True,True,True,True,False,True
VH_2_MFA_BA,VH,MFA_BA,VH_2_MFA_BA__hybrid_optuna_046,4.606989115710432e-05,0.0001096128173625,1.5048603136302018e-08,0.8974853892852359,12.214405582681508,0.0031200455681238,0.0382248669247845,139.6363931475516,0.0111260067709935,True,True,True,True,True,True,True,False,True
VH_2_MFA_BA,VH,MFA_BA,VH_2_MFA_BA__hybrid_optuna_054,1.94785772119072e-05,0.0014316533062779,1.1150591681375688e-08,0.7283088328277747,4.784062087066596,0.0019798552096203,0.0473998547463487,149.31328295280875,0.0028120583532716,True,True,True,True,True,True,True,False,True
VH_2_MFA_BA,VH,MFA_BA,VH_2_MFA_BA__hybrid_optuna_092,8.715973616811341e-07,1.094984304424576e-08,0.0496869443773305,9.85031315360875,4.526909870021316,0.0002196051554846,1.2497329497935364e-05,112.98365910397084,1.9477162020345955,True,True,True,True,True,True,False,False,True
VH_2_MFA_BA,VH,MFA_BA,VH_2_MFA_BA__hybrid_optuna_033,0.000722949256931,9.709505108924811e-06,2.70302414393601e-07,1.4906799243755564,224.7769877977377,0.0358265915753609,17.727591874336355,118.9072848478098,3.740774887293851,True,True,True,True,True,True,True,False,True
VH_2_MFA_BA,VH,MFA_BA,VH_2_MFA_BA__hybrid_optuna_066,1.904144987287703e-07,0.0004919645869283,1.0307766697722342e-05,0.4263128679216835,0.5205122989587503,6.767570609830148e-05,0.131535778002534,98.96974941023784,0.0014107905634247,True,True,True,True,False,True,True,False,True
VH_2_MFA_BA,VH,MFA_BA,VH_2_MFA_BA__hybrid_optuna_077,1.318796768744225e-07,0.0004107322375214,1.6734450638423606e-07,0.1714908844289962,0.7683608034828194,3.031519608364101e-05,0.8201066492741681,66.07418662212426,0.0041788306352723,True,True,True,True,False,True,True,False,True
VH_2_MFA_BA,VH,MFA_BA,VH_2_MFA_BA__hybrid_optuna_032,0.0005371709670306,1.8012278586031956e-05,3.182638107885777e-07,2.3928270950178736,294.531238383473,0.030070314995822,3.938795057916858,104.19845503104048,6.475613769024936,True,True,True,True,True,True,True,False,False
VH_2_MFA_BA,VH,MFA_BA,VH_2_MFA_BA__hybrid_optuna_026,0.0035675885795534,0.0021631615088573,1.6796655855858611e-06,4.186929217562051,284.3464075303972,0.0436932389607442,0.0055691007653155,70.84973135639952,30.39751767842532,True,True,True,True,True,True,True,False,False
VH_2_MFA_BA,VH,MFA_BA,VH_2_MFA_BA__hybrid_optuna_072,0.0028666145258077,0.0011500886520696,2.034036101969636e-06,3.993600494558023,378.4864666264164,0.0003357557689771,0.0031112395577726,61.31528246861126,40.67942811005252,True,True,True,True,False,True,True,False,False
VH_2_MFA_BA,VH,MFA_BA,VH_2_MFA_BA__hybrid_optuna_030,0.0005998593469096,2.580287561546232e-05,3.717244678553851e-07,1.4408139993681122,97.80941551321028,0.0526420466978319,3.856768268143076,120.47212374443464,3.4263383825574287,True,True,True,True,True,True,True,False,True
VH_2_MFA_BA,VH,MFA_BA,VH_2_MFA_BA__hybrid_optuna_029,0.0003282950115924,4.8132025674197366e-05,4.051108521167301e-07,2.2253348573443343,78.5168999774145,0.0421666151521315,5.582124480518308,124.68621795500316,0.0262627696095041,True,True,True,True,True,True,True,False,True
VH_2_MFA_BA,VH,MFA_BA,VH_2_MFA_BA__hybrid_optuna_027,0.0016050914131921,2.7086894057228792e-05,7.082267319077103e-07,2.503014775335528,214.99144388000724,0.0381433126469113,18.02836158041846,92.71761767689812,9.414967827214785,True,True,True,True,True,True,True,False,False
VH_2_MFA_BA,VH,MFA_BA,VH_2_MFA_BA__hybrid_optuna_034,0.0002730268605989,2.73077032256899e-05,0.0001057016418252,3.8507891528628098,172.04499617230346,0.0385831700980336,16.4818774502254,98.3169318644394,3.1783225899331966,True,True,True,True,True,True,True,False,True
VH_2_MFA_BA,VH,MFA_BA,VH_2_MFA_BA__hybrid_optuna_028,0.0035128698846969,0.0006616089209376,1.0170774401596137e-06,2.8042689139829884,498.6719915160284,0.0288607832549243,0.0035920260705443,62.84049454214531,48.39415047313917,True,True,True,True,False,True,True,False,False
VH_2_MFA_BA,VH,MFA_BA,VH_2_MFA_BA__hybrid_optuna_040,4.241281592475656e-05,0.0001064214321928,4.015495562629551e-08,0.616600092736215,16.220822212616795,0.0030100228970054,0.88419310974149,133.28207335838405,0.0199400910509525,True,True,True,True,True,True,True,False,True
VH_2_MFA_BA,VH,MFA_BA,VH_2_MFA_BA__hybrid_optuna_079,0.0030104588214066,8.338172210900963e-06,7.086580557543742e-06,1.5302909073805653,123.91345412262862,0.0223861914062202,9.222196399107176,107.49215332912668,16.763839105103276,True,True,True,True,True,True,True,False,False
VH_2_MFA_BA,VH,MFA_BA,VH_2_MFA_BA__hybrid_optuna_073,3.190348782778686e-05,7.774343491554515e-08,4.740934616684803e-06,7.173236921659165,1.2763459627779674,5.790872487997769e-05,0.1449627652402459,103.24439894692397,0.0045313251180149,True,True,True,True,True,True,True,False,True
VH_2_MFA_BA,VH,MFA_BA,VH_2_MFA_BA__hybrid_optuna_075,6.248049672890201e-06,1.786681236539627e-05,3.814344569221102e-08,0.2915762209816772,20.43490756823628,0.0007876656493338,13.95907612479884,133.20868089257564,0.1768982477404725,True,True,True,True,True,True,True,False,True
VH_2_MFA_BA,VH,MFA_BA,VH_2_MFA_BA__hybrid_optuna_074,1.7670169402947916e-06,0.0050615768887523,0.0013303245101522,1.192617378922354,1.4690139693517672,4.207053950287933e-05,2.3226650368137e-05,129.92642186624028,0.6677615511747083,True,True,True,True,True,True,False,False,True
VH_2_MFA_BA,VH,MFA_BA,VH_2_MFA_BA__hybrid_optuna_037,0.0016426522800978,1.4795224786935191e-05,8.167414710974581e-07,2.4839133097973662,382.0093159920076,0.0247910083676894,4.112250793458309,104.36750723614396,5.940930244505955,True,True,True,True,False,True,True,False,False
VH_2_MFA_BA,VH,MFA_BA,VH_2_MFA_BA__hybrid_optuna_051,0.0025249258748734,0.0003759781192059,0.0002859580513411,3.32803410105125,353.44233240687186,0.0144925494803177,1.52528404518008,97.38182502919094,22.78581817785661,True,True,True,True,False,True,True,False,False
VH_2_MFA_BA,VH,MFA_BA,VH_2_MFA_BA__hybrid_optuna_039,0.0003150494289303,7.437963606675051e-05,1.096796668819596e-06,4.588059930207361,28.541931470124982,0.0962502068444233,0.3990937688468006,128.0918733966981,0.6993143268236901,True,True,True,True,True,True,True,False,True
VH_2_MFA_BA,VH,MFA_BA,VH_2_MFA_BA__hybrid_optuna_042,0.0004167186845438,4.367992832634253e-05,1.9042362316123504e-07,1.839353597064384,136.1259489403512,0.0098982262573765,1.3238720656573395,112.5330411934596,0.0635659200305634,True,True,True,True,True,True,True,False,True
VH_2_MFA_BA,VH,MFA_BA,VH_2_MFA_BA__hybrid_optuna_044,6.208098180555876e-05,0.0001038523214458,5.5877524201401214e-08,0.2861871234847996,16.13013402858969,0.0031945196490729,1.8512318403580217,135.33617401183875,0.0194762793647079,True,True,True,True,True,True,True,False,True
VH_2_MFA_BA,VH,MFA_BA,VH_2_MFA_BA__hybrid_optuna_053,0.0023180430776079,0.0097511724419415,4.383826149159881e-05,6.76977495084723,247.1855340848077,0.0309137030971963,0.0030253409701203,75.40831155703931,14.416047023956352,True,True,True,True,True,True,True,False,False
VH_2_MFA_BA,VH,MFA_BA,VH_2_MFA_BA__hybrid_optuna_082,0.0098492425924991,0.0025661553357653,1.87570207390174e-05,2.8650075811623616,294.80148641596327,0.0442905521694294,0.0896238809457871,21.0577528686813,9.46419218950392,False,True,True,True,True,True,True,False,False
VH_2_MFA_BA,VH,MFA_BA,VH_2_MFA_BA__hybrid_optuna_041,0.0094914064666862,1.4923483704907616e-05,3.350819739612034e-07,2.9177061103808497,226.20823484305888,0.0374414359394627,18.808783769650105,118.73749453268763,5.53166959157665,False,True,True,True,True,True,True,False,False
VH_2_MFA_BA,VH,MFA_BA,VH_2_MFA_BA__hybrid_optuna_047,0.0029027051312547,2.8719986910294644e-05,7.661882034711573e-08,1.2547516534871617,280.2511374128801,0.0071793123586731,0.7721084821643868,107.50287872026033,0.1054982599027942,True,True,True,True,True,True,True,False,True
VH_2_MFA_BA,VH,MFA_BA,VH_2_MFA_BA__hybrid_optuna_043,0.0010627680290521,0.0053745773916811,5.51475425697398e-06,9.728894351835946,358.0552427057028,0.0700861848921307,0.0051149898840304,57.70638662172076,37.14401391492876,True,True,True,True,False,True,True,False,False
VH_2_MFA_BA,VH,MFA_BA,VH_2_MFA_BA__hybrid_optuna_045,0.0004723825768768,4.683216863366415e-05,2.404876191467711e-07,1.7461556392901811,136.06733747620194,0.0118098041188107,3.197217077329106,113.44725642314168,0.0627318809931103,True,True,True,True,True,True,True,False,True
VH_2_MFA_BA,VH,MFA_BA,VH_2_MFA_BA__hybrid_optuna_076,0.000177188473548,1.3289448722869162e-08,0.0615699732823519,4.115716865497774,2.167640897475782,5.337032762603954e-05,0.0001430992369351,45.63633644393066,0.2922905212920093,True,True,False,True,True,True,True,False,True
VH_2_MFA_BA,VH,MFA_BA,VH_2_MFA_BA__hybrid_optuna_049,0.0068633469062429,0.0020473785130426,2.9854495956191703e-06,3.31420518467476,195.16727604517493,0.0219518956605941,0.0067272572070405,52.630549020429925,34.55586669036849,False,True,True,True,True,True,True,False,False
VH_2_MFA_BA,VH,MFA_BA,VH_2_MFA_BA__hybrid_optuna_052,0.0076785200579532,0.0009132237161619,3.77235714124402e-06,3.6152334054282473,414.90794038902914,0.0254067647554417,0.0081787964638951,51.00530995069549,49.32176592934691,False,True,True,True,False,True,True,False,False
VH_2_MFA_BA,VH,MFA_BA,VH_2_MFA_BA__hybrid_optuna_083,0.0007741045752598,2.051738323471218e-06,2.782032736866404e-06,1.0800565915417135,435.8680995498238,0.0671734576218736,3.9793548990137775,80.69625021162261,2.8784465580192733,True,True,True,True,False,True,True,False,True
VH_2_MFA_BA,VH,MFA_BA,VH_2_MFA_BA__hybrid_optuna_084,7.717686710077478e-05,0.0001049384222221,7.618182050179392e-08,0.30026610384043,101.28646080225504,0.0284773398925245,2.2889496014797737,132.1951325386731,0.0343333221105687,True,True,True,True,True,True,True,False,True
VH_2_MFA_BA,VH,MFA_BA,VH_2_MFA_BA__hybrid_optuna_098,1.3131717677663036e-08,6.691890655172368e-07,2.3910800450968025e-06,0.0529976311697396,7.009741862556931,0.0852598623416662,0.0003157733490158,57.92278374886413,8.992402466417259,True,True,True,True,True,True,True,False,False
VH_2_MFA_BA,VH,MFA_BA,VH_2_MFA_BA__hybrid_optuna_097,6.091097820609007e-06,2.905693254447166e-07,0.0049805758932699,0.4339756983186162,291.91410188752604,0.0004102634886241,1.682257874752918e-05,84.10063757994553,47.79907959453104,True,True,True,True,True,True,False,False,False
VH_2_MFA_BA,VH,MFA_BA,VH_2_MFA_BA__hybrid_optuna_090,0.0002116185842407,1.1834592325546774e-05,4.223271599870955e-07,2.5668736717014893,487.9953883934016,0.0754819963841182,6.14421890535311,125.08294765914152,0.1812115958158386,True,True,True,True,False,True,True,False,True
VH_2_MFA_BA,VH,MFA_BA,VH_2_MFA_BA__hybrid_optuna_096,0.0001112255070046,9.514144341419152e-06,1.2477606775569734e-07,3.720805155727028,183.67492571572225,0.0230103492775489,1.0474227662966762,134.19202788618244,0.0489438966431582,True,True,True,True,True,True,True,False,True
VH_3_MFA_BA,VH,MFA_BA,VH_3_MFA_BA__hybrid_optuna_051,4.4948907012532046e-08,7.275295769201134e-06,9.215354067818098e-08,0.0696840240219336,43.799391021250656,0.0112977308270979,2.633092462558283,107.69524311335344,1.8988102801712377,True,True,True,True,True,True,True,False,True
VH_3_MFA_BA,VH,MFA_BA,VH_3_MFA_BA__hybrid_pre_07,0.0010372803440127,2.2174885564303987e-05,8.794145686213767e-05,1.5799874999695134,32.89666784601452,0.0066382429656991,0.0065807275701597,12.223863578540897,0.0610608975447179,True,True,True,True,True,True,True,False,True
VH_3_MFA_BA,VH,MFA_BA,VH_3_MFA_BA__hybrid_optuna_093,0.0010372803440127,2.2174885564303987e-05,8.794145686213767e-05,1.5799874999695134,32.89666784601452,0.0066382429656991,0.0065807275701597,12.223863578540897,0.0610608975447179,True,True,True,True,True,True,True,False,True
VH_3_MFA_BA,VH,MFA_BA,VH_3_MFA_BA__hybrid_optuna_053,4.754440294055232e-05,1.6455868381051065e-06,2.4281439591901907e-08,0.3330455240914179,8.12640892718349,0.0018049110362132,9.036072095451672,123.62097745150488,0.5888702819268973,True,True,True,True,True,True,True,False,True
VH_3_MFA_BA,VH,MFA_BA,VH_3_MFA_BA__hybrid_optuna_007,4.828341114998083e-07,4.444253038931025e-06,3.03896460055116e-08,0.0807366203639498,18.49313290376552,0.001454379895907,5.955608132374448,143.35730921658478,18.074623847724705,True,True,True,True,True,True,True,False,False
VH_3_MFA_BA,VH,MFA_BA,VH_3_MFA_BA__hybrid_optuna_044,0.0001228543762059,2.3614830973643934e-07,5.7651067822804274e-08,0.1268014311843757,18.99545081223916,0.0317076742890801,0.0032526496361781,142.10632249353853,0.0026270715349529,True,True,True,True,True,True,True,False,True
VH_3_MFA_BA,VH,MFA_BA,VH_3_MFA_BA__hybrid_optuna_030,1.2595222459470176e-05,9.45432200568364e-05,1.1184555281631885e-08,1.678242728770766,7.14554496634953,0.0086165061816598,1.269692207453919,143.44889601334896,20.13826695887625,True,True,True,True,True,True,True,False,False
VH_3_MFA_BA,VH,MFA_BA,VH_3_MFA_BA__hybrid_optuna_011,1.394233253681975e-07,3.117068093395277e-06,2.1437136538156704e-08,0.1126292480845757,7.508541075911481,0.0040011640592447,3.501890610201665,144.37953117984495,12.14565183568964,True,True,True,True,True,True,True,False,False
VH_3_MFA_BA,VH,MFA_BA,VH_3_MFA_BA__hybrid_optuna_008,4.6447513670195695e-08,1.3186721017621402e-06,3.62992872433092e-08,0.403734093052331,10.598265010239666,0.0031703849411522,4.402366621781536,127.90853722901358,4.996592302024323,True,True,True,True,True,True,True,False,True
VH_3_MFA_BA,VH,MFA_BA,VH_3_MFA_BA__hybrid_optuna_034,5.513057228925424e-08,1.3593694263244383e-06,3.447845917052216e-08,0.4165391316748516,10.223792810368636,0.0045581360912937,0.9414912344467612,118.54601747730344,4.6850282200007936,True,True,True,True,True,True,True,False,True
VH_3_MFA_BA,VH,MFA_BA,VH_3_MFA_BA__hybrid_optuna_055,1.508504215599442e-07,1.2588156734727646e-06,1.0360127405503683e-06,0.0529976311697396,138.91220030011712,0.0852598623416662,0.7467132152582785,149.60133752685914,26.251168600995744,True,True,True,True,True,True,True,False,False
VH_3_MFA_BA,VH,MFA_BA,VH_3_MFA_BA__hybrid_optuna_024,2.3767119397836186e-07,6.368907723018767e-08,4.019297892546352e-08,3.534541326051898,80.10828332573745,0.0038307282405648,12.16533190217428,147.49479618183958,0.0742637473496272,True,True,True,True,True,True,True,False,True
VH_3_MFA_BA,VH,MFA_BA,VH_3_MFA_BA__hybrid_optuna_022,1.0777236983864288e-07,3.048597492083096e-06,2.6806538762187786e-08,0.1253977528684481,1.783278511626138,0.0054463094921546,0.2688253256430342,104.71846537888634,1.477802635736536,True,True,True,True,True,True,True,False,True
VH_3_MFA_BA,VH,MFA_BA,VH_3_MFA_BA__hybrid_optuna_012,1.2961352239588522e-07,2.323054420828318e-06,2.2159120158031693e-08,0.1062080016405863,5.997910131507673,0.0019278473670587,3.457507657932991,145.78662685640322,12.080988263427926,True,True,True,True,True,True,True,False,False
VH_3_MFA_BA,VH,MFA_BA,VH_3_MFA_BA__hybrid_optuna_036,6.322363737847783e-08,1.124309725785293e-07,4.6597174797980667e-08,6.145589427634777,8.807773994777683,0.0176377266831449,1.5507332606961093,133.09201030577276,0.0035330472546162,True,True,True,True,True,True,True,False,True
VH_3_MFA_BA,VH,MFA_BA,VH_3_MFA_BA__hybrid_optuna_015,5.713346838087437e-07,1.7163575105300402e-06,6.358957744962228e-08,0.0828651374278592,14.354911370070765,0.0019438138349877,1.8671393688067457,133.80988990208743,9.4361341478164,True,True,True,True,True,True,True,False,False
VH_3_MFA_BA,VH,MFA_BA,VH_3_MFA_BA__hybrid_optuna_035,4.819457549203888e-07,1.547701672316554e-07,2.4812943616869895e-07,2.4047139550984507,3.183436263293589,0.007120685109342,2.446731183279468,146.36671540050864,0.0136048853204099,True,True,True,True,True,True,True,False,True
VH_3_MFA_BA,VH,MFA_BA,VH_3_MFA_BA__hybrid_optuna_019,6.424957470649344e-06,3.4701123257738974e-08,1.0605334809565168e-08,7.808507555458331,81.8321162487627,0.0031514090258965,11.383217119949355,140.28335339856446,0.0084663320110773,True,True,True,True,True,True,True,False,True
VH_3_MFA_BA,VH,MFA_BA,VH_3_MFA_BA__hybrid_pre_06,0.0002273248216587,6.0134752955385566e-05,0.0005418197065945,2.786019625980197,21.62389411493181,0.0188528005571419,0.0112539379254947,1.0000004185177928e-10,0.1004417557785641,True,True,True,True,True,True,True,False,True
VH_3_MFA_BA,VH,MFA_BA,VH_3_MFA_BA__hybrid_optuna_087,0.0002273248216587,6.0134752955385566e-05,0.0005418197065945,2.786019625980197,21.62389411493181,0.0188528005571419,0.0112539379254947,1.0000004185177928e-10,0.1004417557785641,True,True,True,True,True,True,True,False,True
VH_3_MFA_BA,VH,MFA_BA,VH_3_MFA_BA__hybrid_optuna_075,7.297594248509694e-06,7.387935718769086e-08,0.0095185718962052,0.1518657855130782,9.366292660159033,0.0041041350227095,8.654979380888292,87.74926083891282,24.89276168038181,True,True,True,True,True,True,True,False,False
VH_3_MFA_BA,VH,MFA_BA,VH_3_MFA_BA__hybrid_pre_05,0.0002615321486465,3.07211410020035e-05,0.0003015380807013,1.5649804362525348,45.18052264394723,0.0044414211958931,0.0076726646989322,7.60148371944169e-11,0.1265522383680169,True,True,True,True,True,True,True,False,True
VH_3_MFA_BA,VH,MFA_BA,VH_3_MFA_BA__hybrid_optuna_088,0.0002615321486465,3.07211410020035e-05,0.0003015380807013,1.5649804362525348,45.18052264394723,0.0044414211958931,0.0076726646989322,7.60148371944169e-11,0.1265522383680169,True,True,True,True,True,True,True,False,True
VH_3_MFA_BA,VH,MFA_BA,VH_3_MFA_BA__hybrid_optuna_006,2.93919817985049e-07,6.561466680763554e-08,4.5179632621059823e-08,4.123066951285782,33.96755311700881,0.0023718684203106,10.958760201173886,135.4667552902763,0.0074470914619925,True,True,True,True,True,True,True,False,True
VH_3_MFA_BA,VH,MFA_BA,VH_3_MFA_BA__hybrid_pre_08,0.0001095632283756,1.3268223404662177e-05,0.0006873786379828,2.08130768938988,59.411075105235696,0.0061294910365744,0.0042475822638727,4.665519514775349e-08,0.0204055339856421,True,True,True,True,True,True,True,False,True
VH_3_MFA_BA,VH,MFA_BA,VH_3_MFA_BA__hybrid_optuna_073,0.0001095632283756,1.3268223404662177e-05,0.0006873786379828,2.08130768938988,59.411075105235696,0.0061294910365744,0.0042475822638727,4.665519514775349e-08,0.0204055339856421,True,True,True,True,True,True,True,False,True
VH_3_MFA_BA,VH,MFA_BA,VH_3_MFA_BA__hybrid_optuna_054,1.5732965371629192e-06,2.7499234005640066e-07,5.236860976458025e-06,1.9317784797347444,6.374456425015122,0.0028344957142823,7.9730202918292,120.78224550887974,0.0018076883817089,True,True,True,True,True,True,True,False,True
VH_3_MFA_BA,VH,MFA_BA,VH_3_MFA_BA__hybrid_optuna_050,1.0318074654864829e-07,5.699730029074333e-06,1.7800951406999284e-08,0.0934564761225615,5.715310584042065,0.0018455014366446,6.120805733963739,142.3429983802901,2.580387578440273,True,True,True,True,True,True,True,False,True
VH_3_MFA_BA,VH,MFA_BA,VH_3_MFA_BA__hybrid_post_002,5.1196991555528e-06,1.735386309041444e-08,2.093303249062277e-08,9.09389653003354,32.07760834143395,0.0022905786336287,7.379660501711848,133.8142470865361,0.0336320360595687,True,True,True,True,True,True,True,False,True
VH_3_MFA_BA,VH,MFA_BA,VH_3_MFA_BA__hybrid_optuna_002,5.108760788766926e-06,1.733339913708867e-08,2.0958866235725556e-08,9.092635381080306,32.06153445938688,0.0022901886368594,7.38200667117481,133.81856071172967,0.0336328491362614,True,True,True,True,True,True,True,False,True
VH_3_MFA_BA,VH,MFA_BA,VH_3_MFA_BA__hybrid_optuna_031,4.7267833945069085e-06,4.606338641835841e-08,8.706996229424747e-08,0.1974617840123438,313.14909805948093,0.0020914194482766,8.241465536642579,124.83416050659172,1.0252809275039747,True,True,True,True,False,True,True,False,True
VH_3_MFA_BA,VH,MFA_BA,VH_3_MFA_BA__hybrid_optuna_027,3.363318187636862e-07,4.485379931577729e-07,2.044371751628513e-08,0.1161570855027602,6.984093313232527,0.0019356534826845,0.5265627100769846,116.06713012915968,5.850336250301195,True,True,True,True,True,True,True,False,False
VH_3_MFA_BA,VH,MFA_BA,VH_3_MFA_BA__hybrid_optuna_028,6.506898055270585e-07,1.816387382987788e-08,2.660120848292881e-08,6.09596724598953,49.62589566783,0.0016234351076008,3.742353599141016,135.22748898014896,0.0052789410382698,True,True,True,True,True,True,True,False,True
VH_3_MFA_BA,VH,MFA_BA,VH_3_MFA_BA__hybrid_optuna_021,2.960544471905508e-07,6.819539440499846e-08,1.511631044715316e-08,0.5160373295278747,37.62746331941702,0.0015804689659362,4.55783786929412,139.6198266776029,0.0250255559962357,True,True,True,True,True,True,True,False,True
VH_3_MFA_BA,VH,MFA_BA,VH_3_MFA_BA__hybrid_optuna_026,3.890439962250813e-07,1.1162148939508176e-08,1.0072873877950149e-08,0.127954138482161,6.490771590535022,0.0016065511811378,0.4450007464464688,117.75197760495864,6.120081008964013,True,True,True,True,True,True,True,False,False
VH_3_MFA_BA,VH,MFA_BA,VH_3_MFA_BA__hybrid_optuna_025,2.4260096593003182e-06,3.669687846944334e-07,4.347499783475485e-07,0.0985633440226561,47.43117109772436,0.0015020534930295,3.665458943588909,130.16388155717954,7.355897057354241,True,True,True,True,True,True,True,False,False
VH_3_MFA_BA,VH,MFA_BA,VH_3_MFA_BA__hybrid_optuna_071,2.468406804583839e-07,2.421713700440524e-06,4.3548359090684605e-06,0.4951429914369816,9.71455196430259,0.0015732728919167,0.2214080374489998,61.59574971221689,2.944222617144463,True,True,True,True,True,True,True,False,True
VH_3_MFA_BA,VH,MFA_BA,VH_3_MFA_BA__hybrid_optuna_065,1.6658794183776144e-06,1.044418088218993e-08,1.3288470312808998e-08,0.0990365442560226,5.380833308973453,0.0014467053264901,0.1936483728340696,123.07144851653597,9.813694386898948,True,True,True,True,True,True,True,False,False
VH_3_MFA_BA,VH,MFA_BA,VH_3_MFA_BA__hybrid_optuna_018,3.838973854625977e-07,6.634492817983114e-07,1.5048603136302018e-08,0.0742538590370877,17.384789825805786,0.0013467014321263,2.042790050041692,137.04829923805494,8.43570978263563,True,True,True,True,True,True,True,False,False
VH_3_MFA_BA,VH,MFA_BA,VH_3_MFA_BA__hybrid_optuna_064,1.3307893965089934e-06,1.0556656424957014e-05,1.2277154673631791e-06,1.2942721689426373,4.124816361384077,0.0050402218694117,12.683457844379944,113.57042702268596,0.1917760698279984,True,True,True,True,True,True,True,False,True
VH_3_MFA_BA,VH,MFA_BA,VH_3_MFA_BA__hybrid_optuna_016,4.732938531157641e-07,8.359190850305132e-07,3.2700600291497886e-08,0.0731717301797277,16.388044526273926,0.001280083844575,1.9759170883366848,137.12721554262563,14.604342844437392,True,True,True,True,True,True,True,False,False
VH_3_MFA_BA,VH,MFA_BA,VH_3_MFA_BA__hybrid_optuna_032,7.184470616819575e-07,2.3658674185684938e-07,3.840555729286234e-08,0.2214664011668267,26.35962354677893,0.001319795868104,1.105650803158455,131.19976129789677,14.133400163366511,True,True,True,True,True,True,True,False,False
VH_3_MFA_BA,VH,MFA_BA,VH_3_MFA_BA__hybrid_optuna_062,9.295889982501197e-06,1.8262510039976345e-07,1.111822009736027e-07,0.0572700883736803,7.7872109022466365,0.0028326340388734,0.6280834126368438,135.4468627176758,17.81566435859819,True,True,True,True,True,True,True,False,False
VH_3_MFA_BA,VH,MFA_BA,VH_3_MFA_BA__hybrid_optuna_014,4.0240879546292324e-07,8.907330774400973e-07,7.186582990010625e-08,0.0752349389825675,15.715744540820385,0.0012062165757509,1.9624297332214269,137.74409921729995,8.35005270506064,True,True,True,True,True,True,True,False,False
VH_3_MFA_BA,VH,MFA_BA,VH_3_MFA_BA__hybrid_optuna_023,1.0419787973685937e-07,4.967859021042277e-07,2.594743479345893e-07,0.106305887532339,9.762509729041922,0.0012595776344258,5.987227028969285,140.6304804493693,2.2517609879598908,True,True,True,True,True,True,True,False,True
VH_3_MFA_BA,VH,MFA_BA,VH_3_MFA_BA__hybrid_optuna_013,8.340194954466439e-07,1.840669180330869e-07,6.908100717588375e-08,0.0613509484736849,12.775046644956836,0.0012290609954604,1.492865522842172,136.25952725213733,17.57828660765365,True,True,True,True,True,True,True,False,False
VH_3_MFA_BA,VH,MFA_BA,VH_3_MFA_BA__hybrid_optuna_020,2.938824265724012e-07,6.258817034660621e-07,6.337014370590141e-08,0.1128987037569107,16.684839946289866,0.0011669819511443,1.920163623944643,136.65833791438718,10.586572096526307,True,True,True,True,True,True,True,False,False
VH_3_MFA_BA,VH,MFA_BA,VH_3_MFA_BA__hybrid_optuna_005,1.0627629177222009e-07,2.6000040094411595e-06,2.8157563915389812e-08,0.122364759985732,3.3420122218110366,0.0011119833147273,0.8032710104715075,133.32962932819544,1.3566068759134453,True,True,True,True,True,True,True,False,True
VH_3_MFA_BA,VH,MFA_BA,VH_3_MFA_BA__hybrid_post_003,1.8672095387754925e-07,4.813050453406122e-07,1.029987840835191e-08,0.1075402096774046,13.22861241920314,0.0010221402792517,3.910413335573217,120.60935297269674,4.6271954164916,True,True,True,True,True,True,True,False,True
VH_3_MFA_BA,VH,MFA_BA,VH_3_MFA_BA__hybrid_optuna_003,1.867210114319325e-07,4.813051447661647e-07,1.029987840835191e-08,0.1075402514025365,13.228595180223516,0.0010221397601341,3.910504946661236,120.60935297269674,4.6271954164916,True,True,True,True,True,True,True,False,True
VH_3_MFA_BA,VH,MFA_BA,VH_3_MFA_BA__hybrid_optuna_069,1.8154691255795688e-07,1.3479706108064725e-07,2.248987047842724e-06,0.858647011638671,1.3399640133774309,0.0011003712058773,0.0192085377279117,113.11069987282625,28.76400695630421,True,True,True,True,True,True,True,False,False
VH_3_MFA_BA,VH,MFA_BA,VH_3_MFA_BA__hybrid_optuna_004,9.683302202542565e-07,5.991395133486604e-08,1.260007384626489e-08,0.156636883141196,13.746937424993536,0.0009844411721438,3.2297683934129204,134.3014391519712,12.488231609240373,True,True,True,True,True,True,True,False,False
VH_3_MFA_BA,VH,MFA_BA,VH_3_MFA_BA__hybrid_optuna_001,8.716085977807332e-07,7.732713113235084e-08,0.005653507994098,0.1499746332773761,11.210654588467571,0.0009716740593773,3.22409749820098,134.50734260643395,13.968379739358618,True,True,True,True,True,True,True,False,False
VH_3_MFA_BA,VH,MFA_BA,VH_3_MFA_BA__hybrid_post_001,8.716054017272262e-07,7.732687738911156e-08,0.005653507994098,0.1499730070650302,11.21099699051862,0.0009716526068744,3.224195266001052,134.50734260643395,13.968379739358618,True,True,True,True,True,True,True,False,False
VH_3_MFA_BA,VH,MFA_BA,VH_3_MFA_BA__hybrid_optuna_084,1.153872183151662e-07,4.6585116658069135e-08,1.6008941472528942e-07,0.1191809926932455,173.34701236827178,0.0001163901049035,2.3588532319519784,110.09805823039164,0.0066570880802272,True,True,True,True,True,True,True,False,True
VH_3_MFA_BA,VH,MFA_BA,VH_3_MFA_BA__hybrid_optuna_060,2.453018348372088e-06,2.462417929567817e-08,0.0034285755318769,0.0953884572591072,61.06880527093914,6.602385674369326e-05,0.9373967552868376,98.0358170684921,2.388173316250226,True,True,True,True,True,True,True,False,True
VH_3_MFA_BA,VH,MFA_BA,VH_3_MFA_BA__hybrid_optuna_067,4.273159032267498e-08,5.601334913189664e-07,1.2948966651141548e-08,0.1609573428041699,21.56607865745987,1.3852651159766732e-05,8.543956811817788,121.50550509972804,3.8017411103886944,True,True,True,True,True,True,True,False,True
VH_3_MFA_BA,VH,MFA_BA,VH_3_MFA_BA__hybrid_optuna_068,1.3979998458257804e-06,3.433369396520503e-07,1.6394482822773465e-06,0.4275871495680474,8.088126437544192,1.338093994016873e-05,3.682598279080389,78.95740501079683,1.0327111960157933,True,True,True,True,True,True,True,False,True
VH_3_MFA_BA,VH,MFA_BA,VH_3_MFA_BA__hybrid_optuna_059,5.704562863987524e-07,9.390791963765068e-08,1.813178471698138e-07,0.0855000841354414,23.72286321231008,0.0009295168696931,0.4006123463107505,9.072454261617452,33.458022046811095,True,True,True,True,True,True,True,False,False
VH_3_MFA_BA,VH,MFA_BA,VH_3_MFA_BA__hybrid_optuna_074,1.6155118337375034e-07,2.090087891832059e-07,0.0001037624129059,0.2026366470677735,2.451573549456594,0.0009573361839553,1.1643240142304022e-05,144.58869910353957,12.804769946081976,True,True,True,True,True,True,False,False,False
VH_3_MFA_BA,VH,MFA_BA,VH_3_MFA_BA__hybrid_optuna_045,1.0049976207644057e-06,1.0114966996118174e-06,7.30808577103846e-08,0.0586243355372145,13.53921338050806,0.0009553139144436,12.076062134670678,138.64031963467903,10.107091928841152,True,True,True,True,True,True,True,False,False
VH_3_MFA_BA,VH,MFA_BA,VH_3_MFA_BA__hybrid_optuna_033,2.465189721405092e-07,6.617254002900422e-07,1.3499201070063541e-08,0.0504426834714647,162.24638350420213,0.0010252934511082,1.362875819457302,137.20120725484003,7.167612317275185,True,True,True,True,True,True,True,False,False
VH_3_MFA_BA,VH,MFA_BA,VH_3_MFA_BA__hybrid_optuna_009,8.70431024609294e-07,4.572919503350445e-07,3.45489285261851e-08,0.1792685901391193,8.764057414753653,0.0008463873063468,3.615376000438003,134.9777208828661,2.9971703553820097,True,True,True,True,True,True,True,False,True
VH_3_MFA_BA,VH,MFA_BA,VH_3_MFA_BA__hybrid_optuna_078,6.091274323578749e-07,3.920777008083989e-06,1.0641575216412764e-05,0.7190692654804315,13.564086581572592,0.0025459229560665,0.1375686687212337,117.54457269281572,7.847457314044342,True,True,True,True,True,True,True,False,False
VH_3_MFA_BA,VH,MFA_BA,VH_3_MFA_BA__hybrid_optuna_072,2.8293646123764707e-08,1.491989938364826e-07,5.062406437727952e-05,0.2796135199062978,23.97411198916046,0.0002460977778511,2.91894726972138,149.81977925995847,12.80997528518405,True,True,True,True,True,True,True,False,False
VH_3_MFA_BA,VH,MFA_BA,VH_3_MFA_BA__hybrid_optuna_010,6.938023909321007e-07,6.050892038014132e-07,1.0167074527689804e-06,0.4660375475554699,8.514535577084658,0.0007995184551105,3.4744232821640666,133.83045025497128,2.1686111543148456,True,True,True,True,True,True,True,False,True
VH_3_MFA_BA,VH,MFA_BA,VH_3_MFA_BA__hybrid_optuna_057,3.471820101296331e-06,1.0234470248139232e-05,3.5994391569364126e-08,0.0755507255738379,18.3622115722705,0.0002234090863841,5.391575849607807,142.74164836611646,15.48966377951768,True,True,True,True,True,True,True,False,False
VH_3_MFA_BA,VH,MFA_BA,VH_3_MFA_BA__hybrid_optuna_070,1.17044042722795e-06,5.1897712539705e-08,0.0735083468349618,0.155731626825435,12.225297679115544,0.0002197917822244,4.368793010432295,126.75541448347887,18.037204506924933,True,True,False,True,True,True,True,False,False
VH_3_MFA_BA,VH,MFA_BA,VH_3_MFA_BA__hybrid_optuna_041,1.9939420534600253e-05,2.5166459547016133e-08,3.058094687068038e-07,0.399627532385827,4.017197940756438,0.0008167860692158,0.4192135937542979,138.02384821823134,1.8949077233312,True,True,True,True,True,True,True,False,True
VH_3_MFA_BA,VH,MFA_BA,VH_3_MFA_BA__hybrid_optuna_061,7.15962540101447e-08,1.0302355306359835e-06,2.0584373696838386e-07,0.1741972605495702,11.118931020514117,0.0007390291481636,0.0468103271088352,128.0717547185405,4.288675987851335,True,True,True,True,True,True,True,False,True
VH_3_MFA_BA,VH,MFA_BA,VH_3_MFA_BA__hybrid_optuna_043,6.513926656307105e-08,1.884752288677055e-06,3.787800865556824e-07,0.1613589887320667,63.51143931681636,0.0006834106165916,1.7531465072271757,129.8258362986474,1.2546086299768353,True,True,True,True,True,True,True,False,True
VH_3_MFA_BA,VH,MFA_BA,VH_3_MFA_BA__hybrid_optuna_052,3.977361777916617e-06,1.0006021688130525e-08,1.4519857908371148e-07,4.969770397565083,21.43188847422134,0.0007814096944614,19.62254119003005,116.75347954489618,0.0367991474992026,True,True,True,True,True,True,True,False,True
VH_3_MFA_BA,VH,MFA_BA,VH_3_MFA_BA__hybrid_optuna_058,7.956200468910103e-07,3.1465977386692776e-08,2.3806775957115556e-08,0.0649652164157775,12.288673681854842,0.0002743376804046,1.3365169772247232,148.97282423175426,47.378176208779706,True,True,True,True,True,True,True,False,False
VH_3_MFA_BA,VH,MFA_BA,VH_3_MFA_BA__hybrid_optuna_056,2.0600486929092895e-07,3.6449956109129857e-07,1.0598306464503045e-08,0.2217556465349454,12.763868315654037,0.0007410596748031,13.380863044094482,131.878654160912,5.6502373987590895,True,True,True,True,True,True,True,False,False
VH_3_MFA_BA,VH,MFA_BA,VH_3_MFA_BA__hybrid_optuna_063,3.2869099952976614e-05,1.3625055225590788e-06,4.135099326555407e-08,0.1370572295128176,15.88491760511607,0.0008280419904313,1.0550450362583226,141.75139215761405,0.0525721125476892,True,True,True,True,True,True,True,False,True
VH_3_MFA_BA,VH,MFA_BA,VH_3_MFA_BA__hybrid_optuna_039,4.272228116102754e-07,1.0370744753086046e-06,2.5807446400855593e-08,0.0613493319793053,24.238265241945943,0.0003109303758554,2.886897957500293,129.29653367720218,3.0931998094064856,True,True,True,True,True,True,True,False,True
VH_3_MFA_BA,VH,MFA_BA,VH_3_MFA_BA__hybrid_optuna_046,1.1136278486800116e-08,8.06377174969453e-08,4.803094099305017e-08,0.1812478687926784,490.08929092786286,0.0003235766254967,17.024047164554204,102.9615201699151,0.0010364659034918,True,True,True,True,False,True,True,False,True
VH_3_MFA_BA,VH,MFA_BA,VH_3_MFA_BA__hybrid_optuna_017,1.53942130499043e-07,1.688615275789527e-05,1.9692340244516562e-08,4.179384863860912,11.514447042766449,0.0006089512319904,0.2928201728624018,71.83345410614012,0.1115654500936016,True,True,True,True,True,True,True,False,True
VH_3_MFA_BA,VH,MFA_BA,VH_3_MFA_BA__hybrid_optuna_048,2.6152825306749292e-08,1.4331897824651958e-07,4.075173392676908e-07,0.2770794216586242,415.4816523287662,0.0003320258070519,11.156918462586772,93.6125290758548,0.0017237974679028,True,True,True,True,False,True,True,False,True
VH_3_MFA_BA,VH,MFA_BA,VH_3_MFA_BA__hybrid_optuna_077,1.7670169402947916e-06,0.0050615768887523,0.0013303245101522,1.192617378922354,1.4690139693517672,4.207053950287933e-05,2.3226650368137e-05,129.92642186624028,0.6677615511747083,True,True,True,True,True,True,False,False,True
VH_3_MFA_BA,VH,MFA_BA,VH_3_MFA_BA__hybrid_optuna_098,2.2509860534032792e-05,2.025343101142444e-07,8.976415211329947e-07,0.7283088328277747,2.529195119267803,0.0001535440759945,4.101983762125477,136.29980611309568,0.39513917439043,True,True,True,True,True,True,True,False,True
VH_3_MFA_BA,VH,MFA_BA,VH_3_MFA_BA__hybrid_optuna_076,0.0053686597078577,1.5753487904010533e-08,1.6829120004453034e-08,8.803896884179249,34.1031539113459,0.0022338488114158,6.982492232029222,127.00417680024609,0.02180571706819,False,True,True,True,True,True,True,False,True
VH_3_MFA_BA,VH,MFA_BA,VH_3_MFA_BA__hybrid_optuna_049,1.0985549596309316e-08,4.569268551954536e-07,9.729286764092337e-08,0.2273680004427412,452.5376620459507,0.0003755972453684,8.911133285568093,100.12509213006128,0.0012987588173561,True,True,True,True,False,True,True,False,True
VH_3_MFA_BA,VH,MFA_BA,VH_3_MFA_BA__hybrid_optuna_037,3.4408082814350806e-06,9.521759623594265e-08,0.0039869819265784,0.2421277949379354,29.18799054107072,0.0006173163276102,16.73117436522566,132.88667318407428,34.0149443898985,True,True,True,True,True,True,True,False,False
VH_3_MFA_BA,VH,MFA_BA,VH_3_MFA_BA__hybrid_optuna_080,6.875725259596297e-07,2.320312362545029e-08,0.0327710896573971,0.3389005769153331,38.23901695147837,0.0003894940844377,0.1267306681252607,22.683030951287243,4.625293263990373,True,True,True,True,True,True,True,False,True
VH_3_MFA_BA,VH,MFA_BA,VH_3_MFA_BA__hybrid_optuna_079,0.000177188473548,1.3289448722869162e-08,0.0615699732823519,4.115716865497774,2.167640897475782,5.337032762603954e-05,0.0001430992369351,45.63633644393066,0.2922905212920093,True,True,False,True,True,True,True,False,True
VH_3_MFA_BA,VH,MFA_BA,VH_3_MFA_BA__hybrid_optuna_081,0.006004480331788,0.0004748639643733,9.76013370601731e-06,9.548355205193293,0.7266775437909891,0.0001369909773816,1.3115883350761597,149.75315882671157,2.806064524106942,False,True,True,True,False,True,True,False,True
VH_3_MFA_BA,VH,MFA_BA,VH_3_MFA_BA__hybrid_optuna_047,1.1456760369900677e-08,1.064690529162523e-07,4.648626185707058e-08,0.0512824168182616,453.69882857257016,0.000504701426272,19.00963654820169,89.77242733906975,0.0012190100136172,True,True,True,True,False,True,True,False,True
VH_3_MFA_BA,VH,MFA_BA,VH_3_MFA_BA__hybrid_optuna_038,8.465732429905076e-08,5.8038786587745964e-08,1.6779325438607757e-08,0.1711102790218034,9.848683621438727,0.0005755268367211,5.311868948431786,131.85426595197265,0.5000382399517938,True,True,True,True,True,True,True,False,True
VH_3_MFA_BA,VH,MFA_BA,VH_3_MFA_BA__hybrid_optuna_042,9.261096681305436e-07,1.9565632517924053e-08,0.0415382498209699,0.052214107752287,28.12484313176732,0.0004299811037181,2.61990194037119,126.67107175100044,0.7687294740695417,True,True,True,True,True,True,True,False,True
VH_3_MFA_BA,VH,MFA_BA,VH_3_MFA_BA__hybrid_optuna_029,9.450328107401556e-07,3.597250394988002e-08,3.3919115910720615e-08,3.0866004905861266,29.578155124244383,0.0004743015263786,4.781744117623398,129.31765342150914,0.0125974892109013,True,True,True,True,True,True,True,False,True
VH_3_MFA_BA,VH,MFA_BA,VH_3_MFA_BA__hybrid_optuna_040,2.185583227519303e-07,3.226595908706156e-07,1.6430707942088317e-07,0.0982242951846897,11.03060327660195,0.000533209068076,5.930130812905637,125.11924164650613,3.4263383825574287,True,True,True,True,True,True,True,False,True
VH_3_MFA_BA,VH,MFA_BA,VH_3_MFA_BA__hybrid_optuna_085,2.537527805005981e-08,5.641230763630611e-06,0.0003363731733646,0.18536610865063,0.8437662848100107,0.0004068182017981,17.512545415036833,120.55954647581996,5.423102131897267,True,True,True,True,False,True,True,False,False
VH_3_MFA_BA,VH,MFA_BA,VH_3_MFA_BA__hybrid_optuna_097,5.227096242432676e-06,3.811668256045733e-08,5.3043857296165135e-08,0.0869187923334462,4.602113587625647,0.031500325464706,0.0384884672468958,112.01414065056636,22.830359457555776,True,True,True,True,True,True,True,False,False
VH_3_MFA_BA,VH,MFA_BA,VH_3_MFA_BA__hybrid_optuna_082,2.049468756915955e-06,2.501473865367844e-06,1.1425756769848049e-07,0.1412073201341753,4.710220935488136,0.0006566405962972,0.7122730740288277,145.97796512823308,6.658928341372817,True,True,True,True,True,True,True,False,False
VH_3_MFA_BA,VH,MFA_BA,VH_3_MFA_BA__hybrid_optuna_066,2.917297692848558e-06,7.043038618095224e-07,3.382114655730542e-05,0.5832500361969415,3.527884078834865,0.0004881031702634,0.0010905175254124,36.91024220283122,4.122220489986018,True,True,True,True,True,True,True,False,True
VH_3_MFA_BA,VH,MFA_BA,VH_3_MFA_BA__hybrid_optuna_083,1.1897228829757333e-06,4.109470237431802e-06,6.019277973717296e-07,0.0846796216678048,18.672938192114376,0.0010753442039491,0.0001206586445994,123.25784038729208,1.524474985090326,True,True,True,True,True,True,True,False,True
VH_3_MFA_BA,VH,MFA_BA,VH_3_MFA_BA__hybrid_optuna_090,1.8027524115426934e-05,5.645754815982857e-06,1.1145194139639945e-07,0.0696361872532531,15.489583808192217,0.0035021815974378,6.5679639746310565,143.66182537101548,40.53201292586288,True,True,True,True,True,True,True,False,False
VH_3_MFA_BA,VH,MFA_BA,VH_3_MFA_BA__hybrid_optuna_086,3.795093669912909e-07,1.9030282148041027e-05,6.518513042212959e-07,1.036819913899446,19.81298081948225,0.0057521830068062,0.0013923944274032,143.57665383835266,0.1631832650466936,True,True,True,True,True,True,True,False,True
VH_3_MFA_BA,VH,MFA_BA,VH_3_MFA_BA__hybrid_optuna_096,1.7917255166606069e-06,3.975016211756641e-05,0.0007946549173037,0.1415693762146816,5.224743026227007,0.0023426400951399,0.7652023131535619,133.26406406253895,0.3365331027742485,True,True,True,True,True,True,True,False,True
VH_3_MFA_BA,VH,MFA_BA,VH_3_MFA_BA__hybrid_optuna_095,8.476984226153839e-07,0.0002007393696559,3.1275728743559287e-06,0.3033170002508498,5.849277975492336,0.0029766408546176,0.4877209578275781,77.12110763017576,0.8745941260116792,True,True,True,True,True,True,True,False,True
VH_4_MFA_BA,VH,MFA_BA,VH_4_MFA_BA__hybrid_optuna_001,0.0004988258515632,0.0033856572930096,9.653300938383145e-06,0.4260744122470449,219.7340920890909,0.0392429810950654,0.0151447986382835,43.359773777887895,22.87010427722599,True,True,True,True,True,True,True,False,False
VH_4_MFA_BA,VH,MFA_BA,VH_4_MFA_BA__hybrid_post_001,0.0004988258515632,0.0033856572930096,9.653300938383145e-06,0.4260744122470449,219.7340920890909,0.0392429810950654,0.0151447986382835,43.359773777887895,22.87010427722599,True,True,True,True,True,True,True,False,False
VH_4_MFA_BA,VH,MFA_BA,VH_4_MFA_BA__hybrid_pre_07,0.0010372803440127,2.2174885564303987e-05,8.794145686213767e-05,1.5799874999695134,32.89666784601452,0.0066382429656991,0.0065807275701597,12.223863578540897,0.0610608975447179,True,True,True,True,True,True,True,False,True
VH_4_MFA_BA,VH,MFA_BA,VH_4_MFA_BA__hybrid_optuna_080,0.0010372803440127,2.2174885564303987e-05,8.794145686213767e-05,1.5799874999695134,32.89666784601452,0.0066382429656991,0.0065807275701597,12.223863578540897,0.0610608975447179,True,True,True,True,True,True,True,False,True
VH_4_MFA_BA,VH,MFA_BA,VH_4_MFA_BA__hybrid_optuna_003,1.4242061221626168e-05,9.966148408451902e-05,7.128048881440189e-07,0.5125668577456952,108.41080092458552,0.0015707572533773,0.3286469638558156,11.2950692925172,0.1546433997214715,True,True,True,True,True,True,True,False,True
VH_4_MFA_BA,VH,MFA_BA,VH_4_MFA_BA__hybrid_post_003,1.450425942421783e-05,0.0001237017888455,7.049860792871213e-07,0.5136938706337513,112.97244650824152,0.0014735768621595,0.3326617161005964,11.59064667220686,0.1568011895432341,True,True,True,True,True,True,True,False,True
VH_4_MFA_BA,VH,MFA_BA,VH_4_MFA_BA__hybrid_optuna_088,1.1741633364539965e-07,0.0039552323360892,1.1293569666046962e-08,0.1876572632038594,0.5559979832948205,1.42856761240024e-05,11.156918462586772,146.4209849786993,4.811185305147927,True,True,True,True,False,True,True,False,True
VH_4_MFA_BA,VH,MFA_BA,VH_4_MFA_BA__hybrid_optuna_017,9.335129853392506e-05,1.5354123853644286e-05,3.540672331774236e-08,1.8448224977455177,74.67374973252505,0.0081962097034451,2.9952882229545947,7.50738159392758,0.0554075742889136,True,True,True,True,True,True,True,False,True
VH_4_MFA_BA,VH,MFA_BA,VH_4_MFA_BA__hybrid_optuna_031,1.082926698622016e-05,0.0007149256977927,0.0124542902323708,0.3952349983188448,285.7578135194112,0.0102869378710437,0.0801580061913705,27.79970248837887,49.19303613727589,True,True,True,True,True,True,True,False,False
VH_4_MFA_BA,VH,MFA_BA,VH_4_MFA_BA__hybrid_optuna_007,8.11678375049569e-06,0.0001425233092223,6.074975185435048e-06,1.109829760219038,186.4128235491152,0.0025211526159638,0.4759219023249157,18.12187689035232,0.2025986187732583,True,True,True,True,True,True,True,False,True
VH_4_MFA_BA,VH,MFA_BA,VH_4_MFA_BA__hybrid_optuna_024,5.916118409532687e-05,7.5140953357471325e-06,1.950233133517673e-08,0.5770280709912267,46.07731887695723,0.0016919692008142,0.0225840206895232,15.003013726602218,0.1270112909032903,True,True,True,True,True,True,True,False,True
VH_4_MFA_BA,VH,MFA_BA,VH_4_MFA_BA__hybrid_optuna_021,0.0021454853726576,0.0031834932330428,1.2013691318401963e-06,0.4232549888563962,343.61481172448185,0.084456416046634,0.0038551891224609,52.04732403422236,25.14582948917624,True,True,True,True,False,True,True,False,False
VH_4_MFA_BA,VH,MFA_BA,VH_4_MFA_BA__hybrid_optuna_045,0.0036629974347564,0.0057855996567698,1.6375676625074812e-06,0.2743725770455442,139.17537678156634,0.0296479275010814,0.0157921032240781,35.77567682251605,15.023498560174174,True,True,True,True,True,True,True,False,False
VH_4_MFA_BA,VH,MFA_BA,VH_4_MFA_BA__hybrid_optuna_062,0.0019663823502204,0.0020612244288783,2.9073305512692803e-06,0.4987688685921932,454.1030590301635,0.0500420391503597,0.0081375648277031,62.64065939447764,41.68600246991214,True,True,True,True,False,True,True,False,False
VH_4_MFA_BA,VH,MFA_BA,VH_4_MFA_BA__hybrid_optuna_018,0.0003507060233976,0.0041746094673634,9.758924733520212e-06,0.4672452730114249,176.96033246480098,0.0458297098549324,0.0058084732592028,42.23156727535546,11.817010988775918,True,True,True,True,True,True,True,False,False
VH_4_MFA_BA,VH,MFA_BA,VH_4_MFA_BA__hybrid_optuna_015,0.0005828735255047,0.0021568668162031,1.3900403874070317e-05,0.3607417550392349,402.5552376172579,0.0196687031204967,0.0220724650621561,148.78893332715165,13.04682446606428,True,True,True,True,False,True,True,False,False
VH_4_MFA_BA,VH,MFA_BA,VH_4_MFA_BA__hybrid_optuna_014,0.0004568124295615,0.0072934261994431,2.6581680389419224e-06,0.3939734155211634,249.11226356179728,0.0198518857217511,0.0230184805942878,34.180943906732416,16.736156721579988,True,True,True,True,True,True,True,False,False
VH_4_MFA_BA,VH,MFA_BA,VH_4_MFA_BA__hybrid_optuna_041,0.0040763343019073,0.0006247987264483,1.2655168877124535e-06,0.1507355356951814,403.3261341435739,0.0105646794087826,0.1090951329254453,39.88901714000953,2.8654353126192413,True,True,True,True,False,True,True,False,True
VH_4_MFA_BA,VH,MFA_BA,VH_4_MFA_BA__hybrid_pre_06,0.0002273248216587,6.0134752955385566e-05,0.0005418197065945,2.786019625980197,21.62389411493181,0.0188528005571419,0.0112539379254947,1.0000004185179876e-10,0.1004417557785641,True,True,True,True,True,True,True,False,True
VH_4_MFA_BA,VH,MFA_BA,VH_4_MFA_BA__hybrid_optuna_073,0.0002273248216587,6.0134752955385566e-05,0.0005418197065945,2.786019625980197,21.62389411493181,0.0188528005571419,0.0112539379254947,1.0000004185179876e-10,0.1004417557785641,True,True,True,True,True,True,True,False,True
VH_4_MFA_BA,VH,MFA_BA,VH_4_MFA_BA__hybrid_optuna_013,0.0027289125308292,0.000966985830798,1.7894521615702334e-06,0.6345057318277715,99.91913418920664,0.0318906985413496,0.0548279884625089,29.45697455042813,5.502107785712908,True,True,True,True,True,True,True,False,False
VH_4_MFA_BA,VH,MFA_BA,VH_4_MFA_BA__hybrid_optuna_068,0.0075413282734617,0.0008548176850247,3.84814775593582e-06,0.6223254644334498,290.9288409383233,0.0345806095605387,0.0305245870900509,36.40221687268584,14.401769153988178,False,True,True,True,True,True,True,False,False
VH_4_MFA_BA,VH,MFA_BA,VH_4_MFA_BA__hybrid_optuna_010,0.0004758321189037,0.0037387877143053,1.1891274808166732e-05,0.4266646173592149,227.35334010977863,0.0203803016959627,0.0175680391181896,34.593178722916065,15.972451208279058,True,True,True,True,True,True,True,False,False
VH_4_MFA_BA,VH,MFA_BA,VH_4_MFA_BA__hybrid_pre_05,0.0002615321486465,3.07211410020035e-05,0.0003015380807013,1.5649804362525348,45.18052264394723,0.0044414211958931,0.0076726646989322,7.601483719270147e-11,0.1265522383680169,True,True,True,True,True,True,True,False,True
VH_4_MFA_BA,VH,MFA_BA,VH_4_MFA_BA__hybrid_optuna_075,0.0002615321486465,3.07211410020035e-05,0.0003015380807013,1.5649804362525348,45.18052264394723,0.0044414211958931,0.0076726646989322,7.601483719270147e-11,0.1265522383680169,True,True,True,True,True,True,True,False,True
VH_4_MFA_BA,VH,MFA_BA,VH_4_MFA_BA__hybrid_optuna_040,0.0005000719553829,0.0033461562610797,9.516445268843442e-06,0.4368017900799269,205.04452441593432,0.0192258621554001,0.0152184818580172,38.31106831093835,18.86035188513214,True,True,True,True,True,True,True,False,False
VH_4_MFA_BA,VH,MFA_BA,VH_4_MFA_BA__hybrid_optuna_066,0.0005799699591085,0.0003316446126853,3.5748173517482725e-08,0.9765909795465184,254.7844503625057,0.0384025989201304,5.789870574406583,24.2878393444272,0.0359144577560021,True,True,True,True,True,True,True,False,True
VH_4_MFA_BA,VH,MFA_BA,VH_4_MFA_BA__hybrid_optuna_011,0.0002204468905469,0.0003612186399235,3.527902802798702e-07,0.2729201378190658,334.4357591854311,0.0131020379594689,0.0039980876812636,28.42195987343151,3.216518525512172,True,True,True,True,False,True,True,False,True
VH_4_MFA_BA,VH,MFA_BA,VH_4_MFA_BA__hybrid_optuna_016,0.0001525854973604,0.0003211444704439,9.998448021946132e-08,0.3056182578671014,471.5158484339861,0.013808341523159,0.2059740824284016,22.00346416397387,6.636031444195549,True,True,True,True,False,True,True,False,False
VH_4_MFA_BA,VH,MFA_BA,VH_4_MFA_BA__hybrid_pre_08,0.0001095631392763,1.3268267248981284e-05,0.0006873784410463,2.0813075075062266,59.4110771327502,0.0061294939378394,0.0042475852817007,5.8947652559132015e-08,0.0204055178475594,True,True,True,True,True,True,True,False,True
VH_4_MFA_BA,VH,MFA_BA,VH_4_MFA_BA__hybrid_optuna_067,0.0001095631392763,1.3268267248981284e-05,0.0006873784410463,2.0813075075062266,59.4110771327502,0.0061294939378394,0.0042475852817007,5.8947652559132015e-08,0.0204055178475594,True,True,True,True,True,True,True,False,True
VH_4_MFA_BA,VH,MFA_BA,VH_4_MFA_BA__hybrid_optuna_004,0.0004513612074262,0.0020997950537515,1.4148126578218274e-06,0.4263558805857262,431.56445919559496,0.0154868686234648,0.0166657029937706,36.7885167213649,20.79055606631,True,True,True,True,False,True,True,False,False
VH_4_MFA_BA,VH,MFA_BA,VH_4_MFA_BA__hybrid_optuna_006,0.0039699631147481,0.0012708669200606,1.6566346416060266e-06,0.508407615414247,106.47863328620966,0.0189200401566936,0.0509365379425544,27.128027597796653,5.1671121859265,True,True,True,True,True,True,True,False,False
VH_4_MFA_BA,VH,MFA_BA,VH_4_MFA_BA__hybrid_optuna_002,2.051680285210128e-05,0.0001549472187665,4.245960208469225e-06,0.6939020361705235,182.0703419029674,0.0023050148174071,0.3908613961693493,34.26279682702402,0.0216125719952882,True,True,True,True,True,True,True,False,True
VH_4_MFA_BA,VH,MFA_BA,VH_4_MFA_BA__hybrid_post_002,2.051680285210128e-05,0.0001549472187665,4.245960208469225e-06,0.6939020361705235,182.0703419029674,0.0023050148174071,0.3908613961693493,34.26279682702402,0.0216125719952882,True,True,True,True,True,True,True,False,True
VH_4_MFA_BA,VH,MFA_BA,VH_4_MFA_BA__hybrid_optuna_008,0.000141015188194,0.0002964693745596,1.2096371993521634e-07,0.4020118834275455,499.3768650438123,0.0136862152192035,0.1708905187107068,20.769074459283672,2.1636961796774803,True,True,True,True,False,True,True,False,True
VH_4_MFA_BA,VH,MFA_BA,VH_4_MFA_BA__hybrid_optuna_046,0.0003803135475235,0.0024893083981794,2.9420822465375847e-05,0.2340267313968869,221.6392238682889,0.0628215221905975,0.0168147150450184,33.748373499394425,11.19080016309768,True,True,True,True,True,True,True,False,False
VH_4_MFA_BA,VH,MFA_BA,VH_4_MFA_BA__hybrid_optuna_056,1.0804133765850752e-05,1.4973302645743169e-05,0.0001344572820843,0.5940439860138369,228.42672919440747,0.0017400930499031,0.7524881865692506,11.525626764870982,0.0609129077173902,True,True,True,True,True,True,True,False,True
VH_4_MFA_BA,VH,MFA_BA,VH_4_MFA_BA__hybrid_optuna_069,0.0008427181293678,0.0013491603027637,2.2524044862878108e-05,0.3158813493164935,227.7125357370668,0.0220560188776687,0.0261087610848516,15.671173024263176,29.735975071993007,True,True,True,True,True,True,True,False,False
VH_4_MFA_BA,VH,MFA_BA,VH_4_MFA_BA__hybrid_optuna_005,0.0004739814113069,0.0003115626723144,1.5788556919877987e-06,0.4480231716461097,436.9379242330356,0.0136480824723956,0.0159309680534369,27.27565664204674,13.057391596508852,True,True,True,True,False,True,True,False,False
VH_4_MFA_BA,VH,MFA_BA,VH_4_MFA_BA__hybrid_optuna_009,0.0044448002066674,0.0002334652292079,1.9611925357797964e-06,0.448866087051533,186.44258593452088,0.0213879456604299,0.0117008359823209,33.600164515421845,38.002274742810016,True,True,True,True,True,True,True,False,False
VH_4_MFA_BA,VH,MFA_BA,VH_4_MFA_BA__hybrid_optuna_084,0.0021377055701421,0.0001118403376477,2.189999370804576e-06,0.902534831048233,87.90652632477347,0.0089709030245551,0.0538837384214676,26.70965210324052,0.067784774173627,True,True,True,True,True,True,True,False,True
VH_4_MFA_BA,VH,MFA_BA,VH_4_MFA_BA__hybrid_optuna_012,0.0006914063578777,0.002933473170941,2.527185575912465e-06,0.7724050292993833,421.1100647748834,0.0118246587170135,0.1486827910246582,110.78683494522816,5.483378875786014,True,True,True,True,False,True,True,False,False
VH_4_MFA_BA,VH,MFA_BA,VH_4_MFA_BA__hybrid_optuna_070,3.341997288727401e-05,3.3743929084913536e-06,6.245033084800463e-05,0.7360593267486502,16.18839699888279,0.0011305153916267,0.0975451431356282,25.38306762876609,0.0118140029649738,True,True,True,True,True,True,True,False,True
VH_4_MFA_BA,VH,MFA_BA,VH_4_MFA_BA__hybrid_optuna_061,0.0003237207796472,1.1133182873358383e-06,7.562303799771235e-07,2.93594565391055,78.82810713348867,0.0120790420932714,16.73117436522566,22.24351960511301,0.4116461199368643,True,True,True,True,True,True,True,False,True
VH_4_MFA_BA,VH,MFA_BA,VH_4_MFA_BA__hybrid_optuna_026,0.0002842890440071,5.434067598593824e-06,2.6884324430099152e-08,3.442082757065581,329.15423172002454,0.0032835621205155,1.8340020946935425,17.605478568016245,0.1771339751075246,True,True,True,True,False,True,True,False,True
VH_4_MFA_BA,VH,MFA_BA,VH_4_MFA_BA__hybrid_optuna_027,0.0001680794598532,1.7642198623863103e-05,4.266619373217707e-07,5.931827948153108,135.01764254167858,0.0073686243787314,1.5863788386215836,37.970220302022696,0.7706649414372011,True,True,True,True,True,True,True,False,True
VH_4_MFA_BA,VH,MFA_BA,VH_4_MFA_BA__hybrid_optuna_030,0.0095761407925414,0.0015209462304931,3.424337313160928e-06,0.5110258859193904,109.06460946031324,0.0010317231989693,0.0355151494131745,49.42887001486001,1.0555345394556228,False,True,True,True,True,True,True,False,True
VH_4_MFA_BA,VH,MFA_BA,VH_4_MFA_BA__hybrid_optuna_034,2.976021746294746e-05,0.0001721201290418,7.418898746124532e-06,0.7078189269357884,10.492277436600055,0.0007643131834905,7.024004123486903e-05,35.08337406510402,0.0102064430517583,True,True,True,True,True,True,False,False,True
VH_4_MFA_BA,VH,MFA_BA,VH_4_MFA_BA__hybrid_optuna_035,4.903566047393236e-05,0.0001805448717748,6.584444983637322e-06,0.7686652510822375,13.25239817894887,0.0008427441235293,0.0688943656819753,31.293702125522827,0.0129231079144275,True,True,True,True,True,True,True,False,True
VH_4_MFA_BA,VH,MFA_BA,VH_4_MFA_BA__hybrid_optuna_037,0.0012254182533958,2.615010355610742e-05,3.3047252233332165e-08,3.897596778648895,187.9535623444534,0.0043384765307028,0.2927342101589034,9.960620334668812,0.0868385635754964,True,True,True,True,True,True,True,False,True
VH_4_MFA_BA,VH,MFA_BA,VH_4_MFA_BA__hybrid_optuna_038,0.0008247459323653,0.0010629135994859,5.362320580408487e-07,0.7166641767273819,106.90818988583516,0.0007769056828064,0.0022848048171275,20.23115499316434,1.5026761184031407,True,True,True,True,True,True,True,False,True
VH_4_MFA_BA,VH,MFA_BA,VH_4_MFA_BA__hybrid_optuna_039,2.411118907990429e-05,0.0015181527076299,2.0273057414175628e-05,0.5461545939617015,11.80953122128342,0.0006019096496704,6.269360753421103e-05,49.20929408539912,0.0096652964912493,True,True,True,True,True,True,False,False,True
VH_4_MFA_BA,VH,MFA_BA,VH_4_MFA_BA__hybrid_optuna_042,4.34706181393448e-08,0.0014761266305747,2.9637271092175685e-07,0.149337179433846,10.267703983530096,2.8126195224920432e-05,7.841907896925073e-05,78.04000646569122,0.0055855402064309,True,True,True,True,True,True,False,False,True
VH_4_MFA_BA,VH,MFA_BA,VH_4_MFA_BA__hybrid_optuna_047,3.3178558200732747e-08,0.0015838028794647,2.1505560524430068e-05,0.3475570499770177,12.225987607162066,2.784736966955173e-05,6.785816052068679e-05,47.73098742165264,0.0010256402961361,True,True,True,True,True,True,False,False,True
VH_4_MFA_BA,VH,MFA_BA,VH_4_MFA_BA__hybrid_optuna_048,1.0676790422275236e-08,0.0005366499857179,1.4716401311693234e-06,0.0512610969486515,0.5275559801240932,1.1214955449117664e-05,0.0005571088675761,87.16454732686566,0.0018255486426233,True,True,True,True,False,True,True,False,True
VH_4_MFA_BA,VH,MFA_BA,VH_4_MFA_BA__hybrid_optuna_051,1.8950708900499857e-06,1.2429307069613616e-08,0.0587715113199725,7.920902657579767,2.2027880656403496,4.781107784725181e-05,1.3767125749219675e-05,64.06684584499976,1.5711611334786644,True,True,False,True,True,True,False,False,True
VH_4_MFA_BA,VH,MFA_BA,VH_4_MFA_BA__hybrid_optuna_049,1.1990627027317798e-08,0.0061948055161047,1.980697601550337e-07,0.0724837014915406,2.8325101109673185,1.3271042689493891e-05,0.0003470797882863,70.12050914264131,1.4482498539465862,True,True,True,True,True,True,True,False,True
VH_4_MFA_BA,VH,MFA_BA,VH_4_MFA_BA__hybrid_optuna_095,8.715973616811341e-07,1.094984304424576e-08,0.0496869443773305,9.85031315360875,4.526909870021316,0.0002196051554846,1.2497329497935364e-05,112.98365910397084,1.9477162020345955,True,True,True,True,True,True,False,False,True
VH_4_MFA_BA,VH,MFA_BA,VH_4_MFA_BA__hybrid_optuna_019,8.238916343977082e-05,2.471681338554356e-05,1.029196570848742e-07,1.6409068743330903,272.9970364232131,0.0034224334761633,0.2664974776096755,9.32217565903756,0.0736649091974364,True,True,True,True,True,True,True,False,True
VH_4_MFA_BA,VH,MFA_BA,VH_4_MFA_BA__hybrid_optuna_028,6.147000918520943e-06,0.0019084613155661,9.832347610136529e-07,0.6558112706452379,82.13394236626887,0.0014436674869967,0.6285275183482636,40.11325880909549,0.0028583872231402,True,True,True,True,True,True,True,False,True
VH_4_MFA_BA,VH,MFA_BA,VH_4_MFA_BA__hybrid_optuna_050,4.638355602659701e-08,0.0095040160129582,2.875766351928033e-07,0.1047257465588345,3.4168379747723643,2.051303434179688e-05,0.0010301332605112,98.5862349581366,0.0044899117592487,True,True,True,True,True,True,True,False,True
VH_4_MFA_BA,VH,MFA_BA,VH_4_MFA_BA__hybrid_optuna_085,0.006004480331788,0.0004748639643733,5.6875651398563565e-06,0.2464053874506457,7.58947017573303,0.0013255240424677,0.0968775352436912,31.415712098616112,0.0144088048391078,False,True,True,True,True,True,True,False,True
VH_4_MFA_BA,VH,MFA_BA,VH_4_MFA_BA__hybrid_optuna_044,2.3500130978264765e-07,0.0010331405127767,1.5002975997208669e-05,0.2170005206087338,8.514535577084658,3.1409057291036936e-05,9.342471967350883e-05,73.13258127121586,0.0033636709999157,True,True,True,True,True,True,False,False,True
VH_4_MFA_BA,VH,MFA_BA,VH_4_MFA_BA__hybrid_optuna_090,1.5591012869353974e-06,1.676489942879634e-06,6.140548327989242e-08,4.916200070681571,157.5751275425391,0.0054394301427567,0.3988058981598315,6.275884667984606,0.0192178277253622,True,True,True,True,True,True,True,False,True
VH_4_MFA_BA,VH,MFA_BA,VH_4_MFA_BA__hybrid_optuna_065,3.700285383408067e-06,4.193009661021901e-06,3.6593050841440783e-06,1.0642531172877654,187.45844482142127,0.0023571093093337,3.195885440145504,17.26097868060239,0.038746761779451,True,True,True,True,True,True,True,False,True
VH_4_MFA_BA,VH,MFA_BA,VH_4_MFA_BA__hybrid_optuna_052,4.774293202154754e-08,0.0060638527880518,2.70636691389845e-07,0.0925822215509681,3.832382657376385,1.1058711469723218e-05,0.0011207429789358,100.3157879850039,0.0045152709063927,True,True,True,True,True,True,True,False,True
VH_4_MFA_BA,VH,MFA_BA,VH_4_MFA_BA__hybrid_optuna_036,2.071780105875439e-05,0.0002042845166252,6.250907951449468e-06,0.7498461136183157,392.66446723061887,0.0005215640502346,1.0010057382658908,31.93767379713261,0.0252025914189835,True,True,True,True,False,True,True,False,True
VH_4_MFA_BA,VH,MFA_BA,VH_4_MFA_BA__hybrid_optuna_020,6.035021455186863e-06,0.0050841391554357,4.04432318860712e-06,0.8257159240820037,161.60797496662403,0.0534244854514633,0.0731298571914139,26.381751501095643,25.19019645291213,True,True,True,True,True,True,True,False,False
VH_4_MFA_BA,VH,MFA_BA,VH_4_MFA_BA__hybrid_optuna_023,8.937002947538903e-05,6.082578509556273e-05,1.3547950953831322e-08,1.3844604658968962,128.51913986153383,0.0056630037867163,2.6326370128581207,6.161368672029894,0.1705704848319336,True,True,True,True,True,True,True,False,True
VH_4_MFA_BA,VH,MFA_BA,VH_4_MFA_BA__hybrid_optuna_071,9.440399856064618e-05,1.2434321665144727e-05,9.424631677169196e-08,2.195140155311366,66.16124811766026,0.0245505694905475,2.907448282352567,41.50329385527381,0.0466322284878391,True,True,True,True,True,True,True,False,True
VH_4_MFA_BA,VH,MFA_BA,VH_4_MFA_BA__hybrid_optuna_054,1.7670169402947916e-06,0.0050615768887523,0.0013303245101522,1.192617378922354,1.4690139693517672,4.207053950287933e-05,2.3226650368137e-05,129.92642186624028,0.6677615511747083,True,True,True,True,True,True,False,False,True
VH_4_MFA_BA,VH,MFA_BA,VH_4_MFA_BA__hybrid_optuna_029,0.0014337049296348,0.0004206329929185,1.0399566476418472e-06,0.521257204324343,54.88020856509427,0.0025943101474692,0.006670636955985,45.654351530272,31.662423628281136,True,True,True,True,True,True,True,False,False
VH_4_MFA_BA,VH,MFA_BA,VH_4_MFA_BA__hybrid_optuna_025,0.0008012432530213,3.0264954372457554e-05,4.408161986328644e-08,1.6132321089513746,202.97010674317843,0.0094877859292983,0.2509232910506856,8.083768884869752,0.0825882971099655,True,True,True,True,True,True,True,False,True
VH_4_MFA_BA,VH,MFA_BA,VH_4_MFA_BA__hybrid_optuna_089,7.021204222268556e-05,4.711807600998075e-08,6.0770007696228e-07,1.21489488496946,247.29706509465012,0.0013580446013718,0.1749761830996413,12.585403012938905,0.7832139957402526,True,True,True,True,True,True,True,False,True
VH_4_MFA_BA,VH,MFA_BA,VH_4_MFA_BA__hybrid_optuna_055,0.000177188473548,1.3289448722869162e-08,0.0615699732823519,4.115716865497774,2.167640897475782,5.337032762603954e-05,0.0001430992369351,45.63633644393066,0.2922905212920093,True,True,False,True,True,True,True,False,True
VH_4_MFA_BA,VH,MFA_BA,VH_4_MFA_BA__hybrid_optuna_053,0.000230159291041,7.826693723347964e-05,1.285819207917968e-05,1.0164707619994509,313.4307401922955,0.0018074406251121,0.0051797480865552,32.1825931974488,0.0075893027045408,True,True,True,True,False,True,True,False,True
VH_4_MFA_BA,VH,MFA_BA,VH_4_MFA_BA__hybrid_optuna_074,2.102700991656537e-05,0.0002394026291501,4.686764053494262e-06,0.4585093106864771,37.21817176980232,0.0151272933562399,0.1288784053169117,31.22022873516905,20.24921953850819,True,True,True,True,True,True,True,False,False
VH_4_MFA_BA,VH,MFA_BA,VH_4_MFA_BA__hybrid_optuna_063,1.1328239299779804e-08,0.0008829977766934,1.6582064609135509e-06,0.0656045129607873,0.5205122989587503,1.2226313398143557e-05,0.131535778002534,86.05342012583878,0.0014107905634247,True,True,True,True,False,True,True,False,True
VH_4_MFA_BA,VH,MFA_BA,VH_4_MFA_BA__hybrid_optuna_057,0.0016815104786344,0.0004755225282383,6.862385542035084e-07,0.8963924340442533,19.40377759794504,0.0982112853206949,0.0486593147921211,93.85743136845116,2.082457131497156,True,True,True,True,True,True,True,False,True
VH_4_MFA_BA,VH,MFA_BA,VH_4_MFA_BA__hybrid_optuna_058,0.0011431641286464,0.0086933337595504,1.112289660242707e-05,0.3928391981264663,150.8103990380786,0.0180189345835534,0.0023271166681997,44.41265944340717,25.873619109432543,True,True,True,True,True,True,True,False,False
VH_4_MFA_BA,VH,MFA_BA,VH_4_MFA_BA__hybrid_optuna_060,0.0001814593082014,0.0006212986577034,4.335411988513714e-07,0.2767265144364337,367.6913680385004,0.0487278856853592,0.0036111270169548,42.44065296448527,3.245324360401236,True,True,True,True,False,True,True,False,True
VH_4_MFA_BA,VH,MFA_BA,VH_4_MFA_BA__hybrid_optuna_059,0.0050560535959022,8.302785032227897e-05,2.32220660539468e-07,0.2014709711795281,182.74178572001296,0.0238665780079908,0.0118448343092733,24.607615998224027,4.233545709749373,False,True,True,True,True,True,True,False,True
VH_4_MFA_BA,VH,MFA_BA,VH_4_MFA_BA__hybrid_optuna_086,0.0029771626459064,0.0002318735657837,1.995642938300757e-06,0.3114724385253717,202.6059336398491,0.0375199401851041,0.0110828601269036,134.19527228711,36.485935337231744,True,True,True,True,True,True,True,False,False
VH_4_MFA_BA,VH,MFA_BA,VH_4_MFA_BA__hybrid_optuna_076,3.5061918391350506e-05,0.0003152056605721,1.1752711745329757e-07,0.3459914156097269,498.4218307155362,0.0273678261700615,0.1654330329200469,21.140017232117515,9.682466820546168,True,True,True,True,False,True,True,False,False
VH_4_MFA_BA,VH,MFA_BA,VH_4_MFA_BA__hybrid_optuna_087,1.3131717677663036e-08,6.691890655172368e-07,2.3910800450968025e-06,0.0529976311697396,7.009741862556931,0.0852598623416662,0.0003157733490158,57.92278374886413,8.992402466417259,True,True,True,True,True,True,True,False,False
VH_4_MFA_BA,VH,MFA_BA,VH_4_MFA_BA__hybrid_optuna_091,6.091097820609007e-06,2.905693254447166e-07,0.0049805758932699,0.4339756983186162,291.91410188752604,0.0004102634886241,1.682257874752918e-05,84.10063757994553,47.79907959453104,True,True,True,True,True,True,False,False,False
VH_4_MFA_BA,VH,MFA_BA,VH_4_MFA_BA__hybrid_optuna_082,7.928129161101393e-06,0.0001020515765996,9.246682876434384e-07,1.0849212272343831,166.07313712827053,0.0030302436947278,0.6071686289577092,17.83411150938433,0.2564257325904385,True,True,True,True,True,True,True,False,True
VH_4_MFA_BA,VH,MFA_BA,VH_4_MFA_BA__hybrid_optuna_092,4.731200775304112e-06,3.425765031840031e-06,1.8601032529631867e-08,1.848367226365523,28.541931470124982,0.0055685380785439,1.3020618334692804,13.741322062273428,0.26259327033719,True,True,True,True,True,True,True,False,True
VH_4_MFA_BA,VH,MFA_BA,VH_4_MFA_BA__hybrid_optuna_099,3.934271817733303e-07,0.0002311368299132,1.7075123721209786e-05,0.1884491911634178,91.64383778165129,8.59140997461217e-05,9.253152974775578e-05,78.80266651244241,0.0051095188384165,True,True,True,True,True,True,False,False,True
VH_4_MFA_BA,VH,MFA_BA,VH_4_MFA_BA__hybrid_optuna_093,6.593914264846649e-07,8.993601602546794e-05,7.401536171543959e-08,1.5230730505393617,48.971646076499205,0.0039494251153554,0.2608063549860749,55.89113082435215,0.1296437496591324,True,True,True,True,True,True,True,False,True
VH_5_MFA_BA,VH,MFA_BA,VH_5_MFA_BA__hybrid_optuna_078,0.006004480331788,0.0004748639643733,0.0078823067326611,0.2225470795869807,9.093412234867476,0.0013255240424677,0.1873359666322987,40.66995291512924,0.0148211078784804,False,True,True,True,True,True,True,False,True
VH_5_MFA_BA,VH,MFA_BA,VH_5_MFA_BA__hybrid_pre_07,0.0010372803440127,2.2174885564303987e-05,8.794145686213767e-05,1.5799874999695134,32.89666784601452,0.0066382429656991,0.0065807275701597,12.223863578540897,0.0610608975447179,True,True,True,True,True,True,True,False,True
VH_5_MFA_BA,VH,MFA_BA,VH_5_MFA_BA__hybrid_optuna_093,0.0010372803440127,2.2174885564303987e-05,8.794145686213767e-05,1.5799874999695134,32.89666784601452,0.0066382429656991,0.0065807275701597,12.223863578540897,0.0610608975447179,True,True,True,True,True,True,True,False,True
VH_5_MFA_BA,VH,MFA_BA,VH_5_MFA_BA__hybrid_optuna_097,1.1741633364539965e-07,0.0039552323360892,1.1293569666046962e-08,0.1876572632038594,0.5559979832948205,1.42856761240024e-05,11.156918462586772,146.4209849786993,4.811185305147927,True,True,True,True,False,True,True,False,True
VH_5_MFA_BA,VH,MFA_BA,VH_5_MFA_BA__hybrid_optuna_035,0.0009707204272905,0.0006963557880085,0.0009160491093336,0.6978912674994995,119.577539237175,0.0615929765542055,0.011331080255709,114.32271903475358,24.8084965254404,True,True,True,True,True,True,True,False,False
VH_5_MFA_BA,VH,MFA_BA,VH_5_MFA_BA__hybrid_optuna_053,0.0046911624274482,0.0098203015953507,0.0017391864278227,1.745283542752222,368.3629143638209,0.0995249557277883,0.009172151312435,98.80518330613243,13.078452215730271,True,True,True,True,False,True,True,False,False
VH_5_MFA_BA,VH,MFA_BA,VH_5_MFA_BA__hybrid_optuna_029,0.0033523294607269,0.0001278051041369,7.039258925534313e-05,1.264046406608978,326.7620364038604,0.0742198719567794,0.0428979520935475,120.72419744248646,26.634377342985896,True,True,True,True,False,True,True,False,False
VH_5_MFA_BA,VH,MFA_BA,VH_5_MFA_BA__hybrid_optuna_076,0.0099512199356403,7.201527744873724e-05,0.0004630717358711,0.8305518711512782,281.95523024911546,0.0661822208150566,0.2683559357657772,119.32096314757524,20.363405329838425,False,True,True,True,True,True,True,False,False
VH_5_MFA_BA,VH,MFA_BA,VH_5_MFA_BA__hybrid_optuna_051,0.0026099178808299,0.000103992347374,2.1457436159752866e-07,0.5566668058482618,177.7289562438588,0.0519952436885429,0.0001724130156125,137.39087909335186,2.8692414219050204,True,True,True,True,True,True,True,False,True
VH_5_MFA_BA,VH,MFA_BA,VH_5_MFA_BA__hybrid_pre_06,0.0002273248216587,6.0134752955385566e-05,0.0005418197065945,2.786019625980197,21.62389411493181,0.0188528005571419,0.0112539379254947,1.0000004185177787e-10,0.1004417557785641,True,True,True,True,True,True,True,False,True
VH_5_MFA_BA,VH,MFA_BA,VH_5_MFA_BA__hybrid_optuna_088,0.0002273248216587,6.0134752955385566e-05,0.0005418197065945,2.786019625980197,21.62389411493181,0.0188528005571419,0.0112539379254947,1.0000004185177787e-10,0.1004417557785641,True,True,True,True,True,True,True,False,True
VH_5_MFA_BA,VH,MFA_BA,VH_5_MFA_BA__hybrid_optuna_023,0.0064730650118731,8.516706064706809e-05,1.7635796976304043e-05,1.1433565745832046,246.8931219933145,0.0618174236222893,0.0072342672338316,121.67974072295836,4.180807668000821,False,True,True,True,True,True,True,False,True
VH_5_MFA_BA,VH,MFA_BA,VH_5_MFA_BA__hybrid_pre_05,0.0002615321486465,3.07211410020035e-05,0.0003015380807013,1.5649804362525348,45.18052264394723,0.0044414211958931,0.0076726646989322,7.601483719392027e-11,0.1265522383680169,True,True,True,True,True,True,True,False,True
VH_5_MFA_BA,VH,MFA_BA,VH_5_MFA_BA__hybrid_optuna_089,0.0002615321486465,3.07211410020035e-05,0.0003015380807013,1.5649804362525348,45.18052264394723,0.0044414211958931,0.0076726646989322,7.601483719392027e-11,0.1265522383680169,True,True,True,True,True,True,True,False,True
VH_5_MFA_BA,VH,MFA_BA,VH_5_MFA_BA__hybrid_optuna_026,0.0018517953180288,0.000121880381648,5.331414004465745e-08,0.2956567707098066,101.28646080225504,0.0279807095425353,0.0001626973262787,137.29968313688994,3.133509404967216,True,True,True,True,True,True,True,False,True
VH_5_MFA_BA,VH,MFA_BA,VH_5_MFA_BA__hybrid_optuna_031,0.0024419378090656,3.24722439465525e-05,2.7086034687307017e-07,0.3768679423229651,477.550086209028,0.0281994904360314,0.0297430914762595,129.26996961788137,49.22426011569143,True,True,True,True,False,True,True,False,False
VH_5_MFA_BA,VH,MFA_BA,VH_5_MFA_BA__hybrid_optuna_019,0.00074590479006,0.0043189466196934,4.561400205490373e-07,1.073609050126482,285.9239980641589,0.0345868341018426,0.1238440689876059,35.56625876466376,10.34722026902386,True,True,True,True,True,True,True,False,False
VH_5_MFA_BA,VH,MFA_BA,VH_5_MFA_BA__hybrid_pre_08,0.0001095631963378,1.3268228784542688e-05,0.0006873785827279,2.081307988534041,59.41106774642923,0.006129488950882,0.0042475804479734,4.665518631198791e-08,0.0204055433587109,True,True,True,True,True,True,True,False,True
VH_5_MFA_BA,VH,MFA_BA,VH_5_MFA_BA__hybrid_optuna_079,0.0001095631963378,1.3268228784542688e-05,0.0006873785827279,2.081307988534041,59.41106774642923,0.006129488950882,0.0042475804479734,4.665518631198791e-08,0.0204055433587109,True,True,True,True,True,True,True,False,True
VH_5_MFA_BA,VH,MFA_BA,VH_5_MFA_BA__hybrid_optuna_016,0.0043138477280848,0.0006049903170398,9.923152288052516e-06,1.804595313529819,104.5104171973642,0.0576584630248116,0.0166276326834636,112.18017456655248,8.388145065558607,True,True,True,True,True,True,True,False,False
VH_5_MFA_BA,VH,MFA_BA,VH_5_MFA_BA__hybrid_optuna_020,0.0032171442854137,0.0001049087064774,3.957981991499744e-05,2.884850214972396,292.1300776844392,0.099301827162566,0.1090951329254453,124.84812821869794,4.974839018168624,True,True,True,True,True,True,True,False,True
VH_5_MFA_BA,VH,MFA_BA,VH_5_MFA_BA__hybrid_optuna_017,0.0098655279008365,5.202070870629169e-05,7.562303799771235e-07,0.5898076754593587,167.02327513290138,0.0513370189814012,0.0195464557344721,108.74485977929108,10.385372143348356,False,True,True,True,True,True,True,False,False
VH_5_MFA_BA,VH,MFA_BA,VH_5_MFA_BA__hybrid_optuna_012,0.0042722364521092,0.0001957036915311,0.0001885832166802,1.042279820628939,78.99438894858322,0.043995161785927,0.4666915548796989,105.37507706711374,14.70205417422402,True,True,True,True,True,True,True,False,False
VH_5_MFA_BA,VH,MFA_BA,VH_5_MFA_BA__hybrid_optuna_009,0.0007285135431685,0.0034984491868209,1.7399632036874444e-06,1.1968300911898937,408.0935366067525,0.0328316680999782,0.1346791865694774,53.944852308473095,6.093030259396061,True,True,True,True,False,True,True,False,False
VH_5_MFA_BA,VH,MFA_BA,VH_5_MFA_BA__hybrid_optuna_015,0.0053348097094716,5.117223430557954e-05,1.1890278402634744e-06,0.5903594394802255,150.7916781151782,0.0497178186417082,0.0145629951722702,116.50749588272654,12.9013614483489,False,True,True,True,True,True,True,False,False
VH_5_MFA_BA,VH,MFA_BA,VH_5_MFA_BA__hybrid_optuna_008,0.0097524478230555,5.286882287873296e-05,1.342246696623257e-06,1.3198485541688356,136.22980014019808,0.0985088792403249,0.0163854898429711,109.24014800676716,11.745785409806803,False,True,True,True,True,True,True,False,False
VH_5_MFA_BA,VH,MFA_BA,VH_5_MFA_BA__hybrid_optuna_006,0.0098414591686347,7.177944827608431e-05,0.000446219231591,0.757081589606492,274.77368496293155,0.0239041438172974,0.2859761761077384,117.99858992110832,20.73870871923191,False,True,True,True,True,True,True,False,False
VH_5_MFA_BA,VH,MFA_BA,VH_5_MFA_BA__hybrid_optuna_028,0.0016352474604171,3.5519680614134655e-05,1.5004984034915327e-05,0.9260452640957326,252.7749149031099,0.0550148472920745,0.0193441412453176,100.16307947344872,43.17176782207228,True,True,True,True,True,True,True,False,False
VH_5_MFA_BA,VH,MFA_BA,VH_5_MFA_BA__hybrid_optuna_014,0.002327782379701,5.4096738062931984e-05,0.0003183491299929,0.5095545589637079,170.38172854555873,0.0234577456038401,0.0246206520376683,133.05614766422278,30.04592062077212,True,True,True,True,True,True,True,False,False
VH_5_MFA_BA,VH,MFA_BA,VH_5_MFA_BA__hybrid_optuna_021,0.0020460322006292,3.721605546892319e-05,1.214796988868174e-07,0.4170315285447757,168.63546552475708,0.0307340100446589,0.0325563687060558,129.37573423039254,26.05694437200768,True,True,True,True,True,True,True,False,False
VH_5_MFA_BA,VH,MFA_BA,VH_5_MFA_BA__hybrid_post_001,0.0038626452202782,0.0002819835873455,1.822467441529621e-08,1.807644919154948,366.8371133063096,0.0369859048723848,0.0023007500130137,105.29651294026412,13.938477393251617,True,True,True,True,False,True,True,False,False
VH_5_MFA_BA,VH,MFA_BA,VH_5_MFA_BA__hybrid_optuna_001,0.003862624341098,0.0002819851922898,0.0010731085108306,1.807650180256455,366.8330271810979,0.0369855819387331,0.0023007839619611,105.29651294026412,13.938477393251617,True,True,True,True,False,True,True,False,False
VH_5_MFA_BA,VH,MFA_BA,VH_5_MFA_BA__hybrid_optuna_036,0.0006147556264474,1.8335310321401083e-05,1.157818630679422e-07,0.3573437242585045,449.02795982936914,0.0099532930654282,2.840877882281651e-05,141.70874154835653,22.96147401524774,True,True,True,True,False,True,False,False,False
VH_5_MFA_BA,VH,MFA_BA,VH_5_MFA_BA__hybrid_optuna_002,0.0096983168219169,5.77839011091063e-05,1.311082487243533e-05,2.0434976453104543,248.84881152839867,0.0520544936981172,0.071302219229485,106.80376203836327,31.94095524959338,False,True,True,True,True,True,True,False,False
VH_5_MFA_BA,VH,MFA_BA,VH_5_MFA_BA__hybrid_post_002,0.0096983168219169,5.77839011091063e-05,1.311082487243533e-05,2.0434976453104543,248.84881152839867,0.0520544936981172,0.071302219229485,106.80376203836327,31.94095524959338,False,True,True,True,True,True,True,False,False
VH_5_MFA_BA,VH,MFA_BA,VH_5_MFA_BA__hybrid_optuna_010,0.0047654011236457,2.560205254448323e-05,6.4713177187389e-05,2.032658032875711,255.419178666146,0.0961962212250502,0.0635612508267471,95.33347073840446,32.994746453681266,True,True,True,True,True,True,True,False,False
VH_5_MFA_BA,VH,MFA_BA,VH_5_MFA_BA__hybrid_optuna_003,0.0086454815405226,3.5599451221649464e-05,1.864250847079719e-06,0.5995486555239203,150.23012272030738,0.0387462159245678,0.0260269879576002,129.98812966810928,41.38413075682499,False,True,True,True,True,True,True,False,False
VH_5_MFA_BA,VH,MFA_BA,VH_5_MFA_BA__hybrid_post_003,0.0086455057426049,3.559795000871003e-05,1.0834187901166568e-08,0.5995528169443548,150.23330980099217,0.0387464378410023,0.0260269091361149,129.98812966810928,41.38413075682499,False,True,True,True,True,True,True,False,False
VH_5_MFA_BA,VH,MFA_BA,VH_5_MFA_BA__hybrid_optuna_005,0.0049696221656566,6.037582140853269e-05,5.062406437727952e-05,2.000672247705685,206.84864746975285,0.0517850556225434,0.0592921172919844,106.88288753032953,13.917504029933118,True,True,True,True,True,True,True,False,False
VH_5_MFA_BA,VH,MFA_BA,VH_5_MFA_BA__hybrid_optuna_018,0.0002107676972785,0.0003704200702908,9.05752613819362e-05,1.3700570053144918,25.079734680222643,0.0385924550316387,0.0060653976459601,103.38799570162514,17.464514216001906,True,True,True,True,True,True,True,False,False
VH_5_MFA_BA,VH,MFA_BA,VH_5_MFA_BA__hybrid_optuna_011,0.0022612710678872,4.397636204734844e-05,1.2028564159355156e-06,0.6137707543067358,156.54272846283394,0.0218504667941266,0.0255347462974921,130.3763727788895,35.72327826683181,True,True,True,True,True,True,True,False,False
VH_5_MFA_BA,VH,MFA_BA,VH_5_MFA_BA__hybrid_optuna_004,0.0046473879851408,0.0026483158791375,1.6578790084572607e-06,1.1523687801091202,254.7789077877441,0.0188051701365419,0.0300130285016568,122.49933359778755,33.522595842403554,True,True,True,True,True,True,True,False,False
VH_5_MFA_BA,VH,MFA_BA,VH_5_MFA_BA__hybrid_optuna_007,0.0036329793478825,0.0003087143977068,7.130967899014893e-05,1.7876487213611678,40.12864980399228,0.0355193968845319,0.0067584945468472,105.72241819740016,15.845388121586812,True,True,True,True,True,True,True,False,False
VH_5_MFA_BA,VH,MFA_BA,VH_5_MFA_BA__hybrid_optuna_075,0.0047243999749272,0.002329999510799,6.3807020847557e-06,1.16169478100402,420.010659312723,0.0319991336918085,0.1428850463701152,16.974429816847618,6.32104702349289,True,True,True,True,False,True,True,False,False
VH_5_MFA_BA,VH,MFA_BA,VH_5_MFA_BA__hybrid_optuna_013,0.0040787204635941,0.000840649849697,2.5522065717804614e-06,4.951953823755594,230.9065587650598,0.0686506756332101,0.0915949496682336,92.16278580689372,7.11688290302455,True,True,True,True,True,True,True,False,False
VH_5_MFA_BA,VH,MFA_BA,VH_5_MFA_BA__hybrid_optuna_039,0.0007577020761981,1.6996057263498584e-05,5.290030358890211e-07,0.0918593296982938,311.20278467278024,0.0124053593108467,3.194131187512002e-05,117.9546207359692,18.246372522016102,True,True,True,True,False,True,False,False,False
VH_5_MFA_BA,VH,MFA_BA,VH_5_MFA_BA__hybrid_optuna_045,0.0003976665493911,2.113127788042549e-05,4.930874812459639e-05,3.284135637958673,269.8736812573218,0.0958359102259183,0.0674317711318029,95.41448325132684,33.72880836203546,True,True,True,True,True,True,True,False,False
VH_5_MFA_BA,VH,MFA_BA,VH_5_MFA_BA__hybrid_optuna_034,0.0021933303504621,6.963606868762794e-06,1.7505371173374717e-07,0.3865983312922553,454.3463765747227,0.0218151304571061,0.0280959505558425,131.328617788276,22.752179397136068,True,True,True,True,False,True,True,False,False
VH_5_MFA_BA,VH,MFA_BA,VH_5_MFA_BA__hybrid_optuna_022,0.0088048185456451,0.0002840462473116,0.0002145217004312,3.1370633810796287,382.2450651021725,0.0392151629798475,0.0018585598492112,106.4710432621752,16.48878354448467,False,True,True,True,False,True,True,False,False
VH_5_MFA_BA,VH,MFA_BA,VH_5_MFA_BA__hybrid_optuna_025,0.0064456523425664,0.0060859122876242,2.1565713527261047e-06,1.637137825849018,338.0070252631712,0.0205939094931981,0.2213484003626478,54.35102471277364,26.5655702591794,False,True,True,True,False,True,True,False,False
VH_5_MFA_BA,VH,MFA_BA,VH_5_MFA_BA__hybrid_optuna_030,2.5775615205263065e-05,0.0001592116716955,5.246815948890503e-08,0.278064808669125,16.488158829180982,0.0027076482286474,6.814631646971351e-05,138.51798186855723,0.6661985274245057,True,True,True,True,True,True,False,False,True
VH_5_MFA_BA,VH,MFA_BA,VH_5_MFA_BA__hybrid_optuna_024,0.0054512525802792,3.550710808559069e-05,2.7825638462199687e-06,0.7153986444552212,144.3753394598922,0.0169965077728796,0.0026674217490396,111.90461602099217,40.33705818919244,False,True,True,True,True,True,True,False,False
VH_5_MFA_BA,VH,MFA_BA,VH_5_MFA_BA__hybrid_optuna_048,2.2509860534032792e-05,0.0016361454883868,1.0580021996823888e-08,0.7283088328277747,9.0078173991371,0.0017697769050005,7.024004123486903e-05,148.75158056461856,0.3598319471125222,True,True,True,True,True,True,False,False,True
VH_5_MFA_BA,VH,MFA_BA,VH_5_MFA_BA__hybrid_optuna_049,3.822724390135285e-05,0.0030207382097983,1.0228593677105237e-08,0.8228707067901754,11.757024046605462,0.0018666055714288,6.050913519946038e-05,148.5940472132948,0.3547562640530921,True,True,True,True,True,True,False,False,True
VH_5_MFA_BA,VH,MFA_BA,VH_5_MFA_BA__hybrid_optuna_080,1.688697196127118e-07,1.5343744503824874e-06,1.0903404339260306e-05,0.4951429914369816,1.1305303189317446,0.000142621375158,0.3644367812263813,101.15181891805426,0.0013106323536369,True,True,True,True,True,True,True,False,True
VH_5_MFA_BA,VH,MFA_BA,VH_5_MFA_BA__hybrid_optuna_050,0.0012681280819645,1.3124668238853908e-05,5.258413074690939e-06,5.032709384172521,204.95883077614897,0.0063707622567438,0.1026591991101171,78.11563888722443,7.22223274087985,True,True,True,True,True,True,True,False,False
VH_5_MFA_BA,VH,MFA_BA,VH_5_MFA_BA__hybrid_optuna_052,7.226659189298425e-06,0.0010650592588478,1.4257072521688277e-08,0.9011789295251346,5.3929638762147984,0.0010128249667005,6.269360753421103e-05,124.15749019274652,0.3238367230786156,True,True,True,True,True,True,False,False,True
VH_5_MFA_BA,VH,MFA_BA,VH_5_MFA_BA__hybrid_optuna_084,4.890113952685374e-07,4.418718661803758e-06,5.113237007755685e-07,0.1104015725187796,2.7907901418156684,0.0001260310014577,0.0515779515257318,90.39654581703972,0.0069676269653603,True,True,True,True,True,True,True,False,True
VH_5_MFA_BA,VH,MFA_BA,VH_5_MFA_BA__hybrid_optuna_054,6.439823636839671e-06,0.0017996720420131,1.8795504026323665e-08,1.0215569095093,0.9835838982806068,0.0008167860692158,0.0010831916543845,121.13926404734808,0.2898110304955523,True,True,True,True,False,True,True,False,True
VH_5_MFA_BA,VH,MFA_BA,VH_5_MFA_BA__hybrid_optuna_055,1.8950708900499857e-06,1.2429307069613616e-08,0.0587715113199725,7.920902657579767,2.2027880656403496,4.781107784725181e-05,1.3767125749219675e-05,64.06684584499976,1.5711611334786644,True,True,False,True,True,True,False,False,True
VH_5_MFA_BA,VH,MFA_BA,VH_5_MFA_BA__hybrid_optuna_056,0.0052177516089969,2.579778489899908e-06,4.088197691097249e-06,1.2400059649934636,48.82997149886505,0.0514734320644062,0.013409759384,109.22200597972493,9.76919495447041,False,True,True,True,True,True,True,False,False
VH_5_MFA_BA,VH,MFA_BA,VH_5_MFA_BA__hybrid_optuna_057,5.935492433216905e-06,0.0013550022929071,3.012974409102107e-05,0.7054516164290465,0.8074226004712449,0.0005530287623589,0.0014757114625801,123.9644039698272,0.0016133251040746,True,True,True,True,False,True,True,False,True
VH_5_MFA_BA,VH,MFA_BA,VH_5_MFA_BA__hybrid_optuna_058,9.298880919440941e-08,0.0002463211234595,5.496768081387548e-07,0.126900191205058,0.5008716049656304,3.004854642214632e-05,0.0009320962760843,85.2709747234156,0.0010669999103057,True,True,True,True,False,True,True,False,True
VH_5_MFA_BA,VH,MFA_BA,VH_5_MFA_BA__hybrid_optuna_060,0.0010971368388274,0.0002017946472232,9.93541022390504e-07,0.7738729242927178,394.144686421099,0.0002551796592404,0.0124655328533129,108.74548447217474,2.3242951928220847,True,True,True,True,False,True,True,False,True
VH_5_MFA_BA,VH,MFA_BA,VH_5_MFA_BA__hybrid_optuna_061,1.0676790422275236e-08,0.0005366499857179,1.4716401311693234e-06,0.0512610969486515,0.5275559801240932,1.1214955449117664e-05,0.0005571088675761,87.16454732686566,0.0018255486426233,True,True,True,True,False,True,True,False,True
VH_5_MFA_BA,VH,MFA_BA,VH_5_MFA_BA__hybrid_optuna_043,0.0009046546015438,5.674494058999314e-06,6.887096409163026e-08,0.2707452390311305,94.1335075110632,0.0293586706081884,0.0001512908434907,135.78906863389255,5.6021380222825,True,True,True,True,True,True,True,False,False
VH_5_MFA_BA,VH,MFA_BA,VH_5_MFA_BA__hybrid_optuna_027,0.0059258305678233,2.542280956709176e-05,0.0001137173838192,1.509586162396659,212.18002725235152,0.0306386332070495,0.1714685913356079,114.9166258370174,8.341394744978375,False,True,True,True,True,True,True,False,False
VH_5_MFA_BA,VH,MFA_BA,VH_5_MFA_BA__hybrid_optuna_062,1.1990627027317798e-08,0.0061948055161047,1.980697601550337e-07,0.0724837014915406,2.8325101109673185,1.3271042689493891e-05,0.0003470797882863,70.12050914264131,1.4482498539465862,True,True,True,True,True,True,True,False,True
VH_5_MFA_BA,VH,MFA_BA,VH_5_MFA_BA__hybrid_optuna_083,8.715973616811341e-07,1.094984304424576e-08,0.0496869443773305,9.85031315360875,4.526909870021316,0.0002196051554846,1.2497329497935364e-05,112.98365910397084,1.9477162020345955,True,True,True,True,True,True,False,False,True
VH_5_MFA_BA,VH,MFA_BA,VH_5_MFA_BA__hybrid_optuna_059,1.904144987287703e-07,0.0004919645869283,1.0307766697722342e-05,0.4263128679216835,0.5205122989587503,6.767570609830148e-05,0.131535778002534,98.96974941023784,0.0014107905634247,True,True,True,True,False,True,True,False,True
VH_5_MFA_BA,VH,MFA_BA,VH_5_MFA_BA__hybrid_optuna_067,1.318796768744225e-07,0.0004107322375214,1.6734450638423606e-07,0.1714908844289962,0.7683608034828194,3.031519608364101e-05,0.8201066492741681,66.07418662212426,0.0041788306352723,True,True,True,True,False,True,True,False,True
VH_5_MFA_BA,VH,MFA_BA,VH_5_MFA_BA__hybrid_optuna_032,0.0016750719451014,4.7382594769115165e-05,0.0175840051688351,2.3430511871719166,133.39803648799972,0.0371080298735215,0.0052135055259577,126.0842900498891,33.12655287585471,True,True,True,True,True,True,True,False,False
VH_5_MFA_BA,VH,MFA_BA,VH_5_MFA_BA__hybrid_optuna_033,0.0032598725960748,0.0002607307244523,4.727183003020109e-05,1.9413620863146648,124.67039172383532,0.0216267661327975,0.2277247637646041,110.89826364338568,47.8566996734809,True,True,True,True,True,True,True,False,False
VH_5_MFA_BA,VH,MFA_BA,VH_5_MFA_BA__hybrid_optuna_073,0.0072462441701967,9.2327982288286e-06,2.4847154737241207e-05,1.7526309688693875,91.84009422408724,0.0254644552696298,0.0093603579366688,128.11443565387427,15.05607600364056,False,True,True,True,True,True,True,False,False
VH_5_MFA_BA,VH,MFA_BA,VH_5_MFA_BA__hybrid_optuna_077,0.0033293555328087,0.001316015621003,3.612867565012437e-05,1.3419546656704444,194.7148863172428,0.0548102751454913,0.068763404864571,38.88633057030814,19.21498651500023,True,True,True,True,True,True,True,False,False
VH_5_MFA_BA,VH,MFA_BA,VH_5_MFA_BA__hybrid_optuna_037,2.909208775935173e-05,0.0001410062787231,5.117442040076847e-08,0.2951940740559516,13.812138247198366,0.0023788126510331,6.79617103864021e-05,146.6272019988583,0.5212573067056661,True,True,True,True,True,True,False,False,True
VH_5_MFA_BA,VH,MFA_BA,VH_5_MFA_BA__hybrid_optuna_047,0.0003071205547447,8.352686677592432e-05,3.5966018487327847e-06,3.676219756580781,491.3173616187072,0.013797133245016,1.4423630989413116,103.13588264172355,10.49645733804068,True,True,True,True,False,True,True,False,False
VH_5_MFA_BA,VH,MFA_BA,VH_5_MFA_BA__hybrid_optuna_072,0.0034642942711133,9.03112315439154e-06,1.2639754706203396e-05,2.6884109190487533,110.29104793062773,0.0419602198594809,0.5318391680137668,92.18917534217168,16.763839105103276,True,True,True,True,True,True,True,False,False
VH_5_MFA_BA,VH,MFA_BA,VH_5_MFA_BA__hybrid_optuna_040,3.131580523999774e-05,0.0001486424053925,6.34245140482115e-08,0.3025276931117808,9.380872657723232,0.0026929489311256,6.263701101301765e-05,145.06015545293653,0.5665353257834701,True,True,True,True,True,True,False,False,True
VH_5_MFA_BA,VH,MFA_BA,VH_5_MFA_BA__hybrid_optuna_071,0.0075663581490805,3.29407508889456e-06,0.0003569697174116,3.7718588196088696,320.0229829652871,0.0654191888408867,2.696696785583465,96.10281446268505,37.103562275283466,False,True,True,True,False,True,True,False,False
VH_5_MFA_BA,VH,MFA_BA,VH_5_MFA_BA__hybrid_optuna_063,3.190348782778686e-05,7.774343491554515e-08,4.740934616684803e-06,7.173236921659165,1.2763459627779674,5.790872487997769e-05,0.1449627652402459,103.24439894692397,0.0045313251180149,True,True,True,True,True,True,True,False,True
VH_5_MFA_BA,VH,MFA_BA,VH_5_MFA_BA__hybrid_optuna_042,4.451728483016211e-05,0.0001696064576449,4.9424470240234926e-08,0.3023778068327035,12.214405582681508,0.0021700536058343,7.271567702651358e-05,147.36643818682865,0.6302344993685388,True,True,True,True,True,True,False,False,True
VH_5_MFA_BA,VH,MFA_BA,VH_5_MFA_BA__hybrid_optuna_038,0.000555297333842,0.0002487467104323,0.0035594622526722,1.01707939244215,195.34484723300656,0.0088006798616825,0.0422891144490353,99.30467106640856,3.670741123504747,True,True,True,True,True,True,True,False,True
VH_5_MFA_BA,VH,MFA_BA,VH_5_MFA_BA__hybrid_optuna_065,1.7670169402947916e-06,0.0050615768887523,0.0013303245101522,1.192617378922354,1.4690139693517672,4.207053950287933e-05,2.3226650368137e-05,129.92642186624028,0.6677615511747083,True,True,True,True,True,True,False,False,True
VH_5_MFA_BA,VH,MFA_BA,VH_5_MFA_BA__hybrid_optuna_070,0.0030376839760709,0.0007803878409017,7.026217544338315e-05,1.9718482926507888,358.8624938720418,0.0044680520430747,0.0175197734334837,72.08321012122914,2.0588931973431834,True,True,True,True,False,True,True,False,True
VH_5_MFA_BA,VH,MFA_BA,VH_5_MFA_BA__hybrid_optuna_041,0.0012437865313153,6.707533738852863e-05,0.0001318662701575,2.125557430780314,224.34738653222303,0.0171557503544358,0.9977975611968416,104.2769932576485,6.103084276172762,True,True,True,True,True,True,True,False,False
VH_5_MFA_BA,VH,MFA_BA,VH_5_MFA_BA__hybrid_optuna_044,0.009717335289817,1.0889432071104278e-05,1.537939388850592e-06,1.5449815981449844,135.5480587224228,0.0835808776443929,0.0037270388875054,114.8417612799623,11.080488855450763,False,True,True,True,True,True,True,False,False
VH_5_MFA_BA,VH,MFA_BA,VH_5_MFA_BA__hybrid_optuna_046,7.197573074787974e-05,0.0001545821045399,5.1989580979077055e-08,0.2973995701643031,16.392989338385544,0.0028846519055809,3.9940893781875897e-05,135.33617401183875,0.8822195226069398,True,True,True,True,True,True,False,False,True
VH_5_MFA_BA,VH,MFA_BA,VH_5_MFA_BA__hybrid_optuna_068,0.000177188473548,1.3289448722869162e-08,0.0615699732823519,4.115716865497774,2.167640897475782,5.337032762603954e-05,0.0001430992369351,45.63633644393066,0.2922905212920093,True,True,False,True,True,True,True,False,True
VH_5_MFA_BA,VH,MFA_BA,VH_5_MFA_BA__hybrid_optuna_066,0.0099624641567287,2.546819529535616e-08,8.445095926572991e-06,0.4969115217481608,57.40052079825752,0.0107812556629069,0.3441543315035723,116.63424072374788,47.219431177409305,False,True,True,True,True,True,True,False,False
VH_5_MFA_BA,VH,MFA_BA,VH_5_MFA_BA__hybrid_optuna_069,0.0023619092781226,5.883316041061039e-05,8.920349977335872e-07,0.6325422267395836,198.20599620597332,0.0482411247050169,0.0846054167444226,107.1064005755831,8.667610941781522,True,True,True,True,True,True,True,False,False
VH_5_MFA_BA,VH,MFA_BA,VH_5_MFA_BA__hybrid_optuna_096,1.3131717677663036e-08,6.691890655172368e-07,2.3910800450968025e-06,0.0529976311697396,7.009741862556931,0.0852598623416662,0.0003157733490158,57.92278374886413,8.992402466417259,True,True,True,True,True,True,True,False,False
VH_5_MFA_BA,VH,MFA_BA,VH_5_MFA_BA__hybrid_optuna_087,6.091097820609007e-06,2.905693254447166e-07,0.0049805758932699,0.4339756983186162,291.91410188752604,0.0004102634886241,1.682257874752918e-05,84.10063757994553,47.79907959453104,True,True,True,True,True,True,False,False,False
VH_5_MFA_BA,VH,MFA_BA,VH_5_MFA_BA__hybrid_optuna_086,0.0001084922614099,2.3794658144472744e-05,2.955147069435823e-07,1.4629113113565977,166.1362072089704,0.0795318216700337,0.004280672590667,142.62052615651754,20.40194817542809,True,True,True,True,True,True,True,False,False
VH_5_MFA_BA,VH,MFA_BA,VH_5_MFA_BA__hybrid_optuna_074,0.0072176739559595,1.6065996211856463e-05,0.0019854054275131,1.9174159628901184,29.90840092758829,0.0231598250015991,0.0616011184186566,81.24405098595194,11.971159941799565,False,True,True,True,True,True,True,False,False
VH_5_MFA_BA,VH,MFA_BA,VH_5_MFA_BA__hybrid_optuna_064,0.0043320572041626,3.126440609626558e-05,2.3461660160520272e-05,1.7089868577049108,70.31903725681504,0.0772832636286386,0.0652923698508632,79.34760802419059,34.00609340816338,True,True,True,True,True,True,True,False,False
VH_5_MFA_BA,VH,MFA_BA,VH_5_MFA_BA__hybrid_optuna_082,3.5315632335675685e-06,0.0034829702202396,1.6387972619490892e-06,0.8816880116227885,256.8987275889517,0.0412404668272425,0.0358460654218295,65.21310771415628,14.165135443908882,True,True,True,True,True,True,True,False,False
VH_5_MFA_BA,VH,MFA_BA,VH_5_MFA_BA__hybrid_optuna_081,0.0016941008867531,0.0020386511861387,0.0001573873030365,2.2209367463223986,240.8064561546066,0.0784144212796137,0.0225628789036878,50.32889091223792,35.47081180841285,True,True,True,True,True,True,True,False,False
VH_5_MFA_BA,VH,MFA_BA,VH_5_MFA_BA__hybrid_optuna_085,0.007905476614875,0.0009925433851809,0.0004706458041628,0.994310132909774,496.6805412831982,0.0446006177187221,0.0358407129879767,61.042112755154506,22.22266670298949,False,True,True,True,False,True,True,False,False
VH_6_MFA_BA,VH,MFA_BA,VH_6_MFA_BA__hybrid_optuna_025,0.0003404305335064,2.0158491466963725e-06,1.135177830508634e-07,1.0716461370716897,49.531127238778765,0.0377716385439723,9.715140018827784e-05,41.31757080438103,0.0086458397958488,True,True,True,True,True,True,False,False,True
VH_6_MFA_BA,VH,MFA_BA,VH_6_MFA_BA__hybrid_pre_07,0.0010372803440127,2.2174885564303987e-05,8.794145686213767e-05,1.5799874999695134,32.89666784601452,0.0066382429656991,0.0065807275701597,12.223863578540897,0.0610608975447179,True,True,True,True,True,True,True,False,True
VH_6_MFA_BA,VH,MFA_BA,VH_6_MFA_BA__hybrid_optuna_062,0.0010372803440127,2.2174885564303987e-05,8.794145686213767e-05,1.5799874999695134,32.89666784601452,0.0066382429656991,0.0065807275701597,12.223863578540897,0.0610608975447179,True,True,True,True,True,True,True,False,True
VH_6_MFA_BA,VH,MFA_BA,VH_6_MFA_BA__hybrid_optuna_015,0.0004958599401984,5.8280394018732434e-08,0.0002191424868946,2.0669391181502235,70.5904419885234,0.0157458474241987,0.0032769642226006,30.221215881393995,0.1806487351071609,True,True,True,True,True,True,True,False,True
VH_6_MFA_BA,VH,MFA_BA,VH_6_MFA_BA__hybrid_optuna_030,0.0004871538471116,2.202411657742992e-07,1.3721071027936944e-07,1.2901818288166436,82.13541838072891,0.0429155872524264,6.953075218839281e-05,18.0848326695262,0.0026303194111439,True,True,True,True,True,True,False,False,True
VH_6_MFA_BA,VH,MFA_BA,VH_6_MFA_BA__hybrid_optuna_039,0.000230954447099,9.670982408807081e-08,1.38839310445657e-07,1.1025711770389257,46.41264345176896,0.0652267883317654,0.0001448592191224,31.971913515805383,0.0021531177481487,True,True,True,True,True,True,True,False,True
VH_6_MFA_BA,VH,MFA_BA,VH_6_MFA_BA__hybrid_optuna_012,0.0001660742241207,5.9087421816713387e-08,0.0001201705435926,2.080780504590921,17.98011958089841,0.0167686305609463,0.0034795236281658,25.299996630966945,0.2015005823899112,True,True,True,True,True,True,True,False,True
VH_6_MFA_BA,VH,MFA_BA,VH_6_MFA_BA__hybrid_optuna_006,0.0001204863213514,4.646834539506352e-08,0.0008910262611369,3.74270354043692,15.076088535877998,0.0073065693181759,0.0089051025779441,44.6328057253391,0.4238969934500458,True,True,True,True,True,True,True,False,True
VH_6_MFA_BA,VH,MFA_BA,VH_6_MFA_BA__hybrid_optuna_004,0.0001453307141452,3.0973474637477507e-08,0.0027370129059503,3.6291461285824407,20.149980575104927,0.0032759747654942,0.0125751108332351,58.87306030898774,0.4193118918233905,True,True,True,True,True,True,True,False,True
VH_6_MFA_BA,VH,MFA_BA,VH_6_MFA_BA__hybrid_optuna_037,7.963019858818788e-05,2.6272729706278464e-08,0.0035307497184696,2.947074839005936,15.477351000213105,0.0089382696353574,0.0019238842242716,30.12501243728365,0.8344332128527565,True,True,True,True,True,True,True,False,True
VH_6_MFA_BA,VH,MFA_BA,VH_6_MFA_BA__hybrid_optuna_009,0.0001236087169902,4.19397438827346e-08,0.0007694571085429,2.1790984342390742,12.692991063520228,0.0107812556629069,0.0094803434862209,34.361323348344136,0.3759279656926669,True,True,True,True,True,True,True,False,True
VH_6_MFA_BA,VH,MFA_BA,VH_6_MFA_BA__hybrid_optuna_003,0.0001228543762059,3.88526207445934e-08,0.0007506753266737,4.443961044237516,13.61325943560638,0.0033346689427899,0.0146800592025341,59.43653376583272,0.3527352721934161,True,True,True,True,True,True,True,False,True
VH_6_MFA_BA,VH,MFA_BA,VH_6_MFA_BA__hybrid_post_003,0.0001240089220262,3.844707399602594e-08,0.0922571427154763,4.432855718524528,13.613042753970223,0.0033413263282377,0.0146223790310261,59.43653376583272,0.3527352721934161,True,True,False,True,True,True,True,False,True
VH_6_MFA_BA,VH,MFA_BA,VH_6_MFA_BA__hybrid_optuna_019,0.0001365509154269,1.032184748618808e-08,0.0008015885134702,7.507942594501852,22.92786009824932,0.0057158605048559,0.0125882406880659,58.980493366812375,0.3859298035144001,True,True,True,True,True,True,True,False,True
VH_6_MFA_BA,VH,MFA_BA,VH_6_MFA_BA__hybrid_post_002,0.0001213769917639,4.492537251574488e-08,1.0839269140212014e-08,4.557966161830925,14.810488215854422,0.0025765701945285,0.0165881125557845,51.222947358729485,0.4184123701371444,True,True,True,True,True,True,True,False,True
VH_6_MFA_BA,VH,MFA_BA,VH_6_MFA_BA__hybrid_optuna_002,0.0001190558565082,4.533436609527556e-08,0.0007374360930522,4.5610680529896985,14.701460675660986,0.0025550690842159,0.0166154822497612,51.222947358729485,0.4184123701371444,True,True,True,True,True,True,True,False,True
VH_6_MFA_BA,VH,MFA_BA,VH_6_MFA_BA__hybrid_optuna_007,0.0001502163300994,1.029410176953174e-08,0.0006718616084062,5.04994854752275,13.932231012859766,0.0074754435339964,0.0127031312661791,52.5307360810596,0.2608053869535254,True,True,True,True,True,True,True,False,True
VH_6_MFA_BA,VH,MFA_BA,VH_6_MFA_BA__hybrid_optuna_005,5.2798343618356816e-05,1.5717788816800473e-08,0.0078002956026194,3.658739648139973,7.583154758636572,0.0031801855228097,0.0180282391915705,57.36715375531829,1.2068990248408469,True,True,True,True,True,True,True,False,True
VH_6_MFA_BA,VH,MFA_BA,VH_6_MFA_BA__hybrid_optuna_028,0.0001836099882301,1.8852586904269707e-08,7.20505566716536e-06,1.3663417432569775,27.882981154354603,0.0406395432255884,0.0003598637656932,8.961567719134045,0.0018419136089576,True,True,True,True,True,True,True,False,True
VH_6_MFA_BA,VH,MFA_BA,VH_6_MFA_BA__hybrid_optuna_056,0.0050101427591239,8.207972412515614e-08,0.0001503491280423,1.709259569485102,129.41795864734283,0.0753124899044022,2.8515839012945427e-05,13.649810195617668,0.0036812812281906,False,True,True,True,True,True,False,False,True
VH_6_MFA_BA,VH,MFA_BA,VH_6_MFA_BA__hybrid_optuna_035,0.0029530055600785,3.3343066129713915e-08,7.211754786633151e-05,0.8050384199706103,163.9887693257708,0.0572258219971864,0.0005634231847919,13.041260584066857,0.0109842442405086,True,True,True,True,True,True,True,False,True
VH_6_MFA_BA,VH,MFA_BA,VH_6_MFA_BA__hybrid_optuna_014,0.0004753588820597,1.1527897975431589e-07,0.0003014314930882,1.24765817002793,43.775161309104064,0.0463707869449634,0.0004046300842775,9.82055293131424,0.0313848052091324,True,True,True,True,True,True,True,False,True
VH_6_MFA_BA,VH,MFA_BA,VH_6_MFA_BA__hybrid_optuna_034,0.0013082002290438,2.4839262729488943e-08,1.918618771175327e-06,0.616431643635169,73.54719644837185,0.0301500159009369,2.415861505526611e-05,4.76531028659235,0.0050901363875294,True,True,True,True,True,True,False,True,True
VH_6_MFA_BA,VH,MFA_BA,VH_6_MFA_BA__hybrid_optuna_018,0.0004706522156919,1.1042965158689406e-07,0.0001865893722234,1.1832570699484946,37.55481946775402,0.0201475436604463,0.00524827286286,12.313723306437897,0.0400362670781877,True,True,True,True,True,True,True,False,True
VH_6_MFA_BA,VH,MFA_BA,VH_6_MFA_BA__hybrid_optuna_038,0.0006949540058147,6.58526019137395e-08,2.232225509017345e-05,1.0199456669880442,126.89126734910484,0.0227925430746811,1.577564446038795e-05,39.47943637979386,0.011287298175884,True,True,True,True,True,True,False,False,True
VH_6_MFA_BA,VH,MFA_BA,VH_6_MFA_BA__hybrid_optuna_022,0.0004794317096603,1.286449626852148e-07,0.0001277407463341,1.2605774121179658,34.958745744019275,0.022179913410041,0.0052615262275394,8.536405659976936,0.0412227660522029,True,True,True,True,True,True,True,False,True
VH_6_MFA_BA,VH,MFA_BA,VH_6_MFA_BA__hybrid_optuna_011,0.0001996241503976,1.6456728943156462e-08,0.0013435830935394,1.9990442436827296,16.859662520022926,0.009375752526598,0.0033922069234211,30.23263063287089,0.4986580178885791,True,True,True,True,True,True,True,False,True
VH_6_MFA_BA,VH,MFA_BA,VH_6_MFA_BA__hybrid_optuna_013,0.0006922067934596,7.194186125519044e-08,1.4118367546884695e-06,0.9352167311031804,75.82936757487268,0.0780963806241281,5.73165477417194e-05,4.293930253192281,0.0026138910670753,True,True,True,True,True,True,False,True,True
VH_6_MFA_BA,VH,MFA_BA,VH_6_MFA_BA__hybrid_optuna_027,0.0006335275753613,3.821412646949605e-08,1.985333695767178e-06,1.795383917575852,41.29887324501468,0.0770869771151302,2.173691229629384e-05,21.263778084209083,0.0044744687805682,True,True,True,True,True,True,False,False,True
VH_6_MFA_BA,VH,MFA_BA,VH_6_MFA_BA__hybrid_optuna_047,6.479004734525076e-05,2.2502561987217653e-08,0.0010626543615085,6.432213022869695,17.5604023861494,0.0034378347061756,0.0394971773989807,54.48823438870309,0.0197507776714407,True,True,True,True,True,True,True,False,True
VH_6_MFA_BA,VH,MFA_BA,VH_6_MFA_BA__hybrid_optuna_091,2.6844718496491392e-08,1.16879530678461e-07,6.018947403279519e-07,1.8085792754340049,225.993772750019,0.0064109183795178,0.0001009999603123,12.953390962754222,0.0011073078710423,True,True,True,True,True,True,True,False,True
VH_6_MFA_BA,VH,MFA_BA,VH_6_MFA_BA__hybrid_pre_06,0.0002273248216587,6.0134752955385566e-05,0.0005418197065945,2.786019625980197,21.62389411493181,0.0188528005571419,0.0112539379254947,1.0000004185177951e-10,0.1004417557785641,True,True,True,True,True,True,True,False,True
VH_6_MFA_BA,VH,MFA_BA,VH_6_MFA_BA__hybrid_optuna_049,0.0002273248216587,6.0134752955385566e-05,0.0005418197065945,2.786019625980197,21.62389411493181,0.0188528005571419,0.0112539379254947,1.0000004185177951e-10,0.1004417557785641,True,True,True,True,True,True,True,False,True
VH_6_MFA_BA,VH,MFA_BA,VH_6_MFA_BA__hybrid_optuna_021,0.0007996019761638,1.0728192002723005e-07,9.153288959258508e-05,1.2536862056746738,59.94400580928022,0.0318068137505802,0.0003145699235599,8.152023201914707,0.0639833818245656,True,True,True,True,True,True,True,False,True
VH_6_MFA_BA,VH,MFA_BA,VH_6_MFA_BA__hybrid_optuna_061,0.0026720893201672,1.0539020370315733e-07,0.0001091300981747,1.198624814976654,41.26216402405658,0.0329857880300596,0.0002719256015624,7.257046606069817,0.0753493289365056,True,True,True,True,True,True,True,False,True
VH_6_MFA_BA,VH,MFA_BA,VH_6_MFA_BA__hybrid_optuna_008,0.0002063804527259,1.6261180183074952e-08,0.0019841490058657,2.746058372054469,16.3499469835711,0.004433982642702,0.0026287814213064,29.02014281643905,0.2223740675818439,True,True,True,True,True,True,True,False,True
VH_6_MFA_BA,VH,MFA_BA,VH_6_MFA_BA__hybrid_optuna_048,0.009449767599252,5.193847994511608e-08,4.780209135582049e-06,0.929496441921556,317.754482931856,0.0994072167738778,1.241612864184602e-05,2.0693425663333187,0.0057828711549957,False,True,True,True,False,True,False,True,True
VH_6_MFA_BA,VH,MFA_BA,VH_6_MFA_BA__hybrid_optuna_100,2.7375213902407834e-06,1.925009050689361e-08,0.0019815629283382,6.218912672567446,59.27234673782141,0.0029917175093729,1.168851437890227,54.23019354654293,0.0172983108009125,True,True,True,True,True,True,True,False,True
VH_6_MFA_BA,VH,MFA_BA,VH_6_MFA_BA__hybrid_optuna_054,0.0003340463910712,4.775759984370464e-07,7.862184711755482e-07,1.4979571945929948,90.34599188353448,0.0235844184817152,5.458703206817149e-05,1.3926976996999807,0.0029213110428663,True,True,True,True,True,True,False,True,True
VH_6_MFA_BA,VH,MFA_BA,VH_6_MFA_BA__hybrid_optuna_001,0.0001176873423193,4.436060138660744e-08,0.0007136882881463,1.973980061572336,12.976397401507164,0.0024923761604726,0.0140684904271921,34.111812255131994,0.4709453276310566,True,True,True,True,True,True,True,False,True
VH_6_MFA_BA,VH,MFA_BA,VH_6_MFA_BA__hybrid_post_001,0.0001177062047281,4.4364637613727894e-08,0.0007135412337255,1.9723949817030584,12.974328472687878,0.0024924323102121,0.0140729169238749,34.111812255131994,0.47094532763106,True,True,True,True,True,True,True,False,True
VH_6_MFA_BA,VH,MFA_BA,VH_6_MFA_BA__hybrid_optuna_033,6.209430431950934e-05,2.810843734511857e-08,0.0005257827250849,6.678619429962189,13.517647074985533,0.002568579421469,0.0177053811170595,50.87958734487824,0.4441513984761658,True,True,True,True,True,True,True,False,True
VH_6_MFA_BA,VH,MFA_BA,VH_6_MFA_BA__hybrid_pre_05,0.0002615321486465,3.07211410020035e-05,0.0003015380807013,1.5649804362525348,45.18052264394723,0.0044414211958931,0.0076726646989322,7.601483719488877e-11,0.1265522383680169,True,True,True,True,True,True,True,False,True
VH_6_MFA_BA,VH,MFA_BA,VH_6_MFA_BA__hybrid_optuna_050,0.0002615321486465,3.07211410020035e-05,0.0003015380807013,1.5649804362525348,45.18052264394723,0.0044414211958931,0.0076726646989322,7.601483719488877e-11,0.1265522383680169,True,True,True,True,True,True,True,False,True
VH_6_MFA_BA,VH,MFA_BA,VH_6_MFA_BA__hybrid_optuna_023,0.0005966937220278,2.365538734339401e-07,1.1725698793415655e-06,1.4619601002871487,82.4502644132092,0.042957646833288,6.791459409088575e-05,17.251237168802696,0.0026954283679761,True,True,True,True,True,True,False,False,True
VH_6_MFA_BA,VH,MFA_BA,VH_6_MFA_BA__hybrid_optuna_066,4.046341818177025e-05,4.6206476975784804e-08,0.0085842748071845,4.550172397356717,16.582888555866354,0.0046485049199582,0.0074891782146969,44.44197901045671,2.2590811573548257,True,True,True,True,True,True,True,False,True
VH_6_MFA_BA,VH,MFA_BA,VH_6_MFA_BA__hybrid_pre_08,0.0001095632282009,1.3268221682475124e-05,0.0006873786015408,2.0813077786671315,59.41108036017741,0.0061294904007571,0.004247582281139,4.665508220402772e-08,0.0204055332769042,True,True,True,True,True,True,True,False,True
VH_6_MFA_BA,VH,MFA_BA,VH_6_MFA_BA__hybrid_optuna_032,0.0001095632282009,1.3268221682475124e-05,0.0006873786015408,2.0813077786671315,59.41108036017741,0.0061294904007571,0.004247582281139,4.665508220402772e-08,0.0204055332769042,True,True,True,True,True,True,True,False,True
VH_6_MFA_BA,VH,MFA_BA,VH_6_MFA_BA__hybrid_optuna_020,0.0006037284358179,4.28013526319141e-07,3.4091471318738505e-06,1.4810663458885776,78.40203019718416,0.0429158706356472,5.467555310054796e-05,16.137485731289274,0.0020817725684118,True,True,True,True,True,True,False,False,True
VH_6_MFA_BA,VH,MFA_BA,VH_6_MFA_BA__hybrid_optuna_046,1.7382908514293904e-05,9.957921245940916e-07,0.0237456406273551,3.6935260261578207,5.357550932811682,0.0017533434103196,0.0310821506673784,107.01208075036214,0.1528090362362694,True,True,True,True,True,True,True,False,True
VH_6_MFA_BA,VH,MFA_BA,VH_6_MFA_BA__hybrid_optuna_016,0.0001814380255589,2.16683896159462e-08,0.0020629397214991,2.1752991747029697,11.706674647921911,0.003933502375864,0.0033478295705246,35.84373514908958,0.6080484352716129,True,True,True,True,True,True,True,False,True
VH_6_MFA_BA,VH,MFA_BA,VH_6_MFA_BA__hybrid_optuna_024,0.0001809067754287,1.7524316115863218e-08,0.0019505239074085,2.7830232663809955,10.762096584609807,0.0041316015220241,0.0032045151174157,48.98784826955897,0.5535215790145694,True,True,True,True,True,True,True,False,True
VH_6_MFA_BA,VH,MFA_BA,VH_6_MFA_BA__hybrid_optuna_040,2.1021021249039065e-05,8.333852147082274e-07,0.0232958422221462,3.767647917657326,5.82279696606003,0.0016507137892831,0.0325799949764522,91.46331021786057,0.1260660453472978,True,True,True,True,True,True,True,False,True
VH_6_MFA_BA,VH,MFA_BA,VH_6_MFA_BA__hybrid_optuna_036,0.0009272377701623,8.017553749865686e-08,1.8771189659739056e-05,0.5950565362131877,50.61147190750524,0.0495511624548049,0.0012775604132462,27.930245012650687,0.0807455173404318,True,True,True,True,True,True,True,False,True
VH_6_MFA_BA,VH,MFA_BA,VH_6_MFA_BA__hybrid_optuna_076,3.309892754256889e-05,1.561541748791268e-08,0.0015421949418762,2.3518534580572483,18.30074489663792,0.0052947086333976,0.0034074687320432,36.66557499986148,0.2137229762242076,True,True,True,True,True,True,True,False,True
VH_6_MFA_BA,VH,MFA_BA,VH_6_MFA_BA__hybrid_optuna_029,0.0003562899068637,2.0596666351825294e-06,5.6081054743747046e-05,1.0790111384813346,55.52738068422421,0.0380944311438102,8.842464745232045e-05,38.7465502828272,0.0072412494361547,True,True,True,True,True,True,False,False,True
VH_6_MFA_BA,VH,MFA_BA,VH_6_MFA_BA__hybrid_optuna_042,2.051680285210128e-05,7.946727948511746e-07,0.028593428372276,3.2244486427689045,5.672475993793485,0.0016083323188974,0.0301446055462791,83.10051228138158,0.147569927538691,True,True,True,True,True,True,True,False,True
VH_6_MFA_BA,VH,MFA_BA,VH_6_MFA_BA__hybrid_optuna_017,0.0001146240869163,3.985992305889924e-08,0.0008307903878789,4.807090722463284,7.1836096581117,0.0023413482664036,0.0481928622479098,61.10477811590896,0.3351247915076527,True,True,True,True,True,True,True,False,True
VH_6_MFA_BA,VH,MFA_BA,VH_6_MFA_BA__hybrid_optuna_069,1.8893013851257984e-05,0.0004606243499424,0.0045337987785375,7.991241882818889,8.693853215494054,0.0013319751466656,0.1804482017833529,64.59604726074438,0.0111675260145354,True,True,True,True,True,True,True,False,True
VH_6_MFA_BA,VH,MFA_BA,VH_6_MFA_BA__hybrid_optuna_074,0.0001281780425553,1.4798796997369657e-07,3.6756540081662775e-06,2.0635983212697555,63.3351384495587,0.0270753374191431,0.000750805455747,28.502792923151947,0.0473102955746426,True,True,True,True,True,True,True,False,True
VH_6_MFA_BA,VH,MFA_BA,VH_6_MFA_BA__hybrid_optuna_059,0.0019390253581334,1.4022857860666662e-06,2.7011251171446803e-05,0.7081073245093132,36.29955972530863,0.0078536140322739,0.0069338949887553,5.026592445707877,0.0135370174741958,True,True,True,True,True,True,True,False,True
VH_6_MFA_BA,VH,MFA_BA,VH_6_MFA_BA__hybrid_optuna_045,0.0039096307698567,2.102015789092642e-07,3.480237245054467e-07,1.4619711676340184,149.1725964513781,0.0137592216816233,4.387659389093182e-05,16.75011154312704,0.0017961083291712,True,True,True,True,True,True,False,False,True
VH_6_MFA_BA,VH,MFA_BA,VH_6_MFA_BA__hybrid_optuna_041,0.0001566628211234,1.265971043800767e-07,0.0001567298494317,1.2209361892959738,6.747664310529699,0.0185587656776179,0.0048811903187068,67.71506875503756,0.0609336718813943,True,True,True,True,True,True,True,False,True
VH_6_MFA_BA,VH,MFA_BA,VH_6_MFA_BA__hybrid_optuna_068,0.0002920692487853,1.775104322673983e-07,9.092661839310892e-06,0.2231379483635631,30.056063731667088,0.0173083962210768,0.000170239795088,6.12411111370983,0.3325546150781412,True,True,True,True,True,True,True,False,True
VH_6_MFA_BA,VH,MFA_BA,VH_6_MFA_BA__hybrid_optuna_089,4.5778611090711844e-07,6.11276537892899e-07,0.0175548738539671,2.283686663722581,4.789725760061959,0.0093955803436964,0.0106409757905131,46.487344142814,4.87747626116897,True,True,True,True,True,True,True,False,True
VH_6_MFA_BA,VH,MFA_BA,VH_6_MFA_BA__hybrid_optuna_085,5.289960479149794e-06,8.109406212901963e-07,0.0393217677923628,8.87412046037202,8.37153629332817,0.002086408532452,0.0037852928075004,82.55101375557975,0.058137000596598,True,True,True,True,True,True,True,False,True
VH_6_MFA_BA,VH,MFA_BA,VH_6_MFA_BA__hybrid_optuna_083,1.1740029413313474e-05,1.2586258854656122e-08,0.0034900590620356,3.678763740665705,9.92868338161802,0.0012761715822626,0.0101998839872436,42.37190585001511,0.985673780926648,True,True,True,True,True,True,True,False,True
VH_6_MFA_BA,VH,MFA_BA,VH_6_MFA_BA__hybrid_optuna_064,7.843143045801779e-06,1.928773336562952e-06,0.0101927118364415,9.909870547779809,5.84112991663035,0.0009641958295232,0.2618463626432974,34.21811367165956,0.0040960500637067,True,True,True,True,True,True,True,False,True
VH_6_MFA_BA,VH,MFA_BA,VH_6_MFA_BA__hybrid_optuna_065,0.0014980466781261,1.271926687338212e-05,1.2597859979005969e-06,2.2558412848459883,66.75064909603707,0.0006318531798106,0.0023164712930629,118.06838381811896,0.0071070141453668,True,True,True,True,True,True,True,False,True
VH_6_MFA_BA,VH,MFA_BA,VH_6_MFA_BA__hybrid_optuna_067,0.0013277779735619,3.435896899510017e-06,1.2334099014487658e-08,1.3500768514021948,47.58975529742471,0.0120390681808463,6.0484308630281656e-05,9.653933168074005,0.0203280074831408,True,True,True,True,True,True,False,False,True
VH_6_MFA_BA,VH,MFA_BA,VH_6_MFA_BA__hybrid_optuna_057,0.0054345842203562,0.0003298004957997,1.650817150674715e-05,0.5359829903803891,0.6214672502004593,0.0020216007336744,0.0805159784123701,25.071206540204408,0.0090210302200009,False,True,True,True,False,True,True,False,True
VH_6_MFA_BA,VH,MFA_BA,VH_6_MFA_BA__hybrid_optuna_097,2.657239625175328e-06,7.482202321856065e-08,0.0088646381564526,0.1589303008481295,9.28295775109294,0.0002334120062951,0.0009300436785832,148.92086957862833,0.0149487126140278,True,True,True,True,True,True,True,False,True
VH_6_MFA_BA,VH,MFA_BA,VH_6_MFA_BA__hybrid_optuna_090,3.896033142814352e-07,3.5098480978772694e-07,4.134610172205618e-05,1.505565102747963,13.142354681273863,0.0008314614157289,0.0026084767392188,77.18305937863549,0.0068749715485456,True,True,True,True,True,True,True,False,True
VH_6_MFA_BA,VH,MFA_BA,VH_6_MFA_BA__hybrid_optuna_092,2.7391212383439084e-07,4.547893049639716e-06,3.52157413223851e-08,0.9812432664903596,105.24619361952578,0.0852598623416662,0.0006855318724167,100.58177139073298,2.5447954267342645,True,True,True,True,True,True,True,False,True
VH_6_MFA_BA,VH,MFA_BA,VH_6_MFA_BA__hybrid_optuna_070,0.0004844480928812,0.0001500087460294,0.004766569182025,4.25608544431839,0.9514346018343296,0.0004467037147165,0.0215493634886736,107.98868569134638,0.0356716688036334,True,True,True,True,False,True,True,False,True
VH_6_MFA_BA,VH,MFA_BA,VH_6_MFA_BA__hybrid_optuna_044,6.108933483487577e-05,2.842724624029325e-07,4.533903222523237e-05,1.827490998048584,15.2069372397874,0.0008167860692158,0.0015301269665355,77.25822987559948,0.0238034925178241,True,True,True,True,True,True,True,False,True
VH_6_MFA_BA,VH,MFA_BA,VH_6_MFA_BA__hybrid_optuna_058,5.050968617189478e-05,6.789661300050269e-07,0.0020561920354989,5.426148147155487,88.75938945648403,0.0004325180977713,7.488477872593394e-05,97.26125930685367,0.0039577203122067,True,True,True,True,True,True,False,False,True
VH_6_MFA_BA,VH,MFA_BA,VH_6_MFA_BA__hybrid_optuna_084,0.0002448745897534,2.439087448580675e-07,1.896286376447047e-07,2.5384121179860424,206.3737228070448,0.0945051435470062,3.8555578181676994e-05,18.203658817452204,0.0023918743728068,True,True,True,True,True,True,False,False,True
VH_6_MFA_BA,VH,MFA_BA,VH_6_MFA_BA__hybrid_optuna_075,4.959244802288837e-05,5.2642604496103184e-08,0.0338394072477758,4.370037767728201,4.2507714727801,1.338093994016873e-05,0.0677551384953469,87.56051663768942,0.0031484966309498,True,True,True,True,True,True,True,False,True
VH_6_MFA_BA,VH,MFA_BA,VH_6_MFA_BA__hybrid_optuna_088,2.6152825306749292e-08,1.4331896877432708e-07,4.075173392676908e-07,0.277079429312825,415.4816556121292,0.0003320258070519,11.156918462586772,93.6125290758548,0.0017237974587537,True,True,True,True,False,True,True,False,True
VH_6_MFA_BA,VH,MFA_BA,VH_6_MFA_BA__hybrid_optuna_077,1.7670169402947916e-06,0.0050615768887523,0.0013303245101522,1.192617378922354,1.4690139693517672,4.207053950287933e-05,2.3226650368137e-05,129.92642186624028,0.6677615511747083,True,True,True,True,True,True,False,False,True
VH_6_MFA_BA,VH,MFA_BA,VH_6_MFA_BA__hybrid_optuna_071,0.0026781635699309,1.589458705190612e-07,6.809527185806729e-08,1.560114535890783,27.526255924704444,0.0475798404540616,0.0003371999527041,12.38881805866788,0.1638366889143744,True,True,True,True,True,True,True,False,True
VH_6_MFA_BA,VH,MFA_BA,VH_6_MFA_BA__hybrid_optuna_072,8.909540420044788e-05,2.0608129975114946e-07,4.002254862228091e-05,1.859103633025455,1.9974059077945483,9.073302114405064e-05,9.823817788100144e-05,70.72675071547913,0.2419872510000546,True,True,True,True,True,True,False,False,True
VH_6_MFA_BA,VH,MFA_BA,VH_6_MFA_BA__hybrid_optuna_078,0.000177188473548,1.3289448722869162e-08,0.0615699732823519,4.115716865497774,2.167640897475782,5.337032762603954e-05,0.0001430992369351,45.63633644393066,0.2922905212920093,True,True,False,True,True,True,True,False,True
VH_6_MFA_BA,VH,MFA_BA,VH_6_MFA_BA__hybrid_optuna_087,1.23996824954514e-06,4.237871999509075e-06,0.0050697945335852,2.955569860466784,3.100690268600792,0.0052526634900396,0.0250716795210701,90.02695673786721,1.3161966566193457,True,True,True,True,True,True,True,False,True
VH_6_MFA_BA,VH,MFA_BA,VH_6_MFA_BA__hybrid_optuna_053,4.134521577100379e-05,3.297301529776714e-07,0.0736190925925286,5.495700153999671,3.686474197502069,0.0001928277027729,1.2136455024379236e-05,60.59922683660871,0.001447442956166,True,True,False,True,True,True,False,False,True
VH_6_MFA_BA,VH,MFA_BA,VH_6_MFA_BA__hybrid_optuna_082,2.7152346862150303e-05,4.8679436154445574e-08,0.0722631518233574,2.524868517545128,2.618651795837346,0.0101181737271,1.7155663334159683,16.635275584948463,0.110991849931051,True,True,False,True,True,True,True,False,True
VH_6_MFA_BA,VH,MFA_BA,VH_6_MFA_BA__hybrid_optuna_081,0.0054130713253879,1.0288322465014132e-08,7.727044559254059e-05,0.4581597583374756,57.78956784944733,0.0404034107813123,4.568884608650961e-05,25.973183774095297,0.0012313248980316,False,True,True,True,True,True,False,False,True
VH_6_MFA_BA,VH,MFA_BA,VH_6_MFA_BA__hybrid_optuna_080,0.0008201536689647,1.2463057011816984e-08,0.0002365942815445,0.3518110479539792,22.418321518209023,0.0228172191759714,3.2859074390222774e-05,21.8633021004044,0.0382229498298626,True,True,True,True,True,True,False,False,True
VH_6_MFA_BA,VH,MFA_BA,VH_6_MFA_BA__hybrid_optuna_079,0.0004502658098496,3.52104544477048e-08,0.0003454610683585,0.5387160960689065,34.89141178475423,0.0556915764909088,0.0002681570881359,9.213088464542958,0.0372925556562256,True,True,True,True,True,True,True,False,True
VH_6_MFA_BA,VH,MFA_BA,VH_6_MFA_BA__hybrid_optuna_031,3.961366882607704e-05,3.960354006182488e-07,0.033320978090712,5.53590616978501,8.475454282722119,0.0003231294976125,0.0010434467258674,55.06009989331456,0.0150727725052535,True,True,True,True,True,True,True,False,True
VH_6_MFA_BA,VH,MFA_BA,VH_6_MFA_BA__hybrid_optuna_073,0.0020848677537879,4.130765113873236e-07,0.0003597244418279,0.7718401171198759,110.1974348601809,0.0708615859362282,0.0004443476095131,11.443430092771624,30.53783608529715,True,True,True,True,True,True,True,False,False
VH_6_MFA_BA,VH,MFA_BA,VH_6_MFA_BA__hybrid_optuna_086,0.0010771758187875,0.0098203015953507,0.0009312491390733,0.9401041578435614,20.07820509934172,0.0133793398883708,0.000201927645636,17.044076444475717,0.0283581387719632,True,True,True,True,True,True,True,False,True
VH_6_MFA_BA,VH,MFA_BA,VH_6_MFA_BA__hybrid_optuna_094,0.0001146806814505,1.2664997610160468e-05,0.0006325116347522,3.275817899216873,25.03456039752108,0.0030228244280197,0.0741875662831447,32.943985283071804,0.7182839893748392,True,True,True,True,True,True,True,False,True
VH_6_MFA_BA,VH,MFA_BA,VH_6_MFA_BA__hybrid_optuna_098,7.963132334576784e-06,2.2764906643568704e-06,1.2318363973393256e-05,0.7078189269357884,165.01385543927898,0.0001460657858937,0.0002616670134112,118.5465297105994,0.0259678498207633,True,True,True,True,True,True,True,False,True
VH_6_MFA_BA,VH,MFA_BA,VH_6_MFA_BA__hybrid_optuna_096,9.836689953870822e-05,2.435640720606187e-05,0.0012742689916328,5.167456704870369,13.942884417379698,0.0076366502302584,0.1486827910246582,50.40081918726177,0.2641796763267764,True,True,True,True,True,True,True,False,True
VH_6_MFA_BA,VH,MFA_BA,VH_6_MFA_BA__hybrid_optuna_093,0.0016372550746123,6.212154439182001e-06,0.0155197170810742,0.8734973906212564,12.35054001953397,0.0293329647465489,0.001467714234879,20.93611899506968,0.4279093911050907,True,True,True,True,True,True,True,False,True
VH_6_MFA_BA,VH,MFA_BA,VH_6_MFA_BA__hybrid_optuna_095,8.33713672653795e-05,1.2885132420661395e-06,3.5928105489249565e-08,0.8199861707546735,73.92433386502617,0.0192577402356308,0.0001133699323386,23.259395602123533,0.0088869582073024,True,True,True,True,True,True,True,False,True
VH_7_OG_MFA_BA,VH,MFA_BA,VH_7_OG_MFA_BA__hybrid_optuna_087,1.1741633364539965e-07,0.0039552323360892,1.1293569666046962e-08,0.1876572632038594,0.5559979832948205,1.42856761240024e-05,11.156918462586772,146.4209849786993,4.811185305147927,True,True,True,True,False,True,True,False,True
VH_7_OG_MFA_BA,VH,MFA_BA,VH_7_OG_MFA_BA__hybrid_pre_07,0.0010372803740804,2.2174884575555303e-05,8.794145260307696e-05,1.5799875219699269,32.89666777892559,0.0066382428982521,0.0065807277004591,12.22386326679854,0.0610608979287047,True,True,True,True,True,True,True,False,True
VH_7_OG_MFA_BA,VH,MFA_BA,VH_7_OG_MFA_BA__hybrid_optuna_078,0.0010372803740804,2.2174884575555303e-05,8.794145260307696e-05,1.5799875219699269,32.89666777892559,0.0066382428982521,0.0065807277004591,12.22386326679854,0.0610608979287047,True,True,True,True,True,True,True,False,True
VH_7_OG_MFA_BA,VH,MFA_BA,VH_7_OG_MFA_BA__hybrid_optuna_004,0.0001020318330807,4.047415485796482e-05,5.870344730836774e-08,0.3009283733959571,383.0268282278555,0.0026811468589483,0.0825503163659982,50.78352686640187,0.0549886796749744,True,True,True,True,False,True,True,False,True
VH_7_OG_MFA_BA,VH,MFA_BA,VH_7_OG_MFA_BA__hybrid_pre_06,0.0002273248156915,6.013475402381695e-05,0.0005418197044253,2.786019627131983,21.62389414224761,0.0188528009199002,0.0112539378995853,1.0000001242901771e-10,0.1004417556240389,True,True,True,True,True,True,True,False,True
VH_7_OG_MFA_BA,VH,MFA_BA,VH_7_OG_MFA_BA__hybrid_optuna_070,0.0002273248156915,6.013475402381695e-05,0.0005418197044253,2.786019627131983,21.62389414224761,0.0188528009199002,0.0112539378995853,1.0000001242901771e-10,0.1004417556240389,True,True,True,True,True,True,True,False,True
VH_7_OG_MFA_BA,VH,MFA_BA,VH_7_OG_MFA_BA__hybrid_pre_05,0.0002615321368286,3.072114047168104e-05,0.000301538062486,1.564980441973427,45.18052141236893,0.0044414214302419,0.0076726646189111,4.3524896563306925e-11,0.1265522372127042,True,True,True,True,True,True,True,False,True
VH_7_OG_MFA_BA,VH,MFA_BA,VH_7_OG_MFA_BA__hybrid_optuna_071,0.0002615321368286,3.072114047168104e-05,0.000301538062486,1.564980441973427,45.18052141236893,0.0044414214302419,0.0076726646189111,4.3524896563306925e-11,0.1265522372127042,True,True,True,True,True,True,True,False,True
VH_7_OG_MFA_BA,VH,MFA_BA,VH_7_OG_MFA_BA__hybrid_pre_08,0.0001095631486635,1.326826891068058e-05,0.0006873784936682,2.081307500456284,59.4110776195144,0.0061294951088206,0.0042475853833629,1e-10,0.0204055199342436,True,True,True,True,True,True,True,False,True
VH_7_OG_MFA_BA,VH,MFA_BA,VH_7_OG_MFA_BA__hybrid_optuna_067,0.0001095631486635,1.326826891068058e-05,0.0006873784936682,2.081307500456284,59.4110776195144,0.0061294951088206,0.0042475853833629,1e-10,0.0204055199342436,True,True,True,True,True,True,True,False,True
VH_7_OG_MFA_BA,VH,MFA_BA,VH_7_OG_MFA_BA__hybrid_optuna_032,0.0001073961058267,1.3522994964150286e-05,1.650147254815919e-08,0.1745618847973821,407.008311057341,0.0001975035995566,0.0166476148303064,46.26233446730111,0.02919732015323,True,True,True,True,False,True,True,False,True
VH_7_OG_MFA_BA,VH,MFA_BA,VH_7_OG_MFA_BA__hybrid_optuna_034,0.000763469114778,2.5892559421573964e-05,1.4345744186117172e-07,0.3006105066862917,355.801318626695,0.0006845457173729,0.004866631456674,52.17112893959585,0.0476339972094084,True,True,True,True,False,True,True,False,True
VH_7_OG_MFA_BA,VH,MFA_BA,VH_7_OG_MFA_BA__hybrid_optuna_035,0.0014890134946899,3.3143985740592055e-05,1.2750283887323114e-07,0.6080886520784998,36.4247249510859,0.0011594531820822,9.2975782414205,33.21837000215343,0.2037883847883644,True,True,True,True,True,True,True,False,True
VH_7_OG_MFA_BA,VH,MFA_BA,VH_7_OG_MFA_BA__hybrid_optuna_036,0.0004071054881448,7.179666247337942e-06,1.329675888895924e-07,0.2827965594266222,496.4224155851769,0.0002852069779161,0.0891277055995209,53.399821993688896,0.0550543130840788,True,True,True,True,False,True,True,False,True
VH_7_OG_MFA_BA,VH,MFA_BA,VH_7_OG_MFA_BA__hybrid_optuna_037,3.3815700447873226e-07,0.0026383869284615,5.12694410861904e-08,0.2844376449241302,87.89371253890259,0.0001162779466011,0.0002150465105801,73.11752606193211,0.0083421275340686,True,True,True,True,True,True,True,False,True
VH_7_OG_MFA_BA,VH,MFA_BA,VH_7_OG_MFA_BA__hybrid_optuna_041,6.136266473983089e-05,9.372971540103108e-05,3.148285745889647e-08,0.9756363442050836,185.8025290360953,0.0007429963236873,1.3267883589086062,36.91024220283122,0.0023594096542922,True,True,True,True,True,True,True,False,True
VH_7_OG_MFA_BA,VH,MFA_BA,VH_7_OG_MFA_BA__hybrid_optuna_042,4.34706181393448e-08,0.0014761266305747,2.9637271092175685e-07,0.149337179433846,10.267703983530096,2.8126195224920432e-05,7.841907896925073e-05,78.04000646569122,0.0055855402064309,True,True,True,True,True,True,False,False,True
VH_7_OG_MFA_BA,VH,MFA_BA,VH_7_OG_MFA_BA__hybrid_optuna_043,9.12750456249272e-05,7.553834969167235e-05,2.1711781893771285e-08,0.5670844709203904,393.9232509090924,0.0004284753769978,0.0381934720471227,70.64464053842408,0.0237217270499575,True,True,True,True,False,True,True,False,True
VH_7_OG_MFA_BA,VH,MFA_BA,VH_7_OG_MFA_BA__hybrid_optuna_044,0.0004724378782345,0.0001015721675227,1.896191614031653e-08,0.7092879411516861,156.5137013157628,0.0005173647573834,2.4157974588231905,11.521381935219395,0.0256323623276885,True,True,True,True,True,True,True,False,True
VH_7_OG_MFA_BA,VH,MFA_BA,VH_7_OG_MFA_BA__hybrid_optuna_045,8.00799265246497e-06,0.0017199520321479,1.1101515346979189e-07,0.7164845720885682,125.59111363236858,0.0003463757107693,0.0539973679635197,78.1282246191794,0.0216769304990151,True,True,True,True,True,True,True,False,True
VH_7_OG_MFA_BA,VH,MFA_BA,VH_7_OG_MFA_BA__hybrid_optuna_046,3.934271817733303e-07,0.0099192986120846,1.2431831787698133e-08,0.4042134344394826,12.988431824809776,0.0001074551818961,7.385888494530486e-05,50.96005091166299,0.0092293097985611,True,True,True,True,True,True,False,False,True
VH_7_OG_MFA_BA,VH,MFA_BA,VH_7_OG_MFA_BA__hybrid_optuna_048,0.0002380377326844,3.844758110370881e-05,5.73710777024872e-08,0.3517729210864219,0.8376457200329736,0.0030475604235478,0.0026779527092332,48.479676492194045,0.016089677436071,True,True,True,True,False,True,True,False,True
VH_7_OG_MFA_BA,VH,MFA_BA,VH_7_OG_MFA_BA__hybrid_optuna_051,1.0676790422275236e-08,0.0005366499857179,1.4716401311693234e-06,0.0512610969486515,0.5275559801240932,1.1214955449117664e-05,0.0005571088675761,87.16454732686566,0.0018255486426233,True,True,True,True,False,True,True,False,True
VH_7_OG_MFA_BA,VH,MFA_BA,VH_7_OG_MFA_BA__hybrid_optuna_053,1.8950708900499857e-06,1.2429307069613616e-08,0.0587715113199725,7.920902657579767,2.2027880656403496,4.781107784725181e-05,1.3767125749219675e-05,64.06684584499976,1.5711611334786644,True,True,False,True,True,True,False,False,True
VH_7_OG_MFA_BA,VH,MFA_BA,VH_7_OG_MFA_BA__hybrid_optuna_011,0.0003279108250268,3.218733137541389e-05,2.3741657636327301e-07,0.2128987207040074,438.7380292476363,0.0054445239984402,0.0597187703269262,38.74319956210115,0.0966034636770393,True,True,True,True,False,True,True,False,True
VH_7_OG_MFA_BA,VH,MFA_BA,VH_7_OG_MFA_BA__hybrid_optuna_010,9.075235530021316e-05,1.1541791323338702e-05,1.5219162156290808e-08,0.7481313415133735,499.8326974816171,0.0006916406179325,3.588806776060529,53.3213263544378,0.0622686452034392,True,True,True,True,False,True,True,False,True
VH_7_OG_MFA_BA,VH,MFA_BA,VH_7_OG_MFA_BA__hybrid_optuna_047,1.1990627027317798e-08,0.0061948055161047,1.980697601550337e-07,0.0724837014915406,2.8325101109673185,1.3271042689493891e-05,0.0003470797882863,70.12050914264131,1.4482498539465862,True,True,True,True,True,True,True,False,True
VH_7_OG_MFA_BA,VH,MFA_BA,VH_7_OG_MFA_BA__hybrid_optuna_009,0.0001564897455416,4.835123255281381e-06,2.816611585930843e-07,0.4295154289336146,313.54121048949366,0.000406204760993,0.0613243606366273,60.9137711201184,0.0402328126832589,True,True,True,True,False,True,True,False,True
VH_7_OG_MFA_BA,VH,MFA_BA,VH_7_OG_MFA_BA__hybrid_optuna_018,7.074996280814396e-05,5.362389886112452e-05,9.235875998123989e-08,0.459791924128014,443.5393994985398,0.0010038063327207,0.516153694761682,27.34358611495638,0.0746439212207544,True,True,True,True,False,True,True,False,True
VH_7_OG_MFA_BA,VH,MFA_BA,VH_7_OG_MFA_BA__hybrid_optuna_006,5.875904758004858e-05,1.0050892455179689e-05,6.229416635834042e-08,0.9891253005251678,311.9775252579268,0.0005178508210543,0.99718274627875,0.6620961071168985,2.5535274884155155,True,True,True,True,False,True,True,True,True
VH_7_OG_MFA_BA,VH,MFA_BA,VH_7_OG_MFA_BA__hybrid_optuna_057,6.284946321406843e-08,0.0021743953808267,2.103938521072707e-07,0.167422659389561,10.011578996978573,2.863854112770622e-05,9.342471967350883e-05,69.17651336542683,0.0033636709999157,True,True,True,True,True,True,False,False,True
VH_7_OG_MFA_BA,VH,MFA_BA,VH_7_OG_MFA_BA__hybrid_optuna_029,0.0006738971615862,0.0001211543429245,1.771075498738897e-08,1.2578526815826745,82.10740666110675,0.0028863791759577,0.5127696855498183,43.53118886992745,0.013441972257074,True,True,True,True,True,True,True,False,True
VH_7_OG_MFA_BA,VH,MFA_BA,VH_7_OG_MFA_BA__hybrid_optuna_008,0.0001897659824966,2.759078225602882e-05,5.500619954599798e-08,0.3146358383324255,350.3406343376972,0.0032990983773184,0.004073462003892,46.370912719784286,0.0422471261723635,True,True,True,True,False,True,True,False,True
VH_7_OG_MFA_BA,VH,MFA_BA,VH_7_OG_MFA_BA__hybrid_optuna_016,2.668918371263548e-05,0.0001794319030352,4.9424470240234926e-08,0.8020775845115213,442.25988448150895,0.0016543387854612,0.9556169723913184,25.97132451881245,0.0058417437108412,True,True,True,True,False,True,True,False,True
VH_7_OG_MFA_BA,VH,MFA_BA,VH_7_OG_MFA_BA__hybrid_optuna_052,0.0003913203653585,3.896363698538872e-05,1.413478254983283e-07,3.863047758074037,50.19148828631244,0.0004198148011784,1.4878484983640197,29.851135961212403,0.0019067215258842,True,True,True,True,True,True,True,False,True
VH_7_OG_MFA_BA,VH,MFA_BA,VH_7_OG_MFA_BA__hybrid_post_001,6.317826648394634e-05,2.5171743821669453e-05,1.483481194530239e-07,0.3664071949951701,352.5622056032779,0.0007679945976177,0.2183001848837974,46.73860567885546,0.0547350946516181,True,True,True,True,False,True,True,False,True
VH_7_OG_MFA_BA,VH,MFA_BA,VH_7_OG_MFA_BA__hybrid_optuna_027,0.001360446390178,9.744417375244712e-05,5.355773855416681e-07,0.8540691891609652,126.12321609018264,0.0020066621212796,2.8258365961521474,5.980720226620548,0.0195008660108687,True,True,True,True,True,True,True,False,True
VH_7_OG_MFA_BA,VH,MFA_BA,VH_7_OG_MFA_BA__hybrid_optuna_001,6.313268260749834e-05,2.5184040169211248e-05,1.4831086581079417e-07,0.3664193151436773,352.56639309741706,0.000767564104257,0.2183307051343496,46.73866166123638,0.0547297803128228,True,True,True,True,False,True,True,False,True
VH_7_OG_MFA_BA,VH,MFA_BA,VH_7_OG_MFA_BA__hybrid_optuna_050,4.638355602659701e-08,0.0095040160129582,2.875766351928033e-07,0.1047257465588345,3.4168379747723643,2.051303434179688e-05,0.0010301332605112,98.5862349581366,0.0044899117592487,True,True,True,True,True,True,True,False,True
VH_7_OG_MFA_BA,VH,MFA_BA,VH_7_OG_MFA_BA__hybrid_optuna_020,3.402292878818523e-05,0.0002007393696559,4.494759012882866e-08,0.6303467234031928,286.9170377855505,0.0016083323188974,0.3908613961693493,22.501978839468123,0.0063033413878302,True,True,True,True,True,True,True,False,True
VH_7_OG_MFA_BA,VH,MFA_BA,VH_7_OG_MFA_BA__hybrid_optuna_013,2.937050875255616e-05,0.0001864523327082,2.9959014980252325e-08,1.0063175412010863,250.11420075829105,0.0022266700126075,1.5546992767183292,19.683550846807407,0.0010814416705924,True,True,True,True,True,True,True,False,True
VH_7_OG_MFA_BA,VH,MFA_BA,VH_7_OG_MFA_BA__hybrid_optuna_025,0.0001144154236128,0.0003709761838056,1.8210837352824e-07,2.5805457413666355,154.5667096935975,0.0053316178426731,5.36025877933335,30.45459265518933,0.763601043285329,True,True,True,True,True,True,True,False,True
VH_7_OG_MFA_BA,VH,MFA_BA,VH_7_OG_MFA_BA__hybrid_optuna_039,3.866509904637955e-07,0.0010793207450325,4.220517620764234e-08,0.8228707067901754,120.12721831592953,0.00011002779036,0.0014937321994014,55.43778429340578,0.0080697189957148,True,True,True,True,True,True,True,False,True
VH_7_OG_MFA_BA,VH,MFA_BA,VH_7_OG_MFA_BA__hybrid_optuna_030,2.869137845854787e-06,0.0002961968239295,2.3252945174615934e-08,2.0844532405615985,367.08747736030654,0.0041681754132797,0.0350558135557165,24.19680426445425,0.0022464552192574,True,True,True,True,False,True,True,False,True
VH_7_OG_MFA_BA,VH,MFA_BA,VH_7_OG_MFA_BA__hybrid_optuna_083,6.10767833806212e-05,2.6310082773628435e-08,6.471898481359184e-08,0.396018300086533,153.379551408169,0.002856062476035,18.81348434600784,18.275373296116108,11.714941861719398,True,True,True,True,True,True,True,False,False
VH_7_OG_MFA_BA,VH,MFA_BA,VH_7_OG_MFA_BA__hybrid_optuna_049,0.0001889795589725,1.0545836553970024e-05,3.9247325781152657e-07,1.8895460344110828,107.16691762649126,0.0002122905562286,0.092947139425769,1.1574879701352612,37.87093916826417,True,True,True,True,True,True,True,True,False
VH_7_OG_MFA_BA,VH,MFA_BA,VH_7_OG_MFA_BA__hybrid_optuna_002,3.497173035030014e-05,5.797610891852325e-05,3.2241406619196974e-08,0.7081115668386249,425.2673620857957,0.0019246593265911,0.9149241823873872,36.836792998538776,0.090658154072763,True,True,True,True,False,True,True,False,True
VH_7_OG_MFA_BA,VH,MFA_BA,VH_7_OG_MFA_BA__hybrid_post_002,3.497173035030014e-05,5.797610891852325e-05,3.2241406619196974e-08,0.7081115668386249,425.2673620857957,0.0019246593265911,0.9149241823873872,36.836792998538776,0.090658154072763,True,True,True,True,False,True,True,False,True
VH_7_OG_MFA_BA,VH,MFA_BA,VH_7_OG_MFA_BA__hybrid_optuna_058,4.964693877152419e-05,5.133515583935076e-05,7.200710682949622e-08,0.3953992166799331,392.4628624312036,0.0002760355457669,13.596561860436053,17.22985819896485,0.8959715989756579,True,True,True,True,False,True,True,False,True
VH_7_OG_MFA_BA,VH,MFA_BA,VH_7_OG_MFA_BA__hybrid_optuna_068,4.149161249131472e-05,7.115227730460355e-05,2.962806343921552e-08,0.6926739843045929,285.14355250275247,0.0038453455561459,8.839518266466339,36.46927324703402,0.0850239361963913,True,True,True,True,True,True,True,False,True
VH_7_OG_MFA_BA,VH,MFA_BA,VH_7_OG_MFA_BA__hybrid_optuna_012,6.657690990042028e-05,0.0001237614550906,7.107313056643793e-08,0.4670387928864261,226.6425566725523,0.0041862043451882,0.4435791219020015,5.274115551321582,0.1829943466560325,True,True,True,True,True,True,True,False,True
VH_7_OG_MFA_BA,VH,MFA_BA,VH_7_OG_MFA_BA__hybrid_optuna_059,8.715973616811341e-07,1.094984304424576e-08,0.0496869443773305,9.85031315360875,4.526909870021316,0.0002196051554846,1.2497329497935364e-05,112.98365910397084,1.9477162020345955,True,True,True,True,True,True,False,False,True
VH_7_OG_MFA_BA,VH,MFA_BA,VH_7_OG_MFA_BA__hybrid_optuna_007,2.375049338235756e-05,0.0001574222892089,4.413201098291647e-08,0.7376371411770638,421.22128837774005,0.0018463624250103,1.6808281740914608,21.735872238100164,0.0027921366152484,True,True,True,True,False,True,True,False,True
VH_7_OG_MFA_BA,VH,MFA_BA,VH_7_OG_MFA_BA__hybrid_post_003,5.6442858450968384e-05,5.034085676074112e-05,6.191530637545935e-08,0.4107108172229597,319.5708874035457,0.0016810521450005,2.074572374244864,15.339365003297472,0.45977146685813,True,True,True,True,False,True,True,False,True
VH_7_OG_MFA_BA,VH,MFA_BA,VH_7_OG_MFA_BA__hybrid_optuna_005,0.0001224760457631,2.7097890684646485e-05,6.401322191278098e-08,0.6161709540981598,411.8986371221511,0.0014977491223157,10.142569816094094,26.857178905033773,0.0700638798521092,True,True,True,True,False,True,True,False,True
VH_7_OG_MFA_BA,VH,MFA_BA,VH_7_OG_MFA_BA__hybrid_optuna_063,0.006004480331788,0.0004748639643733,5.6875651398563565e-06,0.2464053874506457,7.58947017573303,0.0013255240424677,0.0968775352436912,31.415712098616112,0.0144088048391078,False,True,True,True,True,True,True,False,True
VH_7_OG_MFA_BA,VH,MFA_BA,VH_7_OG_MFA_BA__hybrid_optuna_014,6.480174498962722e-05,5.240667853808991e-05,9.243414191077068e-08,0.2327557969685603,487.9953883934016,0.0008440786004226,0.3067117556698638,29.132804076791466,0.080901317381934,True,True,True,True,False,True,True,False,True
VH_7_OG_MFA_BA,VH,MFA_BA,VH_7_OG_MFA_BA__hybrid_optuna_054,4.774293202154754e-08,0.0060638527880518,2.70636691389845e-07,0.0925822215509681,3.832382657376385,1.1058711469723218e-05,0.0011207429789358,100.3157879850039,0.0045152709063927,True,True,True,True,True,True,True,False,True
VH_7_OG_MFA_BA,VH,MFA_BA,VH_7_OG_MFA_BA__hybrid_optuna_019,7.816028073961365e-05,8.497693552810523e-05,9.314193864000773e-08,0.5424713885578605,188.4642924885401,0.0039112390135707,0.6176648762527166,10.963560693141586,0.0367563000489433,True,True,True,True,True,True,True,False,True
VH_7_OG_MFA_BA,VH,MFA_BA,VH_7_OG_MFA_BA__hybrid_optuna_040,4.737808844999744e-05,3.767533410172989e-06,7.670111698109149e-07,6.086667966687692,294.86739576098825,0.0003511398057268,0.0021172838334424,42.567888260860855,0.0674843676251268,True,True,True,True,True,True,True,False,True
VH_7_OG_MFA_BA,VH,MFA_BA,VH_7_OG_MFA_BA__hybrid_optuna_021,0.0001339452237621,3.813161235558131e-05,1.1476846681676194e-08,1.5230296487570143,270.1381469258677,0.0056759537064727,0.3448214840106243,18.990860712262545,0.0435181066042411,True,True,True,True,True,True,True,False,True
VH_7_OG_MFA_BA,VH,MFA_BA,VH_7_OG_MFA_BA__hybrid_optuna_069,6.79731070663295e-06,0.0002053968759617,4.60833132450148e-08,1.809814520044684,327.08156954406644,0.0044200137150574,4.287087015679377,15.04129305652152,0.0314391151118028,True,True,True,True,False,True,True,False,True
VH_7_OG_MFA_BA,VH,MFA_BA,VH_7_OG_MFA_BA__hybrid_optuna_055,1.7670169402947916e-06,0.0050615768887523,0.0013303245101522,1.192617378922354,1.4690139693517672,4.207053950287933e-05,2.3226650368137e-05,129.92642186624028,0.6677615511747083,True,True,True,True,True,True,False,False,True
VH_7_OG_MFA_BA,VH,MFA_BA,VH_7_OG_MFA_BA__hybrid_optuna_023,4.9563974121171726e-05,0.0001382139732446,1.0697868532197293e-08,0.4638992556393694,491.4559695075774,0.0019889941964613,0.7894213295634331,15.163833821091432,0.2619384544660326,True,True,True,True,False,True,True,False,True
VH_7_OG_MFA_BA,VH,MFA_BA,VH_7_OG_MFA_BA__hybrid_optuna_024,9.210163938734991e-05,7.047688991413963e-05,1.1719122873169849e-07,0.4927832074447548,178.5705038263225,0.0031908920333603,0.7730492314434594,11.49307587689618,0.0345668309620521,True,True,True,True,True,True,True,False,True
VH_7_OG_MFA_BA,VH,MFA_BA,VH_7_OG_MFA_BA__hybrid_optuna_017,3.531013276027507e-05,0.0001625509754204,4.16116463877581e-08,0.482721802133542,318.0699204262201,0.0019864845432812,1.8435232342402708,22.793761281314783,0.0020240614795608,True,True,True,True,False,True,True,False,True
VH_7_OG_MFA_BA,VH,MFA_BA,VH_7_OG_MFA_BA__hybrid_optuna_022,4.322322378145861e-05,0.0001642249959554,9.246682876434384e-07,0.544531305279399,424.5454180891747,0.0023889003584116,1.3056523259296613,19.10304577632121,0.0027843048082201,True,True,True,True,False,True,True,False,True
VH_7_OG_MFA_BA,VH,MFA_BA,VH_7_OG_MFA_BA__hybrid_optuna_031,0.0001355213241344,7.038435908931445e-06,3.601927721033216e-07,0.1332657344438767,326.8474611200471,0.000330027148149,0.5213225255132458,7.383512040403794,0.0550349752878858,True,True,True,True,False,True,True,False,True
VH_7_OG_MFA_BA,VH,MFA_BA,VH_7_OG_MFA_BA__hybrid_optuna_026,0.0002064605714846,0.0003007649753275,2.7223877397573e-08,1.4326329362906602,328.4031963214827,0.0074706237245218,0.0255487337925129,17.963680789090496,0.0042891221274412,True,True,True,True,False,True,True,False,True
VH_7_OG_MFA_BA,VH,MFA_BA,VH_7_OG_MFA_BA__hybrid_optuna_056,0.000177188473548,1.3289448722869162e-08,0.0615699732823519,4.115716865497774,2.167640897475782,5.337032762603954e-05,0.0001430992369351,45.63633644393066,0.2922905212920093,True,True,False,True,True,True,True,False,True
VH_7_OG_MFA_BA,VH,MFA_BA,VH_7_OG_MFA_BA__hybrid_optuna_062,9.220153877689995e-06,9.619774500999373e-06,0.00010471483573,0.9336839778999364,262.6979564257704,0.0006419440977255,10.955751446271911,61.25342125769513,0.0633139891799232,True,True,True,True,True,True,True,False,True
VH_7_OG_MFA_BA,VH,MFA_BA,VH_7_OG_MFA_BA__hybrid_optuna_061,0.0003000307671312,2.1469086170606705e-07,9.305726797636842e-07,1.070402519349679,231.0786866230561,0.0004757322552587,1.0588406208654957,7.397220282526778,5.2581557268871055,True,True,True,True,True,True,True,False,False
VH_7_OG_MFA_BA,VH,MFA_BA,VH_7_OG_MFA_BA__hybrid_optuna_060,1.1328239299779804e-08,0.0008829977766934,1.6582064609135509e-06,0.0656045129607873,0.5205122989587503,1.2226313398143557e-05,0.131535778002534,86.05342012583878,0.0014107905634247,True,True,True,True,False,True,True,False,True
VH_7_OG_MFA_BA,VH,MFA_BA,VH_7_OG_MFA_BA__hybrid_optuna_084,2.3687691442886727e-05,0.000699469038867,0.0153433047096068,0.7908342492203029,358.7776215707326,0.0294062645635406,2.037031954349109,23.73689250920954,0.1791941774315735,True,True,True,True,False,True,True,False,True
VH_7_OG_MFA_BA,VH,MFA_BA,VH_7_OG_MFA_BA__hybrid_optuna_085,1.3131717677663036e-08,6.691890655172368e-07,2.3910800450968025e-06,0.0529976311697396,7.009741862556931,0.0852598623416662,0.0003157733490158,57.92278374886413,8.992402466417259,True,True,True,True,True,True,True,False,False
VH_7_OG_MFA_BA,VH,MFA_BA,VH_7_OG_MFA_BA__hybrid_optuna_003,5.547786776573067e-05,5.109584771232399e-05,6.430034837315015e-08,0.4102222031800712,319.2562895553883,0.0016885723041183,2.0759893222322146,15.413797736299346,0.4586328313201069,True,True,True,True,False,True,True,False,True
VH_7_OG_MFA_BA,VH,MFA_BA,VH_7_OG_MFA_BA__hybrid_optuna_082,0.0005958655698825,0.0002971167784977,3.793376079443587e-05,1.5645177056092543,237.70940996262536,0.0215318496926306,17.307027732282734,26.8687262107938,0.0010028210226581,True,True,True,True,True,True,True,False,True
VH_7_OG_MFA_BA,VH,MFA_BA,VH_7_OG_MFA_BA__hybrid_optuna_065,9.5283550318687e-06,2.557366874980176e-06,4.974894205032399e-07,0.2241235520386491,22.67697699191877,0.0006017673434031,6.170336839871116,32.0753012364012,0.5088091767062456,True,True,True,True,True,True,True,False,True
VH_7_OG_MFA_BA,VH,MFA_BA,VH_7_OG_MFA_BA__hybrid_optuna_089,6.091097820609007e-06,2.905693254447166e-07,0.0049805758932699,0.4339756983186162,291.91410188752604,0.0004102634886241,1.682257874752918e-05,84.10063757994553,47.79907959453104,True,True,True,True,True,True,False,False,False
VH_7_OG_MFA_BA,VH,MFA_BA,VH_7_OG_MFA_BA__hybrid_optuna_033,0.0001919933415882,1.1073436985277442e-05,5.090962417116736e-08,0.6308067909711927,325.06454731400646,0.0007645108362518,0.0122775682991849,63.79866878021987,0.0992997199588689,True,True,True,True,False,True,True,False,True
VH_7_OG_MFA_BA,VH,MFA_BA,VH_7_OG_MFA_BA__hybrid_optuna_064,4.168213731843856e-06,2.058394867358909e-05,8.826464815870656e-08,0.3350638470581867,178.5556382954255,0.0114479695575949,2.952180703034295,9.820552931314282,0.1385495469120723,True,True,True,True,True,True,True,False,True
VH_7_OG_MFA_BA,VH,MFA_BA,VH_7_OG_MFA_BA__hybrid_optuna_081,7.761397244393627e-05,5.560991460076389e-06,0.0011226240837785,0.287556158173342,223.73506816103853,0.000560323397582,3.9186448105739866,144.14846371530868,1.1278070493104202,True,True,True,True,True,True,True,False,True
VH_7_OG_MFA_BA,VH,MFA_BA,VH_7_OG_MFA_BA__hybrid_optuna_080,1.6351225298546424e-05,5.449058862377652e-05,6.976451639125179e-08,0.3244131668795389,249.4841724293856,0.0011459056434591,0.2806627469985241,5.342555896433332,0.1184029356092872,True,True,True,True,True,True,True,False,True
VH_7_OG_MFA_BA,VH,MFA_BA,VH_7_OG_MFA_BA__hybrid_optuna_066,2.731363950536109e-05,1.812382537695264e-05,4.694590580843467e-06,0.2545668668781851,483.463196845055,0.0009561863362805,0.2014956398344074,42.741273997375416,0.0827689875551492,True,True,True,True,False,True,True,False,True
VH_7_OG_MFA_BA,VH,MFA_BA,VH_7_OG_MFA_BA__hybrid_optuna_079,0.0002807104909069,1.5258319306920204e-05,2.674726941449568e-06,1.28347739442089,103.14906688916564,0.0014741912962089,5.054063852957287,27.6646433003167,3.044121101547322,True,True,True,True,True,True,True,False,True
VH_7_OG_MFA_BA,VH,MFA_BA,VH_7_OG_MFA_BA__hybrid_optuna_086,3.597688270831784e-07,0.0001719673476032,1.7337329675678616e-08,0.3584556512841205,12.225987607162066,9.13212733191968e-05,6.785816052068679e-05,48.288483692479446,0.0104867154894801,True,True,True,True,True,True,False,False,True
VH_7_OG_MFA_BA,VH,MFA_BA,VH_7_OG_MFA_BA__hybrid_optuna_073,1.3410519659318478e-05,8.762370941085357e-06,2.4193049321838708e-08,1.0444782566466038,372.2299567765662,0.0013998995421459,7.053294801663829,39.61387056691479,0.0028603128049521,True,True,True,True,False,True,True,False,True
VH_7_OG_MFA_BA,VH,MFA_BA,VH_7_OG_MFA_BA__hybrid_optuna_090,1.9767568291947635e-05,1.7216092398853677e-06,1.8967950587801884e-08,0.8942415079865391,137.47512230320697,0.0008378138354599,2.266458333767396,13.95721740016958,2.5585030989352973,True,True,True,True,True,True,True,False,True
VH_7_OG_MFA_BA,VH,MFA_BA,VH_7_OG_MFA_BA__hybrid_optuna_075,0.0001221419450436,4.448531326319112e-05,0.0003295324049256,0.2430327533335223,259.2605469569571,0.0001406754353672,0.214034007175436,45.9189447100221,0.1423281886885685,True,True,True,True,True,True,True,False,True
VH_7_OG_MFA_BA,VH,MFA_BA,VH_7_OG_MFA_BA__hybrid_optuna_093,1.6450185878116305e-05,5.512013581788387e-06,6.320279003656037e-07,1.1622297487576332,489.0800885986156,0.0030100638822886,3.823915237783063,12.325479263329584,0.0011213828811065,True,True,True,True,False,True,True,False,True
