fit_scope,file_id,candidate_id,simulation_health,trace_rmse_mV,trace_objective_loss,pass_stim_end_depolarization_mV,pass_rise_tau_s,pass_undershoot_magnitude_mV,pass_decay_tau_s,weighted_pass_fraction,weighted_feature_penalty,feature_loss,binary_penalty,peak_depolarization_mV,stim_end_depolarization_mV,rise_slope_mV_per_s,rise_tau_s,plateau_slope_mV_per_s,undershoot_magnitude_mV,decay_slope_mV_per_s,decay_tau_s,return_slope_mV_per_s,plateau_reached_sim,has_undershoot_sim,sweep,current_na,region,condition,pass_peak_depolarization_mV,pass_rise_slope_mV_per_s,pass_plateau_slope_mV_per_s,pass_decay_slope_mV_per_s,pass_return_slope_mV_per_s
all6,1_DH_1_CONTROL,1_DH_1_CONTROL__cand_01,ok,0.891730109655093,181.25166335790155,False,False,True,False,0.2857142857142857,0.7142857142857143,0.7142857142857143,0.0,7.351695136095643,-0.0014851683014001082,-0.00011822806261310686,62182.31927011741,3.3937134442480596e-05,0.0013548068574777972,,,3.391600447298865e-05,True,True,1,50,DH,CONTROL,,,,,
all6,1_DH_1_CONTROL,1_DH_1_CONTROL__cand_01,ok,1.0653448099822451,204.50731635433894,False,False,True,False,0.2857142857142857,0.7142857142857143,0.7142857142857143,0.0,10.470628723365948,-0.002782096926438271,-0.00018282801929617434,57270.37225297471,3.398410885189603e-05,0.002651555029288488,,,3.396298690280882e-05,True,True,2,75,DH,CONTROL,,,,,
all6,1_DH_1_CONTROL,1_DH_1_CONTROL__cand_01,ok,1.2431950065263493,241.74817058232242,False,False,True,False,0.2857142857142857,0.7142857142857143,0.7142857142857143,0.0,13.692265666949538,-0.004124318543688332,-0.0002495848648157291,54860.16019865095,3.403279416449055e-05,0.003993589775802775,,,3.40115489429209e-05,True,True,3,100,DH,CONTROL,,,,,
all6,1_DH_1_CONTROL,1_DH_1_CONTROL__cand_01,ok,1.209533990401085,230.66463546676383,False,False,True,False,0.2857142857142857,0.7142857142857143,0.7142857142857143,0.0,17.459822167321462,-0.0056970489167866845,-0.00032767936195193727,53283.25245543661,3.408970495998064e-05,0.005566101377780797,,,3.406850685921371e-05,True,True,4,125,DH,CONTROL,,,,,
all6,1_DH_1_CONTROL,1_DH_1_CONTROL__cand_01,ok,1.687904301436249,310.6904489145696,False,False,True,False,0.2857142857142857,0.7142857142857143,0.7142857142857143,0.0,19.028318251417815,-0.006352709420312408,-0.0003601963610072403,52827.62490494824,3.411343616490206e-05,0.006221670755806485,,,3.4092261280181727e-05,True,True,5,150,DH,CONTROL,,,,,
all6,1_DH_1_CONTROL,1_DH_1_CONTROL__cand_01,ok,2.7460297522185946,464.7029206191588,False,False,True,False,0.2857142857142857,0.7142857142857143,0.7142857142857143,0.0,20.023185576817966,-0.006768844201801016,-0.0003808221669110835,52578.83420818067,3.4128567388692164e-05,0.006637747513053682,,,3.4107272884760474e-05,True,True,6,175,DH,CONTROL,,,,,
all6,1_DH_1_CONTROL,1_DH_1_CONTROL__cand_02,ok,0.9533472006139456,195.8358539420162,False,False,True,False,0.2857142857142857,0.7142857142857143,0.7142857142857143,0.0,7.378325389697466,-0.008146834994619212,4.2534364994323566e-05,173467.39255851455,-2.0950828097233276e-05,0.008134861453868325,,,1.1237629452793549e-05,True,True,1,50,DH,CONTROL,,,,,
all6,1_DH_1_CONTROL,1_DH_1_CONTROL__cand_02,ok,1.182954950137705,237.26860308523416,False,False,True,False,0.2857142857142857,0.7142857142857143,0.7142857142857143,0.0,10.510258510708894,-0.00793968215251084,4.792422976555364e-05,219309.90987492766,-3.408171217017108e-05,0.00794139160809948,,,1.0777999416062993e-05,True,True,2,75,DH,CONTROL,,,,,
all6,1_DH_1_CONTROL,1_DH_1_CONTROL__cand_02,ok,1.377984061600909,273.73785729093066,False,False,True,False,0.2857142857142857,0.7142857142857143,0.7142857142857143,0.0,13.744087943219753,-0.007729780877369308,5.523768213476283e-05,248817.24598234292,-4.692832998898842e-05,0.00774454299121885,,,1.0345795548570556e-05,True,True,3,100,DH,CONTROL,,,,,
all6,1_DH_1_CONTROL,1_DH_1_CONTROL__cand_02,ok,1.4232065006257306,302.5226556774226,False,False,True,False,0.2857142857142857,0.7142857142857143,0.7142857142857143,0.0,17.52446641232126,-0.007489388720060219,6.517172570258586e-05,268896.76809073554,-6.104558410726831e-05,0.00751808784659147,,,9.892881754581452e-06,True,True,4,125,DH,CONTROL,,,,,
all6,1_DH_1_CONTROL,1_DH_1_CONTROL__cand_02,ok,1.8915499488002745,364.8671551759516,False,False,True,False,0.2857142857142857,0.7142857142857143,0.7142857142857143,0.0,19.097882600431404,-0.007390854893913001,6.949154506642329e-05,274823.1109579842,-6.663340792220403e-05,0.007424955924861365,,,9.718617925881688e-06,True,True,5,150,DH,CONTROL,,,,,
all6,1_DH_1_CONTROL,1_DH_1_CONTROL__cand_02,ok,2.8740980469927213,495.3771403401419,False,False,True,False,0.2857142857142857,0.7142857142857143,0.7142857142857143,0.0,20.095751494443817,-0.007328833975833504,7.22540665276931e-05,278126.2351059735,-7.009693046864018e-05,0.007366194317341979,,,9.612390375144483e-06,True,True,6,175,DH,CONTROL,,,,,
all6,1_DH_1_CONTROL,1_DH_1_CONTROL__cand_03,ok,0.9574702252824403,196.57243455816715,False,False,True,False,0.2857142857142857,0.7142857142857143,0.7142857142857143,0.0,7.385907649648445,-2.3694539393659397e-05,-7.798399185152525e-07,9471056.141509878,-2.7053261656613013e-07,2.8891523911056538e-05,,,-2.705316678325772e-07,True,True,1,50,DH,CONTROL,,,,,
all6,1_DH_1_CONTROL,1_DH_1_CONTROL__cand_03,ok,1.1860487100319577,237.9959673555024,False,False,True,False,0.2857142857142857,0.7142857142857143,0.7142857142857143,0.0,10.517266800499044,-2.801326080259514e-05,-9.958785135835356e-07,10560792.965252426,-2.705318324276777e-07,3.321023886826424e-05,,,-2.7053133124484693e-07,True,True,2,75,DH,CONTROL,,,,,
all6,1_DH_1_CONTROL,1_DH_1_CONTROL__cand_03,ok,1.3804214667431414,274.39513162160534,False,False,True,False,0.2857142857142857,0.7142857142857143,0.7142857142857143,0.0,13.750522037368412,-3.247358152691504e-05,-1.219002978916396e-06,11280138.174552795,-2.705313645337446e-07,3.767054741388165e-05,,,-2.7053069727630555e-07,True,True,3,100,DH,CONTROL,,,,,
all6,1_DH_1_CONTROL,1_DH_1_CONTROL__cand_03,ok,1.427019489629131,303.30766282841495,False,False,True,False,0.2857142857142857,0.7142857142857143,0.7142857142857143,0.0,17.530259852111314,-3.768906434231667e-05,-1.4799003052252902e-06,11845568.10361805,-2.7053051751626753e-07,4.2886015506837794e-05,,,-2.705299308919335e-07,True,True,4,125,DH,CONTROL,,,,,
all6,1_DH_1_CONTROL,1_DH_1_CONTROL__cand_03,ok,1.8931740861528408,365.5256533232149,False,False,True,False,0.2857142857142857,0.7142857142857143,0.7142857142857143,0.0,19.10342033637191,-3.9860181345829915e-05,-1.588504744564911e-06,12026039.20557021,-2.7053009585691057e-07,4.5057128886583087e-05,,,-2.705297422548525e-07,True,True,5,150,DH,CONTROL,,,,,
all6,1_DH_1_CONTROL,1_DH_1_CONTROL__cand_03,ok,2.874227787240771,495.91235092567524,False,False,True,False,0.2857142857142857,0.7142857142857143,0.7142857142857143,0.0,20.10113058787705,-4.1237231897639504e-05,-1.657386705440065e-06,12128207.932342412,-2.7052994790626024e-07,4.643417240401959e-05,,,-2.705293768167453e-07,True,True,6,175,DH,CONTROL,,,,,
all6,1_DH_1_CONTROL,1_DH_1_CONTROL__cand_04,ok,1.5468032334392015,287.203413199257,False,False,True,False,0.2857142857142857,0.7142857142857143,0.7142857142857143,0.0,6.148926715844794,-5.366910107795775e-05,0.0004057885270643681,15153.0324435945,-9.650739176525838e-07,5.5458051861023705e-05,,,-6.791513374991003e-08,True,True,1,50,DH,CONTROL,,,,,
all6,1_DH_1_CONTROL,1_DH_1_CONTROL__cand_04,ok,2.3426922433042328,409.5998573508615,False,False,True,False,0.2857142857142857,0.7142857142857143,0.7142857142857143,0.0,8.860148089563566,-5.2749231159054943e-05,0.0005486310232562316,16149.557195976391,-1.4097080251760543e-06,5.5223307455776194e-05,,,-9.291765531458995e-08,True,True,2,75,DH,CONTROL,,,,,
all6,1_DH_1_CONTROL,1_DH_1_CONTROL__cand_04,ok,3.0621346495550927,567.9273422756378,False,False,True,False,0.2857142857142857,0.7142857142857143,0.7142857142857143,0.0,11.715548893587297,-5.186997975670238e-05,0.0006805378914292347,17215.13091502199,-1.938712835354794e-06,5.4981776770546276e-05,,,-1.1851986932223151e-07,True,True,3,100,DH,CONTROL,,,,,
all6,1_DH_1_CONTROL,1_DH_1_CONTROL__cand_04,ok,3.2558179358123067,629.0138207213406,False,False,True,False,0.2857142857142857,0.7142857142857143,0.7142857142857143,0.0,15.118257036270833,-5.084856194059739e-05,0.0008159550464469582,18528.29650616495,-2.6227349949442655e-06,5.470942330987327e-05,,,-1.4736473735466648e-07,True,True,4,125,DH,CONTROL,,,,,
all6,1_DH_1_CONTROL,1_DH_1_CONTROL__cand_04,ok,4.266480780215096,869.319501853859,False,False,True,False,0.2857142857142857,0.7142857142857143,0.7142857142857143,0.0,16.553257811497076,-5.041481625767119e-05,0.0008669379756215238,19093.935525929337,-2.946229308219812e-06,5.4602282375526556e-05,,,-1.5870411282312065e-07,True,True,5,150,DH,CONTROL,,,,,
all6,1_DH_1_CONTROL,1_DH_1_CONTROL__cand_04,ok,5.511980242006123,1188.751306897597,False,False,True,False,0.2857142857142857,0.7142857142857143,0.7142857142857143,0.0,17.468691124613585,-5.0144759811132644e-05,0.000897691835734824,19459.56332588703,-3.127090814228394e-06,5.453591516868528e-05,,,-1.6569542097668957e-07,True,True,6,175,DH,CONTROL,,,,,
all6,1_DH_1_CONTROL,1_DH_1_CONTROL__cand_05,ok,2.2571153307677556,285.65025267871044,False,False,True,False,0.2857142857142857,0.7142857142857143,0.7142857142857143,0.0,4.8384386789919915,-0.003938324290615469,-0.00022594568612576728,21414.16710341082,-3.812228223607002e-05,0.004638461344740108,,,-3.59754265743337e-05,True,True,1,50,DH,CONTROL,,,,,
all6,1_DH_1_CONTROL,1_DH_1_CONTROL__cand_05,ok,3.370782848349591,462.19789873985246,False,False,True,False,0.2857142857142857,0.7142857142857143,0.7142857142857143,0.0,7.079188093096107,-0.00461150096130325,-0.000327919384803984,21588.196432265628,-3.5835133916201795e-05,0.005269721132606264,,,-3.382291335885119e-05,True,True,2,75,DH,CONTROL,,,,,
all6,1_DH_1_CONTROL,1_DH_1_CONTROL__cand_05,ok,4.313997697307734,665.1318455141321,False,False,True,False,0.2857142857142857,0.7142857142857143,0.7142857142857143,0.0,9.496553904426463,-0.00529440419413163,-0.00044414940959996253,21381.439891994545,-3.352210026876809e-05,0.005910221580236907,,,-3.164523427725727e-05,True,True,3,100,DH,CONTROL,,,,,
all6,1_DH_1_CONTROL,1_DH_1_CONTROL__cand_05,ok,4.563766642291988,728.2502805476474,False,False,True,False,0.2857142857142857,0.7142857142857143,0.7142857142857143,0.0,12.444247564194228,-0.006070129946522229,-0.0005893551671942432,21115.02241244078,-3.0903449854714615e-05,0.0066379243574061775,,,-2.917868987668862e-05,True,True,4,125,DH,CONTROL,,,,,
all6,1_DH_1_CONTROL,1_DH_1_CONTROL__cand_05,ok,5.8456573557620635,1065.3543535819072,False,False,True,False,0.2857142857142857,0.7142857142857143,0.7142857142857143,0.0,13.706884035391695,-0.006384317861460431,-0.0006515966617772306,21035.841402265865,-2.9845419205021146e-05,0.00693270440284266,,,-2.8181800853334566e-05,True,True,5,150,DH,CONTROL,,,,,
all6,1_DH_1_CONTROL,1_DH_1_CONTROL__cand_05,ok,7.28066875971518,1515.014294848378,False,False,True,False,0.2857142857142857,0.7142857142857143,0.7142857142857143,0.0,14.517949858593482,-0.00658066007130742,-0.0006913794796037997,20998.525826819598,-2.9184859320454753e-05,0.007116930338057159,,,-2.755942658982813e-05,True,True,6,175,DH,CONTROL,,,,,
all6,1_DH_1_CONTROL,1_DH_1_CONTROL__cand_06,ok,3.3581379457147738,553.9365965709494,False,False,True,False,0.2857142857142857,0.7142857142857143,0.7142857142857143,0.0,5.4417330465683165,0.006520927789864572,0.056597416293246106,96.14808242081698,-0.008980900931459581,0.0016146040117916982,,,-7.001025885743133e-05,True,True,1,50,DH,CONTROL,,,,,
all6,1_DH_1_CONTROL,1_DH_1_CONTROL__cand_06,ok,4.9475099795815085,925.2213824150881,False,False,True,False,0.2857142857142857,0.7142857142857143,0.7142857142857143,0.0,7.903832137107031,0.010757546343185709,0.07895605614528681,100.10419115366163,-0.01363121064936664,0.0015987268678401279,,,-0.00010630532107850651,True,True,2,75,DH,CONTROL,,,,,
all6,1_DH_1_CONTROL,1_DH_1_CONTROL__cand_06,ok,6.418866236931868,1390.6809174080872,False,False,True,False,0.2857142857142857,0.7142857142857143,0.7142857142857143,0.0,10.52964257416302,0.015708760759295615,0.10075633553640573,104.50600965294538,-0.0190583502212536,0.0015809537353277392,,,-0.00014880314284723115,True,True,3,100,DH,CONTROL,,,,,
all6,1_DH_1_CONTROL,1_DH_1_CONTROL__cand_06,ok,7.322559703271131,1737.6073951134144,False,False,True,False,0.2857142857142857,0.7142857142857143,0.7142857142857143,0.0,13.696570518295587,0.0223458204438316,0.12447316069676506,110.036335878563,-0.02631868602049656,0.0015556614185783246,,,-0.00020565800995959362,True,True,4,125,DH,CONTROL,,,,,
all6,1_DH_1_CONTROL,1_DH_1_CONTROL__cand_06,ok,8.804316790125592,2329.355708743491,False,False,True,False,0.2857142857142857,0.7142857142857143,0.7142857142857143,0.0,15.043062373216344,0.02540878743803887,0.13376926936544017,112.4552929426613,-0.029664540226998642,0.0015449974572874225,,,-0.0002319805976147595,True,True,5,150,DH,CONTROL,,,,,
all6,1_DH_1_CONTROL,1_DH_1_CONTROL__cand_06,ok,10.350002552422993,3015.103449937965,False,False,True,False,0.2857142857142857,0.7142857142857143,0.7142857142857143,0.0,15.905139750433008,0.02745061346519151,0.13948949035065053,114.0239290461988,-0.03189332312917927,0.0015369230947044343,,,-0.0002494605085224753,True,True,6,175,DH,CONTROL,,,,,
all6,1_DH_1_CONTROL,1_DH_1_CONTROL__cand_07,ok,6.051061750745039,1058.993634227891,False,False,True,False,0.2857142857142857,0.7142857142857143,0.7142857142857143,0.0,0.06740375468899629,-0.36085725439572514,0.003502002653108605,19.247202633945562,0.0009250336055625019,0.3573162559459604,,,0.0009149091227355934,True,True,1,50,DH,CONTROL,,,,,
all6,1_DH_1_CONTROL,1_DH_1_CONTROL__cand_07,ok,8.842817839276064,2029.3928630156065,False,False,True,False,0.2857142857142857,0.7142857142857143,0.7142857142857143,0.0,0.28956909124730146,-0.39356230323053865,0.004832462011450723,59.921648749882614,0.0009055313745891065,0.3900958970886421,,,0.0008956676357735661,True,True,2,75,DH,CONTROL,,,,,
all6,1_DH_1_CONTROL,1_DH_1_CONTROL__cand_07,ok,11.57345963418165,3282.497865513068,False,False,True,False,0.2857142857142857,0.7142857142857143,0.7142857142857143,0.0,0.6328001141245494,-0.3567030512546694,0.006354712662854468,99.57965807384004,0.0008821607113750044,0.3533260378086993,,,0.0008726066101761225,True,True,3,100,DH,CONTROL,,,,,
all6,1_DH_1_CONTROL,1_DH_1_CONTROL__cand_07,ok,13.946822780585283,4607.440326084067,False,False,True,False,0.2857142857142857,0.7142857142857143,0.7142857142857143,0.0,1.0994864560093305,-0.30647507148334796,0.008306090085660172,132.37112102931675,0.0008505323341718111,0.3032190419436489,,,0.0008413929156132956,True,True,4,125,DH,CONTROL,,,,,
all6,1_DH_1_CONTROL,1_DH_1_CONTROL__cand_07,ok,16.146390144092837,6051.22130495594,False,False,True,False,0.2857142857142857,0.7142857142857143,0.7142857142857143,0.0,1.3152546224365267,-0.28321420275132425,0.00916665555349872,143.48249639799343,0.0008359702932757232,0.28001387781741016,,,0.0008270200822877478,True,True,5,150,DH,CONTROL,,,,,
all6,1_DH_1_CONTROL,1_DH_1_CONTROL__cand_07,ok,18.1751892604256,7546.077749262742,False,False,True,False,0.2857142857142857,0.7142857142857143,0.7142857142857143,0.0,1.4588118842538194,-0.267725625668902,0.009725604371805464,149.99704167310327,0.0008263037919195059,0.2645622788816979,,,0.0008174785997144543,True,True,6,175,DH,CONTROL,,,,,
all6,1_DH_1_CONTROL,1_DH_1_CONTROL__cand_08,ok,6.256818595913676,1125.1146678265436,False,False,True,False,0.2857142857142857,0.7142857142857143,0.7142857142857143,0.0,-0.027495877677210956,-0.17786672491830302,-0.0058425581138773705,4.706136788250707,-0.0007678564984172606,0.19099514553484198,,,-0.0006601892236962586,True,True,1,50,DH,CONTROL,,,,,
all6,1_DH_1_CONTROL,1_DH_1_CONTROL__cand_08,ok,9.230066559465218,2194.505834135034,False,False,True,False,0.2857142857142857,0.7142857142857143,0.7142857142857143,0.0,-0.03674769420582891,-0.20453196188847755,-0.007100691191431038,5.175227765175204,-0.0005565725675949245,0.21401012291470067,,,-0.00047607962332954544,True,True,2,75,DH,CONTROL,,,,,
all6,1_DH_1_CONTROL,1_DH_1_CONTROL__cand_08,ok,12.190184639356932,3612.2551546192444,False,False,True,False,0.2857142857142857,0.7142857142857143,0.7142857142857143,0.0,-0.04538970510299123,-0.22510061859422592,-0.007810583754653826,5.811307647260861,-0.0003719118182457152,0.23141267905896257,,,-0.00031673293831481654,True,True,3,100,DH,CONTROL,,,,,
all6,1_DH_1_CONTROL,1_DH_1_CONTROL__cand_08,ok,14.882314896555458,5199.862188282084,False,False,True,False,0.2857142857142857,0.7142857142857143,0.7142857142857143,0.0,-0.053358887057186166,-0.24226254659207314,-0.00783069771845877,6.814065486324022,-0.00021042833826530438,0.24582395995915363,,,-0.00017856076604457884,True,True,4,125,DH,CONTROL,,,,,
all6,1_DH_1_CONTROL,1_DH_1_CONTROL__cand_08,ok,17.23404518812583,6840.897277923619,False,False,True,False,0.2857142857142857,0.7142857142857143,0.7142857142857143,0.0,-0.055786776631137514,-0.24780821555322063,-0.007603956243805334,7.336546245460706,-0.00016065380346919316,0.25052486157743203,,,-0.00013617188311695685,True,True,5,150,DH,CONTROL,,,,,
all6,1_DH_1_CONTROL,1_DH_1_CONTROL__cand_08,ok,19.364028916813158,8503.968351669357,False,False,True,False,0.2857142857142857,0.7142857142857143,0.7142857142857143,0.0,-0.057020931198906055,-0.2509888589333542,-0.007399157737654675,7.706408380608478,-0.00013399203872987238,0.25325345246261577,,,-0.00011349936373646154,True,True,6,175,DH,CONTROL,,,,,
all6,1_DH_1_CONTROL,1_DH_1_CONTROL__cand_09,ok,2.8855182554276717,548.4362739142505,False,False,True,False,0.2857142857142857,0.7142857142857143,0.7142857142857143,0.5,4.254821497090504,0.0015591626932973668,1.6832207027994202e-05,252778.5863145676,4.9245586329245356e-05,0.0,,,4.924160772799508e-05,True,False,1,50,DH,CONTROL,,,,,
all6,1_DH_1_CONTROL,1_DH_1_CONTROL__cand_09,ok,4.026760179514874,765.3006334388939,False,False,True,False,0.2857142857142857,0.7142857142857143,0.7142857142857143,0.5,6.298022263667349,0.0012170487103020378,-4.395882483397594e-06,1432709.4246613218,4.9247157369125975e-05,0.0,,,4.9243177207736206e-05,True,False,2,75,DH,CONTROL,,,,,
all6,1_DH_1_CONTROL,1_DH_1_CONTROL__cand_09,ok,5.0496534995519005,1016.2183678230574,False,False,True,False,0.2857142857142857,0.7142857142857143,0.7142857142857143,0.5,8.534429008029406,0.0008422662371856404,-3.036362961478294e-05,281074.07172014454,4.9248929468393344e-05,0.0,,,4.924495337601639e-05,True,False,3,100,DH,CONTROL,,,,,
all6,1_DH_1_CONTROL,1_DH_1_CONTROL__cand_09,ok,5.453055373453591,1127.2624363923592,False,False,True,False,0.2857142857142857,0.7142857142857143,0.7142857142857143,0.5,11.293878083761498,0.0003793205239475128,-6.541271109952292e-05,172655.71008940903,4.9250933815044785e-05,0.0,,,4.924710316629519e-05,True,False,4,125,DH,CONTROL,,,,,
all6,1_DH_1_CONTROL,1_DH_1_CONTROL__cand_09,ok,6.732190509006787,1512.046228946443,False,False,True,False,0.2857142857142857,0.7142857142857143,0.7142857142857143,0.5,12.48424553673344,0.00017944297172789447,-8.136400269015333e-05,153436.96381648493,4.9252006497952054e-05,0.0,,,4.9248033062398936e-05,True,False,5,150,DH,CONTROL,,,,,
all6,1_DH_1_CONTROL,1_DH_1_CONTROL__cand_09,ok,8.165054339060474,2013.8014061993285,False,False,True,False,0.2857142857142857,0.7142857142857143,0.7142857142857143,0.5,13.251079946433393,5.062441903191939e-05,-9.186903065520729e-05,144238.81314439775,4.925255259490176e-05,0.0,,,4.9248634557250705e-05,True,False,6,175,DH,CONTROL,,,,,
all6,1_DH_1_CONTROL,1_DH_1_CONTROL__cand_10,ok,5.072696499826204,784.1247453901253,False,False,True,False,0.2857142857142857,0.7142857142857143,0.7142857142857143,0.0,1.5677415357316562,-0.026619569334130233,0.0057532878003966085,272.4948916380617,0.0018534788473244658,0.01956881750112416,,,0.0017991619497039959,True,True,1,50,DH,CONTROL,,,,,
all6,1_DH_1_CONTROL,1_DH_1_CONTROL__cand_10,ok,7.352048193805737,1464.3903615318743,False,False,True,False,0.2857142857142857,0.7142857142857143,0.7142857142857143,0.5,2.4857319672104126,0.027557804774048122,0.0069835863889048675,355.93917348249676,0.001759764753294858,0.0,,,0.0017085373296679026,True,False,2,75,DH,CONTROL,,,,,
all6,1_DH_1_CONTROL,1_DH_1_CONTROL__cand_10,ok,9.494411895153812,2296.1963911929424,False,False,True,False,0.2857142857142857,0.7142857142857143,0.7142857142857143,0.5,3.544207886788058,0.09048895199657636,0.007941917251762479,446.2660305358286,0.0016517236472272923,0.0,,,0.0016040173874915056,True,False,3,100,DH,CONTROL,,,,,
all6,1_DH_1_CONTROL,1_DH_1_CONTROL__cand_10,ok,11.112749901726806,3040.1898445174747,False,False,True,False,0.2857142857142857,0.7142857142857143,0.7142857142857143,0.5,4.9220517699552175,0.1730950516230223,0.008557058185711624,575.2037280959413,0.0015112360604670322,0.0,,,0.0014680393925592232,True,False,4,125,DH,CONTROL,,,,,
all6,1_DH_1_CONTROL,1_DH_1_CONTROL__cand_10,ok,12.974161980029539,4040.7962784639103,False,False,True,False,0.2857142857142857,0.7142857142857143,0.7142857142857143,0.5,5.539510893010743,0.2103513381789952,0.008626992145420254,642.1138213220074,0.0014483699673766958,0.0,,,0.0014071657007596983,True,False,5,150,DH,CONTROL,,,,,
all6,1_DH_1_CONTROL,1_DH_1_CONTROL__cand_10,ok,14.780695787148412,5135.592726282095,False,False,True,False,0.2857142857142857,0.7142857142857143,0.7142857142857143,0.5,5.944353159050621,0.23485537132744128,0.008609282565774088,690.4585967107406,0.0014071897039304741,0.0,,,0.001367282221976051,True,False,6,175,DH,CONTROL,,,,,
all6,1_DH_1_CONTROL,1_DH_1_CONTROL__cand_11,ok,6.152506220711814,1411.087005772451,False,False,True,False,0.2857142857142857,0.7142857142857143,0.7142857142857143,0.0,0.07949517831806929,0.018890793789125837,0.00033335500636013065,238.47002985216585,-0.0011991852745273902,0.0035415074862044094,,,-0.001163818614949578,True,True,1,50,DH,CONTROL,,,,,
all6,1_DH_1_CONTROL,1_DH_1_CONTROL__cand_11,ok,8.990888171173312,2411.390648199373,False,False,True,False,0.2857142857142857,0.7142857142857143,0.7142857142857143,0.5,0.1090686049479217,0.030990458244787078,0.0010630348727401632,102.60115424697008,-0.0012187701891314098,0.0,,,-0.00117294934529992,True,False,2,75,DH,CONTROL,,,,,
all6,1_DH_1_CONTROL,1_DH_1_CONTROL__cand_11,ok,11.874537324411882,3768.8310687625644,False,False,True,False,0.2857142857142857,0.7142857142857143,0.7142857142857143,0.5,0.14362052536363024,0.04512506060446242,0.0019116013450211683,75.1310024643448,-0.001241613169165557,0.0,,,-0.001183616548546046,True,False,3,100,DH,CONTROL,,,,,
all6,1_DH_1_CONTROL,1_DH_1_CONTROL__cand_11,ok,14.535904647395533,5310.879356213519,False,False,True,False,0.2857142857142857,0.7142857142857143,0.7142857142857143,0.5,0.18991003187674949,0.06405733712705342,0.003041733701248224,62.434798877632474,-0.0012722588872641836,0.0,,,-0.0011978999092394224,True,False,4,125,DH,CONTROL,,,,,
all6,1_DH_1_CONTROL,1_DH_1_CONTROL__cand_11,ok,16.846337787551853,6880.774720822523,False,False,True,False,0.2857142857142857,0.7142857142857143,0.7142857142857143,0.5,0.2112670471034903,0.07279118239303273,0.0035606607812839488,59.33366307006334,-0.0012863857276248273,0.0,,,-0.0012044982041916055,True,False,5,150,DH,CONTROL,,,,,
all6,1_DH_1_CONTROL,1_DH_1_CONTROL__cand_11,ok,18.950390124508694,8492.133157849164,False,False,True,False,0.2857142857142857,0.7142857142857143,0.7142857142857143,0.5,0.22550231337899618,0.0786122979406656,0.00390570272276803,57.73668130563181,-0.001295802346149399,0.0,,,-0.0012088892091308447,True,False,6,175,DH,CONTROL,,,,,
all6,1_DH_1_CONTROL,1_DH_1_CONTROL__cand_12,ok,6.455919015713557,1669.8705953725178,False,False,True,False,0.2857142857142857,0.7142857142857143,0.7142857142857143,0.5,0.33803255701049295,0.010442728513112343,0.01353027158946355,24.983427329997543,-0.002625195512588002,0.0,,,-0.00024935349313415044,True,False,1,50,DH,CONTROL,,,,,
all6,1_DH_1_CONTROL,1_DH_1_CONTROL__cand_12,ok,9.04668531719108,2613.432602343682,False,False,True,False,0.2857142857142857,0.7142857142857143,0.7142857142857143,0.5,0.6085767990359585,0.0162299142917135,0.025000240223721756,24.34283805235214,-0.00429545284515537,0.0,,,-0.00038290594479558146,True,False,2,75,DH,CONTROL,,,,,
all6,1_DH_1_CONTROL,1_DH_1_CONTROL__cand_12,ok,11.754034799401653,3893.4820863142168,False,False,True,False,0.2857142857142857,0.7142857142857143,0.7142857142857143,0.5,0.981939284567872,0.023319183844520808,0.040701755788405056,24.125231591301592,-0.006502119691625364,0.0,,,-0.0005426082962686098,True,False,3,100,DH,CONTROL,,,,,
all6,1_DH_1_CONTROL,1_DH_1_CONTROL__cand_12,ok,14.257400937069043,5331.169539607461,False,False,True,False,0.2857142857142857,0.7142857142857143,0.7142857142857143,0.5,1.5503168899106328,0.03336618903314559,0.06397175893563443,24.234395234786234,-0.009870701253501568,0.0,,,-0.0007627160293739987,True,False,4,125,DH,CONTROL,,,,,
all6,1_DH_1_CONTROL,1_DH_1_CONTROL__cand_12,ok,16.464821996759117,6806.052596889145,False,False,True,False,0.2857142857142857,0.7142857142857143,0.7142857142857143,0.5,1.8310981047825834,0.038211360695640906,0.07515055568813811,24.36572940832701,-0.011577561606101607,0.0,,,-0.0008666922820758755,True,False,5,150,DH,CONTROL,,,,,
all6,1_DH_1_CONTROL,1_DH_1_CONTROL__cand_12,ok,18.498969491216883,8333.692565447429,False,False,True,False,0.2857142857142857,0.7142857142857143,0.7142857142857143,0.5,2.0230542847995565,0.041513533202689246,0.08267179704575928,24.470912174314844,-0.012766966442380168,0.0,,,-0.0009368206320394229,True,False,6,175,DH,CONTROL,,,,,
all6,1_DH_1_CONTROL,1_DH_1_CONTROL__cand_13,ok,6.605866908467487,1230.843981049265,False,False,True,False,0.2857142857142857,0.7142857142857143,0.7142857142857143,0.5,3.3907970340040947,1.6130076525258517,0.13530637784535518,25.060141938612205,-0.05084807056187694,0.0,,,-0.01855679592312705,True,False,1,50,DH,CONTROL,,,,,
all6,1_DH_1_CONTROL,1_DH_1_CONTROL__cand_13,ok,9.553723024483432,2339.2932280363484,False,False,True,False,0.30104607162437336,0.6989539283756266,0.6989539283756266,0.5,4.6241108209756305,1.9649217535741457,0.18382367111486078,25.155143474891712,-0.07656898743982854,0.0,,,-0.0281502336736076,True,False,2,75,DH,CONTROL,,,,,
all6,1_DH_1_CONTROL,1_DH_1_CONTROL__cand_13,ok,12.456523635443874,3786.3364280898977,False,False,True,False,0.2857142857142857,0.7142857142857143,0.7142857142857143,0.5,5.9506655068679635,2.3525887086957056,0.2336210122792421,25.47144817502658,-0.10448495409678878,0.0,,,-0.03872238289829045,True,False,3,100,DH,CONTROL,,,,,
all6,1_DH_1_CONTROL,1_DH_1_CONTROL__cand_13,ok,15.065838608279703,5370.408063889274,False,False,True,False,0.2857142857142857,0.7142857142857143,0.7142857142857143,0.5,7.5650498669026405,2.8372632767479615,0.29070455485667324,26.023155607700936,-0.13878928175461505,0.0,,,-0.0519452411554782,True,False,4,125,DH,CONTROL,,,,,
all6,1_DH_1_CONTROL,1_DH_1_CONTROL__cand_13,ok,17.335948185686437,6981.922297152634,False,False,True,False,0.2857142857142857,0.7142857142857143,0.7142857142857143,0.5,8.25584109803438,3.0489620955711985,0.3139346219823392,26.297963078754737,-0.15357032032316734,0.0,,,-0.057722319573307826,True,False,5,150,DH,CONTROL,,,,,
all6,1_DH_1_CONTROL,1_DH_1_CONTROL__cand_13,ok,19.400075742760574,8584.191329669966,False,False,True,False,0.2857142857142857,0.7142857142857143,0.7142857142857143,0.5,8.699358172025342,3.1862432170770205,0.3284647807360672,26.4849039599639,-0.16309097281472906,0.0,,,-0.06146903064996682,True,False,6,175,DH,CONTROL,,,,,
all6,1_DH_1_CONTROL,1_DH_1_CONTROL__cand_14,ok,6.4614420191318525,1175.4556995091434,False,False,True,False,0.2857142857142857,0.7142857142857143,0.7142857142857143,0.5,0.4052592454333137,0.1060881803266227,0.0247834526748018,16.352009171238475,0.0013160072676271233,0.0,,,0.003893678245263337,True,False,1,50,DH,CONTROL,,,,,
all6,1_DH_1_CONTROL,1_DH_1_CONTROL__cand_14,ok,9.430829470787332,2266.9352771438394,False,False,True,False,0.2857142857142857,0.7142857142857143,0.7142857142857143,0.5,0.6681083875278375,0.15507344643526721,0.03630763057556925,18.401321621284634,-0.0005677639857063457,0.0,,,0.003447350587063261,True,False,2,75,DH,CONTROL,,,,,
all6,1_DH_1_CONTROL,1_DH_1_CONTROL__cand_14,ok,12.376075775701105,3701.181546907216,False,False,True,False,0.2857142857142857,0.7142857142857143,0.7142857142857143,0.5,1.0604799360725394,0.29822768825627577,0.04964024817608787,21.363308505443403,-0.0027392206845516963,0.0,,,0.0029336436024905827,True,False,3,100,DH,CONTROL,,,,,
all6,1_DH_1_CONTROL,1_DH_1_CONTROL__cand_14,ok,15.042758473569053,5291.562806821979,False,False,True,False,0.2857142857142857,0.7142857142857143,0.7142857142857143,0.5,1.5827463793907413,0.48764696143845754,0.06728151655261295,23.52423756906641,-0.005600773967995195,0.0,,,0.0022578758214367267,True,False,4,125,DH,CONTROL,,,,,
all6,1_DH_1_CONTROL,1_DH_1_CONTROL__cand_14,ok,17.372669222131883,6929.177043665124,False,False,True,False,0.2857142857142857,0.7142857142857143,0.7142857142857143,0.5,1.822411486135934,0.5741151618806697,0.07533613478487951,24.19040333486428,-0.006903607482918453,0.0,,,0.001951082018403395,True,False,5,150,DH,CONTROL,,,,,
all6,1_DH_1_CONTROL,1_DH_1_CONTROL__cand_14,ok,19.490377311506027,8597.449422667849,False,False,True,False,0.2857142857142857,0.7142857142857143,0.7142857142857143,0.5,1.981706412410432,0.6314208280413709,0.08067538127638887,24.56395471651046,-0.007765992032987248,0.0,,,0.0017483325343391192,True,False,6,175,DH,CONTROL,,,,,
all6,1_DH_1_CONTROL,1_DH_1_CONTROL__cand_15,ok,6.4025498486722,1177.4018832448255,False,False,True,False,0.2857142857142857,0.7142857142857143,0.7142857142857143,0.5,0.18808941771305854,0.05027020485839273,0.008734870991755916,21.53316493060742,-0.003768959327029449,0.0,,,-0.0014203827148974873,True,False,1,50,DH,CONTROL,,,,,
all6,1_DH_1_CONTROL,1_DH_1_CONTROL__cand_15,ok,9.393978142308315,2273.1251238831646,False,False,True,False,0.2857142857142857,0.7142857142857143,0.7142857142857143,0.5,0.29445713505739946,0.07727763073386029,0.01378612301760028,21.358951656058483,-0.005886337589365244,0.0,,,-0.0021946716148091958,True,False,2,75,DH,CONTROL,,,,,
all6,1_DH_1_CONTROL,1_DH_1_CONTROL__cand_15,ok,12.36749969525134,3718.6753250608917,False,False,True,False,0.2857142857142857,0.7142857142857143,0.7142857142857143,0.5,0.4238915562768426,0.10959434287423164,0.0199747440748128,21.221376088184762,-0.008467987596192862,0.0,,,-0.0031211736944828116,True,False,3,100,DH,CONTROL,,,,,
all6,1_DH_1_CONTROL,1_DH_1_CONTROL__cand_15,ok,15.071443737097123,5335.488990589543,False,False,True,False,0.2857142857142857,0.7142857142857143,0.7142857142857143,0.5,0.6034107948651268,0.15405471411757787,0.02857573908284293,21.11619206473714,-0.012075668461736315,0.0,,,-0.004396599164701196,True,False,4,125,DH,CONTROL,,,,,
all6,1_DH_1_CONTROL,1_DH_1_CONTROL__cand_15,ok,17.424823164833057,6993.527579418038,False,False,True,False,0.2857142857142857,0.7142857142857143,0.7142857142857143,0.5,0.6878896794178928,0.174977739677459,0.032616683454639035,21.090117282296983,-0.013787582762093669,0.0,,,-0.004997538545048568,True,False,5,150,DH,CONTROL,,,,,
all6,1_DH_1_CONTROL,1_DH_1_CONTROL__cand_15,ok,19.55564491360844,8672.711259665939,False,False,True,False,0.2857142857142857,0.7142857142857143,0.7142857142857143,0.5,0.7446206176462056,0.1890570686916675,0.035325356229072374,21.078927352285017,-0.0149427689002014,0.0,,,-0.005402108895278971,True,False,6,175,DH,CONTROL,,,,,
all6,1_DH_1_CONTROL,1_DH_1_CONTROL__cand_16,ok,6.449889927578596,1187.8512174517625,False,False,True,False,0.2857142857142857,0.7142857142857143,0.7142857142857143,0.5,0.12422250264839363,0.12422250264839363,0.005349845144599059,23.21983147003845,0.0015597336491846544,0.0,,,0.0015375224445479184,True,False,1,50,DH,CONTROL,,,,,
all6,1_DH_1_CONTROL,1_DH_1_CONTROL__cand_16,ok,9.444388364442213,2288.106669104293,False,False,True,False,0.2857142857142857,0.7142857142857143,0.7142857142857143,0.5,0.16858912182357244,0.15251576684813983,0.007258136414916461,23.227604468427845,0.0015284056468583527,0.0,,,0.0015066435871943186,True,False,2,75,DH,CONTROL,,,,,
all6,1_DH_1_CONTROL,1_DH_1_CONTROL__cand_16,ok,12.420665863152987,3739.5264063037816,False,False,True,False,0.2857142857142857,0.7142857142857143,0.7142857142857143,0.5,0.22292614841524028,0.18548713260256022,0.009481896122330696,23.51071405330308,0.0014918589486721634,0.0,,,0.0014706255849191705,True,False,3,100,DH,CONTROL,,,,,
all6,1_DH_1_CONTROL,1_DH_1_CONTROL__cand_16,ok,15.128880402324432,5361.080754519035,False,False,True,False,0.2857142857142857,0.7142857142857143,0.7142857142857143,0.5,0.295541216449152,0.22951851861705563,0.012451350720141944,23.735675196351938,0.0014429967601382752,0.0,,,0.0014224701759903966,True,False,4,125,DH,CONTROL,,,,,
all6,1_DH_1_CONTROL,1_DH_1_CONTROL__cand_16,ok,17.483993488896054,7024.627195145223,False,False,True,False,0.2857142857142857,0.7142857142857143,0.7142857142857143,0.5,0.3289754495834245,0.2497800216849413,0.01381769333399868,23.80827549370882,0.001420495289805983,0.0,,,0.0014002895446699687,True,False,5,150,DH,CONTROL,,,,,
all6,1_DH_1_CONTROL,1_DH_1_CONTROL__cand_16,ok,19.617280481240975,8715.070717826939,False,False,True,False,0.2857142857142857,0.7142857142857143,0.7142857142857143,0.5,0.3512364520716744,0.2632661233141391,0.014727126593587757,23.849625372583137,0.0014055059294485856,0.0,,,0.0013855182653470484,True,False,6,175,DH,CONTROL,,,,,
all6,1_DH_1_CONTROL,1_DH_1_CONTROL__cand_17,ok,6.5048163385945,1200.1757308931774,False,False,True,False,0.2857142857142857,0.7142857142857143,0.7142857142857143,0.5,0.38672713341715337,0.38672713341715337,0.015778635698972907,24.509541939822274,0.0024379192268493806,0.0,,,0.002311182499124623,True,False,1,50,DH,CONTROL,,,,,
all6,1_DH_1_CONTROL,1_DH_1_CONTROL__cand_17,ok,9.55434560821167,2321.283959150384,False,False,True,False,0.2857142857142857,0.7142857142857143,0.7142857142857143,0.5,0.5060393289394227,0.5060393289394227,0.022119361409277154,22.87766448479761,0.0020649783286044955,0.0,,,0.0019576706869878827,True,False,2,75,DH,CONTROL,,,,,
all6,1_DH_1_CONTROL,1_DH_1_CONTROL__cand_17,ok,12.591370305976946,3822.7449092594125,False,False,True,False,0.2857142857142857,0.7142857142857143,0.7142857142857143,0.5,0.6446611300605127,0.6446611300605127,0.029477261580587135,21.869776753111548,0.0016318734032239777,0.0,,,0.0015471094126144648,True,False,3,100,DH,CONTROL,,,,,
all6,1_DH_1_CONTROL,1_DH_1_CONTROL__cand_17,ok,15.384735289478272,5523.903090574988,False,False,True,False,0.2857142857142857,0.7142857142857143,0.7142857142857143,0.5,0.82908238842289,0.82908238842289,0.039250967272738156,21.12259763337682,0.0010559740906355456,0.0,,,0.0010011536786603105,True,False,4,125,DH,CONTROL,,,,,
all6,1_DH_1_CONTROL,1_DH_1_CONTROL__cand_17,ok,17.772814812119766,7227.790667100608,False,False,True,False,0.2857142857142857,0.7142857142857143,0.7142857142857143,0.5,0.9136805026573995,0.9136805026573995,0.043728522353253516,20.894383196312585,0.0007919042771475568,0.0,,,0.0007508018655673836,True,False,5,150,DH,CONTROL,,,,,
all6,1_DH_1_CONTROL,1_DH_1_CONTROL__cand_17,ok,19.929375745021243,8961.65679930206,False,False,True,False,0.2857142857142857,0.7142857142857143,0.7142857142857143,0.5,0.9698987222544702,0.9698987222544702,0.04670195085770012,20.767841694873336,0.0006164565015300203,0.0,,,0.000584464223835486,True,False,6,175,DH,CONTROL,,,,,
all6,1_DH_1_CONTROL,1_DH_1_CONTROL__cand_18,ok,6.576367549982024,1219.682751785705,False,False,True,False,0.2857142857142857,0.7142857142857143,0.7142857142857143,0.5,0.3450540218572513,0.3450540218572513,0.013636283454383167,25.304110391335342,0.003457187976899444,0.0,,,0.003329511299012689,True,False,1,50,DH,CONTROL,,,,,
all6,1_DH_1_CONTROL,1_DH_1_CONTROL__cand_18,ok,9.611244056346322,2351.511366093926,False,False,True,False,0.2857142857142857,0.7142857142857143,0.7142857142857143,0.5,0.4355933238668541,0.4355933238668541,0.018550857028901236,23.481035037261254,0.003250438386766381,0.0,,,0.003130477072282857,True,False,2,75,DH,CONTROL,,,,,
all6,1_DH_1_CONTROL,1_DH_1_CONTROL__cand_18,ok,12.63280162203471,3847.347436234496,False,False,True,False,0.2857142857142857,0.7142857142857143,0.7142857142857143,0.5,0.5409068038897544,0.5409068038897544,0.0242629766695686,22.29350550248754,0.003010086723790903,0.0,,,0.00289908363248889,True,False,3,100,DH,CONTROL,,,,,
all6,1_DH_1_CONTROL,1_DH_1_CONTROL__cand_18,ok,15.40308529817217,5531.400238095062,False,False,True,False,0.2857142857142857,0.7142857142857143,0.7142857142857143,0.5,0.6812180847925617,0.6812180847925617,0.03186580484795329,21.377714702106942,0.0026901028715062537,0.0,,,0.0025909911032739445,True,False,4,125,DH,CONTROL,,,,,
all6,1_DH_1_CONTROL,1_DH_1_CONTROL__cand_18,ok,17.78376227188573,7239.928503214422,False,False,True,False,0.2857142857142857,0.7142857142857143,0.7142857142857143,0.5,0.7456586179174707,0.7456586179174707,0.03535463201741866,21.09083238513405,0.0025432141580055377,0.0,,,0.0024495642206837772,True,False,5,150,DH,CONTROL,,,,,
all6,1_DH_1_CONTROL,1_DH_1_CONTROL__cand_18,ok,19.93515472172415,8971.521067519263,False,False,True,False,0.2857142857142857,0.7142857142857143,0.7142857142857143,0.5,0.7885081190323007,0.7885081190323007,0.03767351504399525,20.930038466319864,0.002445587946287282,0.0,,,0.0023555490943996116,True,False,6,175,DH,CONTROL,,,,,
all6,1_DH_1_CONTROL,1_DH_1_CONTROL__cand_19,ok,6.82852530061884,1286.3412954234923,False,False,True,False,0.2857142857142857,0.7142857142857143,0.7142857142857143,0.5,0.8524012450990881,0.8524012450990881,0.03580113798990795,23.809333807751393,0.00587976271661494,0.0,,,0.005285066862888442,True,False,1,50,DH,CONTROL,,,,,
all6,1_DH_1_CONTROL,1_DH_1_CONTROL__cand_19,ok,9.928113001349953,2475.890475080195,False,False,True,False,0.2857142857142857,0.7142857142857143,0.7142857142857143,0.5,1.0769527868797724,1.0769527868797724,0.04874330850047139,22.09437192531478,0.004429341303329283,0.0,,,0.003982129203608767,True,False,2,75,DH,CONTROL,,,,,
all6,1_DH_1_CONTROL,1_DH_1_CONTROL__cand_19,ok,13.020460001226303,4048.816771561747,False,False,True,False,0.2857142857142857,0.7142857142857143,0.7142857142857143,0.5,1.3360927157721676,1.3360927157721676,0.06363570773723787,20.995959081481587,0.0027586053473927672,0.0,,,0.0024806238610400122,True,False,3,100,DH,CONTROL,,,,,
all6,1_DH_1_CONTROL,1_DH_1_CONTROL__cand_19,ok,15.887389778660763,5840.165907022617,False,False,True,False,0.2857142857142857,0.7142857142857143,0.7142857142857143,0.5,1.6779802789688318,1.6779802789688318,0.0832113324231034,20.165285545925776,0.0005591873570832372,0.0,,,0.0005029783338289017,True,False,4,125,DH,CONTROL,,,,,
all6,1_DH_1_CONTROL,1_DH_1_CONTROL__cand_19,ok,18.30452365036409,7622.378096729819,False,False,True,False,0.2857142857142857,0.7142857142857143,0.7142857142857143,0.5,1.8425146007978697,1.833732783991607,0.09210170058347808,20.00521802665166,-0.0004410697023898752,0.0,,,-0.0003967809374600534,True,False,5,150,DH,CONTROL,,,,,
all6,1_DH_1_CONTROL,1_DH_1_CONTROL__cand_19,ok,20.481572628212064,9418.505563806124,False,False,True,False,0.2857142857142857,0.7142857142857143,0.7142857142857143,0.5,1.9588217247497255,1.9368648524816194,0.09797886236088282,19.99228892385841,-0.0011028250871039733,0.0,,,-0.000992168141601133,True,False,6,175,DH,CONTROL,,,,,
all6,1_DH_1_CONTROL,1_DH_1_CONTROL__cand_20,ok,7.191583809694503,1394.34214077376,False,False,True,False,0.2857142857142857,0.7142857142857143,0.7142857142857143,0.5,1.9528097954302126,1.9528097954302126,0.06562390295216365,29.75759910003688,0.0156527736237069,0.0,,,0.011276997163226075,True,False,1,50,DH,CONTROL,,,,,
all6,1_DH_1_CONTROL,1_DH_1_CONTROL__cand_20,ok,10.253731441420385,2604.2600591942037,False,False,True,False,0.3066465584630329,0.6933534415369671,0.6933534415369671,0.5,2.1458101978299595,2.1458101978299595,0.07965304677866447,26.939461635317222,0.011850436513674815,0.0,,,0.008535982115397219,True,False,2,75,DH,CONTROL,,,,,
all6,1_DH_1_CONTROL,1_DH_1_CONTROL__cand_20,ok,13.304240968963093,4200.625631467339,False,False,True,False,0.2857142857142857,0.7142857142857143,0.7142857142857143,0.5,2.3708419522023263,2.3708419522023263,0.09598959945657098,24.698946194425755,0.00742199499773179,0.0,,,0.00534148273050505,True,False,3,100,DH,CONTROL,,,,,
all6,1_DH_1_CONTROL,1_DH_1_CONTROL__cand_20,ok,16.12977054595921,6005.399589477682,False,False,True,False,0.2857142857142857,0.7142857142857143,0.7142857142857143,0.5,2.6715454815738013,2.6715454815738013,0.11778371539802415,22.681789859879196,0.0015129389474952365,0.0,,,0.0010751238484342075,True,False,4,125,DH,CONTROL,,,,,
all6,1_DH_1_CONTROL,1_DH_1_CONTROL__cand_20,ok,18.51993673208439,7783.808342956156,False,False,True,False,0.2857142857142857,0.7142857142857143,0.7142857142857143,0.5,2.8357457613850414,2.809990533729973,0.12780367423001768,22.188296060106545,-0.0012041999577296748,0.0,,,-0.0008881737509347068,True,False,5,150,DH,CONTROL,,,,,
all6,1_DH_1_CONTROL,1_DH_1_CONTROL__cand_20,ok,20.680887558185052,9585.037017665742,False,False,True,False,0.2857142857142857,0.7142857142857143,0.7142857142857143,0.5,2.9668077994518995,2.902166462801219,0.1344699555994338,22.0629789474281,-0.0030121188274085517,0.0,,,-0.0021949729949091302,True,False,6,175,DH,CONTROL,,,,,
all6,1_DH_1_CONTROL,1_DH_1_CONTROL__cand_21,ok,7.186157998971418,1540.347549720579,False,False,True,False,0.30772864608345973,0.6922713539165403,0.6922713539165403,0.5,2.8772151440488756,2.4530615577669863,0.12701255494065788,22.65299792916655,-0.01672133591448918,0.0,,,-0.011035559577209902,True,False,1,50,DH,CONTROL,,,,,
all6,1_DH_1_CONTROL,1_DH_1_CONTROL__cand_21,ok,10.349509793614288,2805.5061525182814,False,False,True,False,0.3350622785680924,0.6649377214319075,0.6649377214319075,0.5,3.8816781806766016,3.0636010167872456,0.17332081487605464,22.395914671024777,-0.0318333165279279,0.0,,,-0.021354487939274136,True,False,2,75,DH,CONTROL,,,,,
all6,1_DH_1_CONTROL,1_DH_1_CONTROL__cand_21,ok,13.528085086100175,4491.161751106079,False,False,True,False,0.2916284125039132,0.7083715874960869,0.7083715874960869,0.5,5.010566669174082,3.764290897899116,0.22463401415841708,22.305467352956242,-0.04856245446460754,0.0,,,-0.03304486276180899,True,False,3,100,DH,CONTROL,,,,,
all6,1_DH_1_CONTROL,1_DH_1_CONTROL__cand_21,ok,16.54402528855674,6460.229602210269,False,False,True,False,0.2857142857142857,0.7142857142857143,0.7142857142857143,0.5,6.453552135915501,4.681411077186638,0.28906879735203245,22.32531561701648,-0.06952453268688526,0.0,,,-0.04808796638567908,True,False,4,125,DH,CONTROL,,,,,
all6,1_DH_1_CONTROL,1_DH_1_CONTROL__cand_21,ok,18.987084827320395,8323.010862322924,False,False,True,False,0.2857142857142857,0.7142857142857143,0.7142857142857143,0.5,7.094486054132474,5.096245248198258,0.3172642350868862,22.36144282758368,-0.07867463544842489,0.0,,,-0.0547930173628655,True,False,5,150,DH,CONTROL,,,,,
all6,1_DH_1_CONTROL,1_DH_1_CONTROL__cand_21,ok,21.17516497953397,10172.670221314876,False,False,True,False,0.2857142857142857,0.7142857142857143,0.7142857142857143,0.5,7.513486359165228,5.36986362194574,0.33555327806533175,22.39133648905186,-0.0846009515160952,0.0,,,-0.05918107880247696,True,False,6,175,DH,CONTROL,,,,,
all6,1_DH_1_CONTROL,1_DH_1_CONTROL__cand_22,ok,0.957527465427135,196.50011757077243,False,False,True,False,0.2857142857142857,0.7142857142857143,0.7142857142857143,0.5,7.388804502381049,7.925649066464757e-05,-3.370587427988632e-06,2192141.4768909444,5.6207744185827085e-06,0.0,,,5.6208270949325365e-06,True,False,1,50,DH,CONTROL,,,,,
all6,1_DH_1_CONTROL,1_DH_1_CONTROL__cand_22,failed:ODESolverWarningError,,inf,False,False,False,False,0.0,,1.0,1.0,,,,,,,,,,False,False,2,75,DH,CONTROL,False,False,False,False,False
all6,1_DH_1_CONTROL,1_DH_1_CONTROL__cand_22,ok,1.376621437308801,273.8109940267735,False,False,True,False,0.2857142857142857,0.7142857142857143,0.7142857142857143,0.0,13.755108334343888,-7.585751359329151e-05,-1.1120058883541401e-05,1236963.6238799577,5.621236078246415e-06,5.426062982394342e-05,,,5.621085766672741e-06,True,True,3,100,DH,CONTROL,,,,,
all6,1_DH_1_CONTROL,1_DH_1_CONTROL__cand_22,ok,1.4236195142719372,302.72987510581834,False,False,True,False,0.2857142857142857,0.7142857142857143,0.7142857142857143,0.0,17.53557843459417,-0.00016802339681021294,-1.5722576433452514e-05,1115312.0170104043,5.6213587718720294e-06,0.00014642602857861675,,,5.621245570390312e-06,True,True,4,125,DH,CONTROL,,,,,
all6,1_DH_1_CONTROL,1_DH_1_CONTROL__cand_22,ok,1.8869594605551445,364.5248154027681,False,False,True,False,0.2857142857142857,0.7142857142857143,0.7142857142857143,0.0,19.108991431386755,-0.00020639290883650574,-1.763812559514131e-05,1083391.278076091,5.62135642500482e-06,0.0001847953615907727,,,5.621284657842713e-06,True,True,5,150,DH,CONTROL,,,,,
all6,1_DH_1_CONTROL,1_DH_1_CONTROL__cand_22,ok,2.867346493841047,494.56653754439355,False,False,True,False,0.2857142857142857,0.7142857142857143,0.7142857142857143,0.0,20.106846999642528,-0.00023073361445824503,-1.8853175466614726e-05,1066496.5716384389,5.621339869326961e-06,0.00020913578737236094,,,5.621328178266507e-06,True,True,6,175,DH,CONTROL,,,,,
all6,1_DH_1_CONTROL,1_DH_1_CONTROL__cand_23,ok,3.1540932485995836,594.24383633266,False,False,True,False,0.2857142857142857,0.7142857142857143,0.7142857142857143,0.0,7.293532628950004,0.04869930684407109,0.11382804432040043,64.07500605404714,-0.030407803487852596,0.00044391925614206684,,,-0.000687753725076645,True,True,1,50,DH,CONTROL,,,,,
all6,1_DH_1_CONTROL,1_DH_1_CONTROL__cand_23,ok,4.629778928548385,944.9088659013897,False,False,True,False,0.2857142857142857,0.7142857142857143,0.7142857142857143,0.0,10.393685419854151,0.07437629953854241,0.1543829857020122,67.32403426836098,-0.04602698612277484,0.00018353902510170883,,,-0.001042328845368957,True,True,2,75,DH,CONTROL,,,,,
all6,1_DH_1_CONTROL,1_DH_1_CONTROL__cand_23,ok,6.031555069165737,1389.6088748875372,False,False,True,False,0.2857142857142857,0.7142857142857143,0.7142857142857143,0.5,13.598707280548794,0.10436145980347078,0.1920069208129781,70.82404750292538,-0.0641503210377644,0.0,,,-0.0014566668494405636,True,False,3,100,DH,CONTROL,,,,,
all6,1_DH_1_CONTROL,1_DH_1_CONTROL__cand_23,failed:ODESolverWarningError,,inf,False,False,False,False,0.0,,1.0,1.0,,,,,,,,,,False,False,4,125,DH,CONTROL,False,False,False,False,False
all6,1_DH_1_CONTROL,1_DH_1_CONTROL__cand_23,failed:ODESolverWarningError,,inf,False,False,False,False,0.0,,1.0,1.0,,,,,,,,,,False,False,5,150,DH,CONTROL,False,False,False,False,False
all6,1_DH_1_CONTROL,1_DH_1_CONTROL__cand_23,failed:ODESolverWarningError,,inf,False,False,False,False,0.0,,1.0,1.0,,,,,,,,,,False,False,6,175,DH,CONTROL,False,False,False,False,False
all6,1_DH_1_CONTROL,1_DH_1_CONTROL__cand_24,failed:ODESolverWarningError,,inf,False,False,False,False,0.0,,1.0,1.0,,,,,,,,,,False,False,1,50,DH,CONTROL,False,False,False,False,False
all6,1_DH_1_CONTROL,1_DH_1_CONTROL__cand_24,failed:ODESolverWarningError,,inf,False,False,False,False,0.0,,1.0,1.0,,,,,,,,,,False,False,2,75,DH,CONTROL,False,False,False,False,False
all6,1_DH_1_CONTROL,1_DH_1_CONTROL__cand_24,failed:ODESolverWarningError,,inf,False,False,False,False,0.0,,1.0,1.0,,,,,,,,,,False,False,3,100,DH,CONTROL,False,False,False,False,False
all6,1_DH_1_CONTROL,1_DH_1_CONTROL__cand_24,failed:ODESolverWarningError,,inf,False,False,False,False,0.0,,1.0,1.0,,,,,,,,,,False,False,4,125,DH,CONTROL,False,False,False,False,False
all6,1_DH_1_CONTROL,1_DH_1_CONTROL__cand_24,failed:ODESolverWarningError,,inf,False,False,False,False,0.0,,1.0,1.0,,,,,,,,,,False,False,5,150,DH,CONTROL,False,False,False,False,False
all6,1_DH_1_CONTROL,1_DH_1_CONTROL__cand_24,failed:ODESolverWarningError,,inf,False,False,False,False,0.0,,1.0,1.0,,,,,,,,,,False,False,6,175,DH,CONTROL,False,False,False,False,False
all6,1_VH_1_CONTROL,1_VH_1_CONTROL__cand_01,ok,2.95538410110938,446.2245084250571,False,False,True,False,0.28571428571428575,0.7142857142857143,0.7142857142857143,0.0,0.02118552559470288,-0.13287777717111737,-0.006042875457665152,3.50586831436843,-0.0007816069774491882,0.14575685785828796,,,-0.0006764507099747065,True,True,1,50,VH,CONTROL,,,,,
all6,1_VH_1_CONTROL,1_VH_1_CONTROL__cand_01,ok,4.6928940858518065,842.9463947771422,False,False,False,False,0.2029152351226321,0.797084764877368,0.797084764877368,0.0,0.01707403780019945,-0.15647250804411783,-0.007461628615022846,2.2882454596873782,-0.0005669237933915232,0.1657776231212864,,,-0.00048818260100702186,True,True,2,75,VH,CONTROL,,,,,
all6,1_VH_1_CONTROL,1_VH_1_CONTROL__cand_01,ok,6.28574044686858,1327.402506946554,False,False,True,False,0.28571428571428575,0.7142857142857143,0.7142857142857143,0.0,0.010814836566353847,-0.17641290067133752,-0.008368588075488168,1.2923131678605153,-0.00037902750093554553,0.18261374383243378,,,-0.0003250139477349929,True,True,3,100,VH,CONTROL,,,,,
all6,1_VH_1_CONTROL,1_VH_1_CONTROL__cand_01,ok,8.029610185314752,1970.114829511162,False,False,True,False,0.28571428571428575,0.7142857142857143,0.7142857142857143,0.0,0.00440213063018291,-0.19337398646229076,-0.008617925154994516,0.5108109609923517,-0.00021456595539012593,0.19687440354303476,,,-0.00018331931427426838,True,True,4,125,VH,CONTROL,,,,,
all6,1_VH_1_CONTROL,1_VH_1_CONTROL__cand_01,ok,9.650963369201445,2664.64856659607,False,True,False,False,0.28571428571428575,0.7142857142857143,0.7142857142857143,0.0,0.0026883857672856948,-0.19851811234345007,-0.008473481861550747,0.3172704929580965,-0.00016383870326266834,0.2011886608225666,,,-0.0001398257409169324,True,True,5,150,VH,CONTROL,,,,,
all6,1_VH_1_CONTROL,1_VH_1_CONTROL__cand_01,ok,11.1293134660637,3387.1344726424054,False,False,False,False,0.017047097447582486,0.9829529025524176,0.9829529025524176,0.0,0.0020137343123991513,-0.20125872332390315,-0.008314236430690436,0.24220315710121387,-0.00013664982331726313,0.20348509802957437,,,-0.0001165535118466487,True,True,6,175,VH,CONTROL,,,,,
all6,1_VH_1_CONTROL,1_VH_1_CONTROL__cand_02,ok,4.229705525837363,797.2066433249029,False,False,True,False,0.28571428571428575,0.7142857142857143,0.7142857142857143,0.0,5.435390915214342,0.015001213450176465,0.07369428694885381,73.75593333288748,-0.016097030416942142,0.000511286320758586,,,-0.0001523938257875031,True,True,1,50,VH,CONTROL,,,,,
all6,1_VH_1_CONTROL,1_VH_1_CONTROL__cand_02,ok,6.454387701699245,1468.7458549742114,False,False,False,False,0.14101837332374317,0.8589816266762569,0.8589816266762569,0.0,7.894600709920866,0.02308574307906497,0.10291835360986241,76.70741352749687,-0.024418214032217573,0.000473821404739283,,,-0.00023131310828453704,True,True,2,75,VH,CONTROL,,,,,
all6,1_VH_1_CONTROL,1_VH_1_CONTROL__cand_02,ok,8.599343295550982,2307.672335447654,False,False,True,False,0.28571428571428575,0.7142857142857143,0.7142857142857143,0.0,10.517613483834708,0.03253292480896164,0.13147525618226336,79.99690427873519,-0.03411756804559651,0.0004303712808138016,,,-0.0003237398855858107,True,True,3,100,VH,CONTROL,,,,,
all6,1_VH_1_CONTROL,1_VH_1_CONTROL__cand_02,ok,11.178868042381904,3547.896329663616,False,False,True,False,0.28571428571428575,0.7142857142857143,0.7142857142857143,0.0,13.681519145118571,0.045192645875687276,0.16261215889792396,84.13589265306311,-0.04707310305297975,0.0003720107029181463,,,-0.0004475806535766956,True,True,4,125,VH,CONTROL,,,,,
all6,1_VH_1_CONTROL,1_VH_1_CONTROL__cand_02,ok,12.914068596056048,4536.047325223173,False,False,False,False,0.0,1.0000000000000002,1.0000000000000002,0.0,15.02683216960125,0.05103485688559317,0.17483650926425845,85.94790775014152,-0.0530357832973676,0.00034512758328730797,,,-0.0005047594935154608,True,True,5,150,VH,CONTROL,,,,,
all6,1_VH_1_CONTROL,1_VH_1_CONTROL__cand_02,ok,14.515647444622523,5538.571397596007,False,False,False,False,0.0,1.0000000000000002,1.0000000000000002,0.0,15.888186628040074,0.0549293040360368,0.18236392700874465,87.12351663318924,-0.05700502419942954,0.0003271342883692796,,,-0.0005428902149405602,True,True,6,175,VH,CONTROL,,,,,
all6,1_VH_1_CONTROL,1_VH_1_CONTROL__cand_03,ok,5.755134436197677,1142.4306047167736,False,False,True,False,0.28571428571428575,0.7142857142857143,0.7142857142857143,0.0,4.8388032991988865,-0.0036761606558002313,-0.00022806175869847812,21217.07438727726,-3.8385731329365786e-05,0.004353405237139896,,,-3.630984296467206e-05,True,True,1,50,VH,CONTROL,,,,,
all6,1_VH_1_CONTROL,1_VH_1_CONTROL__cand_03,ok,8.68647262191479,2211.6013965785237,False,False,False,False,0.14270980944981682,0.8572901905501834,0.8572901905501834,0.0,7.079639998318399,-0.004354345817148442,-0.00033191932116666175,21329.40008865469,-3.608222234036958e-05,0.004991026540423604,,,-3.413638694674772e-05,True,True,2,75,VH,CONTROL,,,,,
all6,1_VH_1_CONTROL,1_VH_1_CONTROL__cand_03,ok,11.558774105816665,3597.2013752770326,False,False,True,False,0.28571428571428575,0.7142857142857143,0.7142857142857143,0.0,9.497107640340673,-0.005042310752742196,-0.00045092869055309996,21061.218412808717,-3.375150262484347e-05,0.005637960621328375,,,-3.1937673265169936e-05,True,True,3,100,VH,CONTROL,,,,,
all6,1_VH_1_CONTROL,1_VH_1_CONTROL__cand_03,ok,14.9885899663661,5672.900177698651,False,False,True,False,0.28571428571428575,0.7142857142857143,0.7142857142857143,0.0,12.444932118349442,-0.005823768960027564,-0.0006005655834964833,20722.0201429047,-3.111519695131614e-05,0.006372956082074666,,,-2.944748747495659e-05,True,True,4,125,VH,CONTROL,,,,,
all6,1_VH_1_CONTROL,1_VH_1_CONTROL__cand_03,ok,17.090012565564418,7193.129008410941,False,False,False,False,0.0,1.0000000000000002,1.0000000000000002,0.0,13.707625902632486,-0.00614027622366109,-0.0006650392439918753,20611.754909910174,-3.004935235622748e-05,0.006670683118727538,,,-2.844104580166404e-05,True,True,5,150,VH,CONTROL,,,,,
all6,1_VH_1_CONTROL,1_VH_1_CONTROL__cand_03,ok,18.922771202563258,8647.693627061184,False,False,False,False,0.0,1.0000000000000002,1.0000000000000002,0.0,14.518728809087932,-0.0063380636552636815,-0.0007063620793279938,20554.230236850344,-2.938437447518158e-05,0.006856748308223359,,,-2.7812780958581624e-05,True,True,6,175,VH,CONTROL,,,,,
all6,1_VH_1_CONTROL,1_VH_1_CONTROL__cand_04,ok,6.5073526911888955,1398.1447996993275,False,False,True,False,0.28571428571428575,0.7142857142857143,0.7142857142857143,0.0,6.148939255722254,-4.065575681977407e-05,0.0009003824013276015,6829.253044768232,-4.817954814571693e-06,4.270903937708681e-05,,,-8.271625971379437e-08,True,True,1,50,VH,CONTROL,,,,,
all6,1_VH_1_CONTROL,1_VH_1_CONTROL__cand_04,ok,9.645187325576295,2649.1834800218676,False,False,False,False,0.14085683854822054,0.8591431614517796,0.8591431614517796,0.0,8.860160658593315,-3.972937435037238e-05,0.001217794959171013,7275.576723215109,-7.4331064583416105e-06,4.242130258091947e-05,,,-1.1245239955147198e-07,True,True,2,75,VH,CONTROL,,,,,
all6,1_VH_1_CONTROL,1_VH_1_CONTROL__cand_04,ok,12.708433833492915,4254.09327916651,False,False,True,False,0.28571428571428575,0.7142857142857143,0.7142857142857143,0.0,11.71556133146754,-3.85941244900323e-05,0.0015101287549804515,7757.988378692384,-1.0341554739560286e-05,4.214711715633257e-05,,,-1.4499092365416483e-07,True,True,3,100,VH,CONTROL,,,,,
all6,1_VH_1_CONTROL,1_VH_1_CONTROL__cand_04,ok,16.337279496181765,6631.204818488451,False,False,True,False,0.28571428571428575,0.7142857142857143,0.7142857142857143,0.0,15.118269451701536,-3.7560839686534564e-05,0.0018105537448580592,8350.080462751883,-1.424554161538562e-05,4.178849899005854e-05,,,-1.779370769856365e-07,True,True,4,125,VH,CONTROL,,,,,
all6,1_VH_1_CONTROL,1_VH_1_CONTROL__cand_04,ok,18.459907578481115,8285.225646092851,False,False,False,False,0.0,1.0000000000000002,1.0000000000000002,0.0,16.553270185494753,-3.737426972350022e-05,0.0019236021511985688,8605.350215053903,-1.6072703966024164e-05,4.165508204323487e-05,,,-1.9046675049716996e-07,True,True,5,150,VH,CONTROL,,,,,
all6,1_VH_1_CONTROL,1_VH_1_CONTROL__cand_04,ok,20.29472187497006,9848.339455072086,False,False,False,False,0.0,1.0000000000000002,1.0000000000000002,0.0,17.468703449244018,-3.657269388668283e-05,0.0019919899182806113,8769.473825611603,-1.719400433606465e-05,4.157343281008252e-05,,,-2.0065908661956976e-07,True,True,6,175,VH,CONTROL,,,,,
all6,1_VH_1_CONTROL,1_VH_1_CONTROL__cand_05,ok,2.094675689788596,357.97696096964796,False,False,True,False,0.30904855259512715,0.690951447404873,0.690951447404873,0.5,3.3045924463071543,1.7260307566745183,0.14438121801894732,22.887966258003786,-0.05726715030676936,0.0,,,-0.02181961318731456,True,False,1,50,VH,CONTROL,,,,,
all6,1_VH_1_CONTROL,1_VH_1_CONTROL__cand_05,ok,3.4487338575205633,643.6959509145082,False,False,False,False,0.1408409541857563,0.8591590458142438,0.8591590458142438,0.5,4.50444389065639,2.1263134535027177,0.1969124092701979,22.875368329253,-0.08611039056805891,0.0,,,-0.033074738557798744,True,False,2,75,VH,CONTROL,,,,,
all6,1_VH_1_CONTROL,1_VH_1_CONTROL__cand_05,ok,4.696445701450052,984.099416065458,False,False,True,False,0.28571428571428575,0.7142857142857143,0.7142857142857143,0.5,5.79883944550383,2.5666854744623464,0.25129037642451346,23.076249588275722,-0.11732291616827896,0.0,,,-0.04545853559610823,True,False,3,100,VH,CONTROL,,,,,
all6,1_VH_1_CONTROL,1_VH_1_CONTROL__cand_05,ok,6.045401098527881,1429.5091724600159,False,False,True,False,0.28571428571428575,0.7142857142857143,0.7142857142857143,0.5,7.378976464630213,3.116420642890006,0.31425861864955257,23.480585819219566,-0.1555491868363668,0.0,,,-0.060918517259881434,True,False,4,125,VH,CONTROL,,,,,
all6,1_VH_1_CONTROL,1_VH_1_CONTROL__cand_05,ok,7.4734273876406885,1938.4128487999847,False,False,False,False,0.0,1.0000000000000002,1.0000000000000002,0.5,8.05668192400556,3.356252105513903,0.34008629385334366,23.690110626686604,-0.17197706081017636,0.0,,,-0.06766310984946704,True,False,5,150,VH,CONTROL,,,,,
all6,1_VH_1_CONTROL,1_VH_1_CONTROL__cand_05,ok,8.80848225494347,2481.799351008528,False,False,False,False,0.0,1.0000000000000002,1.0000000000000002,0.5,8.492269486909294,3.5116853201418934,0.3563061747982261,23.83419117481871,-0.18254497226055189,0.0,,,-0.07203418134414025,True,False,6,175,VH,CONTROL,,,,,
all6,1_VH_1_CONTROL,1_VH_1_CONTROL__cand_06,ok,2.710250580690248,555.7625596871662,False,False,True,False,0.3532873543785489,0.6467126456214511,0.6467126456214511,0.5,2.883753209204613,2.504297453169187,0.1307885270056275,22.04897688832089,-0.01760496244185766,0.0,,,-0.011779902118971328,True,False,1,50,VH,CONTROL,,,,,
all6,1_VH_1_CONTROL,1_VH_1_CONTROL__cand_06,ok,3.9422645263968557,854.4781153499309,False,False,False,False,0.1408409541857563,0.8591590458142438,0.8591590458142438,0.5,3.858330229397467,3.146247300303969,0.17867925485175237,21.593610475926084,-0.03341871370919304,0.0,,,-0.022751270099545688,True,False,2,75,VH,CONTROL,,,,,
all6,1_VH_1_CONTROL,1_VH_1_CONTROL__cand_06,ok,5.1784772750006045,1213.3737813285304,False,False,True,False,0.28571428571428575,0.7142857142857143,0.7142857142857143,0.5,4.955803234633578,3.881880585032178,0.23191214637041163,21.369312958356808,-0.05085885513978274,0.0,,,-0.035144798103590835,True,False,3,100,VH,CONTROL,,,,,
all6,1_VH_1_CONTROL,1_VH_1_CONTROL__cand_06,ok,6.510078249710979,1673.2643329447078,False,False,True,False,0.28571428571428575,0.7142857142857143,0.7142857142857143,0.5,6.361671339075997,4.843026283638139,0.2990082021683535,21.275909132064957,-0.07262071497048427,0.0,,,-0.05103753174623556,True,False,4,125,VH,CONTROL,,,,,
all6,1_VH_1_CONTROL,1_VH_1_CONTROL__cand_06,ok,7.8876296486228,2190.635304023786,False,False,False,False,0.0,1.0000000000000002,1.0000000000000002,0.5,6.987121833406562,5.277158426012903,0.32845689131675254,21.272568845780196,-0.08208990036391223,0.0,,,-0.05810148623852937,True,False,5,150,VH,CONTROL,,,,,
all6,1_VH_1_CONTROL,1_VH_1_CONTROL__cand_06,ok,9.107329483928272,2707.7889270713763,False,False,False,False,0.0,1.0000000000000002,1.0000000000000002,0.5,7.396312940498845,5.563300933989339,0.34758804455888126,21.27896242773653,-0.0882133489329999,0.0,,,-0.06271785447624073,True,False,6,175,VH,CONTROL,,,,,
all6,1_VH_1_CONTROL,1_VH_1_CONTROL__cand_07,ok,2.6612718321945876,419.43422157025526,False,False,True,False,0.3210023043418128,0.6789976956581872,0.6789976956581872,0.5,1.936325938902911,1.936325938902911,0.06682140061032385,28.97763173500063,0.01627492672864625,0.0,,,0.011883653773444379,True,False,1,50,VH,CONTROL,,,,,
all6,1_VH_1_CONTROL,1_VH_1_CONTROL__cand_07,ok,4.198938510147542,763.2305359209589,False,False,False,False,0.1408409541857563,0.8591590458142438,0.8591590458142438,0.5,2.137298433377069,2.137298433377069,0.08111257303429213,26.34977973727302,0.012321509337292752,0.0,,,0.008995654837889094,True,False,2,75,VH,CONTROL,,,,,
all6,1_VH_1_CONTROL,1_VH_1_CONTROL__cand_07,ok,5.676580763075002,1185.4762504205714,False,False,True,False,0.28571428571428575,0.7142857142857143,0.7142857142857143,0.5,2.3716162851335696,2.3716162851335696,0.09775891527890856,24.25984656608853,0.007717564660002626,0.0,,,0.005630122098303717,True,False,3,100,VH,CONTROL,,,,,
all6,1_VH_1_CONTROL,1_VH_1_CONTROL__cand_07,ok,7.266769567040404,1737.8975021916888,False,False,True,False,0.28571428571428575,0.7142857142857143,0.7142857142857143,0.5,2.684714187095011,2.684714187095011,0.11997446637862749,22.37737968862741,0.001575076094611388,0.0,,,0.0011358838080315094,True,False,4,125,VH,CONTROL,,,,,
all6,1_VH_1_CONTROL,1_VH_1_CONTROL__cand_07,ok,8.807352714970929,2352.854343353938,False,False,False,False,0.0,1.0000000000000002,1.0000000000000002,0.5,2.85436269129778,2.828858683068802,0.1301912826992429,21.92437644148335,-0.001249030506023601,0.0,,,-0.000932068642792913,True,False,5,150,VH,CONTROL,,,,,
all6,1_VH_1_CONTROL,1_VH_1_CONTROL__cand_07,ok,10.178928824289438,2974.4902257816047,False,False,False,False,0.0,1.0000000000000002,1.0000000000000002,0.5,2.9888984841781223,2.9248272129755435,0.13698965196084026,21.818425270782686,-0.0031280261309603883,0.0,,,-0.002308438434596137,True,False,6,175,VH,CONTROL,,,,,
all6,1_VH_1_CONTROL,1_VH_1_CONTROL__cand_08,ok,2.6985079304816053,422.0164564020506,False,False,True,False,0.28571428571428575,0.7142857142857143,0.7142857142857143,0.5,0.8545393614557071,0.8545393614557071,0.03605187922786281,23.703046269922975,0.0059547273278757855,0.0,,,0.0053758763189851845,True,False,1,50,VH,CONTROL,,,,,
all6,1_VH_1_CONTROL,1_VH_1_CONTROL__cand_08,ok,4.317262940629173,778.292420146498,False,False,False,False,0.1408409541857563,0.8591590458142438,0.8591590458142438,0.5,1.0872514668480306,1.0872514668480306,0.04911214751509101,22.13813734196705,0.004485704216420376,0.0,,,0.004050429984162906,True,False,2,75,VH,CONTROL,,,,,
all6,1_VH_1_CONTROL,1_VH_1_CONTROL__cand_08,ok,5.819375069229496,1215.3901906207598,False,False,True,False,0.28571428571428575,0.7142857142857143,0.7142857142857143,0.5,1.355874522498837,1.355874522498837,0.06415852806830133,21.133192473733374,0.002793630181003893,0.0,,,0.0025230873833238625,True,False,3,100,VH,CONTROL,,,,,
all6,1_VH_1_CONTROL,1_VH_1_CONTROL__cand_08,ok,7.43610261094178,1788.4619091936706,False,False,True,False,0.28571428571428575,0.7142857142857143,0.7142857142857143,0.5,1.7103832077052203,1.7103832077052203,0.0839662208186667,20.369896263390977,0.0005662674910949317,0.0,,,0.0005115663744533525,True,False,4,125,VH,CONTROL,,,,,
all6,1_VH_1_CONTROL,1_VH_1_CONTROL__cand_08,ok,8.99530289202579,2420.4136759555877,False,False,False,False,0.0,1.0000000000000002,1.0000000000000002,0.5,1.8804424342028625,1.871927705468437,0.09297314354783458,20.22565186510422,-0.0004466464849740928,0.0,,,-0.0004035468324414191,True,False,5,150,VH,CONTROL,,,,,
all6,1_VH_1_CONTROL,1_VH_1_CONTROL__cand_08,ok,10.39370127013584,3068.698291893006,False,False,False,False,0.0,1.0000000000000002,1.0000000000000002,0.5,2.0001988306723035,1.9789099346476036,0.09893118876526201,20.21808143252231,-0.0011167618793404834,0.0,,,-0.0010090778454476502,True,False,6,175,VH,CONTROL,,,,,
all6,1_VH_1_CONTROL,1_VH_1_CONTROL__cand_09,ok,2.7523214031976537,413.23122369221005,False,False,True,False,0.28571428571428575,0.7142857142857143,0.7142857142857143,0.5,0.4088072384639503,0.1283857279296825,0.02603870439363019,15.699983850346879,9.569449162798911e-05,0.0,,,0.0038354028262173145,True,False,1,50,VH,CONTROL,,,,,
all6,1_VH_1_CONTROL,1_VH_1_CONTROL__cand_09,ok,4.400742858325911,778.8936848855963,False,False,False,False,0.1408409541857563,0.8591590458142438,0.8591590458142438,0.5,0.6220445431287942,0.13993154501305582,0.038501813374898164,16.156240150868985,-0.0024248748021665667,0.0,,,0.0033389039600723097,True,False,2,75,VH,CONTROL,,,,,
all6,1_VH_1_CONTROL,1_VH_1_CONTROL__cand_09,ok,5.905830736857752,1218.7224841255384,False,False,True,False,0.28571428571428575,0.7142857142857143,0.7142857142857143,0.5,1.0036496307346283,0.2862653663388386,0.05293950545931486,18.95842475343776,-0.005334241351078555,0.0,,,0.002767353711425015,True,False,3,100,VH,CONTROL,,,,,
all6,1_VH_1_CONTROL,1_VH_1_CONTROL__cand_09,ok,7.535417473239557,1799.7893017089186,False,False,True,False,0.28571428571428575,0.7142857142857143,0.7142857142857143,0.5,1.5118723468792297,0.4798637050375163,0.07207461537163082,20.97648858871768,-0.009175139281709129,0.0,,,0.0020164029996279746,True,False,4,125,VH,CONTROL,,,,,
all6,1_VH_1_CONTROL,1_VH_1_CONTROL__cand_09,ok,9.105626701121789,2441.362105191406,False,False,False,False,0.0,1.0000000000000002,1.0000000000000002,0.5,1.7452031390172777,0.568230520208644,0.0808234952940053,21.59276993241741,-0.010926443382613895,0.0,,,0.0016756697316266092,True,False,5,150,VH,CONTROL,,,,,
all6,1_VH_1_CONTROL,1_VH_1_CONTROL__cand_09,ok,10.541347306122221,3116.0501934495846,False,False,False,False,0.0,1.0000000000000002,1.0000000000000002,0.5,1.9003271194801385,0.6267912606614203,0.08662736469464108,21.936799372562422,-0.012086716707550915,0.0,,,0.0014505533878226033,True,False,6,175,VH,CONTROL,,,,,
all6,1_VH_1_CONTROL,1_VH_1_CONTROL__cand_10,ok,2.7979452606082496,421.95217372690007,False,False,True,False,0.28571428571428575,0.7142857142857143,0.7142857142857143,0.5,0.38252243289424825,0.38252243289424825,0.015832907935343393,24.159960662712706,0.002453423893726258,0.0,,,0.0023309850364939605,True,False,1,50,VH,CONTROL,,,,,
all6,1_VH_1_CONTROL,1_VH_1_CONTROL__cand_10,ok,4.471577817933758,801.0645662875165,False,False,False,False,0.1408409541857563,0.8591590458142438,0.8591590458142438,0.5,0.5026520188374377,0.5026520188374377,0.022201208268144486,22.640750573862704,0.0020781054758328152,0.0,,,0.0019744378122982485,True,False,2,75,VH,CONTROL,,,,,
all6,1_VH_1_CONTROL,1_VH_1_CONTROL__cand_10,ok,6.014111824441135,1254.746137038014,False,False,True,False,0.28571428571428575,0.7142857142857143,0.7142857142857143,0.5,0.642223150157136,0.642223150157136,0.029595255954648826,21.70020597697367,0.0016422424903119012,0.0,,,0.001560354151894665,True,False,3,100,VH,CONTROL,,,,,
all6,1_VH_1_CONTROL,1_VH_1_CONTROL__cand_10,ok,7.689310737785722,1853.9323166682398,False,False,True,False,0.28571428571428575,0.7142857142857143,0.7142857142857143,0.5,0.8279067124037311,0.8279067124037311,0.039423880706286975,21.000132345461967,0.001062680339968762,0.0,,,0.0010097197919125848,True,False,4,125,VH,CONTROL,,,,,
all6,1_VH_1_CONTROL,1_VH_1_CONTROL__cand_10,ok,9.279482660009274,2514.756996729855,False,False,False,False,0.0,1.0000000000000002,1.0000000000000002,0.5,0.9130836323427189,0.9130836323427189,0.043929230773888134,20.78533168592296,0.0007969319767819194,0.0,,,0.0007572242046074867,True,False,5,150,VH,CONTROL,,,,,
all6,1_VH_1_CONTROL,1_VH_1_CONTROL__cand_10,ok,10.715812355541813,3191.7445795544927,False,False,False,False,0.0,1.0000000000000002,1.0000000000000002,0.5,0.9696864085927928,0.9696864085927928,0.04692203240520868,20.665908079573097,0.0006203687094989511,0.0,,,0.0005894640019840235,True,False,6,175,VH,CONTROL,,,,,
all6,1_VH_1_CONTROL,1_VH_1_CONTROL__cand_11,ok,2.815183931602377,437.8104422721715,False,False,True,False,0.28571428571428575,0.7142857142857143,0.7142857142857143,0.5,0.3464698394919594,0.3464698394919594,0.013669821228475265,25.34560135799265,0.003472671951618267,0.0,,,0.003349591437179787,True,False,1,50,VH,CONTROL,,,,,
all6,1_VH_1_CONTROL,1_VH_1_CONTROL__cand_11,ok,4.498485928127071,814.5089672168294,False,False,False,False,0.1408409541857563,0.8591590458142438,0.8591590458142438,0.5,0.4411069086431212,0.4411069086431212,0.018600204875174064,23.715163978213614,0.0032649855479994013,0.0,,,0.003149344304695394,True,False,2,75,VH,CONTROL,,,,,
all6,1_VH_1_CONTROL,1_VH_1_CONTROL__cand_11,ok,6.05176414331023,1274.9244665551282,False,False,True,False,0.28571428571428575,0.7142857142857143,0.7142857142857143,0.5,0.5512069116361289,0.5512069116361289,0.024333189670897593,22.652472573103328,0.003023549940961117,0.0,,,0.0029165429459411456,True,False,3,100,VH,CONTROL,,,,,
all6,1_VH_1_CONTROL,1_VH_1_CONTROL__cand_11,ok,7.740444091091232,1884.4446706762255,False,False,True,False,0.28571428571428575,0.7142857142857143,0.7142857142857143,0.5,0.6979270863879634,0.6979270863879634,0.03196792939587362,21.83210172123475,0.0027021099446440412,0.0,,,0.002606576088145748,True,False,4,125,VH,CONTROL,,,,,
all6,1_VH_1_CONTROL,1_VH_1_CONTROL__cand_11,ok,9.33731766902209,2550.76792734176,False,False,False,False,0.0,1.0000000000000002,1.0000000000000002,0.5,0.7653239544036978,0.7653239544036978,0.03547301340835795,21.57482212163505,0.002554570594977991,0.0,,,0.0024642957069293914,True,False,5,150,VH,CONTROL,,,,,
all6,1_VH_1_CONTROL,1_VH_1_CONTROL__cand_11,ok,10.781685395039776,3238.076576814048,False,False,False,False,0.0,1.0000000000000002,1.0000000000000002,0.5,0.8101435939195909,0.8101435939195909,0.03780323779234027,21.430534558173292,0.002456492287124862,0.0,,,0.0023697103252752435,True,False,6,175,VH,CONTROL,,,,,
all6,1_VH_1_CONTROL,1_VH_1_CONTROL__cand_12,ok,2.8457515179250668,441.81223935199733,False,False,True,False,0.28571428571428575,0.7142857142857143,0.7142857142857143,0.5,0.18516292704663329,0.06213142144055439,0.009141259182808439,20.255735379963955,-0.00424026835732805,0.0,,,-0.0016583735130057703,True,False,1,50,VH,CONTROL,,,,,
all6,1_VH_1_CONTROL,1_VH_1_CONTROL__cand_12,ok,4.534600996592593,821.238143129767,False,False,False,False,0.1408409541857563,0.8591590458142438,0.8591590458142438,0.5,0.28969329513388686,0.09575699173038288,0.014413202296867484,20.099162501649463,-0.0066348981743198105,0.0,,,-0.002564901935389864,True,False,2,75,VH,CONTROL,,,,,
all6,1_VH_1_CONTROL,1_VH_1_CONTROL__cand_12,ok,6.081142682247463,1281.5541209083017,False,False,True,False,0.28571428571428575,0.7142857142857143,0.7142857142857143,0.5,0.416764427198558,0.13600236168169033,0.020873714092763538,19.965992891655116,-0.009560125919083529,0.0,,,-0.003652734471156376,True,False,3,100,VH,CONTROL,,,,,
all6,1_VH_1_CONTROL,1_VH_1_CONTROL__cand_12,ok,7.763596853486515,1890.121552922852,False,False,True,False,0.28571428571428575,0.7142857142857143,0.7142857142857143,0.5,0.5929567167854941,0.19136728351436716,0.02986617851169241,19.85378599921498,-0.013650779261851995,0.0,,,-0.005154312917166698,True,False,4,125,VH,CONTROL,,,,,
all6,1_VH_1_CONTROL,1_VH_1_CONTROL__cand_12,ok,9.357049805747709,2553.4977781348716,False,False,False,False,0.0,1.0000000000000002,1.0000000000000002,0.5,0.67588810055571,0.21741586545773828,0.03409831573895728,19.821744444213376,-0.015591190807708656,0.0,,,-0.005863274066296236,True,False,5,150,VH,CONTROL,,,,,
all6,1_VH_1_CONTROL,1_VH_1_CONTROL__cand_12,ok,10.811723561578045,3245.908908346572,False,False,False,False,0.0,1.0000000000000002,1.0000000000000002,0.5,0.7315929454986758,0.23494096405150344,0.03693799719925795,19.80597219584425,-0.016899952360523225,0.0,,,-0.006340906883496368,True,False,6,175,VH,CONTROL,,,,,
all6,1_VH_1_CONTROL,1_VH_1_CONTROL__cand_13,ok,2.8730676915119817,447.2731690296151,False,False,True,False,0.28571428571428575,0.7142857142857143,0.7142857142857143,0.5,0.13954159436686098,0.13954159436686098,0.005354860924555073,26.05886433520312,0.0015623907657563308,0.0,,,0.0015410507709490073,True,False,1,50,VH,CONTROL,,,,,
all6,1_VH_1_CONTROL,1_VH_1_CONTROL__cand_13,ok,4.583308573928058,833.0887916073086,False,False,False,False,0.1408409541857563,0.8591590458142438,0.8591590458142438,0.5,0.1875964560865384,0.17725140227405234,0.007265503440649944,25.820159279940654,0.0015310129062479712,0.0,,,0.0015100998209891853,True,False,2,75,VH,CONTROL,,,,,
all6,1_VH_1_CONTROL,1_VH_1_CONTROL__cand_13,ok,6.15921547228388,1304.4413894277363,False,False,True,False,0.28571428571428575,0.7142857142857143,0.7142857142857143,0.5,0.25010134291036934,0.22125111589038227,0.009492380555372618,26.34758914809982,0.0014944004773426822,0.0,,,0.0014739984213479418,True,False,3,100,VH,CONTROL,,,,,
all6,1_VH_1_CONTROL,1_VH_1_CONTROL__cand_13,ok,7.881683558846931,1931.9847976983378,False,False,True,False,0.28571428571428575,0.7142857142857143,0.7142857142857143,0.5,0.33372000429410775,0.2801000933793176,0.012466617991406862,26.769088819769582,0.0014454562407048015,0.0,,,0.0014257312240053804,True,False,4,125,VH,CONTROL,,,,,
all6,1_VH_1_CONTROL,1_VH_1_CONTROL__cand_13,ok,9.494815965087925,2613.394780372054,False,False,False,False,0.0,1.0000000000000002,1.0000000000000002,0.5,0.3722548396493295,0.3072149876022223,0.013835401920163389,26.905964987313745,0.0014229170991351112,0.0,,,0.0014034989577108136,True,False,5,150,VH,CONTROL,,,,,
all6,1_VH_1_CONTROL,1_VH_1_CONTROL__cand_13,ok,10.960219923019322,3319.069962381521,False,False,False,False,0.0,1.0000000000000002,1.0000000000000002,0.5,0.39792418987569533,0.32527530303964625,0.01474654808575005,26.98422624479957,0.0014079009507263966,0.0,,,0.0013886933133653275,True,False,6,175,VH,CONTROL,,,,,
all6,1_VH_1_CONTROL,1_VH_1_CONTROL__cand_14,ok,7.841009110179961,1864.018654364145,False,False,True,False,0.28571428571428575,0.7142857142857143,0.7142857142857143,0.0,7.351799189974287,-0.0015494818144787814,-0.00011823322138417035,62180.48619420076,3.393968353890554e-05,0.0014244674744645636,,,3.391939737753022e-05,True,True,1,50,VH,CONTROL,,,,,
all6,1_VH_1_CONTROL,1_VH_1_CONTROL__cand_14,ok,11.410905308467916,3496.1609307247672,False,False,False,False,0.1418599359635192,0.8581400640364809,0.8581400640364809,0.0,10.470783790126617,-0.0028465138468334317,-0.00018283684085037262,57268.45717431503,3.398672926115387e-05,0.0027213263620922135,,,3.396634386258195e-05,True,True,2,75,VH,CONTROL,,,,,
all6,1_VH_1_CONTROL,1_VH_1_CONTROL__cand_14,ok,14.881351697863005,5575.794475411625,False,False,True,False,0.28571428571428575,0.7142857142857143,0.7142857142857143,0.0,13.692473452775587,-0.0041888437557418,-0.0002495981647554962,54858.06943407854,3.4035296980173745e-05,0.004063477213549049,,,3.40149785020613e-05,True,True,3,100,VH,CONTROL,,,,,
all6,1_VH_1_CONTROL,1_VH_1_CONTROL__cand_14,ok,18.94341122363603,8611.138538825153,False,False,True,False,0.28571428571428575,0.7142857142857143,0.7142857142857143,0.0,17.46009162545785,-0.00576169987458286,-0.00032769826752655854,53281.00071216514,3.409223559464656e-05,0.005636123555788686,,,3.4071938172307486e-05,True,True,4,125,VH,CONTROL,,,,,
all6,1_VH_1_CONTROL,1_VH_1_CONTROL__cand_14,ok,21.20279904098124,10609.485810036425,False,False,False,False,0.0,1.0000000000000002,1.0000000000000002,0.0,19.028613391014204,-0.006417412620976393,-0.00036021805455613217,52825.262782737635,3.4116002537183994e-05,0.006291748768774141,,,3.409564912632251e-05,True,True,5,150,VH,CONTROL,,,,,
all6,1_VH_1_CONTROL,1_VH_1_CONTROL__cand_14,ok,23.11169421596658,12443.163039912964,False,False,False,False,0.0,1.0000000000000002,1.0000000000000002,0.0,20.02349700679747,-0.006833580743005996,-0.0003808457205402577,52576.40017168281,3.4131128192299165e-05,0.006707861313842045,,,3.411068099651645e-05,True,True,6,175,VH,CONTROL,,,,,
all6,1_VH_1_CONTROL,1_VH_1_CONTROL__cand_15,ok,7.863492433182216,1871.6389355047158,False,False,True,False,0.28571428571428575,0.7142857142857143,0.7142857142857143,0.0,7.3829602698256735,-0.0034576036006228605,4.718753845800071e-05,156459.9576728691,-3.837834617905952e-05,0.0034668468198333358,,,1.0516143724131555e-05,True,True,1,50,VH,CONTROL,,,,,
all6,1_VH_1_CONTROL,1_VH_1_CONTROL__cand_15,ok,11.442342487420651,3511.5779329488587,False,False,False,False,0.1420639834202946,0.8579360165797055,0.8579360165797055,0.0,10.514882097915304,-0.0032358198785971126,5.095170967648496e-05,206369.5637433751,-5.857622003863809e-05,0.0032662622337227276,,,9.781160701354215e-06,True,True,2,75,VH,CONTROL,,,,,
all6,1_VH_1_CONTROL,1_VH_1_CONTROL__cand_15,ok,14.921094950645447,5600.997410706796,False,False,True,False,0.28571428571428575,0.7142857142857143,0.7142857142857143,0.0,13.748700024176074,-0.0030118140384729486,5.6888180920165454e-05,241679.3752549486,-7.848746051786504e-05,0.003062660427389119,,,9.093656260568965e-06,True,True,3,100,VH,CONTROL,,,,,
all6,1_VH_1_CONTROL,1_VH_1_CONTROL__cand_15,ok,18.991931842475132,8649.964160473233,False,False,True,False,0.28571428571428575,0.7142857142857143,0.7142857142857143,0.0,17.52906531700536,-0.0027561419492343475,6.595215734627492e-05,265784.5629669221,-0.00010055916066569674,0.0028378523889642793,,,8.378887889692747e-06,True,True,4,125,VH,CONTROL,,,,,
all6,1_VH_1_CONTROL,1_VH_1_CONTROL__cand_15,ok,21.253818228423984,10654.994099109364,False,False,False,False,0.0,1.0000000000000002,1.0000000000000002,0.0,19.102476116152275,-0.0026516739634843134,7.010890452504211e-05,272468.6150149313,-0.0001093686457047282,0.002745740926087592,,,8.097045472839602e-06,True,True,5,150,VH,CONTROL,,,,,
all6,1_VH_1_CONTROL,1_VH_1_CONTROL__cand_15,ok,23.164019056006463,12493.895836343825,False,False,False,False,0.0,1.0000000000000002,1.0000000000000002,0.0,20.10034162078641,-0.0025859763303799355,7.279892743441163e-05,276107.66159839183,-0.00011484143585485661,0.0026876667174349222,,,7.933653164747395e-06,True,True,6,175,VH,CONTROL,,,,,
all6,1_VH_1_CONTROL,1_VH_1_CONTROL__cand_16,ok,7.866895350921655,1873.2770319664673,False,False,True,False,0.28571428571428575,0.7142857142857143,0.7142857142857143,0.0,7.385909219302192,-2.2142533453006763e-05,-7.798400682726405e-07,9471056.335515192,-2.7053358087989877e-07,2.7125939212169214e-05,,,-2.705316059489044e-07,True,True,1,50,VH,CONTROL,,,,,
all6,1_VH_1_CONTROL,1_VH_1_CONTROL__cand_16,ok,11.445615960262938,3513.6810994336906,False,False,False,False,0.1408527284194614,0.8591472715805387,0.8591472715805387,0.0,10.517268540709523,-2.646125453509285e-05,-9.958787072222488e-07,10560792.659223309,-2.7053242369376877e-07,3.1444657082602134e-05,,,-2.7053143121379877e-07,True,True,2,75,VH,CONTROL,,,,,
all6,1_VH_1_CONTROL,1_VH_1_CONTROL__cand_16,ok,14.924277344730026,5603.538749495467,False,False,True,False,0.28571428571428575,0.7142857142857143,0.7142857142857143,0.0,13.750523953729527,-3.092157606943147e-05,-1.2190032711780347e-06,11280137.042159973,-2.705317698836067e-07,3.59049667082445e-05,,,-2.7053078434675243e-07,True,True,3,100,VH,CONTROL,,,,,
all6,1_VH_1_CONTROL,1_VH_1_CONTROL__cand_16,ok,18.995049501785033,8653.01836748282,False,False,True,False,0.28571428571428575,0.7142857142857143,0.7142857142857143,0.0,17.5302619744447,-3.613706074645506e-05,-1.4799005728835085e-06,11845567.39530677,-2.7053113535987954e-07,4.1120438055486375e-05,,,-2.7053006149115045e-07,True,True,4,125,VH,CONTROL,,,,,
all6,1_VH_1_CONTROL,1_VH_1_CONTROL__cand_16,ok,21.256926106578945,10658.356787714802,False,False,False,False,0.0,1.0000000000000002,1.0000000000000002,0.0,19.103422544446815,-3.8308177622070616e-05,-1.5885048739939437e-06,12026039.61573973,-2.705307901326819e-07,4.32915497299291e-05,,,-2.705297791377345e-07,True,True,5,150,VH,CONTROL,,,,,
all6,1_VH_1_CONTROL,1_VH_1_CONTROL__cand_16,ok,23.16709673086505,12497.480764458607,False,False,False,False,0.0,1.0000000000000002,1.0000000000000002,0.0,20.10113285033094,-3.968523171238303e-05,-1.6573870703337518e-06,12128206.62724437,-2.7053076891760525e-07,4.4668598093267065e-05,,,-2.705294674689371e-07,True,True,6,175,VH,CONTROL,,,,,
all6,1_VH_1_CONTROL,1_VH_1_CONTROL__cand_17,ok,2.9897549545394204,461.78229306662234,False,False,True,False,0.28571428571428575,0.7142857142857143,0.7142857142857143,0.5,0.5192333292628462,0.0933239089415423,0.0035052886231791585,148.1285523335656,0.0009262447690963241,0.0,,,0.0009165180841659609,True,False,1,50,VH,CONTROL,,,,,
all6,1_VH_1_CONTROL,1_VH_1_CONTROL__cand_17,ok,4.777210449446793,877.1195947102437,False,False,False,False,0.1408409541857563,0.8591590458142438,0.8591590458142438,0.5,0.8030360362822933,0.12396143800305026,0.004837718508127987,165.99478347760206,0.0009067113747061522,0.0,,,0.0008972352235255748,True,False,2,75,VH,CONTROL,,,,,
all6,1_VH_1_CONTROL,1_VH_1_CONTROL__cand_17,ok,6.4284299964467335,1387.6437317784612,False,False,True,False,0.28571428571428575,0.7142857142857143,0.7142857142857143,0.5,1.1443690713466452,0.16087224223950614,0.00636263605891165,179.8576974623303,0.0008833036408014523,0.0,,,0.0008741250860186777,True,False,3,100,VH,CONTROL,,,,,
all6,1_VH_1_CONTROL,1_VH_1_CONTROL__cand_17,ok,8.27110742156489,2086.268315587209,False,False,True,False,0.28571428571428575,0.7142857142857143,0.7142857142857143,0.5,1.6086278818407607,0.21116998125921782,0.00831802917741214,193.39050723806528,0.0008516254466592455,0.0,,,0.000842845557591251,True,False,4,125,VH,CONTROL,,,,,
all6,1_VH_1_CONTROL,1_VH_1_CONTROL__cand_17,ok,9.93321100638237,2820.1997786818565,False,False,False,False,0.0,1.0000000000000002,1.0000000000000002,0.5,1.823327357056698,0.23446298279051803,0.009180567933947021,198.60725068158075,0.0008370409017973132,0.0,,,0.0008284426978777905,True,False,5,150,VH,CONTROL,,,,,
all6,1_VH_1_CONTROL,1_VH_1_CONTROL__cand_17,ok,11.457852366920154,3583.165487912349,False,False,False,False,0.0,1.0000000000000002,1.0000000000000002,0.5,1.966191078745581,0.24997287445421534,0.009740862620375816,201.84979045210295,0.0008273592523921862,0.0,,,0.0008188813853745536,True,False,6,175,VH,CONTROL,,,,,
all6,1_VH_1_CONTROL,1_VH_1_CONTROL__cand_18,ok,3.7738969002103144,856.2773809841838,False,False,True,False,0.28571428571428575,0.7142857142857143,0.7142857142857143,0.5,0.08488971720841221,0.026923493385822894,0.00045838173898498714,185.19436964567322,-0.0012217062250078937,0.0,,,-0.001166354081511559,True,False,1,50,VH,CONTROL,,,,,
all6,1_VH_1_CONTROL,1_VH_1_CONTROL__cand_18,ok,5.206726297000646,1247.4637491532753,False,False,False,False,0.1408409541857563,0.8591590458142438,0.8591590458142438,0.5,0.11368505686372998,0.039050088177859266,0.0012332987924704424,92.17965472584746,-0.001251966158826911,0.0,,,-0.0011755916934346401,True,False,2,75,VH,CONTROL,,,,,
all6,1_VH_1_CONTROL,1_VH_1_CONTROL__cand_18,ok,6.641756230095743,1718.4286011359882,False,False,True,False,0.28571428571428575,0.7142857142857143,0.7142857142857143,0.5,0.1473307594698099,0.053216009079491755,0.002134194103564444,69.03343947195059,-0.001287252243654091,0.0,,,-0.0011863086729542707,True,False,3,100,VH,CONTROL,,,,,
all6,1_VH_1_CONTROL,1_VH_1_CONTROL__cand_18,ok,8.280902969048123,2348.8144094416866,False,False,True,False,0.28571428571428575,0.7142857142857143,0.7142857142857143,0.5,0.19240998814899513,0.07219071549383216,0.0033337491657027497,57.71579641578564,-0.0013344262354583823,0.0,,,-0.0012006586154663839,True,False,4,125,VH,CONTROL,,,,,
all6,1_VH_1_CONTROL,1_VH_1_CONTROL__cand_18,ok,9.83932946857923,3033.3231340658276,False,False,False,False,0.0,1.0000000000000002,1.0000000000000002,0.5,0.21321011285056102,0.08094407515966395,0.003884485661273215,54.88760454857164,-0.0013561858318513395,0.0,,,-0.0012073261260397107,True,False,5,150,VH,CONTROL,,,,,
all6,1_VH_1_CONTROL,1_VH_1_CONTROL__cand_18,ok,11.265541595164532,3736.675134026105,False,False,False,False,0.0,1.0000000000000002,1.0000000000000002,0.5,0.22707449155105053,0.08677824009555479,0.00425060633837018,53.42167057467812,-0.0013706310413007675,0.0,,,-0.0012117538586661285,True,False,6,175,VH,CONTROL,,,,,
all6,1_VH_1_CONTROL,1_VH_1_CONTROL__cand_19,ok,4.700581120350054,1189.233932546284,False,False,True,False,0.28571428571428575,0.7142857142857143,0.7142857142857143,0.5,0.33087377491155223,0.014135671569263764,0.014978304165257568,22.090202686564453,-0.0035689616675250294,0.0,,,-0.00035803501117960074,True,False,1,50,VH,CONTROL,,,,,
all6,1_VH_1_CONTROL,1_VH_1_CONTROL__cand_19,ok,5.857839926538627,1567.8484447728995,False,False,False,False,0.1408409541857563,0.8591590458142438,0.8591590458142438,0.5,0.5953653180991694,0.02213118577786588,0.02766807846995007,21.518130315619413,-0.005932193533586055,0.0,,,-0.0005521800400688252,True,False,2,75,VH,CONTROL,,,,,
all6,1_VH_1_CONTROL,1_VH_1_CONTROL__cand_19,ok,7.076901389162708,2009.6128606632242,False,False,True,False,0.28571428571428575,0.7142857142857143,0.7142857142857143,0.5,0.9606142525612995,0.032051471526841624,0.04510295441707547,21.298255623751817,-0.009109796767599675,0.0,,,-0.0007863096108653675,True,False,3,100,VH,CONTROL,,,,,
all6,1_VH_1_CONTROL,1_VH_1_CONTROL__cand_19,ok,8.502789291722898,2592.729302235153,False,False,True,False,0.28571428571428575,0.7142857142857143,0.7142857142857143,0.5,1.5173018751396796,0.04630087837794861,0.07107824230878892,21.34692454194331,-0.014030741972007875,0.0,,,-0.0011122270986473324,True,False,4,125,VH,CONTROL,,,,,
all6,1_VH_1_CONTROL,1_VH_1_CONTROL__cand_19,ok,9.927227629291494,3237.7778019249445,False,False,False,False,0.0,1.0000000000000002,1.0000000000000002,0.5,1.7925912355533313,0.05324056352685602,0.08361045883318863,21.43979665426467,-0.016543300166579306,0.0,,,-0.0012673086925817157,True,False,5,150,VH,CONTROL,,,,,
all6,1_VH_1_CONTROL,1_VH_1_CONTROL__cand_19,ok,11.262892016237984,3910.164849758369,False,False,False,False,0.0,1.0000000000000002,1.0000000000000002,0.5,1.9808924901637255,0.057991356562880014,0.09206060246032852,21.517266205349323,-0.018299305835676846,0.0,,,-0.0013722323521486834,True,False,6,175,VH,CONTROL,,,,,
all6,1_VH_1_CONTROL,1_VH_1_CONTROL__cand_20,ok,3.4769615731466077,563.3105516058097,False,False,True,False,0.28571428571428575,0.7142857142857143,0.7142857142857143,0.5,1.7784809355411824,0.1872046919136352,0.005764504374395664,308.5227835788803,0.001860050837406405,0.0,,,0.0018077198909458216,True,False,1,50,VH,CONTROL,,,,,
all6,1_VH_1_CONTROL,1_VH_1_CONTROL__cand_20,ok,5.53330898376482,1096.4294343948598,False,False,False,False,0.1408409541857563,0.8591590458142438,0.8591590458142438,0.5,2.694939681328151,0.2415881125388779,0.006997188922377958,385.14605096760624,0.0017659615540839904,0.0,,,0.0017166103165180938,True,False,2,75,VH,CONTROL,,,,,
all6,1_VH_1_CONTROL,1_VH_1_CONTROL__cand_20,ok,7.484075146004727,1773.1703346150343,False,False,True,False,0.28571428571428575,0.7142857142857143,0.7142857142857143,0.5,3.7522138197264923,0.30475683144315724,0.007956404865538362,471.59664234514827,0.0016574934394719093,0.0,,,0.0016115366866339628,True,False,3,100,VH,CONTROL,,,,,
all6,1_VH_1_CONTROL,1_VH_1_CONTROL__cand_20,ok,9.769138187694052,2755.1014032554276,False,False,True,False,0.28571428571428575,0.7142857142857143,0.7142857142857143,0.5,5.129262002486158,0.3876718736327547,0.008569397232058861,598.555751774132,0.001516458648219948,0.0,,,0.001474849753753094,True,False,4,125,VH,CONTROL,,,,,
all6,1_VH_1_CONTROL,1_VH_1_CONTROL__cand_20,ok,11.567769072838912,3667.7484193780438,False,False,False,False,0.0,1.0000000000000002,1.0000000000000002,0.5,5.746612774074066,0.425066416621263,0.008637086248915318,665.341598828627,0.0014533507473482455,0.0,,,0.0014136625944121807,True,False,5,150,VH,CONTROL,,,,,
all6,1_VH_1_CONTROL,1_VH_1_CONTROL__cand_20,ok,13.213368218003822,4604.625530175981,False,False,False,False,0.0,1.0000000000000002,1.0000000000000002,0.5,6.151460376719186,0.44966101902430466,0.0086174643177631,713.8364778649836,0.00141201339617813,0.0,,,0.0013735749192820168,True,False,6,175,VH,CONTROL,,,,,
all6,1_VH_1_CONTROL,1_VH_1_CONTROL__cand_21,ok,5.763693003561394,1295.6702357632657,False,False,True,False,0.28571428571428575,0.7142857142857143,0.7142857142857143,0.5,4.254815790714915,0.0014658587687108593,1.6832339936747656e-05,252776.25135326432,4.924606251628003e-05,0.0,,,4.9242241363475946e-05,True,False,1,50,VH,CONTROL,,,,,
all6,1_VH_1_CONTROL,1_VH_1_CONTROL__cand_21,ok,8.477315545557557,2283.1646798466727,False,False,False,False,0.1408409541857563,0.8591590458142438,0.8591590458142438,0.5,6.298041287821206,0.0011237411864470914,-4.39595954039177e-06,1432688.6382716622,4.9247637519890724e-05,0.0,,,4.924381133294119e-05,True,False,2,75,VH,CONTROL,,,,,
all6,1_VH_1_CONTROL,1_VH_1_CONTROL__cand_21,ok,11.18443623317217,3563.0396556401483,False,False,True,False,0.28571428571428575,0.7142857142857143,0.7142857142857143,0.5,8.534468534336384,0.000748955247019012,-3.036417905704811e-05,281070.28740351764,4.924936953630135e-05,0.0,,,4.924558920670946e-05,True,False,3,100,VH,CONTROL,,,,,
all6,1_VH_1_CONTROL,1_VH_1_CONTROL__cand_21,ok,14.449933652114398,5484.322833508086,False,False,True,False,0.28571428571428575,0.7142857142857143,0.7142857142857143,0.5,11.293945279697411,0.0002860036647405195,-6.54135609849572e-05,172654.49410856288,4.925164545333653e-05,0.0,,,4.924773088359626e-05,True,False,4,125,VH,CONTROL,,,,,
all6,1_VH_1_CONTROL,1_VH_1_CONTROL__cand_21,ok,16.498399657933003,6921.385339803988,False,False,False,False,0.0,1.0000000000000002,1.0000000000000002,0.5,12.484325322567514,8.612290051246418e-05,-8.136488895695482e-05,153436.27309775114,4.9252464500035734e-05,0.0,,,4.924866932258865e-05,True,False,5,150,VH,CONTROL,,,,,
all6,1_VH_1_CONTROL,1_VH_1_CONTROL__cand_21,ok,18.293768142732407,8303.4177213758,False,False,False,False,0.0,1.0000000000000002,1.0000000000000002,0.5,13.251168040818968,-4.2692958871271e-05,-9.187130049649614e-05,144236.2083611122,4.925308775855643e-05,0.0,,,4.924926871260251e-05,True,False,6,175,VH,CONTROL,,,,,
all6,1_VH_1_CONTROL,1_VH_1_CONTROL__cand_22,ok,7.869747042170749,1874.5307465140277,False,False,True,False,0.28571428571428575,0.7142857142857143,0.7142857142857143,0.5,7.388808938567465,6.860763353699895e-05,-3.370566639046878e-06,2192156.313710165,5.620918233152079e-06,0.0,,,5.6208502901256765e-06,True,False,1,50,VH,CONTROL,,,,,
all6,1_VH_1_CONTROL,1_VH_1_CONTROL__cand_22,ok,11.449163792872548,3515.6999797734215,False,False,False,False,0.1408409541857563,0.8591590458142438,0.8591590458142438,0.5,10.521079394469254,-7.695689163256247e-06,-7.183152590146469e-06,1464688.2775261665,5.62112400591826e-06,0.0,,,5.620984123330289e-06,True,False,2,75,VH,CONTROL,,,,,
all6,1_VH_1_CONTROL,1_VH_1_CONTROL__cand_22,failed:ODESolverWarningError,,inf,False,False,False,False,0.0,,1.0,1.0,,,,,,,,,,False,False,3,100,VH,CONTROL,False,False,False,False,False
all6,1_VH_1_CONTROL,1_VH_1_CONTROL__cand_22,ok,18.999867346430804,8657.13839464103,False,False,True,False,0.28571428571428575,0.7142857142857143,0.7142857142857143,0.0,17.53559261586848,-0.00017867604252330693,-1.5721825716495034e-05,1115366.1751555023,5.621307749717829e-06,0.00015796625720554403,,,5.62124701596101e-06,True,True,4,125,VH,CONTROL,,,,,
all6,1_VH_1_CONTROL,1_VH_1_CONTROL__cand_22,failed:ODESolverWarningError,,inf,False,False,False,False,0.0,,1.0,1.0,,,,,,,,,,False,False,5,150,VH,CONTROL,False,False,False,False,False
all6,1_VH_1_CONTROL,1_VH_1_CONTROL__cand_22,ok,23.172118079820244,12502.611702120685,False,False,False,False,0.0,1.0000000000000002,1.0000000000000002,0.0,20.10686365980682,-0.0002413805622865084,-1.8853039274398306e-05,1066505.159574518,5.6211135237405595e-06,0.0002206701934994726,,,5.621393088723319e-06,True,True,6,175,VH,CONTROL,,,,,
all6,1_VH_1_CONTROL,1_VH_1_CONTROL__cand_23,ok,4.526253952190451,903.7753492172958,False,False,True,False,0.28571428571428575,0.7142857142857143,0.7142857142857143,0.5,7.268741633528691,0.08143214696522705,0.14050439303538875,51.73319834702903,-0.04782280845771471,0.0,,,-0.0012599463453473755,True,False,1,50,VH,CONTROL,,,,,
all6,1_VH_1_CONTROL,1_VH_1_CONTROL__cand_23,ok,6.746518770839836,1603.3207350293837,False,False,False,False,0.1408409541857563,0.8591590458142438,0.8591590458142438,0.5,10.360176649249453,0.12383049945322,0.19091625132328666,54.26555663774334,-0.07225645088107992,0.0,,,-0.001911111757483114,True,False,2,75,VH,CONTROL,,,,,
all6,1_VH_1_CONTROL,1_VH_1_CONTROL__cand_23,ok,8.901454323826869,2471.781989534187,False,False,True,False,0.28571428571428575,0.7142857142857143,0.7142857142857143,0.5,13.557223085242967,0.173301982850532,0.23785396245389723,56.99809641754754,-0.10049642882628614,0.0,,,-0.002671849524282634,True,False,3,100,VH,CONTROL,,,,,
all6,1_VH_1_CONTROL,1_VH_1_CONTROL__cand_23,failed:ODESolverWarningError,,inf,False,False,False,False,0.0,,1.0,1.0,,,,,,,,,,False,False,4,125,VH,CONTROL,False,False,False,False,False
all6,1_VH_1_CONTROL,1_VH_1_CONTROL__cand_23,failed:ODESolverWarningError,,inf,False,False,False,False,0.0,,1.0,1.0,,,,,,,,,,False,False,5,150,VH,CONTROL,False,False,False,False,False
all6,1_VH_1_CONTROL,1_VH_1_CONTROL__cand_23,failed:ODESolverWarningError,,inf,False,False,False,False,0.0,,1.0,1.0,,,,,,,,,,False,False,6,175,VH,CONTROL,False,False,False,False,False
all6,1_VH_1_CONTROL,1_VH_1_CONTROL__cand_24,failed:ODESolverWarningError,,inf,False,False,False,False,0.0,,1.0,1.0,,,,,,,,,,False,False,1,50,VH,CONTROL,False,False,False,False,False
all6,1_VH_1_CONTROL,1_VH_1_CONTROL__cand_24,failed:ODESolverWarningError,,inf,False,False,False,False,0.0,,1.0,1.0,,,,,,,,,,False,False,2,75,VH,CONTROL,False,False,False,False,False
all6,1_VH_1_CONTROL,1_VH_1_CONTROL__cand_24,failed:ODESolverWarningError,,inf,False,False,False,False,0.0,,1.0,1.0,,,,,,,,,,False,False,3,100,VH,CONTROL,False,False,False,False,False
all6,1_VH_1_CONTROL,1_VH_1_CONTROL__cand_24,failed:ODESolverWarningError,,inf,False,False,False,False,0.0,,1.0,1.0,,,,,,,,,,False,False,4,125,VH,CONTROL,False,False,False,False,False
all6,1_VH_1_CONTROL,1_VH_1_CONTROL__cand_24,failed:ODESolverWarningError,,inf,False,False,False,False,0.0,,1.0,1.0,,,,,,,,,,False,False,5,150,VH,CONTROL,False,False,False,False,False
all6,1_VH_1_CONTROL,1_VH_1_CONTROL__cand_24,failed:ODESolverWarningError,,inf,False,False,False,False,0.0,,1.0,1.0,,,,,,,,,,False,False,6,175,VH,CONTROL,False,False,False,False,False
all6,DH_1_MFA_BA,DH_1_MFA_BA__cand_01,ok,2.172890181377993,320.3323018386237,True,False,True,False,0.42857142857142855,0.5714285714285714,0.5714285714285714,0.0,5.44155089238582,0.28559536416253195,0.5606419481872721,9.705928908780422,-0.2843256816941839,0.0,,,-0.00280877257616312,False,False,1,50,DH,MFA_BA,,,,,
all6,DH_1_MFA_BA,DH_1_MFA_BA__cand_01,ok,3.104577808926338,509.1644690597848,True,False,True,False,0.42857142857142855,0.5714285714285714,0.5714285714285714,0.0,7.9031906319611664,0.4330249161934745,0.8229143130194991,9.603904692047687,-0.42198203708079396,0.0,,,-0.004265159346897169,False,False,2,75,DH,MFA_BA,,,,,
all6,DH_1_MFA_BA,DH_1_MFA_BA__cand_01,ok,3.8143872929887737,681.9853892004877,True,False,True,False,0.42857142857142855,0.5714285714285714,0.5714285714285714,0.5,10.528560861638994,0.6044250156521542,1.1083152780076835,9.499608162548494,-0.575112565216704,0.0,,,-0.00596647073314008,False,False,3,100,DH,MFA_BA,,,,,
all6,DH_1_MFA_BA,DH_1_MFA_BA__cand_01,ok,4.354757085797023,842.3152089108846,True,False,True,False,0.42857142857142855,0.5714285714285714,0.5714285714285714,0.0,13.695017744300642,0.8326253693827539,1.459900668320846,9.380787365521538,-0.7683498673330953,0.0,,,-0.008245219177468153,False,False,4,125,DH,MFA_BA,,,,,
all6,DH_1_MFA_BA,DH_1_MFA_BA__cand_01,ok,5.979048700623424,1279.2945824009616,False,False,True,False,0.41574009340387935,0.5842599065961206,0.5842599065961206,0.0,15.041327979063425,0.9373671465591116,1.6116893185823584,9.332647307170697,-0.8532674084163064,0.0,,,-0.009296509192240851,False,False,5,150,DH,MFA_BA,,,,,
all6,DH_1_MFA_BA,DH_1_MFA_BA__cand_01,ok,7.222605786860422,1704.3474859434177,False,False,True,False,0.3963419701916964,0.6036580298083036,0.6036580298083036,0.0,15.903293975974748,1.0069923483150518,1.7095589725864326,9.302571149045695,-0.9084752329892735,0.0,,,-0.009997169335944052,False,False,6,175,DH,MFA_BA,,,,,
all6,DH_1_MFA_BA,DH_1_MFA_BA__cand_02,ok,3.010404082872861,601.1691385152785,True,False,True,False,0.42857142857142855,0.5714285714285714,0.5714285714285714,0.5,4.255436796713838,0.0014657537425932787,0.5774242915032655,7.369687869617055,4.778525790559773e-05,0.0,,,4.924224182557891e-05,True,False,1,50,DH,MFA_BA,,,,,
all6,DH_1_MFA_BA,DH_1_MFA_BA__cand_02,ok,3.92693887885197,833.8570033058636,True,False,True,False,0.42857142857142855,0.5714285714285714,0.5714285714285714,0.5,6.298693685785651,0.001123588084738003,0.8547610502299525,7.368952626106608,4.7022385200472815e-05,0.0,,,4.92438797735576e-05,True,False,2,75,DH,MFA_BA,,,,,
all6,DH_1_MFA_BA,DH_1_MFA_BA__cand_02,ok,4.674405554762589,1044.803720060799,True,False,True,False,0.42857142857142855,0.5714285714285714,0.5714285714285714,0.0,8.535223369925376,0.0007487506696719493,1.1582944149826973,7.368785741795082,4.613410965976491e-05,0.0,,,4.924559378685214e-05,True,False,3,100,DH,MFA_BA,,,,,
all6,DH_1_MFA_BA,DH_1_MFA_BA__cand_02,ok,5.292363101536473,1225.7678105439536,False,False,True,False,0.42245057806307384,0.5775494219369263,0.5775494219369263,0.5,11.29482718818197,0.00028573736712189657,1.5328174263605399,7.368670915361364,4.494579011443714e-05,0.0,,,4.924774735729801e-05,True,False,4,125,DH,MFA_BA,,,,,
all6,DH_1_MFA_BA,DH_1_MFA_BA__cand_02,ok,6.869429622131156,1728.0056948216354,False,False,True,False,0.40852194736401337,0.5914780526359866,0.5914780526359866,0.5,12.485262299321448,8.583058028932555e-05,1.6943787851774519,7.368637053617188,4.4395393660242266e-05,0.0,,,4.924881081405108e-05,True,False,5,150,DH,MFA_BA,,,,,
all6,DH_1_MFA_BA,DH_1_MFA_BA__cand_02,ok,8.0728501423289,2198.727169387077,False,False,True,False,0.3887643133771207,0.6112356866228793,0.6112356866228793,0.5,13.252140613719035,-4.300623787401037e-05,1.7984566146718317,7.368618461856631,4.402927712609149e-05,0.0,,,4.924926293978664e-05,True,False,6,175,DH,MFA_BA,,,,,
all6,DH_1_MFA_BA,DH_1_MFA_BA__cand_03,ok,5.878943458525187,1553.430412394307,True,False,True,False,0.42857142857142855,0.5714285714285714,0.5714285714285714,0.5,0.33709643709917714,0.05990226360032125,0.017582237229431495,19.172556523972965,-0.019012517285823205,0.0,,,-0.0014142630774797529,True,False,1,50,DH,MFA_BA,,,,,
all6,DH_1_MFA_BA,DH_1_MFA_BA__cand_03,ok,7.568327609795136,2184.877206491736,True,False,True,False,0.42857142857142855,0.5714285714285714,0.5714285714285714,0.5,0.6068465586365619,0.09948635582841803,0.030447819295169362,19.930706785718474,-0.03446623035778401,0.0,,,-0.0022579737425191624,True,False,2,75,DH,MFA_BA,,,,,
all6,DH_1_MFA_BA,DH_1_MFA_BA__cand_03,ok,9.195099345494826,2888.2524689877473,True,False,True,False,0.42857142857142855,0.5714285714285714,0.5714285714285714,0.0,0.9791452384696839,0.15255261564286116,0.04824617979473681,20.294772407586542,-0.05621512999015633,0.0,,,-0.003336562099428511,True,False,3,100,DH,MFA_BA,,,,,
all6,DH_1_MFA_BA,DH_1_MFA_BA__cand_03,ok,10.907004028893464,3722.2502487198744,False,False,True,False,0.42443416966810393,0.575565830331896,0.575565830331896,0.5,1.5459912300228211,0.2343184043724733,0.07610244691412783,20.314606069989843,-0.09012936116698111,0.0,,,-0.004934099836435557,True,False,4,125,DH,MFA_BA,,,,,
all6,DH_1_MFA_BA,DH_1_MFA_BA__cand_03,ok,12.987607649780973,4872.000852302086,False,False,True,False,0.4106458363252549,0.589354163674745,0.589354163674745,0.0,1.8260533445923102,0.2758742989197742,0.09029019530182027,20.224270625267952,-0.10718426607638033,0.0,,,-0.005728574363404294,False,False,5,150,DH,MFA_BA,,,,,
all6,DH_1_MFA_BA,DH_1_MFA_BA__cand_03,ok,14.518206902336726,5848.379907889828,False,False,True,False,0.39105845906953746,0.6089415409304626,0.6089415409304626,0.0,2.0175310776266144,0.30483828850684347,0.10016095297253998,20.142890195740637,-0.11894225002054108,0.0,,,-0.006277860121270089,False,False,6,175,DH,MFA_BA,,,,,
all6,DH_1_MFA_BA,DH_1_MFA_BA__cand_04,ok,3.413994328064538,522.2202831220121,True,False,True,False,0.42857142857142855,0.5714285714285714,0.5714285714285714,0.5,3.4820520860881032,2.391679715713451,0.15389263549277668,22.626502398495486,-0.10498018421258912,0.0,,,-0.040537033493238804,True,False,1,50,DH,MFA_BA,,,,,
all6,DH_1_MFA_BA,DH_1_MFA_BA__cand_04,ok,5.199302437449937,998.310087960445,True,False,True,False,0.42857142857142855,0.5714285714285714,0.5714285714285714,0.5,4.703352089433878,3.0992129682384473,0.21879403390406232,21.496710881505216,-0.1543590413717842,0.0,,,-0.060434613223762076,True,False,2,75,DH,MFA_BA,,,,,
all6,DH_1_MFA_BA,DH_1_MFA_BA__cand_04,ok,6.692659297797044,1491.5959939303225,True,False,True,False,0.42857142857142855,0.5714285714285714,0.5714285714285714,0.0,6.01811359928017,3.8714514716319854,0.29249369914259327,20.57519056622921,-0.20676196361011717,0.0,,,-0.08215065871815443,True,False,3,100,DH,MFA_BA,,,,,
all6,DH_1_MFA_BA,DH_1_MFA_BA__cand_04,ok,8.131039407751464,2033.9526443931784,True,False,True,False,0.42857142857142855,0.5714285714285714,0.5714285714285714,0.5,7.619659896812323,4.826766933130713,0.38784203830289327,19.64629705989115,-0.269492772749769,0.0,,,-0.10900635777747995,True,False,4,125,DH,MFA_BA,,,,,
all6,DH_1_MFA_BA,DH_1_MFA_BA__cand_04,ok,10.065430005644462,2885.185559215194,True,False,True,False,0.42857142857142855,0.5714285714285714,0.5714285714285714,0.5,8.305427615989046,5.240611680217583,0.43059529859248813,19.28824500206454,-0.29599445604611396,0.0,,,-0.12063548995407083,True,False,5,150,DH,MFA_BA,,,,,
all6,DH_1_MFA_BA,DH_1_MFA_BA__cand_04,ok,11.553620619118346,3639.880186009652,True,False,True,False,0.42857142857142855,0.5714285714285714,0.5714285714285714,0.5,8.74586053253212,5.5078811671778,0.4586758449127063,19.067628325177235,-0.3129045275815217,0.0,,,-0.12814423894914181,True,False,6,175,DH,MFA_BA,,,,,
all6,DH_1_MFA_BA,DH_1_MFA_BA__cand_05,ok,3.738888534118427,585.7490863184801,True,False,True,False,0.42857142857142855,0.5714285714285714,0.5714285714285714,0.5,1.8006652423718776,0.18881102009949302,0.23078205338763444,7.80244917635506,0.0018572613138650202,0.0,,,0.0018050203693662692,True,False,1,50,DH,MFA_BA,,,,,
all6,DH_1_MFA_BA,DH_1_MFA_BA__cand_05,ok,5.395783744006472,1047.2846078429789,True,False,True,False,0.42857142857142855,0.5714285714285714,0.5714285714285714,0.5,2.716497480880932,0.244071820681512,0.35260728955067977,7.704030975486948,0.001761679626285782,0.0,,,0.001712463943789294,True,False,2,75,DH,MFA_BA,,,,,
all6,DH_1_MFA_BA,DH_1_MFA_BA__cand_05,ok,6.801012897853765,1515.5136607187962,True,False,True,False,0.42857142857142855,0.5714285714285714,0.5714285714285714,0.0,3.7728563853227257,0.308267888973603,0.4940447786714632,7.636668877400792,0.0016514917891583506,0.0,,,0.0016057204880237012,True,False,3,100,DH,MFA_BA,,,,,
all6,DH_1_MFA_BA,DH_1_MFA_BA__cand_05,ok,8.106427490439271,2009.5277487344038,False,False,True,False,0.4257751825929133,0.5742248174070868,0.5742248174070868,0.5,5.148393740566348,0.3925368755970595,0.679480550587349,7.576955272841925,0.0015082310221219246,0.0,,,0.0014668732128835017,True,False,4,125,DH,MFA_BA,,,,,
all6,DH_1_MFA_BA,DH_1_MFA_BA__cand_05,ok,10.053938354872866,2859.833105698125,False,False,True,False,0.41183695842751394,0.588163041572486,0.588163041572486,0.5,5.764951477557219,0.4305423376835762,0.7630094268911819,7.555544236256728,0.0014441369563724196,0.0,,,0.0014047266625929174,True,False,5,150,DH,MFA_BA,,,,,
all6,DH_1_MFA_BA,DH_1_MFA_BA__cand_05,ok,11.513169625442078,3615.3293607090172,False,False,True,False,0.3921924355973442,0.6078075644026557,0.6078075644026557,0.5,6.169240907658761,0.4555384960615072,0.8179079593502291,7.54270799927145,0.0014021565545905106,0.0,,,0.0013640135665067936,True,False,6,175,DH,MFA_BA,,,,,
all6,DH_1_MFA_BA,DH_1_MFA_BA__cand_06,ok,3.8585622821142986,774.0137787312474,True,False,True,False,0.42857142857142855,0.5714285714285714,0.5714285714285714,0.5,3.2018993888577256,2.9669611300300716,0.11819560665908396,27.089834210954088,-0.026978618702336435,0.0,,,-0.017545078506961884,True,False,1,50,DH,MFA_BA,,,,,
all6,DH_1_MFA_BA,DH_1_MFA_BA__cand_06,ok,5.736113110574898,1310.9368936190085,True,False,True,False,0.42857142857142855,0.5714285714285714,0.5714285714285714,0.5,4.188727139386501,3.755093566430631,0.15990470311291718,26.195146595710938,-0.047258445785451735,0.0,,,-0.031241824599952943,True,False,2,75,DH,MFA_BA,,,,,
all6,DH_1_MFA_BA,DH_1_MFA_BA__cand_06,ok,7.335568816357352,1880.1457264142844,True,False,True,False,0.42857142857142855,0.5714285714285714,0.5714285714285714,0.0,5.297507986957115,4.650799827703992,0.2080372054534772,25.46423355096347,-0.06909121813796305,0.0,,,-0.04644627542440011,True,False,3,100,DH,MFA_BA,,,,,
all6,DH_1_MFA_BA,DH_1_MFA_BA__cand_06,ok,8.925087881807382,2531.148594378302,True,False,True,False,0.42857142857142855,0.5714285714285714,0.5714285714285714,0.5,6.71454444535226,5.810485747123678,0.27153907645820613,24.72772807852474,-0.09558505647120225,0.0,,,-0.06557423465190484,True,False,4,125,DH,MFA_BA,,,,,
all6,DH_1_MFA_BA,DH_1_MFA_BA__cand_06,ok,10.867375643240397,3454.158277556475,True,False,True,False,0.42857142857142855,0.5714285714285714,0.5714285714285714,0.5,7.343919929074687,6.330716952479264,0.30046896369375037,24.4415258028443,-0.10686442627044494,0.0,,,-0.07395492743922848,True,False,5,150,DH,MFA_BA,,,,,
all6,DH_1_MFA_BA,DH_1_MFA_BA__cand_06,ok,12.367524871301885,4269.101758427626,True,False,True,False,0.42857142857142855,0.5714285714285714,0.5714285714285714,0.5,7.755368140037035,6.672470318272843,0.3196254344837083,24.26392678218584,-0.11408087858106047,0.0,,,-0.07939404786214779,True,False,6,175,DH,MFA_BA,,,,,
all6,DH_1_MFA_BA,DH_1_MFA_BA__cand_07,ok,4.066521539213209,713.4707589030997,True,False,True,False,0.42857142857142855,0.5714285714285714,0.5714285714285714,0.5,2.0136093632668803,2.0136093632668803,0.05968670247039002,33.73631445405804,0.014703496174613398,0.0,,,0.010736539707101833,True,False,1,50,DH,MFA_BA,,,,,
all6,DH_1_MFA_BA,DH_1_MFA_BA__cand_07,ok,6.181152079712159,1334.3103994956746,True,False,True,False,0.42857142857142855,0.5714285714285714,0.5714285714285714,0.5,2.254476709894462,2.254476709894462,0.07033018235310025,32.05560734331128,0.009942434564490711,0.0,,,0.007257570368353764,True,False,2,75,DH,MFA_BA,,,,,
all6,DH_1_MFA_BA,DH_1_MFA_BA__cand_07,ok,8.030382068495763,2025.120830689954,True,False,True,False,0.42857142857142855,0.5714285714285714,0.5714285714285714,0.0,2.5352467133439944,2.5352467133439944,0.08276002591382721,30.63371096553047,0.004401270486314635,0.0,,,0.003205042467947315,True,False,3,100,DH,MFA_BA,,,,,
all6,DH_1_MFA_BA,DH_1_MFA_BA__cand_07,ok,9.90778542706796,2856.3230407163255,True,False,True,False,0.42857142857142855,0.5714285714285714,0.5714285714285714,0.5,2.932307403285378,2.910307329569733,0.09940348662338215,29.499039750941968,-0.0029857669437937623,0.0,,,-0.002203707182220004,True,False,4,125,DH,MFA_BA,,,,,
all6,DH_1_MFA_BA,DH_1_MFA_BA__cand_07,ok,12.078616575732827,3973.552320946313,True,False,True,False,0.42857142857142855,0.5714285714285714,0.5714285714285714,0.5,3.129943279823266,3.0829345389651905,0.10707924527737127,29.23015820400732,-0.006379848828578993,0.0,,,-0.004691235412351657,True,False,5,150,DH,MFA_BA,,,,,
all6,DH_1_MFA_BA,DH_1_MFA_BA__cand_07,ok,13.70547176491102,4950.841819975372,False,False,True,False,0.4128275796164784,0.5871724203835216,0.5871724203835216,0.5,3.2614947625904307,3.1978531827847547,0.11219436911356641,29.070039685227435,-0.008637194933555076,0.0,,,-0.006346514088010855,True,False,6,175,DH,MFA_BA,,,,,
all6,DH_1_MFA_BA,DH_1_MFA_BA__cand_08,ok,4.360027403310027,743.1882434808133,True,False,True,False,0.42857142857142855,0.5714285714285714,0.5714285714285714,0.5,0.5736188534314124,0.28664109214861355,0.04175759921963682,13.73687338714779,-0.019315906952851417,0.0,,,0.0026668992229486855,True,False,1,50,DH,MFA_BA,,,,,
all6,DH_1_MFA_BA,DH_1_MFA_BA__cand_08,ok,6.38234555391522,1357.3354661104572,True,False,True,False,0.42857142857142855,0.5714285714285714,0.5714285714285714,0.5,0.9095471715486951,0.4451314381729077,0.06249919114946004,14.552943083273057,-0.031878935492564806,0.0,,,0.0015741839752474148,True,False,2,75,DH,MFA_BA,,,,,
all6,DH_1_MFA_BA,DH_1_MFA_BA__cand_08,ok,8.190443528572404,2039.8133885120687,True,False,True,False,0.42857142857142855,0.5714285714285714,0.5714285714285714,0.0,1.3000901982333914,0.6286448867852528,0.08671980388217067,14.991848920690261,-0.04649977933429885,0.0,,,0.00031744559662201895,True,False,3,100,DH,MFA_BA,,,,,
all6,DH_1_MFA_BA,DH_1_MFA_BA__cand_08,ok,10.01309225865516,2837.8575192355333,True,False,True,False,0.42857142857142855,0.5714285714285714,0.5714285714285714,0.5,1.8200689577253968,0.8717474712758246,0.11914703454222711,15.275822555871862,-0.06599056084886104,0.0,,,-0.0013326797312579175,True,False,4,125,DH,MFA_BA,,,,,
all6,DH_1_MFA_BA,DH_1_MFA_BA__cand_08,ok,12.18869934522899,3961.3043253911273,False,False,True,False,0.4160904883781714,0.5839095116218286,0.5839095116218286,0.5,2.0587431861690106,0.9828661792474236,0.13410051698630543,15.352238995314634,-0.0749459540980521,0.0,,,-0.002081861167120576,True,False,5,150,DH,MFA_BA,,,,,
all6,DH_1_MFA_BA,DH_1_MFA_BA__cand_08,ok,13.805478141076144,4939.725533267486,False,False,True,False,0.3967150098081014,0.6032849901918986,0.6032849901918986,0.5,2.217402139896791,1.0565675787010633,0.14406503144469535,15.39167497942082,-0.08090285199661827,0.0,,,-0.0025769110495345395,True,False,6,175,DH,MFA_BA,,,,,
all6,DH_1_MFA_BA,DH_1_MFA_BA__cand_09,ok,4.398078475610401,750.300832020866,True,False,True,False,0.42857142857142855,0.5714285714285714,0.5714285714285714,0.5,0.532072896947767,0.0936024238223041,0.06424424202933926,8.28203244587707,0.0009260667969631581,0.0,,,0.0009163423781596474,True,False,1,50,DH,MFA_BA,,,,,
all6,DH_1_MFA_BA,DH_1_MFA_BA__cand_09,ok,6.392048571997505,1363.9886251755365,True,False,True,False,0.42857142857142855,0.5714285714285714,0.5714285714285714,0.5,0.8170346811686215,0.12440363914984687,0.10026005309987088,8.149154682321566,0.0009064303053852953,0.0,,,0.0008969575884037356,True,False,2,75,DH,MFA_BA,,,,,
all6,DH_1_MFA_BA,DH_1_MFA_BA__cand_09,ok,8.177892783996212,2037.9979692527763,True,False,True,False,0.42857142857142855,0.5714285714285714,0.5714285714285714,0.0,1.159712070693601,0.1615143907890655,0.14372535639067294,8.068945520937046,0.0008828985143348332,0.0,,,0.0008737240417564089,True,False,3,100,DH,MFA_BA,,,,,
all6,DH_1_MFA_BA,DH_1_MFA_BA__cand_09,ok,9.970656963130828,2825.4137204471836,False,False,True,False,0.42424574582132735,0.5757542541786727,0.5757542541786727,0.5,1.6257133195068008,0.21208734870722878,0.20306996531668972,8.005680785789686,0.000851051094145515,0.0,,,0.0008422771588988971,True,False,4,125,DH,MFA_BA,,,,,
all6,DH_1_MFA_BA,DH_1_MFA_BA__cand_09,ok,12.140959857375954,3943.548023834628,False,False,True,False,0.4103349723482725,0.5896650276517275,0.5896650276517275,0.5,1.8411859318791528,0.23550839390382805,0.23059338823331954,7.984556478333194,0.0008363884147029182,0.0,,,0.0008277973045403477,True,False,5,150,DH,MFA_BA,,,,,
all6,DH_1_MFA_BA,DH_1_MFA_BA__cand_09,ok,13.745499391080514,4910.268867545766,False,False,True,False,0.3906541213031883,0.6093458786968117,0.6093458786968117,0.5,1.9845529416190573,0.25110367952964907,0.2489336193200643,7.972217441097962,0.0008266551578224574,0.0,,,0.0008181849625292038,True,False,6,175,DH,MFA_BA,,,,,
all6,DH_1_MFA_BA,DH_1_MFA_BA__cand_10,ok,4.3434213609468175,756.1544446888225,True,False,True,False,0.42857142857142855,0.5714285714285714,0.5714285714285714,0.5,0.8815499688412416,0.8815499688412416,0.02760515275327067,31.934254329992623,0.005784067260096828,0.0,,,0.005221921957299282,True,False,1,50,DH,MFA_BA,,,,,
all6,DH_1_MFA_BA,DH_1_MFA_BA__cand_10,ok,6.438982354238098,1399.70071123875,True,False,True,False,0.42857142857142855,0.5714285714285714,0.5714285714285714,0.5,1.128007654393599,1.128007654393599,0.03650363636613172,30.901240716943228,0.0042287294201446375,0.0,,,0.003818518569539607,True,False,2,75,DH,MFA_BA,,,,,
all6,DH_1_MFA_BA,DH_1_MFA_BA__cand_10,ok,8.307255335996333,2111.879834711988,True,False,True,False,0.42857142857142855,0.5714285714285714,0.5714285714285714,0.0,1.4124733391303295,1.4124733391303295,0.04687106103932293,30.135296872100277,0.002437593647768441,0.0,,,0.002201627681954595,True,False,3,100,DH,MFA_BA,,,,,
all6,DH_1_MFA_BA,DH_1_MFA_BA__cand_10,ok,10.207447029525792,2962.364273769173,True,False,True,False,0.42857142857142855,0.5714285714285714,0.5714285714285714,0.5,1.787852824661897,1.787852824661897,0.06071181290552454,29.448187084184557,8.036597289120405e-05,0.0,,,7.260031615099246e-05,True,False,4,125,DH,MFA_BA,,,,,
all6,DH_1_MFA_BA,DH_1_MFA_BA__cand_10,ok,12.404683586062985,4120.273489332984,False,False,True,False,0.42360703346088613,0.5763929665391139,0.5763929665391139,0.5,1.966200030075683,1.958894819819477,0.0670792232218794,29.31160999840503,-0.0009914355552786993,0.0,,,-0.0008958180085075285,True,False,5,150,DH,MFA_BA,,,,,
all6,DH_1_MFA_BA,DH_1_MFA_BA__cand_10,ok,14.04368704585006,5126.342487528185,False,False,True,False,0.4043570738469575,0.5956429261530426,0.5956429261530426,0.5,2.0846917319070144,2.072162353867256,0.07131696245967158,29.231358992411785,-0.0017004398831083677,0.0,,,-0.001536571679258123,True,False,6,175,DH,MFA_BA,,,,,
all6,DH_1_MFA_BA,DH_1_MFA_BA__cand_11,ok,4.523964351366799,795.9680264413901,True,False,True,False,0.42857142857142855,0.5714285714285714,0.5714285714285714,0.5,0.3894879162312037,0.3894879162312037,0.011628587305857797,33.49400111869158,0.0024316578818490333,0.0,,,0.0023103074355155114,True,False,1,50,DH,MFA_BA,,,,,
all6,DH_1_MFA_BA,DH_1_MFA_BA__cand_11,ok,6.638562602413551,1453.8654236316156,True,False,True,False,0.42857142857142855,0.5714285714285714,0.5714285714285714,0.5,0.5132009598829512,0.5132009598829512,0.015864758591098416,32.34848843971089,0.002045156512226605,0.0,,,0.0019431345524712422,True,False,2,75,DH,MFA_BA,,,,,
all6,DH_1_MFA_BA,DH_1_MFA_BA__cand_11,ok,8.55343745601533,2204.7916367491734,True,False,True,False,0.42857142857142855,0.5714285714285714,0.5714285714285714,0.0,0.6569345781730931,0.6569345781730931,0.020808758927164092,31.570098941149247,0.0015963124540943423,0.0,,,0.001516716686074922,True,False,3,100,DH,MFA_BA,,,,,
all6,DH_1_MFA_BA,DH_1_MFA_BA__cand_11,ok,10.521835730496614,3120.4093154593297,True,False,True,False,0.42857142857142855,0.5714285714285714,0.5714285714285714,0.5,0.8481546442498598,0.8481546442498598,0.027423438046041953,30.9280930722789,0.000999505352671861,0.0,,,0.0009496923241024755,True,False,4,125,DH,MFA_BA,,,,,
all6,DH_1_MFA_BA,DH_1_MFA_BA__cand_11,ok,12.766066404346988,4331.393382824003,False,False,True,False,0.41572857051365525,0.5842714294863447,0.5842714294863447,0.5,0.9358708911974958,0.9358708911974958,0.030472014163303078,30.71247230924922,0.0007258521320739301,0.0,,,0.0006896843033466764,True,False,5,150,DH,MFA_BA,,,,,
all6,DH_1_MFA_BA,DH_1_MFA_BA__cand_11,ok,14.42493725463746,5374.2351908248,False,False,True,False,0.3962454178854289,0.6037545821145711,0.6037545821145711,0.5,0.9941609957803195,0.9941609957803195,0.03250287419640149,30.58686409617235,0.0005440347156273494,0.0,,,0.0005169331583131215,True,False,6,175,DH,MFA_BA,,,,,
all6,DH_1_MFA_BA,DH_1_MFA_BA__cand_12,ok,4.5365742217543215,800.5918362334693,True,False,True,False,0.42857142857142855,0.5714285714285714,0.5714285714285714,0.5,0.35018473618235646,0.35018473618235646,0.011206507112902804,31.24833925988993,0.0034634828258159954,0.0,,,0.003341728486033547,True,False,1,50,DH,MFA_BA,,,,,
all6,DH_1_MFA_BA,DH_1_MFA_BA__cand_12,ok,6.657198989340902,1468.2676681374921,True,False,True,False,0.42857142857142855,0.5714285714285714,0.5714285714285714,0.5,0.4467357684571738,0.4467357684571738,0.014888234730872578,30.00595950645596,0.0032510517432337523,0.0,,,0.0031374320664600513,True,False,2,75,DH,MFA_BA,,,,,
all6,DH_1_MFA_BA,DH_1_MFA_BA__cand_12,ok,8.580943753181188,2218.699789732506,True,False,True,False,0.42857142857142855,0.5714285714285714,0.5714285714285714,0.0,0.5590614260118656,0.5590614260118656,0.01918690857898229,29.137649961196573,0.003004121993471357,0.0,,,0.0028999373727121827,True,False,3,100,DH,MFA_BA,,,,,
all6,DH_1_MFA_BA,DH_1_MFA_BA__cand_12,ok,10.559330032530596,3127.664572075925,False,False,True,False,0.4284552743629992,0.5715447256370008,0.5715447256370008,0.5,0.7087456270264028,0.7087456270264028,0.024941305364869586,28.416541021332733,0.0026753802032907477,0.0,,,0.0025837358729974636,True,False,4,125,DH,MFA_BA,,,,,
all6,DH_1_MFA_BA,DH_1_MFA_BA__cand_12,ok,12.809774713719067,4345.538151227097,False,False,True,False,0.41450896027427836,0.5854910397257217,0.5854910397257217,0.5,0.7775036478872295,0.7775036478872295,0.027594516168604342,28.17602030550672,0.0025246195103683484,0.0,,,0.0024385880108481806,True,False,5,150,DH,MFA_BA,,,,,
all6,DH_1_MFA_BA,DH_1_MFA_BA__cand_12,ok,14.47366443716335,5394.016607520976,False,False,True,False,0.39495919696491155,0.6050408030350883,0.6050408030350883,0.5,0.8232282163708504,0.8232282163708504,0.02936246662936281,28.036752727974584,0.0024242594711577693,0.0,,,0.002342101844177791,True,False,6,175,DH,MFA_BA,,,,,
all6,DH_1_MFA_BA,DH_1_MFA_BA__cand_13,ok,4.5952928830997255,808.8911765888176,True,False,True,False,0.42857142857142855,0.5714285714285714,0.5714285714285714,0.5,0.19211645311061432,0.10840674827552732,0.008511942652016836,22.570224091570196,-0.007582740244815093,0.0,,,-0.002916429343995193,True,False,1,50,DH,MFA_BA,,,,,
all6,DH_1_MFA_BA,DH_1_MFA_BA__cand_13,ok,6.6962700154146795,1474.1212113216875,True,False,True,False,0.42857142857142855,0.5714285714285714,0.5714285714285714,0.5,0.30054862552943007,0.16807156588393468,0.013112168886470826,22.921351008492348,-0.011983174127951525,0.0,,,-0.004540208173957278,True,False,2,75,DH,MFA_BA,,,,,
all6,DH_1_MFA_BA,DH_1_MFA_BA__cand_13,ok,8.6106629795151,2223.3917079944335,True,False,True,False,0.42857142857142855,0.5714285714285714,0.5714285714285714,0.0,0.43237961977138184,0.24017153501664268,0.018626952198508694,23.212580091658737,-0.017378467466001937,0.0,,,-0.006510418617999316,True,False,3,100,DH,MFA_BA,,,,,
all6,DH_1_MFA_BA,DH_1_MFA_BA__cand_13,ok,10.576967927101851,3124.204897140653,False,False,True,False,0.42533071352504354,0.5746692864749565,0.5746692864749565,0.5,0.6151124367273866,0.34009650375278966,0.026227158063124898,23.453263035472688,-0.024880847030044683,0.0,,,-0.009255554228637055,True,False,4,125,DH,MFA_BA,,,,,
all6,DH_1_MFA_BA,DH_1_MFA_BA__cand_13,ok,12.827681339130091,4340.9653485237695,False,False,True,False,0.4115037292185538,0.5884962707814462,0.5884962707814462,0.5,0.7010815968481836,0.38727229163966115,0.029807606303890014,23.52022466012944,-0.028406462824101076,0.0,,,-0.01055723772127662,True,False,5,150,DH,MFA_BA,,,,,
all6,DH_1_MFA_BA,DH_1_MFA_BA__cand_13,ok,14.48679291941721,5386.738468334239,False,False,True,False,0.3919177994100063,0.6080822005899937,0.6080822005899937,0.5,0.7588097924581945,0.4190406238225677,0.032217954338375626,23.55238897195769,-0.030769829458282483,0.0,,,-0.011435746600015288,True,False,6,175,DH,MFA_BA,,,,,
all6,DH_1_MFA_BA,DH_1_MFA_BA__cand_14,ok,4.602175063849884,815.8867185222766,True,False,True,False,0.42857142857142855,0.5714285714285714,0.5714285714285714,0.5,0.15608441660283745,0.14009582023165024,0.008848026212915066,17.640591567756438,0.001543930808600812,0.0,,,0.0015405948514088093,True,False,1,50,DH,MFA_BA,,,,,
all6,DH_1_MFA_BA,DH_1_MFA_BA__cand_14,ok,6.724337276971177,1489.4743355009382,True,False,True,False,0.42857142857142855,0.5714285714285714,0.5714285714285714,0.5,0.2116640502338356,0.17809245268612983,0.012577341533646544,16.828997580100534,0.0015028985646415199,0.0,,,0.0015094110017747353,True,False,2,75,DH,MFA_BA,,,,,
all6,DH_1_MFA_BA,DH_1_MFA_BA__cand_14,ok,8.661264837340804,2250.312832492257,True,False,True,False,0.42857142857142855,0.5714285714285714,0.5714285714285714,0.0,0.27651994634943833,0.22242671166053185,0.016935260799335872,16.328059521839915,0.001454927100473198,0.0,,,0.001473032676044274,True,False,3,100,DH,MFA_BA,,,,,
all6,DH_1_MFA_BA,DH_1_MFA_BA__cand_14,ok,10.659714047524322,3174.73399518691,False,False,True,False,0.4248359579044407,0.5751640420955593,0.5751640420955593,0.5,0.3632731118727861,0.28172310818490587,0.02277492067915641,15.950576381381358,0.0013906637034015634,0.0,,,0.0014244002655280105,True,False,4,125,DH,MFA_BA,,,,,
all6,DH_1_MFA_BA,DH_1_MFA_BA__cand_14,ok,12.924981568201915,4408.937574928582,False,False,True,False,0.41090128139395293,0.5890987186060471,0.5890987186060471,0.5,0.4032483573813579,0.3090440199017621,0.025469786103412093,15.83242025449661,0.0013609427528391634,0.0,,,0.0014019984808348268,True,False,5,150,DH,MFA_BA,,,,,
all6,DH_1_MFA_BA,DH_1_MFA_BA__cand_14,ok,14.594620299641859,5468.642452833659,False,False,True,False,0.3912270378835518,0.6087729621164482,0.6087729621164482,0.5,0.42987559971378175,0.3272416289978679,0.027266233084561862,15.765859492970346,0.0013411792718579596,0.0,,,0.0013870801627652101,True,False,6,175,DH,MFA_BA,,,,,
all6,DH_1_MFA_BA,DH_1_MFA_BA__cand_15,ok,4.723746533864464,915.5436565666284,True,False,True,False,0.42857142857142855,0.5714285714285714,0.5714285714285714,0.5,0.00024849871894616626,0.00024849871894616626,5.620955932347522e-06,44.20933413053532,5.620723438224978e-06,0.0,,,5.620574314348575e-06,True,False,1,50,DH,MFA_BA,,,,,
all6,DH_1_MFA_BA,DH_1_MFA_BA__cand_15,ok,6.848050560482234,1594.4351566631346,True,False,True,False,0.42857142857142855,0.5714285714285714,0.5714285714285714,0.5,0.00024849871894616626,0.00024849871894616626,5.620955932347522e-06,44.20933413053532,5.620723438224978e-06,0.0,,,5.620574314348575e-06,True,False,2,75,DH,MFA_BA,,,,,
all6,DH_1_MFA_BA,DH_1_MFA_BA__cand_15,ok,8.803195107824966,2378.268175672452,True,False,True,False,0.42857142857142855,0.5714285714285714,0.5714285714285714,0.0,0.00024849871894616626,0.00024849871894616626,5.620955932347522e-06,44.20933413053532,5.620723438224978e-06,0.0,,,5.620574314348575e-06,True,False,3,100,DH,MFA_BA,,,,,
all6,DH_1_MFA_BA,DH_1_MFA_BA__cand_15,ok,10.839762400129219,3346.5044680000474,False,False,True,False,0.42245026243931566,0.5775497375606843,0.5775497375606843,0.5,0.00024849871894616626,0.00024849871894616626,5.620955932347522e-06,44.20933413053532,5.620723438224978e-06,0.0,,,5.620574314348575e-06,True,False,4,125,DH,MFA_BA,,,,,
all6,DH_1_MFA_BA,DH_1_MFA_BA__cand_15,ok,13.124623216764135,4607.849259567468,False,False,True,False,0.40852320009610227,0.5914767999038977,0.5914767999038977,0.5,0.00024849871894616626,0.00024849871894616626,5.620955932347522e-06,44.20933413053532,5.620723438224978e-06,0.0,,,5.620574314348575e-06,True,False,5,150,DH,MFA_BA,,,,,
all6,DH_1_MFA_BA,DH_1_MFA_BA__cand_15,ok,14.799479209080621,5684.983107232438,False,False,True,False,0.3887665068696456,0.6112334931303545,0.6112334931303545,0.5,0.00024849871894616626,0.00024849871894616626,5.620955932347522e-06,44.20933413053532,5.620723438224978e-06,0.0,,,5.620574314348575e-06,True,False,6,175,DH,MFA_BA,,,,,
all6,DH_1_MFA_BA,DH_1_MFA_BA__cand_16,ok,5.249258908997391,1241.0919394743537,True,False,True,False,0.42857142857142855,0.5714285714285714,0.5714285714285714,0.5,0.07325103039210035,0.027906820881085537,0.0034269159725899634,21.37520469658302,-0.0026072953612254297,0.0,,,-0.001171345929631616,True,False,1,50,DH,MFA_BA,,,,,
all6,DH_1_MFA_BA,DH_1_MFA_BA__cand_16,ok,7.206410691362172,1916.6553851726374,True,False,True,False,0.42857142857142855,0.5714285714285714,0.5714285714285714,0.5,0.10272982779595452,0.040540480944329715,0.005755353693853838,17.849437803563674,-0.0033493002622022087,0.0,,,-0.0011831390305929168,True,False,2,75,DH,MFA_BA,,,,,
all6,DH_1_MFA_BA,DH_1_MFA_BA__cand_16,ok,9.0646842026318,2694.3565629234995,True,False,True,False,0.42857142857142855,0.5714285714285714,0.5714285714285714,0.0,0.13717195643906166,0.05529667649722114,0.008483169339391897,16.16989487668233,-0.004210628051387171,0.0,,,-0.0011969247921177414,True,False,3,100,DH,MFA_BA,,,,,
all6,DH_1_MFA_BA,DH_1_MFA_BA__cand_16,ok,11.037938752191925,3654.0048485312636,False,False,True,False,0.4230843322485337,0.5769156677514663,0.5769156677514663,0.5,0.18331461174298624,0.07505878131067334,0.012149804446325123,15.087865204154154,-0.005355658794985353,0.0,,,-0.001215389256405614,True,False,4,125,DH,MFA_BA,,,,,
all6,DH_1_MFA_BA,DH_1_MFA_BA__cand_16,ok,13.27714197652747,4909.487248420206,False,False,True,False,0.409169525593379,0.5908304744066211,0.5908304744066211,0.5,0.20460430475607438,0.08417431696817346,0.013846128268089501,14.777004863346239,-0.005880690646188141,0.0,,,-0.001223916064130342,True,False,5,150,DH,MFA_BA,,,,,
all6,DH_1_MFA_BA,DH_1_MFA_BA__cand_16,ok,14.916608880201748,5975.26846564073,False,False,True,False,0.38944373835126705,0.6105562616487329,0.6105562616487329,0.5,0.21879446959130178,0.09024941350004667,0.014978388288569594,14.60734395290511,-0.006229554375562672,0.0,,,-0.0012295927997390532,True,False,6,175,DH,MFA_BA,,,,,
all6,DH_1_MFA_BA,DH_1_MFA_BA__cand_17,ok,1.5996937652283625,296.4779804722716,True,False,False,False,0.4281638607166615,0.5718361392833385,0.5718361392833385,1.0,7.352444301398137,-0.0015514810227159614,0.9977951781034904,7.368690952558951,2.4612329994257954e-05,0.0014264874916847248,,,3.391436749984081e-05,True,True,1,50,DH,MFA_BA,,,,,
all6,DH_1_MFA_BA,DH_1_MFA_BA__cand_17,ok,2.012765527869978,387.7327029503518,True,False,True,False,0.42857142857142855,0.5714285714285714,0.5714285714285714,1.0,10.471596907115341,-0.0028495429283310614,1.4211147934453299,7.36857919952276,1.9953860381117185e-05,0.0027243825754226236,,,3.39596639292753e-05,True,True,2,75,DH,MFA_BA,,,,,
all6,DH_1_MFA_BA,DH_1_MFA_BA__cand_17,ok,2.4222779215928054,491.17196314187794,True,False,True,False,0.42857142857142855,0.5714285714285714,0.5714285714285714,0.5,13.693460127978469,-0.004193079522835319,1.858373905692643,7.368517221444043,1.4587612778372918e-05,0.004067746535213246,,,3.400651382631519e-05,True,True,3,100,DH,MFA_BA,,,,,
all6,DH_1_MFA_BA,DH_1_MFA_BA__cand_17,ok,2.7906711953389447,589.6064809201339,False,False,True,False,0.4223992723368269,0.577600727663173,0.577600727663173,1.0,17.461281301154173,-0.005767532830120103,2.3697283699731195,7.368473755222942,7.510248007434882e-06,0.00564199753469552,,,3.406140305875281e-05,True,True,4,125,DH,MFA_BA,,,,,
all6,DH_1_MFA_BA,DH_1_MFA_BA__cand_17,ok,3.897900578149959,788.477996657203,False,False,True,False,0.4084718143997466,0.5915281856002534,0.5915281856002534,1.0,19.029887580857107,-0.0064239699228352265,2.582613692008833,7.368460734077151,4.2759152075906155e-06,0.00629835023464409,,,3.408426733747824e-05,True,True,5,150,DH,MFA_BA,,,,,
all6,DH_1_MFA_BA,DH_1_MFA_BA__cand_17,ok,4.852327982537826,1032.738651356974,False,False,True,False,0.388713163284178,0.611286836715822,0.611286836715822,1.0,20.02482479733284,-0.006840615742021328,2.717642814660863,7.368453532342423,2.1301142424971143e-06,0.006714942606734553,,,3.409881101591657e-05,True,True,6,175,DH,MFA_BA,,,,,
all6,DH_1_MFA_BA,DH_1_MFA_BA__cand_18,ok,1.6416579971576168,303.830138273154,True,False,False,False,0.40603409422872766,0.5939659057712723,0.5939659057712723,1.0,7.347902677576457,-0.07618943838441794,0.9978829399794756,7.363491631320591,-0.0003040077054244171,0.0788806701994531,,,-0.0001079325199740853,True,True,1,50,DH,MFA_BA,,,,,
all6,DH_1_MFA_BA,DH_1_MFA_BA__cand_18,ok,2.0501140432487546,395.20409605231833,True,False,True,False,0.42857142857142855,0.5714285714285714,0.5714285714285714,1.0,10.4756003654893,-0.07464375967205683,1.422108286289849,7.366246625859404,-0.00027719794097233284,0.07698653819690549,,,-9.105267708468379e-05,True,True,2,75,DH,MFA_BA,,,,,
all6,DH_1_MFA_BA,DH_1_MFA_BA__cand_18,ok,2.459865371679877,499.46536067240265,True,False,True,False,0.42857142857142855,0.5714285714285714,0.5714285714285714,0.5,13.70522789714461,-0.07168080228078111,1.860266551302856,7.367346301822187,-0.00030613586001463706,0.07434067943630396,,,-0.00010559419780296871,True,True,3,100,DH,MFA_BA,,,,,
all6,DH_1_MFA_BA,DH_1_MFA_BA__cand_18,ok,2.8282606805008026,598.7106106351084,False,False,True,False,0.42187770485205567,0.5781222951479444,0.5781222951479444,1.0,17.480910134562563,-0.06730430742361193,2.3726237235451126,7.367754929316412,-0.00038260664066767263,0.0708265867457385,,,-0.0001455156349473621,True,True,4,125,DH,MFA_BA,,,,,
all6,DH_1_MFA_BA,DH_1_MFA_BA__cand_18,ok,3.919066813386859,794.5799626828036,False,False,True,False,0.4080181763509897,0.5919818236490103,0.5919818236490103,1.0,19.052438801971476,-0.06532918810054866,2.585910705601578,7.367786815182845,-0.0004230140812570088,0.06930443648519713,,,-0.00016643287010318172,True,True,5,150,DH,MFA_BA,,,,,
all6,DH_1_MFA_BA,DH_1_MFA_BA__cand_18,ok,4.86370634297284,1037.6128126522417,False,False,True,False,0.38828268228801815,0.6117173177119819,0.6117173177119819,1.0,20.049130727125075,-0.06404953839503946,2.7211897751520384,7.367781148598829,-0.0004505194602067063,0.06833153553756688,,,-0.00018056962848313676,True,True,6,175,DH,MFA_BA,,,,,
all6,DH_1_MFA_BA,DH_1_MFA_BA__cand_19,ok,1.7941636728418158,260.5872233566819,True,False,False,False,0.4284820546125364,0.5715179453874636,0.5715179453874636,1.0,6.148745985447519,0.0001426664974673031,0.8236531106670255,7.465213092521476,-0.06342469116825207,0.000312808856122615,,,-2.331490299270387e-06,True,True,1,50,DH,MFA_BA,,,,,
all6,DH_1_MFA_BA,DH_1_MFA_BA__cand_19,ok,2.4448176260229015,394.55148041235054,True,False,True,False,0.42857142857142855,0.5714285714285714,0.5714285714285714,1.0,8.859914152106583,0.00031983566304916167,1.1877791998901768,7.459226557365022,-0.09570981476140149,0.0003441700188773211,,,-2.082855567914247e-06,True,True,2,75,DH,MFA_BA,,,,,
all6,DH_1_MFA_BA,DH_1_MFA_BA__cand_19,ok,2.9459092048523927,506.1871885058816,True,False,True,False,0.42857142857142855,0.5714285714285714,0.5714285714285714,0.5,11.715261341221222,0.0005365198157392115,1.5717727877797032,7.45353363559009,-0.1329340148663513,0.0003724085301826108,,,-1.8728784968824512e-06,True,True,3,100,DH,MFA_BA,,,,,
all6,DH_1_MFA_BA,DH_1_MFA_BA__cand_19,ok,3.290991718301313,581.2772340300378,False,False,True,False,0.42245526294797026,0.5775447370520297,0.5775447370520297,1.0,15.117908871829059,0.0008384802322041196,2.0299420205730434,7.447458458720581,-0.1820009813218294,0.0004004966629906903,,,-1.6413771748348163e-06,True,True,4,125,DH,MFA_BA,,,,,
all6,DH_1_MFA_BA,DH_1_MFA_BA__cand_19,ok,4.816650047783733,937.503850963571,False,False,True,False,0.40852884040319726,0.5914711595968027,0.5914711595968027,1.0,16.552885890753558,0.0009808965434388028,2.223325901746629,7.445100998351042,-0.20434174334421276,0.0004107430341662166,,,-1.583158885308859e-06,True,True,5,150,DH,MFA_BA,,,,,
all6,DH_1_MFA_BA,DH_1_MFA_BA__cand_19,ok,5.985118736104489,1295.0744236420408,False,False,True,False,0.38877273938929446,0.6112272606107056,0.6112272606107056,1.0,17.468304198106097,0.0010767715990596116,2.346737512968676,7.443654904552276,-0.21913141748741327,0.0004168292498007986,,,-1.4406740919986025e-06,True,True,6,175,DH,MFA_BA,,,,,
all6,DH_1_MFA_BA,DH_1_MFA_BA__cand_20,ok,2.300417554429426,330.73280877810055,True,False,False,False,0.42720924887350975,0.5727907511264902,0.5727907511264902,1.0,4.838703123056533,-0.003916591404447445,0.6567413247438935,7.367745778664775,-4.970129331973765e-05,0.0047676289427158736,,,-4.601247530997384e-05,True,True,1,50,DH,MFA_BA,,,,,
all6,DH_1_MFA_BA,DH_1_MFA_BA__cand_20,ok,3.219969113400086,528.7452414271073,True,False,True,False,0.42857142857142855,0.5714285714285714,0.5714285714285714,1.0,7.079680445613803,-0.004770364683480466,0.960878306190686,7.367926198355489,-5.018353621293958e-05,0.005604305765942286,,,-4.508868366368998e-05,True,True,2,75,DH,MFA_BA,,,,,
all6,DH_1_MFA_BA,DH_1_MFA_BA__cand_20,ok,3.9407359797855865,711.3518346670744,True,False,True,False,0.42857142857142855,0.5714285714285714,0.5714285714285714,0.5,9.49733914593945,-0.0056749871041716915,1.2889938171707518,7.368025369419864,-5.088650118192017e-05,0.006490870811475702,,,-4.411290817384202e-05,True,True,3,100,DH,MFA_BA,,,,,
all6,DH_1_MFA_BA,DH_1_MFA_BA__cand_20,ok,4.495267610773666,862.8988683871802,False,False,True,False,0.4223908995425058,0.5776091004574943,0.5776091004574943,1.0,12.445432267489636,-0.006755391107134301,1.6890978851535332,7.368094162499285,-5.1970862838015174e-05,0.00754978252743399,,,-4.295159209760793e-05,True,True,4,125,DH,MFA_BA,,,,,
all6,DH_1_MFA_BA,DH_1_MFA_BA__cand_20,ok,6.068734700504641,1297.288539607719,False,False,True,False,0.4084657558330126,0.5915342441669874,0.5915342441669874,1.0,13.708248702553803,-0.007210679054239222,1.860482563979082,7.368114578421778,-5.2530919615095296e-05,0.007996036584117405,,,-4.2463632130576294e-05,True,True,5,150,DH,MFA_BA,,,,,
all6,DH_1_MFA_BA,DH_1_MFA_BA__cand_20,ok,7.2767969956017815,1729.0659611856581,False,False,True,False,0.3887081956831537,0.6112918043168464,0.6112918043168464,1.0,14.51943198092205,-0.007500786818809502,1.9705732959109423,7.368125819552484,-5.2922311420257555e-05,0.008280398112674447,,,-4.215287394594851e-05,True,True,6,175,DH,MFA_BA,,,,,
all6,DH_1_MFA_BA,DH_1_MFA_BA__cand_21,ok,4.723553634301353,915.264946109156,True,False,False,False,0.42856687225779766,0.5714331277422023,0.5714331277422023,1.0,-1.9933947044137312e-06,-1.0963632348648389e-05,-2.7053484028413525e-07,7.368347464304871,-2.7053484221277967e-07,1.5947097708135516e-05,,,-2.7053484221277956e-07,True,True,1,50,DH,MFA_BA,,,,,
all6,DH_1_MFA_BA,DH_1_MFA_BA__cand_21,ok,6.847926317579204,1594.1579929593927,True,False,True,False,0.42857142857142855,0.5714285714285714,0.5714285714285714,1.0,-1.9933947044137312e-06,-1.0963632348648389e-05,-2.7053484028413525e-07,7.368347464304871,-2.7053484221277967e-07,1.5947097708135516e-05,,,-2.7053484221277956e-07,True,True,2,75,DH,MFA_BA,,,,,
all6,DH_1_MFA_BA,DH_1_MFA_BA__cand_21,ok,8.803111865585214,2377.996600904138,True,False,True,False,0.42857142857142855,0.5714285714285714,0.5714285714285714,0.5,-1.9933947044137312e-06,-1.0963632348648389e-05,-2.7053484028413525e-07,7.368347464304871,-2.7053484221277967e-07,1.5947097708135516e-05,,,-2.7053484221277956e-07,True,True,3,100,DH,MFA_BA,,,,,
all6,DH_1_MFA_BA,DH_1_MFA_BA__cand_21,ok,10.839694637467456,3346.231955768304,False,False,True,False,0.4224480633132345,0.5775519366867654,0.5775519366867654,1.0,-1.9933947044137312e-06,-1.0963632348648389e-05,-2.7053484028413525e-07,7.368347464304871,-2.7053484221277967e-07,1.5947097708135516e-05,,,-2.7053484221277956e-07,True,True,4,125,DH,MFA_BA,,,,,
all6,DH_1_MFA_BA,DH_1_MFA_BA__cand_21,ok,13.12457304406684,4607.5780521950555,False,False,True,False,0.40852120193705277,0.5914787980629473,0.5914787980629473,1.0,-1.9933947044137312e-06,-1.0963632348648389e-05,-2.7053484028413525e-07,7.368347464304871,-2.7053484221277967e-07,1.5947097708135516e-05,,,-2.7053484221277956e-07,True,True,5,150,DH,MFA_BA,,,,,
all6,DH_1_MFA_BA,DH_1_MFA_BA__cand_21,ok,14.79944655230852,5684.71890761213,False,False,True,False,0.3887645544886835,0.6112354455113165,0.6112354455113165,1.0,-1.9933947044137312e-06,-1.0963632348648389e-05,-2.7053484028413525e-07,7.368347464304871,-2.7053484221277967e-07,1.5947097708135516e-05,,,-2.7053484221277956e-07,True,True,6,175,DH,MFA_BA,,,,,
all6,DH_1_MFA_BA,DH_1_MFA_BA__cand_22,ok,4.711450217841913,827.4605704358814,True,False,False,False,0.3768473494525771,0.623152650547423,0.623152650547423,1.0,0.022434099487355752,-0.17239785719603162,0.0021328683268161297,10.518276822481855,-0.0006001529843866025,0.18103427691598029,,,-0.0004357958590706259,True,True,1,50,DH,MFA_BA,,,,,
all6,DH_1_MFA_BA,DH_1_MFA_BA__cand_22,ok,6.845772191884294,1513.9137573828518,True,False,True,False,0.42857142857142855,0.5714285714285714,0.5714285714285714,1.0,0.03451982882350535,-0.18669991463156066,0.0017553526259578658,19.665466820188605,-0.0003072768990504403,0.19109706201771814,,,-0.00022159360114906856,True,True,2,75,DH,MFA_BA,,,,,
all6,DH_1_MFA_BA,DH_1_MFA_BA__cand_22,ok,8.808701809989204,2294.9744527584617,True,False,True,False,0.42857142857142855,0.5714285714285714,0.5714285714285714,0.5,0.045141908616940896,-0.19499424794750553,0.0012731457620698537,35.4569837655903,-0.0001347219996306724,0.1969060425313245,,,-9.62721311570852e-05,True,True,3,100,DH,MFA_BA,,,,,
all6,DH_1_MFA_BA,DH_1_MFA_BA__cand_22,ok,10.841584102011222,3247.895882021673,False,False,True,False,0.4207585233372754,0.5792414766627246,0.5792414766627246,1.0,0.05751227229264089,-0.1993501550178962,0.0010313765574912952,55.76263283754759,-4.333036856123258e-05,0.19994877892833074,,,-3.0141196298395587e-05,True,True,4,125,DH,MFA_BA,,,,,
all6,DH_1_MFA_BA,DH_1_MFA_BA__cand_22,ok,13.126727094029903,4508.248573764968,False,False,True,False,0.4069796403264475,0.5930203596735525,0.5930203596735525,1.0,0.06297122942881117,-0.20018381786256612,0.001113981708088799,56.52806412490171,-2.5756018835866717e-05,0.20053059339619494,,,-1.7456993223456063e-05,True,True,5,150,DH,MFA_BA,,,,,
all6,DH_1_MFA_BA,DH_1_MFA_BA__cand_22,ok,14.804466461099507,5586.650002157321,False,False,True,False,0.38725566242034454,0.6127443375796554,0.6127443375796554,1.0,0.06657915653629232,-0.20053570316648006,0.0012358753912278418,53.872062676275114,-1.8354323068687787e-05,0.20077603395318988,,,-1.2103379186014857e-05,True,True,6,175,DH,MFA_BA,,,,,
all6,DH_1_MFA_BA,DH_1_MFA_BA__cand_23,ok,1.5974120656631603,310.371126069355,True,False,True,False,0.42857142857142855,0.5714285714285714,0.5714285714285714,0.0,7.290919994799907,0.778101443259331,0.6831081813127751,10.67315572299025,-0.4238326904817897,0.0,,,-0.01205027992102138,False,False,1,50,DH,MFA_BA,,,,,
all6,DH_1_MFA_BA,DH_1_MFA_BA__cand_23,ok,2.27476250429191,446.00196873925483,True,False,True,False,0.42857142857142855,0.5714285714285714,0.5714285714285714,0.0,10.389993479555784,1.1728240765948215,0.9910062839342413,10.484286172543802,-0.6161995932542997,0.0,,,-0.018271443121836293,False,False,2,75,DH,MFA_BA,,,,,
all6,DH_1_MFA_BA,DH_1_MFA_BA__cand_23,ok,2.797885866332202,591.436604156693,True,False,True,False,0.42857142857142855,0.5714285714285714,0.5714285714285714,0.5,13.594027976865021,1.6265908174394923,1.3194967833200584,10.302433585825302,-0.8216411793693331,0.0,,,-0.025517919089487705,False,False,3,100,DH,MFA_BA,,,,,
all6,DH_1_MFA_BA,DH_1_MFA_BA__cand_23,failed:ODESolverWarningError,,inf,False,False,False,False,0.0,,1.0,1.0,,,,,,,,,,False,False,4,125,DH,MFA_BA,False,False,False,False,False
all6,DH_1_MFA_BA,DH_1_MFA_BA__cand_23,failed:ODESolverWarningError,,inf,False,False,False,False,0.0,,1.0,1.0,,,,,,,,,,False,False,5,150,DH,MFA_BA,False,False,False,False,False
all6,DH_1_MFA_BA,DH_1_MFA_BA__cand_23,failed:ODESolverWarningError,,inf,False,False,False,False,0.0,,1.0,1.0,,,,,,,,,,False,False,6,175,DH,MFA_BA,False,False,False,False,False
all6,DH_1_MFA_BA,DH_1_MFA_BA__cand_24,failed:ODESolverWarningError,,inf,False,False,False,False,0.0,,1.0,1.0,,,,,,,,,,False,False,1,50,DH,MFA_BA,False,False,False,False,False
all6,DH_1_MFA_BA,DH_1_MFA_BA__cand_24,failed:ODESolverWarningError,,inf,False,False,False,False,0.0,,1.0,1.0,,,,,,,,,,False,False,2,75,DH,MFA_BA,False,False,False,False,False
all6,DH_1_MFA_BA,DH_1_MFA_BA__cand_24,failed:ODESolverWarningError,,inf,False,False,False,False,0.0,,1.0,1.0,,,,,,,,,,False,False,3,100,DH,MFA_BA,False,False,False,False,False
all6,DH_1_MFA_BA,DH_1_MFA_BA__cand_24,failed:ODESolverWarningError,,inf,False,False,False,False,0.0,,1.0,1.0,,,,,,,,,,False,False,4,125,DH,MFA_BA,False,False,False,False,False
all6,DH_1_MFA_BA,DH_1_MFA_BA__cand_24,failed:ODESolverWarningError,,inf,False,False,False,False,0.0,,1.0,1.0,,,,,,,,,,False,False,5,150,DH,MFA_BA,False,False,False,False,False
all6,DH_1_MFA_BA,DH_1_MFA_BA__cand_24,failed:ODESolverWarningError,,inf,False,False,False,False,0.0,,1.0,1.0,,,,,,,,,,False,False,6,175,DH,MFA_BA,False,False,False,False,False
all6,DH_2_MFA,DH_2_MFA__cand_01,ok,1.1133136476963417,227.8325562523784,False,False,True,False,0.3689475247721357,0.6310524752278643,0.6310524752278643,0.5,7.347902677576457,-0.07618943838441794,0.9978829399794756,7.363491631320591,-0.0003040077054244171,0.0788806701994531,,,-0.0001079325199740853,True,True,1,50,DH,MFA,,,,,
all6,DH_2_MFA,DH_2_MFA__cand_01,ok,1.559493360458196,320.7905840488607,False,False,True,False,0.33802341558086063,0.6619765844191393,0.6619765844191393,0.0,10.4756003654893,-0.07464375967205683,1.422108286289849,7.366246625859404,-0.00027719794097233284,0.07698653819690549,,,-9.105267708468379e-05,True,True,2,75,DH,MFA,,,,,
all6,DH_2_MFA,DH_2_MFA__cand_01,ok,1.7157424004067159,327.65519205627646,False,False,True,False,0.3453410400494863,0.6546589599505136,0.6546589599505136,0.0,13.70522789714461,-0.07168080228078111,1.860266551302856,7.367346301822187,-0.00030613586001463706,0.07434067943630396,,,-0.00010559419780296871,True,True,3,100,DH,MFA,,,,,
all6,DH_2_MFA,DH_2_MFA__cand_01,ok,1.9504578476947207,409.4493301221661,False,False,True,False,0.3248567226738623,0.6751432773261377,0.6751432773261377,0.0,17.480910134562563,-0.06730430742361193,2.3726237235451126,7.367754929316412,-0.00038260664066767263,0.0708265867457385,,,-0.0001455156349473621,True,True,4,125,DH,MFA,,,,,
all6,DH_2_MFA,DH_2_MFA__cand_01,ok,2.6443498236723113,517.5986289591199,False,False,True,False,0.31504872113786264,0.6849512788621374,0.6849512788621374,0.0,19.052438801971476,-0.06532918810054866,2.585910705601578,7.367786815182845,-0.0004230140812570088,0.06930443648519713,,,-0.00016643287010318172,True,True,5,150,DH,MFA,,,,,
all6,DH_2_MFA,DH_2_MFA__cand_01,ok,3.874076928242167,819.6395727511185,False,False,True,False,0.30644179621765716,0.6935582037823428,0.6935582037823428,0.0,20.049130727125075,-0.06404953839503946,2.7211897751520384,7.367781148598829,-0.0004505194602067063,0.06833153553756688,,,-0.00018056962848313676,True,True,6,175,DH,MFA,,,,,
all6,DH_2_MFA,DH_2_MFA__cand_02,ok,1.1452695513026465,226.64008460395922,False,False,True,False,0.3706774426917668,0.6293225573082333,0.6293225573082333,0.5,7.352444301398137,-0.0015514810227159614,0.9977951781034904,7.368690952558951,2.4612329994257954e-05,0.0014264874916847248,,,3.391436749984081e-05,True,True,1,50,DH,MFA,,,,,
all6,DH_2_MFA,DH_2_MFA__cand_02,ok,1.5902364285541903,324.49632283035,False,False,True,False,0.3392217724102292,0.6607782275897708,0.6607782275897708,0.0,10.471596907115341,-0.0028495429283310614,1.4211147934453299,7.36857919952276,1.9953860381117185e-05,0.0027243825754226236,,,3.39596639292753e-05,True,True,2,75,DH,MFA,,,,,
all6,DH_2_MFA,DH_2_MFA__cand_02,ok,1.723796096585029,329.6138960629161,False,False,True,False,0.34615895259640145,0.6538410474035985,0.6538410474035985,0.0,13.693460127978469,-0.004193079522835319,1.858373905692643,7.368517221444043,1.4587612778372918e-05,0.004067746535213246,,,3.400651382631519e-05,True,True,3,100,DH,MFA,,,,,
all6,DH_2_MFA,DH_2_MFA__cand_02,ok,1.980915380515421,414.8353250562593,False,False,True,False,0.3255281964154895,0.6744718035845104,0.6744718035845104,0.0,17.461281301154173,-0.005767532830120103,2.3697283699731195,7.368473755222942,7.510248007434882e-06,0.00564199753469552,,,3.406140305875281e-05,True,True,4,125,DH,MFA,,,,,
all6,DH_2_MFA,DH_2_MFA__cand_02,ok,2.676082818889911,522.6824295163367,False,False,True,False,0.3156218116039775,0.6843781883960224,0.6843781883960224,0.0,19.029887580857107,-0.0064239699228352265,2.582613692008833,7.368460734077151,4.2759152075906155e-06,0.00629835023464409,,,3.408426733747824e-05,True,True,5,150,DH,MFA,,,,,
all6,DH_2_MFA,DH_2_MFA__cand_02,ok,3.9079928951372147,826.6673805802648,False,False,True,False,0.30694957838692477,0.6930504216130753,0.6930504216130753,0.0,20.02482479733284,-0.006840615742021328,2.717642814660863,7.368453532342423,2.1301142424971143e-06,0.006714942606734553,,,3.409881101591657e-05,True,True,6,175,DH,MFA,,,,,
all6,DH_2_MFA,DH_2_MFA__cand_03,ok,1.6183840791811732,322.3074837989614,False,False,True,False,0.37071670872016915,0.6292832912798308,0.6292832912798308,0.5,6.148745985447519,0.0001426664974673031,0.8236531106670255,7.465213092521476,-0.06342469116825207,0.000312808856122615,,,-2.331490299270387e-06,True,True,1,50,DH,MFA,,,,,
all6,DH_2_MFA,DH_2_MFA__cand_03,ok,2.5498412982957497,504.2673900494634,False,False,True,False,0.33927467425458513,0.6607253257454149,0.6607253257454149,0.0,8.859914152106583,0.00031983566304916167,1.1877791998901768,7.459226557365022,-0.09570981476140149,0.0003441700188773211,,,-2.082855567914247e-06,True,True,2,75,DH,MFA,,,,,
all6,DH_2_MFA,DH_2_MFA__cand_03,ok,3.1906070401490063,608.8843201266358,False,False,True,False,0.34621627263155474,0.6537837273684453,0.6537837273684453,0.0,11.715261341221222,0.0005365198157392115,1.5717727877797032,7.45353363559009,-0.1329340148663513,0.0003724085301826108,,,-1.8728784968824512e-06,True,True,3,100,DH,MFA,,,,,
all6,DH_2_MFA,DH_2_MFA__cand_03,ok,3.5582759704154867,765.7350261108946,False,False,True,False,0.3256002795615026,0.6743997204384974,0.6743997204384974,0.0,15.117908871829059,0.0008384802322041196,2.0299420205730434,7.447458458720581,-0.1820009813218294,0.0004004966629906903,,,-1.6413771748348163e-06,True,True,4,125,DH,MFA,,,,,
all6,DH_2_MFA,DH_2_MFA__cand_03,ok,4.555084040866175,973.7562860289758,False,False,True,False,0.31569385375076786,0.684306146249232,0.684306146249232,0.0,16.552885890753558,0.0009808965434388028,2.223325901746629,7.445100998351042,-0.20434174334421276,0.0004107430341662166,,,-1.583158885308859e-06,True,True,5,150,DH,MFA,,,,,
all6,DH_2_MFA,DH_2_MFA__cand_03,ok,5.849837749051049,1362.2945042172032,False,False,True,False,0.30701985253180547,0.6929801474681946,0.6929801474681946,0.0,17.468304198106097,0.0010767715990596116,2.346737512968676,7.443654904552276,-0.21913141748741327,0.0004168292498007986,,,-1.4406740919986025e-06,True,True,6,175,DH,MFA,,,,,
all6,DH_2_MFA,DH_2_MFA__cand_04,ok,1.8549880157549576,315.75212514413226,False,False,True,False,0.37062262545164,0.62937737454836,0.62937737454836,0.5,4.838703123056533,-0.003916591404447445,0.6567413247438935,7.367745778664775,-4.970129331973765e-05,0.0047676289427158736,,,-4.601247530997384e-05,True,True,1,50,DH,MFA,,,,,
all6,DH_2_MFA,DH_2_MFA__cand_04,ok,2.987374780905738,534.0720203897312,False,False,True,False,0.33918971091596567,0.6608102890840344,0.6608102890840344,0.0,7.079680445613803,-0.004770364683480466,0.960878306190686,7.367926198355489,-5.018353621293958e-05,0.005604305765942286,,,-4.508868366368998e-05,True,True,2,75,DH,MFA,,,,,
all6,DH_2_MFA,DH_2_MFA__cand_04,ok,3.833461313353521,677.9644745057357,False,False,True,False,0.3461409927252633,0.6538590072747368,0.6538590072747368,0.0,9.49733914593945,-0.0056749871041716915,1.2889938171707518,7.368025369419864,-5.088650118192017e-05,0.006490870811475702,,,-4.411290817384202e-05,True,True,3,100,DH,MFA,,,,,
all6,DH_2_MFA,DH_2_MFA__cand_04,ok,4.21102875400613,837.6506115180623,False,False,True,False,0.32551741715548044,0.6744825828445196,0.6744825828445196,0.0,12.445432267489636,-0.006755391107134301,1.6890978851535332,7.368094162499285,-5.1970862838015174e-05,0.00754978252743399,,,-4.295159209760793e-05,True,True,4,125,DH,MFA,,,,,
all6,DH_2_MFA,DH_2_MFA__cand_04,ok,5.354869438074654,1111.8555236579446,False,False,True,False,0.3156141576894898,0.6843858423105101,0.6843858423105101,0.0,13.708248702553803,-0.007210679054239222,1.860482563979082,7.368114578421778,-5.2530919615095296e-05,0.007996036584117405,,,-4.2463632130576294e-05,True,True,5,150,DH,MFA,,,,,
all6,DH_2_MFA,DH_2_MFA__cand_04,ok,6.712547558903702,1588.6494292941459,False,False,True,False,0.30694371875723914,0.6930562812427609,0.6930562812427609,0.0,14.51943198092205,-0.007500786818809502,1.9705732959109423,7.368125819552484,-5.2922311420257555e-05,0.008280398112674447,,,-4.215287394594851e-05,True,True,6,175,DH,MFA,,,,,
all6,DH_2_MFA,DH_2_MFA__cand_05,ok,4.412217313234232,883.566342663604,False,False,True,False,0.3707131479647043,0.6292868520352958,0.6292868520352958,0.5,-1.9933947044137312e-06,-1.0963632348648389e-05,-2.7053484028413525e-07,7.368347464304871,-2.7053484221277967e-07,1.5947097708135516e-05,,,-2.7053484221277956e-07,True,True,1,50,DH,MFA,,,,,
all6,DH_2_MFA,DH_2_MFA__cand_05,ok,6.748683127088411,1603.4062734870186,False,False,True,False,0.3392691527012795,0.6607308472987204,0.6607308472987204,0.0,-1.9933947044137312e-06,-1.0963632348648389e-05,-2.7053484028413525e-07,7.368347464304871,-2.7053484221277967e-07,1.5947097708135516e-05,,,-2.7053484221277956e-07,True,True,2,75,DH,MFA,,,,,
all6,DH_2_MFA,DH_2_MFA__cand_05,ok,9.007826564152033,2440.501504528162,False,False,True,False,0.3462096374457296,0.6537903625542704,0.6537903625542704,0.0,-1.9933947044137312e-06,-1.0963632348648389e-05,-2.7053484028413525e-07,7.368347464304871,-2.7053484221277967e-07,1.5947097708135516e-05,,,-2.7053484221277956e-07,True,True,3,100,DH,MFA,,,,,
all6,DH_2_MFA,DH_2_MFA__cand_05,ok,10.89528782723721,3408.721480862422,False,False,True,False,0.3255910106446021,0.674408989355398,0.674408989355398,0.0,-1.9933947044137312e-06,-1.0963632348648389e-05,-2.7053484028413525e-07,7.368347464304871,-2.7053484221277967e-07,1.5947097708135516e-05,,,-2.7053484221277956e-07,True,True,4,125,DH,MFA,,,,,
all6,DH_2_MFA,DH_2_MFA__cand_05,ok,12.76933058063221,4401.5597986445355,False,False,True,False,0.3156842039162023,0.6843157960837977,0.6843157960837977,0.0,-1.9933947044137312e-06,-1.0963632348648389e-05,-2.7053484028413525e-07,7.368347464304871,-2.7053484221277967e-07,1.5947097708135516e-05,,,-2.7053484221277956e-07,True,True,5,150,DH,MFA,,,,,
all6,DH_2_MFA,DH_2_MFA__cand_05,ok,14.540972871012082,5550.811043489552,False,False,True,False,0.3070101978742839,0.6929898021257161,0.6929898021257161,0.0,-1.9933947044137312e-06,-1.0963632348648389e-05,-2.7053484028413525e-07,7.368347464304871,-2.7053484221277967e-07,1.5947097708135516e-05,,,-2.7053484221277956e-07,True,True,6,175,DH,MFA,,,,,
all6,DH_2_MFA,DH_2_MFA__cand_06,ok,4.348824180659309,784.6430178518096,False,False,True,False,0.366717658446681,0.6332823415533191,0.6332823415533191,0.5,0.022434099487355752,-0.17239785719603162,0.0021328683268161297,10.518276822481855,-0.0006001529843866025,0.18103427691598029,,,-0.0004357958590706259,True,True,1,50,DH,MFA,,,,,
all6,DH_2_MFA,DH_2_MFA__cand_06,ok,6.723099631700083,1528.2878951471912,False,False,True,False,0.33615302455691737,0.6638469754430826,0.6638469754430826,0.0,0.03451982882350535,-0.18669991463156066,0.0017553526259578658,19.665466820188605,-0.0003072768990504403,0.19109706201771814,,,-0.00022159360114906856,True,True,2,75,DH,MFA,,,,,
all6,DH_2_MFA,DH_2_MFA__cand_06,ok,9.012094951951518,2367.4788444006194,False,False,True,False,0.3438465517145354,0.6561534482854646,0.6561534482854646,0.0,0.045141908616940896,-0.19499424794750553,0.0012731457620698537,35.4569837655903,-0.0001347219996306724,0.1969060425313245,,,-9.62721311570852e-05,True,True,3,100,DH,MFA,,,,,
all6,DH_2_MFA,DH_2_MFA__cand_06,ok,10.865868672534354,3314.7184379616983,False,False,True,False,0.3234158717365783,0.6765841282634216,0.6765841282634216,0.0,0.05751227229264089,-0.1993501550178962,0.0010313765574912952,55.76263283754759,-4.333036856123258e-05,0.19994877892833074,,,-3.0141196298395587e-05,True,True,4,125,DH,MFA,,,,,
all6,DH_2_MFA,DH_2_MFA__cand_06,ok,12.761805467270012,4331.911397419759,False,False,True,False,0.3137367167854654,0.6862632832145346,0.6862632832145346,0.0,0.06297122942881117,-0.20018381786256612,0.001113981708088799,56.52806412490171,-2.5756018835866717e-05,0.20053059339619494,,,-1.7456993223456063e-05,True,True,5,150,DH,MFA,,,,,
all6,DH_2_MFA,DH_2_MFA__cand_06,ok,14.531936137354638,5472.149994349087,False,False,True,False,0.3052303551065737,0.6947696448934264,0.6947696448934264,0.0,0.06657915653629232,-0.20053570316648006,0.0012358753912278418,53.872062676275114,-1.8354323068687787e-05,0.20077603395318988,,,-1.2103379186014857e-05,True,True,6,175,DH,MFA,,,,,
all6,DH_2_MFA,DH_2_MFA__cand_07,ok,2.687190119302612,589.4969327128782,False,False,True,False,0.37074737451563683,0.6292526254843632,0.6292526254843632,1.0,4.255436796713838,0.0014657537425932787,0.5774242915032655,7.369687869617055,4.778525790559773e-05,0.0,,,4.924224182557891e-05,True,False,1,50,DH,MFA,,,,,
all6,DH_2_MFA,DH_2_MFA__cand_07,ok,3.7218484468567987,838.6735585183924,False,False,True,False,0.33928809012911293,0.6607119098708871,0.6607119098708871,0.5,6.298693685785651,0.001123588084738003,0.8547610502299525,7.368952626106608,4.7022385200472815e-05,0.0,,,4.92438797735576e-05,True,False,2,75,DH,MFA,,,,,
all6,DH_2_MFA,DH_2_MFA__cand_07,ok,4.608787610275498,1022.1385926746601,False,False,True,False,0.3462188447479514,0.6537811552520487,0.6537811552520487,0.5,8.535223369925376,0.0007487506696719493,1.1582944149826973,7.368785741795082,4.613410965976491e-05,0.0,,,4.924559378685214e-05,True,False,3,100,DH,MFA,,,,,
all6,DH_2_MFA,DH_2_MFA__cand_07,ok,5.1081943541512365,1225.7171844091386,False,False,True,False,0.32559424817096866,0.6744057518290314,0.6744057518290314,0.5,11.29482718818197,0.00028573736712189657,1.5328174263605399,7.368670915361364,4.494579011443714e-05,0.0,,,4.924774735729801e-05,True,False,4,125,DH,MFA,,,,,
all6,DH_2_MFA,DH_2_MFA__cand_07,ok,6.19131547599861,1528.7246668237663,False,False,True,False,0.31568514562972366,0.6843148543702763,0.6843148543702763,0.5,12.485262299321448,8.583058028932555e-05,1.6943787851774519,7.368637053617188,4.4395393660242266e-05,0.0,,,4.924881081405108e-05,True,False,5,150,DH,MFA,,,,,
all6,DH_2_MFA,DH_2_MFA__cand_07,ok,7.534161081214164,2048.241123104949,False,False,True,False,0.30700991346648543,0.6929900865335146,0.6929900865335146,0.5,13.252140613719035,-4.300623787401037e-05,1.7984566146718317,7.368618461856631,4.402927712609149e-05,0.0,,,4.924926293978664e-05,True,False,6,175,DH,MFA,,,,,
all6,DH_2_MFA,DH_2_MFA__cand_08,ok,3.7824651172228823,724.8721809297518,False,False,True,False,0.42614645175093396,0.5738535482490661,0.5738535482490661,1.0,3.4820520860881032,2.391679715713451,0.15389263549277668,22.626502398495486,-0.10498018421258912,0.0,,,-0.040537033493238804,True,False,1,50,DH,MFA,,,,,
all6,DH_2_MFA,DH_2_MFA__cand_08,ok,5.801929280735822,1334.1027295865583,False,False,True,False,0.3910000069810482,0.6089999930189519,0.6089999930189519,0.5,4.703352089433878,3.0992129682384473,0.21879403390406232,21.496710881505216,-0.1543590413717842,0.0,,,-0.060434613223762076,True,False,2,75,DH,MFA,,,,,
all6,DH_2_MFA,DH_2_MFA__cand_08,ok,7.297207997239684,1851.2834539067278,False,False,True,False,0.39312954482015056,0.6068704551798494,0.6068704551798494,0.5,6.01811359928017,3.8714514716319854,0.29249369914259327,20.57519056622921,-0.20676196361011717,0.0,,,-0.08215065871815443,True,False,3,100,DH,MFA,,,,,
all6,DH_2_MFA,DH_2_MFA__cand_08,ok,9.103247862062018,2692.7825940467346,False,False,True,False,0.3782595919238961,0.6217404080761039,0.6217404080761039,0.5,7.619659896812323,4.826766933130713,0.38784203830289327,19.64629705989115,-0.269492772749769,0.0,,,-0.10900635777747995,True,False,4,125,DH,MFA,,,,,
all6,DH_2_MFA,DH_2_MFA__cand_08,ok,10.689085370189629,3429.356417870214,False,False,True,False,0.3666703638288155,0.6333296361711845,0.6333296361711845,0.5,8.305427615989046,5.240611680217583,0.43059529859248813,19.28824500206454,-0.29599445604611396,0.0,,,-0.12063548995407083,True,False,5,150,DH,MFA,,,,,
all6,DH_2_MFA,DH_2_MFA__cand_08,ok,12.34652329174936,4331.2195024405755,False,False,True,False,0.355897841349725,0.6441021586502751,0.6441021586502751,0.5,8.74586053253212,5.5078811671778,0.4586758449127063,19.067628325177235,-0.3129045275815217,0.0,,,-0.12814423894914181,True,False,6,175,DH,MFA,,,,,
all6,DH_2_MFA,DH_2_MFA__cand_09,ok,3.4422316964144626,570.5853936474514,False,False,True,False,0.3750895610502747,0.6249104389497253,0.6249104389497253,1.0,1.8006652423718776,0.18881102009949302,0.23078205338763444,7.80244917635506,0.0018572613138650202,0.0,,,0.0018050203693662692,True,False,1,50,DH,MFA,,,,,
all6,DH_2_MFA,DH_2_MFA__cand_09,ok,5.325097671745168,1083.4204761194915,False,False,True,False,0.34334327294076755,0.6566567270592325,0.6566567270592325,0.5,2.716497480880932,0.244071820681512,0.35260728955067977,7.704030975486948,0.001761679626285782,0.0,,,0.001712463943789294,True,False,2,75,DH,MFA,,,,,
all6,DH_2_MFA,DH_2_MFA__cand_09,ok,6.964471443934034,1563.6634335360927,False,False,True,False,0.3499458005757165,0.6500541994242834,0.6500541994242834,0.5,3.7728563853227257,0.308267888973603,0.4940447786714632,7.636668877400792,0.0016514917891583506,0.0,,,0.0016057204880237012,True,False,3,100,DH,MFA,,,,,
all6,DH_2_MFA,DH_2_MFA__cand_09,ok,8.146941777878688,2080.7687204718304,False,False,True,False,0.3298743935179534,0.6701256064820467,0.6701256064820467,0.5,5.148393740566348,0.3925368755970595,0.679480550587349,7.576955272841925,0.0015082310221219246,0.0,,,0.0014668732128835017,True,False,4,125,DH,MFA,,,,,
all6,DH_2_MFA,DH_2_MFA__cand_09,ok,9.697885934625127,2729.7252192138812,False,False,True,False,0.3198730686682865,0.6801269313317135,0.6801269313317135,0.5,5.764951477557219,0.4305423376835762,0.7630094268911819,7.555544236256728,0.0014441369563724196,0.0,,,0.0014047266625929174,True,False,5,150,DH,MFA,,,,,
all6,DH_2_MFA,DH_2_MFA__cand_09,ok,11.265813576700578,3545.500367833879,False,False,True,False,0.3110536212097491,0.6889463787902509,0.6889463787902509,0.5,6.169240907658761,0.4555384960615072,0.8179079593502291,7.54270799927145,0.0014021565545905106,0.0,,,0.0013640135665067936,True,False,6,175,DH,MFA,,,,,
all6,DH_2_MFA,DH_2_MFA__cand_10,ok,4.311443745594442,955.5283980768158,True,False,True,False,0.42857142857142855,0.5714285714285714,0.5714285714285714,1.0,3.2018993888577256,2.9669611300300716,0.11819560665908396,27.089834210954088,-0.026978618702336435,0.0,,,-0.017545078506961884,True,False,1,50,DH,MFA,,,,,
all6,DH_2_MFA,DH_2_MFA__cand_10,ok,6.340716164026612,1592.722141216132,False,False,True,False,0.40194767142732996,0.5980523285726701,0.5980523285726701,0.5,4.188727139386501,3.755093566430631,0.15990470311291718,26.195146595710938,-0.047258445785451735,0.0,,,-0.031241824599952943,True,False,2,75,DH,MFA,,,,,
all6,DH_2_MFA,DH_2_MFA__cand_10,ok,7.848946229718112,2146.8703653747407,False,False,True,False,0.40257480053184885,0.5974251994681511,0.5974251994681511,0.5,5.297507986957115,4.650799827703992,0.2080372054534772,25.46423355096347,-0.06909121813796305,0.0,,,-0.04644627542440011,True,False,3,100,DH,MFA,,,,,
all6,DH_2_MFA,DH_2_MFA__cand_10,ok,9.888709476625115,3118.7230027507912,False,False,True,False,0.3889936831580307,0.6110063168419693,0.6110063168419693,0.5,6.71454444535226,5.810485747123678,0.27153907645820613,24.72772807852474,-0.09558505647120225,0.0,,,-0.06557423465190484,True,False,4,125,DH,MFA,,,,,
all6,DH_2_MFA,DH_2_MFA__cand_10,ok,11.504395059800054,3906.6236294046466,False,False,True,False,0.37727602760396683,0.622723972396033,0.622723972396033,0.5,7.343919929074687,6.330716952479264,0.30046896369375037,24.4415258028443,-0.10686442627044494,0.0,,,-0.07395492743922848,True,False,5,150,DH,MFA,,,,,
all6,DH_2_MFA,DH_2_MFA__cand_10,ok,13.200002030883619,4903.749266775858,False,False,True,False,0.36623464858231813,0.6337653514176819,0.6337653514176819,0.5,7.755368140037035,6.672470318272843,0.3196254344837083,24.26392678218584,-0.11408087858106047,0.0,,,-0.07939404786214779,True,False,6,175,DH,MFA,,,,,
all6,DH_2_MFA,DH_2_MFA__cand_11,ok,4.210788363272298,787.1816568564286,False,False,True,False,0.4173837430609163,0.5826162569390837,0.5826162569390837,1.0,2.0136093632668803,2.0136093632668803,0.05968670247039002,33.73631445405804,0.014703496174613398,0.0,,,0.010736539707101833,True,False,1,50,DH,MFA,,,,,
all6,DH_2_MFA,DH_2_MFA__cand_11,ok,6.448392405324582,1464.3890092880088,False,False,True,False,0.3769000486541093,0.6230999513458907,0.6230999513458907,0.5,2.254476709894462,2.254476709894462,0.07033018235310025,32.05560734331128,0.009942434564490711,0.0,,,0.007257570368353764,True,False,2,75,DH,MFA,,,,,
all6,DH_2_MFA,DH_2_MFA__cand_11,ok,8.361716960062163,2150.372915572266,False,False,True,False,0.376935508447471,0.623064491552529,0.623064491552529,0.5,2.5352467133439944,2.5352467133439944,0.08276002591382721,30.63371096553047,0.004401270486314635,0.0,,,0.003205042467947315,True,False,3,100,DH,MFA,,,,,
all6,DH_2_MFA,DH_2_MFA__cand_11,ok,10.336070085339218,3121.1270551120915,False,False,True,False,0.35734766878230595,0.642652331217694,0.642652331217694,0.5,2.932307403285378,2.910307329569733,0.09940348662338215,29.499039750941968,-0.0029857669437937623,0.0,,,-0.002203707182220004,True,False,4,125,DH,MFA,,,,,
all6,DH_2_MFA,DH_2_MFA__cand_11,ok,12.137705311412233,4032.427142075695,False,False,True,False,0.3456782643704072,0.6543217356295928,0.6543217356295928,0.5,3.129943279823266,3.0829345389651905,0.10707924527737127,29.23015820400732,-0.006379848828578993,0.0,,,-0.004691235412351657,True,False,5,150,DH,MFA,,,,,
all6,DH_2_MFA,DH_2_MFA__cand_11,ok,13.897878899020503,5121.997742208264,False,False,True,False,0.3353942036899424,0.6646057963100576,0.6646057963100576,0.5,3.2614947625904307,3.1978531827847547,0.11219436911356641,29.070039685227435,-0.008637194933555076,0.0,,,-0.006346514088010855,True,False,6,175,DH,MFA,,,,,
all6,DH_2_MFA,DH_2_MFA__cand_12,ok,4.091203595846315,725.0622766804329,False,False,True,False,0.3728828680669088,0.6271171319330912,0.6271171319330912,1.0,0.532072896947767,0.0936024238223041,0.06424424202933926,8.28203244587707,0.0009260667969631581,0.0,,,0.0009163423781596474,True,False,1,50,DH,MFA,,,,,
all6,DH_2_MFA,DH_2_MFA__cand_12,ok,6.31589618910382,1395.7206234651671,False,False,True,False,0.3413458253871786,0.6586541746128214,0.6586541746128214,0.5,0.8170346811686215,0.12440363914984687,0.10026005309987088,8.149154682321566,0.0009064303053852953,0.0,,,0.0008969575884037356,True,False,2,75,DH,MFA,,,,,
all6,DH_2_MFA,DH_2_MFA__cand_12,ok,8.384935923711296,2109.9398678185976,False,False,True,False,0.34816723222930285,0.6518327677706972,0.6518327677706972,0.5,1.159712070693601,0.1615143907890655,0.14372535639067294,8.068945520937046,0.0008828985143348332,0.0,,,0.0008737240417564089,True,False,3,100,DH,MFA,,,,,
all6,DH_2_MFA,DH_2_MFA__cand_12,ok,10.032919631399063,2912.509757661165,False,False,True,False,0.32790537385782337,0.6720946261421766,0.6720946261421766,0.5,1.6257133195068008,0.21208734870722878,0.20306996531668972,8.005680785789686,0.000851051094145515,0.0,,,0.0008422771588988971,True,False,4,125,DH,MFA,,,,,
all6,DH_2_MFA,DH_2_MFA__cand_12,ok,11.814538809047853,3802.978405074722,False,False,True,False,0.31797557813677274,0.6820244218632272,0.6820244218632272,0.5,1.8411859318791528,0.23550839390382805,0.23059338823331954,7.984556478333194,0.0008363884147029182,0.0,,,0.0008277973045403477,True,False,5,150,DH,MFA,,,,,
all6,DH_2_MFA,DH_2_MFA__cand_12,ok,13.51844180662956,4835.189304359415,False,False,True,False,0.3092390728875933,0.6907609271124067,0.6907609271124067,0.5,1.9845529416190573,0.25110367952964907,0.2489336193200643,7.972217441097962,0.0008266551578224574,0.0,,,0.0008181849625292038,True,False,6,175,DH,MFA,,,,,
all6,DH_2_MFA,DH_2_MFA__cand_13,ok,4.166730788968588,749.0093788098764,False,False,True,False,0.37735701317113624,0.6226429868288638,0.6226429868288638,1.0,0.5736188534314124,0.28664109214861355,0.04175759921963682,13.73687338714779,-0.019315906952851417,0.0,,,0.0026668992229486855,True,False,1,50,DH,MFA,,,,,
all6,DH_2_MFA,DH_2_MFA__cand_13,ok,6.428323588067582,1446.2565605536402,False,False,True,False,0.34669926979760485,0.6533007302023951,0.6533007302023951,0.5,0.9095471715486951,0.4451314381729077,0.06249919114946004,14.552943083273057,-0.031878935492564806,0.0,,,0.0015741839752474148,True,False,2,75,DH,MFA,,,,,
all6,DH_2_MFA,DH_2_MFA__cand_13,ok,8.479324475598819,2176.18591529452,False,False,True,False,0.3538285862965061,0.6461714137034938,0.6461714137034938,0.5,1.3000901982333914,0.6286448867852528,0.08671980388217067,14.991848920690261,-0.04649977933429885,0.0,,,0.00031744559662201895,True,False,3,100,DH,MFA,,,,,
all6,DH_2_MFA,DH_2_MFA__cand_13,ok,10.250966377849936,3039.4501238545663,False,False,True,False,0.33510341850071296,0.664896581499287,0.664896581499287,0.5,1.8200689577253968,0.8717474712758246,0.11914703454222711,15.275822555871862,-0.06599056084886104,0.0,,,-0.0013326797312579175,True,False,4,125,DH,MFA,,,,,
all6,DH_2_MFA,DH_2_MFA__cand_13,ok,12.057748563194439,3969.011376108462,False,False,True,False,0.3252466423108328,0.6747533576891672,0.6747533576891672,0.5,2.0587431861690106,0.9828661792474236,0.13410051698630543,15.352238995314634,-0.0749459540980521,0.0,,,-0.002081861167120576,True,False,5,150,DH,MFA,,,,,
all6,DH_2_MFA,DH_2_MFA__cand_13,ok,13.790153681818815,5032.20690965406,False,False,True,False,0.3163883109263635,0.6836116890736366,0.6836116890736366,0.5,2.217402139896791,1.0565675787010633,0.14406503144469535,15.39167497942082,-0.08090285199661827,0.0,,,-0.0025769110495345395,True,False,6,175,DH,MFA,,,,,
all6,DH_2_MFA,DH_2_MFA__cand_14,ok,4.245229690077251,779.9459708956468,False,False,True,False,0.39114548706185176,0.6088545129381482,0.6088545129381482,1.0,0.8815499688412416,0.8815499688412416,0.02760515275327067,31.934254329992623,0.005784067260096828,0.0,,,0.005221921957299282,True,False,1,50,DH,MFA,,,,,
all6,DH_2_MFA,DH_2_MFA__cand_14,ok,6.553059793920723,1497.1270595404962,False,False,True,False,0.3580975329786421,0.6419024670213579,0.6419024670213579,0.5,1.128007654393599,1.128007654393599,0.03650363636613172,30.901240716943228,0.0042287294201446375,0.0,,,0.003818518569539607,True,False,2,75,DH,MFA,,,,,
all6,DH_2_MFA,DH_2_MFA__cand_14,ok,8.601880927297337,2235.3846307752633,False,False,True,False,0.36332813820910415,0.636671861790896,0.636671861790896,0.5,1.4124733391303295,1.4124733391303295,0.04687106103932293,30.135296872100277,0.002437593647768441,0.0,,,0.002201627681954595,True,False,3,100,DH,MFA,,,,,
all6,DH_2_MFA,DH_2_MFA__cand_14,ok,10.509811736089354,3184.5604065782445,False,False,True,False,0.3450997287302697,0.6549002712697304,0.6549002712697304,0.5,1.787852824661897,1.787852824661897,0.06071181290552454,29.448187084184557,8.036597289120405e-05,0.0,,,7.260031615099246e-05,True,False,4,125,DH,MFA,,,,,
all6,DH_2_MFA,DH_2_MFA__cand_14,ok,12.349594697715409,4143.189270616136,False,False,True,False,0.3347424514406691,0.6652575485593308,0.6652575485593308,0.5,1.966200030075683,1.958894819819477,0.0670792232218794,29.31160999840503,-0.0009914355552786993,0.0,,,-0.0008958180085075285,True,False,5,150,DH,MFA,,,,,
all6,DH_2_MFA,DH_2_MFA__cand_14,ok,14.113881086993002,5250.79669767543,False,False,True,False,0.3254026550900976,0.6745973449099024,0.6745973449099024,0.5,2.0846917319070144,2.072162353867256,0.07131696245967158,29.231358992411785,-0.0017004398831083677,0.0,,,-0.001536571679258123,True,False,6,175,DH,MFA,,,,,
all6,DH_2_MFA,DH_2_MFA__cand_15,ok,4.297578820370848,787.1715940129916,False,False,True,False,0.3797407408379509,0.6202592591620492,0.6202592591620492,1.0,0.3894879162312037,0.3894879162312037,0.011628587305857797,33.49400111869158,0.0024316578818490333,0.0,,,0.0023103074355155114,True,False,1,50,DH,MFA,,,,,
all6,DH_2_MFA,DH_2_MFA__cand_15,ok,6.634302319628714,1496.9288990628581,False,False,True,False,0.34783545568990665,0.6521645443100933,0.6521645443100933,0.5,0.5132009598829512,0.5132009598829512,0.015864758591098416,32.34848843971089,0.002045156512226605,0.0,,,0.0019431345524712422,True,False,2,75,DH,MFA,,,,,
all6,DH_2_MFA,DH_2_MFA__cand_15,ok,8.800946056947243,2291.042247377703,False,False,True,False,0.3541714411534919,0.6458285588465081,0.6458285588465081,0.5,0.6569345781730931,0.6569345781730931,0.020808758927164092,31.570098941149247,0.0015963124540943423,0.0,,,0.001516716686074922,True,False,3,100,DH,MFA,,,,,
all6,DH_2_MFA,DH_2_MFA__cand_15,ok,10.689632366195516,3247.240209236056,False,False,True,False,0.334845979531197,0.665154020468803,0.665154020468803,0.5,0.8481546442498598,0.8481546442498598,0.027423438046041953,30.9280930722789,0.000999505352671861,0.0,,,0.0009496923241024755,True,False,4,125,DH,MFA,,,,,
all6,DH_2_MFA,DH_2_MFA__cand_15,ok,12.552576555340666,4218.301233991979,False,False,True,False,0.32478942387812143,0.6752105761218786,0.6752105761218786,0.5,0.9358708911974958,0.9358708911974958,0.030472014163303078,30.71247230924922,0.0007258521320739301,0.0,,,0.0006896843033466764,True,False,5,150,DH,MFA,,,,,
all6,DH_2_MFA,DH_2_MFA__cand_15,ok,14.322043827773502,5351.367011231612,False,False,True,False,0.3158343947087085,0.6841656052912916,0.6841656052912916,0.5,0.9941609957803195,0.9941609957803195,0.03250287419640149,30.58686409617235,0.0005440347156273494,0.0,,,0.0005169331583131215,True,False,6,175,DH,MFA,,,,,
all6,DH_2_MFA,DH_2_MFA__cand_16,ok,4.299157799658178,788.8112101636368,False,False,True,False,0.37882979313964377,0.6211702068603563,0.6211702068603563,1.0,0.35018473618235646,0.35018473618235646,0.011206507112902804,31.24833925988993,0.0034634828258159954,0.0,,,0.003341728486033547,True,False,1,50,DH,MFA,,,,,
all6,DH_2_MFA,DH_2_MFA__cand_16,ok,6.644945900016601,1520.0896997130496,False,False,True,False,0.3467260485583451,0.6532739514416549,0.6532739514416549,0.5,0.4467357684571738,0.4467357684571738,0.014888234730872578,30.00595950645596,0.0032510517432337523,0.0,,,0.0031374320664600513,True,False,2,75,DH,MFA,,,,,
all6,DH_2_MFA,DH_2_MFA__cand_16,ok,8.825506399914959,2312.587521512933,False,False,True,False,0.35298527460515655,0.6470147253948434,0.6470147253948434,0.5,0.5590614260118656,0.5590614260118656,0.01918690857898229,29.137649961196573,0.003004121993471357,0.0,,,0.0028999373727121827,True,False,3,100,DH,MFA,,,,,
all6,DH_2_MFA,DH_2_MFA__cand_16,ok,10.70535696243835,3261.360057516208,False,False,True,False,0.33332478354668227,0.6666752164533177,0.6666752164533177,0.5,0.7087456270264028,0.7087456270264028,0.024941305364869586,28.416541021332733,0.0026753802032907477,0.0,,,0.0025837358729974636,True,False,4,125,DH,MFA,,,,,
all6,DH_2_MFA,DH_2_MFA__cand_16,ok,12.58063531486496,4253.757340633255,False,False,True,False,0.3232486646704702,0.6767513353295298,0.6767513353295298,0.5,0.7775036478872295,0.7775036478872295,0.027594516168604342,28.17602030550672,0.0025246195103683484,0.0,,,0.0024385880108481806,True,False,5,150,DH,MFA,,,,,
all6,DH_2_MFA,DH_2_MFA__cand_16,ok,14.350762146326256,5381.407200907786,False,False,True,False,0.31431720799198043,0.6856827920080196,0.6856827920080196,0.5,0.8232282163708504,0.8232282163708504,0.02936246662936281,28.036752727974584,0.0024242594711577693,0.0,,,0.002342101844177791,True,False,6,175,DH,MFA,,,,,
all6,DH_2_MFA,DH_2_MFA__cand_17,ok,4.300133310095637,790.7210277142876,False,False,True,False,0.37322599463501077,0.6267740053649893,0.6267740053649893,1.0,0.19211645311061432,0.10840674827552732,0.008511942652016836,22.570224091570196,-0.007582740244815093,0.0,,,-0.002916429343995193,True,False,1,50,DH,MFA,,,,,
all6,DH_2_MFA,DH_2_MFA__cand_17,ok,6.64143197228329,1521.9211517803253,False,False,True,False,0.34207471081276875,0.6579252891872313,0.6579252891872313,0.5,0.30054862552943007,0.16807156588393468,0.013112168886470826,22.921351008492348,-0.011983174127951525,0.0,,,-0.004540208173957278,True,False,2,75,DH,MFA,,,,,
all6,DH_2_MFA,DH_2_MFA__cand_17,ok,8.85049195479821,2326.1153921690066,False,False,True,False,0.3491205117672566,0.6508794882327434,0.6508794882327434,0.5,0.43237961977138184,0.24017153501664268,0.018626952198508694,23.212580091658737,-0.017378467466001937,0.0,,,-0.006510418617999316,True,False,3,100,DH,MFA,,,,,
all6,DH_2_MFA,DH_2_MFA__cand_17,ok,10.685817672715785,3256.853185412522,False,False,True,False,0.329302177425589,0.670697822574411,0.670697822574411,0.5,0.6151124367273866,0.34009650375278966,0.026227158063124898,23.453263035472688,-0.024880847030044683,0.0,,,-0.009255554228637055,True,False,4,125,DH,MFA,,,,,
all6,DH_2_MFA,DH_2_MFA__cand_17,ok,12.554672880992019,4242.26676415098,False,False,True,False,0.31945209321614054,0.6805479067838595,0.6805479067838595,0.5,0.7010815968481836,0.38727229163966115,0.029807606303890014,23.52022466012944,-0.028406462824101076,0.0,,,-0.01055723772127662,True,False,5,150,DH,MFA,,,,,
all6,DH_2_MFA,DH_2_MFA__cand_17,ok,14.315187520059805,5362.675516219935,False,False,True,False,0.31072966879324326,0.6892703312067567,0.6892703312067567,0.5,0.7588097924581945,0.4190406238225677,0.032217954338375626,23.55238897195769,-0.030769829458282483,0.0,,,-0.011435746600015288,True,False,6,175,DH,MFA,,,,,
all6,DH_2_MFA,DH_2_MFA__cand_18,ok,4.311654040614862,791.4195957722173,False,False,True,False,0.37396046668343136,0.6260395333165686,0.6260395333165686,1.0,0.15608441660283745,0.14009582023165024,0.008848026212915066,17.640591567756438,0.001543930808600812,0.0,,,0.0015405948514088093,True,False,1,50,DH,MFA,,,,,
all6,DH_2_MFA,DH_2_MFA__cand_18,ok,6.664124831624868,1524.9653304833546,False,False,True,False,0.3422419749557652,0.6577580250442348,0.6577580250442348,0.5,0.2116640502338356,0.17809245268612983,0.012577341533646544,16.828997580100534,0.0015028985646415199,0.0,,,0.0015094110017747353,True,False,2,75,DH,MFA,,,,,
all6,DH_2_MFA,DH_2_MFA__cand_18,ok,8.887337504186132,2333.7625342029246,False,False,True,False,0.3489054546713488,0.6510945453286512,0.6510945453286512,0.5,0.27651994634943833,0.22242671166053185,0.016935260799335872,16.328059521839915,0.001454927100473198,0.0,,,0.001473032676044274,True,False,3,100,DH,MFA,,,,,
all6,DH_2_MFA,DH_2_MFA__cand_18,ok,10.746277525873841,3275.4152557843736,False,False,True,False,0.3286652216768943,0.6713347783231056,0.6713347783231056,0.5,0.3632731118727861,0.28172310818490587,0.02277492067915641,15.950576381381358,0.0013906637034015634,0.0,,,0.0014244002655280105,True,False,4,125,DH,MFA,,,,,
all6,DH_2_MFA,DH_2_MFA__cand_18,ok,12.629432854704858,4274.957133813465,False,False,True,False,0.3186910082375843,0.6813089917624158,0.6813089917624158,0.5,0.4032483573813579,0.3090440199017621,0.025469786103412093,15.83242025449661,0.0013609427528391634,0.0,,,0.0014019984808348268,True,False,5,150,DH,MFA,,,,,
all6,DH_2_MFA,DH_2_MFA__cand_18,ok,14.397598720024854,5404.539315447483,False,False,True,False,0.3099148676998649,0.690085132300135,0.690085132300135,0.5,0.42987559971378175,0.3272416289978679,0.027266233084561862,15.765859492970346,0.0013411792718579596,0.0,,,0.0013870801627652101,True,False,6,175,DH,MFA,,,,,
all6,DH_2_MFA,DH_2_MFA__cand_19,ok,4.412503692429535,883.8574137513853,False,False,True,False,0.3707191616417506,0.6292808383582493,0.6292808383582493,1.0,0.00024849871894616626,0.00024849871894616626,5.620955932347522e-06,44.20933413053532,5.620723438224978e-06,0.0,,,5.620574314348575e-06,True,False,1,50,DH,MFA,,,,,
all6,DH_2_MFA,DH_2_MFA__cand_19,ok,6.7488313243831195,1603.6868061473324,False,False,True,False,0.3392734835303454,0.6607265164696546,0.6607265164696546,0.5,0.00024849871894616626,0.00024849871894616626,5.620955932347522e-06,44.20933413053532,5.620723438224978e-06,0.0,,,5.620574314348575e-06,True,False,2,75,DH,MFA,,,,,
all6,DH_2_MFA,DH_2_MFA__cand_19,ok,9.007894738271867,2440.7648589694027,False,False,True,False,0.3462127819808228,0.6537872180191772,0.6537872180191772,0.5,0.00024849871894616626,0.00024849871894616626,5.620955932347522e-06,44.20933413053532,5.620723438224978e-06,0.0,,,5.620574314348575e-06,True,False,3,100,DH,MFA,,,,,
all6,DH_2_MFA,DH_2_MFA__cand_19,ok,10.895395289059234,3409.0097091718953,False,False,True,False,0.3255938418322453,0.6744061581677546,0.6744061581677546,0.5,0.00024849871894616626,0.00024849871894616626,5.620955932347522e-06,44.20933413053532,5.620723438224978e-06,0.0,,,5.620574314348575e-06,True,False,4,125,DH,MFA,,,,,
all6,DH_2_MFA,DH_2_MFA__cand_19,ok,12.769377003127978,4401.82316855084,False,False,True,False,0.31568672823245886,0.6843132717675411,0.6843132717675411,0.5,0.00024849871894616626,0.00024849871894616626,5.620955932347522e-06,44.20933413053532,5.620723438224978e-06,0.0,,,5.620574314348575e-06,True,False,5,150,DH,MFA,,,,,
all6,DH_2_MFA,DH_2_MFA__cand_19,ok,14.541009625916235,5551.0720800945455,False,False,True,False,0.3070125008429376,0.6929874991570625,0.6929874991570625,0.5,0.00024849871894616626,0.00024849871894616626,5.620955932347522e-06,44.20933413053532,5.620723438224978e-06,0.0,,,5.620574314348575e-06,True,False,6,175,DH,MFA,,,,,
all6,DH_2_MFA,DH_2_MFA__cand_20,ok,4.985494073427567,1218.1928072943733,False,False,True,False,0.37136021116703904,0.628639788832961,0.628639788832961,1.0,0.07325103039210035,0.027906820881085537,0.0034269159725899634,21.37520469658302,-0.0026072953612254297,0.0,,,-0.001171345929631616,True,False,1,50,DH,MFA,,,,,
all6,DH_2_MFA,DH_2_MFA__cand_20,ok,7.09935388884572,1925.836385628816,False,False,True,False,0.33994601920603834,0.6600539807939617,0.6600539807939617,0.5,0.10272982779595452,0.040540480944329715,0.005755353693853838,17.849437803563674,-0.0033493002622022087,0.0,,,-0.0011831390305929168,True,False,2,75,DH,MFA,,,,,
all6,DH_2_MFA,DH_2_MFA__cand_20,ok,9.247884571724503,2749.9501637952503,False,False,True,False,0.346879934367208,0.653120065632792,0.653120065632792,0.5,0.13717195643906166,0.05529667649722114,0.008483169339391897,16.16989487668233,-0.004210628051387171,0.0,,,-0.0011969247921177414,True,False,3,100,DH,MFA,,,,,
all6,DH_2_MFA,DH_2_MFA__cand_20,ok,11.11210022705935,3729.697878872805,False,False,True,False,0.32641015274057444,0.6735898472594256,0.6735898472594256,0.5,0.18331461174298624,0.07505878131067334,0.012149804446325123,15.087865204154154,-0.005355658794985353,0.0,,,-0.001215389256405614,True,False,4,125,DH,MFA,,,,,
all6,DH_2_MFA,DH_2_MFA__cand_20,ok,12.902523867412809,4691.081757227728,False,False,True,False,0.3165032447956336,0.6834967552043664,0.6834967552043664,0.5,0.20460430475607438,0.08417431696817346,0.013846128268089501,14.777004863346239,-0.005880690646188141,0.0,,,-0.001223916064130342,True,False,5,150,DH,MFA,,,,,
all6,DH_2_MFA,DH_2_MFA__cand_20,ok,14.644370641530276,5830.967636570964,False,False,True,False,0.30781134231074153,0.6921886576892585,0.6921886576892585,0.5,0.21879446959130178,0.09024941350004667,0.014978388288569594,14.60734395290511,-0.006229554375562672,0.0,,,-0.0012295927997390532,True,False,6,175,DH,MFA,,,,,
all6,DH_2_MFA,DH_2_MFA__cand_21,ok,2.3813189624381343,500.996348574931,False,False,True,False,0.3773327758574942,0.6226672241425059,0.6226672241425059,0.5,5.44155089238582,0.28559536416253195,0.5606419481872721,9.705928908780422,-0.2843256816941839,0.0,,,-0.00280877257616312,False,False,1,50,DH,MFA,,,,,
all6,DH_2_MFA,DH_2_MFA__cand_21,ok,3.694968637903475,824.7841333444559,False,False,True,False,0.3464971931687067,0.6535028068312932,0.6535028068312932,1.0,7.9031906319611664,0.4330249161934745,0.8229143130194991,9.603904692047687,-0.42198203708079396,0.0,,,-0.004265159346897169,False,False,2,75,DH,MFA,,,,,
all6,DH_2_MFA,DH_2_MFA__cand_21,ok,4.599718011806177,1070.2654256966725,False,False,True,False,0.3535350553300593,0.6464649446699406,0.6464649446699406,1.0,10.528560861638994,0.6044250156521542,1.1083152780076835,9.499608162548494,-0.575112565216704,0.0,,,-0.00596647073314008,False,False,3,100,DH,MFA,,,,,
all6,DH_2_MFA,DH_2_MFA__cand_21,ok,5.500617153003951,1437.7496450951942,False,False,True,False,0.33467652800617537,0.6653234719938246,0.6653234719938246,1.0,13.695017744300642,0.8326253693827539,1.459900668320846,9.380787365521538,-0.7683498673330953,0.0,,,-0.008245219177468153,False,False,4,125,DH,MFA,,,,,
all6,DH_2_MFA,DH_2_MFA__cand_21,ok,6.623795157582594,1790.0127128702513,False,False,True,False,0.3248039809871372,0.6751960190128627,0.6751960190128627,1.0,15.041327979063425,0.9373671465591116,1.6116893185823584,9.332647307170697,-0.8532674084163064,0.0,,,-0.009296509192240851,False,False,5,150,DH,MFA,,,,,
all6,DH_2_MFA,DH_2_MFA__cand_21,ok,7.972176675413467,2324.3082948982656,False,False,True,False,0.3159482848454664,0.6840517151545337,0.6840517151545337,1.0,15.903293975974748,1.0069923483150518,1.7095589725864326,9.302571149045695,-0.9084752329892735,0.0,,,-0.009997169335944052,False,False,6,175,DH,MFA,,,,,
all6,DH_2_MFA,DH_2_MFA__cand_22,ok,5.6849497232053,1545.887752430347,False,False,True,False,0.37210178411012357,0.6278982158898765,0.6278982158898765,1.0,0.33709643709917714,0.05990226360032125,0.017582237229431495,19.172556523972965,-0.019012517285823205,0.0,,,-0.0014142630774797529,True,False,1,50,DH,MFA,,,,,
all6,DH_2_MFA,DH_2_MFA__cand_22,ok,7.494995766653118,2220.6776537532714,False,False,True,False,0.3409299172821549,0.6590700827178451,0.6590700827178451,0.5,0.6068465586365619,0.09948635582841803,0.030447819295169362,19.930706785718474,-0.03446623035778401,0.0,,,-0.0022579737425191624,True,False,2,75,DH,MFA,,,,,
all6,DH_2_MFA,DH_2_MFA__cand_22,ok,9.392809352613929,2985.9572115249316,False,False,True,False,0.348058620647297,0.651941379352703,0.651941379352703,0.5,0.9791452384696839,0.15255261564286116,0.04824617979473681,20.294772407586542,-0.05621512999015633,0.0,,,-0.003336562099428511,True,False,3,100,DH,MFA,,,,,
all6,DH_2_MFA,DH_2_MFA__cand_22,ok,11.067442473322236,3886.7433710971472,False,False,True,False,0.32814795352220255,0.6718520464777974,0.6718520464777974,0.5,1.5459912300228211,0.2343184043724733,0.07610244691412783,20.314606069989843,-0.09012936116698111,0.0,,,-0.004934099836435557,True,False,4,125,DH,MFA,,,,,
all6,DH_2_MFA,DH_2_MFA__cand_22,ok,12.681125878993633,4752.3073929226475,False,False,True,False,0.3183682991220502,0.6816317008779498,0.6816317008779498,1.0,1.8260533445923102,0.2758742989197742,0.09029019530182027,20.224270625267952,-0.10718426607638033,0.0,,,-0.005728574363404294,False,False,5,150,DH,MFA,,,,,
all6,DH_2_MFA,DH_2_MFA__cand_22,ok,14.32623619031123,5810.545535837928,False,False,True,False,0.3097160173054541,0.6902839826945459,0.6902839826945459,1.0,2.0175310776266144,0.30483828850684347,0.10016095297253998,20.142890195740637,-0.11894225002054108,0.0,,,-0.006277860121270089,False,False,6,175,DH,MFA,,,,,
all6,DH_2_MFA,DH_2_MFA__cand_23,ok,2.3802897242940197,566.9364189052235,False,False,True,False,0.38874781348543924,0.6112521865145608,0.6112521865145608,0.5,7.290919994799907,0.778101443259331,0.6831081813127751,10.67315572299025,-0.4238326904817897,0.0,,,-0.01205027992102138,False,False,1,50,DH,MFA,,,,,
all6,DH_2_MFA,DH_2_MFA__cand_23,ok,3.522777619818809,878.8608420677332,False,False,True,False,0.3588455885748805,0.6411544114251194,0.6411544114251194,1.0,10.389993479555784,1.1728240765948215,0.9910062839342413,10.484286172543802,-0.6161995932542997,0.0,,,-0.018271443121836293,False,False,2,75,DH,MFA,,,,,
all6,DH_2_MFA,DH_2_MFA__cand_23,ok,4.095136716350803,1075.8459573466212,False,False,True,False,0.3659231194125895,0.6340768805874105,0.6340768805874105,1.0,13.594027976865021,1.6265908174394923,1.3194967833200584,10.302433585825302,-0.8216411793693331,0.0,,,-0.025517919089487705,False,False,3,100,DH,MFA,,,,,
all6,DH_2_MFA,DH_2_MFA__cand_23,failed:ODESolverWarningError,,inf,False,False,False,False,0.0,,1.0,1.0,,,,,,,,,,False,False,4,125,DH,MFA,False,False,False,False,False
all6,DH_2_MFA,DH_2_MFA__cand_23,failed:ODESolverWarningError,,inf,False,False,False,False,0.0,,1.0,1.0,,,,,,,,,,False,False,5,150,DH,MFA,False,False,False,False,False
all6,DH_2_MFA,DH_2_MFA__cand_23,failed:ODESolverWarningError,,inf,False,False,False,False,0.0,,1.0,1.0,,,,,,,,,,False,False,6,175,DH,MFA,False,False,False,False,False
all6,DH_2_MFA,DH_2_MFA__cand_24,failed:ODESolverWarningError,,inf,False,False,False,False,0.0,,1.0,1.0,,,,,,,,,,False,False,1,50,DH,MFA,False,False,False,False,False
all6,DH_2_MFA,DH_2_MFA__cand_24,failed:ODESolverWarningError,,inf,False,False,False,False,0.0,,1.0,1.0,,,,,,,,,,False,False,2,75,DH,MFA,False,False,False,False,False
all6,DH_2_MFA,DH_2_MFA__cand_24,failed:ODESolverWarningError,,inf,False,False,False,False,0.0,,1.0,1.0,,,,,,,,,,False,False,3,100,DH,MFA,False,False,False,False,False
all6,DH_2_MFA,DH_2_MFA__cand_24,failed:ODESolverWarningError,,inf,False,False,False,False,0.0,,1.0,1.0,,,,,,,,,,False,False,4,125,DH,MFA,False,False,False,False,False
all6,DH_2_MFA,DH_2_MFA__cand_24,failed:ODESolverWarningError,,inf,False,False,False,False,0.0,,1.0,1.0,,,,,,,,,,False,False,5,150,DH,MFA,False,False,False,False,False
all6,DH_2_MFA,DH_2_MFA__cand_24,failed:ODESolverWarningError,,inf,False,False,False,False,0.0,,1.0,1.0,,,,,,,,,,False,False,6,175,DH,MFA,False,False,False,False,False
all6,VH_6_MFA,VH_6_MFA__cand_01,ok,0.5616440203226295,124.73078700809138,False,False,False,False,0.2649076301770597,0.7350923698229402,0.7350923698229402,0.5,4.838703123056533,-0.003916591404447445,0.6567413247438935,7.367745778664775,-4.970129331973765e-05,0.0047676289427158736,,,-4.601247530997384e-05,True,True,1,50,VH,MFA,,,,,
all6,VH_6_MFA,VH_6_MFA__cand_01,ok,0.6612138938113574,130.849302546307,False,False,True,False,0.2857142857142857,0.7142857142857143,0.7142857142857143,0.0,7.079680445613803,-0.004770364683480466,0.960878306190686,7.367926198355489,-5.018353621293958e-05,0.005604305765942286,,,-4.508868366368998e-05,True,True,2,75,VH,MFA,,,,,
all6,VH_6_MFA,VH_6_MFA__cand_01,ok,0.7421466953015845,145.09815037906773,False,False,True,False,0.2857142857142857,0.7142857142857143,0.7142857142857143,0.0,9.49733914593945,-0.0056749871041716915,1.2889938171707518,7.368025369419864,-5.088650118192017e-05,0.006490870811475702,,,-4.411290817384202e-05,True,True,3,100,VH,MFA,,,,,
all6,VH_6_MFA,VH_6_MFA__cand_01,ok,0.823212586476601,155.79252661193843,False,False,True,False,0.2857142857142857,0.7142857142857143,0.7142857142857143,0.0,12.445432267489636,-0.006755391107134301,1.6890978851535332,7.368094162499285,-5.1970862838015174e-05,0.00754978252743399,,,-4.295159209760793e-05,True,True,4,125,VH,MFA,,,,,
all6,VH_6_MFA,VH_6_MFA__cand_01,ok,0.79540762057408,150.31520858771793,False,False,True,False,0.2857142857142857,0.7142857142857143,0.7142857142857143,0.5,13.708248702553803,-0.007210679054239222,1.860482563979082,7.368114578421778,-5.2530919615095296e-05,0.007996036584117405,,,-4.2463632130576294e-05,True,True,5,150,VH,MFA,,,,,
all6,VH_6_MFA,VH_6_MFA__cand_01,ok,0.9914681276268493,188.02946556237166,False,False,True,False,0.2857142857142857,0.7142857142857143,0.7142857142857143,0.0,14.51943198092205,-0.007500786818809502,1.9705732959109423,7.368125819552484,-5.2922311420257555e-05,0.008280398112674447,,,-4.215287394594851e-05,True,True,6,175,VH,MFA,,,,,
all6,VH_6_MFA,VH_6_MFA__cand_02,ok,0.9078810863265162,172.70765548401278,False,False,False,False,0.26200098553006035,0.7379990144699397,0.7379990144699397,0.5,6.148745985447519,0.0001426664974673031,0.8236531106670255,7.465213092521476,-0.06342469116825207,0.000312808856122615,,,-2.331490299270387e-06,True,True,1,50,VH,MFA,,,,,
all6,VH_6_MFA,VH_6_MFA__cand_02,ok,0.6803423115219106,128.4491751249592,False,False,True,False,0.2857142857142857,0.7142857142857143,0.7142857142857143,0.0,8.859914152106583,0.00031983566304916167,1.1877791998901768,7.459226557365022,-0.09570981476140149,0.0003441700188773211,,,-2.082855567914247e-06,True,True,2,75,VH,MFA,,,,,
all6,VH_6_MFA,VH_6_MFA__cand_02,ok,0.8353636603669714,158.09156911240873,False,False,True,False,0.2857142857142857,0.7142857142857143,0.7142857142857143,0.0,11.715261341221222,0.0005365198157392115,1.5717727877797032,7.45353363559009,-0.1329340148663513,0.0003724085301826108,,,-1.8728784968824512e-06,True,True,3,100,VH,MFA,,,,,
all6,VH_6_MFA,VH_6_MFA__cand_02,ok,1.5008580600285295,238.46617372543466,False,False,True,False,0.2857142857142857,0.7142857142857143,0.7142857142857143,0.0,15.117908871829059,0.0008384802322041196,2.0299420205730434,7.447458458720581,-0.1820009813218294,0.0004004966629906903,,,-1.6413771748348163e-06,True,True,4,125,VH,MFA,,,,,
all6,VH_6_MFA,VH_6_MFA__cand_02,ok,1.2915910862451512,221.56383112627944,False,False,True,False,0.2857142857142857,0.7142857142857143,0.7142857142857143,0.5,16.552885890753558,0.0009808965434388028,2.223325901746629,7.445100998351042,-0.20434174334421276,0.0004107430341662166,,,-1.583158885308859e-06,True,True,5,150,VH,MFA,,,,,
all6,VH_6_MFA,VH_6_MFA__cand_02,ok,0.980502218104429,183.97432585196225,False,False,True,False,0.2857142857142857,0.7142857142857143,0.7142857142857143,0.0,17.468304198106097,0.0010767715990596116,2.346737512968676,7.443654904552276,-0.21913141748741327,0.0004168292498007986,,,-1.4406740919986025e-06,True,True,6,175,VH,MFA,,,,,
all6,VH_6_MFA,VH_6_MFA__cand_03,ok,1.6515347353164942,310.52965846913816,False,False,True,False,0.2857142857142857,0.7142857142857143,0.7142857142857143,0.5,7.347902677576457,-0.07618943838441794,0.9978829399794756,7.363491631320591,-0.0003040077054244171,0.0788806701994531,,,-0.0001079325199740853,True,True,1,50,VH,MFA,,,,,
all6,VH_6_MFA,VH_6_MFA__cand_03,ok,1.7535274555331997,319.2530944676765,False,False,True,False,0.2857142857142857,0.7142857142857143,0.7142857142857143,0.0,10.4756003654893,-0.07464375967205683,1.422108286289849,7.366246625859404,-0.00027719794097233284,0.07698653819690549,,,-9.105267708468379e-05,True,True,2,75,VH,MFA,,,,,
all6,VH_6_MFA,VH_6_MFA__cand_03,ok,2.222914713471583,406.953852630902,False,False,True,False,0.2857142857142857,0.7142857142857143,0.7142857142857143,0.0,13.70522789714461,-0.07168080228078111,1.860266551302856,7.367346301822187,-0.00030613586001463706,0.07434067943630396,,,-0.00010559419780296871,True,True,3,100,VH,MFA,,,,,
all6,VH_6_MFA,VH_6_MFA__cand_03,ok,3.295785015916683,619.0109168421725,False,False,True,False,0.2857142857142857,0.7142857142857143,0.7142857142857143,0.0,17.480910134562563,-0.06730430742361193,2.3726237235451126,7.367754929316412,-0.00038260664066767263,0.0708265867457385,,,-0.0001455156349473621,True,True,4,125,VH,MFA,,,,,
all6,VH_6_MFA,VH_6_MFA__cand_03,ok,3.1524936345328305,594.0575681655786,False,False,True,False,0.2857142857142857,0.7142857142857143,0.7142857142857143,0.5,19.052438801971476,-0.06532918810054866,2.585910705601578,7.367786815182845,-0.0004230140812570088,0.06930443648519713,,,-0.00016643287010318172,True,True,5,150,VH,MFA,,,,,
all6,VH_6_MFA,VH_6_MFA__cand_03,ok,2.8497816667927434,540.8712051425102,False,False,True,False,0.2857142857142857,0.7142857142857143,0.7142857142857143,0.0,20.049130727125075,-0.06404953839503946,2.7211897751520384,7.367781148598829,-0.0004505194602067063,0.06833153553756688,,,-0.00018056962848313676,True,True,6,175,VH,MFA,,,,,
all6,VH_6_MFA,VH_6_MFA__cand_04,ok,1.6452929710881994,305.96362855367465,False,False,False,False,0.26272762947563205,0.7372723705243679,0.7372723705243679,0.5,7.352444301398137,-0.0015514810227159614,0.9977951781034904,7.368690952558951,2.4612329994257954e-05,0.0014264874916847248,,,3.391436749984081e-05,True,True,1,50,VH,MFA,,,,,
all6,VH_6_MFA,VH_6_MFA__cand_04,ok,1.7295020370651855,311.24845597030503,False,False,True,False,0.2857142857142857,0.7142857142857143,0.7142857142857143,0.0,10.471596907115341,-0.0028495429283310614,1.4211147934453299,7.36857919952276,1.9953860381117185e-05,0.0027243825754226236,,,3.39596639292753e-05,True,True,2,75,VH,MFA,,,,,
all6,VH_6_MFA,VH_6_MFA__cand_04,ok,2.190348790715336,397.8425351046431,False,False,True,False,0.2857142857142857,0.7142857142857143,0.7142857142857143,0.0,13.693460127978469,-0.004193079522835319,1.858373905692643,7.368517221444043,1.4587612778372918e-05,0.004067746535213246,,,3.400651382631519e-05,True,True,3,100,VH,MFA,,,,,
all6,VH_6_MFA,VH_6_MFA__cand_04,ok,3.257769342585883,607.7838613440957,False,False,True,False,0.2857142857142857,0.7142857142857143,0.7142857142857143,0.0,17.461281301154173,-0.005767532830120103,2.3697283699731195,7.368473755222942,7.510248007434882e-06,0.00564199753469552,,,3.406140305875281e-05,True,True,4,125,VH,MFA,,,,,
all6,VH_6_MFA,VH_6_MFA__cand_04,ok,3.1114530559450397,582.4233757508223,False,False,True,False,0.2857142857142857,0.7142857142857143,0.7142857142857143,0.5,19.029887580857107,-0.0064239699228352265,2.582613692008833,7.368460734077151,4.2759152075906155e-06,0.00629835023464409,,,3.408426733747824e-05,True,True,5,150,VH,MFA,,,,,
all6,VH_6_MFA,VH_6_MFA__cand_04,ok,2.8055304254312485,528.8258686470983,False,False,True,False,0.2857142857142857,0.7142857142857143,0.7142857142857143,0.0,20.02482479733284,-0.006840615742021328,2.717642814660863,7.368453532342423,2.1301142424971143e-06,0.006714942606734553,,,3.409881101591657e-05,True,True,6,175,VH,MFA,,,,,
all6,VH_6_MFA,VH_6_MFA__cand_05,ok,2.660884783977573,378.3041779982872,False,False,True,False,0.2857142857142857,0.7142857142857143,0.7142857142857143,0.5,0.022434099487355752,-0.17239785719603162,0.0021328683268161297,10.518276822481855,-0.0006001529843866025,0.18103427691598029,,,-0.0004357958590706259,True,True,1,50,VH,MFA,,,,,
all6,VH_6_MFA,VH_6_MFA__cand_05,ok,4.254068393554441,715.7740628859875,False,False,True,False,0.2857142857142857,0.7142857142857143,0.7142857142857143,0.0,0.03451982882350535,-0.18669991463156066,0.0017553526259578658,19.665466820188605,-0.0003072768990504403,0.19109706201771814,,,-0.00022159360114906856,True,True,2,75,VH,MFA,,,,,
all6,VH_6_MFA,VH_6_MFA__cand_05,ok,5.546996162670353,1066.0388536216306,False,False,True,False,0.2857142857142857,0.7142857142857143,0.7142857142857143,0.0,0.045141908616940896,-0.19499424794750553,0.0012731457620698537,35.4569837655903,-0.0001347219996306724,0.1969060425313245,,,-9.62721311570852e-05,True,True,3,100,VH,MFA,,,,,
all6,VH_6_MFA,VH_6_MFA__cand_05,ok,6.485341985648052,1360.1293378317073,False,False,True,False,0.2857142857142857,0.7142857142857143,0.7142857142857143,0.0,0.05751227229264089,-0.1993501550178962,0.0010313765574912952,55.76263283754759,-4.333036856123258e-05,0.19994877892833074,,,-3.0141196298395587e-05,True,True,4,125,VH,MFA,,,,,
all6,VH_6_MFA,VH_6_MFA__cand_05,ok,7.51397242979993,1724.7254526692027,False,False,True,False,0.2857142857142857,0.7142857142857143,0.7142857142857143,0.5,0.06297122942881117,-0.20018381786256612,0.001113981708088799,56.52806412490171,-2.5756018835866717e-05,0.20053059339619494,,,-1.7456993223456063e-05,True,True,5,150,VH,MFA,,,,,
all6,VH_6_MFA,VH_6_MFA__cand_05,ok,8.419280989848694,2096.644321433772,False,False,True,False,0.2857142857142857,0.7142857142857143,0.7142857142857143,0.0,0.06657915653629232,-0.20053570316648006,0.0012358753912278418,53.872062676275114,-1.8354323068687787e-05,0.20077603395318988,,,-1.2103379186014857e-05,True,True,6,175,VH,MFA,,,,,
all6,VH_6_MFA,VH_6_MFA__cand_06,ok,2.743600911400431,470.2533437132986,False,False,False,False,0.26180729159310634,0.7381927084068937,0.7381927084068937,0.5,-1.9933947044137312e-06,-1.0963632348648389e-05,-2.7053484028413525e-07,7.368347464304871,-2.7053484221277967e-07,1.5947097708135516e-05,,,-2.7053484221277956e-07,True,True,1,50,VH,MFA,,,,,
all6,VH_6_MFA,VH_6_MFA__cand_06,ok,4.288692896500942,801.1341756195106,False,False,True,False,0.2857142857142857,0.7142857142857143,0.7142857142857143,0.0,-1.9933947044137312e-06,-1.0963632348648389e-05,-2.7053484028413525e-07,7.368347464304871,-2.7053484221277967e-07,1.5947097708135516e-05,,,-2.7053484221277956e-07,True,True,2,75,VH,MFA,,,,,
all6,VH_6_MFA,VH_6_MFA__cand_06,ok,5.5711044441143445,1152.5731250887748,False,False,True,False,0.2857142857142857,0.7142857142857143,0.7142857142857143,0.0,-1.9933947044137312e-06,-1.0963632348648389e-05,-2.7053484028413525e-07,7.368347464304871,-2.7053484221277967e-07,1.5947097708135516e-05,,,-2.7053484221277956e-07,True,True,3,100,VH,MFA,,,,,
all6,VH_6_MFA,VH_6_MFA__cand_06,ok,6.504130812198394,1448.6490671983745,False,False,True,False,0.2857142857142857,0.7142857142857143,0.7142857142857143,0.0,-1.9933947044137312e-06,-1.0963632348648389e-05,-2.7053484028413525e-07,7.368347464304871,-2.7053484221277967e-07,1.5947097708135516e-05,,,-2.7053484221277956e-07,True,True,4,125,VH,MFA,,,,,
all6,VH_6_MFA,VH_6_MFA__cand_06,ok,7.53159320919584,1812.0941010510578,False,False,True,False,0.2857142857142857,0.7142857142857143,0.7142857142857143,0.5,-1.9933947044137312e-06,-1.0963632348648389e-05,-2.7053484028413525e-07,7.368347464304871,-2.7053484221277967e-07,1.5947097708135516e-05,,,-2.7053484221277956e-07,True,True,5,150,VH,MFA,,,,,
all6,VH_6_MFA,VH_6_MFA__cand_06,ok,8.432734133744194,2176.91498639764,False,False,True,False,0.2857142857142857,0.7142857142857143,0.7142857142857143,0.0,-1.9933947044137312e-06,-1.0963632348648389e-05,-2.7053484028413525e-07,7.368347464304871,-2.7053484221277967e-07,1.5947097708135516e-05,,,-2.7053484221277956e-07,True,True,6,175,VH,MFA,,,,,
all6,VH_6_MFA,VH_6_MFA__cand_07,ok,1.7224994274988836,352.59278848627434,False,False,False,False,0.26179688656096417,0.7382031134390358,0.7382031134390358,1.0,4.255436796713838,0.0014657537425932787,0.5774242915032655,7.369687869617055,4.778525790559773e-05,0.0,,,4.924224182557891e-05,True,False,1,50,VH,MFA,,,,,
all6,VH_6_MFA,VH_6_MFA__cand_07,ok,1.8415168983394343,380.28056544672665,False,False,True,False,0.2857142857142857,0.7142857142857143,0.7142857142857143,0.5,6.298693685785651,0.001123588084738003,0.8547610502299525,7.368952626106608,4.7022385200472815e-05,0.0,,,4.92438797735576e-05,True,False,2,75,VH,MFA,,,,,
all6,VH_6_MFA,VH_6_MFA__cand_07,ok,1.9177197375131785,401.82065503188994,False,False,True,False,0.2857142857142857,0.7142857142857143,0.7142857142857143,0.5,8.535223369925376,0.0007487506696719493,1.1582944149826973,7.368785741795082,4.613410965976491e-05,0.0,,,4.924559378685214e-05,True,False,3,100,VH,MFA,,,,,
all6,VH_6_MFA,VH_6_MFA__cand_07,ok,1.7653578254715263,377.4301769705278,False,False,True,False,0.2857142857142857,0.7142857142857143,0.7142857142857143,0.5,11.29482718818197,0.00028573736712189657,1.5328174263605399,7.368670915361364,4.494579011443714e-05,0.0,,,4.924774735729801e-05,True,False,4,125,VH,MFA,,,,,
all6,VH_6_MFA,VH_6_MFA__cand_07,ok,1.893524172854009,404.4141331456342,False,False,True,False,0.2857142857142857,0.7142857142857143,0.7142857142857143,1.0,12.485262299321448,8.583058028932555e-05,1.6943787851774519,7.368637053617188,4.4395393660242266e-05,0.0,,,4.924881081405108e-05,True,False,5,150,VH,MFA,,,,,
all6,VH_6_MFA,VH_6_MFA__cand_07,ok,2.1285487950243795,459.28622362508054,False,False,True,False,0.2857142857142857,0.7142857142857143,0.7142857142857143,0.5,13.252140613719035,-4.300623787401037e-05,1.7984566146718317,7.368618461856631,4.402927712609149e-05,0.0,,,4.924926293978664e-05,True,False,6,175,VH,MFA,,,,,
all6,VH_6_MFA,VH_6_MFA__cand_08,ok,1.7233643199876,222.7643269181708,False,False,False,False,0.26179688656096417,0.7382031134390358,0.7382031134390358,1.0,1.8006652423718776,0.18881102009949302,0.23078205338763444,7.80244917635506,0.0018572613138650202,0.0,,,0.0018050203693662692,True,False,1,50,VH,MFA,,,,,
all6,VH_6_MFA,VH_6_MFA__cand_08,ok,2.8053921049357133,398.5214324332477,False,False,True,False,0.2857142857142857,0.7142857142857143,0.7142857142857143,0.5,2.716497480880932,0.244071820681512,0.35260728955067977,7.704030975486948,0.001761679626285782,0.0,,,0.001712463943789294,True,False,2,75,VH,MFA,,,,,
all6,VH_6_MFA,VH_6_MFA__cand_08,ok,3.5305054525356745,549.1321574001588,False,False,True,False,0.2857142857142857,0.7142857142857143,0.7142857142857143,0.5,3.7728563853227257,0.308267888973603,0.4940447786714632,7.636668877400792,0.0016514917891583506,0.0,,,0.0016057204880237012,True,False,3,100,VH,MFA,,,,,
all6,VH_6_MFA,VH_6_MFA__cand_08,ok,3.729793189200124,594.7991833862911,False,False,True,False,0.2857142857142857,0.7142857142857143,0.7142857142857143,0.5,5.148393740566348,0.3925368755970595,0.679480550587349,7.576955272841925,0.0015082310221219246,0.0,,,0.0014668732128835017,True,False,4,125,VH,MFA,,,,,
all6,VH_6_MFA,VH_6_MFA__cand_08,ok,4.420845087507563,758.3031668469366,False,False,True,False,0.2857142857142857,0.7142857142857143,0.7142857142857143,1.0,5.764951477557219,0.4305423376835762,0.7630094268911819,7.555544236256728,0.0014441369563724196,0.0,,,0.0014047266625929174,True,False,5,150,VH,MFA,,,,,
all6,VH_6_MFA,VH_6_MFA__cand_08,ok,5.109576548376435,956.616977397402,False,False,True,False,0.2857142857142857,0.7142857142857143,0.7142857142857143,0.5,6.169240907658761,0.4555384960615072,0.8179079593502291,7.54270799927145,0.0014021565545905106,0.0,,,0.0013640135665067936,True,False,6,175,VH,MFA,,,,,
all6,VH_6_MFA,VH_6_MFA__cand_09,ok,2.0801956246424833,336.27759419174225,False,False,False,False,0.26179688656096417,0.7382031134390358,0.7382031134390358,1.0,3.4820520860881032,2.391679715713451,0.15389263549277668,22.626502398495486,-0.10498018421258912,0.0,,,-0.040537033493238804,True,False,1,50,VH,MFA,,,,,
all6,VH_6_MFA,VH_6_MFA__cand_09,ok,3.190186440553123,566.0920793023437,False,False,True,False,0.30385155028772737,0.6961484497122726,0.6961484497122726,0.5,4.703352089433878,3.0992129682384473,0.21879403390406232,21.496710881505216,-0.1543590413717842,0.0,,,-0.060434613223762076,True,False,2,75,VH,MFA,,,,,
all6,VH_6_MFA,VH_6_MFA__cand_09,ok,4.128786476872233,805.8581131742808,False,False,True,False,0.34847454665930927,0.6515254533406907,0.6515254533406907,0.5,6.01811359928017,3.8714514716319854,0.29249369914259327,20.57519056622921,-0.20676196361011717,0.0,,,-0.08215065871815443,True,False,3,100,VH,MFA,,,,,
all6,VH_6_MFA,VH_6_MFA__cand_09,ok,4.709858810624855,989.5331931833573,False,False,True,False,0.3357182572059468,0.6642817427940532,0.6642817427940532,0.5,7.619659896812323,4.826766933130713,0.38784203830289327,19.64629705989115,-0.269492772749769,0.0,,,-0.10900635777747995,True,False,4,125,VH,MFA,,,,,
all6,VH_6_MFA,VH_6_MFA__cand_09,ok,5.472387547785467,1224.1286545651346,False,False,True,False,0.3126163375378884,0.6873836624621116,0.6873836624621116,1.0,8.305427615989046,5.240611680217583,0.43059529859248813,19.28824500206454,-0.29599445604611396,0.0,,,-0.12063548995407083,True,False,5,150,VH,MFA,,,,,
all6,VH_6_MFA,VH_6_MFA__cand_09,ok,6.189012962703567,1462.7627997535426,False,False,True,False,0.2857142857142857,0.7142857142857143,0.7142857142857143,0.5,8.74586053253212,5.5078811671778,0.4586758449127063,19.067628325177235,-0.3129045275815217,0.0,,,-0.12814423894914181,True,False,6,175,VH,MFA,,,,,
all6,VH_6_MFA,VH_6_MFA__cand_10,ok,2.765003970713059,552.4010727226548,False,False,False,False,0.26431678204400605,0.7356832179559939,0.7356832179559939,1.0,3.2018993888577256,2.9669611300300716,0.11819560665908396,27.089834210954088,-0.026978618702336435,0.0,,,-0.017545078506961884,True,False,1,50,VH,MFA,,,,,
all6,VH_6_MFA,VH_6_MFA__cand_10,ok,3.8687266425018487,815.425862245998,False,False,True,False,0.3322791074215772,0.6677208925784228,0.6677208925784228,0.5,4.188727139386501,3.755093566430631,0.15990470311291718,26.195146595710938,-0.047258445785451735,0.0,,,-0.031241824599952943,True,False,2,75,VH,MFA,,,,,
all6,VH_6_MFA,VH_6_MFA__cand_10,ok,4.89525849031038,1095.2374119770197,False,False,True,False,0.3690506947010136,0.6309493052989864,0.6309493052989864,0.5,5.297507986957115,4.650799827703992,0.2080372054534772,25.46423355096347,-0.06909121813796305,0.0,,,-0.04644627542440011,True,False,3,100,VH,MFA,,,,,
all6,VH_6_MFA,VH_6_MFA__cand_10,ok,5.634196939074612,1329.6093891663822,False,False,True,False,0.3577990910853152,0.6422009089146847,0.6422009089146847,0.5,6.71454444535226,5.810485747123678,0.27153907645820613,24.72772807852474,-0.09558505647120225,0.0,,,-0.06557423465190484,True,False,4,125,VH,MFA,,,,,
all6,VH_6_MFA,VH_6_MFA__cand_10,ok,6.446303148608019,1600.9719285852482,False,False,True,False,0.3343677621637437,0.6656322378362562,0.6656322378362562,1.0,7.343919929074687,6.330716952479264,0.30046896369375037,24.4415258028443,-0.10686442627044494,0.0,,,-0.07395492743922848,True,False,5,150,VH,MFA,,,,,
all6,VH_6_MFA,VH_6_MFA__cand_10,ok,7.182333651432839,1879.9160017635281,False,False,True,False,0.29606130280489057,0.7039386971951095,0.7039386971951095,0.5,7.755368140037035,6.672470318272843,0.3196254344837083,24.26392678218584,-0.11408087858106047,0.0,,,-0.07939404786214779,True,False,6,175,VH,MFA,,,,,
all6,VH_6_MFA,VH_6_MFA__cand_11,ok,1.060636042499226,218.37294538315177,False,False,False,False,0.26179688656096417,0.7382031134390358,0.7382031134390358,0.5,5.44155089238582,0.28559536416253195,0.5606419481872721,9.705928908780422,-0.2843256816941839,0.0,,,-0.00280877257616312,False,False,1,50,VH,MFA,,,,,
all6,VH_6_MFA,VH_6_MFA__cand_11,ok,1.3176304784675268,297.5226315622792,False,False,True,False,0.2857142857142857,0.7142857142857143,0.7142857142857143,1.0,7.9031906319611664,0.4330249161934745,0.8229143130194991,9.603904692047687,-0.42198203708079396,0.0,,,-0.004265159346897169,False,False,2,75,VH,MFA,,,,,
all6,VH_6_MFA,VH_6_MFA__cand_11,ok,1.6811554464846128,378.492710692758,False,False,True,False,0.2857142857142857,0.7142857142857143,0.7142857142857143,1.0,10.528560861638994,0.6044250156521542,1.1083152780076835,9.499608162548494,-0.575112565216704,0.0,,,-0.00596647073314008,False,False,3,100,VH,MFA,,,,,
all6,VH_6_MFA,VH_6_MFA__cand_11,ok,1.9760679994444013,430.82291162576007,False,False,True,False,0.2857142857142857,0.7142857142857143,0.7142857142857143,1.0,13.695017744300642,0.8326253693827539,1.459900668320846,9.380787365521538,-0.7683498673330953,0.0,,,-0.008245219177468153,False,False,4,125,VH,MFA,,,,,
all6,VH_6_MFA,VH_6_MFA__cand_11,ok,2.219758088854998,502.8389409642675,False,False,True,False,0.2857142857142857,0.7142857142857143,0.7142857142857143,0.5,15.041327979063425,0.9373671465591116,1.6116893185823584,9.332647307170697,-0.8532674084163064,0.0,,,-0.009296509192240851,False,False,5,150,VH,MFA,,,,,
all6,VH_6_MFA,VH_6_MFA__cand_11,ok,2.4750139516928416,578.3972169283445,False,False,True,False,0.2857142857142857,0.7142857142857143,0.7142857142857143,1.0,15.903293975974748,1.0069923483150518,1.7095589725864326,9.302571149045695,-0.9084752329892735,0.0,,,-0.009997169335944052,False,False,6,175,VH,MFA,,,,,
all6,VH_6_MFA,VH_6_MFA__cand_12,ok,2.3809204694954453,333.19539958140285,False,False,False,False,0.26179688656096417,0.7382031134390358,0.7382031134390358,1.0,0.532072896947767,0.0936024238223041,0.06424424202933926,8.28203244587707,0.0009260667969631581,0.0,,,0.0009163423781596474,True,False,1,50,VH,MFA,,,,,
all6,VH_6_MFA,VH_6_MFA__cand_12,ok,3.816577606612039,614.482027680525,False,False,True,False,0.2857142857142857,0.7142857142857143,0.7142857142857143,0.5,0.8170346811686215,0.12440363914984687,0.10026005309987088,8.149154682321566,0.0009064303053852953,0.0,,,0.0008969575884037356,True,False,2,75,VH,MFA,,,,,
all6,VH_6_MFA,VH_6_MFA__cand_12,ok,4.93008533909692,895.7910509124183,False,False,True,False,0.2857142857142857,0.7142857142857143,0.7142857142857143,0.5,1.159712070693601,0.1615143907890655,0.14372535639067294,8.068945520937046,0.0008828985143348332,0.0,,,0.0008737240417564089,True,False,3,100,VH,MFA,,,,,
all6,VH_6_MFA,VH_6_MFA__cand_12,ok,5.626221895356351,1095.4993871664758,False,False,True,False,0.2857142857142857,0.7142857142857143,0.7142857142857143,0.5,1.6257133195068008,0.21208734870722878,0.20306996531668972,8.005680785789686,0.000851051094145515,0.0,,,0.0008422771588988971,True,False,4,125,VH,MFA,,,,,
all6,VH_6_MFA,VH_6_MFA__cand_12,ok,6.542619094424635,1385.5028014176182,False,False,True,False,0.2857142857142857,0.7142857142857143,0.7142857142857143,1.0,1.8411859318791528,0.23550839390382805,0.23059338823331954,7.984556478333194,0.0008363884147029182,0.0,,,0.0008277973045403477,True,False,5,150,VH,MFA,,,,,
all6,VH_6_MFA,VH_6_MFA__cand_12,ok,7.375031437114229,1694.644092299336,False,False,True,False,0.2857142857142857,0.7142857142857143,0.7142857142857143,0.5,1.9845529416190573,0.25110367952964907,0.2489336193200643,7.972217441097962,0.0008266551578224574,0.0,,,0.0008181849625292038,True,False,6,175,VH,MFA,,,,,
all6,VH_6_MFA,VH_6_MFA__cand_13,ok,2.4786782099665814,389.4238921586152,False,False,False,False,0.26179688656096417,0.7382031134390358,0.7382031134390358,1.0,2.0136093632668803,2.0136093632668803,0.05968670247039002,33.73631445405804,0.014703496174613398,0.0,,,0.010736539707101833,True,False,1,50,VH,MFA,,,,,
all6,VH_6_MFA,VH_6_MFA__cand_13,ok,3.8671331173191352,670.4142843997819,False,False,True,False,0.2857142857142857,0.7142857142857143,0.7142857142857143,0.5,2.254476709894462,2.254476709894462,0.07033018235310025,32.05560734331128,0.009942434564490711,0.0,,,0.007257570368353764,True,False,2,75,VH,MFA,,,,,
all6,VH_6_MFA,VH_6_MFA__cand_13,ok,5.047411141350383,977.756378241524,False,False,True,False,0.31319642397340836,0.6868035760265917,0.6868035760265917,0.5,2.5352467133439944,2.5352467133439944,0.08276002591382721,30.63371096553047,0.004401270486314635,0.0,,,0.003205042467947315,True,False,3,100,VH,MFA,,,,,
all6,VH_6_MFA,VH_6_MFA__cand_13,ok,5.865266182190836,1231.578467074396,False,False,True,False,0.2927008567650797,0.7072991432349204,0.7072991432349204,0.5,2.932307403285378,2.910307329569733,0.09940348662338215,29.499039750941968,-0.0029857669437937623,0.0,,,-0.002203707182220004,True,False,4,125,VH,MFA,,,,,
all6,VH_6_MFA,VH_6_MFA__cand_13,ok,6.816248483470505,1544.1653851193746,False,False,True,False,0.2857142857142857,0.7142857142857143,0.7142857142857143,1.0,3.129943279823266,3.0829345389651905,0.10707924527737127,29.23015820400732,-0.006379848828578993,0.0,,,-0.004691235412351657,True,False,5,150,VH,MFA,,,,,
all6,VH_6_MFA,VH_6_MFA__cand_13,ok,7.669894101083104,1864.7719684922754,False,False,True,False,0.2857142857142857,0.7142857142857143,0.7142857142857143,0.5,3.2614947625904307,3.1978531827847547,0.11219436911356641,29.070039685227435,-0.008637194933555076,0.0,,,-0.006346514088010855,True,False,6,175,VH,MFA,,,,,
all6,VH_6_MFA,VH_6_MFA__cand_14,ok,2.4295015810551024,348.51334971943385,False,False,False,False,0.26179688656096417,0.7382031134390358,0.7382031134390358,1.0,0.5736188534314124,0.28664109214861355,0.04175759921963682,13.73687338714779,-0.019315906952851417,0.0,,,0.0026668992229486855,True,False,1,50,VH,MFA,,,,,
all6,VH_6_MFA,VH_6_MFA__cand_14,ok,3.8810879821488,639.9292010400708,False,False,True,False,0.2857142857142857,0.7142857142857143,0.7142857142857143,0.5,0.9095471715486951,0.4451314381729077,0.06249919114946004,14.552943083273057,-0.031878935492564806,0.0,,,0.0015741839752474148,True,False,2,75,VH,MFA,,,,,
all6,VH_6_MFA,VH_6_MFA__cand_14,ok,5.033607478946581,936.3448685854883,False,False,True,False,0.2857142857142857,0.7142857142857143,0.7142857142857143,0.5,1.3000901982333914,0.6286448867852528,0.08671980388217067,14.991848920690261,-0.04649977933429885,0.0,,,0.00031744559662201895,True,False,3,100,VH,MFA,,,,,
all6,VH_6_MFA,VH_6_MFA__cand_14,ok,5.78899231682369,1160.8989882386427,False,False,True,False,0.2857142857142857,0.7142857142857143,0.7142857142857143,0.5,1.8200689577253968,0.8717474712758246,0.11914703454222711,15.275822555871862,-0.06599056084886104,0.0,,,-0.0013326797312579175,True,False,4,125,VH,MFA,,,,,
all6,VH_6_MFA,VH_6_MFA__cand_14,ok,6.728528714499732,1464.799252994928,False,False,True,False,0.2857142857142857,0.7142857142857143,0.7142857142857143,1.0,2.0587431861690106,0.9828661792474236,0.13410051698630543,15.352238995314634,-0.0749459540980521,0.0,,,-0.002081861167120576,True,False,5,150,VH,MFA,,,,,
all6,VH_6_MFA,VH_6_MFA__cand_14,ok,7.576535363421799,1787.937058448799,False,False,True,False,0.2857142857142857,0.7142857142857143,0.7142857142857143,0.5,2.217402139896791,1.0565675787010633,0.14406503144469535,15.39167497942082,-0.08090285199661827,0.0,,,-0.0025769110495345395,True,False,6,175,VH,MFA,,,,,
all6,VH_6_MFA,VH_6_MFA__cand_15,ok,2.4957925302094526,376.04538805820266,False,False,False,False,0.26179688656096417,0.7382031134390358,0.7382031134390358,1.0,0.8815499688412416,0.8815499688412416,0.02760515275327067,31.934254329992623,0.005784067260096828,0.0,,,0.005221921957299282,True,False,1,50,VH,MFA,,,,,
all6,VH_6_MFA,VH_6_MFA__cand_15,ok,3.9884719671402475,678.563074974152,False,False,True,False,0.2857142857142857,0.7142857142857143,0.7142857142857143,0.5,1.128007654393599,1.128007654393599,0.03650363636613172,30.901240716943228,0.0042287294201446375,0.0,,,0.003818518569539607,True,False,2,75,VH,MFA,,,,,
all6,VH_6_MFA,VH_6_MFA__cand_15,ok,5.20317171779513,999.6442758324137,False,False,True,False,0.2857142857142857,0.7142857142857143,0.7142857142857143,0.5,1.4124733391303295,1.4124733391303295,0.04687106103932293,30.135296872100277,0.002437593647768441,0.0,,,0.002201627681954595,True,False,3,100,VH,MFA,,,,,
all6,VH_6_MFA,VH_6_MFA__cand_15,ok,6.046464913158175,1265.3638073852526,False,False,True,False,0.2857142857142857,0.7142857142857143,0.7142857142857143,0.5,1.787852824661897,1.787852824661897,0.06071181290552454,29.448187084184557,8.036597289120405e-05,0.0,,,7.260031615099246e-05,True,False,4,125,VH,MFA,,,,,
all6,VH_6_MFA,VH_6_MFA__cand_15,ok,7.020249871245645,1590.1651075077043,False,False,True,False,0.2857142857142857,0.7142857142857143,0.7142857142857143,1.0,1.966200030075683,1.958894819819477,0.0670792232218794,29.31160999840503,-0.0009914355552786993,0.0,,,-0.0008958180085075285,True,False,5,150,VH,MFA,,,,,
all6,VH_6_MFA,VH_6_MFA__cand_15,ok,7.891234291423587,1927.6016075773061,False,False,True,False,0.2857142857142857,0.7142857142857143,0.7142857142857143,0.5,2.0846917319070144,2.072162353867256,0.07131696245967158,29.231358992411785,-0.0017004398831083677,0.0,,,-0.001536571679258123,True,False,6,175,VH,MFA,,,,,
all6,VH_6_MFA,VH_6_MFA__cand_16,ok,2.5680405214748654,375.3939692510446,False,False,False,False,0.26179688656096417,0.7382031134390358,0.7382031134390358,1.0,0.3894879162312037,0.3894879162312037,0.011628587305857797,33.49400111869158,0.0024316578818490333,0.0,,,0.0023103074355155114,True,False,1,50,VH,MFA,,,,,
all6,VH_6_MFA,VH_6_MFA__cand_16,ok,4.109096226401612,691.3314659399229,False,False,True,False,0.2857142857142857,0.7142857142857143,0.7142857142857143,0.5,0.5132009598829512,0.5132009598829512,0.015864758591098416,32.34848843971089,0.002045156512226605,0.0,,,0.0019431345524712422,True,False,2,75,VH,MFA,,,,,
all6,VH_6_MFA,VH_6_MFA__cand_16,ok,5.362444313426479,1028.218414775603,False,False,True,False,0.2857142857142857,0.7142857142857143,0.7142857142857143,0.5,0.6569345781730931,0.6569345781730931,0.020808758927164092,31.570098941149247,0.0015963124540943423,0.0,,,0.001516716686074922,True,False,3,100,VH,MFA,,,,,
all6,VH_6_MFA,VH_6_MFA__cand_16,ok,6.248364372139202,1307.0981887239022,False,False,True,False,0.2857142857142857,0.7142857142857143,0.7142857142857143,0.5,0.8481546442498598,0.8481546442498598,0.027423438046041953,30.9280930722789,0.000999505352671861,0.0,,,0.0009496923241024755,True,False,4,125,VH,MFA,,,,,
all6,VH_6_MFA,VH_6_MFA__cand_16,ok,7.251616513364846,1649.3835779546914,False,False,True,False,0.2857142857142857,0.7142857142857143,0.7142857142857143,1.0,0.9358708911974958,0.9358708911974958,0.030472014163303078,30.71247230924922,0.0007258521320739301,0.0,,,0.0006896843033466764,True,False,5,150,VH,MFA,,,,,
all6,VH_6_MFA,VH_6_MFA__cand_16,ok,8.140593672045478,1996.2515548677875,False,False,True,False,0.2857142857142857,0.7142857142857143,0.7142857142857143,0.5,0.9941609957803195,0.9941609957803195,0.03250287419640149,30.58686409617235,0.0005440347156273494,0.0,,,0.0005169331583131215,True,False,6,175,VH,MFA,,,,,
all6,VH_6_MFA,VH_6_MFA__cand_17,ok,2.5905593296644085,380.09681137612813,False,False,False,False,0.26179688656096417,0.7382031134390358,0.7382031134390358,1.0,0.19211645311061432,0.10840674827552732,0.008511942652016836,22.570224091570196,-0.007582740244815093,0.0,,,-0.002916429343995193,True,False,1,50,VH,MFA,,,,,
all6,VH_6_MFA,VH_6_MFA__cand_17,ok,4.138839352369766,703.3803143305229,False,False,True,False,0.2857142857142857,0.7142857142857143,0.7142857142857143,0.5,0.30054862552943007,0.16807156588393468,0.013112168886470826,22.921351008492348,-0.011983174127951525,0.0,,,-0.004540208173957278,True,False,2,75,VH,MFA,,,,,
all6,VH_6_MFA,VH_6_MFA__cand_17,ok,5.387740352335332,1038.414434596531,False,False,True,False,0.2857142857142857,0.7142857142857143,0.7142857142857143,0.5,0.43237961977138184,0.24017153501664268,0.018626952198508694,23.212580091658737,-0.017378467466001937,0.0,,,-0.006510418617999316,True,False,3,100,VH,MFA,,,,,
all6,VH_6_MFA,VH_6_MFA__cand_17,ok,6.268127208014339,1311.0471626603608,False,False,True,False,0.2857142857142857,0.7142857142857143,0.7142857142857143,0.5,0.6151124367273866,0.34009650375278966,0.026227158063124898,23.453263035472688,-0.024880847030044683,0.0,,,-0.009255554228637055,True,False,4,125,VH,MFA,,,,,
all6,VH_6_MFA,VH_6_MFA__cand_17,ok,7.269577582236746,1654.957679645024,False,False,True,False,0.2857142857142857,0.7142857142857143,0.7142857142857143,1.0,0.7010815968481836,0.38727229163966115,0.029807606303890014,23.52022466012944,-0.028406462824101076,0.0,,,-0.01055723772127662,True,False,5,150,VH,MFA,,,,,
all6,VH_6_MFA,VH_6_MFA__cand_17,ok,8.158311189990329,2013.5646342173272,False,False,True,False,0.2857142857142857,0.7142857142857143,0.7142857142857143,0.5,0.7588097924581945,0.4190406238225677,0.032217954338375626,23.55238897195769,-0.030769829458282483,0.0,,,-0.011435746600015288,True,False,6,175,VH,MFA,,,,,
all6,VH_6_MFA,VH_6_MFA__cand_18,ok,2.5736557412904504,382.052613600234,False,False,False,False,0.26179688656096417,0.7382031134390358,0.7382031134390358,1.0,0.35018473618235646,0.35018473618235646,0.011206507112902804,31.24833925988993,0.0034634828258159954,0.0,,,0.003341728486033547,True,False,1,50,VH,MFA,,,,,
all6,VH_6_MFA,VH_6_MFA__cand_18,ok,4.123636484992229,700.1312952537003,False,False,True,False,0.2857142857142857,0.7142857142857143,0.7142857142857143,0.5,0.4467357684571738,0.4467357684571738,0.014888234730872578,30.00595950645596,0.0032510517432337523,0.0,,,0.0031374320664600513,True,False,2,75,VH,MFA,,,,,
all6,VH_6_MFA,VH_6_MFA__cand_18,ok,5.381614732015184,1039.0658921049524,False,False,True,False,0.2857142857142857,0.7142857142857143,0.7142857142857143,0.5,0.5590614260118656,0.5590614260118656,0.01918690857898229,29.137649961196573,0.003004121993471357,0.0,,,0.0028999373727121827,True,False,3,100,VH,MFA,,,,,
all6,VH_6_MFA,VH_6_MFA__cand_18,ok,6.276379802747464,1318.40025578004,False,False,True,False,0.2857142857142857,0.7142857142857143,0.7142857142857143,0.5,0.7087456270264028,0.7087456270264028,0.024941305364869586,28.416541021332733,0.0026753802032907477,0.0,,,0.0025837358729974636,True,False,4,125,VH,MFA,,,,,
all6,VH_6_MFA,VH_6_MFA__cand_18,ok,7.283400321256187,1664.7799577827368,False,False,True,False,0.2857142857142857,0.7142857142857143,0.7142857142857143,1.0,0.7775036478872295,0.7775036478872295,0.027594516168604342,28.17602030550672,0.0025246195103683484,0.0,,,0.0024385880108481806,True,False,5,150,VH,MFA,,,,,
all6,VH_6_MFA,VH_6_MFA__cand_18,ok,8.176330946041862,2019.7466274548083,False,False,True,False,0.2857142857142857,0.7142857142857143,0.7142857142857143,0.5,0.8232282163708504,0.8232282163708504,0.02936246662936281,28.036752727974584,0.0024242594711577693,0.0,,,0.002342101844177791,True,False,6,175,VH,MFA,,,,,
all6,VH_6_MFA,VH_6_MFA__cand_19,ok,2.601075903142223,384.56939973461436,False,False,False,False,0.26179688656096417,0.7382031134390358,0.7382031134390358,1.0,0.15608441660283745,0.14009582023165024,0.008848026212915066,17.640591567756438,0.001543930808600812,0.0,,,0.0015405948514088093,True,False,1,50,VH,MFA,,,,,
all6,VH_6_MFA,VH_6_MFA__cand_19,ok,4.16420607040942,708.4323094199499,False,False,True,False,0.2857142857142857,0.7142857142857143,0.7142857142857143,0.5,0.2116640502338356,0.17809245268612983,0.012577341533646544,16.828997580100534,0.0015028985646415199,0.0,,,0.0015094110017747353,True,False,2,75,VH,MFA,,,,,
all6,VH_6_MFA,VH_6_MFA__cand_19,ok,5.431481979105392,1049.9444698404923,False,False,True,False,0.2857142857142857,0.7142857142857143,0.7142857142857143,0.5,0.27651994634943833,0.22242671166053185,0.016935260799335872,16.328059521839915,0.001454927100473198,0.0,,,0.001473032676044274,True,False,3,100,VH,MFA,,,,,
all6,VH_6_MFA,VH_6_MFA__cand_19,ok,6.338997115975489,1332.151604755009,False,False,True,False,0.2857142857142857,0.7142857142857143,0.7142857142857143,0.5,0.3632731118727861,0.28172310818490587,0.02277492067915641,15.950576381381358,0.0013906637034015634,0.0,,,0.0014244002655280105,True,False,4,125,VH,MFA,,,,,
all6,VH_6_MFA,VH_6_MFA__cand_19,ok,7.353569605502642,1684.166619710793,False,False,True,False,0.2857142857142857,0.7142857142857143,0.7142857142857143,1.0,0.4032483573813579,0.3090440199017621,0.025469786103412093,15.83242025449661,0.0013609427528391634,0.0,,,0.0014019984808348268,True,False,5,150,VH,MFA,,,,,
all6,VH_6_MFA,VH_6_MFA__cand_19,ok,8.251022543698005,2045.6933429028097,False,False,True,False,0.2857142857142857,0.7142857142857143,0.7142857142857143,0.5,0.42987559971378175,0.3272416289978679,0.027266233084561862,15.765859492970346,0.0013411792718579596,0.0,,,0.0013870801627652101,True,False,6,175,VH,MFA,,,,,
all6,VH_6_MFA,VH_6_MFA__cand_20,ok,2.744044451869097,470.5460229233869,False,False,False,False,0.26179688656096417,0.7382031134390358,0.7382031134390358,1.0,0.00024849871894616626,0.00024849871894616626,5.620955932347522e-06,44.20933413053532,5.620723438224978e-06,0.0,,,5.620574314348575e-06,True,False,1,50,VH,MFA,,,,,
all6,VH_6_MFA,VH_6_MFA__cand_20,ok,4.288940583743949,801.4145891133373,False,False,True,False,0.2857142857142857,0.7142857142857143,0.7142857142857143,0.5,0.00024849871894616626,0.00024849871894616626,5.620955932347522e-06,44.20933413053532,5.620723438224978e-06,0.0,,,5.620574314348575e-06,True,False,2,75,VH,MFA,,,,,
all6,VH_6_MFA,VH_6_MFA__cand_20,ok,5.571288485279013,1152.8564012359482,False,False,True,False,0.2857142857142857,0.7142857142857143,0.7142857142857143,0.5,0.00024849871894616626,0.00024849871894616626,5.620955932347522e-06,44.20933413053532,5.620723438224978e-06,0.0,,,5.620574314348575e-06,True,False,3,100,VH,MFA,,,,,
all6,VH_6_MFA,VH_6_MFA__cand_20,ok,6.504276953838495,1448.9293516640755,False,False,True,False,0.2857142857142857,0.7142857142857143,0.7142857142857143,0.5,0.00024849871894616626,0.00024849871894616626,5.620955932347522e-06,44.20933413053532,5.620723438224978e-06,0.0,,,5.620574314348575e-06,True,False,4,125,VH,MFA,,,,,
all6,VH_6_MFA,VH_6_MFA__cand_20,ok,7.5317149441064934,1812.3721705327837,False,False,True,False,0.2857142857142857,0.7142857142857143,0.7142857142857143,1.0,0.00024849871894616626,0.00024849871894616626,5.620955932347522e-06,44.20933413053532,5.620723438224978e-06,0.0,,,5.620574314348575e-06,True,False,5,150,VH,MFA,,,,,
all6,VH_6_MFA,VH_6_MFA__cand_20,ok,8.43283147775773,2177.1874801754593,False,False,True,False,0.2857142857142857,0.7142857142857143,0.7142857142857143,0.5,0.00024849871894616626,0.00024849871894616626,5.620955932347522e-06,44.20933413053532,5.620723438224978e-06,0.0,,,5.620574314348575e-06,True,False,6,175,VH,MFA,,,,,
all6,VH_6_MFA,VH_6_MFA__cand_21,ok,3.589929761410767,803.0862865529789,False,False,False,False,0.26179688656096417,0.7382031134390358,0.7382031134390358,1.0,0.07325103039210035,0.027906820881085537,0.0034269159725899634,21.37520469658302,-0.0026072953612254297,0.0,,,-0.001171345929631616,True,False,1,50,VH,MFA,,,,,
all6,VH_6_MFA,VH_6_MFA__cand_21,ok,4.846556128353888,1126.9212917068076,False,False,True,False,0.2857142857142857,0.7142857142857143,0.7142857142857143,0.5,0.10272982779595452,0.040540480944329715,0.005755353693853838,17.849437803563674,-0.0033493002622022087,0.0,,,-0.0011831390305929168,True,False,2,75,VH,MFA,,,,,
all6,VH_6_MFA,VH_6_MFA__cand_21,ok,5.998110112917397,1475.1603144193257,False,False,True,False,0.2857142857142857,0.7142857142857143,0.7142857142857143,0.5,0.13717195643906166,0.05529667649722114,0.008483169339391897,16.16989487668233,-0.004210628051387171,0.0,,,-0.0011969247921177414,True,False,3,100,VH,MFA,,,,,
all6,VH_6_MFA,VH_6_MFA__cand_21,ok,6.847991586837356,1760.58701230656,False,False,True,False,0.2857142857142857,0.7142857142857143,0.7142857142857143,0.5,0.18331461174298624,0.07505878131067334,0.012149804446325123,15.087865204154154,-0.005355658794985353,0.0,,,-0.001215389256405614,True,False,4,125,VH,MFA,,,,,
all6,VH_6_MFA,VH_6_MFA__cand_21,ok,7.817869269976977,2120.9159647804095,False,False,True,False,0.2857142857142857,0.7142857142857143,0.7142857142857143,1.0,0.20460430475607438,0.08417431696817346,0.013846128268089501,14.777004863346239,-0.005880690646188141,0.0,,,-0.001223916064130342,True,False,5,150,VH,MFA,,,,,
all6,VH_6_MFA,VH_6_MFA__cand_21,ok,8.671811078225875,2480.6755913875527,False,False,True,False,0.2857142857142857,0.7142857142857143,0.7142857142857143,0.5,0.21879446959130178,0.09024941350004667,0.014978388288569594,14.60734395290511,-0.006229554375562672,0.0,,,-0.0012295927997390532,True,False,6,175,VH,MFA,,,,,
all6,VH_6_MFA,VH_6_MFA__cand_22,ok,4.533291720272628,1131.3822300778913,False,False,False,False,0.26179688656096417,0.7382031134390358,0.7382031134390358,1.0,0.33709643709917714,0.05990226360032125,0.017582237229431495,19.172556523972965,-0.019012517285823205,0.0,,,-0.0014142630774797529,True,False,1,50,VH,MFA,,,,,
all6,VH_6_MFA,VH_6_MFA__cand_22,ok,5.479558954538613,1429.2331142791043,False,False,True,False,0.2857142857142857,0.7142857142857143,0.7142857142857143,0.5,0.6068465586365619,0.09948635582841803,0.030447819295169362,19.930706785718474,-0.03446623035778401,0.0,,,-0.0022579737425191624,True,False,2,75,VH,MFA,,,,,
all6,VH_6_MFA,VH_6_MFA__cand_22,ok,6.391309064965313,1736.0450108329626,False,False,True,False,0.2857142857142857,0.7142857142857143,0.7142857142857143,0.5,0.9791452384696839,0.15255261564286116,0.04824617979473681,20.294772407586542,-0.05621512999015633,0.0,,,-0.003336562099428511,True,False,3,100,VH,MFA,,,,,
all6,VH_6_MFA,VH_6_MFA__cand_22,ok,6.999121906481927,1961.323144966168,False,False,True,False,0.2857142857142857,0.7142857142857143,0.7142857142857143,0.5,1.5459912300228211,0.2343184043724733,0.07610244691412783,20.314606069989843,-0.09012936116698111,0.0,,,-0.004934099836435557,True,False,4,125,VH,MFA,,,,,
all6,VH_6_MFA,VH_6_MFA__cand_22,ok,7.80837471988801,2266.8653922149033,False,False,True,False,0.2857142857142857,0.7142857142857143,0.7142857142857143,0.5,1.8260533445923102,0.2758742989197742,0.09029019530182027,20.224270625267952,-0.10718426607638033,0.0,,,-0.005728574363404294,False,False,5,150,VH,MFA,,,,,
all6,VH_6_MFA,VH_6_MFA__cand_22,ok,8.541017067824958,2579.4568564112105,False,False,True,False,0.2857142857142857,0.7142857142857143,0.7142857142857143,1.0,2.0175310776266144,0.30483828850684347,0.10016095297253998,20.142890195740637,-0.11894225002054108,0.0,,,-0.006277860121270089,False,False,6,175,VH,MFA,,,,,
all6,VH_6_MFA,VH_6_MFA__cand_23,ok,1.7065056789452129,322.27896591647755,False,False,False,False,0.26179688656096417,0.7382031134390358,0.7382031134390358,0.5,7.290919994799907,0.778101443259331,0.6831081813127751,10.67315572299025,-0.4238326904817897,0.0,,,-0.01205027992102138,False,False,1,50,VH,MFA,,,,,
all6,VH_6_MFA,VH_6_MFA__cand_23,ok,1.9549683995937757,418.1529996665923,False,False,True,False,0.2857142857142857,0.7142857142857143,0.7142857142857143,1.0,10.389993479555784,1.1728240765948215,0.9910062839342413,10.484286172543802,-0.6161995932542997,0.0,,,-0.018271443121836293,False,False,2,75,VH,MFA,,,,,
all6,VH_6_MFA,VH_6_MFA__cand_23,ok,2.53015504028087,541.6483616183722,False,False,True,False,0.28920633265233153,0.7107936673476685,0.7107936673476685,1.0,13.594027976865021,1.6265908174394923,1.3194967833200584,10.302433585825302,-0.8216411793693331,0.0,,,-0.025517919089487705,False,False,3,100,VH,MFA,,,,,
all6,VH_6_MFA,VH_6_MFA__cand_23,failed:ODESolverWarningError,,inf,False,False,False,False,0.0,,1.0,1.0,,,,,,,,,,False,False,4,125,VH,MFA,False,False,False,False,False
all6,VH_6_MFA,VH_6_MFA__cand_23,failed:ODESolverWarningError,,inf,False,False,False,False,0.0,,1.0,1.0,,,,,,,,,,False,False,5,150,VH,MFA,False,False,False,False,False
all6,VH_6_MFA,VH_6_MFA__cand_23,failed:ODESolverWarningError,,inf,False,False,False,False,0.0,,1.0,1.0,,,,,,,,,,False,False,6,175,VH,MFA,False,False,False,False,False
all6,VH_6_MFA,VH_6_MFA__cand_24,failed:ODESolverWarningError,,inf,False,False,False,False,0.0,,1.0,1.0,,,,,,,,,,False,False,1,50,VH,MFA,False,False,False,False,False
all6,VH_6_MFA,VH_6_MFA__cand_24,failed:ODESolverWarningError,,inf,False,False,False,False,0.0,,1.0,1.0,,,,,,,,,,False,False,2,75,VH,MFA,False,False,False,False,False
all6,VH_6_MFA,VH_6_MFA__cand_24,failed:ODESolverWarningError,,inf,False,False,False,False,0.0,,1.0,1.0,,,,,,,,,,False,False,3,100,VH,MFA,False,False,False,False,False
all6,VH_6_MFA,VH_6_MFA__cand_24,failed:ODESolverWarningError,,inf,False,False,False,False,0.0,,1.0,1.0,,,,,,,,,,False,False,4,125,VH,MFA,False,False,False,False,False
all6,VH_6_MFA,VH_6_MFA__cand_24,failed:ODESolverWarningError,,inf,False,False,False,False,0.0,,1.0,1.0,,,,,,,,,,False,False,5,150,VH,MFA,False,False,False,False,False
all6,VH_6_MFA,VH_6_MFA__cand_24,failed:ODESolverWarningError,,inf,False,False,False,False,0.0,,1.0,1.0,,,,,,,,,,False,False,6,175,VH,MFA,False,False,False,False,False
all6,VH_6_MFA_BA,VH_6_MFA_BA__cand_01,ok,1.6622344397082693,252.4676506119209,False,False,True,False,0.3938651348537991,0.606134865146201,0.606134865146201,0.5,5.44155089238582,0.28559536416253195,0.5606419481872721,9.705928908780422,-0.2843256816941839,0.0,,,-0.00280877257616312,False,False,1,50,VH,MFA_BA,,,,,
all6,VH_6_MFA_BA,VH_6_MFA_BA__cand_01,ok,2.3009234243768923,351.6531626844016,False,False,True,False,0.38054764978410177,0.6194523502158982,0.6194523502158982,1.0,7.9031906319611664,0.4330249161934745,0.8229143130194991,9.603904692047687,-0.42198203708079396,0.0,,,-0.004265159346897169,False,False,2,75,VH,MFA_BA,,,,,
all6,VH_6_MFA_BA,VH_6_MFA_BA__cand_01,ok,2.9287002646857667,472.5461005037761,False,False,True,False,0.4059879615641519,0.5940120384358482,0.5940120384358482,0.0,10.528560861638994,0.6044250156521542,1.1083152780076835,9.499608162548494,-0.575112565216704,0.0,,,-0.00596647073314008,False,False,3,100,VH,MFA_BA,,,,,
all6,VH_6_MFA_BA,VH_6_MFA_BA__cand_01,ok,3.8186021855387984,664.0240307523766,False,False,True,False,0.4138840007557227,0.5861159992442773,0.5861159992442773,0.0,13.695017744300642,0.8326253693827539,1.459900668320846,9.380787365521538,-0.7683498673330953,0.0,,,-0.008245219177468153,False,False,4,125,VH,MFA_BA,,,,,
all6,VH_6_MFA_BA,VH_6_MFA_BA__cand_01,ok,3.901571694415413,674.666553229416,False,False,True,False,0.4171777021037774,0.5828222978962226,0.5828222978962226,0.5,15.041327979063425,0.9373671465591116,1.6116893185823584,9.332647307170697,-0.8532674084163064,0.0,,,-0.009296509192240851,False,False,5,150,VH,MFA_BA,,,,,
all6,VH_6_MFA_BA,VH_6_MFA_BA__cand_01,ok,3.6039326339975672,608.9849053604526,False,False,True,False,0.4077186038848987,0.5922813961151013,0.5922813961151013,0.0,15.903293975974748,1.0069923483150518,1.7095589725864326,9.302571149045695,-0.9084752329892735,0.0,,,-0.009997169335944052,False,False,6,175,VH,MFA_BA,,,,,
all6,VH_6_MFA_BA,VH_6_MFA_BA__cand_02,ok,0.22286887132169927,40.56083563237787,False,False,True,False,0.38752830233803376,0.6124716976619663,0.6124716976619663,1.0,1.8006652423718776,0.18881102009949302,0.23078205338763444,7.80244917635506,0.0018572613138650202,0.0,,,0.0018050203693662692,True,False,1,50,VH,MFA_BA,,,,,
all6,VH_6_MFA_BA,VH_6_MFA_BA__cand_02,ok,0.39707852824586753,59.99547192965975,False,False,True,False,0.3720426087106719,0.6279573912893281,0.6279573912893281,0.5,2.716497480880932,0.244071820681512,0.35260728955067977,7.704030975486948,0.001761679626285782,0.0,,,0.001712463943789294,True,False,2,75,VH,MFA_BA,,,,,
all6,VH_6_MFA_BA,VH_6_MFA_BA__cand_02,ok,0.49575912178230747,79.10864518548503,False,False,True,False,0.39812428345663203,0.601875716543368,0.601875716543368,0.5,3.7728563853227257,0.308267888973603,0.4940447786714632,7.636668877400792,0.0016514917891583506,0.0,,,0.0016057204880237012,True,False,3,100,VH,MFA_BA,,,,,
all6,VH_6_MFA_BA,VH_6_MFA_BA__cand_02,ok,0.5906793242252348,94.8356348487471,False,False,True,False,0.40560719552835955,0.5943928044716404,0.5943928044716404,0.5,5.148393740566348,0.3925368755970595,0.679480550587349,7.576955272841925,0.0015082310221219246,0.0,,,0.0014668732128835017,True,False,4,125,VH,MFA_BA,,,,,
all6,VH_6_MFA_BA,VH_6_MFA_BA__cand_02,ok,0.8609972181329408,153.93369674452626,False,False,True,False,0.4098955481274456,0.5901044518725544,0.5901044518725544,1.0,5.764951477557219,0.4305423376835762,0.7630094268911819,7.555544236256728,0.0014441369563724196,0.0,,,0.0014047266625929174,True,False,5,150,VH,MFA_BA,,,,,
all6,VH_6_MFA_BA,VH_6_MFA_BA__cand_02,ok,1.272100415849861,179.29327381793775,False,False,True,False,0.40094493518182345,0.5990550648181766,0.5990550648181766,0.5,6.169240907658761,0.4555384960615072,0.8179079593502291,7.54270799927145,0.0014021565545905106,0.0,,,0.0013640135665067936,True,False,6,175,VH,MFA_BA,,,,,
all6,VH_6_MFA_BA,VH_6_MFA_BA__cand_03,ok,1.1057907466564287,135.3331655984604,True,False,True,False,0.42857142857142855,0.5714285714285714,0.5714285714285714,1.0,3.4820520860881032,2.391679715713451,0.15389263549277668,22.626502398495486,-0.10498018421258912,0.0,,,-0.040537033493238804,True,False,1,50,VH,MFA_BA,,,,,
all6,VH_6_MFA_BA,VH_6_MFA_BA__cand_03,ok,1.6118577363380502,212.29207707272005,True,False,True,False,0.42857142857142855,0.5714285714285714,0.5714285714285714,0.5,4.703352089433878,3.0992129682384473,0.21879403390406232,21.496710881505216,-0.1543590413717842,0.0,,,-0.060434613223762076,True,False,2,75,VH,MFA_BA,,,,,
all6,VH_6_MFA_BA,VH_6_MFA_BA__cand_03,ok,1.8631336503726632,283.2086036775653,True,False,True,False,0.42857142857142855,0.5714285714285714,0.5714285714285714,0.5,6.01811359928017,3.8714514716319854,0.29249369914259327,20.57519056622921,-0.20676196361011717,0.0,,,-0.08215065871815443,True,False,3,100,VH,MFA_BA,,,,,
all6,VH_6_MFA_BA,VH_6_MFA_BA__cand_03,ok,2.3597511317226263,391.269300936275,True,False,True,False,0.42857142857142855,0.5714285714285714,0.5714285714285714,0.5,7.619659896812323,4.826766933130713,0.38784203830289327,19.64629705989115,-0.269492772749769,0.0,,,-0.10900635777747995,True,False,4,125,VH,MFA_BA,,,,,
all6,VH_6_MFA_BA,VH_6_MFA_BA__cand_03,ok,2.6821714063655455,459.22985626974884,True,False,True,False,0.42857142857142855,0.5714285714285714,0.5714285714285714,1.0,8.305427615989046,5.240611680217583,0.43059529859248813,19.28824500206454,-0.29599445604611396,0.0,,,-0.12063548995407083,True,False,5,150,VH,MFA_BA,,,,,
all6,VH_6_MFA_BA,VH_6_MFA_BA__cand_03,ok,2.8922726061759287,527.9903556930565,True,False,True,False,0.42857142857142855,0.5714285714285714,0.5714285714285714,0.5,8.74586053253212,5.5078811671778,0.4586758449127063,19.067628325177235,-0.3129045275815217,0.0,,,-0.12814423894914181,True,False,6,175,VH,MFA_BA,,,,,
all6,VH_6_MFA_BA,VH_6_MFA_BA__cand_04,ok,3.871884059796908,879.005838109877,False,False,True,False,0.3790881645486122,0.6209118354513878,0.6209118354513878,1.0,0.33709643709917714,0.05990226360032125,0.017582237229431495,19.172556523972965,-0.019012517285823205,0.0,,,-0.0014142630774797529,True,False,1,50,VH,MFA_BA,,,,,
all6,VH_6_MFA_BA,VH_6_MFA_BA__cand_04,ok,4.0097179857173515,948.0712844187019,False,False,True,False,0.36553461627019523,0.6344653837298048,0.6344653837298048,0.5,0.6068465586365619,0.09948635582841803,0.030447819295169362,19.930706785718474,-0.03446623035778401,0.0,,,-0.0022579737425191624,True,False,2,75,VH,MFA_BA,,,,,
all6,VH_6_MFA_BA,VH_6_MFA_BA__cand_04,ok,4.225465202502712,1012.4572370968602,False,False,True,False,0.3939896715375121,0.6060103284624879,0.6060103284624879,0.5,0.9791452384696839,0.15255261564286116,0.04824617979473681,20.294772407586542,-0.05621512999015633,0.0,,,-0.003336562099428511,True,False,3,100,VH,MFA_BA,,,,,
all6,VH_6_MFA_BA,VH_6_MFA_BA__cand_04,ok,4.507800709025987,1103.0412971412454,False,False,True,False,0.4026315588366746,0.5973684411633254,0.5973684411633254,0.5,1.5459912300228211,0.2343184043724733,0.07610244691412783,20.314606069989843,-0.09012936116698111,0.0,,,-0.004934099836435557,True,False,4,125,VH,MFA_BA,,,,,
all6,VH_6_MFA_BA,VH_6_MFA_BA__cand_04,ok,4.746793436811935,1200.8367950380766,False,False,True,False,0.4076732487179235,0.5923267512820765,0.5923267512820765,0.5,1.8260533445923102,0.2758742989197742,0.09029019530182027,20.224270625267952,-0.10718426607638033,0.0,,,-0.005728574363404294,False,False,5,150,VH,MFA_BA,,,,,
all6,VH_6_MFA_BA,VH_6_MFA_BA__cand_04,ok,5.2280300646708096,1333.8721054133298,False,False,True,False,0.3990938405248753,0.6009061594751247,0.6009061594751247,0.0,2.0175310776266144,0.30483828850684347,0.10016095297253998,20.142890195740637,-0.11894225002054108,0.0,,,-0.006277860121270089,False,False,6,175,VH,MFA_BA,,,,,
all6,VH_6_MFA_BA,VH_6_MFA_BA__cand_05,ok,1.1399198387952547,147.4324539616587,True,False,True,False,0.42857142857142855,0.5714285714285714,0.5714285714285714,1.0,2.0136093632668803,2.0136093632668803,0.05968670247039002,33.73631445405804,0.014703496174613398,0.0,,,0.010736539707101833,True,False,1,50,VH,MFA_BA,,,,,
all6,VH_6_MFA_BA,VH_6_MFA_BA__cand_05,ok,1.6145487701032846,223.63167633115103,True,False,True,False,0.42857142857142855,0.5714285714285714,0.5714285714285714,0.5,2.254476709894462,2.254476709894462,0.07033018235310025,32.05560734331128,0.009942434564490711,0.0,,,0.007257570368353764,True,False,2,75,VH,MFA_BA,,,,,
all6,VH_6_MFA_BA,VH_6_MFA_BA__cand_05,ok,1.9635870858601316,284.0554933077474,True,False,True,False,0.42857142857142855,0.5714285714285714,0.5714285714285714,0.5,2.5352467133439944,2.5352467133439944,0.08276002591382721,30.63371096553047,0.004401270486314635,0.0,,,0.003205042467947315,True,False,3,100,VH,MFA_BA,,,,,
all6,VH_6_MFA_BA,VH_6_MFA_BA__cand_05,ok,2.5037834039463105,383.4142245361893,True,False,True,False,0.42857142857142855,0.5714285714285714,0.5714285714285714,0.5,2.932307403285378,2.910307329569733,0.09940348662338215,29.499039750941968,-0.0029857669437937623,0.0,,,-0.002203707182220004,True,False,4,125,VH,MFA_BA,,,,,
all6,VH_6_MFA_BA,VH_6_MFA_BA__cand_05,ok,3.0489082433825296,504.7472495713473,True,False,True,False,0.42857142857142855,0.5714285714285714,0.5714285714285714,1.0,3.129943279823266,3.0829345389651905,0.10707924527737127,29.23015820400732,-0.006379848828578993,0.0,,,-0.004691235412351657,True,False,5,150,VH,MFA_BA,,,,,
all6,VH_6_MFA_BA,VH_6_MFA_BA__cand_05,ok,3.6608763966278435,627.1085243095545,True,False,True,False,0.42857142857142855,0.5714285714285714,0.5714285714285714,0.5,3.2614947625904307,3.1978531827847547,0.11219436911356641,29.070039685227435,-0.008637194933555076,0.0,,,-0.006346514088010855,True,False,6,175,VH,MFA_BA,,,,,
all6,VH_6_MFA_BA,VH_6_MFA_BA__cand_06,ok,0.8973570331988479,122.6244095876865,True,False,True,False,0.42857142857142855,0.5714285714285714,0.5714285714285714,1.0,0.8815499688412416,0.8815499688412416,0.02760515275327067,31.934254329992623,0.005784067260096828,0.0,,,0.005221921957299282,True,False,1,50,VH,MFA_BA,,,,,
all6,VH_6_MFA_BA,VH_6_MFA_BA__cand_06,ok,1.4635333922857048,193.43272192956698,False,False,True,False,0.4118297873839202,0.5881702126160798,0.5881702126160798,0.5,1.128007654393599,1.128007654393599,0.03650363636613172,30.901240716943228,0.0042287294201446375,0.0,,,0.003818518569539607,True,False,2,75,VH,MFA_BA,,,,,
all6,VH_6_MFA_BA,VH_6_MFA_BA__cand_06,ok,1.9575661188962652,271.4595059857583,False,False,True,False,0.42744357190997484,0.5725564280900252,0.5725564280900252,0.5,1.4124733391303295,1.4124733391303295,0.04687106103932293,30.135296872100277,0.002437593647768441,0.0,,,0.002201627681954595,True,False,3,100,VH,MFA_BA,,,,,
all6,VH_6_MFA_BA,VH_6_MFA_BA__cand_06,ok,2.554390924319069,378.231113098355,True,False,True,False,0.42857142857142855,0.5714285714285714,0.5714285714285714,0.5,1.787852824661897,1.787852824661897,0.06071181290552454,29.448187084184557,8.036597289120405e-05,0.0,,,7.260031615099246e-05,True,False,4,125,VH,MFA_BA,,,,,
all6,VH_6_MFA_BA,VH_6_MFA_BA__cand_06,ok,3.135929451872863,512.1806097777379,True,False,True,False,0.42857142857142855,0.5714285714285714,0.5714285714285714,1.0,1.966200030075683,1.958894819819477,0.0670792232218794,29.31160999840503,-0.0009914355552786993,0.0,,,-0.0008958180085075285,True,False,5,150,VH,MFA_BA,,,,,
all6,VH_6_MFA_BA,VH_6_MFA_BA__cand_06,ok,3.81870186505831,642.6408753009716,False,False,True,False,0.42080239811460374,0.5791976018853963,0.5791976018853963,0.5,2.0846917319070144,2.072162353867256,0.07131696245967158,29.231358992411785,-0.0017004398831083677,0.0,,,-0.001536571679258123,True,False,6,175,VH,MFA_BA,,,,,
all6,VH_6_MFA_BA,VH_6_MFA_BA__cand_07,ok,0.7982836096777808,97.92956008264474,False,False,True,False,0.39393360257106264,0.6060663974289373,0.6060663974289373,1.0,0.5736188534314124,0.28664109214861355,0.04175759921963682,13.73687338714779,-0.019315906952851417,0.0,,,0.0026668992229486855,True,False,1,50,VH,MFA_BA,,,,,
all6,VH_6_MFA_BA,VH_6_MFA_BA__cand_07,ok,1.2859981551804072,156.67160538153115,False,False,True,False,0.3810925811408095,0.6189074188591904,0.6189074188591904,0.5,0.9095471715486951,0.4451314381729077,0.06249919114946004,14.552943083273057,-0.031878935492564806,0.0,,,0.0015741839752474148,True,False,2,75,VH,MFA_BA,,,,,
all6,VH_6_MFA_BA,VH_6_MFA_BA__cand_07,ok,1.7512558240261336,223.13603533546447,False,False,True,False,0.40663105691199075,0.5933689430880092,0.5933689430880092,0.5,1.3000901982333914,0.6286448867852528,0.08671980388217067,14.991848920690261,-0.04649977933429885,0.0,,,0.00031744559662201895,True,False,3,100,VH,MFA_BA,,,,,
all6,VH_6_MFA_BA,VH_6_MFA_BA__cand_07,ok,2.260143090675611,301.76457988743687,False,False,True,False,0.41461977554199025,0.5853802244580096,0.5853802244580096,0.5,1.8200689577253968,0.8717474712758246,0.11914703454222711,15.275822555871862,-0.06599056084886104,0.0,,,-0.0013326797312579175,True,False,4,125,VH,MFA_BA,,,,,
all6,VH_6_MFA_BA,VH_6_MFA_BA__cand_07,ok,2.788954617655373,417.5631930621214,False,False,True,False,0.41783144074483874,0.5821685592551613,0.5821685592551613,1.0,2.0587431861690106,0.9828661792474236,0.13410051698630543,15.352238995314634,-0.0749459540980521,0.0,,,-0.002081861167120576,True,False,5,150,VH,MFA_BA,,,,,
all6,VH_6_MFA_BA,VH_6_MFA_BA__cand_07,ok,3.4821062011726256,542.1650310682099,False,False,True,False,0.4083275509167151,0.591672449083285,0.591672449083285,0.5,2.217402139896791,1.0565675787010633,0.14406503144469535,15.39167497942082,-0.08090285199661827,0.0,,,-0.0025769110495345395,True,False,6,175,VH,MFA_BA,,,,,
all6,VH_6_MFA_BA,VH_6_MFA_BA__cand_08,ok,0.7820092784469995,95.4838276092024,False,False,True,False,0.3812946399155586,0.6187053600844414,0.6187053600844414,1.0,0.532072896947767,0.0936024238223041,0.06424424202933926,8.28203244587707,0.0009260667969631581,0.0,,,0.0009163423781596474,True,False,1,50,VH,MFA_BA,,,,,
all6,VH_6_MFA_BA,VH_6_MFA_BA__cand_08,ok,1.2090217934937884,148.10366963668395,False,False,True,False,0.36665617777472015,0.6333438222252799,0.6333438222252799,0.5,0.8170346811686215,0.12440363914984687,0.10026005309987088,8.149154682321566,0.0009064303053852953,0.0,,,0.0008969575884037356,True,False,2,75,VH,MFA_BA,,,,,
all6,VH_6_MFA_BA,VH_6_MFA_BA__cand_08,ok,1.6908115107527046,215.8153526763959,False,False,True,False,0.3942276280432767,0.6057723719567233,0.6057723719567233,0.5,1.159712070693601,0.1615143907890655,0.14372535639067294,8.068945520937046,0.0008828985143348332,0.0,,,0.0008737240417564089,True,False,3,100,VH,MFA_BA,,,,,
all6,VH_6_MFA_BA,VH_6_MFA_BA__cand_08,ok,2.1579918725184917,290.09474875636124,False,False,True,False,0.4022134562951673,0.5977865437048326,0.5977865437048326,0.5,1.6257133195068008,0.21208734870722878,0.20306996531668972,8.005680785789686,0.000851051094145515,0.0,,,0.0008422771588988971,True,False,4,125,VH,MFA_BA,,,,,
all6,VH_6_MFA_BA,VH_6_MFA_BA__cand_08,ok,2.652768538271054,401.9277747518343,False,False,True,False,0.4070932638186596,0.5929067361813404,0.5929067361813404,1.0,1.8411859318791528,0.23550839390382805,0.23059338823331954,7.984556478333194,0.0008363884147029182,0.0,,,0.0008277973045403477,True,False,5,150,VH,MFA_BA,,,,,
all6,VH_6_MFA_BA,VH_6_MFA_BA__cand_08,ok,3.3560647736883134,515.9658863132677,False,False,True,False,0.39843380263119954,0.6015661973688005,0.6015661973688005,0.5,1.9845529416190573,0.25110367952964907,0.2489336193200643,7.972217441097962,0.0008266551578224574,0.0,,,0.0008181849625292038,True,False,6,175,VH,MFA_BA,,,,,
all6,VH_6_MFA_BA,VH_6_MFA_BA__cand_09,ok,0.9476411626437411,120.03421905281776,False,False,True,False,0.40066736829835076,0.5993326317016493,0.5993326317016493,1.0,0.3894879162312037,0.3894879162312037,0.011628587305857797,33.49400111869158,0.0024316578818490333,0.0,,,0.0023103074355155114,True,False,1,50,VH,MFA_BA,,,,,
all6,VH_6_MFA_BA,VH_6_MFA_BA__cand_09,ok,1.5065989902739965,203.96425275482224,False,False,True,False,0.3841564847853836,0.6158435152146164,0.6158435152146164,0.5,0.5132009598829512,0.5132009598829512,0.015864758591098416,32.34848843971089,0.002045156512226605,0.0,,,0.0019431345524712422,True,False,2,75,VH,MFA_BA,,,,,
all6,VH_6_MFA_BA,VH_6_MFA_BA__cand_09,ok,2.091853128654784,285.6378212310464,False,False,True,False,0.4073822156949314,0.5926177843050686,0.5926177843050686,0.5,0.6569345781730931,0.6569345781730931,0.020808758927164092,31.570098941149247,0.0015963124540943423,0.0,,,0.001516716686074922,True,False,3,100,VH,MFA_BA,,,,,
all6,VH_6_MFA_BA,VH_6_MFA_BA__cand_09,ok,2.740354048221588,402.6569979897912,False,False,True,False,0.4141760619779818,0.5858239380220182,0.5858239380220182,0.5,0.8481546442498598,0.8481546442498598,0.027423438046041953,30.9280930722789,0.000999505352671861,0.0,,,0.0009496923241024755,True,False,4,125,VH,MFA_BA,,,,,
all6,VH_6_MFA_BA,VH_6_MFA_BA__cand_09,ok,3.324227627355427,540.4965308308002,False,False,True,False,0.41715620362592,0.58284379637408,0.58284379637408,1.0,0.9358708911974958,0.9358708911974958,0.030472014163303078,30.71247230924922,0.0007258521320739301,0.0,,,0.0006896843033466764,True,False,5,150,VH,MFA_BA,,,,,
all6,VH_6_MFA_BA,VH_6_MFA_BA__cand_09,ok,4.070033205808517,688.7627019409858,False,False,True,False,0.40756099263469625,0.5924390073653037,0.5924390073653037,0.5,0.9941609957803195,0.9941609957803195,0.03250287419640149,30.58686409617235,0.0005440347156273494,0.0,,,0.0005169331583131215,True,False,6,175,VH,MFA_BA,,,,,
all6,VH_6_MFA_BA,VH_6_MFA_BA__cand_10,ok,0.9565736460022676,127.69677414472966,False,False,True,False,0.3980940422948776,0.6019059577051225,0.6019059577051225,1.0,0.35018473618235646,0.35018473618235646,0.011206507112902804,31.24833925988993,0.0034634828258159954,0.0,,,0.003341728486033547,True,False,1,50,VH,MFA_BA,,,,,
all6,VH_6_MFA_BA,VH_6_MFA_BA__cand_10,ok,1.516959442985066,200.5978317731068,False,False,True,False,0.38116479427352407,0.6188352057264759,0.6188352057264759,0.5,0.4467357684571738,0.4467357684571738,0.014888234730872578,30.00595950645596,0.0032510517432337523,0.0,,,0.0031374320664600513,True,False,2,75,VH,MFA_BA,,,,,
all6,VH_6_MFA_BA,VH_6_MFA_BA__cand_10,ok,2.11231888129525,293.78490726883047,False,False,True,False,0.40478345005793365,0.5952165499420664,0.5952165499420664,0.5,0.5590614260118656,0.5590614260118656,0.01918690857898229,29.137649961196573,0.003004121993471357,0.0,,,0.0028999373727121827,True,False,3,100,VH,MFA_BA,,,,,
all6,VH_6_MFA_BA,VH_6_MFA_BA__cand_10,ok,2.7661397076285343,411.40318214048233,False,False,True,False,0.41155417729162924,0.5884458227083708,0.5884458227083708,0.5,0.7087456270264028,0.7087456270264028,0.024941305364869586,28.416541021332733,0.0026753802032907477,0.0,,,0.0025837358729974636,True,False,4,125,VH,MFA_BA,,,,,
all6,VH_6_MFA_BA,VH_6_MFA_BA__cand_10,ok,3.3579184576675924,554.4641829185266,False,False,True,False,0.4148807533511964,0.5851192466488035,0.5851192466488035,1.0,0.7775036478872295,0.7775036478872295,0.027594516168604342,28.17602030550672,0.0025246195103683484,0.0,,,0.0024385880108481806,True,False,5,150,VH,MFA_BA,,,,,
all6,VH_6_MFA_BA,VH_6_MFA_BA__cand_10,ok,4.10944288807194,700.5449817647325,False,False,True,False,0.4054613753893293,0.5945386246106708,0.5945386246106708,0.5,0.8232282163708504,0.8232282163708504,0.02936246662936281,28.036752727974584,0.0024242594711577693,0.0,,,0.002342101844177791,True,False,6,175,VH,MFA_BA,,,,,
all6,VH_6_MFA_BA,VH_6_MFA_BA__cand_11,ok,1.9664251305378524,330.42758667474413,True,False,True,False,0.42857142857142855,0.5714285714285714,0.5714285714285714,1.0,3.2018993888577256,2.9669611300300716,0.11819560665908396,27.089834210954088,-0.026978618702336435,0.0,,,-0.017545078506961884,True,False,1,50,VH,MFA_BA,,,,,
all6,VH_6_MFA_BA,VH_6_MFA_BA__cand_11,ok,2.4507546138135443,425.70122783420726,True,False,True,False,0.42857142857142855,0.5714285714285714,0.5714285714285714,0.5,4.188727139386501,3.755093566430631,0.15990470311291718,26.195146595710938,-0.047258445785451735,0.0,,,-0.031241824599952943,True,False,2,75,VH,MFA_BA,,,,,
all6,VH_6_MFA_BA,VH_6_MFA_BA__cand_11,ok,2.756811262951731,499.9176754715148,True,False,True,False,0.42857142857142855,0.5714285714285714,0.5714285714285714,0.5,5.297507986957115,4.650799827703992,0.2080372054534772,25.46423355096347,-0.06909121813796305,0.0,,,-0.04644627542440011,True,False,3,100,VH,MFA_BA,,,,,
all6,VH_6_MFA_BA,VH_6_MFA_BA__cand_11,ok,3.3494163367167467,637.7161385274505,True,False,True,False,0.42857142857142855,0.5714285714285714,0.5714285714285714,0.5,6.71454444535226,5.810485747123678,0.27153907645820613,24.72772807852474,-0.09558505647120225,0.0,,,-0.06557423465190484,True,False,4,125,VH,MFA_BA,,,,,
all6,VH_6_MFA_BA,VH_6_MFA_BA__cand_11,ok,3.7686929779574654,732.7573048830914,True,False,True,False,0.42857142857142855,0.5714285714285714,0.5714285714285714,1.0,7.343919929074687,6.330716952479264,0.30046896369375037,24.4415258028443,-0.10686442627044494,0.0,,,-0.07395492743922848,True,False,5,150,VH,MFA_BA,,,,,
all6,VH_6_MFA_BA,VH_6_MFA_BA__cand_11,ok,4.0485952428262815,835.0296632739459,True,False,True,False,0.42857142857142855,0.5714285714285714,0.5714285714285714,0.5,7.755368140037035,6.672470318272843,0.3196254344837083,24.26392678218584,-0.11408087858106047,0.0,,,-0.07939404786214779,True,False,6,175,VH,MFA_BA,,,,,
all6,VH_6_MFA_BA,VH_6_MFA_BA__cand_12,ok,0.9902401685915249,127.57757909798832,False,False,True,False,0.3822639343347885,0.6177360656652116,0.6177360656652116,1.0,0.19211645311061432,0.10840674827552732,0.008511942652016836,22.570224091570196,-0.007582740244815093,0.0,,,-0.002916429343995193,True,False,1,50,VH,MFA_BA,,,,,
all6,VH_6_MFA_BA,VH_6_MFA_BA__cand_12,ok,1.5202209641700837,197.7456223331833,False,False,True,False,0.36862173176291313,0.6313782682370869,0.6313782682370869,0.5,0.30054862552943007,0.16807156588393468,0.013112168886470826,22.921351008492348,-0.011983174127951525,0.0,,,-0.004540208173957278,True,False,2,75,VH,MFA_BA,,,,,
all6,VH_6_MFA_BA,VH_6_MFA_BA__cand_12,ok,2.1299105280568393,289.45929108085073,False,False,True,False,0.3963161628355993,0.6036838371644008,0.6036838371644008,0.5,0.43237961977138184,0.24017153501664268,0.018626952198508694,23.212580091658737,-0.017378467466001937,0.0,,,-0.006510418617999316,True,False,3,100,VH,MFA_BA,,,,,
all6,VH_6_MFA_BA,VH_6_MFA_BA__cand_12,ok,2.7723858800611625,403.30621776631153,False,False,True,False,0.4046209421953722,0.5953790578046279,0.5953790578046279,0.5,0.6151124367273866,0.34009650375278966,0.026227158063124898,23.453263035472688,-0.024880847030044683,0.0,,,-0.009255554228637055,True,False,4,125,VH,MFA_BA,,,,,
all6,VH_6_MFA_BA,VH_6_MFA_BA__cand_12,ok,3.3441551623643564,540.6935637959054,False,False,True,False,0.40927383598483397,0.5907261640151661,0.5907261640151661,1.0,0.7010815968481836,0.38727229163966115,0.029807606303890014,23.52022466012944,-0.028406462824101076,0.0,,,-0.01055723772127662,True,False,5,150,VH,MFA_BA,,,,,
all6,VH_6_MFA_BA,VH_6_MFA_BA__cand_12,ok,4.105761284541922,692.8920185533766,False,False,True,False,0.4004966211589846,0.5995033788410155,0.5995033788410155,0.5,0.7588097924581945,0.4190406238225677,0.032217954338375626,23.55238897195769,-0.030769829458282483,0.0,,,-0.011435746600015288,True,False,6,175,VH,MFA_BA,,,,,
all6,VH_6_MFA_BA,VH_6_MFA_BA__cand_13,ok,1.0007489941447032,132.13630876837414,False,False,True,False,0.3843387362411298,0.6156612637588702,0.6156612637588702,1.0,0.15608441660283745,0.14009582023165024,0.008848026212915066,17.640591567756438,0.001543930808600812,0.0,,,0.0015405948514088093,True,False,1,50,VH,MFA_BA,,,,,
all6,VH_6_MFA_BA,VH_6_MFA_BA__cand_13,ok,1.5511227921965618,205.09055216122033,False,False,True,False,0.3690727857856797,0.6309272142143202,0.6309272142143202,0.5,0.2116640502338356,0.17809245268612983,0.012577341533646544,16.828997580100534,0.0015028985646415199,0.0,,,0.0015094110017747353,True,False,2,75,VH,MFA_BA,,,,,
all6,VH_6_MFA_BA,VH_6_MFA_BA__cand_13,ok,2.1785241440088057,303.16947847071583,False,False,True,False,0.39584499545052837,0.6041550045494716,0.6041550045494716,0.5,0.27651994634943833,0.22242671166053185,0.016935260799335872,16.328059521839915,0.001454927100473198,0.0,,,0.001473032676044274,True,False,3,100,VH,MFA_BA,,,,,
all6,VH_6_MFA_BA,VH_6_MFA_BA__cand_13,ok,2.849979690996578,424.6168612306035,False,False,True,False,0.403523105663862,0.5964768943361379,0.5964768943361379,0.5,0.3632731118727861,0.28172310818490587,0.02277492067915641,15.950576381381358,0.0013906637034015634,0.0,,,0.0014244002655280105,True,False,4,125,VH,MFA_BA,,,,,
all6,VH_6_MFA_BA,VH_6_MFA_BA__cand_13,ok,3.4394326663415318,570.0212068393566,False,False,True,False,0.4081498374943859,0.5918501625056141,0.5918501625056141,1.0,0.4032483573813579,0.3090440199017621,0.025469786103412093,15.83242025449661,0.0013609427528391634,0.0,,,0.0014019984808348268,True,False,5,150,VH,MFA_BA,,,,,
all6,VH_6_MFA_BA,VH_6_MFA_BA__cand_13,ok,4.208333357572034,721.8089961334479,False,False,True,False,0.3993690272983619,0.6006309727016381,0.6006309727016381,0.5,0.42987559971378175,0.3272416289978679,0.027266233084561862,15.765859492970346,0.0013411792718579596,0.0,,,0.0013870801627652101,True,False,6,175,VH,MFA_BA,,,,,
all6,VH_6_MFA_BA,VH_6_MFA_BA__cand_14,ok,1.278523244082924,216.09256952014925,False,False,True,False,0.3751654217731367,0.6248345782268634,0.6248345782268634,0.5,-1.9933947044137312e-06,-1.0963632348648389e-05,-2.7053484028413525e-07,7.368347464304871,-2.7053484221277967e-07,1.5947097708135516e-05,,,-2.7053484221277956e-07,True,True,1,50,VH,MFA_BA,,,,,
all6,VH_6_MFA_BA,VH_6_MFA_BA__cand_14,ok,1.7726970258213381,304.5304029496445,False,False,True,False,0.3610561038308136,0.6389438961691865,0.6389438961691865,0.0,-1.9933947044137312e-06,-1.0963632348648389e-05,-2.7053484028413525e-07,7.368347464304871,-2.7053484221277967e-07,1.5947097708135516e-05,,,-2.7053484221277956e-07,True,True,2,75,VH,MFA_BA,,,,,
all6,VH_6_MFA_BA,VH_6_MFA_BA__cand_14,ok,2.4004431707298934,399.67164425730516,False,False,True,False,0.38993874461298966,0.6100612553870103,0.6100612553870103,1.0,-1.9933947044137312e-06,-1.0963632348648389e-05,-2.7053484028413525e-07,7.368347464304871,-2.7053484221277967e-07,1.5947097708135516e-05,,,-2.7053484221277956e-07,True,True,3,100,VH,MFA_BA,,,,,
all6,VH_6_MFA_BA,VH_6_MFA_BA__cand_14,ok,3.095668539273629,533.107500830904,False,False,True,False,0.39822449397264414,0.6017755060273559,0.6017755060273559,1.0,-1.9933947044137312e-06,-1.0963632348648389e-05,-2.7053484028413525e-07,7.368347464304871,-2.7053484221277967e-07,1.5947097708135516e-05,,,-2.7053484221277956e-07,True,True,4,125,VH,MFA_BA,,,,,
all6,VH_6_MFA_BA,VH_6_MFA_BA__cand_14,ok,3.665691552098032,679.3037366478494,False,False,True,False,0.4037092774865968,0.5962907225134033,0.5962907225134033,0.5,-1.9933947044137312e-06,-1.0963632348648389e-05,-2.7053484028413525e-07,7.368347464304871,-2.7053484221277967e-07,1.5947097708135516e-05,,,-2.7053484221277956e-07,True,True,5,150,VH,MFA_BA,,,,,
all6,VH_6_MFA_BA,VH_6_MFA_BA__cand_14,ok,4.443686639993079,844.1525360809226,False,False,False,False,0.39534473182497926,0.6046552681750208,0.6046552681750208,1.0,-1.9933947044137312e-06,-1.0963632348648389e-05,-2.7053484028413525e-07,7.368347464304871,-2.7053484221277967e-07,1.5947097708135516e-05,,,-2.7053484221277956e-07,True,True,6,175,VH,MFA_BA,,,,,
all6,VH_6_MFA_BA,VH_6_MFA_BA__cand_15,ok,1.279508401336421,216.3852337530834,False,False,True,False,0.3751824097424227,0.6248175902575773,0.6248175902575773,1.0,0.00024849871894616626,0.00024849871894616626,5.620955932347522e-06,44.20933413053532,5.620723438224978e-06,0.0,,,5.620574314348575e-06,True,False,1,50,VH,MFA_BA,,,,,
all6,VH_6_MFA_BA,VH_6_MFA_BA__cand_15,ok,1.7734026436387158,304.8201051673122,False,False,True,False,0.3610677825913483,0.6389322174086517,0.6389322174086517,0.5,0.00024849871894616626,0.00024849871894616626,5.620955932347522e-06,44.20933413053532,5.620723438224978e-06,0.0,,,5.620574314348575e-06,True,False,2,75,VH,MFA_BA,,,,,
all6,VH_6_MFA_BA,VH_6_MFA_BA__cand_15,ok,2.400938637247055,399.9623538828723,False,False,True,False,0.38994563395728626,0.6100543660427137,0.6100543660427137,0.5,0.00024849871894616626,0.00024849871894616626,5.620955932347522e-06,44.20933413053532,5.620723438224978e-06,0.0,,,5.620574314348575e-06,True,False,3,100,VH,MFA_BA,,,,,
all6,VH_6_MFA_BA,VH_6_MFA_BA__cand_15,ok,3.096058167641509,533.4006177911745,False,False,True,False,0.39822937371700423,0.6017706262829957,0.6017706262829957,0.5,0.00024849871894616626,0.00024849871894616626,5.620955932347522e-06,44.20933413053532,5.620723438224978e-06,0.0,,,5.620574314348575e-06,True,False,4,125,VH,MFA_BA,,,,,
all6,VH_6_MFA_BA,VH_6_MFA_BA__cand_15,ok,3.6659911771794254,679.5916710631041,False,False,True,False,0.4037130054903569,0.5962869945096431,0.5962869945096431,1.0,0.00024849871894616626,0.00024849871894616626,5.620955932347522e-06,44.20933413053532,5.620723438224978e-06,0.0,,,5.620574314348575e-06,True,False,5,150,VH,MFA_BA,,,,,
all6,VH_6_MFA_BA,VH_6_MFA_BA__cand_15,ok,4.443924325082071,844.4379162825583,False,False,True,False,0.3953524751904394,0.6046475248095605,0.6046475248095605,0.5,0.00024849871894616626,0.00024849871894616626,5.620955932347522e-06,44.20933413053532,5.620723438224978e-06,0.0,,,5.620574314348575e-06,True,False,6,175,VH,MFA_BA,,,,,
all6,VH_6_MFA_BA,VH_6_MFA_BA__cand_16,ok,2.1129702126323515,435.11691475076196,False,False,True,False,0.3752621079755253,0.6247378920244747,0.6247378920244747,1.0,4.255436796713838,0.0014657537425932787,0.5774242915032655,7.369687869617055,4.778525790559773e-05,0.0,,,4.924224182557891e-05,True,False,1,50,VH,MFA_BA,,,,,
all6,VH_6_MFA_BA,VH_6_MFA_BA__cand_16,ok,2.5078126314975604,531.5294253543921,False,False,True,False,0.36110717157822264,0.6388928284217774,0.6388928284217774,0.5,6.298693685785651,0.001123588084738003,0.8547610502299525,7.368952626106608,4.7022385200472815e-05,0.0,,,4.92438797735576e-05,True,False,2,75,VH,MFA_BA,,,,,
all6,VH_6_MFA_BA,VH_6_MFA_BA__cand_16,ok,2.984478231881856,637.5115116418169,False,False,True,False,0.3899589168397794,0.6100410831602207,0.6100410831602207,0.5,8.535223369925376,0.0007487506696719493,1.1582944149826973,7.368785741795082,4.613410965976491e-05,0.0,,,4.924559378685214e-05,True,False,3,100,VH,MFA_BA,,,,,
all6,VH_6_MFA_BA,VH_6_MFA_BA__cand_16,ok,3.7156773938261902,811.749235868087,False,False,True,False,0.39823007406941574,0.6017699259305843,0.6017699259305843,0.5,11.29482718818197,0.00028573736712189657,1.5328174263605399,7.368670915361364,4.494579011443714e-05,0.0,,,4.924774735729801e-05,True,False,4,125,VH,MFA_BA,,,,,
all6,VH_6_MFA_BA,VH_6_MFA_BA__cand_16,ok,3.7858489511157445,852.9673507918976,False,False,True,False,0.4037106682440106,0.5962893317559894,0.5962893317559894,1.0,12.485262299321448,8.583058028932555e-05,1.6943787851774519,7.368637053617188,4.4395393660242266e-05,0.0,,,4.924881081405108e-05,True,False,5,150,VH,MFA_BA,,,,,
all6,VH_6_MFA_BA,VH_6_MFA_BA__cand_16,ok,3.5181741793288057,798.3503751316109,False,False,True,False,0.3953488945499294,0.6046511054500706,0.6046511054500706,0.5,13.252140613719035,-4.300623787401037e-05,1.7984566146718317,7.368618461856631,4.402927712609149e-05,0.0,,,4.924926293978664e-05,True,False,6,175,VH,MFA_BA,,,,,
all6,VH_6_MFA_BA,VH_6_MFA_BA__cand_17,ok,1.6832131037173483,251.1165452149222,False,False,True,False,0.37490970573455307,0.6250902942654469,0.6250902942654469,0.5,4.838703123056533,-0.003916591404447445,0.6567413247438935,7.367745778664775,-4.970129331973765e-05,0.0047676289427158736,,,-4.601247530997384e-05,True,True,1,50,VH,MFA_BA,,,,,
all6,VH_6_MFA_BA,VH_6_MFA_BA__cand_17,ok,2.3433827499776836,372.0994046446275,False,False,True,False,0.3608418765840192,0.6391581234159808,0.6391581234159808,0.0,7.079680445613803,-0.004770364683480466,0.960878306190686,7.367926198355489,-5.018353621293958e-05,0.005604305765942286,,,-4.508868366368998e-05,True,True,2,75,VH,MFA_BA,,,,,
all6,VH_6_MFA_BA,VH_6_MFA_BA__cand_17,ok,3.0263334656632312,506.18732797702313,False,False,True,False,0.38978835127997963,0.6102116487200203,0.6102116487200203,1.0,9.49733914593945,-0.0056749871041716915,1.2889938171707518,7.368025369419864,-5.088650118192017e-05,0.006490870811475702,,,-4.411290817384202e-05,True,True,3,100,VH,MFA_BA,,,,,
all6,VH_6_MFA_BA,VH_6_MFA_BA__cand_17,ok,3.9485956283648567,718.5106800602225,False,False,True,False,0.39809765059144436,0.6019023494085556,0.6019023494085556,1.0,12.445432267489636,-0.006755391107134301,1.6890978851535332,7.368094162499285,-5.1970862838015174e-05,0.00754978252743399,,,-4.295159209760793e-05,True,True,4,125,VH,MFA_BA,,,,,
all6,VH_6_MFA_BA,VH_6_MFA_BA__cand_17,ok,4.080317955868928,773.2180700545139,False,False,True,False,0.40360583062415073,0.5963941693758493,0.5963941693758493,0.5,13.708248702553803,-0.007210679054239222,1.860482563979082,7.368114578421778,-5.2530919615095296e-05,0.007996036584117405,,,-4.2463632130576294e-05,True,True,5,150,VH,MFA_BA,,,,,
all6,VH_6_MFA_BA,VH_6_MFA_BA__cand_17,ok,3.7879968856100716,713.4579821105526,False,False,False,False,0.392891460421036,0.607108539578964,0.607108539578964,1.0,14.51943198092205,-0.007500786818809502,1.9705732959109423,7.368125819552484,-5.2922311420257555e-05,0.008280398112674447,,,-4.215287394594851e-05,True,True,6,175,VH,MFA_BA,,,,,
all6,VH_6_MFA_BA,VH_6_MFA_BA__cand_18,ok,2.653145621758854,549.8214464664368,False,False,True,False,0.3769933034040504,0.6230066965959496,0.6230066965959496,1.0,0.07325103039210035,0.027906820881085537,0.0034269159725899634,21.37520469658302,-0.0026072953612254297,0.0,,,-0.001171345929631616,True,False,1,50,VH,MFA_BA,,,,,
all6,VH_6_MFA_BA,VH_6_MFA_BA__cand_18,ok,2.9129409703539695,635.0867463152998,False,False,True,False,0.36288138063179476,0.6371186193682051,0.6371186193682051,0.5,0.10272982779595452,0.040540480944329715,0.005755353693853838,17.849437803563674,-0.0033493002622022087,0.0,,,-0.0011831390305929168,True,False,2,75,VH,MFA_BA,,,,,
all6,VH_6_MFA_BA,VH_6_MFA_BA__cand_18,ok,3.320526765317102,728.4058581764577,False,False,True,False,0.39140729437825517,0.6085927056217448,0.6085927056217448,0.5,0.13717195643906166,0.05529667649722114,0.008483169339391897,16.16989487668233,-0.004210628051387171,0.0,,,-0.0011969247921177414,True,False,3,100,VH,MFA_BA,,,,,
all6,VH_6_MFA_BA,VH_6_MFA_BA__cand_18,ok,3.84731142519898,859.4730593775034,False,False,True,False,0.3996363410582528,0.6003636589417471,0.6003636589417471,0.5,0.18331461174298624,0.07505878131067334,0.012149804446325123,15.087865204154154,-0.005355658794985353,0.0,,,-0.001215389256405614,True,False,4,125,VH,MFA_BA,,,,,
all6,VH_6_MFA_BA,VH_6_MFA_BA__cand_18,ok,4.283237378156248,997.9729211178026,False,False,True,False,0.4049188673984124,0.5950811326015877,0.5950811326015877,1.0,0.20460430475607438,0.08417431696817346,0.013846128268089501,14.777004863346239,-0.005880690646188141,0.0,,,-0.001223916064130342,True,False,5,150,VH,MFA_BA,,,,,
all6,VH_6_MFA_BA,VH_6_MFA_BA__cand_18,ok,4.954387283566749,1161.23471500197,False,False,True,False,0.3964579827088103,0.6035420172911897,0.6035420172911897,0.5,0.21879446959130178,0.09024941350004667,0.014978388288569594,14.60734395290511,-0.006229554375562672,0.0,,,-0.0012295927997390532,True,False,6,175,VH,MFA_BA,,,,,
all6,VH_6_MFA_BA,VH_6_MFA_BA__cand_19,ok,1.0902540552288023,126.33471027468862,False,False,True,False,0.3638786079500806,0.6361213920499195,0.6361213920499195,0.5,0.022434099487355752,-0.17239785719603162,0.0021328683268161297,10.518276822481855,-0.0006001529843866025,0.18103427691598029,,,-0.0004357958590706259,True,True,1,50,VH,MFA_BA,,,,,
all6,VH_6_MFA_BA,VH_6_MFA_BA__cand_19,ok,1.6450825241837863,204.22281674904247,False,False,True,False,0.35265297504426607,0.647347024955734,0.647347024955734,0.0,0.03451982882350535,-0.18669991463156066,0.0017553526259578658,19.665466820188605,-0.0003072768990504403,0.19109706201771814,,,-0.00022159360114906856,True,True,2,75,VH,MFA_BA,,,,,
all6,VH_6_MFA_BA,VH_6_MFA_BA__cand_19,ok,2.323718012695204,309.48306552342814,False,False,True,False,0.38476147334014377,0.6152385266598562,0.6152385266598562,1.0,0.045141908616940896,-0.19499424794750553,0.0012731457620698537,35.4569837655903,-0.0001347219996306724,0.1969060425313245,,,-9.62721311570852e-05,True,True,3,100,VH,MFA_BA,,,,,
all6,VH_6_MFA_BA,VH_6_MFA_BA__cand_19,ok,3.0315566883697116,439.5104079704138,False,False,True,False,0.39447549420424377,0.6055245057957562,0.6055245057957562,1.0,0.05751227229264089,-0.1993501550178962,0.0010313765574912952,55.76263283754759,-4.333036856123258e-05,0.19994877892833074,,,-3.0141196298395587e-05,True,True,4,125,VH,MFA_BA,,,,,
all6,VH_6_MFA_BA,VH_6_MFA_BA__cand_19,ok,3.6220864647748954,590.7339937550764,False,False,False,False,0.11511887063368653,0.8848811293663135,0.8848811293663135,0.5,0.06297122942881117,-0.20018381786256612,0.001113981708088799,56.52806412490171,-2.5756018835866717e-05,0.20053059339619494,,,-1.7456993223456063e-05,True,True,5,150,VH,MFA_BA,,,,,
all6,VH_6_MFA_BA,VH_6_MFA_BA__cand_19,ok,4.410192440272538,752.1275262372296,False,False,False,False,0.3355216030760893,0.6644783969239108,0.6644783969239108,1.0,0.06657915653629232,-0.20053570316648006,0.0012358753912278418,53.872062676275114,-1.8354323068687787e-05,0.20077603395318988,,,-1.2103379186014857e-05,True,True,6,175,VH,MFA_BA,,,,,
all6,VH_6_MFA_BA,VH_6_MFA_BA__cand_20,ok,2.190113153838962,345.3861880564467,False,False,True,False,0.37517548051157673,0.6248245194884233,0.6248245194884233,0.5,6.148745985447519,0.0001426664974673031,0.8236531106670255,7.465213092521476,-0.06342469116825207,0.000312808856122615,,,-2.331490299270387e-06,True,True,1,50,VH,MFA_BA,,,,,
all6,VH_6_MFA_BA,VH_6_MFA_BA__cand_20,ok,2.9983418564213644,498.07181016015124,False,False,True,False,0.36107099356620953,0.6389290064337905,0.6389290064337905,0.0,8.859914152106583,0.00031983566304916167,1.1877791998901768,7.459226557365022,-0.09570981476140149,0.0003441700188773211,,,-2.082855567914247e-06,True,True,2,75,VH,MFA_BA,,,,,
all6,VH_6_MFA_BA,VH_6_MFA_BA__cand_20,ok,3.813924889246485,680.121232940211,False,False,True,False,0.3899532816043943,0.6100467183956056,0.6100467183956056,1.0,11.715261341221222,0.0005365198157392115,1.5717727877797032,7.45353363559009,-0.1329340148663513,0.0003724085301826108,,,-1.8728784968824512e-06,True,True,3,100,VH,MFA_BA,,,,,
all6,VH_6_MFA_BA,VH_6_MFA_BA__cand_20,ok,4.876837775241748,955.7539316855136,False,False,True,False,0.3982404695809997,0.6017595304190004,0.6017595304190004,1.0,15.117908871829059,0.0008384802322041196,2.0299420205730434,7.447458458720581,-0.1820009813218294,0.0004004966629906903,,,-1.6413771748348163e-06,True,True,4,125,VH,MFA_BA,,,,,
all6,VH_6_MFA_BA,VH_6_MFA_BA__cand_20,ok,5.0273603022473345,1004.7518907033444,False,False,True,False,0.40372352871975775,0.5962764712802422,0.5962764712802422,0.5,16.552885890753558,0.0009808965434388028,2.223325901746629,7.445100998351042,-0.20434174334421276,0.0004107430341662166,,,-1.583158885308859e-06,True,True,5,150,VH,MFA_BA,,,,,
all6,VH_6_MFA_BA,VH_6_MFA_BA__cand_20,ok,4.730720554365479,922.2279062495934,False,False,False,False,0.39524355503672687,0.6047564449632732,0.6047564449632732,1.0,17.468304198106097,0.0010767715990596116,2.346737512968676,7.443654904552276,-0.21913141748741327,0.0004168292498007986,,,-1.4406740919986025e-06,True,True,6,175,VH,MFA_BA,,,,,
all6,VH_6_MFA_BA,VH_6_MFA_BA__cand_21,ok,3.0935133715586596,537.8047320607336,False,False,True,False,0.3750645583454317,0.6249354416545684,0.6249354416545684,0.5,7.352444301398137,-0.0015514810227159614,0.9977951781034904,7.368690952558951,2.4612329994257954e-05,0.0014264874916847248,,,3.391436749984081e-05,True,True,1,50,VH,MFA_BA,,,,,
all6,VH_6_MFA_BA,VH_6_MFA_BA__cand_21,ok,4.2177575058202486,805.1165928402014,False,False,True,False,0.3609283354370908,0.6390716645629092,0.6390716645629092,0.0,10.471596907115341,-0.0028495429283310614,1.4211147934453299,7.36857919952276,1.9953860381117185e-05,0.0027243825754226236,,,3.39596639292753e-05,True,True,2,75,VH,MFA_BA,,,,,
all6,VH_6_MFA_BA,VH_6_MFA_BA__cand_21,ok,5.327998805915573,1110.4296958170412,False,False,True,False,0.3898276994609112,0.6101723005390889,0.6101723005390889,1.0,13.693460127978469,-0.004193079522835319,1.858373905692643,7.368517221444043,1.4587612778372918e-05,0.004067746535213246,,,3.400651382631519e-05,True,True,3,100,VH,MFA_BA,,,,,
all6,VH_6_MFA_BA,VH_6_MFA_BA__cand_21,ok,6.694719352482488,1556.3009981368523,False,False,True,False,0.3981162293788168,0.6018837706211831,0.6018837706211831,1.0,17.461281301154173,-0.005767532830120103,2.3697283699731195,7.368473755222942,7.510248007434882e-06,0.00564199753469552,,,3.406140305875281e-05,True,True,4,125,VH,MFA_BA,,,,,
all6,VH_6_MFA_BA,VH_6_MFA_BA__cand_21,ok,6.982963380657416,1681.2956420764178,False,False,True,False,0.4036171342086027,0.5963828657913972,0.5963828657913972,0.5,19.029887580857107,-0.0064239699228352265,2.582613692008833,7.368460734077151,4.2759152075906155e-06,0.00629835023464409,,,3.408426733747824e-05,True,True,5,150,VH,MFA_BA,,,,,
all6,VH_6_MFA_BA,VH_6_MFA_BA__cand_21,ok,6.773680199375974,1617.5398416578028,False,False,False,False,0.3933468424968528,0.6066531575031472,0.6066531575031472,1.0,20.02482479733284,-0.006840615742021328,2.717642814660863,7.368453532342423,2.1301142424971143e-06,0.006714942606734553,,,3.409881101591657e-05,True,True,6,175,VH,MFA_BA,,,,,
all6,VH_6_MFA_BA,VH_6_MFA_BA__cand_22,ok,3.104871586511404,543.5219589525685,False,False,True,False,0.37017773248843266,0.6298222675115673,0.6298222675115673,0.5,7.347902677576457,-0.07618943838441794,0.9978829399794756,7.363491631320591,-0.0003040077054244171,0.0788806701994531,,,-0.0001079325199740853,True,True,1,50,VH,MFA_BA,,,,,
all6,VH_6_MFA_BA,VH_6_MFA_BA__cand_22,ok,4.23733831803507,814.7130764030956,False,False,True,False,0.3576967780996167,0.6423032219003834,0.6423032219003834,0.0,10.4756003654893,-0.07464375967205683,1.422108286289849,7.366246625859404,-0.00027719794097233284,0.07698653819690549,,,-9.105267708468379e-05,True,True,2,75,VH,MFA_BA,,,,,
all6,VH_6_MFA_BA,VH_6_MFA_BA__cand_22,ok,5.356432453100534,1122.6096312570314,False,False,True,False,0.3880357394499199,0.61196426055008,0.61196426055008,1.0,13.70522789714461,-0.07168080228078111,1.860266551302856,7.367346301822187,-0.00030613586001463706,0.07434067943630396,,,-0.00010559419780296871,True,True,3,100,VH,MFA_BA,,,,,
all6,VH_6_MFA_BA,VH_6_MFA_BA__cand_22,ok,6.729384205873456,1571.1447156848192,False,False,True,False,0.396958898740042,0.603041101259958,0.603041101259958,1.0,17.480910134562563,-0.06730430742361193,2.3726237235451126,7.367754929316412,-0.00038260664066767263,0.0708265867457385,,,-0.0001455156349473621,True,True,4,125,VH,MFA_BA,,,,,
all6,VH_6_MFA_BA,VH_6_MFA_BA__cand_22,ok,7.020315924478296,1697.7545493746952,False,False,True,False,0.40277077297831637,0.5972292270216836,0.5972292270216836,0.5,19.052438801971476,-0.06532918810054866,2.585910705601578,7.367786815182845,-0.0004230140812570088,0.06930443648519713,,,-0.00016643287010318172,True,True,5,150,VH,MFA_BA,,,,,
all6,VH_6_MFA_BA,VH_6_MFA_BA__cand_22,ok,6.813930906943947,1634.4216177258759,False,False,False,False,0.3750393877563453,0.6249606122436546,0.6249606122436546,1.0,20.049130727125075,-0.06404953839503946,2.7211897751520384,7.367781148598829,-0.0004505194602067063,0.06833153553756688,,,-0.00018056962848313676,True,True,6,175,VH,MFA_BA,,,,,
all6,VH_6_MFA_BA,VH_6_MFA_BA__cand_23,ok,2.569819093549566,438.5851423757806,False,False,True,False,0.42611134746644985,0.5738886525335501,0.5738886525335501,0.5,7.290919994799907,0.778101443259331,0.6831081813127751,10.67315572299025,-0.4238326904817897,0.0,,,-0.01205027992102138,False,False,1,50,VH,MFA_BA,,,,,
all6,VH_6_MFA_BA,VH_6_MFA_BA__cand_23,ok,3.5219913469472366,630.7077835893106,False,False,True,False,0.4138470367470641,0.586152963252936,0.586152963252936,1.0,10.389993479555784,1.1728240765948215,0.9910062839342413,10.484286172543802,-0.6161995932542997,0.0,,,-0.018271443121836293,False,False,2,75,VH,MFA_BA,,,,,
all6,VH_6_MFA_BA,VH_6_MFA_BA__cand_23,ok,4.432577810625179,848.5874818391611,True,False,True,False,0.42857142857142855,0.5714285714285714,0.5714285714285714,0.0,13.594027976865021,1.6265908174394923,1.3194967833200584,10.302433585825302,-0.8216411793693331,0.0,,,-0.025517919089487705,False,False,3,100,VH,MFA_BA,,,,,
all6,VH_6_MFA_BA,VH_6_MFA_BA__cand_23,failed:ODESolverWarningError,,inf,False,False,False,False,0.0,,1.0,1.0,,,,,,,,,,False,False,4,125,VH,MFA_BA,False,False,False,False,False
all6,VH_6_MFA_BA,VH_6_MFA_BA__cand_23,failed:ODESolverWarningError,,inf,False,False,False,False,0.0,,1.0,1.0,,,,,,,,,,False,False,5,150,VH,MFA_BA,False,False,False,False,False
all6,VH_6_MFA_BA,VH_6_MFA_BA__cand_23,failed:ODESolverWarningError,,inf,False,False,False,False,0.0,,1.0,1.0,,,,,,,,,,False,False,6,175,VH,MFA_BA,False,False,False,False,False
all6,VH_6_MFA_BA,VH_6_MFA_BA__cand_24,failed:ODESolverWarningError,,inf,False,False,False,False,0.0,,1.0,1.0,,,,,,,,,,False,False,1,50,VH,MFA_BA,False,False,False,False,False
all6,VH_6_MFA_BA,VH_6_MFA_BA__cand_24,failed:ODESolverWarningError,,inf,False,False,False,False,0.0,,1.0,1.0,,,,,,,,,,False,False,2,75,VH,MFA_BA,False,False,False,False,False
all6,VH_6_MFA_BA,VH_6_MFA_BA__cand_24,failed:ODESolverWarningError,,inf,False,False,False,False,0.0,,1.0,1.0,,,,,,,,,,False,False,3,100,VH,MFA_BA,False,False,False,False,False
all6,VH_6_MFA_BA,VH_6_MFA_BA__cand_24,failed:ODESolverWarningError,,inf,False,False,False,False,0.0,,1.0,1.0,,,,,,,,,,False,False,4,125,VH,MFA_BA,False,False,False,False,False
all6,VH_6_MFA_BA,VH_6_MFA_BA__cand_24,failed:ODESolverWarningError,,inf,False,False,False,False,0.0,,1.0,1.0,,,,,,,,,,False,False,5,150,VH,MFA_BA,False,False,False,False,False
all6,VH_6_MFA_BA,VH_6_MFA_BA__cand_24,failed:ODESolverWarningError,,inf,False,False,False,False,0.0,,1.0,1.0,,,,,,,,,,False,False,6,175,VH,MFA_BA,False,False,False,False,False
